{"type":"FeatureCollection","metadata":{"title":"Calgary-area mapped childcare, preschools, gyms and sports centres","capturedAt":"2026-09-14T09:45:17.404838+00:00","normalizedAt":"2026-09-14T09:50:37.327231+00:00","sourceSnapshotAt":"2026-09-14T09:44:21Z","sourceId":"osm-overpass","publisher":"OpenStreetMap contributors","license":"ODbL 1.0","licenseUrl":"https://opendatacommons.org/licenses/odbl/1-0/","attribution":"© OpenStreetMap contributors","copyrightUrl":"https://www.openstreetmap.org/copyright","bboxWestSouthEastNorth":[-114.3558105,50.8128288,-113.81991939999999,51.2424321],"categoryPointCounts":{"gyms":132,"preschool":25,"childcare":101,"sports":126},"scoreIntegration":"Supplemental distance categories only; no weight or change to nearby-essentials-v1."},"features":[{"type":"Feature","id":"osm-node-574044281","properties":{"name":"Evolve Strength - Royal Oak","category":"gyms","subcategory":"fitness_centre","sourceId":"osm-overpass","osmType":"node","osmId":574044281,"sourceUrl":"https://www.openstreetmap.org/node/574044281","coordinateMethod":"OSM node","address":"8888 Country Hills Boulevard NW","licenceStatus":null,"scoreEligible":false,"scoreWeight":0,"sourceTags":{"name":"Evolve Strength - Royal Oak","leisure":"fitness_centre","sport":"fitness;weightlifting;crossfit"}},"geometry":{"type":"Point","coordinates":[-114.215943,51.153689]}},{"type":"Feature","id":"osm-node-650421045","properties":{"name":"Kaleidoscope Kids","category":"preschool","subcategory":"kindergarten","sourceId":"osm-overpass","osmType":"node","osmId":650421045,"sourceUrl":"https://www.openstreetmap.org/node/650421045","coordinateMethod":"OSM node","address":"11300 Tuscany Boulevard NW","licenceStatus":"not-verified","scoreEligible":false,"scoreWeight":0,"sourceTags":{"name":"Kaleidoscope Kids","amenity":"kindergarten"}},"geometry":{"type":"Point","coordinates":[-114.2486868,51.1239261]}},{"type":"Feature","id":"osm-node-673606459","properties":{"name":"GoodLife Fitness","category":"gyms","subcategory":"fitness_centre","sourceId":"osm-overpass","osmType":"node","osmId":673606459,"sourceUrl":"https://www.openstreetmap.org/node/673606459","coordinateMethod":"OSM node","address":"18 McKenzie Towne Gate SE","licenceStatus":null,"scoreEligible":false,"scoreWeight":0,"sourceTags":{"name":"GoodLife Fitness","brand":"GoodLife Fitness","leisure":"fitness_centre","opening_hours":"Mo-Fr 05:00-22:00; Sa-Su 07:00-18:00"}},"geometry":{"type":"Point","coordinates":[-113.962238,50.9160254]}},{"type":"Feature","id":"osm-node-1148546565","properties":{"name":"PEL Centre","category":"childcare","subcategory":"childcare","sourceId":"osm-overpass","osmType":"node","osmId":1148546565,"sourceUrl":"https://www.openstreetmap.org/node/1148546565","coordinateMethod":"OSM node","address":"14315 Macleod Trail S","licenceStatus":"not-verified","scoreEligible":false,"scoreWeight":0,"sourceTags":{"name":"PEL Centre","amenity":"childcare"}},"geometry":{"type":"Point","coordinates":[-114.0725912,50.9249205]}},{"type":"Feature","id":"osm-node-1364135116","properties":{"name":"BrightPath Rundle","category":"childcare","subcategory":"childcare","sourceId":"osm-overpass","osmType":"node","osmId":1364135116,"sourceUrl":"https://www.openstreetmap.org/node/1364135116","coordinateMethod":"OSM node","address":"3803 Rundlehorn Drive NE","licenceStatus":"not-verified","scoreEligible":false,"scoreWeight":0,"sourceTags":{"name":"BrightPath Rundle","amenity":"childcare"}},"geometry":{"type":"Point","coordinates":[-113.9796972,51.0711858]}},{"type":"Feature","id":"osm-node-1700573360","properties":{"name":"First Friends Preschool","category":"preschool","subcategory":"kindergarten","sourceId":"osm-overpass","osmType":"node","osmId":1700573360,"sourceUrl":"https://www.openstreetmap.org/node/1700573360","coordinateMethod":"OSM node","address":"2525 Bridlecrest Way SW","licenceStatus":"not-verified","scoreEligible":false,"scoreWeight":0,"sourceTags":{"name":"First Friends Preschool","amenity":"kindergarten"}},"geometry":{"type":"Point","coordinates":[-114.1184024,50.9012138]}},{"type":"Feature","id":"osm-node-1717123424","properties":{"name":"Calgary Climbing Centre","category":"sports","subcategory":"sports_centre","sourceId":"osm-overpass","osmType":"node","osmId":1717123424,"sourceUrl":"https://www.openstreetmap.org/node/1717123424","coordinateMethod":"OSM node","address":"7130 Fisher Road SE","licenceStatus":null,"scoreEligible":false,"scoreWeight":0,"sourceTags":{"name":"Calgary Climbing Centre","leisure":"sports_centre","sport":"climbing","opening_hours":"Mo-Fr 06:00-23:00; Sa-Su 08:00-22:00"}},"geometry":{"type":"Point","coordinates":[-114.0677229,50.9904563]}},{"type":"Feature","id":"osm-node-1748861475","properties":{"name":"Spruce Meadows","category":"sports","subcategory":"sports_centre","sourceId":"osm-overpass","osmType":"node","osmId":1748861475,"sourceUrl":"https://www.openstreetmap.org/node/1748861475","coordinateMethod":"OSM node","address":null,"licenceStatus":null,"scoreEligible":false,"scoreWeight":0,"sourceTags":{"name":"Spruce Meadows","leisure":"sports_centre","sport":"equestrian"}},"geometry":{"type":"Point","coordinates":[-114.1005606,50.8861691]}},{"type":"Feature","id":"osm-node-1757658858","properties":{"name":"Diversity Dance","category":"sports","subcategory":"sports_centre","sourceId":"osm-overpass","osmType":"node","osmId":1757658858,"sourceUrl":"https://www.openstreetmap.org/node/1757658858","coordinateMethod":"OSM node","address":"Suite 229, 2250 162 Avenue SW","licenceStatus":null,"scoreEligible":false,"scoreWeight":0,"sourceTags":{"name":"Diversity Dance","leisure":"sports_centre"}},"geometry":{"type":"Point","coordinates":[-114.110185,50.9076255]}},{"type":"Feature","id":"osm-node-2538519270","properties":{"name":"YYC Cycle Spin Studio - Marda Loop","category":"gyms","subcategory":"fitness_centre","sourceId":"osm-overpass","osmType":"node","osmId":2538519270,"sourceUrl":"https://www.openstreetmap.org/node/2538519270","coordinateMethod":"OSM node","address":"3505 14 Street SW","licenceStatus":null,"scoreEligible":false,"scoreWeight":0,"sourceTags":{"name":"YYC Cycle Spin Studio - Marda Loop","leisure":"fitness_centre","sport":"spinning"}},"geometry":{"type":"Point","coordinates":[-114.0950029,51.0228266]}},{"type":"Feature","id":"osm-node-2638915698","properties":{"name":"Altadore Gymnastic Club","category":"sports","subcategory":"sports_centre","sourceId":"osm-overpass","osmType":"node","osmId":2638915698,"sourceUrl":"https://www.openstreetmap.org/node/2638915698","coordinateMethod":"OSM node","address":"6303 30 Street SE","licenceStatus":null,"scoreEligible":false,"scoreWeight":0,"sourceTags":{"name":"Altadore Gymnastic Club","leisure":"sports_centre"}},"geometry":{"type":"Point","coordinates":[-113.9872781,50.9982551]}},{"type":"Feature","id":"osm-node-2925227652","properties":{"name":"Bikram Hot Yoga","category":"gyms","subcategory":"fitness_centre","sourceId":"osm-overpass","osmType":"node","osmId":2925227652,"sourceUrl":"https://www.openstreetmap.org/node/2925227652","coordinateMethod":"OSM node","address":"2031 33 Avenue SW","licenceStatus":null,"scoreEligible":false,"scoreWeight":0,"sourceTags":{"name":"Bikram Hot Yoga","leisure":"fitness_centre","sport":"yoga"}},"geometry":{"type":"Point","coordinates":[-114.1088224,51.0237245]}},{"type":"Feature","id":"osm-node-2975183118","properties":{"name":"Sirocco Golf Club","category":"sports","subcategory":"sports_centre","sourceId":"osm-overpass","osmType":"node","osmId":2975183118,"sourceUrl":"https://www.openstreetmap.org/node/2975183118","coordinateMethod":"OSM node","address":null,"licenceStatus":null,"scoreEligible":false,"scoreWeight":0,"sourceTags":{"name":"Sirocco Golf Club","leisure":"sports_centre"}},"geometry":{"type":"Point","coordinates":[-114.0876128,50.8458811]}},{"type":"Feature","id":"osm-node-3835030368","properties":{"name":"Fitness Centre","category":"sports","subcategory":"sports_centre","sourceId":"osm-overpass","osmType":"node","osmId":3835030368,"sourceUrl":"https://www.openstreetmap.org/node/3835030368","coordinateMethod":"OSM node","address":null,"licenceStatus":null,"scoreEligible":false,"scoreWeight":0,"sourceTags":{"name":"Fitness Centre","leisure":"sports_centre"}},"geometry":{"type":"Point","coordinates":[-114.13364,51.0780185]}},{"type":"Feature","id":"osm-node-3835030369","properties":{"name":"Outdoor Centre","category":"sports","subcategory":"sports_centre","sourceId":"osm-overpass","osmType":"node","osmId":3835030369,"sourceUrl":"https://www.openstreetmap.org/node/3835030369","coordinateMethod":"OSM node","address":null,"licenceStatus":null,"scoreEligible":false,"scoreWeight":0,"sourceTags":{"name":"Outdoor Centre","leisure":"sports_centre","access":"customers"}},"geometry":{"type":"Point","coordinates":[-114.1339909,51.0773486]}},{"type":"Feature","id":"osm-node-3836767672","properties":{"name":"Racquet Centre","category":"sports","subcategory":"sports_centre","sourceId":"osm-overpass","osmType":"node","osmId":3836767672,"sourceUrl":"https://www.openstreetmap.org/node/3836767672","coordinateMethod":"OSM node","address":null,"licenceStatus":null,"scoreEligible":false,"scoreWeight":0,"sourceTags":{"name":"Racquet Centre","leisure":"sports_centre","sport":"squash"}},"geometry":{"type":"Point","coordinates":[-114.1332424,51.0774175]}},{"type":"Feature","id":"osm-node-3836767673","properties":{"name":"Aquatic Centre","category":"sports","subcategory":"sports_centre","sourceId":"osm-overpass","osmType":"node","osmId":3836767673,"sourceUrl":"https://www.openstreetmap.org/node/3836767673","coordinateMethod":"OSM node","address":null,"licenceStatus":null,"scoreEligible":false,"scoreWeight":0,"sourceTags":{"name":"Aquatic Centre","leisure":"sports_centre","sport":"swimming"}},"geometry":{"type":"Point","coordinates":[-114.1335224,51.0770113]}},{"type":"Feature","id":"osm-node-4139844864","properties":{"name":"Orangetheory Fitness","category":"gyms","subcategory":"fitness_centre","sourceId":"osm-overpass","osmType":"node","osmId":4139844864,"sourceUrl":"https://www.openstreetmap.org/node/4139844864","coordinateMethod":"OSM node","address":null,"licenceStatus":null,"scoreEligible":false,"scoreWeight":0,"sourceTags":{"name":"Orangetheory Fitness","brand":"Orangetheory Fitness","leisure":"fitness_centre"}},"geometry":{"type":"Point","coordinates":[-113.9583962,50.8817072]}},{"type":"Feature","id":"osm-node-4191857095","properties":{"name":"Little Steps Childcare Centre","category":"preschool","subcategory":"kindergarten","sourceId":"osm-overpass","osmType":"node","osmId":4191857095,"sourceUrl":"https://www.openstreetmap.org/node/4191857095","coordinateMethod":"OSM node","address":"1600 90 Avenue SW","licenceStatus":"not-verified","scoreEligible":false,"scoreWeight":0,"sourceTags":{"name":"Little Steps Childcare Centre","amenity":"kindergarten"}},"geometry":{"type":"Point","coordinates":[-114.099053,50.9739121]}},{"type":"Feature","id":"osm-node-4272317153","properties":{"name":"Vitality Fitness Calgary","category":"gyms","subcategory":"sports_centre_with_fitness_tag","sourceId":"osm-overpass","osmType":"node","osmId":4272317153,"sourceUrl":"https://www.openstreetmap.org/node/4272317153","coordinateMethod":"OSM node","address":"7730 Macleod Trail SE","licenceStatus":null,"scoreEligible":false,"scoreWeight":0,"sourceTags":{"name":"Vitality Fitness Calgary","leisure":"sports_centre","sport":"fitness"}},"geometry":{"type":"Point","coordinates":[-114.0705015,50.9850865]}},{"type":"Feature","id":"osm-node-4321466989","properties":{"name":"Jump & Leap Childcare","category":"childcare","subcategory":"childcare","sourceId":"osm-overpass","osmType":"node","osmId":4321466989,"sourceUrl":"https://www.openstreetmap.org/node/4321466989","coordinateMethod":"OSM node","address":null,"licenceStatus":"not-verified","scoreEligible":false,"scoreWeight":0,"sourceTags":{"name":"Jump & Leap Childcare","amenity":"childcare"}},"geometry":{"type":"Point","coordinates":[-113.9645962,51.0369346]}},{"type":"Feature","id":"osm-node-4321468314","properties":{"name":"Smart Kids Learning and Child Care","category":"childcare","subcategory":"childcare","sourceId":"osm-overpass","osmType":"node","osmId":4321468314,"sourceUrl":"https://www.openstreetmap.org/node/4321468314","coordinateMethod":"OSM node","address":null,"licenceStatus":"not-verified","scoreEligible":false,"scoreWeight":0,"sourceTags":{"name":"Smart Kids Learning and Child Care","amenity":"childcare"}},"geometry":{"type":"Point","coordinates":[-113.9558236,51.0374053]}},{"type":"Feature","id":"osm-node-4405737328","properties":{"name":"Crossroads Community Preschool","category":"preschool","subcategory":"kindergarten","sourceId":"osm-overpass","osmType":"node","osmId":4405737328,"sourceUrl":"https://www.openstreetmap.org/node/4405737328","coordinateMethod":"OSM node","address":"1803 14 Avenue NE","licenceStatus":"not-verified","scoreEligible":false,"scoreWeight":0,"sourceTags":{"name":"Crossroads Community Preschool","amenity":"kindergarten"}},"geometry":{"type":"Point","coordinates":[-114.0188759,51.0652409]}},{"type":"Feature","id":"osm-node-4461874386","properties":{"name":"Rose Kohn Arena","category":"sports","subcategory":"sports_centre","sourceId":"osm-overpass","osmType":"node","osmId":4461874386,"sourceUrl":"https://www.openstreetmap.org/node/4461874386","coordinateMethod":"OSM node","address":"502 Heritage Drive SW","licenceStatus":null,"scoreEligible":false,"scoreWeight":0,"sourceTags":{"name":"Rose Kohn Arena","leisure":"sports_centre","operator":"City of Calgary"}},"geometry":{"type":"Point","coordinates":[-114.0749331,50.9805285]}},{"type":"Feature","id":"osm-node-4461874387","properties":{"name":"Jimmy Condon Arena","category":"sports","subcategory":"sports_centre","sourceId":"osm-overpass","osmType":"node","osmId":4461874387,"sourceUrl":"https://www.openstreetmap.org/node/4461874387","coordinateMethod":"OSM node","address":"502 Heritage Drive SW","licenceStatus":null,"scoreEligible":false,"scoreWeight":0,"sourceTags":{"name":"Jimmy Condon Arena","leisure":"sports_centre","operator":"City of Calgary"}},"geometry":{"type":"Point","coordinates":[-114.0744784,50.9802471]}},{"type":"Feature","id":"osm-node-4464184115","properties":{"name":"Thornhill Aquatic & Recreation Centre","category":"sports","subcategory":"sports_centre","sourceId":"osm-overpass","osmType":"node","osmId":4464184115,"sourceUrl":"https://www.openstreetmap.org/node/4464184115","coordinateMethod":"OSM node","address":"6715 Centre Street N","licenceStatus":null,"scoreEligible":false,"scoreWeight":0,"sourceTags":{"name":"Thornhill Aquatic & Recreation Centre","leisure":"sports_centre","sport":"swimming","operator":"City of Calgary"}},"geometry":{"type":"Point","coordinates":[-114.0651815,51.1125043]}},{"type":"Feature","id":"osm-node-4536020446","properties":{"name":"Calgary Central Sportsplex","category":"sports","subcategory":"sports_centre","sourceId":"osm-overpass","osmType":"node","osmId":4536020446,"sourceUrl":"https://www.openstreetmap.org/node/4536020446","coordinateMethod":"OSM node","address":"401 33 Street NE","licenceStatus":null,"scoreEligible":false,"scoreWeight":0,"sourceTags":{"name":"Calgary Central Sportsplex","leisure":"sports_centre","opening_hours":"Mo-Fr 09:00-23:00; Sa-Su 08:00-23:00"}},"geometry":{"type":"Point","coordinates":[-113.9884948,51.0548813]}},{"type":"Feature","id":"osm-node-4575690430","properties":{"name":"Silver Springs Preschool","category":"preschool","subcategory":"kindergarten","sourceId":"osm-overpass","osmType":"node","osmId":4575690430,"sourceUrl":"https://www.openstreetmap.org/node/4575690430","coordinateMethod":"OSM node","address":"5720 Silver Ridge Drive NW","licenceStatus":"not-verified","scoreEligible":false,"scoreWeight":0,"sourceTags":{"name":"Silver Springs Preschool","amenity":"kindergarten"}},"geometry":{"type":"Point","coordinates":[-114.1926758,51.1046038]}},{"type":"Feature","id":"osm-node-4633489592","properties":{"name":"Treehouse Indoor Playground","category":"preschool","subcategory":"kindergarten","sourceId":"osm-overpass","osmType":"node","osmId":4633489592,"sourceUrl":"https://www.openstreetmap.org/node/4633489592","coordinateMethod":"OSM node","address":null,"licenceStatus":"not-verified","scoreEligible":false,"scoreWeight":0,"sourceTags":{"name":"Treehouse Indoor Playground","amenity":"kindergarten","opening_hours":"Mo-Su 09:00-21:00"}},"geometry":{"type":"Point","coordinates":[-113.9874522,51.0831191]}},{"type":"Feature","id":"osm-node-4733120028","properties":{"name":"Club Pilates","category":"gyms","subcategory":"fitness_centre","sourceId":"osm-overpass","osmType":"node","osmId":4733120028,"sourceUrl":"https://www.openstreetmap.org/node/4733120028","coordinateMethod":"OSM node","address":"1812 4 Street SW","licenceStatus":null,"scoreEligible":false,"scoreWeight":0,"sourceTags":{"name":"Club Pilates","brand":"Club Pilates","leisure":"fitness_centre","sport":"pilates"}},"geometry":{"type":"Point","coordinates":[-114.0713472,51.0365643]}},{"type":"Feature","id":"osm-node-4733120046","properties":{"name":"Yoga Santosha","category":"sports","subcategory":"sports_centre","sourceId":"osm-overpass","osmType":"node","osmId":4733120046,"sourceUrl":"https://www.openstreetmap.org/node/4733120046","coordinateMethod":"OSM node","address":null,"licenceStatus":null,"scoreEligible":false,"scoreWeight":0,"sourceTags":{"name":"Yoga Santosha","leisure":"sports_centre","sport":"yoga"}},"geometry":{"type":"Point","coordinates":[-114.0710844,51.0368666]}},{"type":"Feature","id":"osm-node-4740609416","properties":{"name":"Cantabile Preschool","category":"preschool","subcategory":"kindergarten","sourceId":"osm-overpass","osmType":"node","osmId":4740609416,"sourceUrl":"https://www.openstreetmap.org/node/4740609416","coordinateMethod":"OSM node","address":"3616 52 Avenue NW","licenceStatus":"not-verified","scoreEligible":false,"scoreWeight":0,"sourceTags":{"name":"Cantabile Preschool","amenity":"kindergarten"}},"geometry":{"type":"Point","coordinates":[-114.1402994,51.1013286]}},{"type":"Feature","id":"osm-node-4746050212","properties":{"name":"Barre West Studio","category":"gyms","subcategory":"fitness_centre","sourceId":"osm-overpass","osmType":"node","osmId":4746050212,"sourceUrl":"https://www.openstreetmap.org/node/4746050212","coordinateMethod":"OSM node","address":"7337 Macleod Trail SW","licenceStatus":null,"scoreEligible":false,"scoreWeight":0,"sourceTags":{"name":"Barre West Studio","leisure":"fitness_centre","sport":"fitness;exercise"}},"geometry":{"type":"Point","coordinates":[-114.0727288,50.9880373]}},{"type":"Feature","id":"osm-node-4747909959","properties":{"name":"Orangetheory Fitness","category":"gyms","subcategory":"fitness_centre","sourceId":"osm-overpass","osmType":"node","osmId":4747909959,"sourceUrl":"https://www.openstreetmap.org/node/4747909959","coordinateMethod":"OSM node","address":null,"licenceStatus":null,"scoreEligible":false,"scoreWeight":0,"sourceTags":{"name":"Orangetheory Fitness","brand":"Orangetheory Fitness","leisure":"fitness_centre"}},"geometry":{"type":"Point","coordinates":[-114.064463,50.9060333]}},{"type":"Feature","id":"osm-node-4752239954","properties":{"name":"GYMVMT","category":"gyms","subcategory":"fitness_centre","sourceId":"osm-overpass","osmType":"node","osmId":4752239954,"sourceUrl":"https://www.openstreetmap.org/node/4752239954","coordinateMethod":"OSM node","address":"4344 Macleod Trail SW","licenceStatus":null,"scoreEligible":false,"scoreWeight":0,"sourceTags":{"name":"GYMVMT","leisure":"fitness_centre"}},"geometry":{"type":"Point","coordinates":[-114.0645493,51.0145257]}},{"type":"Feature","id":"osm-node-4758456993","properties":{"name":"My Yoga Calgary","category":"sports","subcategory":"sports_centre","sourceId":"osm-overpass","osmType":"node","osmId":4758456993,"sourceUrl":"https://www.openstreetmap.org/node/4758456993","coordinateMethod":"OSM node","address":null,"licenceStatus":null,"scoreEligible":false,"scoreWeight":0,"sourceTags":{"name":"My Yoga Calgary","leisure":"sports_centre","sport":"yoga"}},"geometry":{"type":"Point","coordinates":[-114.0692153,50.9716373]}},{"type":"Feature","id":"osm-node-4764803351","properties":{"name":"Fortified Fitness","category":"sports","subcategory":"sports_centre","sourceId":"osm-overpass","osmType":"node","osmId":4764803351,"sourceUrl":"https://www.openstreetmap.org/node/4764803351","coordinateMethod":"OSM node","address":null,"licenceStatus":null,"scoreEligible":false,"scoreWeight":0,"sourceTags":{"name":"Fortified Fitness","leisure":"sports_centre"}},"geometry":{"type":"Point","coordinates":[-114.0274884,50.9283569]}},{"type":"Feature","id":"osm-node-4764803352","properties":{"name":"Expanding Imaginations Child Care","category":"childcare","subcategory":"childcare","sourceId":"osm-overpass","osmType":"node","osmId":4764803352,"sourceUrl":"https://www.openstreetmap.org/node/4764803352","coordinateMethod":"OSM node","address":null,"licenceStatus":"not-verified","scoreEligible":false,"scoreWeight":0,"sourceTags":{"name":"Expanding Imaginations Child Care","amenity":"childcare"}},"geometry":{"type":"Point","coordinates":[-114.0268909,50.9282924]}},{"type":"Feature","id":"osm-node-4777408267","properties":{"name":"Anytime Fitness","category":"gyms","subcategory":"fitness_centre","sourceId":"osm-overpass","osmType":"node","osmId":4777408267,"sourceUrl":"https://www.openstreetmap.org/node/4777408267","coordinateMethod":"OSM node","address":null,"licenceStatus":null,"scoreEligible":false,"scoreWeight":0,"sourceTags":{"name":"Anytime Fitness","brand":"Anytime Fitness","leisure":"fitness_centre","opening_hours":"24/7"}},"geometry":{"type":"Point","coordinates":[-114.0249359,50.9305189]}},{"type":"Feature","id":"osm-node-4778184032","properties":{"name":"Bridlewood Out of School Care;Freedom Mobile","category":"childcare","subcategory":"childcare","sourceId":"osm-overpass","osmType":"node","osmId":4778184032,"sourceUrl":"https://www.openstreetmap.org/node/4778184032","coordinateMethod":"OSM node","address":"2335 162 Avenue SW","licenceStatus":"not-verified","scoreEligible":false,"scoreWeight":0,"sourceTags":{"name":"Bridlewood Out of School Care;Freedom Mobile","amenity":"childcare","opening_hours":"Mo-Fr 06:35-17:35; Mo-Sa 11:00-19:00; Su 12:00-18:00"}},"geometry":{"type":"Point","coordinates":[-114.1108541,50.9053047]}},{"type":"Feature","id":"osm-node-4778184034","properties":{"name":"Apple Tree Preschool","category":"preschool","subcategory":"kindergarten","sourceId":"osm-overpass","osmType":"node","osmId":4778184034,"sourceUrl":"https://www.openstreetmap.org/node/4778184034","coordinateMethod":"OSM node","address":"2335 162 Avenue SW","licenceStatus":"not-verified","scoreEligible":false,"scoreWeight":0,"sourceTags":{"name":"Apple Tree Preschool","amenity":"kindergarten"}},"geometry":{"type":"Point","coordinates":[-114.1107559,50.9052508]}},{"type":"Feature","id":"osm-node-4783233026","properties":{"name":"Calgary Lawn Bowling Club","category":"sports","subcategory":"sports_centre","sourceId":"osm-overpass","osmType":"node","osmId":4783233026,"sourceUrl":"https://www.openstreetmap.org/node/4783233026","coordinateMethod":"OSM node","address":null,"licenceStatus":null,"scoreEligible":false,"scoreWeight":0,"sourceTags":{"name":"Calgary Lawn Bowling Club","leisure":"sports_centre","sport":"bowls"}},"geometry":{"type":"Point","coordinates":[-114.1356117,51.0473009]}},{"type":"Feature","id":"osm-node-4792471860","properties":{"name":"Breathe Hot Yoga","category":"sports","subcategory":"sports_centre","sourceId":"osm-overpass","osmType":"node","osmId":4792471860,"sourceUrl":"https://www.openstreetmap.org/node/4792471860","coordinateMethod":"OSM node","address":null,"licenceStatus":null,"scoreEligible":false,"scoreWeight":0,"sourceTags":{"name":"Breathe Hot Yoga","leisure":"sports_centre"}},"geometry":{"type":"Point","coordinates":[-114.0693025,50.942289]}},{"type":"Feature","id":"osm-node-4792471872","properties":{"name":"Wee Wonder","category":"childcare","subcategory":"childcare","sourceId":"osm-overpass","osmType":"node","osmId":4792471872,"sourceUrl":"https://www.openstreetmap.org/node/4792471872","coordinateMethod":"OSM node","address":null,"licenceStatus":"not-verified","scoreEligible":false,"scoreWeight":0,"sourceTags":{"name":"Wee Wonder","amenity":"childcare"}},"geometry":{"type":"Point","coordinates":[-114.0683921,50.9412082]}},{"type":"Feature","id":"osm-node-4792471878","properties":{"name":"YYC Cycle Spin Studio","category":"sports","subcategory":"sports_centre","sourceId":"osm-overpass","osmType":"node","osmId":4792471878,"sourceUrl":"https://www.openstreetmap.org/node/4792471878","coordinateMethod":"OSM node","address":null,"licenceStatus":null,"scoreEligible":false,"scoreWeight":0,"sourceTags":{"name":"YYC Cycle Spin Studio","leisure":"sports_centre"}},"geometry":{"type":"Point","coordinates":[-114.0691776,50.9416767]}},{"type":"Feature","id":"osm-node-4804585244","properties":{"name":"Fit 4 Life by Goodlife","category":"sports","subcategory":"sports_centre","sourceId":"osm-overpass","osmType":"node","osmId":4804585244,"sourceUrl":"https://www.openstreetmap.org/node/4804585244","coordinateMethod":"OSM node","address":null,"licenceStatus":null,"scoreEligible":false,"scoreWeight":0,"sourceTags":{"name":"Fit 4 Life by Goodlife","leisure":"sports_centre"}},"geometry":{"type":"Point","coordinates":[-114.0698492,50.9694596]}},{"type":"Feature","id":"osm-node-4814551221","properties":{"name":"GoodLife Fitness","category":"gyms","subcategory":"fitness_centre","sourceId":"osm-overpass","osmType":"node","osmId":4814551221,"sourceUrl":"https://www.openstreetmap.org/node/4814551221","coordinateMethod":"OSM node","address":null,"licenceStatus":null,"scoreEligible":false,"scoreWeight":0,"sourceTags":{"name":"GoodLife Fitness","brand":"GoodLife Fitness","leisure":"fitness_centre"}},"geometry":{"type":"Point","coordinates":[-114.0671292,50.9328884]}},{"type":"Feature","id":"osm-node-4814551223","properties":{"name":"Spa Lady","category":"sports","subcategory":"sports_centre","sourceId":"osm-overpass","osmType":"node","osmId":4814551223,"sourceUrl":"https://www.openstreetmap.org/node/4814551223","coordinateMethod":"OSM node","address":null,"licenceStatus":null,"scoreEligible":false,"scoreWeight":0,"sourceTags":{"name":"Spa Lady","leisure":"sports_centre"}},"geometry":{"type":"Point","coordinates":[-114.0673971,50.932168]}},{"type":"Feature","id":"osm-node-4814551224","properties":{"name":"Chill Billiards","category":"sports","subcategory":"sports_centre","sourceId":"osm-overpass","osmType":"node","osmId":4814551224,"sourceUrl":"https://www.openstreetmap.org/node/4814551224","coordinateMethod":"OSM node","address":"13226 Macleod Trail SE","licenceStatus":null,"scoreEligible":false,"scoreWeight":0,"sourceTags":{"name":"Chill Billiards","leisure":"sports_centre","sport":"billiards","opening_hours":"Mo-We 11:30-24:00; Th 11:30-01:00; Fr-Sa 11:30-02:00; Su 12:00-24:00","fee":"yes","operator":"Chalks & Chill Billiards Inc."}},"geometry":{"type":"Point","coordinates":[-114.0673982,50.9325827]}},{"type":"Feature","id":"osm-node-4818619118","properties":{"name":"Pace Kids","category":"childcare","subcategory":"childcare","sourceId":"osm-overpass","osmType":"node","osmId":4818619118,"sourceUrl":"https://www.openstreetmap.org/node/4818619118","coordinateMethod":"OSM node","address":null,"licenceStatus":"not-verified","scoreEligible":false,"scoreWeight":0,"sourceTags":{"name":"Pace Kids","amenity":"childcare"}},"geometry":{"type":"Point","coordinates":[-114.0688316,51.0079463]}},{"type":"Feature","id":"osm-node-4821096856","properties":{"name":"A2Z Kidz Ed.","category":"childcare","subcategory":"childcare","sourceId":"osm-overpass","osmType":"node","osmId":4821096856,"sourceUrl":"https://www.openstreetmap.org/node/4821096856","coordinateMethod":"OSM node","address":null,"licenceStatus":"not-verified","scoreEligible":false,"scoreWeight":0,"sourceTags":{"name":"A2Z Kidz Ed.","amenity":"childcare"}},"geometry":{"type":"Point","coordinates":[-114.0573271,50.9781981]}},{"type":"Feature","id":"osm-node-4823345027","properties":{"name":"Active Learning Programs","category":"childcare","subcategory":"childcare","sourceId":"osm-overpass","osmType":"node","osmId":4823345027,"sourceUrl":"https://www.openstreetmap.org/node/4823345027","coordinateMethod":"OSM node","address":null,"licenceStatus":"not-verified","scoreEligible":false,"scoreWeight":0,"sourceTags":{"name":"Active Learning Programs","amenity":"childcare"}},"geometry":{"type":"Point","coordinates":[-114.0479725,50.9700738]}},{"type":"Feature","id":"osm-node-4823345030","properties":{"name":"La Pointe Dance Studio","category":"sports","subcategory":"sports_centre","sourceId":"osm-overpass","osmType":"node","osmId":4823345030,"sourceUrl":"https://www.openstreetmap.org/node/4823345030","coordinateMethod":"OSM node","address":null,"licenceStatus":null,"scoreEligible":false,"scoreWeight":0,"sourceTags":{"name":"La Pointe Dance Studio","leisure":"sports_centre"}},"geometry":{"type":"Point","coordinates":[-114.0480028,50.9698308]}},{"type":"Feature","id":"osm-node-4835543990","properties":{"name":"Dance with France","category":"sports","subcategory":"sports_centre","sourceId":"osm-overpass","osmType":"node","osmId":4835543990,"sourceUrl":"https://www.openstreetmap.org/node/4835543990","coordinateMethod":"OSM node","address":null,"licenceStatus":null,"scoreEligible":false,"scoreWeight":0,"sourceTags":{"name":"Dance with France","leisure":"sports_centre"}},"geometry":{"type":"Point","coordinates":[-114.0826728,50.979096]}},{"type":"Feature","id":"osm-node-4835763556","properties":{"name":"Fledglings Educare Centre","category":"childcare","subcategory":"childcare","sourceId":"osm-overpass","osmType":"node","osmId":4835763556,"sourceUrl":"https://www.openstreetmap.org/node/4835763556","coordinateMethod":"OSM node","address":null,"licenceStatus":"not-verified","scoreEligible":false,"scoreWeight":0,"sourceTags":{"name":"Fledglings Educare Centre","amenity":"childcare"}},"geometry":{"type":"Point","coordinates":[-114.0801777,50.9366167]}},{"type":"Feature","id":"osm-node-4848178931","properties":{"name":"yogadotcalm","category":"sports","subcategory":"sports_centre","sourceId":"osm-overpass","osmType":"node","osmId":4848178931,"sourceUrl":"https://www.openstreetmap.org/node/4848178931","coordinateMethod":"OSM node","address":null,"licenceStatus":null,"scoreEligible":false,"scoreWeight":0,"sourceTags":{"name":"yogadotcalm","leisure":"sports_centre"}},"geometry":{"type":"Point","coordinates":[-114.0634968,50.9310995]}},{"type":"Feature","id":"osm-node-4848178934","properties":{"name":"Creative Learning Center Preschool","category":"childcare","subcategory":"childcare","sourceId":"osm-overpass","osmType":"node","osmId":4848178934,"sourceUrl":"https://www.openstreetmap.org/node/4848178934","coordinateMethod":"OSM node","address":null,"licenceStatus":"not-verified","scoreEligible":false,"scoreWeight":0,"sourceTags":{"name":"Creative Learning Center Preschool","amenity":"childcare"}},"geometry":{"type":"Point","coordinates":[-114.0640609,50.9312555]}},{"type":"Feature","id":"osm-node-4852713840","properties":{"name":"Extreme Air Park","category":"sports","subcategory":"sports_centre","sourceId":"osm-overpass","osmType":"node","osmId":4852713840,"sourceUrl":"https://www.openstreetmap.org/node/4852713840","coordinateMethod":"OSM node","address":null,"licenceStatus":null,"scoreEligible":false,"scoreWeight":0,"sourceTags":{"name":"Extreme Air Park","leisure":"sports_centre"}},"geometry":{"type":"Point","coordinates":[-113.9874218,51.064754]}},{"type":"Feature","id":"osm-node-4888262826","properties":{"name":"9 Round","category":"sports","subcategory":"sports_centre","sourceId":"osm-overpass","osmType":"node","osmId":4888262826,"sourceUrl":"https://www.openstreetmap.org/node/4888262826","coordinateMethod":"OSM node","address":null,"licenceStatus":null,"scoreEligible":false,"scoreWeight":0,"sourceTags":{"name":"9 Round","leisure":"sports_centre","sport":"kickboxing"}},"geometry":{"type":"Point","coordinates":[-113.9589697,50.9326421]}},{"type":"Feature","id":"osm-node-4890466547","properties":{"name":"funflex playcare","category":"childcare","subcategory":"childcare","sourceId":"osm-overpass","osmType":"node","osmId":4890466547,"sourceUrl":"https://www.openstreetmap.org/node/4890466547","coordinateMethod":"OSM node","address":null,"licenceStatus":"not-verified","scoreEligible":false,"scoreWeight":0,"sourceTags":{"name":"funflex playcare","amenity":"childcare"}},"geometry":{"type":"Point","coordinates":[-113.9725658,50.9293621]}},{"type":"Feature","id":"osm-node-4898559429","properties":{"name":"F45 Training","category":"gyms","subcategory":"fitness_centre","sourceId":"osm-overpass","osmType":"node","osmId":4898559429,"sourceUrl":"https://www.openstreetmap.org/node/4898559429","coordinateMethod":"OSM node","address":"3515 18 Street SW","licenceStatus":null,"scoreEligible":false,"scoreWeight":0,"sourceTags":{"name":"F45 Training","brand":"F45 Training","leisure":"fitness_centre"}},"geometry":{"type":"Point","coordinates":[-114.1051602,51.0226081]}},{"type":"Feature","id":"osm-node-4902542027","properties":{"name":"GoodLife Fitness","category":"gyms","subcategory":"fitness_centre","sourceId":"osm-overpass","osmType":"node","osmId":4902542027,"sourceUrl":"https://www.openstreetmap.org/node/4902542027","coordinateMethod":"OSM node","address":"4916 130 Avenue SE","licenceStatus":null,"scoreEligible":false,"scoreWeight":0,"sourceTags":{"name":"GoodLife Fitness","brand":"GoodLife Fitness","leisure":"fitness_centre","opening_hours":"24/7"}},"geometry":{"type":"Point","coordinates":[-113.9630653,50.9342133]}},{"type":"Feature","id":"osm-node-4913454476","properties":{"name":"Juvenesence Out of School Care","category":"childcare","subcategory":"childcare","sourceId":"osm-overpass","osmType":"node","osmId":4913454476,"sourceUrl":"https://www.openstreetmap.org/node/4913454476","coordinateMethod":"OSM node","address":null,"licenceStatus":"not-verified","scoreEligible":false,"scoreWeight":0,"sourceTags":{"name":"Juvenesence Out of School Care","amenity":"childcare"}},"geometry":{"type":"Point","coordinates":[-114.0016871,50.9504602]}},{"type":"Feature","id":"osm-node-4913454487","properties":{"name":"The Yogis Den","category":"sports","subcategory":"sports_centre","sourceId":"osm-overpass","osmType":"node","osmId":4913454487,"sourceUrl":"https://www.openstreetmap.org/node/4913454487","coordinateMethod":"OSM node","address":null,"licenceStatus":null,"scoreEligible":false,"scoreWeight":0,"sourceTags":{"name":"The Yogis Den","leisure":"sports_centre","sport":"yoga"}},"geometry":{"type":"Point","coordinates":[-114.0015394,50.9505679]}},{"type":"Feature","id":"osm-node-4913454500","properties":{"name":"Little Learners Preschool","category":"childcare","subcategory":"childcare","sourceId":"osm-overpass","osmType":"node","osmId":4913454500,"sourceUrl":"https://www.openstreetmap.org/node/4913454500","coordinateMethod":"OSM node","address":null,"licenceStatus":"not-verified","scoreEligible":false,"scoreWeight":0,"sourceTags":{"name":"Little Learners Preschool","amenity":"childcare"}},"geometry":{"type":"Point","coordinates":[-114.0014076,50.9507288]}},{"type":"Feature","id":"osm-node-4929342948","properties":{"name":"Reformed Pilates","category":"gyms","subcategory":"fitness_centre","sourceId":"osm-overpass","osmType":"node","osmId":4929342948,"sourceUrl":"https://www.openstreetmap.org/node/4929342948","coordinateMethod":"OSM node","address":"10816 Macleod Trail SE","licenceStatus":null,"scoreEligible":false,"scoreWeight":0,"sourceTags":{"name":"Reformed Pilates","leisure":"fitness_centre","opening_hours":"Mo-Th 05:30-21:30; Fr 05:30-19:30; Sa-Su 07:30-14:00"}},"geometry":{"type":"Point","coordinates":[-114.070829,50.9561782]}},{"type":"Feature","id":"osm-node-4929645364","properties":{"name":"Kids & Company","category":"childcare","subcategory":"childcare","sourceId":"osm-overpass","osmType":"node","osmId":4929645364,"sourceUrl":"https://www.openstreetmap.org/node/4929645364","coordinateMethod":"OSM node","address":null,"licenceStatus":"not-verified","scoreEligible":false,"scoreWeight":0,"sourceTags":{"name":"Kids & Company","amenity":"childcare"}},"geometry":{"type":"Point","coordinates":[-114.0669373,50.9143369]}},{"type":"Feature","id":"osm-node-4931688092","properties":{"name":"Green Door Preschool","category":"childcare","subcategory":"childcare","sourceId":"osm-overpass","osmType":"node","osmId":4931688092,"sourceUrl":"https://www.openstreetmap.org/node/4931688092","coordinateMethod":"OSM node","address":null,"licenceStatus":"not-verified","scoreEligible":false,"scoreWeight":0,"sourceTags":{"name":"Green Door Preschool","amenity":"childcare"}},"geometry":{"type":"Point","coordinates":[-114.0630004,50.9154703]}},{"type":"Feature","id":"osm-node-4931688093","properties":{"name":"Crossings Dance Ministries","category":"sports","subcategory":"sports_centre","sourceId":"osm-overpass","osmType":"node","osmId":4931688093,"sourceUrl":"https://www.openstreetmap.org/node/4931688093","coordinateMethod":"OSM node","address":null,"licenceStatus":null,"scoreEligible":false,"scoreWeight":0,"sourceTags":{"name":"Crossings Dance Ministries","leisure":"sports_centre","sport":"dance"}},"geometry":{"type":"Point","coordinates":[-114.0632664,50.9154916]}},{"type":"Feature","id":"osm-node-4931688094","properties":{"name":"Gymboree Play & Music","category":"childcare","subcategory":"childcare","sourceId":"osm-overpass","osmType":"node","osmId":4931688094,"sourceUrl":"https://www.openstreetmap.org/node/4931688094","coordinateMethod":"OSM node","address":null,"licenceStatus":"not-verified","scoreEligible":false,"scoreWeight":0,"sourceTags":{"name":"Gymboree Play & Music","amenity":"childcare"}},"geometry":{"type":"Point","coordinates":[-114.0631573,50.915463]}},{"type":"Feature","id":"osm-node-4931688105","properties":{"name":"V.I.K. Academy","category":"childcare","subcategory":"childcare","sourceId":"osm-overpass","osmType":"node","osmId":4931688105,"sourceUrl":"https://www.openstreetmap.org/node/4931688105","coordinateMethod":"OSM node","address":null,"licenceStatus":"not-verified","scoreEligible":false,"scoreWeight":0,"sourceTags":{"name":"V.I.K. Academy","amenity":"childcare"}},"geometry":{"type":"Point","coordinates":[-114.0657768,50.914978]}},{"type":"Feature","id":"osm-node-4934612906","properties":{"name":"Brentwood Childcare Centre","category":"childcare","subcategory":"childcare","sourceId":"osm-overpass","osmType":"node","osmId":4934612906,"sourceUrl":"https://www.openstreetmap.org/node/4934612906","coordinateMethod":"OSM node","address":"130 Brentwood Road NW","licenceStatus":"not-verified","scoreEligible":false,"scoreWeight":0,"sourceTags":{"name":"Brentwood Childcare Centre","amenity":"childcare","opening_hours":"Mo-Fr 07:00-18:00","check_date":"2026-03-25"}},"geometry":{"type":"Point","coordinates":[-114.1293772,51.0870117]}},{"type":"Feature","id":"osm-node-4949571449","properties":{"name":"Wildcard Fitness","category":"gyms","subcategory":"fitness_centre","sourceId":"osm-overpass","osmType":"node","osmId":4949571449,"sourceUrl":"https://www.openstreetmap.org/node/4949571449","coordinateMethod":"OSM node","address":"349 10 Avenue SW","licenceStatus":null,"scoreEligible":false,"scoreWeight":0,"sourceTags":{"name":"Wildcard Fitness","leisure":"fitness_centre"}},"geometry":{"type":"Point","coordinates":[-114.070859,51.0433911]}},{"type":"Feature","id":"osm-node-4951819145","properties":{"name":"Bikram Yoga","category":"sports","subcategory":"sports_centre","sourceId":"osm-overpass","osmType":"node","osmId":4951819145,"sourceUrl":"https://www.openstreetmap.org/node/4951819145","coordinateMethod":"OSM node","address":null,"licenceStatus":null,"scoreEligible":false,"scoreWeight":0,"sourceTags":{"name":"Bikram Yoga","leisure":"sports_centre"}},"geometry":{"type":"Point","coordinates":[-114.0621047,50.9137782]}},{"type":"Feature","id":"osm-node-4951819156","properties":{"name":"World Health","category":"sports","subcategory":"sports_centre","sourceId":"osm-overpass","osmType":"node","osmId":4951819156,"sourceUrl":"https://www.openstreetmap.org/node/4951819156","coordinateMethod":"OSM node","address":null,"licenceStatus":null,"scoreEligible":false,"scoreWeight":0,"sourceTags":{"name":"World Health","leisure":"sports_centre"}},"geometry":{"type":"Point","coordinates":[-114.0639622,50.9133744]}},{"type":"Feature","id":"osm-node-5175537751","properties":{"name":"GoodLife Fitness","category":"gyms","subcategory":"fitness_centre","sourceId":"osm-overpass","osmType":"node","osmId":5175537751,"sourceUrl":"https://www.openstreetmap.org/node/5175537751","coordinateMethod":"OSM node","address":null,"licenceStatus":null,"scoreEligible":false,"scoreWeight":0,"sourceTags":{"name":"GoodLife Fitness","brand":"GoodLife Fitness","leisure":"fitness_centre","opening_hours":"24/7"}},"geometry":{"type":"Point","coordinates":[-114.1594598,51.1546884]}},{"type":"Feature","id":"osm-node-5219042429","properties":{"name":"Oxygen Yoga & Fitness","category":"gyms","subcategory":"fitness_centre","sourceId":"osm-overpass","osmType":"node","osmId":5219042429,"sourceUrl":"https://www.openstreetmap.org/node/5219042429","coordinateMethod":"OSM node","address":"11440 Braeside Drive SW","licenceStatus":null,"scoreEligible":false,"scoreWeight":0,"sourceTags":{"name":"Oxygen Yoga & Fitness","leisure":"fitness_centre","sport":"yoga"}},"geometry":{"type":"Point","coordinates":[-114.1161274,50.9539516]}},{"type":"Feature","id":"osm-node-5240550617","properties":{"name":"Gracie Barra Southeast Calgary","category":"gyms","subcategory":"fitness_centre","sourceId":"osm-overpass","osmType":"node","osmId":5240550617,"sourceUrl":"https://www.openstreetmap.org/node/5240550617","coordinateMethod":"OSM node","address":"4948 126 Avenue SE","licenceStatus":null,"scoreEligible":false,"scoreWeight":0,"sourceTags":{"name":"Gracie Barra Southeast Calgary","leisure":"fitness_centre","sport":"jiu-jitsu","opening_hours":"Mo-Fr 07:00-20:00"}},"geometry":{"type":"Point","coordinates":[-113.9634332,50.9357405]}},{"type":"Feature","id":"osm-node-5277969341","properties":{"name":"Anytime Fitness","category":"gyms","subcategory":"fitness_centre","sourceId":"osm-overpass","osmType":"node","osmId":5277969341,"sourceUrl":"https://www.openstreetmap.org/node/5277969341","coordinateMethod":"OSM node","address":null,"licenceStatus":null,"scoreEligible":false,"scoreWeight":0,"sourceTags":{"name":"Anytime Fitness","brand":"Anytime Fitness","leisure":"fitness_centre","opening_hours":"24/7"}},"geometry":{"type":"Point","coordinates":[-114.125638,51.1633783]}},{"type":"Feature","id":"osm-node-5278188643","properties":{"name":"Orangetheory Fitness","category":"gyms","subcategory":"fitness_centre","sourceId":"osm-overpass","osmType":"node","osmId":5278188643,"sourceUrl":"https://www.openstreetmap.org/node/5278188643","coordinateMethod":"OSM node","address":null,"licenceStatus":null,"scoreEligible":false,"scoreWeight":0,"sourceTags":{"name":"Orangetheory Fitness","brand":"Orangetheory Fitness","leisure":"fitness_centre"}},"geometry":{"type":"Point","coordinates":[-114.122358,51.160608]}},{"type":"Feature","id":"osm-node-5290242968","properties":{"name":"GoodLife Fitness","category":"gyms","subcategory":"fitness_centre","sourceId":"osm-overpass","osmType":"node","osmId":5290242968,"sourceUrl":"https://www.openstreetmap.org/node/5290242968","coordinateMethod":"OSM node","address":"140 8 Avenue SW","licenceStatus":null,"scoreEligible":false,"scoreWeight":0,"sourceTags":{"name":"GoodLife Fitness","brand":"GoodLife Fitness","leisure":"fitness_centre","opening_hours":"Mo-Fr 00:00-24:00; Sa,Su 08:00-17:00"}},"geometry":{"type":"Point","coordinates":[-114.065127,51.0457573]}},{"type":"Feature","id":"osm-node-5434044965","properties":{"name":"Ballance Fitness","category":"gyms","subcategory":"fitness_centre","sourceId":"osm-overpass","osmType":"node","osmId":5434044965,"sourceUrl":"https://www.openstreetmap.org/node/5434044965","coordinateMethod":"OSM node","address":"1519 34 Avenue SW","licenceStatus":null,"scoreEligible":false,"scoreWeight":0,"sourceTags":{"name":"Ballance Fitness","leisure":"fitness_centre"}},"geometry":{"type":"Point","coordinates":[-114.0959548,51.0230193]}},{"type":"Feature","id":"osm-node-5449269082","properties":{"name":"Urban Athlete","category":"gyms","subcategory":"fitness_centre","sourceId":"osm-overpass","osmType":"node","osmId":5449269082,"sourceUrl":"https://www.openstreetmap.org/node/5449269082","coordinateMethod":"OSM node","address":null,"licenceStatus":null,"scoreEligible":false,"scoreWeight":0,"sourceTags":{"name":"Urban Athlete","leisure":"fitness_centre"}},"geometry":{"type":"Point","coordinates":[-114.0944114,51.0570923]}},{"type":"Feature","id":"osm-node-5489576155","properties":{"name":"GoodLife Fitness","category":"gyms","subcategory":"fitness_centre","sourceId":"osm-overpass","osmType":"node","osmId":5489576155,"sourceUrl":"https://www.openstreetmap.org/node/5489576155","coordinateMethod":"OSM node","address":"2929 Sunridge Way NE","licenceStatus":null,"scoreEligible":false,"scoreWeight":0,"sourceTags":{"name":"GoodLife Fitness","brand":"GoodLife Fitness","leisure":"fitness_centre","opening_hours":"24/7"}},"geometry":{"type":"Point","coordinates":[-113.99333,51.0678631]}},{"type":"Feature","id":"osm-node-5583386056","properties":{"name":"ECCO Child Development Centre in Remington YMCA","category":"childcare","subcategory":"childcare","sourceId":"osm-overpass","osmType":"node","osmId":5583386056,"sourceUrl":"https://www.openstreetmap.org/node/5583386056","coordinateMethod":"OSM node","address":"108 Quarry Park Road SE","licenceStatus":"not-verified","scoreEligible":false,"scoreWeight":0,"sourceTags":{"name":"ECCO Child Development Centre in Remington YMCA","amenity":"childcare","opening_hours":"Mo-Fr 07:00-18:00","operator":"YMCA Calgary"}},"geometry":{"type":"Point","coordinates":[-114.0053663,50.9612467]}},{"type":"Feature","id":"osm-node-5590804133","properties":{"name":"Crew Club Athletics","category":"gyms","subcategory":"fitness_centre","sourceId":"osm-overpass","osmType":"node","osmId":5590804133,"sourceUrl":"https://www.openstreetmap.org/node/5590804133","coordinateMethod":"OSM node","address":"508 24 Avenue SW","licenceStatus":null,"scoreEligible":false,"scoreWeight":0,"sourceTags":{"name":"Crew Club Athletics","leisure":"fitness_centre","sport":"indoor_rowing"}},"geometry":{"type":"Point","coordinates":[-114.0719014,51.0319178]}},{"type":"Feature","id":"osm-node-5659138498","properties":{"name":"Orangetheory Fitness","category":"gyms","subcategory":"fitness_centre","sourceId":"osm-overpass","osmType":"node","osmId":5659138498,"sourceUrl":"https://www.openstreetmap.org/node/5659138498","coordinateMethod":"OSM node","address":"1933 33 Avenue SW","licenceStatus":null,"scoreEligible":false,"scoreWeight":0,"sourceTags":{"name":"Orangetheory Fitness","leisure":"fitness_centre","sport":"fitness","check_date:opening_hours":"2025-10-09"}},"geometry":{"type":"Point","coordinates":[-114.1063806,51.0238695]}},{"type":"Feature","id":"osm-node-6042826562","properties":{"name":"GoodLife Fitness","category":"gyms","subcategory":"fitness_centre","sourceId":"osm-overpass","osmType":"node","osmId":6042826562,"sourceUrl":"https://www.openstreetmap.org/node/6042826562","coordinateMethod":"OSM node","address":null,"licenceStatus":null,"scoreEligible":false,"scoreWeight":0,"sourceTags":{"name":"GoodLife Fitness","brand":"GoodLife Fitness","leisure":"fitness_centre"}},"geometry":{"type":"Point","coordinates":[-114.162454,51.0199581]}},{"type":"Feature","id":"osm-node-6334632923","properties":{"name":"Anytime Fitness","category":"gyms","subcategory":"fitness_centre","sourceId":"osm-overpass","osmType":"node","osmId":6334632923,"sourceUrl":"https://www.openstreetmap.org/node/6334632923","coordinateMethod":"OSM node","address":"3820 Brentwood Road NW","licenceStatus":null,"scoreEligible":false,"scoreWeight":0,"sourceTags":{"name":"Anytime Fitness","brand":"Anytime Fitness","leisure":"fitness_centre","opening_hours":"24/7","check_date":"2026-03-25"}},"geometry":{"type":"Point","coordinates":[-114.1291986,51.0868702]}},{"type":"Feature","id":"osm-node-6360978699","properties":{"name":"Reformed","category":"gyms","subcategory":"fitness_centre","sourceId":"osm-overpass","osmType":"node","osmId":6360978699,"sourceUrl":"https://www.openstreetmap.org/node/6360978699","coordinateMethod":"OSM node","address":"20 Crowfoot Crescent NW","licenceStatus":null,"scoreEligible":false,"scoreWeight":0,"sourceTags":{"name":"Reformed","leisure":"fitness_centre","check_date":"2025-07-16"}},"geometry":{"type":"Point","coordinates":[-114.1982496,51.1251505]}},{"type":"Feature","id":"osm-node-6731734703","properties":{"name":"Sun Pillars Preschool Academy Inc","category":"preschool","subcategory":"kindergarten","sourceId":"osm-overpass","osmType":"node","osmId":6731734703,"sourceUrl":"https://www.openstreetmap.org/node/6731734703","coordinateMethod":"OSM node","address":null,"licenceStatus":"not-verified","scoreEligible":false,"scoreWeight":0,"sourceTags":{"name":"Sun Pillars Preschool Academy Inc","amenity":"kindergarten"}},"geometry":{"type":"Point","coordinates":[-113.9326325,51.1243488]}},{"type":"Feature","id":"osm-node-6988604849","properties":{"name":"Anytime Fitness","category":"gyms","subcategory":"fitness_centre","sourceId":"osm-overpass","osmType":"node","osmId":6988604849,"sourceUrl":"https://www.openstreetmap.org/node/6988604849","coordinateMethod":"OSM node","address":"15 Sunpark Plaza SE","licenceStatus":null,"scoreEligible":false,"scoreWeight":0,"sourceTags":{"name":"Anytime Fitness","brand":"Anytime Fitness","leisure":"fitness_centre","opening_hours":"24/7"}},"geometry":{"type":"Point","coordinates":[-114.0575714,50.9043925]}},{"type":"Feature","id":"osm-node-7093495523","properties":{"name":"CrossFit","category":"gyms","subcategory":"fitness_centre","sourceId":"osm-overpass","osmType":"node","osmId":7093495523,"sourceUrl":"https://www.openstreetmap.org/node/7093495523","coordinateMethod":"OSM node","address":"141 Crowfoot Way NW","licenceStatus":null,"scoreEligible":false,"scoreWeight":0,"sourceTags":{"name":"CrossFit","brand":"CrossFit","leisure":"fitness_centre","sport":"crossfit","opening_hours":"Mo-Th 06:00-21:00; Fr 06:00-20:00; Sa 08:45-15:30; Su 09:00-19:00","check_date":"2025-07-13"}},"geometry":{"type":"Point","coordinates":[-114.2084119,51.1255168]}},{"type":"Feature","id":"osm-node-7154751972","properties":{"name":"WinSport Tube Park","category":"sports","subcategory":"sports_centre","sourceId":"osm-overpass","osmType":"node","osmId":7154751972,"sourceUrl":"https://www.openstreetmap.org/node/7154751972","coordinateMethod":"OSM node","address":"88 Canada Olympic Road SW","licenceStatus":null,"scoreEligible":false,"scoreWeight":0,"sourceTags":{"name":"WinSport Tube Park","leisure":"sports_centre"}},"geometry":{"type":"Point","coordinates":[-114.2152497,51.0823794]}},{"type":"Feature","id":"osm-node-7154851941","properties":{"name":"WinSport Ski Hill","category":"sports","subcategory":"sports_centre","sourceId":"osm-overpass","osmType":"node","osmId":7154851941,"sourceUrl":"https://www.openstreetmap.org/node/7154851941","coordinateMethod":"OSM node","address":"88 Canada Olympic Road SW","licenceStatus":null,"scoreEligible":false,"scoreWeight":0,"sourceTags":{"name":"WinSport Ski Hill","leisure":"sports_centre"}},"geometry":{"type":"Point","coordinates":[-114.2153543,51.0824139]}},{"type":"Feature","id":"osm-node-7154941581","properties":{"name":null,"category":"gyms","subcategory":"fitness_centre","sourceId":"osm-overpass","osmType":"node","osmId":7154941581,"sourceUrl":"https://www.openstreetmap.org/node/7154941581","coordinateMethod":"OSM node","address":"151 Canada Olympic Drive SW","licenceStatus":null,"scoreEligible":false,"scoreWeight":0,"sourceTags":{"leisure":"fitness_centre"}},"geometry":{"type":"Point","coordinates":[-114.220212,51.0844436]}},{"type":"Feature","id":"osm-node-7192240065","properties":{"name":"Revive Lifestyle Fitness","category":"gyms","subcategory":"fitness_centre","sourceId":"osm-overpass","osmType":"node","osmId":7192240065,"sourceUrl":"https://www.openstreetmap.org/node/7192240065","coordinateMethod":"OSM node","address":"2503 14 Street SW","licenceStatus":null,"scoreEligible":false,"scoreWeight":0,"sourceTags":{"name":"Revive Lifestyle Fitness","leisure":"fitness_centre"}},"geometry":{"type":"Point","coordinates":[-114.0949166,51.0320182]}},{"type":"Feature","id":"osm-node-7243675559","properties":{"name":"FS8","category":"gyms","subcategory":"fitness_centre","sourceId":"osm-overpass","osmType":"node","osmId":7243675559,"sourceUrl":"https://www.openstreetmap.org/node/7243675559","coordinateMethod":"OSM node","address":"2012 34 Avenue SW","licenceStatus":null,"scoreEligible":false,"scoreWeight":0,"sourceTags":{"name":"FS8","leisure":"fitness_centre","sport":"pilates;yoga","check_date":"2026-05-03"}},"geometry":{"type":"Point","coordinates":[-114.1077646,51.0233188]}},{"type":"Feature","id":"osm-node-7262007256","properties":{"name":"One For All Fitness","category":"gyms","subcategory":"fitness_centre","sourceId":"osm-overpass","osmType":"node","osmId":7262007256,"sourceUrl":"https://www.openstreetmap.org/node/7262007256","coordinateMethod":"OSM node","address":"2015 32 Avenue NE","licenceStatus":null,"scoreEligible":false,"scoreWeight":0,"sourceTags":{"name":"One For All Fitness","leisure":"fitness_centre"}},"geometry":{"type":"Point","coordinates":[-114.0097106,51.0810106]}},{"type":"Feature","id":"osm-node-7264894205","properties":{"name":"CrossFit Pyro","category":"gyms","subcategory":"fitness_centre","sourceId":"osm-overpass","osmType":"node","osmId":7264894205,"sourceUrl":"https://www.openstreetmap.org/node/7264894205","coordinateMethod":"OSM node","address":"3515 2 Street NE","licenceStatus":null,"scoreEligible":false,"scoreWeight":0,"sourceTags":{"name":"CrossFit Pyro","leisure":"fitness_centre","sport":"crossfit"}},"geometry":{"type":"Point","coordinates":[-114.057828,51.083945]}},{"type":"Feature","id":"osm-node-7315145528","properties":{"name":"Saddleridge Daycare","category":"childcare","subcategory":"childcare","sourceId":"osm-overpass","osmType":"node","osmId":7315145528,"sourceUrl":"https://www.openstreetmap.org/node/7315145528","coordinateMethod":"OSM node","address":null,"licenceStatus":"not-verified","scoreEligible":false,"scoreWeight":0,"sourceTags":{"name":"Saddleridge Daycare","amenity":"childcare"}},"geometry":{"type":"Point","coordinates":[-113.9290573,51.1292519]}},{"type":"Feature","id":"osm-node-7344254465","properties":{"name":"Lagree YYC","category":"gyms","subcategory":"fitness_centre","sourceId":"osm-overpass","osmType":"node","osmId":7344254465,"sourceUrl":"https://www.openstreetmap.org/node/7344254465","coordinateMethod":"OSM node","address":"5123 Elbow Drive SW","licenceStatus":null,"scoreEligible":false,"scoreWeight":0,"sourceTags":{"name":"Lagree YYC","leisure":"fitness_centre","sport":"fitness;pilates"}},"geometry":{"type":"Point","coordinates":[-114.0816305,51.0082143]}},{"type":"Feature","id":"osm-node-7424081417","properties":{"name":"Oranj Fitness","category":"gyms","subcategory":"fitness_centre","sourceId":"osm-overpass","osmType":"node","osmId":7424081417,"sourceUrl":"https://www.openstreetmap.org/node/7424081417","coordinateMethod":"OSM node","address":"1217 Kensington Road NW","licenceStatus":null,"scoreEligible":false,"scoreWeight":0,"sourceTags":{"name":"Oranj Fitness","leisure":"fitness_centre","sport":"yoga;cycling","opening_hours":"Mo-We 05:45-20:15; Th 04:45-20:15; Fr 05:45-18:15; Sa 08:15-22:45; Su 09:15-22:45"}},"geometry":{"type":"Point","coordinates":[-114.0902056,51.0523932]}},{"type":"Feature","id":"osm-node-7918545914","properties":{"name":"One for All Fitness Southeast","category":"gyms","subcategory":"fitness_centre","sourceId":"osm-overpass","osmType":"node","osmId":7918545914,"sourceUrl":"https://www.openstreetmap.org/node/7918545914","coordinateMethod":"OSM node","address":"542 42 Avenue SE","licenceStatus":null,"scoreEligible":false,"scoreWeight":0,"sourceTags":{"name":"One for All Fitness Southeast","leisure":"fitness_centre"}},"geometry":{"type":"Point","coordinates":[-114.0511764,51.0166622]}},{"type":"Feature","id":"osm-node-8407005845","properties":{"name":"Discovery Child Care Inc","category":"childcare","subcategory":"childcare","sourceId":"osm-overpass","osmType":"node","osmId":8407005845,"sourceUrl":"https://www.openstreetmap.org/node/8407005845","coordinateMethod":"OSM node","address":"1134 8 Avenue SW","licenceStatus":"not-verified","scoreEligible":false,"scoreWeight":0,"sourceTags":{"name":"Discovery Child Care Inc","amenity":"childcare","opening_hours":"Mo-Fr 07:00-17:30"}},"geometry":{"type":"Point","coordinates":[-114.0880254,51.0464496]}},{"type":"Feature","id":"osm-node-8769645771","properties":{"name":"League","category":"gyms","subcategory":"fitness_centre","sourceId":"osm-overpass","osmType":"node","osmId":8769645771,"sourceUrl":"https://www.openstreetmap.org/node/8769645771","coordinateMethod":"OSM node","address":"1463 17 Avenue SW","licenceStatus":null,"scoreEligible":false,"scoreWeight":0,"sourceTags":{"name":"League","leisure":"fitness_centre"}},"geometry":{"type":"Point","coordinates":[-114.0962787,51.0376464]}},{"type":"Feature","id":"osm-node-8793006896","properties":{"name":"Anytime Fitness","category":"gyms","subcategory":"fitness_centre","sourceId":"osm-overpass","osmType":"node","osmId":8793006896,"sourceUrl":"https://www.openstreetmap.org/node/8793006896","coordinateMethod":"OSM node","address":"8120 Beddington Boulevard NW","licenceStatus":null,"scoreEligible":false,"scoreWeight":0,"sourceTags":{"name":"Anytime Fitness","brand":"Anytime Fitness","leisure":"fitness_centre","opening_hours":"24/7","check_date":"2024-07-27"}},"geometry":{"type":"Point","coordinates":[-114.0734655,51.1268405]}},{"type":"Feature","id":"osm-node-8796945782","properties":{"name":"GoodLife Fitness","category":"gyms","subcategory":"fitness_centre","sourceId":"osm-overpass","osmType":"node","osmId":8796945782,"sourceUrl":"https://www.openstreetmap.org/node/8796945782","coordinateMethod":"OSM node","address":"901 64 Avenue NE","licenceStatus":null,"scoreEligible":false,"scoreWeight":0,"sourceTags":{"name":"GoodLife Fitness","brand":"GoodLife Fitness","leisure":"fitness_centre"}},"geometry":{"type":"Point","coordinates":[-114.0425694,51.1093663]}},{"type":"Feature","id":"osm-node-8828130039","properties":{"name":"Kiddies Daycare Centre","category":"childcare","subcategory":"childcare","sourceId":"osm-overpass","osmType":"node","osmId":8828130039,"sourceUrl":"https://www.openstreetmap.org/node/8828130039","coordinateMethod":"OSM node","address":"30 Country Hills Landing NW","licenceStatus":"not-verified","scoreEligible":false,"scoreWeight":0,"sourceTags":{"name":"Kiddies Daycare Centre","amenity":"childcare"}},"geometry":{"type":"Point","coordinates":[-114.0716276,51.1424654]}},{"type":"Feature","id":"osm-node-8828130042","properties":{"name":"My Kinderhouse Preschool","category":"childcare","subcategory":"childcare","sourceId":"osm-overpass","osmType":"node","osmId":8828130042,"sourceUrl":"https://www.openstreetmap.org/node/8828130042","coordinateMethod":"OSM node","address":"30 Country Hills Landing NW","licenceStatus":"not-verified","scoreEligible":false,"scoreWeight":0,"sourceTags":{"name":"My Kinderhouse Preschool","amenity":"childcare"}},"geometry":{"type":"Point","coordinates":[-114.0718051,51.1425562]}},{"type":"Feature","id":"osm-node-8832937509","properties":{"name":"Metta Yoga Calgary","category":"gyms","subcategory":"fitness_centre","sourceId":"osm-overpass","osmType":"node","osmId":8832937509,"sourceUrl":"https://www.openstreetmap.org/node/8832937509","coordinateMethod":"OSM node","address":"500 Country Hills Boulevard NE","licenceStatus":null,"scoreEligible":false,"scoreWeight":0,"sourceTags":{"name":"Metta Yoga Calgary","leisure":"fitness_centre","sport":"yoga","opening_hours":"Mo-We 06:00-20:30; Th closed; Fr 06:00-20:00; Sa-Su 08:00-17:00"}},"geometry":{"type":"Point","coordinates":[-114.056764,51.1548985]}},{"type":"Feature","id":"osm-node-8833738813","properties":{"name":"Kids & Company","category":"childcare","subcategory":"childcare","sourceId":"osm-overpass","osmType":"node","osmId":8833738813,"sourceUrl":"https://www.openstreetmap.org/node/8833738813","coordinateMethod":"OSM node","address":"465 Aviation Road NE","licenceStatus":"not-verified","scoreEligible":false,"scoreWeight":0,"sourceTags":{"name":"Kids & Company","amenity":"childcare"}},"geometry":{"type":"Point","coordinates":[-114.0306122,51.0972462]}},{"type":"Feature","id":"osm-node-8955302457","properties":{"name":"Gold's Gym","category":"gyms","subcategory":"fitness_centre","sourceId":"osm-overpass","osmType":"node","osmId":8955302457,"sourceUrl":"https://www.openstreetmap.org/node/8955302457","coordinateMethod":"OSM node","address":"566 36 Street NE","licenceStatus":null,"scoreEligible":false,"scoreWeight":0,"sourceTags":{"name":"Gold's Gym","brand":"Gold's Gym","leisure":"fitness_centre"}},"geometry":{"type":"Point","coordinates":[-113.985026,51.0563386]}},{"type":"Feature","id":"osm-node-8955302458","properties":{"name":"Fit4Less","category":"gyms","subcategory":"fitness_centre","sourceId":"osm-overpass","osmType":"node","osmId":8955302458,"sourceUrl":"https://www.openstreetmap.org/node/8955302458","coordinateMethod":"OSM node","address":"999 36 Street NE","licenceStatus":null,"scoreEligible":false,"scoreWeight":0,"sourceTags":{"name":"Fit4Less","brand":"Fit4Less","leisure":"fitness_centre"}},"geometry":{"type":"Point","coordinates":[-113.984002,51.062312]}},{"type":"Feature","id":"osm-node-9488319940","properties":{"name":"Anytime Fitness","category":"gyms","subcategory":"fitness_centre","sourceId":"osm-overpass","osmType":"node","osmId":9488319940,"sourceUrl":"https://www.openstreetmap.org/node/9488319940","coordinateMethod":"OSM node","address":"11120 11 Street NE","licenceStatus":null,"scoreEligible":false,"scoreWeight":0,"sourceTags":{"name":"Anytime Fitness","brand":"Anytime Fitness","leisure":"fitness_centre","opening_hours":"24/7"}},"geometry":{"type":"Point","coordinates":[-114.0317548,51.1526762]}},{"type":"Feature","id":"osm-node-9533275449","properties":{"name":"Active Start Childcare-Country Hills","category":"childcare","subcategory":"childcare","sourceId":"osm-overpass","osmType":"node","osmId":9533275449,"sourceUrl":"https://www.openstreetmap.org/node/9533275449","coordinateMethod":"OSM node","address":"60 Country Hills Landing NW","licenceStatus":"not-verified","scoreEligible":false,"scoreWeight":0,"sourceTags":{"name":"Active Start Childcare-Country Hills","amenity":"childcare","opening_hours":"Mo-Fr 06:30-18:00"}},"geometry":{"type":"Point","coordinates":[-114.0720835,51.1416887]}},{"type":"Feature","id":"osm-node-9547035176","properties":{"name":"Calgary Shooting Centre","category":"sports","subcategory":"sports_centre","sourceId":"osm-overpass","osmType":"node","osmId":9547035176,"sourceUrl":"https://www.openstreetmap.org/node/9547035176","coordinateMethod":"OSM node","address":"7130 Fisher Road SE","licenceStatus":null,"scoreEligible":false,"scoreWeight":0,"sourceTags":{"name":"Calgary Shooting Centre","leisure":"sports_centre","sport":"shooting"}},"geometry":{"type":"Point","coordinates":[-114.0677192,50.9902105]}},{"type":"Feature","id":"osm-node-9552351558","properties":{"name":"Anytime Fitness","category":"gyms","subcategory":"fitness_centre","sourceId":"osm-overpass","osmType":"node","osmId":9552351558,"sourceUrl":"https://www.openstreetmap.org/node/9552351558","coordinateMethod":"OSM node","address":null,"licenceStatus":null,"scoreEligible":false,"scoreWeight":0,"sourceTags":{"name":"Anytime Fitness","brand":"Anytime Fitness","leisure":"fitness_centre","opening_hours":"24/7"}},"geometry":{"type":"Point","coordinates":[-113.9506142,51.156235]}},{"type":"Feature","id":"osm-node-9560688781","properties":{"name":"Honey Bear Daycare","category":"preschool","subcategory":"kindergarten","sourceId":"osm-overpass","osmType":"node","osmId":9560688781,"sourceUrl":"https://www.openstreetmap.org/node/9560688781","coordinateMethod":"OSM node","address":null,"licenceStatus":"not-verified","scoreEligible":false,"scoreWeight":0,"sourceTags":{"name":"Honey Bear Daycare","amenity":"kindergarten"}},"geometry":{"type":"Point","coordinates":[-113.9362755,51.0529987]}},{"type":"Feature","id":"osm-node-9581370821","properties":{"name":"Clever Daycare","category":"childcare","subcategory":"childcare","sourceId":"osm-overpass","osmType":"node","osmId":9581370821,"sourceUrl":"https://www.openstreetmap.org/node/9581370821","coordinateMethod":"OSM node","address":"4101 University Avenue NW","licenceStatus":"not-verified","scoreEligible":false,"scoreWeight":0,"sourceTags":{"name":"Clever Daycare","amenity":"childcare","opening_hours":"24/7"}},"geometry":{"type":"Point","coordinates":[-114.145682,51.0776122]}},{"type":"Feature","id":"osm-node-9581484037","properties":{"name":"Orangetheory Fitness","category":"gyms","subcategory":"fitness_centre","sourceId":"osm-overpass","osmType":"node","osmId":9581484037,"sourceUrl":"https://www.openstreetmap.org/node/9581484037","coordinateMethod":"OSM node","address":"873 85 Street SW","licenceStatus":null,"scoreEligible":false,"scoreWeight":0,"sourceTags":{"name":"Orangetheory Fitness","brand":"Orangetheory Fitness","leisure":"fitness_centre"}},"geometry":{"type":"Point","coordinates":[-114.2114923,51.0606656]}},{"type":"Feature","id":"osm-node-9581542473","properties":{"name":null,"category":"preschool","subcategory":"kindergarten","sourceId":"osm-overpass","osmType":"node","osmId":9581542473,"sourceUrl":"https://www.openstreetmap.org/node/9581542473","coordinateMethod":"OSM node","address":null,"licenceStatus":"not-verified","scoreEligible":false,"scoreWeight":0,"sourceTags":{"amenity":"kindergarten"}},"geometry":{"type":"Point","coordinates":[-114.2089188,51.0661837]}},{"type":"Feature","id":"osm-node-9581542478","properties":{"name":"Anytime Fitness","category":"gyms","subcategory":"fitness_centre","sourceId":"osm-overpass","osmType":"node","osmId":9581542478,"sourceUrl":"https://www.openstreetmap.org/node/9581542478","coordinateMethod":"OSM node","address":null,"licenceStatus":null,"scoreEligible":false,"scoreWeight":0,"sourceTags":{"name":"Anytime Fitness","brand":"Anytime Fitness","leisure":"fitness_centre"}},"geometry":{"type":"Point","coordinates":[-114.2088876,51.0667381]}},{"type":"Feature","id":"osm-node-9581560880","properties":{"name":"The Sweat Lab","category":"gyms","subcategory":"fitness_centre","sourceId":"osm-overpass","osmType":"node","osmId":9581560880,"sourceUrl":"https://www.openstreetmap.org/node/9581560880","coordinateMethod":"OSM node","address":"288 St. Moritz Drive SW","licenceStatus":null,"scoreEligible":false,"scoreWeight":0,"sourceTags":{"name":"The Sweat Lab","leisure":"fitness_centre","sport":"fitness;spin;barre;yoga;circuit"}},"geometry":{"type":"Point","coordinates":[-114.2120521,51.033978]}},{"type":"Feature","id":"osm-node-9585868079","properties":{"name":null,"category":"preschool","subcategory":"kindergarten","sourceId":"osm-overpass","osmType":"node","osmId":9585868079,"sourceUrl":"https://www.openstreetmap.org/node/9585868079","coordinateMethod":"OSM node","address":null,"licenceStatus":"not-verified","scoreEligible":false,"scoreWeight":0,"sourceTags":{"amenity":"kindergarten"}},"geometry":{"type":"Point","coordinates":[-114.1602299,51.1828324]}},{"type":"Feature","id":"osm-node-9585870366","properties":{"name":null,"category":"preschool","subcategory":"kindergarten","sourceId":"osm-overpass","osmType":"node","osmId":9585870366,"sourceUrl":"https://www.openstreetmap.org/node/9585870366","coordinateMethod":"OSM node","address":null,"licenceStatus":"not-verified","scoreEligible":false,"scoreWeight":0,"sourceTags":{"amenity":"kindergarten"}},"geometry":{"type":"Point","coordinates":[-114.158494,51.1720995]}},{"type":"Feature","id":"osm-node-9585894521","properties":{"name":"30 Minute Hit","category":"gyms","subcategory":"fitness_centre","sourceId":"osm-overpass","osmType":"node","osmId":9585894521,"sourceUrl":"https://www.openstreetmap.org/node/9585894521","coordinateMethod":"OSM node","address":null,"licenceStatus":null,"scoreEligible":false,"scoreWeight":0,"sourceTags":{"name":"30 Minute Hit","leisure":"fitness_centre"}},"geometry":{"type":"Point","coordinates":[-114.1573067,51.1821744]}},{"type":"Feature","id":"osm-node-9643818694","properties":{"name":"F45 Training","category":"gyms","subcategory":"fitness_centre","sourceId":"osm-overpass","osmType":"node","osmId":9643818694,"sourceUrl":"https://www.openstreetmap.org/node/9643818694","coordinateMethod":"OSM node","address":null,"licenceStatus":null,"scoreEligible":false,"scoreWeight":0,"sourceTags":{"name":"F45 Training","brand":"F45 Training","leisure":"fitness_centre"}},"geometry":{"type":"Point","coordinates":[-114.0289171,50.8643576]}},{"type":"Feature","id":"osm-node-9718720924","properties":{"name":"GoodLife Fitness","category":"gyms","subcategory":"fitness_centre","sourceId":"osm-overpass","osmType":"node","osmId":9718720924,"sourceUrl":"https://www.openstreetmap.org/node/9718720924","coordinateMethod":"OSM node","address":"880 16 Avenue SW","licenceStatus":null,"scoreEligible":false,"scoreWeight":0,"sourceTags":{"name":"GoodLife Fitness","brand":"GoodLife Fitness","leisure":"fitness_centre","opening_hours":"24/7","check_date":"2024-06-26"}},"geometry":{"type":"Point","coordinates":[-114.0815128,51.0383958]}},{"type":"Feature","id":"osm-node-9748007722","properties":{"name":"HotShop Spin Studio","category":"gyms","subcategory":"fitness_centre","sourceId":"osm-overpass","osmType":"node","osmId":9748007722,"sourceUrl":"https://www.openstreetmap.org/node/9748007722","coordinateMethod":"OSM node","address":"2115 4 Street SW","licenceStatus":null,"scoreEligible":false,"scoreWeight":0,"sourceTags":{"name":"HotShop Spin Studio","leisure":"fitness_centre"}},"geometry":{"type":"Point","coordinates":[-114.0717607,51.0336575]}},{"type":"Feature","id":"osm-node-9749245494","properties":{"name":"Studio Sat Nam","category":"gyms","subcategory":"fitness_centre","sourceId":"osm-overpass","osmType":"node","osmId":9749245494,"sourceUrl":"https://www.openstreetmap.org/node/9749245494","coordinateMethod":"OSM node","address":"614 17 Avenue SW","licenceStatus":null,"scoreEligible":false,"scoreWeight":0,"sourceTags":{"name":"Studio Sat Nam","leisure":"fitness_centre","sport":"yoga"}},"geometry":{"type":"Point","coordinates":[-114.075353,51.038091]}},{"type":"Feature","id":"osm-node-9816615847","properties":{"name":"Team Smandych","category":"gyms","subcategory":"fitness_centre","sourceId":"osm-overpass","osmType":"node","osmId":9816615847,"sourceUrl":"https://www.openstreetmap.org/node/9816615847","coordinateMethod":"OSM node","address":"555 11 Avenue SW","licenceStatus":null,"scoreEligible":false,"scoreWeight":0,"sourceTags":{"name":"Team Smandych","leisure":"fitness_centre","sport":"kickboxing;muay_thai"}},"geometry":{"type":"Point","coordinates":[-114.0733067,51.0423667]}},{"type":"Feature","id":"osm-node-9822212208","properties":{"name":"Kidko Child Development Centre","category":"childcare","subcategory":"childcare","sourceId":"osm-overpass","osmType":"node","osmId":9822212208,"sourceUrl":"https://www.openstreetmap.org/node/9822212208","coordinateMethod":"OSM node","address":null,"licenceStatus":"not-verified","scoreEligible":false,"scoreWeight":0,"sourceTags":{"name":"Kidko Child Development Centre","amenity":"childcare"}},"geometry":{"type":"Point","coordinates":[-114.0501681,51.0458705]}},{"type":"Feature","id":"osm-node-10007461946","properties":{"name":"Willowbrea Childcare Academy - East Hills","category":"childcare","subcategory":"childcare","sourceId":"osm-overpass","osmType":"node","osmId":10007461946,"sourceUrl":"https://www.openstreetmap.org/node/10007461946","coordinateMethod":"OSM node","address":"250 East Hills Square SE","licenceStatus":"not-verified","scoreEligible":false,"scoreWeight":0,"sourceTags":{"name":"Willowbrea Childcare Academy - East Hills","amenity":"childcare","opening_hours":"Mo-Fr 07:00-18:00"}},"geometry":{"type":"Point","coordinates":[-113.91048,51.0409204]}},{"type":"Feature","id":"osm-node-10049738715","properties":{"name":"CrushCamp","category":"gyms","subcategory":"fitness_centre","sourceId":"osm-overpass","osmType":"node","osmId":10049738715,"sourceUrl":"https://www.openstreetmap.org/node/10049738715","coordinateMethod":"OSM node","address":"530 6 Avenue SE","licenceStatus":null,"scoreEligible":false,"scoreWeight":0,"sourceTags":{"name":"CrushCamp","leisure":"fitness_centre","sport":"yoga;weightlifting"}},"geometry":{"type":"Point","coordinates":[-114.0517072,51.0472218]}},{"type":"Feature","id":"osm-node-10236082082","properties":{"name":"Family First Daycare","category":"childcare","subcategory":"childcare","sourceId":"osm-overpass","osmType":"node","osmId":10236082082,"sourceUrl":"https://www.openstreetmap.org/node/10236082082","coordinateMethod":"OSM node","address":"555 11 Avenue SW","licenceStatus":"not-verified","scoreEligible":false,"scoreWeight":0,"sourceTags":{"name":"Family First Daycare","amenity":"childcare"}},"geometry":{"type":"Point","coordinates":[-114.0734892,51.0422838]}},{"type":"Feature","id":"osm-node-10266076201","properties":{"name":"YYC Cycle Spin Studio","category":"gyms","subcategory":"fitness_centre","sourceId":"osm-overpass","osmType":"node","osmId":10266076201,"sourceUrl":"https://www.openstreetmap.org/node/10266076201","coordinateMethod":"OSM node","address":"4118 University Avenue NW","licenceStatus":null,"scoreEligible":false,"scoreWeight":0,"sourceTags":{"name":"YYC Cycle Spin Studio","leisure":"fitness_centre","sport":"fitness;cycling"}},"geometry":{"type":"Point","coordinates":[-114.1466001,51.0781973]}},{"type":"Feature","id":"osm-node-10266076203","properties":{"name":"Orangetheory Fitness","category":"gyms","subcategory":"fitness_centre","sourceId":"osm-overpass","osmType":"node","osmId":10266076203,"sourceUrl":"https://www.openstreetmap.org/node/10266076203","coordinateMethod":"OSM node","address":"4128 University Avenue NW","licenceStatus":null,"scoreEligible":false,"scoreWeight":0,"sourceTags":{"name":"Orangetheory Fitness","brand":"Orangetheory Fitness","leisure":"fitness_centre"}},"geometry":{"type":"Point","coordinates":[-114.1468982,51.0780917]}},{"type":"Feature","id":"osm-node-10293551654","properties":{"name":"Oaks & Acorns Montessori Ltd","category":"childcare","subcategory":"childcare","sourceId":"osm-overpass","osmType":"node","osmId":10293551654,"sourceUrl":"https://www.openstreetmap.org/node/10293551654","coordinateMethod":"OSM node","address":null,"licenceStatus":"not-verified","scoreEligible":false,"scoreWeight":0,"sourceTags":{"name":"Oaks & Acorns Montessori Ltd","amenity":"childcare"}},"geometry":{"type":"Point","coordinates":[-114.0577133,50.9076734]}},{"type":"Feature","id":"osm-node-10594565078","properties":{"name":"A Child First Preschool","category":"childcare","subcategory":"childcare","sourceId":"osm-overpass","osmType":"node","osmId":10594565078,"sourceUrl":"https://www.openstreetmap.org/node/10594565078","coordinateMethod":"OSM node","address":null,"licenceStatus":"not-verified","scoreEligible":false,"scoreWeight":0,"sourceTags":{"name":"A Child First Preschool","amenity":"childcare"}},"geometry":{"type":"Point","coordinates":[-114.025618,50.8865407]}},{"type":"Feature","id":"osm-node-10647104239","properties":{"name":"Wing Kei Montessori School","category":"childcare","subcategory":"childcare","sourceId":"osm-overpass","osmType":"node","osmId":10647104239,"sourceUrl":"https://www.openstreetmap.org/node/10647104239","coordinateMethod":"OSM node","address":"4120 Centre Street N","licenceStatus":"not-verified","scoreEligible":false,"scoreWeight":0,"sourceTags":{"name":"Wing Kei Montessori School","amenity":"childcare"}},"geometry":{"type":"Point","coordinates":[-114.061809,51.0890572]}},{"type":"Feature","id":"osm-node-10668375458","properties":{"name":"Barry's","category":"gyms","subcategory":"fitness_centre","sourceId":"osm-overpass","osmType":"node","osmId":10668375458,"sourceUrl":"https://www.openstreetmap.org/node/10668375458","coordinateMethod":"OSM node","address":"2306 4 Street SW","licenceStatus":null,"scoreEligible":false,"scoreWeight":0,"sourceTags":{"name":"Barry's","brand":"Barry's","leisure":"fitness_centre"}},"geometry":{"type":"Point","coordinates":[-114.0713626,51.0322016]}},{"type":"Feature","id":"osm-node-10671928902","properties":{"name":"Brentwood Sport Complex","category":"sports","subcategory":"sports_centre","sourceId":"osm-overpass","osmType":"node","osmId":10671928902,"sourceUrl":"https://www.openstreetmap.org/node/10671928902","coordinateMethod":"OSM node","address":"1520 B Northmount Drive NW","licenceStatus":null,"scoreEligible":false,"scoreWeight":0,"sourceTags":{"name":"Brentwood Sport Complex","amenity":"sport_school","leisure":"sports_centre"}},"geometry":{"type":"Point","coordinates":[-114.137897,51.0968646]}},{"type":"Feature","id":"osm-node-10671964167","properties":{"name":"Brentwood TennisCourt","category":"sports","subcategory":"sports_centre","sourceId":"osm-overpass","osmType":"node","osmId":10671964167,"sourceUrl":"https://www.openstreetmap.org/node/10671964167","coordinateMethod":"OSM node","address":null,"licenceStatus":null,"scoreEligible":false,"scoreWeight":0,"sourceTags":{"name":"Brentwood TennisCourt","amenity":"sport_school","leisure":"sports_centre","sport":"tennis"}},"geometry":{"type":"Point","coordinates":[-114.137905,51.0963513]}},{"type":"Feature","id":"osm-node-10924983438","properties":{"name":"Calgary Climbing Centre - Hanger","category":"sports","subcategory":"sports_centre","sourceId":"osm-overpass","osmType":"node","osmId":10924983438,"sourceUrl":"https://www.openstreetmap.org/node/10924983438","coordinateMethod":"OSM node","address":"588 Aero Drive NE","licenceStatus":null,"scoreEligible":false,"scoreWeight":0,"sourceTags":{"name":"Calgary Climbing Centre - Hanger","leisure":"sports_centre","sport":"climbing","opening_hours":"Mo 10:00-23:00; Tu 06:00-23:00; We 10:00-23:00; Th 06:00-23:00; Fr 10:00-23:00; Sa-Su 09:00-20:00"}},"geometry":{"type":"Point","coordinates":[-114.0352409,51.1360181]}},{"type":"Feature","id":"osm-node-10924992591","properties":{"name":"Calgary Climbing Centre - SoCal","category":"sports","subcategory":"sports_centre","sourceId":"osm-overpass","osmType":"node","osmId":10924992591,"sourceUrl":"https://www.openstreetmap.org/node/10924992591","coordinateMethod":"OSM node","address":"75 Shawville Link SE","licenceStatus":null,"scoreEligible":false,"scoreWeight":0,"sourceTags":{"name":"Calgary Climbing Centre - SoCal","leisure":"sports_centre","sport":"climbing","opening_hours":"Mo-Fr 06:00-23:00; Sa-Su 08:00-22:00"}},"geometry":{"type":"Point","coordinates":[-114.0666353,50.9002075]}},{"type":"Feature","id":"osm-node-10996503400","properties":{"name":"First Path Childcare - Daycare","category":"childcare","subcategory":"childcare","sourceId":"osm-overpass","osmType":"node","osmId":10996503400,"sourceUrl":"https://www.openstreetmap.org/node/10996503400","coordinateMethod":"OSM node","address":"10401 Braeside Drive SW","licenceStatus":"not-verified","scoreEligible":false,"scoreWeight":0,"sourceTags":{"name":"First Path Childcare - Daycare","amenity":"childcare","sport":"squash"}},"geometry":{"type":"Point","coordinates":[-114.1039628,50.9603759]}},{"type":"Feature","id":"osm-node-11012933047","properties":{"name":"Fueling Brains Academy - Braeside","category":"childcare","subcategory":"childcare","sourceId":"osm-overpass","osmType":"node","osmId":11012933047,"sourceUrl":"https://www.openstreetmap.org/node/11012933047","coordinateMethod":"OSM node","address":null,"licenceStatus":"not-verified","scoreEligible":false,"scoreWeight":0,"sourceTags":{"name":"Fueling Brains Academy - Braeside","amenity":"childcare"}},"geometry":{"type":"Point","coordinates":[-114.1159725,50.9537472]}},{"type":"Feature","id":"osm-node-11013031121","properties":{"name":"Kidz Planet","category":"childcare","subcategory":"childcare","sourceId":"osm-overpass","osmType":"node","osmId":11013031121,"sourceUrl":"https://www.openstreetmap.org/node/11013031121","coordinateMethod":"OSM node","address":"1105 7 Avenue SW","licenceStatus":"not-verified","scoreEligible":false,"scoreWeight":0,"sourceTags":{"name":"Kidz Planet","amenity":"childcare"}},"geometry":{"type":"Point","coordinates":[-114.0863904,51.0468339]}},{"type":"Feature","id":"osm-node-11051993088","properties":{"name":"Dover Daycare","category":"childcare","subcategory":"childcare","sourceId":"osm-overpass","osmType":"node","osmId":11051993088,"sourceUrl":"https://www.openstreetmap.org/node/11051993088","coordinateMethod":"OSM node","address":null,"licenceStatus":"not-verified","scoreEligible":false,"scoreWeight":0,"sourceTags":{"name":"Dover Daycare","amenity":"childcare"}},"geometry":{"type":"Point","coordinates":[-113.9827549,51.0299188]}},{"type":"Feature","id":"osm-node-11068033074","properties":{"name":"Thornhill Childcare - Dover Centre","category":"childcare","subcategory":"childcare","sourceId":"osm-overpass","osmType":"node","osmId":11068033074,"sourceUrl":"https://www.openstreetmap.org/node/11068033074","coordinateMethod":"OSM node","address":null,"licenceStatus":"not-verified","scoreEligible":false,"scoreWeight":0,"sourceTags":{"name":"Thornhill Childcare - Dover Centre","amenity":"childcare"}},"geometry":{"type":"Point","coordinates":[-113.9904222,51.0224863]}},{"type":"Feature","id":"osm-node-11098810913","properties":{"name":"Passage Studios Yoga + HIIT + Spin","category":"gyms","subcategory":"fitness_centre","sourceId":"osm-overpass","osmType":"node","osmId":11098810913,"sourceUrl":"https://www.openstreetmap.org/node/11098810913","coordinateMethod":"OSM node","address":"524 11 Avenue SW","licenceStatus":null,"scoreEligible":false,"scoreWeight":0,"sourceTags":{"name":"Passage Studios Yoga + HIIT + Spin","leisure":"fitness_centre","sport":"yoga","opening_hours":"Mo-Fr 06:30-21:00; Sa 07:45-15:00; Su 09:00-14:00"}},"geometry":{"type":"Point","coordinates":[-114.073008,51.0428632]}},{"type":"Feature","id":"osm-node-11225685982","properties":{"name":"Les Anges Childcare Centre","category":"childcare","subcategory":"childcare","sourceId":"osm-overpass","osmType":"node","osmId":11225685982,"sourceUrl":"https://www.openstreetmap.org/node/11225685982","coordinateMethod":"OSM node","address":null,"licenceStatus":"not-verified","scoreEligible":false,"scoreWeight":0,"sourceTags":{"name":"Les Anges Childcare Centre","amenity":"childcare"}},"geometry":{"type":"Point","coordinates":[-114.0601703,51.0684322]}},{"type":"Feature","id":"osm-node-11282614852","properties":{"name":"GoodLife Fitness","category":"gyms","subcategory":"fitness_centre","sourceId":"osm-overpass","osmType":"node","osmId":11282614852,"sourceUrl":"https://www.openstreetmap.org/node/11282614852","coordinateMethod":"OSM node","address":"100 Country Village Road NE","licenceStatus":null,"scoreEligible":false,"scoreWeight":0,"sourceTags":{"name":"GoodLife Fitness","brand":"GoodLife Fitness","leisure":"fitness_centre","sport":"fitness;yoga"}},"geometry":{"type":"Point","coordinates":[-114.070064,51.1618828]}},{"type":"Feature","id":"osm-node-11767780348","properties":{"name":"Activate Calgary North","category":"sports","subcategory":"sports_centre","sourceId":"osm-overpass","osmType":"node","osmId":11767780348,"sourceUrl":"https://www.openstreetmap.org/node/11767780348","coordinateMethod":"OSM node","address":null,"licenceStatus":null,"scoreEligible":false,"scoreWeight":0,"sourceTags":{"name":"Activate Calgary North","leisure":"sports_centre"}},"geometry":{"type":"Point","coordinates":[-113.9944899,51.0678742]}},{"type":"Feature","id":"osm-node-11811991870","properties":{"name":"Exceed Muay Thai","category":"gyms","subcategory":"fitness_centre","sourceId":"osm-overpass","osmType":"node","osmId":11811991870,"sourceUrl":"https://www.openstreetmap.org/node/11811991870","coordinateMethod":"OSM node","address":null,"licenceStatus":null,"scoreEligible":false,"scoreWeight":0,"sourceTags":{"name":"Exceed Muay Thai","leisure":"fitness_centre"}},"geometry":{"type":"Point","coordinates":[-114.2070396,51.1502488]}},{"type":"Feature","id":"osm-node-11811991871","properties":{"name":"Ease Yoga","category":"gyms","subcategory":"fitness_centre","sourceId":"osm-overpass","osmType":"node","osmId":11811991871,"sourceUrl":"https://www.openstreetmap.org/node/11811991871","coordinateMethod":"OSM node","address":null,"licenceStatus":null,"scoreEligible":false,"scoreWeight":0,"sourceTags":{"name":"Ease Yoga","leisure":"fitness_centre"}},"geometry":{"type":"Point","coordinates":[-114.2072124,51.1500918]}},{"type":"Feature","id":"osm-node-11865669784","properties":{"name":"Fit Body Boot Camp","category":"gyms","subcategory":"fitness_centre","sourceId":"osm-overpass","osmType":"node","osmId":11865669784,"sourceUrl":"https://www.openstreetmap.org/node/11865669784","coordinateMethod":"OSM node","address":"5255 Richmond Road SW","licenceStatus":null,"scoreEligible":false,"scoreWeight":0,"sourceTags":{"name":"Fit Body Boot Camp","leisure":"fitness_centre"}},"geometry":{"type":"Point","coordinates":[-114.1605052,51.0167029]}},{"type":"Feature","id":"osm-node-11908243318","properties":{"name":"Calgary Hot Yoga","category":"gyms","subcategory":"fitness_centre","sourceId":"osm-overpass","osmType":"node","osmId":11908243318,"sourceUrl":"https://www.openstreetmap.org/node/11908243318","coordinateMethod":"OSM node","address":"3803 26 Avenue SW","licenceStatus":null,"scoreEligible":false,"scoreWeight":0,"sourceTags":{"name":"Calgary Hot Yoga","leisure":"fitness_centre","sport":"yoga"}},"geometry":{"type":"Point","coordinates":[-114.141784,51.0297796]}},{"type":"Feature","id":"osm-node-12035514150","properties":{"name":"EverFlex Fitness","category":"gyms","subcategory":"fitness_centre","sourceId":"osm-overpass","osmType":"node","osmId":12035514150,"sourceUrl":"https://www.openstreetmap.org/node/12035514150","coordinateMethod":"OSM node","address":"2010 35 Avenue Southwest","licenceStatus":null,"scoreEligible":false,"scoreWeight":0,"sourceTags":{"name":"EverFlex Fitness","leisure":"fitness_centre","opening_hours":"Mo-Su 06:00-20:00"}},"geometry":{"type":"Point","coordinates":[-114.1068865,51.0224535]}},{"type":"Feature","id":"osm-node-12042746376","properties":{"name":"Planet Fitness","category":"gyms","subcategory":"fitness_centre","sourceId":"osm-overpass","osmType":"node","osmId":12042746376,"sourceUrl":"https://www.openstreetmap.org/node/12042746376","coordinateMethod":"OSM node","address":null,"licenceStatus":null,"scoreEligible":false,"scoreWeight":0,"sourceTags":{"name":"Planet Fitness","brand":"Planet Fitness","leisure":"fitness_centre"}},"geometry":{"type":"Point","coordinates":[-113.959523,51.0361626]}},{"type":"Feature","id":"osm-node-12272533482","properties":{"name":"The Run Lounge","category":"gyms","subcategory":"fitness_centre","sourceId":"osm-overpass","osmType":"node","osmId":12272533482,"sourceUrl":"https://www.openstreetmap.org/node/12272533482","coordinateMethod":"OSM node","address":"144 2 Street SW","licenceStatus":null,"scoreEligible":false,"scoreWeight":0,"sourceTags":{"name":"The Run Lounge","leisure":"fitness_centre","sport":"running","opening_hours":"Mo off; Tu-We 11:30-19:00; Th-Fr 07:00-13:00; Sa 08:00-12:00"}},"geometry":{"type":"Point","coordinates":[-114.0673102,51.052587]}},{"type":"Feature","id":"osm-node-12291353706","properties":{"name":"Anova Fitness","category":"gyms","subcategory":"fitness_centre","sourceId":"osm-overpass","osmType":"node","osmId":12291353706,"sourceUrl":"https://www.openstreetmap.org/node/12291353706","coordinateMethod":"OSM node","address":"4818 16 Street SW","licenceStatus":null,"scoreEligible":false,"scoreWeight":0,"sourceTags":{"name":"Anova Fitness","leisure":"fitness_centre","opening_hours":"Mo-Fr 05:00-21:30; Sa-Su 07:00-17:00"}},"geometry":{"type":"Point","coordinates":[-114.0999279,51.0109178]}},{"type":"Feature","id":"osm-node-12432072603","properties":{"name":"Achieve Daycare Centre","category":"childcare","subcategory":"childcare","sourceId":"osm-overpass","osmType":"node","osmId":12432072603,"sourceUrl":"https://www.openstreetmap.org/node/12432072603","coordinateMethod":"OSM node","address":"8991 Bonaventure Drive SE","licenceStatus":"not-verified","scoreEligible":false,"scoreWeight":0,"sourceTags":{"name":"Achieve Daycare Centre","amenity":"childcare"}},"geometry":{"type":"Point","coordinates":[-114.0691703,50.9733055]}},{"type":"Feature","id":"osm-node-12459817220","properties":{"name":"Moveology","category":"gyms","subcategory":"fitness_centre","sourceId":"osm-overpass","osmType":"node","osmId":12459817220,"sourceUrl":"https://www.openstreetmap.org/node/12459817220","coordinateMethod":"OSM node","address":"1202 20 Avenue SE","licenceStatus":null,"scoreEligible":false,"scoreWeight":0,"sourceTags":{"name":"Moveology","leisure":"fitness_centre","sport":"yoga;barre"}},"geometry":{"type":"Point","coordinates":[-114.0365126,51.0358396]}},{"type":"Feature","id":"osm-node-12535301988","properties":{"name":"F45 Training","category":"gyms","subcategory":"fitness_centre","sourceId":"osm-overpass","osmType":"node","osmId":12535301988,"sourceUrl":"https://www.openstreetmap.org/node/12535301988","coordinateMethod":"OSM node","address":null,"licenceStatus":null,"scoreEligible":false,"scoreWeight":0,"sourceTags":{"name":"F45 Training","brand":"F45 Training","leisure":"fitness_centre","sport":"fitness"}},"geometry":{"type":"Point","coordinates":[-114.0782943,50.9234991]}},{"type":"Feature","id":"osm-node-12535301989","properties":{"name":"WiseKids Academy","category":"preschool","subcategory":"kindergarten","sourceId":"osm-overpass","osmType":"node","osmId":12535301989,"sourceUrl":"https://www.openstreetmap.org/node/12535301989","coordinateMethod":"OSM node","address":null,"licenceStatus":"not-verified","scoreEligible":false,"scoreWeight":0,"sourceTags":{"name":"WiseKids Academy","amenity":"kindergarten"}},"geometry":{"type":"Point","coordinates":[-114.0784398,50.923512]}},{"type":"Feature","id":"osm-node-12542895721","properties":{"name":"Fitness 1440","category":"gyms","subcategory":"fitness_centre","sourceId":"osm-overpass","osmType":"node","osmId":12542895721,"sourceUrl":"https://www.openstreetmap.org/node/12542895721","coordinateMethod":"OSM node","address":null,"licenceStatus":null,"scoreEligible":false,"scoreWeight":0,"sourceTags":{"name":"Fitness 1440","leisure":"fitness_centre"}},"geometry":{"type":"Point","coordinates":[-114.0111623,50.8624025]}},{"type":"Feature","id":"osm-node-12554759248","properties":{"name":"F45 Training","category":"gyms","subcategory":"fitness_centre","sourceId":"osm-overpass","osmType":"node","osmId":12554759248,"sourceUrl":"https://www.openstreetmap.org/node/12554759248","coordinateMethod":"OSM node","address":"150 Range Crescent NW","licenceStatus":null,"scoreEligible":false,"scoreWeight":0,"sourceTags":{"name":"F45 Training","brand":"F45 Training","leisure":"fitness_centre","check_date":"2025-07-16"}},"geometry":{"type":"Point","coordinates":[-114.196073,51.126952]}},{"type":"Feature","id":"osm-node-12563938828","properties":{"name":null,"category":"childcare","subcategory":"childcare","sourceId":"osm-overpass","osmType":"node","osmId":12563938828,"sourceUrl":"https://www.openstreetmap.org/node/12563938828","coordinateMethod":"OSM node","address":null,"licenceStatus":"not-verified","scoreEligible":false,"scoreWeight":0,"sourceTags":{"amenity":"childcare"}},"geometry":{"type":"Point","coordinates":[-113.9629042,51.1646837]}},{"type":"Feature","id":"osm-node-12594948595","properties":{"name":"Calgary Boxing Club","category":"gyms","subcategory":"fitness_centre","sourceId":"osm-overpass","osmType":"node","osmId":12594948595,"sourceUrl":"https://www.openstreetmap.org/node/12594948595","coordinateMethod":"OSM node","address":"2005 10 Avenue SW","licenceStatus":null,"scoreEligible":false,"scoreWeight":0,"sourceTags":{"name":"Calgary Boxing Club","leisure":"fitness_centre","sport":"boxing"}},"geometry":{"type":"Point","coordinates":[-114.1073307,51.0443049]}},{"type":"Feature","id":"osm-node-12619008321","properties":{"name":"World Gym","category":"gyms","subcategory":"fitness_centre","sourceId":"osm-overpass","osmType":"node","osmId":12619008321,"sourceUrl":"https://www.openstreetmap.org/node/12619008321","coordinateMethod":"OSM node","address":"401 9 Avenue SW","licenceStatus":null,"scoreEligible":false,"scoreWeight":0,"sourceTags":{"name":"World Gym","brand":"World Gym","leisure":"fitness_centre"}},"geometry":{"type":"Point","coordinates":[-114.0707546,51.0445354]}},{"type":"Feature","id":"osm-node-12639124178","properties":{"name":"Wee Wild Ones","category":"childcare","subcategory":"childcare","sourceId":"osm-overpass","osmType":"node","osmId":12639124178,"sourceUrl":"https://www.openstreetmap.org/node/12639124178","coordinateMethod":"OSM node","address":"711 2 Avenue NE","licenceStatus":"not-verified","scoreEligible":false,"scoreWeight":0,"sourceTags":{"name":"Wee Wild Ones","amenity":"childcare"}},"geometry":{"type":"Point","coordinates":[-114.0476984,51.0545085]}},{"type":"Feature","id":"osm-node-12646284472","properties":{"name":"Heartland Agency","category":"childcare","subcategory":"childcare","sourceId":"osm-overpass","osmType":"node","osmId":12646284472,"sourceUrl":"https://www.openstreetmap.org/node/12646284472","coordinateMethod":"OSM node","address":"1625 18 Street NE","licenceStatus":"not-verified","scoreEligible":false,"scoreWeight":0,"sourceTags":{"name":"Heartland Agency","amenity":"childcare"}},"geometry":{"type":"Point","coordinates":[-114.0165928,51.0662497]}},{"type":"Feature","id":"osm-node-12651855493","properties":{"name":"PŌZEN yoga","category":"gyms","subcategory":"fitness_centre","sourceId":"osm-overpass","osmType":"node","osmId":12651855493,"sourceUrl":"https://www.openstreetmap.org/node/12651855493","coordinateMethod":"OSM node","address":"125 Oakmoor Place SW","licenceStatus":null,"scoreEligible":false,"scoreWeight":0,"sourceTags":{"name":"PŌZEN yoga","leisure":"fitness_centre","sport":"yoga","opening_hours":"Mo-Tu 18:00-21:00; We 09:30-10:30,18:00-21:00; Th 18:00-21:00; Fr 09:30-10:30,18:00-21:00; Sa 09:00-12:00; Su 09:00-13:00"}},"geometry":{"type":"Point","coordinates":[-114.1219537,50.9622246]}},{"type":"Feature","id":"osm-node-12801214957","properties":{"name":"10th Street Boxing","category":"gyms","subcategory":"fitness_centre","sourceId":"osm-overpass","osmType":"node","osmId":12801214957,"sourceUrl":"https://www.openstreetmap.org/node/12801214957","coordinateMethod":"OSM node","address":"306 10 Street NW","licenceStatus":null,"scoreEligible":false,"scoreWeight":0,"sourceTags":{"name":"10th Street Boxing","leisure":"fitness_centre","sport":"boxing"}},"geometry":{"type":"Point","coordinates":[-114.0857295,51.0543035]}},{"type":"Feature","id":"osm-node-12880023725","properties":{"name":"Creative Munchkins Childcare","category":"childcare","subcategory":"childcare","sourceId":"osm-overpass","osmType":"node","osmId":12880023725,"sourceUrl":"https://www.openstreetmap.org/node/12880023725","coordinateMethod":"OSM node","address":"4623 Bowness Road NW","licenceStatus":"not-verified","scoreEligible":false,"scoreWeight":0,"sourceTags":{"name":"Creative Munchkins Childcare","amenity":"childcare","opening_hours":"Mo-Fr 06:30-18:00; Sa-Su,PH off"}},"geometry":{"type":"Point","coordinates":[-114.1600707,51.0719578]}},{"type":"Feature","id":"osm-node-12981258011","properties":{"name":"Spanish Creations Academy","category":"preschool","subcategory":"kindergarten","sourceId":"osm-overpass","osmType":"node","osmId":12981258011,"sourceUrl":"https://www.openstreetmap.org/node/12981258011","coordinateMethod":"OSM node","address":"2830 Morley Trail NW","licenceStatus":"not-verified","scoreEligible":false,"scoreWeight":0,"sourceTags":{"name":"Spanish Creations Academy","amenity":"kindergarten"}},"geometry":{"type":"Point","coordinates":[-114.1138066,51.0787353]}},{"type":"Feature","id":"osm-node-12981497105","properties":{"name":"BARRE BELLE | Kensington","category":"gyms","subcategory":"fitness_centre","sourceId":"osm-overpass","osmType":"node","osmId":12981497105,"sourceUrl":"https://www.openstreetmap.org/node/12981497105","coordinateMethod":"OSM node","address":"1110 Kensington Road NW","licenceStatus":null,"scoreEligible":false,"scoreWeight":0,"sourceTags":{"name":"BARRE BELLE | Kensington","leisure":"fitness_centre"}},"geometry":{"type":"Point","coordinates":[-114.0865739,51.0526925]}},{"type":"Feature","id":"osm-node-12981497108","properties":{"name":"Yoga Beyond","category":"gyms","subcategory":"fitness_centre","sourceId":"osm-overpass","osmType":"node","osmId":12981497108,"sourceUrl":"https://www.openstreetmap.org/node/12981497108","coordinateMethod":"OSM node","address":"1414 Kensington Road NW","licenceStatus":null,"scoreEligible":false,"scoreWeight":0,"sourceTags":{"name":"Yoga Beyond","leisure":"fitness_centre","sport":"yoga"}},"geometry":{"type":"Point","coordinates":[-114.0928127,51.0526893]}},{"type":"Feature","id":"osm-node-12981497110","properties":{"name":null,"category":"gyms","subcategory":"fitness_centre","sourceId":"osm-overpass","osmType":"node","osmId":12981497110,"sourceUrl":"https://www.openstreetmap.org/node/12981497110","coordinateMethod":"OSM node","address":"1414 Kensington Road NW","licenceStatus":null,"scoreEligible":false,"scoreWeight":0,"sourceTags":{"leisure":"fitness_centre"}},"geometry":{"type":"Point","coordinates":[-114.0925417,51.052824]}},{"type":"Feature","id":"osm-node-12993289245","properties":{"name":"Church Fitness","category":"gyms","subcategory":"fitness_centre","sourceId":"osm-overpass","osmType":"node","osmId":12993289245,"sourceUrl":"https://www.openstreetmap.org/node/12993289245","coordinateMethod":"OSM node","address":"88 Crowfoot Terrace NW","licenceStatus":null,"scoreEligible":false,"scoreWeight":0,"sourceTags":{"name":"Church Fitness","leisure":"fitness_centre","check_date":"2025-07-22"}},"geometry":{"type":"Point","coordinates":[-114.2015819,51.1288016]}},{"type":"Feature","id":"osm-node-12999458133","properties":{"name":"Child Enrichment Centre","category":"childcare","subcategory":"childcare","sourceId":"osm-overpass","osmType":"node","osmId":12999458133,"sourceUrl":"https://www.openstreetmap.org/node/12999458133","coordinateMethod":"OSM node","address":"3415 8 Avenue SW","licenceStatus":"not-verified","scoreEligible":false,"scoreWeight":0,"sourceTags":{"name":"Child Enrichment Centre","amenity":"childcare","opening_hours":"Mo-Fr 07:15-17:30; Sa,Su,PH off","operator":"Child Enrichment Centre Society"}},"geometry":{"type":"Point","coordinates":[-114.1371717,51.0446927]}},{"type":"Feature","id":"osm-node-12999458135","properties":{"name":"Shaganappi Family Day Home","category":"childcare","subcategory":"childcare","sourceId":"osm-overpass","osmType":"node","osmId":12999458135,"sourceUrl":"https://www.openstreetmap.org/node/12999458135","coordinateMethod":"OSM node","address":"3415 8 Avenue SW","licenceStatus":"not-verified","scoreEligible":false,"scoreWeight":0,"sourceTags":{"name":"Shaganappi Family Day Home","amenity":"childcare"}},"geometry":{"type":"Point","coordinates":[-114.1368739,51.0446814]}},{"type":"Feature","id":"osm-node-13007208250","properties":{"name":"Anytime Fitness","category":"gyms","subcategory":"fitness_centre","sourceId":"osm-overpass","osmType":"node","osmId":13007208250,"sourceUrl":"https://www.openstreetmap.org/node/13007208250","coordinateMethod":"OSM node","address":null,"licenceStatus":null,"scoreEligible":false,"scoreWeight":0,"sourceTags":{"name":"Anytime Fitness","brand":"Anytime Fitness","leisure":"fitness_centre","opening_hours":"24/7"}},"geometry":{"type":"Point","coordinates":[-114.1972447,51.1229765]}},{"type":"Feature","id":"osm-node-13007208259","properties":{"name":"Brightpath Early Learning and Childcare","category":"childcare","subcategory":"childcare","sourceId":"osm-overpass","osmType":"node","osmId":13007208259,"sourceUrl":"https://www.openstreetmap.org/node/13007208259","coordinateMethod":"OSM node","address":"1829 Ranchlands Boulevard NW","licenceStatus":"not-verified","scoreEligible":false,"scoreWeight":0,"sourceTags":{"name":"Brightpath Early Learning and Childcare","amenity":"childcare","opening_hours":"Mo-Su 06:30-18:00"}},"geometry":{"type":"Point","coordinates":[-114.1980355,51.1233414]}},{"type":"Feature","id":"osm-node-13007477001","properties":{"name":"Smashcity Gao","category":"sports","subcategory":"sports_centre","sourceId":"osm-overpass","osmType":"node","osmId":13007477001,"sourceUrl":"https://www.openstreetmap.org/node/13007477001","coordinateMethod":"OSM node","address":"4839 47 Street SE","licenceStatus":null,"scoreEligible":false,"scoreWeight":0,"sourceTags":{"name":"Smashcity Gao","leisure":"sports_centre","sport":"badminton"}},"geometry":{"type":"Point","coordinates":[-113.9659699,51.0110201]}},{"type":"Feature","id":"osm-node-13007598959","properties":{"name":"We Scouts","category":"childcare","subcategory":"childcare","sourceId":"osm-overpass","osmType":"node","osmId":13007598959,"sourceUrl":"https://www.openstreetmap.org/node/13007598959","coordinateMethod":"OSM node","address":"7110 Fisher Road SE","licenceStatus":"not-verified","scoreEligible":false,"scoreWeight":0,"sourceTags":{"name":"We Scouts","amenity":"childcare","opening_hours":"Mo-Fr 06:30-18:00; Sa-Su 08:00-17:00"}},"geometry":{"type":"Point","coordinates":[-114.067528,50.9911542]}},{"type":"Feature","id":"osm-node-13018285238","properties":{"name":"Club Pilates","category":"gyms","subcategory":"fitness_centre","sourceId":"osm-overpass","osmType":"node","osmId":13018285238,"sourceUrl":"https://www.openstreetmap.org/node/13018285238","coordinateMethod":"OSM node","address":"2107 34 Avenue SW","licenceStatus":null,"scoreEligible":false,"scoreWeight":0,"sourceTags":{"name":"Club Pilates","brand":"Club Pilates","leisure":"fitness_centre","sport":"pilates","opening_hours":"Mo 07:00-20:00; Tu 07:30-20:30; We 06:00-20:00; Th 06:30-20:30; Fr 07:00-19:00; Sa 08:30-13:30; Su 09:00-13:00"}},"geometry":{"type":"Point","coordinates":[-114.1096086,51.023063]}},{"type":"Feature","id":"osm-node-13023363801","properties":{"name":"Zebra Crossing (Mahogany)","category":"preschool","subcategory":"kindergarten","sourceId":"osm-overpass","osmType":"node","osmId":13023363801,"sourceUrl":"https://www.openstreetmap.org/node/13023363801","coordinateMethod":"OSM node","address":"180 Mahogany Gardens SE","licenceStatus":"not-verified","scoreEligible":false,"scoreWeight":0,"sourceTags":{"name":"Zebra Crossing (Mahogany)","amenity":"kindergarten"}},"geometry":{"type":"Point","coordinates":[-113.9342383,50.8961626]}},{"type":"Feature","id":"osm-node-13049085869","properties":{"name":"Royal Daycare Centre","category":"childcare","subcategory":"childcare","sourceId":"osm-overpass","osmType":"node","osmId":13049085869,"sourceUrl":"https://www.openstreetmap.org/node/13049085869","coordinateMethod":"OSM node","address":"500 Royal Oak Drive NW","licenceStatus":"not-verified","scoreEligible":false,"scoreWeight":0,"sourceTags":{"name":"Royal Daycare Centre","amenity":"childcare","opening_hours":"Mo-Fr 06:30-18:00"}},"geometry":{"type":"Point","coordinates":[-114.2330781,51.1393882]}},{"type":"Feature","id":"osm-node-13057325642","properties":{"name":"Bolder Climbing Community","category":"sports","subcategory":"sports_centre","sourceId":"osm-overpass","osmType":"node","osmId":13057325642,"sourceUrl":"https://www.openstreetmap.org/node/13057325642","coordinateMethod":"OSM node","address":"5508 1 Street SE","licenceStatus":null,"scoreEligible":false,"scoreWeight":0,"sourceTags":{"name":"Bolder Climbing Community","leisure":"sports_centre","sport":"climbing"}},"geometry":{"type":"Point","coordinates":[-114.061477,51.0052807]}},{"type":"Feature","id":"osm-node-13099836744","properties":{"name":"Preferred Child Care","category":"childcare","subcategory":"childcare","sourceId":"osm-overpass","osmType":"node","osmId":13099836744,"sourceUrl":"https://www.openstreetmap.org/node/13099836744","coordinateMethod":"OSM node","address":"3109 Palliser Drive SW","licenceStatus":"not-verified","scoreEligible":false,"scoreWeight":0,"sourceTags":{"name":"Preferred Child Care","amenity":"childcare"}},"geometry":{"type":"Point","coordinates":[-114.1311704,50.9703142]}},{"type":"Feature","id":"osm-node-13108169822","properties":{"name":"Family First Childcare","category":"childcare","subcategory":"childcare","sourceId":"osm-overpass","osmType":"node","osmId":13108169822,"sourceUrl":"https://www.openstreetmap.org/node/13108169822","coordinateMethod":"OSM node","address":"2439 54 Avenue SW","licenceStatus":"not-verified","scoreEligible":false,"scoreWeight":0,"sourceTags":{"name":"Family First Childcare","amenity":"childcare"}},"geometry":{"type":"Point","coordinates":[-114.1167169,51.0042598]}},{"type":"Feature","id":"osm-node-13121583723","properties":{"name":"Sun Valley Kids Academy","category":"preschool","subcategory":"kindergarten","sourceId":"osm-overpass","osmType":"node","osmId":13121583723,"sourceUrl":"https://www.openstreetmap.org/node/13121583723","coordinateMethod":"OSM node","address":"2210 2 Street SW","licenceStatus":"not-verified","scoreEligible":false,"scoreWeight":0,"sourceTags":{"name":"Sun Valley Kids Academy","amenity":"kindergarten"}},"geometry":{"type":"Point","coordinates":[-114.0673551,51.0318746]}},{"type":"Feature","id":"osm-node-13137171586","properties":{"name":"Workforce Fitness Performance Center","category":"gyms","subcategory":"fitness_centre","sourceId":"osm-overpass","osmType":"node","osmId":13137171586,"sourceUrl":"https://www.openstreetmap.org/node/13137171586","coordinateMethod":"OSM node","address":"2015 32 Avenue NE","licenceStatus":null,"scoreEligible":false,"scoreWeight":0,"sourceTags":{"name":"Workforce Fitness Performance Center","leisure":"fitness_centre","sport":"wrestling"}},"geometry":{"type":"Point","coordinates":[-114.0096366,51.0810253]}},{"type":"Feature","id":"osm-node-13143811890","properties":{"name":"Gold's Gym","category":"gyms","subcategory":"fitness_centre","sourceId":"osm-overpass","osmType":"node","osmId":13143811890,"sourceUrl":"https://www.openstreetmap.org/node/13143811890","coordinateMethod":"OSM node","address":null,"licenceStatus":null,"scoreEligible":false,"scoreWeight":0,"sourceTags":{"name":"Gold's Gym","brand":"Gold's Gym","leisure":"fitness_centre"}},"geometry":{"type":"Point","coordinates":[-114.1451306,50.9436171]}},{"type":"Feature","id":"osm-node-13156904546","properties":{"name":"The Academy","category":"gyms","subcategory":"fitness_centre","sourceId":"osm-overpass","osmType":"node","osmId":13156904546,"sourceUrl":"https://www.openstreetmap.org/node/13156904546","coordinateMethod":"OSM node","address":"637 11 Avenue SW","licenceStatus":null,"scoreEligible":false,"scoreWeight":0,"sourceTags":{"name":"The Academy","leisure":"fitness_centre","opening_hours":"Mo 08:00-20:00; Tu-Th 06:30-20:00; Fr 07:30-18:30; PH 08:30-13:30"}},"geometry":{"type":"Point","coordinates":[-114.0762742,51.0424051]}},{"type":"Feature","id":"osm-node-13176969506","properties":{"name":"Monkey Ville Childcare","category":"childcare","subcategory":"childcare","sourceId":"osm-overpass","osmType":"node","osmId":13176969506,"sourceUrl":"https://www.openstreetmap.org/node/13176969506","coordinateMethod":"OSM node","address":"7750 Ranchview Drive NW","licenceStatus":"not-verified","scoreEligible":false,"scoreWeight":0,"sourceTags":{"name":"Monkey Ville Childcare","amenity":"childcare","check_date":"2025-09-28"}},"geometry":{"type":"Point","coordinates":[-114.1811065,51.1205696]}},{"type":"Feature","id":"osm-node-13184996046","properties":{"name":"One on One Fitness","category":"gyms","subcategory":"fitness_centre","sourceId":"osm-overpass","osmType":"node","osmId":13184996046,"sourceUrl":"https://www.openstreetmap.org/node/13184996046","coordinateMethod":"OSM node","address":"1516 17 Avenue SW","licenceStatus":null,"scoreEligible":false,"scoreWeight":0,"sourceTags":{"name":"One on One Fitness","leisure":"fitness_centre","opening_hours":"Mo-Fr 06:30-20:30; Sa 07:00-15:00; Su off"}},"geometry":{"type":"Point","coordinates":[-114.0962333,51.0379956]}},{"type":"Feature","id":"osm-node-13203522465","properties":{"name":"Calgary Kids Montessori Academy","category":"childcare","subcategory":"childcare","sourceId":"osm-overpass","osmType":"node","osmId":13203522465,"sourceUrl":"https://www.openstreetmap.org/node/13203522465","coordinateMethod":"OSM node","address":"9937 Fairmount Drive SE","licenceStatus":"not-verified","scoreEligible":false,"scoreWeight":0,"sourceTags":{"name":"Calgary Kids Montessori Academy","amenity":"childcare"}},"geometry":{"type":"Point","coordinates":[-114.0590617,50.9622454]}},{"type":"Feature","id":"osm-node-13256614601","properties":{"name":"South Calgary Squash Club","category":"sports","subcategory":"sports_centre","sourceId":"osm-overpass","osmType":"node","osmId":13256614601,"sourceUrl":"https://www.openstreetmap.org/node/13256614601","coordinateMethod":"OSM node","address":"10401 Braeside Drive SW","licenceStatus":null,"scoreEligible":false,"scoreWeight":0,"sourceTags":{"name":"South Calgary Squash Club","leisure":"sports_centre"}},"geometry":{"type":"Point","coordinates":[-114.1044129,50.9603209]}},{"type":"Feature","id":"osm-node-13288335902","properties":{"name":"Fit Body Boot Camp","category":"gyms","subcategory":"fitness_centre","sourceId":"osm-overpass","osmType":"node","osmId":13288335902,"sourceUrl":"https://www.openstreetmap.org/node/13288335902","coordinateMethod":"OSM node","address":null,"licenceStatus":null,"scoreEligible":false,"scoreWeight":0,"sourceTags":{"name":"Fit Body Boot Camp","leisure":"fitness_centre"}},"geometry":{"type":"Point","coordinates":[-113.9452784,50.8956469]}},{"type":"Feature","id":"osm-node-13291451288","properties":{"name":"Breathe Hot Yoga","category":"gyms","subcategory":"fitness_centre","sourceId":"osm-overpass","osmType":"node","osmId":13291451288,"sourceUrl":"https://www.openstreetmap.org/node/13291451288","coordinateMethod":"OSM node","address":"818 49 Avenue SW","licenceStatus":null,"scoreEligible":false,"scoreWeight":0,"sourceTags":{"name":"Breathe Hot Yoga","leisure":"fitness_centre","sport":"yoga"}},"geometry":{"type":"Point","coordinates":[-114.0827038,51.0097715]}},{"type":"Feature","id":"osm-node-13321405497","properties":{"name":"F45 Training","category":"gyms","subcategory":"fitness_centre","sourceId":"osm-overpass","osmType":"node","osmId":13321405497,"sourceUrl":"https://www.openstreetmap.org/node/13321405497","coordinateMethod":"OSM node","address":"2515 90 Avenue SW","licenceStatus":null,"scoreEligible":false,"scoreWeight":0,"sourceTags":{"name":"F45 Training","brand":"F45 Training","leisure":"fitness_centre"}},"geometry":{"type":"Point","coordinates":[-114.1186628,50.9719117]}},{"type":"Feature","id":"osm-node-13329203431","properties":{"name":"Bolder Elevated","category":"sports","subcategory":"sports_centre","sourceId":"osm-overpass","osmType":"node","osmId":13329203431,"sourceUrl":"https://www.openstreetmap.org/node/13329203431","coordinateMethod":"OSM node","address":"12686 48 Street SE","licenceStatus":null,"scoreEligible":false,"scoreWeight":0,"sourceTags":{"name":"Bolder Elevated","leisure":"sports_centre","sport":"climbing","opening_hours":"Mo-Fr 09:00-23:00; Sa-Su 09:00-22:00","fee":"yes"}},"geometry":{"type":"Point","coordinates":[-113.9643892,50.935318]}},{"type":"Feature","id":"osm-node-13354531676","properties":{"name":"Home Lifestyle Club","category":"gyms","subcategory":"fitness_centre","sourceId":"osm-overpass","osmType":"node","osmId":13354531676,"sourceUrl":"https://www.openstreetmap.org/node/13354531676","coordinateMethod":"OSM node","address":"300A 17 Avenue SW","licenceStatus":null,"scoreEligible":false,"scoreWeight":0,"sourceTags":{"name":"Home Lifestyle Club","leisure":"fitness_centre"}},"geometry":{"type":"Point","coordinates":[-114.068765,51.0380953]}},{"type":"Feature","id":"osm-node-13364185256","properties":{"name":"Speeders","category":"sports","subcategory":"sports_centre","sourceId":"osm-overpass","osmType":"node","osmId":13364185256,"sourceUrl":"https://www.openstreetmap.org/node/13364185256","coordinateMethod":"OSM node","address":"324 58 Avenue SE","licenceStatus":null,"scoreEligible":false,"scoreWeight":0,"sourceTags":{"name":"Speeders","leisure":"sports_centre","sport":"karting","opening_hours":"Mo-Th 11:00-22:00; Fr 11:00-24:00; Sa 10:00-24:00; Su 10:00-22:00","fee":"yes"}},"geometry":{"type":"Point","coordinates":[-114.0583712,51.0026936]}},{"type":"Feature","id":"osm-node-13364185257","properties":{"name":"Willowbrae Academy","category":"childcare","subcategory":"childcare","sourceId":"osm-overpass","osmType":"node","osmId":13364185257,"sourceUrl":"https://www.openstreetmap.org/node/13364185257","coordinateMethod":"OSM node","address":"5710 2 Street SE","licenceStatus":"not-verified","scoreEligible":false,"scoreWeight":0,"sourceTags":{"name":"Willowbrae Academy","amenity":"childcare","opening_hours":"Mo-Fr 07:00-17:30"}},"geometry":{"type":"Point","coordinates":[-114.0595507,51.0032187]}},{"type":"Feature","id":"osm-node-13388205964","properties":{"name":"The Method","category":"gyms","subcategory":"fitness_centre","sourceId":"osm-overpass","osmType":"node","osmId":13388205964,"sourceUrl":"https://www.openstreetmap.org/node/13388205964","coordinateMethod":"OSM node","address":"402 12 Avenue SE","licenceStatus":null,"scoreEligible":false,"scoreWeight":0,"sourceTags":{"name":"The Method","leisure":"fitness_centre"}},"geometry":{"type":"Point","coordinates":[-114.0556128,51.0413652]}},{"type":"Feature","id":"osm-node-13417018997","properties":{"name":"Kidz PLanet Daycare","category":"childcare","subcategory":"childcare","sourceId":"osm-overpass","osmType":"node","osmId":13417018997,"sourceUrl":"https://www.openstreetmap.org/node/13417018997","coordinateMethod":"OSM node","address":null,"licenceStatus":"not-verified","scoreEligible":false,"scoreWeight":0,"sourceTags":{"name":"Kidz PLanet Daycare","amenity":"childcare"}},"geometry":{"type":"Point","coordinates":[-114.0839613,51.0463277]}},{"type":"Feature","id":"osm-node-13469211486","properties":{"name":"Lagree YYC","category":"gyms","subcategory":"fitness_centre","sourceId":"osm-overpass","osmType":"node","osmId":13469211486,"sourceUrl":"https://www.openstreetmap.org/node/13469211486","coordinateMethod":"OSM node","address":"3105 McCaig Street NW","licenceStatus":null,"scoreEligible":false,"scoreWeight":0,"sourceTags":{"name":"Lagree YYC","leisure":"fitness_centre","sport":"fitness;pilates"}},"geometry":{"type":"Point","coordinates":[-114.1431942,51.0786653]}},{"type":"Feature","id":"osm-node-13469217514","properties":{"name":"Lagree YYC","category":"gyms","subcategory":"fitness_centre","sourceId":"osm-overpass","osmType":"node","osmId":13469217514,"sourceUrl":"https://www.openstreetmap.org/node/13469217514","coordinateMethod":"OSM node","address":"1851 Sirocco Drive SW","licenceStatus":null,"scoreEligible":false,"scoreWeight":0,"sourceTags":{"name":"Lagree YYC","leisure":"fitness_centre","sport":"fitness;pilates"}},"geometry":{"type":"Point","coordinates":[-114.1676486,51.0373536]}},{"type":"Feature","id":"osm-node-13501685543","properties":{"name":"Anytime Fitness","category":"gyms","subcategory":"fitness_centre","sourceId":"osm-overpass","osmType":"node","osmId":13501685543,"sourceUrl":"https://www.openstreetmap.org/node/13501685543","coordinateMethod":"OSM node","address":"1222 1 Street SW","licenceStatus":null,"scoreEligible":false,"scoreWeight":0,"sourceTags":{"name":"Anytime Fitness","brand":"Anytime Fitness","leisure":"fitness_centre","opening_hours":"24/7"}},"geometry":{"type":"Point","coordinates":[-114.0655436,51.0410651]}},{"type":"Feature","id":"osm-node-13604250997","properties":{"name":"Golf Park","category":"gyms","subcategory":"fitness_centre","sourceId":"osm-overpass","osmType":"node","osmId":13604250997,"sourceUrl":"https://www.openstreetmap.org/node/13604250997","coordinateMethod":"OSM node","address":"5466 Signal Hill Centre SW","licenceStatus":null,"scoreEligible":false,"scoreWeight":0,"sourceTags":{"name":"Golf Park","leisure":"fitness_centre","sport":"golf"}},"geometry":{"type":"Point","coordinates":[-114.1670073,51.0215874]}},{"type":"Feature","id":"osm-node-13608243607","properties":{"name":"Only Nutrition & Fitness","category":"gyms","subcategory":"fitness_centre","sourceId":"osm-overpass","osmType":"node","osmId":13608243607,"sourceUrl":"https://www.openstreetmap.org/node/13608243607","coordinateMethod":"OSM node","address":"2134 34 Avenue SW","licenceStatus":null,"scoreEligible":false,"scoreWeight":0,"sourceTags":{"name":"Only Nutrition & Fitness","leisure":"fitness_centre","opening_hours":"Mo-Fr 07:00-17:00; Sa-Su 08:00-15:00"}},"geometry":{"type":"Point","coordinates":[-114.1112253,51.0233803]}},{"type":"Feature","id":"osm-node-13639693668","properties":{"name":"Unify Pilates","category":"gyms","subcategory":"fitness_centre","sourceId":"osm-overpass","osmType":"node","osmId":13639693668,"sourceUrl":"https://www.openstreetmap.org/node/13639693668","coordinateMethod":"OSM node","address":"19489 Seton Crescent SE","licenceStatus":null,"scoreEligible":false,"scoreWeight":0,"sourceTags":{"name":"Unify Pilates","leisure":"fitness_centre","check_date":"2026-03-11"}},"geometry":{"type":"Point","coordinates":[-113.9572311,50.8805126]}},{"type":"Feature","id":"osm-node-13685165345","properties":{"name":"Akidemy Preschool","category":"preschool","subcategory":"kindergarten","sourceId":"osm-overpass","osmType":"node","osmId":13685165345,"sourceUrl":"https://www.openstreetmap.org/node/13685165345","coordinateMethod":"OSM node","address":"1966 Kensington Road NW","licenceStatus":"not-verified","scoreEligible":false,"scoreWeight":0,"sourceTags":{"name":"Akidemy Preschool","amenity":"kindergarten"}},"geometry":{"type":"Point","coordinates":[-114.1048885,51.0528491]}},{"type":"Feature","id":"osm-node-13741793740","properties":{"name":"Ascent Daycare","category":"childcare","subcategory":"childcare","sourceId":"osm-overpass","osmType":"node","osmId":13741793740,"sourceUrl":"https://www.openstreetmap.org/node/13741793740","coordinateMethod":"OSM node","address":"5268 Memorial Drive E","licenceStatus":"not-verified","scoreEligible":false,"scoreWeight":0,"sourceTags":{"name":"Ascent Daycare","amenity":"childcare"}},"geometry":{"type":"Point","coordinates":[-113.956443,51.053769]}},{"type":"Feature","id":"osm-node-13741793746","properties":{"name":"GYMVMT","category":"gyms","subcategory":"fitness_centre","sourceId":"osm-overpass","osmType":"node","osmId":13741793746,"sourceUrl":"https://www.openstreetmap.org/node/13741793746","coordinateMethod":"OSM node","address":null,"licenceStatus":null,"scoreEligible":false,"scoreWeight":0,"sourceTags":{"name":"GYMVMT","leisure":"fitness_centre"}},"geometry":{"type":"Point","coordinates":[-113.9565302,51.0630738]}},{"type":"Feature","id":"osm-node-13743543857","properties":{"name":"Stepping Stone 4 Kids","category":"childcare","subcategory":"childcare","sourceId":"osm-overpass","osmType":"node","osmId":13743543857,"sourceUrl":"https://www.openstreetmap.org/node/13743543857","coordinateMethod":"OSM node","address":"150 52 Street NE","licenceStatus":"not-verified","scoreEligible":false,"scoreWeight":0,"sourceTags":{"name":"Stepping Stone 4 Kids","amenity":"childcare"}},"geometry":{"type":"Point","coordinates":[-113.9547566,51.0539559]}},{"type":"Feature","id":"osm-node-13746668385","properties":{"name":"Willow Park Childcare","category":"childcare","subcategory":"childcare","sourceId":"osm-overpass","osmType":"node","osmId":13746668385,"sourceUrl":"https://www.openstreetmap.org/node/13746668385","coordinateMethod":"OSM node","address":"10426 Macleod Trail SE","licenceStatus":"not-verified","scoreEligible":false,"scoreWeight":0,"sourceTags":{"name":"Willow Park Childcare","amenity":"childcare"}},"geometry":{"type":"Point","coordinates":[-114.0698656,50.9592684]}},{"type":"Feature","id":"osm-node-13756653801","properties":{"name":"Elevate Golf","category":"sports","subcategory":"sports_centre","sourceId":"osm-overpass","osmType":"node","osmId":13756653801,"sourceUrl":"https://www.openstreetmap.org/node/13756653801","coordinateMethod":"OSM node","address":"1632 14 Avenue NW","licenceStatus":null,"scoreEligible":false,"scoreWeight":0,"sourceTags":{"name":"Elevate Golf","leisure":"sports_centre","opening_hours":"24/7"}},"geometry":{"type":"Point","coordinates":[-114.0990297,51.0653983]}},{"type":"Feature","id":"osm-node-13764890317","properties":{"name":"ATHA","category":"gyms","subcategory":"fitness_centre","sourceId":"osm-overpass","osmType":"node","osmId":13764890317,"sourceUrl":"https://www.openstreetmap.org/node/13764890317","coordinateMethod":"OSM node","address":null,"licenceStatus":null,"scoreEligible":false,"scoreWeight":0,"sourceTags":{"name":"ATHA","leisure":"fitness_centre","sport":"yoga"}},"geometry":{"type":"Point","coordinates":[-114.1082526,51.0237594]}},{"type":"Feature","id":"osm-node-13803107407","properties":{"name":"Mommy's Kids ChildCare Centre Woodlands","category":"childcare","subcategory":"childcare","sourceId":"osm-overpass","osmType":"node","osmId":13803107407,"sourceUrl":"https://www.openstreetmap.org/node/13803107407","coordinateMethod":"OSM node","address":"523 Woodpark Boulevard SW","licenceStatus":"not-verified","scoreEligible":false,"scoreWeight":0,"sourceTags":{"name":"Mommy's Kids ChildCare Centre Woodlands","amenity":"childcare","opening_hours":"Mo-Fr 06:30-18:00"}},"geometry":{"type":"Point","coordinates":[-114.1096856,50.9412488]}},{"type":"Feature","id":"osm-node-13810172090","properties":{"name":"Anytime Fitness","category":"gyms","subcategory":"fitness_centre","sourceId":"osm-overpass","osmType":"node","osmId":13810172090,"sourceUrl":"https://www.openstreetmap.org/node/13810172090","coordinateMethod":"OSM node","address":"57 9 Street NE","licenceStatus":null,"scoreEligible":false,"scoreWeight":0,"sourceTags":{"name":"Anytime Fitness","leisure":"fitness_centre","sport":"fitness","opening_hours":"24/7"}},"geometry":{"type":"Point","coordinates":[-114.0406169,51.0503044]}},{"type":"Feature","id":"osm-node-13812478985","properties":{"name":"Fueling Brains Academy","category":"childcare","subcategory":"childcare","sourceId":"osm-overpass","osmType":"node","osmId":13812478985,"sourceUrl":"https://www.openstreetmap.org/node/13812478985","coordinateMethod":"OSM node","address":"985 McPherson Road NE","licenceStatus":"not-verified","scoreEligible":false,"scoreWeight":0,"sourceTags":{"name":"Fueling Brains Academy","amenity":"childcare","opening_hours":"Mo-Fr 07:30-17:30"}},"geometry":{"type":"Point","coordinates":[-114.0407014,51.0499182]}},{"type":"Feature","id":"osm-node-13812478987","properties":{"name":"F45","category":"gyms","subcategory":"fitness_centre","sourceId":"osm-overpass","osmType":"node","osmId":13812478987,"sourceUrl":"https://www.openstreetmap.org/node/13812478987","coordinateMethod":"OSM node","address":"64 9 Street NE","licenceStatus":null,"scoreEligible":false,"scoreWeight":0,"sourceTags":{"name":"F45","leisure":"fitness_centre","sport":"fitness"}},"geometry":{"type":"Point","coordinates":[-114.040165,51.0511695]}},{"type":"Feature","id":"osm-node-13825481906","properties":{"name":"Big Sky Fitness","category":"gyms","subcategory":"fitness_centre","sourceId":"osm-overpass","osmType":"node","osmId":13825481906,"sourceUrl":"https://www.openstreetmap.org/node/13825481906","coordinateMethod":"OSM node","address":null,"licenceStatus":null,"scoreEligible":false,"scoreWeight":0,"sourceTags":{"name":"Big Sky Fitness","leisure":"fitness_centre"}},"geometry":{"type":"Point","coordinates":[-114.0329557,50.8645688]}},{"type":"Feature","id":"osm-node-13897534493","properties":{"name":"Happy Souls Playschool","category":"preschool","subcategory":"kindergarten","sourceId":"osm-overpass","osmType":"node","osmId":13897534493,"sourceUrl":"https://www.openstreetmap.org/node/13897534493","coordinateMethod":"OSM node","address":"3400 14 Street NW","licenceStatus":"not-verified","scoreEligible":false,"scoreWeight":0,"sourceTags":{"name":"Happy Souls Playschool","amenity":"kindergarten","check_date":"2026-05-30"}},"geometry":{"type":"Point","coordinates":[-114.0939283,51.0824344]}},{"type":"Feature","id":"osm-node-13921353270","properties":{"name":"Bright Kids Daycare","category":"childcare","subcategory":"childcare","sourceId":"osm-overpass","osmType":"node","osmId":13921353270,"sourceUrl":"https://www.openstreetmap.org/node/13921353270","coordinateMethod":"OSM node","address":"1725 10 Avenue SW","licenceStatus":"not-verified","scoreEligible":false,"scoreWeight":0,"sourceTags":{"name":"Bright Kids Daycare","amenity":"childcare","opening_hours":"Mo-Fr 06:30-18:00"}},"geometry":{"type":"Point","coordinates":[-114.1008125,51.0441921]}},{"type":"Feature","id":"osm-node-13944127604","properties":{"name":"Chalks Billiards","category":"sports","subcategory":"sports_centre","sourceId":"osm-overpass","osmType":"node","osmId":13944127604,"sourceUrl":"https://www.openstreetmap.org/node/13944127604","coordinateMethod":"OSM node","address":"15150 Bannister Road SE","licenceStatus":null,"scoreEligible":false,"scoreWeight":0,"sourceTags":{"name":"Chalks Billiards","leisure":"sports_centre","sport":"billiards","opening_hours":"Mo-We 11:30-24:00; Th 11:30-01:00; Fr-Sa 11:30-02:00; Su 12:00-24:00","fee":"yes","operator":"Chalks & Chill Billiards Inc."}},"geometry":{"type":"Point","coordinates":[-114.0672929,50.9178801]}},{"type":"Feature","id":"osm-node-14015223268","properties":{"name":"Blüm Academy","category":"childcare","subcategory":"childcare","sourceId":"osm-overpass","osmType":"node","osmId":14015223268,"sourceUrl":"https://www.openstreetmap.org/node/14015223268","coordinateMethod":"OSM node","address":"230 19 Street NW","licenceStatus":"not-verified","scoreEligible":false,"scoreWeight":0,"sourceTags":{"name":"Blüm Academy","amenity":"childcare","check_date":"2026-07-14"}},"geometry":{"type":"Point","coordinates":[-114.1053513,51.0543086]}},{"type":"Feature","id":"osm-node-14029096083","properties":{"name":"Club Pilates","category":"gyms","subcategory":"fitness_centre","sourceId":"osm-overpass","osmType":"node","osmId":14029096083,"sourceUrl":"https://www.openstreetmap.org/node/14029096083","coordinateMethod":"OSM node","address":"108 Shawville Place SE","licenceStatus":null,"scoreEligible":false,"scoreWeight":0,"sourceTags":{"name":"Club Pilates","brand":"Club Pilates","leisure":"fitness_centre","sport":"pilates"}},"geometry":{"type":"Point","coordinates":[-114.0686347,50.9113593]}},{"type":"Feature","id":"osm-node-14029096085","properties":{"name":"The Learning Child Montessori Academy","category":"preschool","subcategory":"kindergarten","sourceId":"osm-overpass","osmType":"node","osmId":14029096085,"sourceUrl":"https://www.openstreetmap.org/node/14029096085","coordinateMethod":"OSM node","address":"108 Shawville Place SE","licenceStatus":"not-verified","scoreEligible":false,"scoreWeight":0,"sourceTags":{"name":"The Learning Child Montessori Academy","amenity":"kindergarten"}},"geometry":{"type":"Point","coordinates":[-114.0683775,50.9109814]}},{"type":"Feature","id":"osm-node-14056793785","properties":{"name":"Sunvalley Kids Montessori Queensland","category":"childcare","subcategory":"childcare","sourceId":"osm-overpass","osmType":"node","osmId":14056793785,"sourceUrl":"https://www.openstreetmap.org/node/14056793785","coordinateMethod":"OSM node","address":"950 Queensland Drive SE","licenceStatus":"not-verified","scoreEligible":false,"scoreWeight":0,"sourceTags":{"name":"Sunvalley Kids Montessori Queensland","amenity":"childcare"}},"geometry":{"type":"Point","coordinates":[-114.0167473,50.9333876]}},{"type":"Feature","id":"osm-node-14071488611","properties":{"name":"A Child's View Learning Centre","category":"childcare","subcategory":"childcare","sourceId":"osm-overpass","osmType":"node","osmId":14071488611,"sourceUrl":"https://www.openstreetmap.org/node/14071488611","coordinateMethod":"OSM node","address":null,"licenceStatus":"not-verified","scoreEligible":false,"scoreWeight":0,"sourceTags":{"name":"A Child's View Learning Centre","amenity":"childcare"}},"geometry":{"type":"Point","coordinates":[-113.9441056,51.0555335]}},{"type":"Feature","id":"osm-node-14077131001","properties":{"name":"Planet Fitness","category":"gyms","subcategory":"fitness_centre","sourceId":"osm-overpass","osmType":"node","osmId":14077131001,"sourceUrl":"https://www.openstreetmap.org/node/14077131001","coordinateMethod":"OSM node","address":"240 Midpark Way SE","licenceStatus":null,"scoreEligible":false,"scoreWeight":0,"sourceTags":{"name":"Planet Fitness","leisure":"fitness_centre","opening_hours":"Mo-Th 05:00-23:00, Fr 05:00-21:00, Sa-Su 07:00-19:00","check_date":"2026-08-06","check_date:opening_hours":"2026-08-06"}},"geometry":{"type":"Point","coordinates":[-114.061805,50.9138854]}},{"type":"Feature","id":"osm-node-14088161133","properties":{"name":"Adrenalin","category":"sports","subcategory":"sports_centre","sourceId":"osm-overpass","osmType":"node","osmId":14088161133,"sourceUrl":"https://www.openstreetmap.org/node/14088161133","coordinateMethod":"OSM node","address":"5235 Northland Drive NW","licenceStatus":null,"scoreEligible":false,"scoreWeight":0,"sourceTags":{"name":"Adrenalin","leisure":"sports_centre","sport":"ball_hockey;baseball;skateboard;roller_skating;hockey;lacrosse;ringette","opening_hours":"Su 10:00-17:00; Mo-Fr 10:00-20:00; Sa 10:00-18:00"}},"geometry":{"type":"Point","coordinates":[-114.1437134,51.0998167]}},{"type":"Feature","id":"osm-node-14088161134","properties":{"name":"Cefa Early Learning","category":"preschool","subcategory":"kindergarten","sourceId":"osm-overpass","osmType":"node","osmId":14088161134,"sourceUrl":"https://www.openstreetmap.org/node/14088161134","coordinateMethod":"OSM node","address":"2210-5235 Northland Drive NW","licenceStatus":"not-verified","scoreEligible":false,"scoreWeight":0,"sourceTags":{"name":"Cefa Early Learning","brand":"CEFA Early Learning","amenity":"kindergarten","opening_hours":"Sa-Su off; Mo-Fr 07:30-17:30"}},"geometry":{"type":"Point","coordinates":[-114.1437665,51.0999257]}},{"type":"Feature","id":"osm-node-14108070501","properties":{"name":"Creekside Goodlife Fitness","category":"gyms","subcategory":"fitness_centre","sourceId":"osm-overpass","osmType":"node","osmId":14108070501,"sourceUrl":"https://www.openstreetmap.org/node/14108070501","coordinateMethod":"OSM node","address":"12330 Symons Valley Road NW","licenceStatus":null,"scoreEligible":false,"scoreWeight":0,"sourceTags":{"name":"Creekside Goodlife Fitness","leisure":"fitness_centre","opening_hours":"24/7","check_date":"2026-08-20","check_date:opening_hours":"2026-08-20"}},"geometry":{"type":"Point","coordinates":[-114.1274963,51.165042]}},{"type":"Feature","id":"osm-node-14138853315","properties":{"name":"Anytime Fitness","category":"gyms","subcategory":"fitness_centre","sourceId":"osm-overpass","osmType":"node","osmId":14138853315,"sourceUrl":"https://www.openstreetmap.org/node/14138853315","coordinateMethod":"OSM node","address":"9620 Elbow Drive SW","licenceStatus":null,"scoreEligible":false,"scoreWeight":0,"sourceTags":{"name":"Anytime Fitness","brand":"Anytime Fitness","leisure":"fitness_centre","opening_hours":"24/7"}},"geometry":{"type":"Point","coordinates":[-114.0838891,50.9690794]}},{"type":"Feature","id":"osm-node-14140817313","properties":{"name":"Anytime Fitness","category":"gyms","subcategory":"fitness_centre","sourceId":"osm-overpass","osmType":"node","osmId":14140817313,"sourceUrl":"https://www.openstreetmap.org/node/14140817313","coordinateMethod":"OSM node","address":null,"licenceStatus":null,"scoreEligible":false,"scoreWeight":0,"sourceTags":{"name":"Anytime Fitness","brand":"Anytime Fitness","leisure":"fitness_centre","opening_hours":"24/7"}},"geometry":{"type":"Point","coordinates":[-113.9683077,51.1077804]}},{"type":"Feature","id":"osm-node-14152580701","properties":{"name":"Master Rim","category":"sports","subcategory":"sports_centre","sourceId":"osm-overpass","osmType":"node","osmId":14152580701,"sourceUrl":"https://www.openstreetmap.org/node/14152580701","coordinateMethod":"OSM node","address":null,"licenceStatus":null,"scoreEligible":false,"scoreWeight":0,"sourceTags":{"name":"Master Rim","leisure":"sports_centre","check_date":"2026-09-04"}},"geometry":{"type":"Point","coordinates":[-114.1620812,51.1609665]}},{"type":"Feature","id":"osm-node-14152587627","properties":{"name":"The Yoga Studio of Calgary","category":"gyms","subcategory":"fitness_centre","sourceId":"osm-overpass","osmType":"node","osmId":14152587627,"sourceUrl":"https://www.openstreetmap.org/node/14152587627","coordinateMethod":"OSM node","address":"1829 Ranchlands Boulevard NW","licenceStatus":null,"scoreEligible":false,"scoreWeight":0,"sourceTags":{"name":"The Yoga Studio of Calgary","leisure":"fitness_centre","sport":"yoga"}},"geometry":{"type":"Point","coordinates":[-114.1978958,51.1233433]}},{"type":"Feature","id":"osm-node-14176192483","properties":{"name":"SPEEDERS Indoor ProKarts","category":"sports","subcategory":"sports_centre","sourceId":"osm-overpass","osmType":"node","osmId":14176192483,"sourceUrl":"https://www.openstreetmap.org/node/14176192483","coordinateMethod":"OSM node","address":"58 Aero Drive NE","licenceStatus":null,"scoreEligible":false,"scoreWeight":0,"sourceTags":{"name":"SPEEDERS Indoor ProKarts","leisure":"sports_centre","sport":"karting","opening_hours":"Su-Th 11:00-22:00; Fr-Sa 11:00-24:00"}},"geometry":{"type":"Point","coordinates":[-114.038819,51.1244315]}},{"type":"Feature","id":"osm-way-4976471","properties":{"name":"Olympic Oval","category":"sports","subcategory":"sports_centre","sourceId":"osm-overpass","osmType":"way","osmId":4976471,"sourceUrl":"https://www.openstreetmap.org/way/4976471","coordinateMethod":"Overpass bounding-box centre; not an entrance","address":"288 Collegiate Boulevard NW","licenceStatus":null,"scoreEligible":false,"scoreWeight":0,"sourceTags":{"name":"Olympic Oval","leisure":"sports_centre","sport":"skating;running","opening_hours":"Mo-Su 07:30-22:00"}},"geometry":{"type":"Point","coordinates":[-114.1356452,51.0770105]}},{"type":"Feature","id":"osm-way-12206799","properties":{"name":"Westside Recreation Centre","category":"sports","subcategory":"sports_centre","sourceId":"osm-overpass","osmType":"way","osmId":12206799,"sourceUrl":"https://www.openstreetmap.org/way/12206799","coordinateMethod":"Overpass bounding-box centre; not an entrance","address":null,"licenceStatus":null,"scoreEligible":false,"scoreWeight":0,"sourceTags":{"name":"Westside Recreation Centre","leisure":"sports_centre"}},"geometry":{"type":"Point","coordinates":[-114.1856479,51.0357784]}},{"type":"Feature","id":"osm-way-19471706","properties":{"name":"Calgary Foothills Soccer Performance Center","category":"gyms","subcategory":"fitness_centre","sourceId":"osm-overpass","osmType":"way","osmId":19471706,"sourceUrl":"https://www.openstreetmap.org/way/19471706","coordinateMethod":"Overpass bounding-box centre; not an entrance","address":"3916 56 Avenue SE","licenceStatus":null,"scoreEligible":false,"scoreWeight":0,"sourceTags":{"name":"Calgary Foothills Soccer Performance Center","leisure":"fitness_centre","sport":"soccer"}},"geometry":{"type":"Point","coordinates":[-113.9782376,51.0024415]}},{"type":"Feature","id":"osm-way-23395269","properties":{"name":"Wings Learning","category":"childcare","subcategory":"childcare","sourceId":"osm-overpass","osmType":"way","osmId":23395269,"sourceUrl":"https://www.openstreetmap.org/way/23395269","coordinateMethod":"Overpass bounding-box centre; not an entrance","address":"10 Crowfoot Circle NW","licenceStatus":"not-verified","scoreEligible":false,"scoreWeight":0,"sourceTags":{"name":"Wings Learning","amenity":"childcare","opening_hours":"Mo-Fr 07:00-18:00","check_date":"2025-09-28"}},"geometry":{"type":"Point","coordinates":[-114.2034633,51.1231794]}},{"type":"Feature","id":"osm-way-23457909","properties":{"name":"Foothills Aquatic Centre","category":"sports","subcategory":"sports_centre","sourceId":"osm-overpass","osmType":"way","osmId":23457909,"sourceUrl":"https://www.openstreetmap.org/way/23457909","coordinateMethod":"Overpass bounding-box centre; not an entrance","address":"2915 24 Avenue NW","licenceStatus":null,"scoreEligible":false,"scoreWeight":0,"sourceTags":{"name":"Foothills Aquatic Centre","leisure":"sports_centre","sport":"swimming","access":"permissive","operator":"City of Calgary"}},"geometry":{"type":"Point","coordinates":[-114.1254855,51.0741057]}},{"type":"Feature","id":"osm-way-23716990","properties":{"name":"Thornhill Sports Complex","category":"sports","subcategory":"sports_centre","sourceId":"osm-overpass","osmType":"way","osmId":23716990,"sourceUrl":"https://www.openstreetmap.org/way/23716990","coordinateMethod":"Overpass bounding-box centre; not an entrance","address":null,"licenceStatus":null,"scoreEligible":false,"scoreWeight":0,"sourceTags":{"name":"Thornhill Sports Complex","leisure":"sports_centre"}},"geometry":{"type":"Point","coordinates":[-114.0654636,51.1127212]}},{"type":"Feature","id":"osm-way-25601819","properties":{"name":"Highwood Outdoor Pool","category":"sports","subcategory":"sports_centre","sourceId":"osm-overpass","osmType":"way","osmId":25601819,"sourceUrl":"https://www.openstreetmap.org/way/25601819","coordinateMethod":"Overpass bounding-box centre; not an entrance","address":"25 Holmwood Avenue NW","licenceStatus":null,"scoreEligible":false,"scoreWeight":0,"sourceTags":{"name":"Highwood Outdoor Pool","leisure":"sports_centre","sport":"swimming"}},"geometry":{"type":"Point","coordinates":[-114.0782175,51.0922057]}},{"type":"Feature","id":"osm-way-25619453","properties":{"name":"Edgemont Athletic","category":"sports","subcategory":"sports_centre","sourceId":"osm-overpass","osmType":"way","osmId":25619453,"sourceUrl":"https://www.openstreetmap.org/way/25619453","coordinateMethod":"Overpass bounding-box centre; not an entrance","address":"7222 Edgemont Boulevard NW","licenceStatus":null,"scoreEligible":false,"scoreWeight":0,"sourceTags":{"name":"Edgemont Athletic","leisure":"sports_centre","opening_hours":"Mo-Fr 05:00-00:00; Sa-Su 07:00-21:00"}},"geometry":{"type":"Point","coordinates":[-114.1543569,51.1195408]}},{"type":"Feature","id":"osm-way-26783351","properties":{"name":null,"category":"sports","subcategory":"sports_centre","sourceId":"osm-overpass","osmType":"way","osmId":26783351,"sourceUrl":"https://www.openstreetmap.org/way/26783351","coordinateMethod":"Overpass bounding-box centre; not an entrance","address":null,"licenceStatus":null,"scoreEligible":false,"scoreWeight":0,"sourceTags":{"leisure":"sports_centre","sport":"tennis"}},"geometry":{"type":"Point","coordinates":[-114.1737152,51.0769976]}},{"type":"Feature","id":"osm-way-26828238","properties":{"name":"Flames Community Arenas","category":"sports","subcategory":"sports_centre","sourceId":"osm-overpass","osmType":"way","osmId":26828238,"sourceUrl":"https://www.openstreetmap.org/way/26828238","coordinateMethod":"Overpass bounding-box centre; not an entrance","address":"2390 47 Avenue SW","licenceStatus":null,"scoreEligible":false,"scoreWeight":0,"sourceTags":{"name":"Flames Community Arenas","leisure":"sports_centre","sport":"ice_hockey"}},"geometry":{"type":"Point","coordinates":[-114.1162016,51.011788]}},{"type":"Feature","id":"osm-way-27046742","properties":{"name":"Vivo for Healthier Generations","category":"sports","subcategory":"sports_centre","sourceId":"osm-overpass","osmType":"way","osmId":27046742,"sourceUrl":"https://www.openstreetmap.org/way/27046742","coordinateMethod":"Overpass bounding-box centre; not an entrance","address":null,"licenceStatus":null,"scoreEligible":false,"scoreWeight":0,"sourceTags":{"name":"Vivo for Healthier Generations","leisure":"sports_centre"}},"geometry":{"type":"Point","coordinates":[-114.0654796,51.1595214]}},{"type":"Feature","id":"osm-way-27053815","properties":{"name":"Melcor YMCA at Crowfoot","category":"sports","subcategory":"sports_centre","sourceId":"osm-overpass","osmType":"way","osmId":27053815,"sourceUrl":"https://www.openstreetmap.org/way/27053815","coordinateMethod":"Overpass bounding-box centre; not an entrance","address":"8100 John Laurie Boulevard NW","licenceStatus":null,"scoreEligible":false,"scoreWeight":0,"sourceTags":{"name":"Melcor YMCA at Crowfoot","brand":"YMCA","leisure":"sports_centre","sport":"multi","opening_hours":"Mo-Fr 06:30-21:00; Sa-Su 07:00-17:00","fee":"yes"}},"geometry":{"type":"Point","coordinates":[-114.1954119,51.1286214]}},{"type":"Feature","id":"osm-way-40608702","properties":{"name":"Canyon Meadows Aquatic & Fitness Centre","category":"sports","subcategory":"sports_centre","sourceId":"osm-overpass","osmType":"way","osmId":40608702,"sourceUrl":"https://www.openstreetmap.org/way/40608702","coordinateMethod":"Overpass bounding-box centre; not an entrance","address":"89 Canova Road SW","licenceStatus":null,"scoreEligible":false,"scoreWeight":0,"sourceTags":{"name":"Canyon Meadows Aquatic & Fitness Centre","leisure":"sports_centre","sport":"swimming","operator":"City of Calgary"}},"geometry":{"type":"Point","coordinates":[-114.0895625,50.94842]}},{"type":"Feature","id":"osm-way-52110073","properties":{"name":"Calgary West Soccer Centre","category":"sports","subcategory":"sports_centre","sourceId":"osm-overpass","osmType":"way","osmId":52110073,"sourceUrl":"https://www.openstreetmap.org/way/52110073","coordinateMethod":"Overpass bounding-box centre; not an entrance","address":"11014 Bearspaw Dam Road NW","licenceStatus":null,"scoreEligible":false,"scoreWeight":0,"sourceTags":{"name":"Calgary West Soccer Centre","leisure":"sports_centre","sport":"soccer"}},"geometry":{"type":"Point","coordinates":[-114.2462951,51.1057377]}},{"type":"Feature","id":"osm-way-52325445","properties":{"name":"Optimist / George Blundun Arenas","category":"sports","subcategory":"sports_centre","sourceId":"osm-overpass","osmType":"way","osmId":52325445,"sourceUrl":"https://www.openstreetmap.org/way/52325445","coordinateMethod":"Overpass bounding-box centre; not an entrance","address":null,"licenceStatus":null,"scoreEligible":false,"scoreWeight":0,"sourceTags":{"name":"Optimist / George Blundun Arenas","leisure":"sports_centre","sport":"multi"}},"geometry":{"type":"Point","coordinates":[-114.1600407,51.0321385]}},{"type":"Feature","id":"osm-way-117901819","properties":{"name":"Sir Winston Churchill Aquatic & Recreation Centre","category":"sports","subcategory":"sports_centre","sourceId":"osm-overpass","osmType":"way","osmId":117901819,"sourceUrl":"https://www.openstreetmap.org/way/117901819","coordinateMethod":"Overpass bounding-box centre; not an entrance","address":"1520 Northmount Drive NW","licenceStatus":null,"scoreEligible":false,"scoreWeight":0,"sourceTags":{"name":"Sir Winston Churchill Aquatic & Recreation Centre","leisure":"sports_centre","sport":"swimming","access":"yes","operator":"City of Calgary"}},"geometry":{"type":"Point","coordinates":[-114.1378876,51.0968402]}},{"type":"Feature","id":"osm-way-119065140","properties":{"name":"Childcare Centre","category":"preschool","subcategory":"kindergarten","sourceId":"osm-overpass","osmType":"way","osmId":119065140,"sourceUrl":"https://www.openstreetmap.org/way/119065140","coordinateMethod":"Overpass bounding-box centre; not an entrance","address":"450 Campus Place NW","licenceStatus":"not-verified","scoreEligible":false,"scoreWeight":0,"sourceTags":{"name":"Childcare Centre","amenity":"kindergarten"}},"geometry":{"type":"Point","coordinates":[-114.1244905,51.0783487]}},{"type":"Feature","id":"osm-way-125352540","properties":{"name":"Cardel Recreation Center","category":"gyms","subcategory":"fitness_centre","sourceId":"osm-overpass","osmType":"way","osmId":125352540,"sourceUrl":"https://www.openstreetmap.org/way/125352540","coordinateMethod":"Overpass bounding-box centre; not an entrance","address":"333 Shawville Boulevard SE","licenceStatus":null,"scoreEligible":false,"scoreWeight":0,"sourceTags":{"name":"Cardel Recreation Center","leisure":"fitness_centre","sport":"swimming;hockey;athletics","opening_hours":"Mo-Su 08:00-22:00"}},"geometry":{"type":"Point","coordinates":[-114.0634532,50.8968528]}},{"type":"Feature","id":"osm-way-125352545","properties":{"name":"YMCA","category":"sports","subcategory":"sports_centre","sourceId":"osm-overpass","osmType":"way","osmId":125352545,"sourceUrl":"https://www.openstreetmap.org/way/125352545","coordinateMethod":"Overpass bounding-box centre; not an entrance","address":"333 Shawville Boulevard SE","licenceStatus":null,"scoreEligible":false,"scoreWeight":0,"sourceTags":{"name":"YMCA","brand":"YMCA","leisure":"sports_centre","operator":"YMCA Calgary"}},"geometry":{"type":"Point","coordinates":[-114.0647805,50.8981485]}},{"type":"Feature","id":"osm-way-157300252","properties":{"name":"Markin MacPhail Centre","category":"sports","subcategory":"sports_centre","sourceId":"osm-overpass","osmType":"way","osmId":157300252,"sourceUrl":"https://www.openstreetmap.org/way/157300252","coordinateMethod":"Overpass bounding-box centre; not an entrance","address":"88 Canada Olympic Drive SW","licenceStatus":null,"scoreEligible":false,"scoreWeight":0,"sourceTags":{"name":"Markin MacPhail Centre","leisure":"sports_centre","sport":"skating","operator":"Winsport"}},"geometry":{"type":"Point","coordinates":[-114.221094,51.0845151]}},{"type":"Feature","id":"osm-way-157302073","properties":{"name":"Gymnastics","category":"sports","subcategory":"sports_centre","sourceId":"osm-overpass","osmType":"way","osmId":157302073,"sourceUrl":"https://www.openstreetmap.org/way/157302073","coordinateMethod":"Overpass bounding-box centre; not an entrance","address":null,"licenceStatus":null,"scoreEligible":false,"scoreWeight":0,"sourceTags":{"name":"Gymnastics","leisure":"sports_centre","sport":"gymnastics"}},"geometry":{"type":"Point","coordinates":[-114.2233171,51.0825911]}},{"type":"Feature","id":"osm-way-166134379","properties":{"name":"Mt. Pleasant Tennis Club","category":"sports","subcategory":"sports_centre","sourceId":"osm-overpass","osmType":"way","osmId":166134379,"sourceUrl":"https://www.openstreetmap.org/way/166134379","coordinateMethod":"Overpass bounding-box centre; not an entrance","address":null,"licenceStatus":null,"scoreEligible":false,"scoreWeight":0,"sourceTags":{"name":"Mt. Pleasant Tennis Club","leisure":"sports_centre","sport":"tennis"}},"geometry":{"type":"Point","coordinates":[-114.0608874,51.0562465]}},{"type":"Feature","id":"osm-way-169280865","properties":{"name":"Frank McCool Arena","category":"sports","subcategory":"sports_centre","sourceId":"osm-overpass","osmType":"way","osmId":169280865,"sourceUrl":"https://www.openstreetmap.org/way/169280865","coordinateMethod":"Overpass bounding-box centre; not an entrance","address":"1900 Lake Bonavista Drive SE","licenceStatus":null,"scoreEligible":false,"scoreWeight":0,"sourceTags":{"name":"Frank McCool Arena","leisure":"sports_centre","sport":"ice_hockey"}},"geometry":{"type":"Point","coordinates":[-114.0501075,50.9360789]}},{"type":"Feature","id":"osm-way-188702588","properties":{"name":"Genesis Centre","category":"sports","subcategory":"sports_centre","sourceId":"osm-overpass","osmType":"way","osmId":188702588,"sourceUrl":"https://www.openstreetmap.org/way/188702588","coordinateMethod":"Overpass bounding-box centre; not an entrance","address":null,"licenceStatus":null,"scoreEligible":false,"scoreWeight":0,"sourceTags":{"name":"Genesis Centre","leisure":"sports_centre"}},"geometry":{"type":"Point","coordinates":[-113.9486659,51.1204845]}},{"type":"Feature","id":"osm-way-206003584","properties":{"name":"Acadia Recreation Complex","category":"sports","subcategory":"sports_centre","sourceId":"osm-overpass","osmType":"way","osmId":206003584,"sourceUrl":"https://www.openstreetmap.org/way/206003584","coordinateMethod":"Overpass bounding-box centre; not an entrance","address":"240 90 Avenue SE","licenceStatus":null,"scoreEligible":false,"scoreWeight":0,"sourceTags":{"name":"Acadia Recreation Complex","leisure":"sports_centre"}},"geometry":{"type":"Point","coordinates":[-114.0650958,50.9731319]}},{"type":"Feature","id":"osm-way-213106029","properties":{"name":"Aforza","category":"sports","subcategory":"sports_centre","sourceId":"osm-overpass","osmType":"way","osmId":213106029,"sourceUrl":"https://www.openstreetmap.org/way/213106029","coordinateMethod":"Overpass bounding-box centre; not an entrance","address":"5600 19 Street SW","licenceStatus":null,"scoreEligible":false,"scoreWeight":0,"sourceTags":{"name":"Aforza","leisure":"sports_centre","sport":"tennis","opening_hours":"Sep-Jun: 08:00-23:00; Sep PH 10:00-16:00; Jul-Aug: Mo-Fr 08:30-20:30; Jul-Aug: Sa,Su,PH 10:00-16:00; Dec 24: 08:00-17:00; Dec 25 off; Dec 31 08:00-17:00; Jan 01 off","fee":"yes"}},"geometry":{"type":"Point","coordinates":[-114.1045642,51.0035204]}},{"type":"Feature","id":"osm-way-213106030","properties":{"name":null,"category":"sports","subcategory":"sports_centre","sourceId":"osm-overpass","osmType":"way","osmId":213106030,"sourceUrl":"https://www.openstreetmap.org/way/213106030","coordinateMethod":"Overpass bounding-box centre; not an entrance","address":null,"licenceStatus":null,"scoreEligible":false,"scoreWeight":0,"sourceTags":{"leisure":"sports_centre","sport":"tennis"}},"geometry":{"type":"Point","coordinates":[-114.1054324,51.0037935]}},{"type":"Feature","id":"osm-way-213247705","properties":{"name":"Glenmore Aquatic Centre","category":"sports","subcategory":"sports_centre","sourceId":"osm-overpass","osmType":"way","osmId":213247705,"sourceUrl":"https://www.openstreetmap.org/way/213247705","coordinateMethod":"Overpass bounding-box centre; not an entrance","address":"5330 19 Street SW","licenceStatus":null,"scoreEligible":false,"scoreWeight":0,"sourceTags":{"name":"Glenmore Aquatic Centre","leisure":"sports_centre","sport":"swimming","fee":"yes","operator":"City of Calgary"}},"geometry":{"type":"Point","coordinates":[-114.1054194,51.0062727]}},{"type":"Feature","id":"osm-way-213247706","properties":{"name":"Stu Peppard Arena","category":"sports","subcategory":"sports_centre","sourceId":"osm-overpass","osmType":"way","osmId":213247706,"sourceUrl":"https://www.openstreetmap.org/way/213247706","coordinateMethod":"Overpass bounding-box centre; not an entrance","address":"5300 19 Street SW","licenceStatus":null,"scoreEligible":false,"scoreWeight":0,"sourceTags":{"name":"Stu Peppard Arena","leisure":"sports_centre","sport":"ice_hockey;lacrosse"}},"geometry":{"type":"Point","coordinates":[-114.10372,51.0065034]}},{"type":"Feature","id":"osm-way-213932539","properties":{"name":"GoPerformance Fitness Lab","category":"gyms","subcategory":"fitness_centre","sourceId":"osm-overpass","osmType":"way","osmId":213932539,"sourceUrl":"https://www.openstreetmap.org/way/213932539","coordinateMethod":"Overpass bounding-box centre; not an entrance","address":"2123 33 Avenue SW","licenceStatus":null,"scoreEligible":false,"scoreWeight":0,"sourceTags":{"name":"GoPerformance Fitness Lab","leisure":"fitness_centre","sport":"fitness;martial_arts;wrestling","opening_hours":"Mo-Fr 05:00-23:30; Sa-Su 08:00-21:00"}},"geometry":{"type":"Point","coordinates":[-114.1107191,51.0236588]}},{"type":"Feature","id":"osm-way-217983924","properties":{"name":"Acadia Aquatic & Fitness Centre","category":"sports","subcategory":"sports_centre","sourceId":"osm-overpass","osmType":"way","osmId":217983924,"sourceUrl":"https://www.openstreetmap.org/way/217983924","coordinateMethod":"Overpass bounding-box centre; not an entrance","address":"9009 Fairmount Drive SE","licenceStatus":null,"scoreEligible":false,"scoreWeight":0,"sourceTags":{"name":"Acadia Aquatic & Fitness Centre","leisure":"sports_centre","sport":"swimming","operator":"City of Calgary"}},"geometry":{"type":"Point","coordinates":[-114.0602559,50.9735139]}},{"type":"Feature","id":"osm-way-260164583","properties":{"name":"Fairview Arena","category":"sports","subcategory":"sports_centre","sourceId":"osm-overpass","osmType":"way","osmId":260164583,"sourceUrl":"https://www.openstreetmap.org/way/260164583","coordinateMethod":"Overpass bounding-box centre; not an entrance","address":"8038 Fairmount Drive SE","licenceStatus":null,"scoreEligible":false,"scoreWeight":0,"sourceTags":{"name":"Fairview Arena","leisure":"sports_centre","sport":"hockey"}},"geometry":{"type":"Point","coordinates":[-114.059219,50.9825268]}},{"type":"Feature","id":"osm-way-262966336","properties":{"name":"Anytime Fitness","category":"gyms","subcategory":"fitness_centre","sourceId":"osm-overpass","osmType":"way","osmId":262966336,"sourceUrl":"https://www.openstreetmap.org/way/262966336","coordinateMethod":"Overpass bounding-box centre; not an entrance","address":"19369 Sheriff King Street SW","licenceStatus":null,"scoreEligible":false,"scoreWeight":0,"sourceTags":{"name":"Anytime Fitness","brand":"Anytime Fitness","leisure":"fitness_centre","opening_hours":"24/7"}},"geometry":{"type":"Point","coordinates":[-114.0714741,50.8789418]}},{"type":"Feature","id":"osm-way-264982287","properties":{"name":"Brentwood Sportsplex","category":"sports","subcategory":"sports_centre","sourceId":"osm-overpass","osmType":"way","osmId":264982287,"sourceUrl":"https://www.openstreetmap.org/way/264982287","coordinateMethod":"Overpass bounding-box centre; not an entrance","address":null,"licenceStatus":null,"scoreEligible":false,"scoreWeight":0,"sourceTags":{"name":"Brentwood Sportsplex","leisure":"sports_centre","sport":"skating;hockey"}},"geometry":{"type":"Point","coordinates":[-114.1378115,51.0975222]}},{"type":"Feature","id":"osm-way-265517336","properties":{"name":null,"category":"sports","subcategory":"sports_centre","sourceId":"osm-overpass","osmType":"way","osmId":265517336,"sourceUrl":"https://www.openstreetmap.org/way/265517336","coordinateMethod":"Overpass bounding-box centre; not an entrance","address":null,"licenceStatus":null,"scoreEligible":false,"scoreWeight":0,"sourceTags":{"leisure":"sports_centre","sport":"tennis;pickleball"}},"geometry":{"type":"Point","coordinates":[-114.1051094,51.0584521]}},{"type":"Feature","id":"osm-way-270510065","properties":{"name":"Cascade Athletic Courts","category":"sports","subcategory":"sports_centre","sourceId":"osm-overpass","osmType":"way","osmId":270510065,"sourceUrl":"https://www.openstreetmap.org/way/270510065","coordinateMethod":"Overpass bounding-box centre; not an entrance","address":null,"licenceStatus":null,"scoreEligible":false,"scoreWeight":0,"sourceTags":{"name":"Cascade Athletic Courts","leisure":"sports_centre","sport":"basketball;tennis","access":"yes"}},"geometry":{"type":"Point","coordinates":[-114.1374598,51.0766364]}},{"type":"Feature","id":"osm-way-270763568","properties":{"name":"The Glencoe Club","category":"sports","subcategory":"sports_centre","sourceId":"osm-overpass","osmType":"way","osmId":270763568,"sourceUrl":"https://www.openstreetmap.org/way/270763568","coordinateMethod":"Overpass bounding-box centre; not an entrance","address":"636 29 Avenue SW","licenceStatus":null,"scoreEligible":false,"scoreWeight":0,"sourceTags":{"name":"The Glencoe Club","leisure":"sports_centre","sport":"bowling;badminton;climbing;curling;squash;tennis;skating;swimming","opening_hours":"Mo-Fr 08:00-23:00, Sa 09:00-23:00, Su 09:00-21:00"}},"geometry":{"type":"Point","coordinates":[-114.0803921,51.0290497]}},{"type":"Feature","id":"osm-way-272165450","properties":{"name":"Shouldice Aquatic Centre","category":"sports","subcategory":"sports_centre","sourceId":"osm-overpass","osmType":"way","osmId":272165450,"sourceUrl":"https://www.openstreetmap.org/way/272165450","coordinateMethod":"Overpass bounding-box centre; not an entrance","address":"5303 Bowness Road NW","licenceStatus":null,"scoreEligible":false,"scoreWeight":0,"sourceTags":{"name":"Shouldice Aquatic Centre","leisure":"sports_centre","sport":"swimming","operator":"City of Calgary"}},"geometry":{"type":"Point","coordinates":[-114.172024,51.0771324]}},{"type":"Feature","id":"osm-way-284162682","properties":{"name":"Silver Springs Outdoor Pool","category":"sports","subcategory":"sports_centre","sourceId":"osm-overpass","osmType":"way","osmId":284162682,"sourceUrl":"https://www.openstreetmap.org/way/284162682","coordinateMethod":"Overpass bounding-box centre; not an entrance","address":null,"licenceStatus":null,"scoreEligible":false,"scoreWeight":0,"sourceTags":{"name":"Silver Springs Outdoor Pool","leisure":"sports_centre","sport":"swimming","fee":"yes","operator":"Silver Springs Community Association"}},"geometry":{"type":"Point","coordinates":[-114.1924881,51.1039972]}},{"type":"Feature","id":"osm-way-290471630","properties":{"name":"Mount Pleasant Outdoor Pool","category":"sports","subcategory":"sports_centre","sourceId":"osm-overpass","osmType":"way","osmId":290471630,"sourceUrl":"https://www.openstreetmap.org/way/290471630","coordinateMethod":"Overpass bounding-box centre; not an entrance","address":"2310 6 Street NW","licenceStatus":null,"scoreEligible":false,"scoreWeight":0,"sourceTags":{"name":"Mount Pleasant Outdoor Pool","leisure":"sports_centre","sport":"swimming","operator":"Calgary Outdoor Swimming Pools Association"}},"geometry":{"type":"Point","coordinates":[-114.0755851,51.0727921]}},{"type":"Feature","id":"osm-way-300882712","properties":{"name":"Ramsay Rink","category":"sports","subcategory":"sports_centre","sourceId":"osm-overpass","osmType":"way","osmId":300882712,"sourceUrl":"https://www.openstreetmap.org/way/300882712","coordinateMethod":"Overpass bounding-box centre; not an entrance","address":null,"licenceStatus":null,"scoreEligible":false,"scoreWeight":0,"sourceTags":{"name":"Ramsay Rink","leisure":"sports_centre","sport":"skating"}},"geometry":{"type":"Point","coordinates":[-114.0463788,51.0345169]}},{"type":"Feature","id":"osm-way-309512104","properties":{"name":"The Stronghold, Calgary Climbing Centre","category":"sports","subcategory":"sports_centre","sourceId":"osm-overpass","osmType":"way","osmId":309512104,"sourceUrl":"https://www.openstreetmap.org/way/309512104","coordinateMethod":"Overpass bounding-box centre; not an entrance","address":"140 15 Avenue NW","licenceStatus":null,"scoreEligible":false,"scoreWeight":0,"sourceTags":{"name":"The Stronghold, Calgary Climbing Centre","leisure":"sports_centre","sport":"Bouldering;Rock_Climbing"}},"geometry":{"type":"Point","coordinates":[-114.0647127,51.0662609]}},{"type":"Feature","id":"osm-way-311055039","properties":{"name":"Garrison Curling Club","category":"sports","subcategory":"sports_centre","sourceId":"osm-overpass","osmType":"way","osmId":311055039,"sourceUrl":"https://www.openstreetmap.org/way/311055039","coordinateMethod":"Overpass bounding-box centre; not an entrance","address":"2288 47 Avenue SW","licenceStatus":null,"scoreEligible":false,"scoreWeight":0,"sourceTags":{"name":"Garrison Curling Club","leisure":"sports_centre","sport":"curling"}},"geometry":{"type":"Point","coordinates":[-114.1147336,51.0118374]}},{"type":"Feature","id":"osm-way-332573870","properties":{"name":"Eau Claire Athletic Club","category":"sports","subcategory":"sports_centre","sourceId":"osm-overpass","osmType":"way","osmId":332573870,"sourceUrl":"https://www.openstreetmap.org/way/332573870","coordinateMethod":"Overpass bounding-box centre; not an entrance","address":"101 3 Street SW","licenceStatus":null,"scoreEligible":false,"scoreWeight":0,"sourceTags":{"name":"Eau Claire Athletic Club","leisure":"sports_centre","fee":"yes"}},"geometry":{"type":"Point","coordinates":[-114.070777,51.0527425]}},{"type":"Feature","id":"osm-way-361342176","properties":{"name":"Village Square Leisure Centre","category":"sports","subcategory":"sports_centre","sourceId":"osm-overpass","osmType":"way","osmId":361342176,"sourceUrl":"https://www.openstreetmap.org/way/361342176","coordinateMethod":"Overpass bounding-box centre; not an entrance","address":"2623 56 Street NE","licenceStatus":null,"scoreEligible":false,"scoreWeight":0,"sourceTags":{"name":"Village Square Leisure Centre","leisure":"sports_centre","sport":"multi","operator":"City of Calgary"}},"geometry":{"type":"Point","coordinates":[-113.9545934,51.0756394]}},{"type":"Feature","id":"osm-way-377044771","properties":{"name":null,"category":"sports","subcategory":"sports_centre","sourceId":"osm-overpass","osmType":"way","osmId":377044771,"sourceUrl":"https://www.openstreetmap.org/way/377044771","coordinateMethod":"Overpass bounding-box centre; not an entrance","address":null,"licenceStatus":null,"scoreEligible":false,"scoreWeight":0,"sourceTags":{"leisure":"sports_centre"}},"geometry":{"type":"Point","coordinates":[-114.3561622,51.0939583]}},{"type":"Feature","id":"osm-way-409000298","properties":{"name":"Killarney Aquatic & Recreation Centre","category":"sports","subcategory":"sports_centre","sourceId":"osm-overpass","osmType":"way","osmId":409000298,"sourceUrl":"https://www.openstreetmap.org/way/409000298","coordinateMethod":"Overpass bounding-box centre; not an entrance","address":"1919 29 Street SW","licenceStatus":null,"scoreEligible":false,"scoreWeight":0,"sourceTags":{"name":"Killarney Aquatic & Recreation Centre","leisure":"sports_centre","opening_hours":"Mo-Th 06:00-22:00; Sa-Su 08:00-15:30; Fr 06:00-21:30"}},"geometry":{"type":"Point","coordinates":[-114.1302853,51.0373539]}},{"type":"Feature","id":"osm-way-420622981","properties":{"name":"East Calgary Twin Arena","category":"sports","subcategory":"sports_centre","sourceId":"osm-overpass","osmType":"way","osmId":420622981,"sourceUrl":"https://www.openstreetmap.org/way/420622981","coordinateMethod":"Overpass bounding-box centre; not an entrance","address":"299 Erin Woods Drive SE","licenceStatus":null,"scoreEligible":false,"scoreWeight":0,"sourceTags":{"name":"East Calgary Twin Arena","leisure":"sports_centre"}},"geometry":{"type":"Point","coordinates":[-113.9644799,51.0265835]}},{"type":"Feature","id":"osm-way-424811631","properties":{"name":"Remington YMCA","category":"sports","subcategory":"sports_centre","sourceId":"osm-overpass","osmType":"way","osmId":424811631,"sourceUrl":"https://www.openstreetmap.org/way/424811631","coordinateMethod":"Overpass bounding-box centre; not an entrance","address":"108 Quarry Park Road SE","licenceStatus":null,"scoreEligible":false,"scoreWeight":0,"sourceTags":{"name":"Remington YMCA","leisure":"sports_centre"}},"geometry":{"type":"Point","coordinates":[-114.00577,50.9615567]}},{"type":"Feature","id":"osm-way-425795537","properties":{"name":"Bob Behan Aquatic & Fitness Centre","category":"sports","subcategory":"sports_centre","sourceId":"osm-overpass","osmType":"way","osmId":425795537,"sourceUrl":"https://www.openstreetmap.org/way/425795537","coordinateMethod":"Overpass bounding-box centre; not an entrance","address":"4812 14 Avenue SE","licenceStatus":null,"scoreEligible":false,"scoreWeight":0,"sourceTags":{"name":"Bob Behan Aquatic & Fitness Centre","leisure":"sports_centre","sport":"swimming","operator":"City of Calgary"}},"geometry":{"type":"Point","coordinates":[-113.9639397,51.0413153]}},{"type":"Feature","id":"osm-way-425796314","properties":{"name":"Forest Lawn Public Tennis Courts","category":"sports","subcategory":"sports_centre","sourceId":"osm-overpass","osmType":"way","osmId":425796314,"sourceUrl":"https://www.openstreetmap.org/way/425796314","coordinateMethod":"Overpass bounding-box centre; not an entrance","address":"52 Street SE","licenceStatus":null,"scoreEligible":false,"scoreWeight":0,"sourceTags":{"name":"Forest Lawn Public Tennis Courts","leisure":"sports_centre","operator":"City of Calgary"}},"geometry":{"type":"Point","coordinates":[-113.9594532,51.0430568]}},{"type":"Feature","id":"osm-way-437067016","properties":{"name":"Eagle Quest Golf Dome","category":"sports","subcategory":"sports_centre","sourceId":"osm-overpass","osmType":"way","osmId":437067016,"sourceUrl":"https://www.openstreetmap.org/way/437067016","coordinateMethod":"Overpass bounding-box centre; not an entrance","address":"1025 32 Avenue NE","licenceStatus":null,"scoreEligible":false,"scoreWeight":0,"sourceTags":{"name":"Eagle Quest Golf Dome","leisure":"sports_centre","sport":"golf","opening_hours":"Mo-Fr 09:00-21:00; Sa-Su 08:00-21:00; PH 08:00-21:00"}},"geometry":{"type":"Point","coordinates":[-114.0365162,51.076335]}},{"type":"Feature","id":"osm-way-442976309","properties":{"name":"Calgary Winter Club","category":"sports","subcategory":"sports_centre","sourceId":"osm-overpass","osmType":"way","osmId":442976309,"sourceUrl":"https://www.openstreetmap.org/way/442976309","coordinateMethod":"Overpass bounding-box centre; not an entrance","address":null,"licenceStatus":null,"scoreEligible":false,"scoreWeight":0,"sourceTags":{"name":"Calgary Winter Club","leisure":"sports_centre"}},"geometry":{"type":"Point","coordinates":[-114.0960034,51.0935376]}},{"type":"Feature","id":"osm-way-448740045","properties":{"name":null,"category":"sports","subcategory":"sports_centre","sourceId":"osm-overpass","osmType":"way","osmId":448740045,"sourceUrl":"https://www.openstreetmap.org/way/448740045","coordinateMethod":"Overpass bounding-box centre; not an entrance","address":null,"licenceStatus":null,"scoreEligible":false,"scoreWeight":0,"sourceTags":{"leisure":"sports_centre"}},"geometry":{"type":"Point","coordinates":[-114.0451973,51.0652271]}},{"type":"Feature","id":"osm-way-448740048","properties":{"name":"Renfrew Aquatic and Recreation Centre","category":"sports","subcategory":"sports_centre","sourceId":"osm-overpass","osmType":"way","osmId":448740048,"sourceUrl":"https://www.openstreetmap.org/way/448740048","coordinateMethod":"Overpass bounding-box centre; not an entrance","address":"810 13 Avenue NE","licenceStatus":null,"scoreEligible":false,"scoreWeight":0,"sourceTags":{"name":"Renfrew Aquatic and Recreation Centre","leisure":"sports_centre","sport":"swimming","operator":"City of Calgary"}},"geometry":{"type":"Point","coordinates":[-114.0454307,51.0645428]}},{"type":"Feature","id":"osm-way-449593794","properties":{"name":"Don Hartman North East Sportsplex","category":"sports","subcategory":"sports_centre","sourceId":"osm-overpass","osmType":"way","osmId":449593794,"sourceUrl":"https://www.openstreetmap.org/way/449593794","coordinateMethod":"Overpass bounding-box centre; not an entrance","address":"5206 68 Street NE","licenceStatus":null,"scoreEligible":false,"scoreWeight":0,"sourceTags":{"name":"Don Hartman North East Sportsplex","leisure":"sports_centre"}},"geometry":{"type":"Point","coordinates":[-113.9335568,51.1021404]}},{"type":"Feature","id":"osm-way-455380253","properties":{"name":"Play Way Child Learning Centre","category":"childcare","subcategory":"childcare","sourceId":"osm-overpass","osmType":"way","osmId":455380253,"sourceUrl":"https://www.openstreetmap.org/way/455380253","coordinateMethod":"Overpass bounding-box centre; not an entrance","address":"76 Country Hills Drive NW","licenceStatus":"not-verified","scoreEligible":false,"scoreWeight":0,"sourceTags":{"name":"Play Way Child Learning Centre","amenity":"childcare"}},"geometry":{"type":"Point","coordinates":[-114.0662866,51.1503496]}},{"type":"Feature","id":"osm-way-459881215","properties":{"name":"Juvenescence","category":"childcare","subcategory":"childcare","sourceId":"osm-overpass","osmType":"way","osmId":459881215,"sourceUrl":"https://www.openstreetmap.org/way/459881215","coordinateMethod":"Overpass bounding-box centre; not an entrance","address":"24 Chapalina Close SE","licenceStatus":"not-verified","scoreEligible":false,"scoreWeight":0,"sourceTags":{"name":"Juvenescence","amenity":"childcare","opening_hours":"Mo-Fr 07:00-18:00"}},"geometry":{"type":"Point","coordinates":[-114.0450421,50.8824458]}},{"type":"Feature","id":"osm-way-480580091","properties":{"name":"HER GYMVMT","category":"gyms","subcategory":"fitness_centre","sourceId":"osm-overpass","osmType":"way","osmId":480580091,"sourceUrl":"https://www.openstreetmap.org/way/480580091","coordinateMethod":"Overpass bounding-box centre; not an entrance","address":"12024 Sarcee Trail NW","licenceStatus":null,"scoreEligible":false,"scoreWeight":0,"sourceTags":{"name":"HER GYMVMT","leisure":"fitness_centre","sport":"fitness"}},"geometry":{"type":"Point","coordinates":[-114.1603558,51.161877]}},{"type":"Feature","id":"osm-way-482246080","properties":{"name":"BrightPath Kids","category":"childcare","subcategory":"childcare","sourceId":"osm-overpass","osmType":"way","osmId":482246080,"sourceUrl":"https://www.openstreetmap.org/way/482246080","coordinateMethod":"Overpass bounding-box centre; not an entrance","address":"97 McKenzie Towne Boulevard SE","licenceStatus":"not-verified","scoreEligible":false,"scoreWeight":0,"sourceTags":{"name":"BrightPath Kids","amenity":"childcare"}},"geometry":{"type":"Point","coordinates":[-113.9592656,50.9178441]}},{"type":"Feature","id":"osm-way-486380763","properties":{"name":"Shane Homes YMCA at Rocky Ridge","category":"sports","subcategory":"sports_centre","sourceId":"osm-overpass","osmType":"way","osmId":486380763,"sourceUrl":"https://www.openstreetmap.org/way/486380763","coordinateMethod":"Overpass bounding-box centre; not an entrance","address":"11300 Rocky Ridge Road NW","licenceStatus":null,"scoreEligible":false,"scoreWeight":0,"sourceTags":{"name":"Shane Homes YMCA at Rocky Ridge","leisure":"sports_centre","opening_hours":"Mo-Fr 05:30-22:30, Sa-Su 07:00-20:30"}},"geometry":{"type":"Point","coordinates":[-114.2309389,51.1571389]}},{"type":"Feature","id":"osm-way-506309716","properties":{"name":"Beltline Aquatic & Fitness Centre","category":"gyms","subcategory":"fitness_centre","sourceId":"osm-overpass","osmType":"way","osmId":506309716,"sourceUrl":"https://www.openstreetmap.org/way/506309716","coordinateMethod":"Overpass bounding-box centre; not an entrance","address":"221 12 Avenue SW","licenceStatus":null,"scoreEligible":false,"scoreWeight":0,"sourceTags":{"name":"Beltline Aquatic & Fitness Centre","leisure":"fitness_centre","sport":"basketball;swimming;yoga"}},"geometry":{"type":"Point","coordinates":[-114.0671335,51.0412135]}},{"type":"Feature","id":"osm-way-529715598","properties":{"name":"Bowness Montgomery Child Care","category":"childcare","subcategory":"childcare","sourceId":"osm-overpass","osmType":"way","osmId":529715598,"sourceUrl":"https://www.openstreetmap.org/way/529715598","coordinateMethod":"Overpass bounding-box centre; not an entrance","address":"4615 85 Street NW","licenceStatus":"not-verified","scoreEligible":false,"scoreWeight":0,"sourceTags":{"name":"Bowness Montgomery Child Care","amenity":"childcare","operator":"Thornhill Child Care Society"}},"geometry":{"type":"Point","coordinates":[-114.2119801,51.0919449]}},{"type":"Feature","id":"osm-way-539080770","properties":{"name":"Panda Child Development Centre","category":"childcare","subcategory":"childcare","sourceId":"osm-overpass","osmType":"way","osmId":539080770,"sourceUrl":"https://www.openstreetmap.org/way/539080770","coordinateMethod":"Overpass bounding-box centre; not an entrance","address":"8032 Ranchero Drive NW","licenceStatus":"not-verified","scoreEligible":false,"scoreWeight":0,"sourceTags":{"name":"Panda Child Development Centre","amenity":"childcare"}},"geometry":{"type":"Point","coordinates":[-114.1889628,51.1248681]}},{"type":"Feature","id":"osm-way-540861993","properties":{"name":"Junction 9 Yoga & Pilates","category":"gyms","subcategory":"fitness_centre","sourceId":"osm-overpass","osmType":"way","osmId":540861993,"sourceUrl":"https://www.openstreetmap.org/way/540861993","coordinateMethod":"Overpass bounding-box centre; not an entrance","address":"919 9 Avenue SE","licenceStatus":null,"scoreEligible":false,"scoreWeight":0,"sourceTags":{"name":"Junction 9 Yoga & Pilates","leisure":"fitness_centre","sport":"yoga"}},"geometry":{"type":"Point","coordinates":[-114.0402189,51.0427722]}},{"type":"Feature","id":"osm-way-541160951","properties":{"name":"Temple Plays","category":"childcare","subcategory":"childcare","sourceId":"osm-overpass","osmType":"way","osmId":541160951,"sourceUrl":"https://www.openstreetmap.org/way/541160951","coordinateMethod":"Overpass bounding-box centre; not an entrance","address":"6823 43 Avenue NE","licenceStatus":"not-verified","scoreEligible":false,"scoreWeight":0,"sourceTags":{"name":"Temple Plays","amenity":"childcare","opening_hours":"Mo-Sa 07:00-20:00"}},"geometry":{"type":"Point","coordinates":[-113.9357153,51.0914638]}},{"type":"Feature","id":"osm-way-541227286","properties":{"name":"Kids @ Play Preschool","category":"preschool","subcategory":"kindergarten","sourceId":"osm-overpass","osmType":"way","osmId":541227286,"sourceUrl":"https://www.openstreetmap.org/way/541227286","coordinateMethod":"Overpass bounding-box centre; not an entrance","address":"356 Cranston Avenue SE","licenceStatus":"not-verified","scoreEligible":false,"scoreWeight":0,"sourceTags":{"name":"Kids @ Play Preschool","amenity":"kindergarten"}},"geometry":{"type":"Point","coordinates":[-113.9762276,50.8799576]}},{"type":"Feature","id":"osm-way-541744719","properties":{"name":"Great Plains Recreation Facility","category":"sports","subcategory":"sports_centre","sourceId":"osm-overpass","osmType":"way","osmId":541744719,"sourceUrl":"https://www.openstreetmap.org/way/541744719","coordinateMethod":"Overpass bounding-box centre; not an entrance","address":"5749 76 Avenue SE","licenceStatus":null,"scoreEligible":false,"scoreWeight":0,"sourceTags":{"name":"Great Plains Recreation Facility","leisure":"sports_centre","operator":"City of Calgary"}},"geometry":{"type":"Point","coordinates":[-113.9479631,50.9844002]}},{"type":"Feature","id":"osm-way-542140847","properties":{"name":"Macron Performance Centre","category":"sports","subcategory":"sports_centre","sourceId":"osm-overpass","osmType":"way","osmId":542140847,"sourceUrl":"https://www.openstreetmap.org/way/542140847","coordinateMethod":"Overpass bounding-box centre; not an entrance","address":"111 Exploration Avenue SE","licenceStatus":null,"scoreEligible":false,"scoreWeight":0,"sourceTags":{"name":"Macron Performance Centre","leisure":"sports_centre","sport":"soccer"}},"geometry":{"type":"Point","coordinates":[-113.909533,50.9616573]}},{"type":"Feature","id":"osm-way-543947461","properties":{"name":"Inglewood Aquatic Centre","category":"sports","subcategory":"sports_centre","sourceId":"osm-overpass","osmType":"way","osmId":543947461,"sourceUrl":"https://www.openstreetmap.org/way/543947461","coordinateMethod":"Overpass bounding-box centre; not an entrance","address":"1527 17 Avenue SE","licenceStatus":null,"scoreEligible":false,"scoreWeight":0,"sourceTags":{"name":"Inglewood Aquatic Centre","leisure":"sports_centre","sport":"swimming","access":"customers","operator":"City of Calgary"}},"geometry":{"type":"Point","coordinates":[-114.028679,51.037448]}},{"type":"Feature","id":"osm-way-546148414","properties":{"name":"BrightPath Creekside","category":"childcare","subcategory":"childcare","sourceId":"osm-overpass","osmType":"way","osmId":546148414,"sourceUrl":"https://www.openstreetmap.org/way/546148414","coordinateMethod":"Overpass bounding-box centre; not an entrance","address":"12630 Symons Valley Road NW","licenceStatus":"not-verified","scoreEligible":false,"scoreWeight":0,"sourceTags":{"name":"BrightPath Creekside","amenity":"childcare","opening_hours":"06:00-18:00","check_date":"2023-12-30","operator":"BrightPath"}},"geometry":{"type":"Point","coordinates":[-114.1307368,51.1675688]}},{"type":"Feature","id":"osm-way-567113419","properties":{"name":"Kids' Stop Children's Centre Auburn Bay","category":"childcare","subcategory":"childcare","sourceId":"osm-overpass","osmType":"way","osmId":567113419,"sourceUrl":"https://www.openstreetmap.org/way/567113419","coordinateMethod":"Overpass bounding-box centre; not an entrance","address":"100 Auburn Meadows Way SE","licenceStatus":"not-verified","scoreEligible":false,"scoreWeight":0,"sourceTags":{"name":"Kids' Stop Children's Centre Auburn Bay","amenity":"childcare","opening_hours":"Mo-Fr 06:30-18:00"}},"geometry":{"type":"Point","coordinates":[-113.9453295,50.8941448]}},{"type":"Feature","id":"osm-way-569493809","properties":{"name":"Flip Factory","category":"gyms","subcategory":"fitness_centre","sourceId":"osm-overpass","osmType":"way","osmId":569493809,"sourceUrl":"https://www.openstreetmap.org/way/569493809","coordinateMethod":"Overpass bounding-box centre; not an entrance","address":"4500 5 Street NE","licenceStatus":null,"scoreEligible":false,"scoreWeight":0,"sourceTags":{"name":"Flip Factory","leisure":"fitness_centre","sport":"flip","opening_hours":"Mo-Su 09:00-21:00"}},"geometry":{"type":"Point","coordinates":[-114.0504966,51.09231]}},{"type":"Feature","id":"osm-way-569493818","properties":{"name":"Right Start Daycare","category":"childcare","subcategory":"childcare","sourceId":"osm-overpass","osmType":"way","osmId":569493818,"sourceUrl":"https://www.openstreetmap.org/way/569493818","coordinateMethod":"Overpass bounding-box centre; not an entrance","address":"332 41 Avenue NE","licenceStatus":"not-verified","scoreEligible":false,"scoreWeight":0,"sourceTags":{"name":"Right Start Daycare","amenity":"childcare","opening_hours":"Mo-Fr 06:30-18:00","check_date":"2025-09-30"}},"geometry":{"type":"Point","coordinates":[-114.0557118,51.0902646]}},{"type":"Feature","id":"osm-way-570529461","properties":{"name":"The Yoga Studio of Calgary","category":"sports","subcategory":"sports_centre","sourceId":"osm-overpass","osmType":"way","osmId":570529461,"sourceUrl":"https://www.openstreetmap.org/way/570529461","coordinateMethod":"Overpass bounding-box centre; not an entrance","address":"211 5403 Crowchild Trail NW","licenceStatus":null,"scoreEligible":false,"scoreWeight":0,"sourceTags":{"name":"The Yoga Studio of Calgary","leisure":"sports_centre","sport":"yoga"}},"geometry":{"type":"Point","coordinates":[-114.1653279,51.1039799]}},{"type":"Feature","id":"osm-way-570529497","properties":{"name":"Play Play Play","category":"childcare","subcategory":"childcare","sourceId":"osm-overpass","osmType":"way","osmId":570529497,"sourceUrl":"https://www.openstreetmap.org/way/570529497","coordinateMethod":"Overpass bounding-box centre; not an entrance","address":null,"licenceStatus":"not-verified","scoreEligible":false,"scoreWeight":0,"sourceTags":{"name":"Play Play Play","amenity":"childcare"}},"geometry":{"type":"Point","coordinates":[-114.1659008,51.1036933]}},{"type":"Feature","id":"osm-way-571447831","properties":{"name":"ESG Child Learning Center - Daycare","category":"childcare","subcategory":"childcare","sourceId":"osm-overpass","osmType":"way","osmId":571447831,"sourceUrl":"https://www.openstreetmap.org/way/571447831","coordinateMethod":"Overpass bounding-box centre; not an entrance","address":"2100 19 Street NE","licenceStatus":"not-verified","scoreEligible":false,"scoreWeight":0,"sourceTags":{"name":"ESG Child Learning Center - Daycare","amenity":"childcare","opening_hours":"Mo-Fr 06:30-18:00"}},"geometry":{"type":"Point","coordinates":[-114.0131489,51.070622]}},{"type":"Feature","id":"osm-way-588712921","properties":{"name":null,"category":"sports","subcategory":"sports_centre","sourceId":"osm-overpass","osmType":"way","osmId":588712921,"sourceUrl":"https://www.openstreetmap.org/way/588712921","coordinateMethod":"Overpass bounding-box centre; not an entrance","address":null,"licenceStatus":null,"scoreEligible":false,"scoreWeight":0,"sourceTags":{"leisure":"sports_centre","sport":"multi;basketball;ice_skating;ice_hockey"}},"geometry":{"type":"Point","coordinates":[-114.1918281,51.1044871]}},{"type":"Feature","id":"osm-way-646099788","properties":{"name":"Tinkerbox Daycare","category":"childcare","subcategory":"childcare","sourceId":"osm-overpass","osmType":"way","osmId":646099788,"sourceUrl":"https://www.openstreetmap.org/way/646099788","coordinateMethod":"Overpass bounding-box centre; not an entrance","address":"1624 17 Avenue SW","licenceStatus":"not-verified","scoreEligible":false,"scoreWeight":0,"sourceTags":{"name":"Tinkerbox Daycare","amenity":"childcare"}},"geometry":{"type":"Point","coordinates":[-114.098946,51.0380768]}},{"type":"Feature","id":"osm-way-648060941","properties":{"name":"Calgary NW Fit Body Boot Camp","category":"gyms","subcategory":"fitness_centre","sourceId":"osm-overpass","osmType":"way","osmId":648060941,"sourceUrl":"https://www.openstreetmap.org/way/648060941","coordinateMethod":"Overpass bounding-box centre; not an entrance","address":"4118 Brentwood Road NW","licenceStatus":null,"scoreEligible":false,"scoreWeight":0,"sourceTags":{"name":"Calgary NW Fit Body Boot Camp","leisure":"fitness_centre"}},"geometry":{"type":"Point","coordinates":[-114.1304631,51.0880774]}},{"type":"Feature","id":"osm-way-666154826","properties":{"name":"Seven Chiefs Sportsplex","category":"sports","subcategory":"sports_centre","sourceId":"osm-overpass","osmType":"way","osmId":666154826,"sourceUrl":"https://www.openstreetmap.org/way/666154826","coordinateMethod":"Overpass bounding-box centre; not an entrance","address":"19 Bullhead Road","licenceStatus":null,"scoreEligible":false,"scoreWeight":0,"sourceTags":{"name":"Seven Chiefs Sportsplex","leisure":"sports_centre","sport":"ice_hockey","fee":"yes"}},"geometry":{"type":"Point","coordinates":[-114.1492731,50.9487134]}},{"type":"Feature","id":"osm-way-666504233","properties":{"name":"Mount Royal Daycare","category":"childcare","subcategory":"childcare","sourceId":"osm-overpass","osmType":"way","osmId":666504233,"sourceUrl":"https://www.openstreetmap.org/way/666504233","coordinateMethod":"Overpass bounding-box centre; not an entrance","address":"1901 5 Street SW","licenceStatus":"not-verified","scoreEligible":false,"scoreWeight":0,"sourceTags":{"name":"Mount Royal Daycare","amenity":"childcare"}},"geometry":{"type":"Point","coordinates":[-114.0745776,51.0361256]}},{"type":"Feature","id":"osm-way-683640703","properties":{"name":"Brookfield Residential YMCA at Seton","category":"gyms","subcategory":"sports_centre_with_fitness_tag","sourceId":"osm-overpass","osmType":"way","osmId":683640703,"sourceUrl":"https://www.openstreetmap.org/way/683640703","coordinateMethod":"Overpass bounding-box centre; not an entrance","address":"4995 Market Street SE","licenceStatus":null,"scoreEligible":false,"scoreWeight":0,"sourceTags":{"name":"Brookfield Residential YMCA at Seton","leisure":"sports_centre","sport":"basketball;swimming;badminton;diving;surfing;running;volleyball;ice_hockey;ice_skating;fitness;athletics;multi","opening_hours":"Mo-Fr 05:30-22:00; Sa-Su 07:00-20:00","fee":"yes","operator":"YMCA Calgary"}},"geometry":{"type":"Point","coordinates":[-113.9447389,50.8795959]}},{"type":"Feature","id":"osm-way-749349006","properties":{"name":"Red Gym","category":"sports","subcategory":"sports_centre","sourceId":"osm-overpass","osmType":"way","osmId":749349006,"sourceUrl":"https://www.openstreetmap.org/way/749349006","coordinateMethod":"Overpass bounding-box centre; not an entrance","address":null,"licenceStatus":null,"scoreEligible":false,"scoreWeight":0,"sourceTags":{"name":"Red Gym","leisure":"sports_centre"}},"geometry":{"type":"Point","coordinates":[-114.1325899,51.0768137]}},{"type":"Feature","id":"osm-way-749349007","properties":{"name":"Gold Gym","category":"sports","subcategory":"sports_centre","sourceId":"osm-overpass","osmType":"way","osmId":749349007,"sourceUrl":"https://www.openstreetmap.org/way/749349007","coordinateMethod":"Overpass bounding-box centre; not an entrance","address":null,"licenceStatus":null,"scoreEligible":false,"scoreWeight":0,"sourceTags":{"name":"Gold Gym","leisure":"sports_centre"}},"geometry":{"type":"Point","coordinates":[-114.132146,51.076974]}},{"type":"Feature","id":"osm-way-749349008","properties":{"name":"Jack Simpson Gym","category":"sports","subcategory":"sports_centre","sourceId":"osm-overpass","osmType":"way","osmId":749349008,"sourceUrl":"https://www.openstreetmap.org/way/749349008","coordinateMethod":"Overpass bounding-box centre; not an entrance","address":null,"licenceStatus":null,"scoreEligible":false,"scoreWeight":0,"sourceTags":{"name":"Jack Simpson Gym","leisure":"sports_centre"}},"geometry":{"type":"Point","coordinates":[-114.1340614,51.0778627]}},{"type":"Feature","id":"osm-way-751394524","properties":{"name":"KidStrong","category":"gyms","subcategory":"fitness_centre","sourceId":"osm-overpass","osmType":"way","osmId":751394524,"sourceUrl":"https://www.openstreetmap.org/way/751394524","coordinateMethod":"Overpass bounding-box centre; not an entrance","address":"2045 Symons Valley Parkway NW","licenceStatus":null,"scoreEligible":false,"scoreWeight":0,"sourceTags":{"name":"KidStrong","brand":"KidStrong","leisure":"fitness_centre"}},"geometry":{"type":"Point","coordinates":[-114.1068196,51.1754557]}},{"type":"Feature","id":"osm-way-772027964","properties":{"name":"Forest Lawn Outdoor Pool","category":"sports","subcategory":"sports_centre","sourceId":"osm-overpass","osmType":"way","osmId":772027964,"sourceUrl":"https://www.openstreetmap.org/way/772027964","coordinateMethod":"Overpass bounding-box centre; not an entrance","address":"1706 39 Street SE","licenceStatus":null,"scoreEligible":false,"scoreWeight":0,"sourceTags":{"name":"Forest Lawn Outdoor Pool","leisure":"sports_centre","sport":"swimming","fee":"yes"}},"geometry":{"type":"Point","coordinates":[-113.976372,51.0387837]}},{"type":"Feature","id":"osm-way-829893725","properties":{"name":"Clever Daycare","category":"childcare","subcategory":"childcare","sourceId":"osm-overpass","osmType":"way","osmId":829893725,"sourceUrl":"https://www.openstreetmap.org/way/829893725","coordinateMethod":"Overpass bounding-box centre; not an entrance","address":"3131 45 Avenue SW","licenceStatus":"not-verified","scoreEligible":false,"scoreWeight":0,"sourceTags":{"name":"Clever Daycare","amenity":"childcare","check_date":"2024-05-28"}},"geometry":{"type":"Point","coordinates":[-114.1393563,51.0136895]}},{"type":"Feature","id":"osm-way-846491146","properties":{"name":"Calgary Climbing Centre – Rocky Mountain","category":"sports","subcategory":"sports_centre","sourceId":"osm-overpass","osmType":"way","osmId":846491146,"sourceUrl":"https://www.openstreetmap.org/way/846491146","coordinateMethod":"Overpass bounding-box centre; not an entrance","address":"10721 West Valley Road SW","licenceStatus":null,"scoreEligible":false,"scoreWeight":0,"sourceTags":{"name":"Calgary Climbing Centre – Rocky Mountain","brand":"Calgary Climbing Centre","leisure":"sports_centre","sport":"climbing","opening_hours":"Mo-Fr 06:00-23:00; Sa-Su 08:00-10:00; Dec 25 off","fee":"yes"}},"geometry":{"type":"Point","coordinates":[-114.2424722,51.0875378]}},{"type":"Feature","id":"osm-way-908976505","properties":{"name":"Dominican Sisters' Daycare Centre","category":"childcare","subcategory":"childcare","sourceId":"osm-overpass","osmType":"way","osmId":908976505,"sourceUrl":"https://www.openstreetmap.org/way/908976505","coordinateMethod":"Overpass bounding-box centre; not an entrance","address":"2108 Uxbridge Drive NW","licenceStatus":"not-verified","scoreEligible":false,"scoreWeight":0,"sourceTags":{"name":"Dominican Sisters' Daycare Centre","amenity":"childcare","operator":"Society of Dominican Sisters of Calgary"}},"geometry":{"type":"Point","coordinates":[-114.1302488,51.0712617]}},{"type":"Feature","id":"osm-way-912985605","properties":{"name":"Kidsland Daycare","category":"childcare","subcategory":"childcare","sourceId":"osm-overpass","osmType":"way","osmId":912985605,"sourceUrl":"https://www.openstreetmap.org/way/912985605","coordinateMethod":"Overpass bounding-box centre; not an entrance","address":"28 MacEwan Drive NW","licenceStatus":"not-verified","scoreEligible":false,"scoreWeight":0,"sourceTags":{"name":"Kidsland Daycare","amenity":"childcare"}},"geometry":{"type":"Point","coordinates":[-114.1091677,51.1349144]}},{"type":"Feature","id":"osm-way-982358931","properties":{"name":"Joso's Preschool Academy","category":"childcare","subcategory":"childcare","sourceId":"osm-overpass","osmType":"way","osmId":982358931,"sourceUrl":"https://www.openstreetmap.org/way/982358931","coordinateMethod":"Overpass bounding-box centre; not an entrance","address":null,"licenceStatus":"not-verified","scoreEligible":false,"scoreWeight":0,"sourceTags":{"name":"Joso's Preschool Academy","amenity":"childcare"}},"geometry":{"type":"Point","coordinates":[-114.2075572,51.1516756]}},{"type":"Feature","id":"osm-way-1019264429","properties":{"name":"Kindervalley Montessori Academy","category":"preschool","subcategory":"kindergarten","sourceId":"osm-overpass","osmType":"way","osmId":1019264429,"sourceUrl":"https://www.openstreetmap.org/way/1019264429","coordinateMethod":"Overpass bounding-box centre; not an entrance","address":"4002 16 Street SW","licenceStatus":"not-verified","scoreEligible":false,"scoreWeight":0,"sourceTags":{"name":"Kindervalley Montessori Academy","amenity":"kindergarten","check_date":"2025-09-06"}},"geometry":{"type":"Point","coordinates":[-114.1001161,51.0191016]}},{"type":"Feature","id":"osm-way-1036886469","properties":{"name":"MNP Community & Sport Centre","category":"sports","subcategory":"sports_centre","sourceId":"osm-overpass","osmType":"way","osmId":1036886469,"sourceUrl":"https://www.openstreetmap.org/way/1036886469","coordinateMethod":"Overpass bounding-box centre; not an entrance","address":"2225 Macleod Trail SE","licenceStatus":null,"scoreEligible":false,"scoreWeight":0,"sourceTags":{"name":"MNP Community & Sport Centre","leisure":"sports_centre","check_date":"2026-08-26"}},"geometry":{"type":"Point","coordinates":[-114.0636676,51.0344575]}},{"type":"Feature","id":"osm-way-1039718503","properties":{"name":"Wee Wild Ones","category":"childcare","subcategory":"childcare","sourceId":"osm-overpass","osmType":"way","osmId":1039718503,"sourceUrl":"https://www.openstreetmap.org/way/1039718503","coordinateMethod":"Overpass bounding-box centre; not an entrance","address":"10 11A Street NE","licenceStatus":"not-verified","scoreEligible":false,"scoreWeight":0,"sourceTags":{"name":"Wee Wild Ones","amenity":"childcare"}},"geometry":{"type":"Point","coordinates":[-114.0343659,51.0489508]}},{"type":"Feature","id":"osm-way-1069403417","properties":{"name":"Calgary Soccer Centre","category":"sports","subcategory":"sports_centre","sourceId":"osm-overpass","osmType":"way","osmId":1069403417,"sourceUrl":"https://www.openstreetmap.org/way/1069403417","coordinateMethod":"Overpass bounding-box centre; not an entrance","address":"7000 48 Street SE","licenceStatus":null,"scoreEligible":false,"scoreWeight":0,"sourceTags":{"name":"Calgary Soccer Centre","leisure":"sports_centre","sport":"soccer"}},"geometry":{"type":"Point","coordinates":[-113.9611213,50.9930296]}},{"type":"Feature","id":"osm-way-1121529416","properties":{"name":"Millican Ogden Outdoor Pool","category":"sports","subcategory":"sports_centre","sourceId":"osm-overpass","osmType":"way","osmId":1121529416,"sourceUrl":"https://www.openstreetmap.org/way/1121529416","coordinateMethod":"Overpass bounding-box centre; not an entrance","address":"2094 69 Avenue SE","licenceStatus":null,"scoreEligible":false,"scoreWeight":0,"sourceTags":{"name":"Millican Ogden Outdoor Pool","leisure":"sports_centre","sport":"swimming"}},"geometry":{"type":"Point","coordinates":[-114.0118693,50.9912888]}},{"type":"Feature","id":"osm-way-1121566937","properties":{"name":"Bowview Outdoor Pool","category":"sports","subcategory":"sports_centre","sourceId":"osm-overpass","osmType":"way","osmId":1121566937,"sourceUrl":"https://www.openstreetmap.org/way/1121566937","coordinateMethod":"Overpass bounding-box centre; not an entrance","address":"1910 6 Avenue NW","licenceStatus":null,"scoreEligible":false,"scoreWeight":0,"sourceTags":{"name":"Bowview Outdoor Pool","leisure":"sports_centre","sport":"swimming","operator":"City Of Calgary"}},"geometry":{"type":"Point","coordinates":[-114.1030965,51.057945]}},{"type":"Feature","id":"osm-way-1122186241","properties":{"name":"Bowness Park Wading Pool","category":"sports","subcategory":"sports_centre","sourceId":"osm-overpass","osmType":"way","osmId":1122186241,"sourceUrl":"https://www.openstreetmap.org/way/1122186241","coordinateMethod":"Overpass bounding-box centre; not an entrance","address":null,"licenceStatus":null,"scoreEligible":false,"scoreWeight":0,"sourceTags":{"name":"Bowness Park Wading Pool","leisure":"sports_centre","sport":"swimming"}},"geometry":{"type":"Point","coordinates":[-114.2117895,51.0973792]}},{"type":"Feature","id":"osm-way-1123933664","properties":{"name":null,"category":"sports","subcategory":"sports_centre","sourceId":"osm-overpass","osmType":"way","osmId":1123933664,"sourceUrl":"https://www.openstreetmap.org/way/1123933664","coordinateMethod":"Overpass bounding-box centre; not an entrance","address":"4011 1A Street SW","licenceStatus":null,"scoreEligible":false,"scoreWeight":0,"sourceTags":{"leisure":"sports_centre","sport":"swimming"}},"geometry":{"type":"Point","coordinates":[-114.0691375,51.0173339]}},{"type":"Feature","id":"osm-way-1123933665","properties":{"name":"Stanley Park Lawn Bowling Club","category":"sports","subcategory":"sports_centre","sourceId":"osm-overpass","osmType":"way","osmId":1123933665,"sourceUrl":"https://www.openstreetmap.org/way/1123933665","coordinateMethod":"Overpass bounding-box centre; not an entrance","address":"350 42 Avenue SW","licenceStatus":null,"scoreEligible":false,"scoreWeight":0,"sourceTags":{"name":"Stanley Park Lawn Bowling Club","leisure":"sports_centre","sport":"bowls"}},"geometry":{"type":"Point","coordinates":[-114.0700431,51.0155982]}},{"type":"Feature","id":"osm-way-1123933666","properties":{"name":null,"category":"sports","subcategory":"sports_centre","sourceId":"osm-overpass","osmType":"way","osmId":1123933666,"sourceUrl":"https://www.openstreetmap.org/way/1123933666","coordinateMethod":"Overpass bounding-box centre; not an entrance","address":null,"licenceStatus":null,"scoreEligible":false,"scoreWeight":0,"sourceTags":{"leisure":"sports_centre","sport":"tennis"}},"geometry":{"type":"Point","coordinates":[-114.0684519,51.0170512]}},{"type":"Feature","id":"osm-way-1124002714","properties":{"name":"Harry Dodginghorse Memorial Agriplex","category":"sports","subcategory":"sports_centre","sourceId":"osm-overpass","osmType":"way","osmId":1124002714,"sourceUrl":"https://www.openstreetmap.org/way/1124002714","coordinateMethod":"Overpass bounding-box centre; not an entrance","address":"110 Cow Camp Road","licenceStatus":null,"scoreEligible":false,"scoreWeight":0,"sourceTags":{"name":"Harry Dodginghorse Memorial Agriplex","leisure":"sports_centre","sport":"equestrian"}},"geometry":{"type":"Point","coordinates":[-114.2663398,50.9562605]}},{"type":"Feature","id":"osm-way-1124882731","properties":{"name":"Gym 4031","category":"gyms","subcategory":"fitness_centre","sourceId":"osm-overpass","osmType":"way","osmId":1124882731,"sourceUrl":"https://www.openstreetmap.org/way/1124882731","coordinateMethod":"Overpass bounding-box centre; not an entrance","address":null,"licenceStatus":null,"scoreEligible":false,"scoreWeight":0,"sourceTags":{"name":"Gym 4031","leisure":"fitness_centre"}},"geometry":{"type":"Point","coordinates":[-113.9678439,51.2108209]}},{"type":"Feature","id":"osm-way-1149530498","properties":{"name":"Crowfoot Arena","category":"sports","subcategory":"sports_centre","sourceId":"osm-overpass","osmType":"way","osmId":1149530498,"sourceUrl":"https://www.openstreetmap.org/way/1149530498","coordinateMethod":"Overpass bounding-box centre; not an entrance","address":"8080 John Laurie Boulevard NW","licenceStatus":null,"scoreEligible":false,"scoreWeight":0,"sourceTags":{"name":"Crowfoot Arena","leisure":"sports_centre"}},"geometry":{"type":"Point","coordinates":[-114.1951538,51.1285756]}},{"type":"Feature","id":"osm-way-1253488626","properties":{"name":"GoodLife Fitness","category":"gyms","subcategory":"fitness_centre","sourceId":"osm-overpass","osmType":"way","osmId":1253488626,"sourceUrl":"https://www.openstreetmap.org/way/1253488626","coordinateMethod":"Overpass bounding-box centre; not an entrance","address":"5235 Northland Drive NW","licenceStatus":null,"scoreEligible":false,"scoreWeight":0,"sourceTags":{"name":"GoodLife Fitness","brand":"GoodLife Fitness","leisure":"fitness_centre"}},"geometry":{"type":"Point","coordinates":[-114.1430495,51.0999906]}},{"type":"Feature","id":"osm-way-1256739313","properties":{"name":"Edgemont Childcare Centre","category":"childcare","subcategory":"childcare","sourceId":"osm-overpass","osmType":"way","osmId":1256739313,"sourceUrl":"https://www.openstreetmap.org/way/1256739313","coordinateMethod":"Overpass bounding-box centre; not an entrance","address":"8 Edgepark Rise NW","licenceStatus":"not-verified","scoreEligible":false,"scoreWeight":0,"sourceTags":{"name":"Edgemont Childcare Centre","amenity":"childcare","opening_hours":"Mo-Fr 07:00-18:00"}},"geometry":{"type":"Point","coordinates":[-114.1578327,51.1326881]}},{"type":"Feature","id":"osm-way-1257645767","properties":{"name":"Rumble Boxing Studio","category":"gyms","subcategory":"fitness_centre","sourceId":"osm-overpass","osmType":"way","osmId":1257645767,"sourceUrl":"https://www.openstreetmap.org/way/1257645767","coordinateMethod":"Overpass bounding-box centre; not an entrance","address":null,"licenceStatus":null,"scoreEligible":false,"scoreWeight":0,"sourceTags":{"name":"Rumble Boxing Studio","leisure":"fitness_centre","sport":"boxing"}},"geometry":{"type":"Point","coordinates":[-114.1575138,51.1376401]}},{"type":"Feature","id":"osm-way-1272355074","properties":{"name":"Little Heartprints Academy","category":"childcare","subcategory":"childcare","sourceId":"osm-overpass","osmType":"way","osmId":1272355074,"sourceUrl":"https://www.openstreetmap.org/way/1272355074","coordinateMethod":"Overpass bounding-box centre; not an entrance","address":"1915 33 Avenue SW","licenceStatus":"not-verified","scoreEligible":false,"scoreWeight":0,"sourceTags":{"name":"Little Heartprints Academy","amenity":"childcare","opening_hours":"Mo-Fr 07:30-17:30"}},"geometry":{"type":"Point","coordinates":[-114.1054349,51.0238022]}},{"type":"Feature","id":"osm-way-1285392688","properties":{"name":"YYC Tennis Centre","category":"sports","subcategory":"sports_centre","sourceId":"osm-overpass","osmType":"way","osmId":1285392688,"sourceUrl":"https://www.openstreetmap.org/way/1285392688","coordinateMethod":"Overpass bounding-box centre; not an entrance","address":null,"licenceStatus":null,"scoreEligible":false,"scoreWeight":0,"sourceTags":{"name":"YYC Tennis Centre","leisure":"sports_centre","sport":"tennis"}},"geometry":{"type":"Point","coordinates":[-113.9783131,51.2109135]}},{"type":"Feature","id":"osm-way-1313687863","properties":{"name":null,"category":"gyms","subcategory":"fitness_centre","sourceId":"osm-overpass","osmType":"way","osmId":1313687863,"sourceUrl":"https://www.openstreetmap.org/way/1313687863","coordinateMethod":"Overpass bounding-box centre; not an entrance","address":null,"licenceStatus":null,"scoreEligible":false,"scoreWeight":0,"sourceTags":{"leisure":"fitness_centre","sport":"tai_chi"}},"geometry":{"type":"Point","coordinates":[-114.0641756,51.0519403]}},{"type":"Feature","id":"osm-way-1325576352","properties":{"name":"Altadore Daycare Preschool","category":"childcare","subcategory":"childcare","sourceId":"osm-overpass","osmType":"way","osmId":1325576352,"sourceUrl":"https://www.openstreetmap.org/way/1325576352","coordinateMethod":"Overpass bounding-box centre; not an entrance","address":"1820 40 Avenue SW","licenceStatus":"not-verified","scoreEligible":false,"scoreWeight":0,"sourceTags":{"name":"Altadore Daycare Preschool","amenity":"childcare","operator":"Altadore Daycare Preschool (1981) Ltd."}},"geometry":{"type":"Point","coordinates":[-114.1039473,51.018283]}},{"type":"Feature","id":"osm-way-1338535322","properties":{"name":"Bow Trail Daycare","category":"childcare","subcategory":"childcare","sourceId":"osm-overpass","osmType":"way","osmId":1338535322,"sourceUrl":"https://www.openstreetmap.org/way/1338535322","coordinateMethod":"Overpass bounding-box centre; not an entrance","address":null,"licenceStatus":"not-verified","scoreEligible":false,"scoreWeight":0,"sourceTags":{"name":"Bow Trail Daycare","amenity":"childcare"}},"geometry":{"type":"Point","coordinates":[-114.1519847,51.0488929]}},{"type":"Feature","id":"osm-way-1344902625","properties":{"name":"House of Skate","category":"sports","subcategory":"sports_centre","sourceId":"osm-overpass","osmType":"way","osmId":1344902625,"sourceUrl":"https://www.openstreetmap.org/way/1344902625","coordinateMethod":"Overpass bounding-box centre; not an entrance","address":"1100 42 Avenue SE","licenceStatus":null,"scoreEligible":false,"scoreWeight":0,"sourceTags":{"name":"House of Skate","leisure":"sports_centre","sport":"roller_skating","fee":"yes"}},"geometry":{"type":"Point","coordinates":[-114.0391546,51.0165682]}},{"type":"Feature","id":"osm-way-1348381814","properties":{"name":"Planet Fitness","category":"gyms","subcategory":"fitness_centre","sourceId":"osm-overpass","osmType":"way","osmId":1348381814,"sourceUrl":"https://www.openstreetmap.org/way/1348381814","coordinateMethod":"Overpass bounding-box centre; not an entrance","address":"2555 32 Street NE","licenceStatus":null,"scoreEligible":false,"scoreWeight":0,"sourceTags":{"name":"Planet Fitness","brand":"Planet Fitness","leisure":"fitness_centre"}},"geometry":{"type":"Point","coordinates":[-113.9912452,51.0754988]}},{"type":"Feature","id":"osm-way-1353527298","properties":{"name":"Abbeydale KIndercare Center","category":"childcare","subcategory":"childcare","sourceId":"osm-overpass","osmType":"way","osmId":1353527298,"sourceUrl":"https://www.openstreetmap.org/way/1353527298","coordinateMethod":"Overpass bounding-box centre; not an entrance","address":"808 Abbeydale Drive NE","licenceStatus":"not-verified","scoreEligible":false,"scoreWeight":0,"sourceTags":{"name":"Abbeydale KIndercare Center","amenity":"childcare"}},"geometry":{"type":"Point","coordinates":[-113.9344073,51.0599151]}},{"type":"Feature","id":"osm-way-1353566678","properties":{"name":"Creative Kids Academy","category":"childcare","subcategory":"childcare","sourceId":"osm-overpass","osmType":"way","osmId":1353566678,"sourceUrl":"https://www.openstreetmap.org/way/1353566678","coordinateMethod":"Overpass bounding-box centre; not an entrance","address":"3708 44 Avenue NE","licenceStatus":"not-verified","scoreEligible":false,"scoreWeight":0,"sourceTags":{"name":"Creative Kids Academy","amenity":"childcare"}},"geometry":{"type":"Point","coordinates":[-113.9812105,51.0914549]}},{"type":"Feature","id":"osm-way-1355885333","properties":{"name":"Crowchild Twin Arena","category":"sports","subcategory":"sports_centre","sourceId":"osm-overpass","osmType":"way","osmId":1355885333,"sourceUrl":"https://www.openstreetmap.org/way/1355885333","coordinateMethod":"Overpass bounding-box centre; not an entrance","address":"185 Scenic Acres Drive NW","licenceStatus":null,"scoreEligible":false,"scoreWeight":0,"sourceTags":{"name":"Crowchild Twin Arena","leisure":"sports_centre","sport":"ice_hockey;ice_skating"}},"geometry":{"type":"Point","coordinates":[-114.211677,51.1120858]}},{"type":"Feature","id":"osm-way-1356087002","properties":{"name":"Little Champs Montessori Childcare Inc.","category":"childcare","subcategory":"childcare","sourceId":"osm-overpass","osmType":"way","osmId":1356087002,"sourceUrl":"https://www.openstreetmap.org/way/1356087002","coordinateMethod":"Overpass bounding-box centre; not an entrance","address":"82 Rockbluff Close NW","licenceStatus":"not-verified","scoreEligible":false,"scoreWeight":0,"sourceTags":{"name":"Little Champs Montessori Childcare Inc.","amenity":"childcare"}},"geometry":{"type":"Point","coordinates":[-114.2505192,51.1467303]}},{"type":"Feature","id":"osm-way-1359890863","properties":{"name":"Little Steps Childcare Centre","category":"childcare","subcategory":"childcare","sourceId":"osm-overpass","osmType":"way","osmId":1359890863,"sourceUrl":"https://www.openstreetmap.org/way/1359890863","coordinateMethod":"Overpass bounding-box centre; not an entrance","address":null,"licenceStatus":"not-verified","scoreEligible":false,"scoreWeight":0,"sourceTags":{"name":"Little Steps Childcare Centre","amenity":"childcare"}},"geometry":{"type":"Point","coordinates":[-114.0923418,51.1838449]}},{"type":"Feature","id":"osm-way-1359893776","properties":{"name":"All Time Fitness","category":"gyms","subcategory":"fitness_centre","sourceId":"osm-overpass","osmType":"way","osmId":1359893776,"sourceUrl":"https://www.openstreetmap.org/way/1359893776","coordinateMethod":"Overpass bounding-box centre; not an entrance","address":"119 Carrington Plaza NW","licenceStatus":null,"scoreEligible":false,"scoreWeight":0,"sourceTags":{"name":"All Time Fitness","leisure":"fitness_centre","sport":"fitness","opening_hours":"24/7"}},"geometry":{"type":"Point","coordinates":[-114.093446,51.1822924]}},{"type":"Feature","id":"osm-way-1360815244","properties":{"name":"Southland Leisure Center","category":"sports","subcategory":"sports_centre","sourceId":"osm-overpass","osmType":"way","osmId":1360815244,"sourceUrl":"https://www.openstreetmap.org/way/1360815244","coordinateMethod":"Overpass bounding-box centre; not an entrance","address":"2000 Southland Drive SW","licenceStatus":null,"scoreEligible":false,"scoreWeight":0,"sourceTags":{"name":"Southland Leisure Center","leisure":"sports_centre","sport":"netball;baseball;basketball;swimming;athletics;volleyball;running;climbing;ice_hockey","opening_hours":"Mo-Fr 07:00-21:00; Sa-Su 07:00-18:00","fee":"yes"}},"geometry":{"type":"Point","coordinates":[-114.1079105,50.9624774]}},{"type":"Feature","id":"osm-way-1362441414","properties":{"name":"Kidsland Day Care","category":"childcare","subcategory":"childcare","sourceId":"osm-overpass","osmType":"way","osmId":1362441414,"sourceUrl":"https://www.openstreetmap.org/way/1362441414","coordinateMethod":"Overpass bounding-box centre; not an entrance","address":"665 Woodbine Boulevard SW","licenceStatus":"not-verified","scoreEligible":false,"scoreWeight":0,"sourceTags":{"name":"Kidsland Day Care","amenity":"childcare"}},"geometry":{"type":"Point","coordinates":[-114.1347732,50.943071]}},{"type":"Feature","id":"osm-way-1365343228","properties":{"name":"We Shine Daycare","category":"childcare","subcategory":"childcare","sourceId":"osm-overpass","osmType":"way","osmId":1365343228,"sourceUrl":"https://www.openstreetmap.org/way/1365343228","coordinateMethod":"Overpass bounding-box centre; not an entrance","address":null,"licenceStatus":"not-verified","scoreEligible":false,"scoreWeight":0,"sourceTags":{"name":"We Shine Daycare","amenity":"childcare"}},"geometry":{"type":"Point","coordinates":[-113.9645131,51.0510337]}},{"type":"Feature","id":"osm-way-1365473853","properties":{"name":"Heartland Agency","category":"childcare","subcategory":"childcare","sourceId":"osm-overpass","osmType":"way","osmId":1365473853,"sourceUrl":"https://www.openstreetmap.org/way/1365473853","coordinateMethod":"Overpass bounding-box centre; not an entrance","address":"6908 26 Avenue NE","licenceStatus":"not-verified","scoreEligible":false,"scoreWeight":0,"sourceTags":{"name":"Heartland Agency","amenity":"childcare"}},"geometry":{"type":"Point","coordinates":[-113.9346372,51.0763902]}},{"type":"Feature","id":"osm-way-1368953459","properties":{"name":"BrightPath Child Care Centre","category":"childcare","subcategory":"childcare","sourceId":"osm-overpass","osmType":"way","osmId":1368953459,"sourceUrl":"https://www.openstreetmap.org/way/1368953459","coordinateMethod":"Overpass bounding-box centre; not an entrance","address":"4603 Marbank Drive NE","licenceStatus":"not-verified","scoreEligible":false,"scoreWeight":0,"sourceTags":{"name":"BrightPath Child Care Centre","amenity":"childcare"}},"geometry":{"type":"Point","coordinates":[-113.9683611,51.0632442]}},{"type":"Feature","id":"osm-way-1370771119","properties":{"name":"Natasha Childcare","category":"childcare","subcategory":"childcare","sourceId":"osm-overpass","osmType":"way","osmId":1370771119,"sourceUrl":"https://www.openstreetmap.org/way/1370771119","coordinateMethod":"Overpass bounding-box centre; not an entrance","address":"51 Ranchridge Drive NW","licenceStatus":"not-verified","scoreEligible":false,"scoreWeight":0,"sourceTags":{"name":"Natasha Childcare","amenity":"childcare"}},"geometry":{"type":"Point","coordinates":[-114.1841484,51.1228131]}},{"type":"Feature","id":"osm-way-1370772107","properties":{"name":"Ranchlands Montessori Children's Centre","category":"childcare","subcategory":"childcare","sourceId":"osm-overpass","osmType":"way","osmId":1370772107,"sourceUrl":"https://www.openstreetmap.org/way/1370772107","coordinateMethod":"Overpass bounding-box centre; not an entrance","address":"1203 Ranchlands Boulevard NW","licenceStatus":"not-verified","scoreEligible":false,"scoreWeight":0,"sourceTags":{"name":"Ranchlands Montessori Children's Centre","amenity":"childcare","opening_hours":"Sa-Su off; Mo-Fr 07:30-17:30"}},"geometry":{"type":"Point","coordinates":[-114.1933574,51.119239]}},{"type":"Feature","id":"osm-way-1376381992","properties":{"name":"Evanspark ELCC Academy","category":"childcare","subcategory":"childcare","sourceId":"osm-overpass","osmType":"way","osmId":1376381992,"sourceUrl":"https://www.openstreetmap.org/way/1376381992","coordinateMethod":"Overpass bounding-box centre; not an entrance","address":null,"licenceStatus":"not-verified","scoreEligible":false,"scoreWeight":0,"sourceTags":{"name":"Evanspark ELCC Academy","amenity":"childcare","opening_hours":"Mo-Fr 06:00-19:00"}},"geometry":{"type":"Point","coordinates":[-114.1184674,51.1724029]}},{"type":"Feature","id":"osm-way-1386645989","properties":{"name":"Fit4Less","category":"gyms","subcategory":"fitness_centre","sourceId":"osm-overpass","osmType":"way","osmId":1386645989,"sourceUrl":"https://www.openstreetmap.org/way/1386645989","coordinateMethod":"Overpass bounding-box centre; not an entrance","address":null,"licenceStatus":null,"scoreEligible":false,"scoreWeight":0,"sourceTags":{"name":"Fit4Less","brand":"Fit4Less","leisure":"fitness_centre","opening_hours":"24/7"}},"geometry":{"type":"Point","coordinates":[-114.069341,51.1273569]}},{"type":"Feature","id":"osm-way-1421972623","properties":{"name":"Bow Daycare","category":"childcare","subcategory":"childcare","sourceId":"osm-overpass","osmType":"way","osmId":1421972623,"sourceUrl":"https://www.openstreetmap.org/way/1421972623","coordinateMethod":"Overpass bounding-box centre; not an entrance","address":"6403 Bowness Road NW","licenceStatus":"not-verified","scoreEligible":false,"scoreWeight":0,"sourceTags":{"name":"Bow Daycare","amenity":"childcare","check_date":"2025-08-13"}},"geometry":{"type":"Point","coordinates":[-114.1804255,51.0856093]}},{"type":"Feature","id":"osm-way-1422452029","properties":{"name":"GYMVMT","category":"gyms","subcategory":"fitness_centre","sourceId":"osm-overpass","osmType":"way","osmId":1422452029,"sourceUrl":"https://www.openstreetmap.org/way/1422452029","coordinateMethod":"Overpass bounding-box centre; not an entrance","address":"1632 14 Avenue NW","licenceStatus":null,"scoreEligible":false,"scoreWeight":0,"sourceTags":{"name":"GYMVMT","leisure":"fitness_centre"}},"geometry":{"type":"Point","coordinates":[-114.0995413,51.0662607]}},{"type":"Feature","id":"osm-way-1422726054","properties":{"name":"KidStrong","category":"gyms","subcategory":"fitness_centre","sourceId":"osm-overpass","osmType":"way","osmId":1422726054,"sourceUrl":"https://www.openstreetmap.org/way/1422726054","coordinateMethod":"Overpass bounding-box centre; not an entrance","address":"1632 14 Avenue NW","licenceStatus":null,"scoreEligible":false,"scoreWeight":0,"sourceTags":{"name":"KidStrong","brand":"KidStrong","leisure":"fitness_centre"}},"geometry":{"type":"Point","coordinates":[-114.0988265,51.0654449]}},{"type":"Feature","id":"osm-way-1442486878","properties":{"name":"TsuuT'ina Daycare","category":"childcare","subcategory":"childcare","sourceId":"osm-overpass","osmType":"way","osmId":1442486878,"sourceUrl":"https://www.openstreetmap.org/way/1442486878","coordinateMethod":"Overpass bounding-box centre; not an entrance","address":"70 Bullhead Road","licenceStatus":"not-verified","scoreEligible":false,"scoreWeight":0,"sourceTags":{"name":"TsuuT'ina Daycare","amenity":"childcare","opening_hours":"Mo-Fr 07:00-17:00","check_date":"2025-10-15","operator":"TsuuT'ina Community Services"}},"geometry":{"type":"Point","coordinates":[-114.1607271,50.9528722]}},{"type":"Feature","id":"osm-way-1482248679","properties":{"name":null,"category":"preschool","subcategory":"kindergarten","sourceId":"osm-overpass","osmType":"way","osmId":1482248679,"sourceUrl":"https://www.openstreetmap.org/way/1482248679","coordinateMethod":"Overpass bounding-box centre; not an entrance","address":null,"licenceStatus":"not-verified","scoreEligible":false,"scoreWeight":0,"sourceTags":{"amenity":"kindergarten"}},"geometry":{"type":"Point","coordinates":[-114.1072008,51.1747587]}},{"type":"Feature","id":"osm-way-1548226024","properties":{"name":"Trojans Athletics and Recreation","category":"gyms","subcategory":"fitness_centre","sourceId":"osm-overpass","osmType":"way","osmId":1548226024,"sourceUrl":"https://www.openstreetmap.org/way/1548226024","coordinateMethod":"Overpass bounding-box centre; not an entrance","address":null,"licenceStatus":null,"scoreEligible":false,"scoreWeight":0,"sourceTags":{"name":"Trojans Athletics and Recreation","leisure":"fitness_centre","sport":"basketball;fitness;volleyball;badminton;gymnastics;weightlifting"}},"geometry":{"type":"Point","coordinates":[-114.0856112,51.0655446]}},{"type":"Feature","id":"osm-relation-19457896","properties":{"name":"Osten & Victor Alberta Tennis Centre","category":"sports","subcategory":"sports_centre","sourceId":"osm-overpass","osmType":"relation","osmId":19457896,"sourceUrl":"https://www.openstreetmap.org/relation/19457896","coordinateMethod":"Overpass bounding-box centre; not an entrance","address":"295 90 Avenue SE","licenceStatus":null,"scoreEligible":false,"scoreWeight":0,"sourceTags":{"name":"Osten & Victor Alberta Tennis Centre","leisure":"sports_centre","sport":"tennis","opening_hours":"07:00-22:00"}},"geometry":{"type":"Point","coordinates":[-114.0628971,50.9717]}}]}