{"type":"FeatureCollection","metadata":{"title":"Calgary-area OSM food and healthcare extract","capturedAt":"2026-09-14T09:34:57.200823+00:00","sourceSnapshotAt":"2026-09-14T09:29:11Z","license":"ODbL 1.0","licenseUrl":"https://opendatacommons.org/licenses/odbl/1-0/","attribution":"© OpenStreetMap contributors","copyrightUrl":"https://www.openstreetmap.org/copyright","queryExtent":[-114.3558105,50.8128288,-113.81991939999999,51.2424321]},"features":[{"type":"Feature","id":"osm-node-196633801","properties":{"name":"Calgary Co-op Brentwood Food Centre","category":"groceries","subcategory":"supermarket","sourceId":"osm-overpass","osmType":"node","osmId":196633801,"sourceUrl":"https://www.openstreetmap.org/node/196633801","coordinateMethod":"OSM node","address":"4122 Brentwood Road NW","sourceTags":{"name":"Calgary Co-op Brentwood Food Centre","shop":"supermarket","opening_hours":"Mo-Su 08:00-22:00"}},"geometry":{"type":"Point","coordinates":[-114.130982,51.0881572]}},{"type":"Feature","id":"osm-node-196695436","properties":{"name":"Safeway","category":"groceries","subcategory":"supermarket","sourceId":"osm-overpass","osmType":"node","osmId":196695436,"sourceUrl":"https://www.openstreetmap.org/node/196695436","coordinateMethod":"OSM node","address":"5005 Dalhousie Drive NW","sourceTags":{"name":"Safeway","brand":"Safeway","shop":"supermarket","opening_hours":"08:00-23:00","check_date":"2024-12-01"}},"geometry":{"type":"Point","coordinates":[-114.1619808,51.1064546]}},{"type":"Feature","id":"osm-node-196695443","properties":{"name":"Shoppers Drug Mart","category":"healthcare","subcategory":"pharmacy","sourceId":"osm-overpass","osmType":"node","osmId":196695443,"sourceUrl":"https://www.openstreetmap.org/node/196695443","coordinateMethod":"OSM node","address":"5005 Dalhousie Drive NW","sourceTags":{"name":"Shoppers Drug Mart","brand":"Shoppers Drug Mart","amenity":"pharmacy","healthcare":"pharmacy","opening_hours":"Mo-Su 08:00-22:00"}},"geometry":{"type":"Point","coordinates":[-114.1605859,51.1050444]}},{"type":"Feature","id":"osm-node-204843011","properties":{"name":"Calgary Co-op Hamptons Food Centre","category":"groceries","subcategory":"supermarket","sourceId":"osm-overpass","osmType":"node","osmId":204843011,"sourceUrl":"https://www.openstreetmap.org/node/204843011","coordinateMethod":"OSM node","address":"400, 1000 Hamptons Drive NW","sourceTags":{"name":"Calgary Co-op Hamptons Food Centre","shop":"supermarket","opening_hours":"08:00-22:00"}},"geometry":{"type":"Point","coordinates":[-114.130215,51.1414761]}},{"type":"Feature","id":"osm-node-204854118","properties":{"name":"Safeway","category":"groceries","subcategory":"supermarket","sourceId":"osm-overpass","osmType":"node","osmId":204854118,"sourceUrl":"https://www.openstreetmap.org/node/204854118","coordinateMethod":"OSM node","address":null,"sourceTags":{"name":"Safeway","brand":"Safeway","shop":"supermarket"}},"geometry":{"type":"Point","coordinates":[-114.1680533,51.0145538]}},{"type":"Feature","id":"osm-node-252683954","properties":{"name":"Real Canadian Superstore","category":"groceries","subcategory":"supermarket","sourceId":"osm-overpass","osmType":"node","osmId":252683954,"sourceUrl":"https://www.openstreetmap.org/node/252683954","coordinateMethod":"OSM node","address":"7020 4 Street NW","sourceTags":{"name":"Real Canadian Superstore","brand":"Real Canadian Superstore","shop":"supermarket"}},"geometry":{"type":"Point","coordinates":[-114.0693725,51.1158258]}},{"type":"Feature","id":"osm-node-252763320","properties":{"name":"Safeway","category":"groceries","subcategory":"supermarket","sourceId":"osm-overpass","osmType":"node","osmId":252763320,"sourceUrl":"https://www.openstreetmap.org/node/252763320","coordinateMethod":"OSM node","address":"8120 Beddington Boulevard NW","sourceTags":{"name":"Safeway","brand":"Safeway","shop":"supermarket","opening_hours":"Mo-Su 07:00-22:00"}},"geometry":{"type":"Point","coordinates":[-114.072393,51.1270894]}},{"type":"Feature","id":"osm-node-252765962","properties":{"name":"London Drugs","category":"healthcare","subcategory":"pharmacy","sourceId":"osm-overpass","osmType":"node","osmId":252765962,"sourceUrl":"https://www.openstreetmap.org/node/252765962","coordinateMethod":"OSM node","address":"8120 Beddington Boulevard NW","sourceTags":{"name":"London Drugs","brand":"London Drugs","amenity":"pharmacy","healthcare":"pharmacy","opening_hours":"Mo-Sa 09:00-22:00; Su 10:00-20:00; PH 10:00-20:00"}},"geometry":{"type":"Point","coordinates":[-114.0747754,51.127217]}},{"type":"Feature","id":"osm-node-252789687","properties":{"name":"The Italian Store","category":"groceries","subcategory":"supermarket","sourceId":"osm-overpass","osmType":"node","osmId":252789687,"sourceUrl":"https://www.openstreetmap.org/node/252789687","coordinateMethod":"OSM node","address":"5140 Skyline Way NE","sourceTags":{"name":"The Italian Store","shop":"supermarket","opening_hours":"Mo-Sa 09:00-17:00"}},"geometry":{"type":"Point","coordinates":[-114.0408668,51.0987332]}},{"type":"Feature","id":"osm-node-252828097","properties":{"name":"London Drugs","category":"healthcare","subcategory":"pharmacy","sourceId":"osm-overpass","osmType":"node","osmId":252828097,"sourceUrl":"https://www.openstreetmap.org/node/252828097","coordinateMethod":"OSM node","address":"3545 32 Avenue NE","sourceTags":{"name":"London Drugs","brand":"London Drugs","amenity":"pharmacy","healthcare":"pharmacy","opening_hours":"Mo-Sa 09:00-22:00; Su 10:00-20:00; PH 09:00-21:00"}},"geometry":{"type":"Point","coordinates":[-113.98287,51.0806336]}},{"type":"Feature","id":"osm-node-254039705","properties":{"name":"大統華 T&T Supermarket","category":"groceries","subcategory":"supermarket","sourceId":"osm-overpass","osmType":"node","osmId":254039705,"sourceUrl":"https://www.openstreetmap.org/node/254039705","coordinateMethod":"OSM node","address":"9650 Harvest Hills Boulevard N","sourceTags":{"name":"大統華 T&T Supermarket","brand":"T&T Supermarket","shop":"supermarket","opening_hours":"Mo-Su 09:00-21:30","check_date":"2025-08-11"}},"geometry":{"type":"Point","coordinates":[-114.0686256,51.1406324]}},{"type":"Feature","id":"osm-node-254783632","properties":{"name":"Global Drugs","category":"healthcare","subcategory":"pharmacy","sourceId":"osm-overpass","osmType":"node","osmId":254783632,"sourceUrl":"https://www.openstreetmap.org/node/254783632","coordinateMethod":"OSM node","address":"233 16 Avenue NW","sourceTags":{"name":"Global Drugs","amenity":"pharmacy","healthcare":"pharmacy","opening_hours":"Mo-Th 09:00-17:30; Fr 09:00-17:00; Sa 09:00-13:00; Su,PH off"}},"geometry":{"type":"Point","coordinates":[-114.0665822,51.0665157]}},{"type":"Feature","id":"osm-node-281764007","properties":{"name":null,"category":"healthcare","subcategory":"pharmacy","sourceId":"osm-overpass","osmType":"node","osmId":281764007,"sourceUrl":"https://www.openstreetmap.org/node/281764007","coordinateMethod":"OSM node","address":null,"sourceTags":{"amenity":"pharmacy","healthcare":"pharmacy"}},"geometry":{"type":"Point","coordinates":[-114.0859272,50.9491232]}},{"type":"Feature","id":"osm-node-281777343","properties":{"name":"MRT Family Foods","category":"groceries","subcategory":"supermarket","sourceId":"osm-overpass","osmType":"node","osmId":281777343,"sourceUrl":"https://www.openstreetmap.org/node/281777343","coordinateMethod":"OSM node","address":"817 19 Street NE","sourceTags":{"name":"MRT Family Foods","shop":"supermarket","opening_hours":"Mo-Sa 09:00-21:00, Su 09:00-20:00"}},"geometry":{"type":"Point","coordinates":[-114.014317,51.0587285]}},{"type":"Feature","id":"osm-node-281778645","properties":{"name":"7-Eleven","category":"convenience","subcategory":"convenience","sourceId":"osm-overpass","osmType":"node","osmId":281778645,"sourceUrl":"https://www.openstreetmap.org/node/281778645","coordinateMethod":"OSM node","address":null,"sourceTags":{"name":"7-Eleven","brand":"7-Eleven","shop":"convenience"}},"geometry":{"type":"Point","coordinates":[-114.0144483,51.0592365]}},{"type":"Feature","id":"osm-node-294193418","properties":{"name":"London Drugs","category":"healthcare","subcategory":"pharmacy","sourceId":"osm-overpass","osmType":"node","osmId":294193418,"sourceUrl":"https://www.openstreetmap.org/node/294193418","coordinateMethod":"OSM node","address":null,"sourceTags":{"name":"London Drugs","brand":"London Drugs","amenity":"pharmacy","healthcare":"pharmacy","opening_hours":"Mo-Sa 09:00-22:00; Su 10:00-20:00"}},"geometry":{"type":"Point","coordinates":[-114.161604,51.016755]}},{"type":"Feature","id":"osm-node-296302210","properties":{"name":"London Drugs","category":"healthcare","subcategory":"pharmacy","sourceId":"osm-overpass","osmType":"node","osmId":296302210,"sourceUrl":"https://www.openstreetmap.org/node/296302210","coordinateMethod":"OSM node","address":null,"sourceTags":{"name":"London Drugs","brand":"London Drugs","amenity":"pharmacy","healthcare":"pharmacy"}},"geometry":{"type":"Point","coordinates":[-114.2151361,51.1536661]}},{"type":"Feature","id":"osm-node-296312880","properties":{"name":"London Drugs","category":"healthcare","subcategory":"pharmacy","sourceId":"osm-overpass","osmType":"node","osmId":296312880,"sourceUrl":"https://www.openstreetmap.org/node/296312880","coordinateMethod":"OSM node","address":null,"sourceTags":{"name":"London Drugs","brand":"London Drugs","amenity":"pharmacy","healthcare":"pharmacy"}},"geometry":{"type":"Point","coordinates":[-113.9673155,50.9314826]}},{"type":"Feature","id":"osm-node-296500226","properties":{"name":"Sobeys","category":"groceries","subcategory":"supermarket","sourceId":"osm-overpass","osmType":"node","osmId":296500226,"sourceUrl":"https://www.openstreetmap.org/node/296500226","coordinateMethod":"OSM node","address":"500 Country Hills Boulevard NE","sourceTags":{"name":"Sobeys","brand":"Sobeys","shop":"supermarket","opening_hours":"Mo-Su 07:00-22:00"}},"geometry":{"type":"Point","coordinates":[-114.0577683,51.15523]}},{"type":"Feature","id":"osm-node-296598871","properties":{"name":"Safeway","category":"groceries","subcategory":"supermarket","sourceId":"osm-overpass","osmType":"node","osmId":296598871,"sourceUrl":"https://www.openstreetmap.org/node/296598871","coordinateMethod":"OSM node","address":null,"sourceTags":{"name":"Safeway","brand":"Safeway","shop":"supermarket"}},"geometry":{"type":"Point","coordinates":[-114.0726765,51.1015674]}},{"type":"Feature","id":"osm-node-297058148","properties":{"name":"Lambda Oriental Foods Market","category":"groceries","subcategory":"supermarket","sourceId":"osm-overpass","osmType":"node","osmId":297058148,"sourceUrl":"https://www.openstreetmap.org/node/297058148","coordinateMethod":"OSM node","address":null,"sourceTags":{"name":"Lambda Oriental Foods Market","shop":"supermarket"}},"geometry":{"type":"Point","coordinates":[-114.0633139,51.0649276]}},{"type":"Feature","id":"osm-node-297134406","properties":{"name":"Safeway","category":"groceries","subcategory":"supermarket","sourceId":"osm-overpass","osmType":"node","osmId":297134406,"sourceUrl":"https://www.openstreetmap.org/node/297134406","coordinateMethod":"OSM node","address":null,"sourceTags":{"name":"Safeway","brand":"Safeway","shop":"supermarket"}},"geometry":{"type":"Point","coordinates":[-114.0478356,50.9425463]}},{"type":"Feature","id":"osm-node-298502014","properties":{"name":"Sobeys","category":"groceries","subcategory":"supermarket","sourceId":"osm-overpass","osmType":"node","osmId":298502014,"sourceUrl":"https://www.openstreetmap.org/node/298502014","coordinateMethod":"OSM node","address":"8338 18 Street SE","sourceTags":{"name":"Sobeys","brand":"Sobeys","shop":"supermarket"}},"geometry":{"type":"Point","coordinates":[-114.013673,50.978593]}},{"type":"Feature","id":"osm-node-298520391","properties":{"name":"Sobeys","category":"groceries","subcategory":"supermarket","sourceId":"osm-overpass","osmType":"node","osmId":298520391,"sourceUrl":"https://www.openstreetmap.org/node/298520391","coordinateMethod":"OSM node","address":"555 Strathcona Boulevard SW","sourceTags":{"name":"Sobeys","brand":"Sobeys","shop":"supermarket"}},"geometry":{"type":"Point","coordinates":[-114.1867775,51.0479541]}},{"type":"Feature","id":"osm-node-300782558","properties":{"name":"Shoppers Drug Mart","category":"healthcare","subcategory":"pharmacy","sourceId":"osm-overpass","osmType":"node","osmId":300782558,"sourceUrl":"https://www.openstreetmap.org/node/300782558","coordinateMethod":"OSM node","address":"500 Country Hills Boulevard NE","sourceTags":{"name":"Shoppers Drug Mart","brand":"Shoppers Drug Mart","amenity":"pharmacy","healthcare":"pharmacy","opening_hours":"Mo-Su 08:00-24:00"}},"geometry":{"type":"Point","coordinates":[-114.0538321,51.1549514]}},{"type":"Feature","id":"osm-node-301299597","properties":{"name":"I.D.A.","category":"healthcare","subcategory":"pharmacy","sourceId":"osm-overpass","osmType":"node","osmId":301299597,"sourceUrl":"https://www.openstreetmap.org/node/301299597","coordinateMethod":"OSM node","address":"402 Collegiate Boulevard NW","sourceTags":{"name":"I.D.A.","brand":"I.D.A.","amenity":"pharmacy","healthcare":"pharmacy","opening_hours":"Mo-Fr 08:30-18:00; Sa 11:00-15:00; Su,PH closed"}},"geometry":{"type":"Point","coordinates":[-114.1318236,51.0783221]}},{"type":"Feature","id":"osm-node-301316562","properties":{"name":"Shoppers Drug Mart","category":"healthcare","subcategory":"pharmacy","sourceId":"osm-overpass","osmType":"node","osmId":301316562,"sourceUrl":"https://www.openstreetmap.org/node/301316562","coordinateMethod":"OSM node","address":null,"sourceTags":{"name":"Shoppers Drug Mart","brand":"Shoppers Drug Mart","amenity":"pharmacy","healthcare":"pharmacy"}},"geometry":{"type":"Point","coordinates":[-114.0706154,51.1022623]}},{"type":"Feature","id":"osm-node-302130434","properties":{"name":"FreshCo","category":"groceries","subcategory":"supermarket","sourceId":"osm-overpass","osmType":"node","osmId":302130434,"sourceUrl":"https://www.openstreetmap.org/node/302130434","coordinateMethod":"OSM node","address":"3550 32 Avenue NE","sourceTags":{"name":"FreshCo","brand":"FreshCo","shop":"supermarket"}},"geometry":{"type":"Point","coordinates":[-113.9827794,51.0828533]}},{"type":"Feature","id":"osm-node-305081144","properties":{"name":"Calgary Co-op Midtown Pharmacy","category":"healthcare","subcategory":"pharmacy","sourceId":"osm-overpass","osmType":"node","osmId":305081144,"sourceUrl":"https://www.openstreetmap.org/node/305081144","coordinateMethod":"OSM node","address":"1130 11 Avenue SW","sourceTags":{"name":"Calgary Co-op Midtown Pharmacy","amenity":"pharmacy","healthcare":"pharmacy","opening_hours":"Mo-Fr 08:00-20:00; Sa,Su,PH 10:00-18:00; Dec 24 08:00-18:00; Dec 25 off"}},"geometry":{"type":"Point","coordinates":[-114.0884987,51.0435642]}},{"type":"Feature","id":"osm-node-305315505","properties":{"name":"7-Eleven","category":"convenience","subcategory":"convenience","sourceId":"osm-overpass","osmType":"node","osmId":305315505,"sourceUrl":"https://www.openstreetmap.org/node/305315505","coordinateMethod":"OSM node","address":null,"sourceTags":{"name":"7-Eleven","brand":"7-Eleven","shop":"convenience"}},"geometry":{"type":"Point","coordinates":[-114.0604216,51.1546767]}},{"type":"Feature","id":"osm-node-305316779","properties":{"name":"Select","category":"convenience","subcategory":"convenience","sourceId":"osm-overpass","osmType":"node","osmId":305316779,"sourceUrl":"https://www.openstreetmap.org/node/305316779","coordinateMethod":"OSM node","address":null,"sourceTags":{"name":"Select","shop":"convenience"}},"geometry":{"type":"Point","coordinates":[-114.0648679,51.1543993]}},{"type":"Feature","id":"osm-node-305560998","properties":{"name":"Sobeys","category":"groceries","subcategory":"supermarket","sourceId":"osm-overpass","osmType":"node","osmId":305560998,"sourceUrl":"https://www.openstreetmap.org/node/305560998","coordinateMethod":"OSM node","address":null,"sourceTags":{"name":"Sobeys","brand":"Sobeys","shop":"supermarket"}},"geometry":{"type":"Point","coordinates":[-113.959815,50.9172316]}},{"type":"Feature","id":"osm-node-307744510","properties":{"name":"Circle K","category":"convenience","subcategory":"convenience","sourceId":"osm-overpass","osmType":"node","osmId":307744510,"sourceUrl":"https://www.openstreetmap.org/node/307744510","coordinateMethod":"OSM node","address":"8 Panatella Boulevard NW","sourceTags":{"name":"Circle K","brand":"Circle K","shop":"convenience","check_date":"2025-11-10"}},"geometry":{"type":"Point","coordinates":[-114.070728,51.1649538]}},{"type":"Feature","id":"osm-node-320441228","properties":{"name":"Safeway","category":"groceries","subcategory":"supermarket","sourceId":"osm-overpass","osmType":"node","osmId":320441228,"sourceUrl":"https://www.openstreetmap.org/node/320441228","coordinateMethod":"OSM node","address":"55 Castleridge Boulevard NE","sourceTags":{"name":"Safeway","brand":"Safeway","shop":"supermarket","opening_hours":"Mo-Su 07:00-23:00"}},"geometry":{"type":"Point","coordinates":[-113.962374,51.0993572]}},{"type":"Feature","id":"osm-node-321910491","properties":{"name":"Mayfair Diagnostics Coventry Hills","category":"healthcare","subcategory":"clinic","sourceId":"osm-overpass","osmType":"node","osmId":321910491,"sourceUrl":"https://www.openstreetmap.org/node/321910491","coordinateMethod":"OSM node","address":"130 Country Village Road NE","sourceTags":{"name":"Mayfair Diagnostics Coventry Hills","amenity":"clinic","healthcare":"clinic","healthcare:speciality":"radiology"}},"geometry":{"type":"Point","coordinates":[-114.0650649,51.1625582]}},{"type":"Feature","id":"osm-node-333539670","properties":{"name":"Rejuvenation Dermatology Clinic","category":"healthcare","subcategory":"doctors","sourceId":"osm-overpass","osmType":"node","osmId":333539670,"sourceUrl":"https://www.openstreetmap.org/node/333539670","coordinateMethod":"OSM node","address":null,"sourceTags":{"name":"Rejuvenation Dermatology Clinic","amenity":"doctors","healthcare":"doctor","healthcare:speciality":"dermatology"}},"geometry":{"type":"Point","coordinates":[-114.066139,51.1624145]}},{"type":"Feature","id":"osm-node-471225287","properties":{"name":"Rexall","category":"healthcare","subcategory":"pharmacy","sourceId":"osm-overpass","osmType":"node","osmId":471225287,"sourceUrl":"https://www.openstreetmap.org/node/471225287","coordinateMethod":"OSM node","address":null,"sourceTags":{"name":"Rexall","brand":"Rexall","amenity":"pharmacy","healthcare":"pharmacy"}},"geometry":{"type":"Point","coordinates":[-114.0859272,50.9492097]}},{"type":"Feature","id":"osm-node-471275252","properties":{"name":"Shoppers Drug Mart","category":"healthcare","subcategory":"pharmacy","sourceId":"osm-overpass","osmType":"node","osmId":471275252,"sourceUrl":"https://www.openstreetmap.org/node/471275252","coordinateMethod":"OSM node","address":null,"sourceTags":{"name":"Shoppers Drug Mart","brand":"Shoppers Drug Mart","amenity":"pharmacy","healthcare":"pharmacy"}},"geometry":{"type":"Point","coordinates":[-114.013362,50.9782444]}},{"type":"Feature","id":"osm-node-513735386","properties":{"name":"go Market","category":"convenience","subcategory":"convenience","sourceId":"osm-overpass","osmType":"node","osmId":513735386,"sourceUrl":"https://www.openstreetmap.org/node/513735386","coordinateMethod":"OSM node","address":null,"sourceTags":{"name":"go Market","shop":"convenience"}},"geometry":{"type":"Point","coordinates":[-114.1668775,51.0756714]}},{"type":"Feature","id":"osm-node-527353932","properties":{"name":"Calgary Co-op Monterey Food Centre","category":"groceries","subcategory":"supermarket","sourceId":"osm-overpass","osmType":"node","osmId":527353932,"sourceUrl":"https://www.openstreetmap.org/node/527353932","coordinateMethod":"OSM node","address":"700, 2220 68 Street NE","sourceTags":{"name":"Calgary Co-op Monterey Food Centre","shop":"supermarket","opening_hours":"Mo-Su 08:00-22:00"}},"geometry":{"type":"Point","coordinates":[-113.933234,51.0685385]}},{"type":"Feature","id":"osm-node-532125338","properties":{"name":"Shoppers Drug Mart","category":"healthcare","subcategory":"pharmacy","sourceId":"osm-overpass","osmType":"node","osmId":532125338,"sourceUrl":"https://www.openstreetmap.org/node/532125338","coordinateMethod":"OSM node","address":"8060 Silver Springs Boulevard NW","sourceTags":{"name":"Shoppers Drug Mart","brand":"Shoppers Drug Mart","amenity":"pharmacy","healthcare":"pharmacy","opening_hours":"Mo-Su 08:00-24:00"}},"geometry":{"type":"Point","coordinates":[-114.205191,51.1168309]}},{"type":"Feature","id":"osm-node-571734365","properties":{"name":"Sunterra Market West Market Square","category":"groceries","subcategory":"supermarket","sourceId":"osm-overpass","osmType":"node","osmId":571734365,"sourceUrl":"https://www.openstreetmap.org/node/571734365","coordinateMethod":"OSM node","address":"1851 Sirocco Drive SW","sourceTags":{"name":"Sunterra Market West Market Square","shop":"supermarket","opening_hours":"Mo-Su 08:00-21:00","check_date:opening_hours":"2025-10-18"}},"geometry":{"type":"Point","coordinates":[-114.1684391,51.0377041]}},{"type":"Feature","id":"osm-node-574067861","properties":{"name":"Circle K","category":"convenience","subcategory":"convenience","sourceId":"osm-overpass","osmType":"node","osmId":574067861,"sourceUrl":"https://www.openstreetmap.org/node/574067861","coordinateMethod":"OSM node","address":"5720 Silver Springs Boulevard NW","sourceTags":{"name":"Circle K","shop":"convenience","opening_hours":"24/7","check_date":"2025-07-11"}},"geometry":{"type":"Point","coordinates":[-114.188302,51.1049974]}},{"type":"Feature","id":"osm-node-575696469","properties":{"name":"Shoppers Drug Mart","category":"healthcare","subcategory":"pharmacy","sourceId":"osm-overpass","osmType":"node","osmId":575696469,"sourceUrl":"https://www.openstreetmap.org/node/575696469","coordinateMethod":"OSM node","address":null,"sourceTags":{"name":"Shoppers Drug Mart","brand":"Shoppers Drug Mart","amenity":"pharmacy","healthcare":"pharmacy"}},"geometry":{"type":"Point","coordinates":[-114.1684365,51.0143842]}},{"type":"Feature","id":"osm-node-650395438","properties":{"name":"Sobeys Pharmacy","category":"healthcare","subcategory":"pharmacy","sourceId":"osm-overpass","osmType":"node","osmId":650395438,"sourceUrl":"https://www.openstreetmap.org/node/650395438","coordinateMethod":"OSM node","address":null,"sourceTags":{"name":"Sobeys Pharmacy","brand":"Sobeys","amenity":"pharmacy","healthcare":"pharmacy"}},"geometry":{"type":"Point","coordinates":[-114.248863,51.1245672]}},{"type":"Feature","id":"osm-node-650400548","properties":{"name":"Tuscany Health Care Clinic","category":"healthcare","subcategory":"doctors","sourceId":"osm-overpass","osmType":"node","osmId":650400548,"sourceUrl":"https://www.openstreetmap.org/node/650400548","coordinateMethod":"OSM node","address":"11300 Tuscany Boulevard NW","sourceTags":{"name":"Tuscany Health Care Clinic","amenity":"doctors","healthcare":"doctor","healthcare:speciality":"general"}},"geometry":{"type":"Point","coordinates":[-114.247592,51.124916]}},{"type":"Feature","id":"osm-node-663922081","properties":{"name":"Calgary Co-op Richmond Road Food Centre","category":"groceries","subcategory":"supermarket","sourceId":"osm-overpass","osmType":"node","osmId":663922081,"sourceUrl":"https://www.openstreetmap.org/node/663922081","coordinateMethod":"OSM node","address":"4940 Richmond Road SW","sourceTags":{"name":"Calgary Co-op Richmond Road Food Centre","shop":"supermarket","opening_hours":"Mo-Su 08:00-22:00","check_date:opening_hours":"2026-09-07"}},"geometry":{"type":"Point","coordinates":[-114.158835,51.0190173]}},{"type":"Feature","id":"osm-node-667533381","properties":{"name":"Shoppers Drug Mart","category":"healthcare","subcategory":"pharmacy","sourceId":"osm-overpass","osmType":"node","osmId":667533381,"sourceUrl":"https://www.openstreetmap.org/node/667533381","coordinateMethod":"OSM node","address":null,"sourceTags":{"name":"Shoppers Drug Mart","brand":"Shoppers Drug Mart","amenity":"pharmacy","healthcare":"pharmacy","opening_hours":"Mo-Su 08:00-22:00"}},"geometry":{"type":"Point","coordinates":[-114.082525,50.9858064]}},{"type":"Feature","id":"osm-node-668081087","properties":{"name":"Tri-Glen Food Market","category":"convenience","subcategory":"convenience","sourceId":"osm-overpass","osmType":"node","osmId":668081087,"sourceUrl":"https://www.openstreetmap.org/node/668081087","coordinateMethod":"OSM node","address":null,"sourceTags":{"name":"Tri-Glen Food Market","shop":"convenience"}},"geometry":{"type":"Point","coordinates":[-114.1533741,51.0307804]}},{"type":"Feature","id":"osm-node-733370516","properties":{"name":"The Medicine Shoppe","category":"healthcare","subcategory":"pharmacy","sourceId":"osm-overpass","osmType":"node","osmId":733370516,"sourceUrl":"https://www.openstreetmap.org/node/733370516","coordinateMethod":"OSM node","address":"5440 4 Street NW","sourceTags":{"name":"The Medicine Shoppe","brand":"The Medicine Shoppe","amenity":"pharmacy","healthcare":"pharmacy"}},"geometry":{"type":"Point","coordinates":[-114.0709992,51.0995191]}},{"type":"Feature","id":"osm-node-733370519","properties":{"name":"Thorncliffe Family Clinic","category":"healthcare","subcategory":"doctors","sourceId":"osm-overpass","osmType":"node","osmId":733370519,"sourceUrl":"https://www.openstreetmap.org/node/733370519","coordinateMethod":"OSM node","address":"5440 4 Street NW","sourceTags":{"name":"Thorncliffe Family Clinic","amenity":"doctors","healthcare":"doctor"}},"geometry":{"type":"Point","coordinates":[-114.0709737,51.0994501]}},{"type":"Feature","id":"osm-node-765205791","properties":{"name":"Safeway","category":"groceries","subcategory":"supermarket","sourceId":"osm-overpass","osmType":"node","osmId":765205791,"sourceUrl":"https://www.openstreetmap.org/node/765205791","coordinateMethod":"OSM node","address":null,"sourceTags":{"name":"Safeway","brand":"Safeway","shop":"supermarket","opening_hours":"Mo-Su 07:00-22:00"}},"geometry":{"type":"Point","coordinates":[-114.1419949,51.0206948]}},{"type":"Feature","id":"osm-node-810757210","properties":{"name":"Shoppers Drug Mart","category":"healthcare","subcategory":"pharmacy","sourceId":"osm-overpass","osmType":"node","osmId":810757210,"sourceUrl":"https://www.openstreetmap.org/node/810757210","coordinateMethod":"OSM node","address":"#20-12192 Symons Valley Road NW","sourceTags":{"name":"Shoppers Drug Mart","brand":"Shoppers Drug Mart","amenity":"pharmacy","healthcare":"pharmacy"}},"geometry":{"type":"Point","coordinates":[-114.125201,51.1628342]}},{"type":"Feature","id":"osm-node-810757231","properties":{"name":"M&M Meat Shops","category":"groceries","subcategory":"supermarket","sourceId":"osm-overpass","osmType":"node","osmId":810757231,"sourceUrl":"https://www.openstreetmap.org/node/810757231","coordinateMethod":"OSM node","address":"#6-12030 Symons Valley Road NW","sourceTags":{"name":"M&M Meat Shops","shop":"supermarket"}},"geometry":{"type":"Point","coordinates":[-114.1250401,51.1616702]}},{"type":"Feature","id":"osm-node-810757319","properties":{"name":"Calgary Co-op Creekside Food Centre","category":"groceries","subcategory":"supermarket","sourceId":"osm-overpass","osmType":"node","osmId":810757319,"sourceUrl":"https://www.openstreetmap.org/node/810757319","coordinateMethod":"OSM node","address":"12000 Symons Valley Road NW","sourceTags":{"name":"Calgary Co-op Creekside Food Centre","shop":"supermarket","opening_hours":"Mo-Su 08:00-22:00; Dec 31 08:00-18:00; Jan 01 09:00-18:00"}},"geometry":{"type":"Point","coordinates":[-114.122749,51.1616702]}},{"type":"Feature","id":"osm-node-810757331","properties":{"name":"Co-op","category":"convenience","subcategory":"convenience","sourceId":"osm-overpass","osmType":"node","osmId":810757331,"sourceUrl":"https://www.openstreetmap.org/node/810757331","coordinateMethod":"OSM node","address":null,"sourceTags":{"name":"Co-op","brand":"Federated Co-operatives","shop":"convenience"}},"geometry":{"type":"Point","coordinates":[-114.123548,51.1606071]}},{"type":"Feature","id":"osm-node-821559912","properties":{"name":"7-Eleven","category":"convenience","subcategory":"convenience","sourceId":"osm-overpass","osmType":"node","osmId":821559912,"sourceUrl":"https://www.openstreetmap.org/node/821559912","coordinateMethod":"OSM node","address":null,"sourceTags":{"name":"7-Eleven","brand":"7-Eleven","shop":"convenience","opening_hours":"24/7"}},"geometry":{"type":"Point","coordinates":[-114.042048,51.0347097]}},{"type":"Feature","id":"osm-node-832386425","properties":{"name":"Royal Oak Clinic","category":"healthcare","subcategory":"clinic","sourceId":"osm-overpass","osmType":"node","osmId":832386425,"sourceUrl":"https://www.openstreetmap.org/node/832386425","coordinateMethod":"OSM node","address":null,"sourceTags":{"name":"Royal Oak Clinic","amenity":"clinic","healthcare":"clinic"}},"geometry":{"type":"Point","coordinates":[-114.2129913,51.1505834]}},{"type":"Feature","id":"osm-node-885793624","properties":{"name":"Sunnyside Market","category":"groceries","subcategory":"supermarket","sourceId":"osm-overpass","osmType":"node","osmId":885793624,"sourceUrl":"https://www.openstreetmap.org/node/885793624","coordinateMethod":"OSM node","address":"338 3 Avenue NW","sourceTags":{"name":"Sunnyside Market","shop":"supermarket","opening_hours":"Mo-Su 09:00-19:00"}},"geometry":{"type":"Point","coordinates":[-114.0855104,51.0554973]}},{"type":"Feature","id":"osm-node-932679674","properties":{"name":"7-Eleven","category":"convenience","subcategory":"convenience","sourceId":"osm-overpass","osmType":"node","osmId":932679674,"sourceUrl":"https://www.openstreetmap.org/node/932679674","coordinateMethod":"OSM node","address":null,"sourceTags":{"name":"7-Eleven","brand":"7-Eleven","shop":"convenience"}},"geometry":{"type":"Point","coordinates":[-114.0674944,51.1422276]}},{"type":"Feature","id":"osm-node-963833168","properties":{"name":"7-Eleven","category":"convenience","subcategory":"convenience","sourceId":"osm-overpass","osmType":"node","osmId":963833168,"sourceUrl":"https://www.openstreetmap.org/node/963833168","coordinateMethod":"OSM node","address":null,"sourceTags":{"name":"7-Eleven","brand":"7-Eleven","shop":"convenience"}},"geometry":{"type":"Point","coordinates":[-113.982794,51.0887423]}},{"type":"Feature","id":"osm-node-966188299","properties":{"name":"Zheng Supermarket","category":"groceries","subcategory":"supermarket","sourceId":"osm-overpass","osmType":"node","osmId":966188299,"sourceUrl":"https://www.openstreetmap.org/node/966188299","coordinateMethod":"OSM node","address":"6710 4 Street NE","sourceTags":{"name":"Zheng Supermarket","shop":"supermarket","opening_hours":"Mo-Su 09:00-18:00"}},"geometry":{"type":"Point","coordinates":[-114.05599,51.1122421]}},{"type":"Feature","id":"osm-node-966911303","properties":{"name":"Circle K","category":"convenience","subcategory":"convenience","sourceId":"osm-overpass","osmType":"node","osmId":966911303,"sourceUrl":"https://www.openstreetmap.org/node/966911303","coordinateMethod":"OSM node","address":"Edgedale Drive NW","sourceTags":{"name":"Circle K","brand":"Mac's","shop":"convenience","opening_hours":"24/7","check_date":"2026-06-24","check_date:opening_hours":"2026-06-24"}},"geometry":{"type":"Point","coordinates":[-114.156042,51.1189529]}},{"type":"Feature","id":"osm-node-966927930","properties":{"name":null,"category":"healthcare","subcategory":"clinic","sourceId":"osm-overpass","osmType":"node","osmId":966927930,"sourceUrl":"https://www.openstreetmap.org/node/966927930","coordinateMethod":"OSM node","address":null,"sourceTags":{"amenity":"clinic","healthcare":"clinic"}},"geometry":{"type":"Point","coordinates":[-114.139555,51.1263919]}},{"type":"Feature","id":"osm-node-984960292","properties":{"name":"On the Run","category":"convenience","subcategory":"convenience","sourceId":"osm-overpass","osmType":"node","osmId":984960292,"sourceUrl":"https://www.openstreetmap.org/node/984960292","coordinateMethod":"OSM node","address":"510 58 Avenue SE","sourceTags":{"name":"On the Run","brand":"On the Run","shop":"convenience","opening_hours":"Mo-Fr 06:00-21:00; Sa 07:00-20:00; Su 08:00-19:00"}},"geometry":{"type":"Point","coordinates":[-114.0530454,51.0017929]}},{"type":"Feature","id":"osm-node-989006801","properties":{"name":"Shoppers Drug Mart","category":"healthcare","subcategory":"pharmacy","sourceId":"osm-overpass","osmType":"node","osmId":989006801,"sourceUrl":"https://www.openstreetmap.org/node/989006801","coordinateMethod":"OSM node","address":null,"sourceTags":{"name":"Shoppers Drug Mart","brand":"Shoppers Drug Mart","amenity":"pharmacy","healthcare":"pharmacy"}},"geometry":{"type":"Point","coordinates":[-113.984752,51.0744383]}},{"type":"Feature","id":"osm-node-1014180791","properties":{"name":"Go Market","category":"convenience","subcategory":"convenience","sourceId":"osm-overpass","osmType":"node","osmId":1014180791,"sourceUrl":"https://www.openstreetmap.org/node/1014180791","coordinateMethod":"OSM node","address":null,"sourceTags":{"name":"Go Market","shop":"convenience"}},"geometry":{"type":"Point","coordinates":[-114.0554323,51.1267342]}},{"type":"Feature","id":"osm-node-1030264911","properties":{"name":"Circle K","category":"convenience","subcategory":"convenience","sourceId":"osm-overpass","osmType":"node","osmId":1030264911,"sourceUrl":"https://www.openstreetmap.org/node/1030264911","coordinateMethod":"OSM node","address":"555 5 Street SW","sourceTags":{"name":"Circle K","brand":"Circle K","shop":"convenience","opening_hours":"24/7","check_date":"2024-08-31"}},"geometry":{"type":"Point","coordinates":[-114.07385,51.0423531]}},{"type":"Feature","id":"osm-node-1036788487","properties":{"name":"Shoppers Drug Mart","category":"healthcare","subcategory":"pharmacy","sourceId":"osm-overpass","osmType":"node","osmId":1036788487,"sourceUrl":"https://www.openstreetmap.org/node/1036788487","coordinateMethod":"OSM node","address":"1323 Centre Street NW","sourceTags":{"name":"Shoppers Drug Mart","brand":"Shoppers Drug Mart","amenity":"pharmacy","healthcare":"pharmacy","opening_hours":"Mo-Su 09:00-22:00"}},"geometry":{"type":"Point","coordinates":[-114.0631643,51.0641126]}},{"type":"Feature","id":"osm-node-1053145543","properties":{"name":"7-Eleven","category":"convenience","subcategory":"convenience","sourceId":"osm-overpass","osmType":"node","osmId":1053145543,"sourceUrl":"https://www.openstreetmap.org/node/1053145543","coordinateMethod":"OSM node","address":null,"sourceTags":{"name":"7-Eleven","brand":"7-Eleven","shop":"convenience"}},"geometry":{"type":"Point","coordinates":[-113.9403978,51.0818397]}},{"type":"Feature","id":"osm-node-1083068672","properties":{"name":"H2 Medical Centre","category":"healthcare","subcategory":"clinic","sourceId":"osm-overpass","osmType":"node","osmId":1083068672,"sourceUrl":"https://www.openstreetmap.org/node/1083068672","coordinateMethod":"OSM node","address":null,"sourceTags":{"name":"H2 Medical Centre","amenity":"clinic","healthcare":"clinic"}},"geometry":{"type":"Point","coordinates":[-114.0694475,51.1164222]}},{"type":"Feature","id":"osm-node-1093140773","properties":{"name":"Circle K","category":"convenience","subcategory":"convenience","sourceId":"osm-overpass","osmType":"node","osmId":1093140773,"sourceUrl":"https://www.openstreetmap.org/node/1093140773","coordinateMethod":"OSM node","address":"6130 1A Street SW","sourceTags":{"name":"Circle K","brand":"Circle K","shop":"convenience"}},"geometry":{"type":"Point","coordinates":[-114.0665574,50.9980942]}},{"type":"Feature","id":"osm-node-1093140812","properties":{"name":null,"category":"convenience","subcategory":"convenience","sourceId":"osm-overpass","osmType":"node","osmId":1093140812,"sourceUrl":"https://www.openstreetmap.org/node/1093140812","coordinateMethod":"OSM node","address":null,"sourceTags":{"shop":"convenience"}},"geometry":{"type":"Point","coordinates":[-114.0688031,51.0062668]}},{"type":"Feature","id":"osm-node-1105630502","properties":{"name":"Thorncliffe Medical Centre","category":"healthcare","subcategory":"doctors","sourceId":"osm-overpass","osmType":"node","osmId":1105630502,"sourceUrl":"https://www.openstreetmap.org/node/1105630502","coordinateMethod":"OSM node","address":null,"sourceTags":{"name":"Thorncliffe Medical Centre","amenity":"doctors","healthcare":"doctor"}},"geometry":{"type":"Point","coordinates":[-114.0707216,51.1019186]}},{"type":"Feature","id":"osm-node-1110057517","properties":{"name":"Circle K","category":"convenience","subcategory":"convenience","sourceId":"osm-overpass","osmType":"node","osmId":1110057517,"sourceUrl":"https://www.openstreetmap.org/node/1110057517","coordinateMethod":"OSM node","address":"1403 8 Street SW","sourceTags":{"name":"Circle K","brand":"Circle K","shop":"convenience","opening_hours":"24/7"}},"geometry":{"type":"Point","coordinates":[-114.082046,51.0398906]}},{"type":"Feature","id":"osm-node-1120697766","properties":{"name":"Whitehorn Pharmacy","category":"healthcare","subcategory":"pharmacy","sourceId":"osm-overpass","osmType":"node","osmId":1120697766,"sourceUrl":"https://www.openstreetmap.org/node/1120697766","coordinateMethod":"OSM node","address":null,"sourceTags":{"name":"Whitehorn Pharmacy","amenity":"pharmacy","healthcare":"pharmacy"}},"geometry":{"type":"Point","coordinates":[-113.980574,51.0878987]}},{"type":"Feature","id":"osm-node-1120697768","properties":{"name":"Express Food Mart","category":"convenience","subcategory":"convenience","sourceId":"osm-overpass","osmType":"node","osmId":1120697768,"sourceUrl":"https://www.openstreetmap.org/node/1120697768","coordinateMethod":"OSM node","address":null,"sourceTags":{"name":"Express Food Mart","shop":"convenience"}},"geometry":{"type":"Point","coordinates":[-113.980462,51.0878987]}},{"type":"Feature","id":"osm-node-1148546563","properties":{"name":"Bombay Spices","category":"groceries","subcategory":"supermarket","sourceId":"osm-overpass","osmType":"node","osmId":1148546563,"sourceUrl":"https://www.openstreetmap.org/node/1148546563","coordinateMethod":"OSM node","address":"14331 Macleod Trail S","sourceTags":{"name":"Bombay Spices","shop":"supermarket"}},"geometry":{"type":"Point","coordinates":[-114.072485,50.9245164]}},{"type":"Feature","id":"osm-node-1193624433","properties":{"name":"EFW Radiology","category":"healthcare","subcategory":"clinic","sourceId":"osm-overpass","osmType":"node","osmId":1193624433,"sourceUrl":"https://www.openstreetmap.org/node/1193624433","coordinateMethod":"OSM node","address":"8120 Beddington Boulevard NW","sourceTags":{"name":"EFW Radiology","healthcare":"clinic","healthcare:speciality":"radiology"}},"geometry":{"type":"Point","coordinates":[-114.074295,51.1274102]}},{"type":"Feature","id":"osm-node-1213575324","properties":{"name":"7-Eleven","category":"convenience","subcategory":"convenience","sourceId":"osm-overpass","osmType":"node","osmId":1213575324,"sourceUrl":"https://www.openstreetmap.org/node/1213575324","coordinateMethod":"OSM node","address":null,"sourceTags":{"name":"7-Eleven","brand":"7-Eleven","shop":"convenience"}},"geometry":{"type":"Point","coordinates":[-114.194888,51.1433557]}},{"type":"Feature","id":"osm-node-1213736049","properties":{"name":"Medicine Centre Pharmacy","category":"healthcare","subcategory":"pharmacy","sourceId":"osm-overpass","osmType":"node","osmId":1213736049,"sourceUrl":"https://www.openstreetmap.org/node/1213736049","coordinateMethod":"OSM node","address":null,"sourceTags":{"name":"Medicine Centre Pharmacy","amenity":"pharmacy","healthcare":"pharmacy","opening_hours":"Mo-Fr 09:00-18:00; Sa 10:00-16:00"}},"geometry":{"type":"Point","coordinates":[-114.1577847,51.0878152]}},{"type":"Feature","id":"osm-node-1222585912","properties":{"name":"Primacy Medical Clinic","category":"healthcare","subcategory":"doctors","sourceId":"osm-overpass","osmType":"node","osmId":1222585912,"sourceUrl":"https://www.openstreetmap.org/node/1222585912","coordinateMethod":"OSM node","address":null,"sourceTags":{"name":"Primacy Medical Clinic","amenity":"doctors","healthcare":"doctor"}},"geometry":{"type":"Point","coordinates":[-114.0683972,51.1616134]}},{"type":"Feature","id":"osm-node-1224822251","properties":{"name":"Safeway","category":"healthcare","subcategory":"pharmacy","sourceId":"osm-overpass","osmType":"node","osmId":1224822251,"sourceUrl":"https://www.openstreetmap.org/node/1224822251","coordinateMethod":"OSM node","address":"1818 Centre Street N","sourceTags":{"name":"Safeway","brand":"Safeway","amenity":"pharmacy","healthcare":"pharmacy","opening_hours":"Mo-Fr 09:00-21:00; Sa-Su 10:00-18:00","check_date":"2025-11-11"}},"geometry":{"type":"Point","coordinates":[-114.060757,51.0684031]}},{"type":"Feature","id":"osm-node-1314737674","properties":{"name":"Shoppers Drug Mart","category":"healthcare","subcategory":"pharmacy","sourceId":"osm-overpass","osmType":"node","osmId":1314737674,"sourceUrl":"https://www.openstreetmap.org/node/1314737674","coordinateMethod":"OSM node","address":null,"sourceTags":{"name":"Shoppers Drug Mart","brand":"Shoppers Drug Mart","amenity":"pharmacy","healthcare":"pharmacy"}},"geometry":{"type":"Point","coordinates":[-113.9919622,51.2029127]}},{"type":"Feature","id":"osm-node-1320756080","properties":{"name":"Riverbend Medical Centre","category":"healthcare","subcategory":"doctors","sourceId":"osm-overpass","osmType":"node","osmId":1320756080,"sourceUrl":"https://www.openstreetmap.org/node/1320756080","coordinateMethod":"OSM node","address":null,"sourceTags":{"name":"Riverbend Medical Centre","amenity":"doctors","healthcare":"doctor"}},"geometry":{"type":"Point","coordinates":[-114.013375,50.9781064]}},{"type":"Feature","id":"osm-node-1359994994","properties":{"name":"Shoppers Drug Mart","category":"healthcare","subcategory":"pharmacy","sourceId":"osm-overpass","osmType":"node","osmId":1359994994,"sourceUrl":"https://www.openstreetmap.org/node/1359994994","coordinateMethod":"OSM node","address":null,"sourceTags":{"name":"Shoppers Drug Mart","brand":"Shoppers Drug Mart","amenity":"pharmacy","healthcare":"pharmacy"}},"geometry":{"type":"Point","coordinates":[-113.9454462,51.125758]}},{"type":"Feature","id":"osm-node-1364132447","properties":{"name":"Fab's Convenience","category":"convenience","subcategory":"convenience","sourceId":"osm-overpass","osmType":"node","osmId":1364132447,"sourceUrl":"https://www.openstreetmap.org/node/1364132447","coordinateMethod":"OSM node","address":null,"sourceTags":{"name":"Fab's Convenience","shop":"convenience","opening_hours":"Mo-Fr 07:30-23:00; Sa 08:00-23:00; Su 08:00-22:00"}},"geometry":{"type":"Point","coordinates":[-113.9810391,51.0622397]}},{"type":"Feature","id":"osm-node-1364135112","properties":{"name":"Mac's","category":"convenience","subcategory":"convenience","sourceId":"osm-overpass","osmType":"node","osmId":1364135112,"sourceUrl":"https://www.openstreetmap.org/node/1364135112","coordinateMethod":"OSM node","address":null,"sourceTags":{"name":"Mac's","brand":"Mac's","shop":"convenience"}},"geometry":{"type":"Point","coordinates":[-113.9801274,51.0710491]}},{"type":"Feature","id":"osm-node-1364140187","properties":{"name":"大統華 T&T Supermarket","category":"groceries","subcategory":"supermarket","sourceId":"osm-overpass","osmType":"node","osmId":1364140187,"sourceUrl":"https://www.openstreetmap.org/node/1364140187","coordinateMethod":"OSM node","address":"36 36 Street NE","sourceTags":{"name":"大統華 T&T Supermarket","brand":"T&T Supermarket","shop":"supermarket","opening_hours":"Mo-Su 09:00-21:30"}},"geometry":{"type":"Point","coordinates":[-113.9840227,51.0616364]}},{"type":"Feature","id":"osm-node-1364140191","properties":{"name":"Walmart Supercentre","category":"groceries","subcategory":"supermarket","sourceId":"osm-overpass","osmType":"node","osmId":1364140191,"sourceUrl":"https://www.openstreetmap.org/node/1364140191","coordinateMethod":"OSM node","address":"3800 Memorial Drive E","sourceTags":{"name":"Walmart Supercentre","brand":"Walmart","shop":"supermarket","opening_hours":"Mo-Su 07:00-23:00"}},"geometry":{"type":"Point","coordinates":[-113.978514,51.0536567]}},{"type":"Feature","id":"osm-node-1365042831","properties":{"name":"Shoppers Drug Mart","category":"healthcare","subcategory":"pharmacy","sourceId":"osm-overpass","osmType":"node","osmId":1365042831,"sourceUrl":"https://www.openstreetmap.org/node/1365042831","coordinateMethod":"OSM node","address":"815 17 Avenue SW","sourceTags":{"name":"Shoppers Drug Mart","brand":"Shoppers Drug Mart","amenity":"pharmacy","healthcare":"pharmacy"}},"geometry":{"type":"Point","coordinates":[-114.079572,51.0376829]}},{"type":"Feature","id":"osm-node-1365073259","properties":{"name":"7-Eleven","category":"convenience","subcategory":"convenience","sourceId":"osm-overpass","osmType":"node","osmId":1365073259,"sourceUrl":"https://www.openstreetmap.org/node/1365073259","coordinateMethod":"OSM node","address":null,"sourceTags":{"name":"7-Eleven","brand":"7-Eleven","shop":"convenience"}},"geometry":{"type":"Point","coordinates":[-114.067075,50.9045135]}},{"type":"Feature","id":"osm-node-1365077031","properties":{"name":"Shawnessy Medical Clinic","category":"healthcare","subcategory":"doctors","sourceId":"osm-overpass","osmType":"node","osmId":1365077031,"sourceUrl":"https://www.openstreetmap.org/node/1365077031","coordinateMethod":"OSM node","address":null,"sourceTags":{"name":"Shawnessy Medical Clinic","amenity":"doctors","healthcare":"doctor"}},"geometry":{"type":"Point","coordinates":[-114.065382,50.906526]}},{"type":"Feature","id":"osm-node-1365662340","properties":{"name":"Safeway","category":"groceries","subcategory":"supermarket","sourceId":"osm-overpass","osmType":"node","osmId":1365662340,"sourceUrl":"https://www.openstreetmap.org/node/1365662340","coordinateMethod":"OSM node","address":null,"sourceTags":{"name":"Safeway","brand":"Safeway","shop":"supermarket"}},"geometry":{"type":"Point","coordinates":[-113.9637272,50.9303375]}},{"type":"Feature","id":"osm-node-1379441129","properties":{"name":"Green Cedars Food Mart","category":"convenience","subcategory":"convenience","sourceId":"osm-overpass","osmType":"node","osmId":1379441129,"sourceUrl":"https://www.openstreetmap.org/node/1379441129","coordinateMethod":"OSM node","address":"4710 17 Avenue SE","sourceTags":{"name":"Green Cedars Food Mart","shop":"convenience","opening_hours":"Mo-Sa 09:00-21:00; Su 10:00-17:00"}},"geometry":{"type":"Point","coordinates":[-113.9630423,51.0373768]}},{"type":"Feature","id":"osm-node-1379601609","properties":{"name":"Simon's Valley Family Clinic","category":"healthcare","subcategory":"clinic","sourceId":"osm-overpass","osmType":"node","osmId":1379601609,"sourceUrl":"https://www.openstreetmap.org/node/1379601609","coordinateMethod":"OSM node","address":null,"sourceTags":{"name":"Simon's Valley Family Clinic","amenity":"clinic","healthcare":"clinic"}},"geometry":{"type":"Point","coordinates":[-114.06383,51.1076664]}},{"type":"Feature","id":"osm-node-1432842864","properties":{"name":"Circle K","category":"convenience","subcategory":"convenience","sourceId":"osm-overpass","osmType":"node","osmId":1432842864,"sourceUrl":"https://www.openstreetmap.org/node/1432842864","coordinateMethod":"OSM node","address":"4011 50 Street SW","sourceTags":{"name":"Circle K","brand":"Circle K","shop":"convenience","opening_hours":"24/7"}},"geometry":{"type":"Point","coordinates":[-114.1603912,51.0170611]}},{"type":"Feature","id":"osm-node-1444036151","properties":{"name":"7-Eleven","category":"convenience","subcategory":"convenience","sourceId":"osm-overpass","osmType":"node","osmId":1444036151,"sourceUrl":"https://www.openstreetmap.org/node/1444036151","coordinateMethod":"OSM node","address":null,"sourceTags":{"name":"7-Eleven","brand":"7-Eleven","shop":"convenience","opening_hours":"24/7"}},"geometry":{"type":"Point","coordinates":[-114.1404858,51.0130289]}},{"type":"Feature","id":"osm-node-1445143384","properties":{"name":"Asian Halal Meat & Food Inc.","category":"groceries","subcategory":"supermarket","sourceId":"osm-overpass","osmType":"node","osmId":1445143384,"sourceUrl":"https://www.openstreetmap.org/node/1445143384","coordinateMethod":"OSM node","address":null,"sourceTags":{"name":"Asian Halal Meat & Food Inc.","shop":"supermarket"}},"geometry":{"type":"Point","coordinates":[-113.9699136,51.1072093]}},{"type":"Feature","id":"osm-node-1445143389","properties":{"name":"Shawdesi Bazaar & Halal Meat","category":"groceries","subcategory":"supermarket","sourceId":"osm-overpass","osmType":"node","osmId":1445143389,"sourceUrl":"https://www.openstreetmap.org/node/1445143389","coordinateMethod":"OSM node","address":null,"sourceTags":{"name":"Shawdesi Bazaar & Halal Meat","shop":"supermarket"}},"geometry":{"type":"Point","coordinates":[-113.9693394,51.1070543]}},{"type":"Feature","id":"osm-node-1446046913","properties":{"name":"Mac's","category":"convenience","subcategory":"convenience","sourceId":"osm-overpass","osmType":"node","osmId":1446046913,"sourceUrl":"https://www.openstreetmap.org/node/1446046913","coordinateMethod":"OSM node","address":null,"sourceTags":{"name":"Mac's","brand":"Mac's","shop":"convenience"}},"geometry":{"type":"Point","coordinates":[-113.94249,51.0528078]}},{"type":"Feature","id":"osm-node-1446046939","properties":{"name":"On the Run","category":"convenience","subcategory":"convenience","sourceId":"osm-overpass","osmType":"node","osmId":1446046939,"sourceUrl":"https://www.openstreetmap.org/node/1446046939","coordinateMethod":"OSM node","address":null,"sourceTags":{"name":"On the Run","brand":"On the Run","shop":"convenience"}},"geometry":{"type":"Point","coordinates":[-113.9575106,51.0854551]}},{"type":"Feature","id":"osm-node-1446046977","properties":{"name":"Shoppers Drug Mart","category":"healthcare","subcategory":"pharmacy","sourceId":"osm-overpass","osmType":"node","osmId":1446046977,"sourceUrl":"https://www.openstreetmap.org/node/1446046977","coordinateMethod":"OSM node","address":null,"sourceTags":{"name":"Shoppers Drug Mart","brand":"Shoppers Drug Mart","amenity":"pharmacy","healthcare":"pharmacy","opening_hours":"Mo-Su 08:00-24:00"}},"geometry":{"type":"Point","coordinates":[-113.9554203,51.0551021]}},{"type":"Feature","id":"osm-node-1452935408","properties":{"name":"Winks Convenience Store","category":"convenience","subcategory":"convenience","sourceId":"osm-overpass","osmType":"node","osmId":1452935408,"sourceUrl":"https://www.openstreetmap.org/node/1452935408","coordinateMethod":"OSM node","address":null,"sourceTags":{"name":"Winks Convenience Store","shop":"convenience"}},"geometry":{"type":"Point","coordinates":[-113.9709823,51.0524617]}},{"type":"Feature","id":"osm-node-1475387482","properties":{"name":"Circle K","category":"convenience","subcategory":"convenience","sourceId":"osm-overpass","osmType":"node","osmId":1475387482,"sourceUrl":"https://www.openstreetmap.org/node/1475387482","coordinateMethod":"OSM node","address":"523 Woodpark Boulevard SW","sourceTags":{"name":"Circle K","brand":"Circle K","shop":"convenience","opening_hours":"24/7"}},"geometry":{"type":"Point","coordinates":[-114.1096601,50.9409064]}},{"type":"Feature","id":"osm-node-1488051634","properties":{"name":"Kay's Food Market","category":"groceries","subcategory":"supermarket","sourceId":"osm-overpass","osmType":"node","osmId":1488051634,"sourceUrl":"https://www.openstreetmap.org/node/1488051634","coordinateMethod":"OSM node","address":null,"sourceTags":{"name":"Kay's Food Market","shop":"supermarket"}},"geometry":{"type":"Point","coordinates":[-114.0826967,51.0478599]}},{"type":"Feature","id":"osm-node-1488051643","properties":{"name":"Circle K","category":"convenience","subcategory":"convenience","sourceId":"osm-overpass","osmType":"node","osmId":1488051643,"sourceUrl":"https://www.openstreetmap.org/node/1488051643","coordinateMethod":"OSM node","address":"705 8 Street SW","sourceTags":{"name":"Circle K","brand":"Circle K","shop":"convenience","opening_hours":"24/7"}},"geometry":{"type":"Point","coordinates":[-114.0816667,51.0467942]}},{"type":"Feature","id":"osm-node-1520190659","properties":{"name":"No Frills","category":"groceries","subcategory":"supermarket","sourceId":"osm-overpass","osmType":"node","osmId":1520190659,"sourceUrl":"https://www.openstreetmap.org/node/1520190659","coordinateMethod":"OSM node","address":"10233 Elbow Drive SW","sourceTags":{"name":"No Frills","brand":"No Frills","shop":"supermarket","opening_hours":"Mo-Su,PH 08:00-21:00"}},"geometry":{"type":"Point","coordinates":[-114.085508,50.9614738]}},{"type":"Feature","id":"osm-node-1538903631","properties":{"name":"7-Eleven","category":"convenience","subcategory":"convenience","sourceId":"osm-overpass","osmType":"node","osmId":1538903631,"sourceUrl":"https://www.openstreetmap.org/node/1538903631","coordinateMethod":"OSM node","address":null,"sourceTags":{"name":"7-Eleven","brand":"7-Eleven","shop":"convenience","opening_hours":"24/7"}},"geometry":{"type":"Point","coordinates":[-114.1058428,50.9608764]}},{"type":"Feature","id":"osm-node-1538903636","properties":{"name":"Shoppers Drug Mart","category":"healthcare","subcategory":"pharmacy","sourceId":"osm-overpass","osmType":"node","osmId":1538903636,"sourceUrl":"https://www.openstreetmap.org/node/1538903636","coordinateMethod":"OSM node","address":null,"sourceTags":{"name":"Shoppers Drug Mart","brand":"Shoppers Drug Mart","amenity":"pharmacy","healthcare":"pharmacy","opening_hours":"Mo-Su 09:00-24:00","check_date":"2025-08-14","check_date:opening_hours":"2025-08-14"}},"geometry":{"type":"Point","coordinates":[-114.1051249,50.9608808]}},{"type":"Feature","id":"osm-node-1549340491","properties":{"name":"Harvest Convenience Store","category":"convenience","subcategory":"convenience","sourceId":"osm-overpass","osmType":"node","osmId":1549340491,"sourceUrl":"https://www.openstreetmap.org/node/1549340491","coordinateMethod":"OSM node","address":null,"sourceTags":{"name":"Harvest Convenience Store","shop":"convenience"}},"geometry":{"type":"Point","coordinates":[-114.0500273,51.1508937]}},{"type":"Feature","id":"osm-node-1570637208","properties":{"name":"One Stop Convenience","category":"convenience","subcategory":"convenience","sourceId":"osm-overpass","osmType":"node","osmId":1570637208,"sourceUrl":"https://www.openstreetmap.org/node/1570637208","coordinateMethod":"OSM node","address":null,"sourceTags":{"name":"One Stop Convenience","shop":"convenience"}},"geometry":{"type":"Point","coordinates":[-114.1782147,51.0852594]}},{"type":"Feature","id":"osm-node-1641391772","properties":{"name":"Vinh Huong","category":"groceries","subcategory":"supermarket","sourceId":"osm-overpass","osmType":"node","osmId":1641391772,"sourceUrl":"https://www.openstreetmap.org/node/1641391772","coordinateMethod":"OSM node","address":"132","sourceTags":{"name":"Vinh Huong","shop":"supermarket"}},"geometry":{"type":"Point","coordinates":[-113.9634311,51.0372286]}},{"type":"Feature","id":"osm-node-1641394614","properties":{"name":"Go Market","category":"convenience","subcategory":"convenience","sourceId":"osm-overpass","osmType":"node","osmId":1641394614,"sourceUrl":"https://www.openstreetmap.org/node/1641394614","coordinateMethod":"OSM node","address":null,"sourceTags":{"name":"Go Market","shop":"convenience"}},"geometry":{"type":"Point","coordinates":[-113.9590305,51.0346627]}},{"type":"Feature","id":"osm-node-1659972792","properties":{"name":"Shoppers Drug Mart","category":"healthcare","subcategory":"pharmacy","sourceId":"osm-overpass","osmType":"node","osmId":1659972792,"sourceUrl":"https://www.openstreetmap.org/node/1659972792","coordinateMethod":"OSM node","address":null,"sourceTags":{"name":"Shoppers Drug Mart","brand":"Shoppers Drug Mart","amenity":"pharmacy","healthcare":"pharmacy"}},"geometry":{"type":"Point","coordinates":[-114.0606164,50.9786186]}},{"type":"Feature","id":"osm-node-1699173055","properties":{"name":"7-Eleven","category":"convenience","subcategory":"convenience","sourceId":"osm-overpass","osmType":"node","osmId":1699173055,"sourceUrl":"https://www.openstreetmap.org/node/1699173055","coordinateMethod":"OSM node","address":"2335 162 Avenue SW","sourceTags":{"name":"7-Eleven","brand":"7-Eleven","shop":"convenience","opening_hours":"24/7"}},"geometry":{"type":"Point","coordinates":[-114.113269,50.9062186]}},{"type":"Feature","id":"osm-node-1699173060","properties":{"name":"7-Eleven","category":"convenience","subcategory":"convenience","sourceId":"osm-overpass","osmType":"node","osmId":1699173060,"sourceUrl":"https://www.openstreetmap.org/node/1699173060","coordinateMethod":"OSM node","address":null,"sourceTags":{"name":"7-Eleven","brand":"7-Eleven","shop":"convenience"}},"geometry":{"type":"Point","coordinates":[-114.0742283,50.9112638]}},{"type":"Feature","id":"osm-node-1700573263","properties":{"name":"Bridlewood Medical Clinic","category":"healthcare","subcategory":"doctors","sourceId":"osm-overpass","osmType":"node","osmId":1700573263,"sourceUrl":"https://www.openstreetmap.org/node/1700573263","coordinateMethod":"OSM node","address":"2335 162 Avenue SW","sourceTags":{"name":"Bridlewood Medical Clinic","amenity":"doctors","healthcare":"doctor","opening_hours":"Mo-Tu,Th 09:30-17:30, Fr 09:30-14:00, We,Sa-Su closed"}},"geometry":{"type":"Point","coordinates":[-114.111563,50.9053635]}},{"type":"Feature","id":"osm-node-1700573266","properties":{"name":"PharmaChoice","category":"healthcare","subcategory":"pharmacy","sourceId":"osm-overpass","osmType":"node","osmId":1700573266,"sourceUrl":"https://www.openstreetmap.org/node/1700573266","coordinateMethod":"OSM node","address":"2525 Bridlecrest Way SW","sourceTags":{"name":"PharmaChoice","brand":"PharmaChoice","amenity":"pharmacy","healthcare":"pharmacy","opening_hours":"Mo-Fr 09:00-19:00, Sa 10:00-16:00, Su closed"}},"geometry":{"type":"Point","coordinates":[-114.118664,50.901112]}},{"type":"Feature","id":"osm-node-1700573303","properties":{"name":"Loriz Pilipino Bakery & Convenience Store","category":"convenience","subcategory":"convenience","sourceId":"osm-overpass","osmType":"node","osmId":1700573303,"sourceUrl":"https://www.openstreetmap.org/node/1700573303","coordinateMethod":"OSM node","address":"Bridlecrest Way SW","sourceTags":{"name":"Loriz Pilipino Bakery & Convenience Store","shop":"convenience","opening_hours":"Mo-Sa 10:00-20:00, Su 11:00-19:00"}},"geometry":{"type":"Point","coordinates":[-114.1175467,50.9010737]}},{"type":"Feature","id":"osm-node-1700573314","properties":{"name":"Bridlewood Oasis Medical Centre","category":"healthcare","subcategory":"clinic","sourceId":"osm-overpass","osmType":"node","osmId":1700573314,"sourceUrl":"https://www.openstreetmap.org/node/1700573314","coordinateMethod":"OSM node","address":"2525 Bridlecrest Way SW","sourceTags":{"name":"Bridlewood Oasis Medical Centre","amenity":"clinic","healthcare":"clinic","healthcare:speciality":"clinic","opening_hours":"Mo-Fr 09:00-18:00, Sa 10:00-15:00, Su closed"}},"geometry":{"type":"Point","coordinates":[-114.1185549,50.9012129]}},{"type":"Feature","id":"osm-node-1792711540","properties":{"name":"7-Eleven","category":"convenience","subcategory":"convenience","sourceId":"osm-overpass","osmType":"node","osmId":1792711540,"sourceUrl":"https://www.openstreetmap.org/node/1792711540","coordinateMethod":"OSM node","address":null,"sourceTags":{"name":"7-Eleven","brand":"7-Eleven","shop":"convenience","opening_hours":"24/7"}},"geometry":{"type":"Point","coordinates":[-113.9802018,51.0515487]}},{"type":"Feature","id":"osm-node-1792711655","properties":{"name":"Shoppers Drug Mart","category":"healthcare","subcategory":"pharmacy","sourceId":"osm-overpass","osmType":"node","osmId":1792711655,"sourceUrl":"https://www.openstreetmap.org/node/1792711655","coordinateMethod":"OSM node","address":null,"sourceTags":{"name":"Shoppers Drug Mart","brand":"Shoppers Drug Mart","amenity":"pharmacy","healthcare":"pharmacy"}},"geometry":{"type":"Point","coordinates":[-113.9637975,51.0374359]}},{"type":"Feature","id":"osm-node-1809295677","properties":{"name":"East Calgary Food Store","category":"convenience","subcategory":"convenience","sourceId":"osm-overpass","osmType":"node","osmId":1809295677,"sourceUrl":"https://www.openstreetmap.org/node/1809295677","coordinateMethod":"OSM node","address":null,"sourceTags":{"name":"East Calgary Food Store","shop":"convenience","opening_hours":"Mo-Fr 09:00-19:00; Sa 09:00-18:00; PH,Su 10:00-17:00"}},"geometry":{"type":"Point","coordinates":[-114.0505033,51.0454693]}},{"type":"Feature","id":"osm-node-1809295742","properties":{"name":"Corner Drugstore Inc.","category":"healthcare","subcategory":"pharmacy","sourceId":"osm-overpass","osmType":"node","osmId":1809295742,"sourceUrl":"https://www.openstreetmap.org/node/1809295742","coordinateMethod":"OSM node","address":"602 8 Avenue SE","sourceTags":{"name":"Corner Drugstore Inc.","amenity":"pharmacy","healthcare":"pharmacy","opening_hours":"Mo-Fr 09:00-17:30; Sa 10:00-15:00; PH,Su off"}},"geometry":{"type":"Point","coordinates":[-114.050497,51.0453289]}},{"type":"Feature","id":"osm-node-1813158914","properties":{"name":"Rexall","category":"healthcare","subcategory":"pharmacy","sourceId":"osm-overpass","osmType":"node","osmId":1813158914,"sourceUrl":"https://www.openstreetmap.org/node/1813158914","coordinateMethod":"OSM node","address":"3500 26 Avenue NE","sourceTags":{"name":"Rexall","brand":"Rexall","amenity":"pharmacy","healthcare":"pharmacy","opening_hours":"Mo-Fr 08:00-17:00"}},"geometry":{"type":"Point","coordinates":[-113.98461,51.0789144]}},{"type":"Feature","id":"osm-node-1824976416","properties":{"name":"Rexall","category":"healthcare","subcategory":"pharmacy","sourceId":"osm-overpass","osmType":"node","osmId":1824976416,"sourceUrl":"https://www.openstreetmap.org/node/1824976416","coordinateMethod":"OSM node","address":null,"sourceTags":{"name":"Rexall","brand":"Rexall","amenity":"pharmacy","healthcare":"pharmacy"}},"geometry":{"type":"Point","coordinates":[-114.014351,51.0582696]}},{"type":"Feature","id":"osm-node-1824985580","properties":{"name":"Pick n' Go Convenience Store","category":"convenience","subcategory":"convenience","sourceId":"osm-overpass","osmType":"node","osmId":1824985580,"sourceUrl":"https://www.openstreetmap.org/node/1824985580","coordinateMethod":"OSM node","address":null,"sourceTags":{"name":"Pick n' Go Convenience Store","shop":"convenience"}},"geometry":{"type":"Point","coordinates":[-114.0627728,51.0833756]}},{"type":"Feature","id":"osm-node-1825042350","properties":{"name":"7-Eleven","category":"convenience","subcategory":"convenience","sourceId":"osm-overpass","osmType":"node","osmId":1825042350,"sourceUrl":"https://www.openstreetmap.org/node/1825042350","coordinateMethod":"OSM node","address":"6510 Country Hills Boulevard NW","sourceTags":{"name":"7-Eleven","brand":"7-Eleven","shop":"convenience"}},"geometry":{"type":"Point","coordinates":[-114.182506,51.1419855]}},{"type":"Feature","id":"osm-node-1866025601","properties":{"name":"Bridgeland Market","category":"groceries","subcategory":"greengrocer","sourceId":"osm-overpass","osmType":"node","osmId":1866025601,"sourceUrl":"https://www.openstreetmap.org/node/1866025601","coordinateMethod":"OSM node","address":"1104 1 Avenue NE","sourceTags":{"name":"Bridgeland Market","shop":"greengrocer"}},"geometry":{"type":"Point","coordinates":[-114.0373846,51.0533933]}},{"type":"Feature","id":"osm-node-1870467851","properties":{"name":"Lukes Drug Mart","category":"healthcare","subcategory":"pharmacy","sourceId":"osm-overpass","osmType":"node","osmId":1870467851,"sourceUrl":"https://www.openstreetmap.org/node/1870467851","coordinateMethod":"OSM node","address":"112 4 Street NE","sourceTags":{"name":"Lukes Drug Mart","amenity":"pharmacy","healthcare":"pharmacy"}},"geometry":{"type":"Point","coordinates":[-114.0514808,51.0531202]}},{"type":"Feature","id":"osm-node-1925913528","properties":{"name":"Circle K","category":"convenience","subcategory":"convenience","sourceId":"osm-overpass","osmType":"node","osmId":1925913528,"sourceUrl":"https://www.openstreetmap.org/node/1925913528","coordinateMethod":"OSM node","address":"55 Skyview Ranch Road NE","sourceTags":{"name":"Circle K","brand":"Circle K","shop":"convenience","opening_hours":"24/7"}},"geometry":{"type":"Point","coordinates":[-113.9623155,51.1643241]}},{"type":"Feature","id":"osm-node-2120445066","properties":{"name":"Northwest Community Heath Centre","category":"healthcare","subcategory":"clinic","sourceId":"osm-overpass","osmType":"node","osmId":2120445066,"sourceUrl":"https://www.openstreetmap.org/node/2120445066","coordinateMethod":"OSM node","address":"1829 Ranchlands Boulevard NW","sourceTags":{"name":"Northwest Community Heath Centre","amenity":"clinic","healthcare":"clinic"}},"geometry":{"type":"Point","coordinates":[-114.196969,51.1225726]}},{"type":"Feature","id":"osm-node-2120449589","properties":{"name":"Wing's Food Store","category":"convenience","subcategory":"convenience","sourceId":"osm-overpass","osmType":"node","osmId":2120449589,"sourceUrl":"https://www.openstreetmap.org/node/2120449589","coordinateMethod":"OSM node","address":"735 Ranchlands Boulevard NW","sourceTags":{"name":"Wing's Food Store","shop":"convenience","opening_hours":"Mo-Su 09:00-21:30"}},"geometry":{"type":"Point","coordinates":[-114.180715,51.1160876]}},{"type":"Feature","id":"osm-node-2199540521","properties":{"name":"Safeway","category":"groceries","subcategory":"supermarket","sourceId":"osm-overpass","osmType":"node","osmId":2199540521,"sourceUrl":"https://www.openstreetmap.org/node/2199540521","coordinateMethod":"OSM node","address":null,"sourceTags":{"name":"Safeway","brand":"Safeway","shop":"supermarket","opening_hours":"Mo-Su 07:00-22:00"}},"geometry":{"type":"Point","coordinates":[-114.0972423,50.974158]}},{"type":"Feature","id":"osm-node-2273025114","properties":{"name":"A Plus 1","category":"convenience","subcategory":"convenience","sourceId":"osm-overpass","osmType":"node","osmId":2273025114,"sourceUrl":"https://www.openstreetmap.org/node/2273025114","coordinateMethod":"OSM node","address":"9947 Fairmount Drive SE","sourceTags":{"name":"A Plus 1","shop":"convenience","opening_hours":"24/7"}},"geometry":{"type":"Point","coordinates":[-114.0591674,50.9617132]}},{"type":"Feature","id":"osm-node-2529906940","properties":{"name":"One Way Foods and Deli","category":"convenience","subcategory":"convenience","sourceId":"osm-overpass","osmType":"node","osmId":2529906940,"sourceUrl":"https://www.openstreetmap.org/node/2529906940","coordinateMethod":"OSM node","address":"1740 11 Avenue SW","sourceTags":{"name":"One Way Foods and Deli","shop":"convenience","opening_hours":"Mo-Fr 06:00-21:00; Sa 08:00-21:00; PH,Su 08:00-20:00"}},"geometry":{"type":"Point","coordinates":[-114.1014165,51.0437095]}},{"type":"Feature","id":"osm-node-2530095354","properties":{"name":"Winks'","category":"convenience","subcategory":"convenience","sourceId":"osm-overpass","osmType":"node","osmId":2530095354,"sourceUrl":"https://www.openstreetmap.org/node/2530095354","coordinateMethod":"OSM node","address":null,"sourceTags":{"name":"Winks'","shop":"convenience"}},"geometry":{"type":"Point","coordinates":[-114.094044,51.0397755]}},{"type":"Feature","id":"osm-node-2530292073","properties":{"name":"Circle K","category":"convenience","subcategory":"convenience","sourceId":"osm-overpass","osmType":"node","osmId":2530292073,"sourceUrl":"https://www.openstreetmap.org/node/2530292073","coordinateMethod":"OSM node","address":null,"sourceTags":{"name":"Circle K","brand":"Circle K","shop":"convenience","opening_hours":"24/7"}},"geometry":{"type":"Point","coordinates":[-114.089244,51.0417921]}},{"type":"Feature","id":"osm-node-2670843545","properties":{"name":"Rexall","category":"healthcare","subcategory":"pharmacy","sourceId":"osm-overpass","osmType":"node","osmId":2670843545,"sourceUrl":"https://www.openstreetmap.org/node/2670843545","coordinateMethod":"OSM node","address":null,"sourceTags":{"name":"Rexall","brand":"Rexall","amenity":"pharmacy","healthcare":"pharmacy"}},"geometry":{"type":"Point","coordinates":[-113.987663,51.0373222]}},{"type":"Feature","id":"osm-node-2700932742","properties":{"name":"Rexall","category":"healthcare","subcategory":"pharmacy","sourceId":"osm-overpass","osmType":"node","osmId":2700932742,"sourceUrl":"https://www.openstreetmap.org/node/2700932742","coordinateMethod":"OSM node","address":null,"sourceTags":{"name":"Rexall","brand":"Rexall","amenity":"pharmacy","healthcare":"pharmacy"}},"geometry":{"type":"Point","coordinates":[-113.9565322,51.0626118]}},{"type":"Feature","id":"osm-node-2701638194","properties":{"name":"Walmart Supercentre","category":"groceries","subcategory":"supermarket","sourceId":"osm-overpass","osmType":"node","osmId":2701638194,"sourceUrl":"https://www.openstreetmap.org/node/2701638194","coordinateMethod":"OSM node","address":"1212 37 Street SW","sourceTags":{"name":"Walmart Supercentre","brand":"Walmart","shop":"supermarket","opening_hours":"Mo-Su 07:00-23:00"}},"geometry":{"type":"Point","coordinates":[-114.1391053,51.041135]}},{"type":"Feature","id":"osm-node-2702959082","properties":{"name":"Shoppers Drug Mart","category":"healthcare","subcategory":"pharmacy","sourceId":"osm-overpass","osmType":"node","osmId":2702959082,"sourceUrl":"https://www.openstreetmap.org/node/2702959082","coordinateMethod":"OSM node","address":null,"sourceTags":{"name":"Shoppers Drug Mart","brand":"Shoppers Drug Mart","amenity":"pharmacy","healthcare":"pharmacy"}},"geometry":{"type":"Point","coordinates":[-114.211966,51.149714]}},{"type":"Feature","id":"osm-node-2732570470","properties":{"name":"Dalhousie Station Foot Clinic","category":"healthcare","subcategory":"clinic","sourceId":"osm-overpass","osmType":"node","osmId":2732570470,"sourceUrl":"https://www.openstreetmap.org/node/2732570470","coordinateMethod":"OSM node","address":"5005 Dalhousie Drive NW","sourceTags":{"name":"Dalhousie Station Foot Clinic","amenity":"clinic","healthcare":"clinic"}},"geometry":{"type":"Point","coordinates":[-114.1601921,51.1053203]}},{"type":"Feature","id":"osm-node-2732570478","properties":{"name":"Humana Medical Clinic","category":"healthcare","subcategory":"doctors","sourceId":"osm-overpass","osmType":"node","osmId":2732570478,"sourceUrl":"https://www.openstreetmap.org/node/2732570478","coordinateMethod":"OSM node","address":"5005 Dalhousie Drive NW","sourceTags":{"name":"Humana Medical Clinic","amenity":"doctors","healthcare":"doctor","opening_hours":"Mo-Fr 08:00-20:00; Sa-Su 10:00-17:00; PH closed"}},"geometry":{"type":"Point","coordinates":[-114.1602774,51.1053456]}},{"type":"Feature","id":"osm-node-2732570486","properties":{"name":"Dr. Michael D. Kricken, Chiropractor","category":"healthcare","subcategory":"doctors","sourceId":"osm-overpass","osmType":"node","osmId":2732570486,"sourceUrl":"https://www.openstreetmap.org/node/2732570486","coordinateMethod":"OSM node","address":"5005 Dalhousie Drive NW","sourceTags":{"name":"Dr. Michael D. Kricken, Chiropractor","amenity":"doctors","healthcare":"doctor"}},"geometry":{"type":"Point","coordinates":[-114.1602518,51.1052538]}},{"type":"Feature","id":"osm-node-2732570519","properties":{"name":"Safeway","category":"healthcare","subcategory":"pharmacy","sourceId":"osm-overpass","osmType":"node","osmId":2732570519,"sourceUrl":"https://www.openstreetmap.org/node/2732570519","coordinateMethod":"OSM node","address":null,"sourceTags":{"name":"Safeway","brand":"Safeway","amenity":"pharmacy","healthcare":"pharmacy","check_date":"2024-12-01"}},"geometry":{"type":"Point","coordinates":[-114.1622188,51.1066564]}},{"type":"Feature","id":"osm-node-2732570548","properties":{"name":"TransCanada Denture Clinic Ltd.","category":"healthcare","subcategory":"clinic","sourceId":"osm-overpass","osmType":"node","osmId":2732570548,"sourceUrl":"https://www.openstreetmap.org/node/2732570548","coordinateMethod":"OSM node","address":"5005 Dalhousie Drive NW","sourceTags":{"name":"TransCanada Denture Clinic Ltd.","amenity":"clinic","healthcare":"clinic"}},"geometry":{"type":"Point","coordinates":[-114.160135,51.1053936]}},{"type":"Feature","id":"osm-node-2732570593","properties":{"name":"Rana Respiratory Care Group","category":"healthcare","subcategory":"clinic","sourceId":"osm-overpass","osmType":"node","osmId":2732570593,"sourceUrl":"https://www.openstreetmap.org/node/2732570593","coordinateMethod":"OSM node","address":"5005 Dalhousie Drive NW","sourceTags":{"name":"Rana Respiratory Care Group","amenity":"clinic","healthcare":"clinic"}},"geometry":{"type":"Point","coordinates":[-114.1602844,51.1060262]}},{"type":"Feature","id":"osm-node-2748739133","properties":{"name":"Calgary Laboratory Services Patient Service Centre","category":"healthcare","subcategory":"clinic","sourceId":"osm-overpass","osmType":"node","osmId":2748739133,"sourceUrl":"https://www.openstreetmap.org/node/2748739133","coordinateMethod":"OSM node","address":"160 1620 29 Street NW","sourceTags":{"name":"Calgary Laboratory Services Patient Service Centre","amenity":"clinic","healthcare":"clinic","opening_hours":"07:00-16:30"}},"geometry":{"type":"Point","coordinates":[-114.128491,51.0675382]}},{"type":"Feature","id":"osm-node-2748739134","properties":{"name":"Calgary Laboratory Services Patient Service Centre","category":"healthcare","subcategory":"clinic","sourceId":"osm-overpass","osmType":"node","osmId":2748739134,"sourceUrl":"https://www.openstreetmap.org/node/2748739134","coordinateMethod":"OSM node","address":"Bay 517 12445 Lake Fraser Drive SE","sourceTags":{"name":"Calgary Laboratory Services Patient Service Centre","amenity":"clinic","healthcare":"clinic","opening_hours":"06:30-16:00"}},"geometry":{"type":"Point","coordinates":[-114.0690915,50.9409724]}},{"type":"Feature","id":"osm-node-2748739910","properties":{"name":"Alberta Precision Laboratories","category":"healthcare","subcategory":"clinic","sourceId":"osm-overpass","osmType":"node","osmId":2748739910,"sourceUrl":"https://www.openstreetmap.org/node/2748739910","coordinateMethod":"OSM node","address":"8120 Beddington Boulevard NW","sourceTags":{"name":"Alberta Precision Laboratories","amenity":"clinic","healthcare":"clinic","opening_hours":"Mo-Fr 06:30-18:00, Sa 07:00-15:00, Su 06:30-18:00"}},"geometry":{"type":"Point","coordinates":[-114.0734738,51.1273944]}},{"type":"Feature","id":"osm-node-2748740618","properties":{"name":"Calgary Laboratory Services Patient Service Centre","category":"healthcare","subcategory":"clinic","sourceId":"osm-overpass","osmType":"node","osmId":2748740618,"sourceUrl":"https://www.openstreetmap.org/node/2748740618","coordinateMethod":"OSM node","address":"154 3715 51 Street SW","sourceTags":{"name":"Calgary Laboratory Services Patient Service Centre","amenity":"clinic","healthcare":"clinic","opening_hours":"Mo-Fr 06:30-18:00, Sa 07:00-15:00, Su 06:30-18:00"}},"geometry":{"type":"Point","coordinates":[-114.1615227,51.0214595]}},{"type":"Feature","id":"osm-node-2748751583","properties":{"name":"Calgary Laboratory Services Patient Service Centre","category":"healthcare","subcategory":"clinic","sourceId":"osm-overpass","osmType":"node","osmId":2748751583,"sourceUrl":"https://www.openstreetmap.org/node/2748751583","coordinateMethod":"OSM node","address":"344 401-9 9 Avenue SW","sourceTags":{"name":"Calgary Laboratory Services Patient Service Centre","amenity":"clinic","healthcare":"clinic","opening_hours":"07:00-16:30"}},"geometry":{"type":"Point","coordinates":[-114.0709979,51.0446712]}},{"type":"Feature","id":"osm-node-2748752513","properties":{"name":"Market Mall Calgary Laboratory Services Patient Service Centre","category":"healthcare","subcategory":"clinic","sourceId":"osm-overpass","osmType":"node","osmId":2748752513,"sourceUrl":"https://www.openstreetmap.org/node/2748752513","coordinateMethod":"OSM node","address":"200, 4935 40 Avenue NW","sourceTags":{"name":"Market Mall Calgary Laboratory Services Patient Service Centre","amenity":"clinic","healthcare":"clinic","opening_hours":"Mo-Fr 06:30-18:00, Sa-Su 07:00-15:00","check_date":"2026-08-18"}},"geometry":{"type":"Point","coordinates":[-114.1578104,51.0876234]}},{"type":"Feature","id":"osm-node-2748753059","properties":{"name":"Calgary Laboratory Services Patient Service Centre","category":"healthcare","subcategory":"clinic","sourceId":"osm-overpass","osmType":"node","osmId":2748753059,"sourceUrl":"https://www.openstreetmap.org/node/2748753059","coordinateMethod":"OSM node","address":"#455 433 Marlborough Way NE","sourceTags":{"name":"Calgary Laboratory Services Patient Service Centre","amenity":"clinic","healthcare":"clinic","opening_hours":"Mo-Fr 06:30-16:00, Sa 07:00-15:00, Su 06:30-16:00"}},"geometry":{"type":"Point","coordinates":[-113.9779666,51.0559565]}},{"type":"Feature","id":"osm-node-2748755994","properties":{"name":"Calgary Laboratory Services Patient Service Centre","category":"healthcare","subcategory":"clinic","sourceId":"osm-overpass","osmType":"node","osmId":2748755994,"sourceUrl":"https://www.openstreetmap.org/node/2748755994","coordinateMethod":"OSM node","address":"5426 Falsbridge Drive NE","sourceTags":{"name":"Calgary Laboratory Services Patient Service Centre","amenity":"clinic","opening_hours":"Mo-Fr 06:30-16:00, Sa 07:00-15:00, Su 06:30-16:00"}},"geometry":{"type":"Point","coordinates":[-113.9562604,51.0981076]}},{"type":"Feature","id":"osm-node-2748757417","properties":{"name":"Calgary Laboratory Services Patient Service Centre","category":"healthcare","subcategory":"clinic","sourceId":"osm-overpass","osmType":"node","osmId":2748757417,"sourceUrl":"https://www.openstreetmap.org/node/2748757417","coordinateMethod":"OSM node","address":"1632 14 Avenue NW","sourceTags":{"name":"Calgary Laboratory Services Patient Service Centre","amenity":"clinic","healthcare":"clinic","opening_hours":"07:00-18:00"}},"geometry":{"type":"Point","coordinates":[-114.0995402,51.065479]}},{"type":"Feature","id":"osm-node-2748769700","properties":{"name":"Calgary Laboratory Services Patient Service Centre","category":"healthcare","subcategory":"clinic","sourceId":"osm-overpass","osmType":"node","osmId":2748769700,"sourceUrl":"https://www.openstreetmap.org/node/2748769700","coordinateMethod":"OSM node","address":"1213 4 Street SW","sourceTags":{"name":"Calgary Laboratory Services Patient Service Centre","amenity":"clinic","healthcare":"clinic","opening_hours":"07:00-16:30"}},"geometry":{"type":"Point","coordinates":[-114.072126,51.0413142]}},{"type":"Feature","id":"osm-node-2748781040","properties":{"name":"Alberta Precision Laboratories","category":"healthcare","subcategory":"clinic","sourceId":"osm-overpass","osmType":"node","osmId":2748781040,"sourceUrl":"https://www.openstreetmap.org/node/2748781040","coordinateMethod":"OSM node","address":"5920 1A Street SW","sourceTags":{"name":"Alberta Precision Laboratories","amenity":"clinic","healthcare":"clinic","opening_hours":"Mo-Fr 07:00-16:30; Sa 07:00-15:00; Su, PH off"}},"geometry":{"type":"Point","coordinates":[-114.0673468,51.0003678]}},{"type":"Feature","id":"osm-node-2748784422","properties":{"name":"Calgary Laboratory Services Patient Service Centre","category":"healthcare","subcategory":"clinic","sourceId":"osm-overpass","osmType":"node","osmId":2748784422,"sourceUrl":"https://www.openstreetmap.org/node/2748784422","coordinateMethod":"OSM node","address":"31 Sunpark Plaza SE","sourceTags":{"name":"Calgary Laboratory Services Patient Service Centre","amenity":"clinic","healthcare":"clinic","opening_hours":"Mo-Fr 06:30-18:00, Sa-Su 07:00-15:00, PH 07:00-15:00"}},"geometry":{"type":"Point","coordinates":[-114.058631,50.9025941]}},{"type":"Feature","id":"osm-node-2748785014","properties":{"name":"Calgary Laboratory Services Patient Service Centre","category":"healthcare","subcategory":"clinic","sourceId":"osm-overpass","osmType":"node","osmId":2748785014,"sourceUrl":"https://www.openstreetmap.org/node/2748785014","coordinateMethod":"OSM node","address":"3 2681 36 Street NE","sourceTags":{"name":"Calgary Laboratory Services Patient Service Centre","amenity":"clinic","healthcare":"clinic","opening_hours":"Mo-Fr 06:30-18:00, Sa-Su 07:00-15:00"}},"geometry":{"type":"Point","coordinates":[-113.982604,51.0771364]}},{"type":"Feature","id":"osm-node-2766259564","properties":{"name":"Canada Diagnostic Centre, Brentwood","category":"healthcare","subcategory":"clinic","sourceId":"osm-overpass","osmType":"node","osmId":2766259564,"sourceUrl":"https://www.openstreetmap.org/node/2766259564","coordinateMethod":"OSM node","address":"3630 Brentwood Road NW","sourceTags":{"name":"Canada Diagnostic Centre, Brentwood","amenity":"clinic","healthcare":"clinic","healthcare:speciality":"radiology","opening_hours":"Mo-Fr 08:00-18:00; PH closed"}},"geometry":{"type":"Point","coordinates":[-114.126288,51.0868443]}},{"type":"Feature","id":"osm-node-2867507716","properties":{"name":"Calgary Co-op Pharmacy","category":"healthcare","subcategory":"pharmacy","sourceId":"osm-overpass","osmType":"node","osmId":2867507716,"sourceUrl":"https://www.openstreetmap.org/node/2867507716","coordinateMethod":"OSM node","address":"5505 Shaganappi Trail NW","sourceTags":{"name":"Calgary Co-op Pharmacy","amenity":"pharmacy","healthcare":"pharmacy","opening_hours":"Mo-Fr 09:00-21:00; Sa 09:00-18:00; Su 10:00-18:00; PH 10:00-18:00","check_date:opening_hours":"2025-05-11"}},"geometry":{"type":"Point","coordinates":[-114.146373,51.1028821]}},{"type":"Feature","id":"osm-node-2880101447","properties":{"name":"CrowWest Chiropractic & Massage","category":"healthcare","subcategory":"clinic","sourceId":"osm-overpass","osmType":"node","osmId":2880101447,"sourceUrl":"https://www.openstreetmap.org/node/2880101447","coordinateMethod":"OSM node","address":"21 Crowfoot Rise NW","sourceTags":{"name":"CrowWest Chiropractic & Massage","amenity":"clinic","healthcare":"clinic","opening_hours":"Mo-Th 09:00-18:00; Fr 09:00-15:00; Sa 09:00-13:00"}},"geometry":{"type":"Point","coordinates":[-114.2110366,51.1257998]}},{"type":"Feature","id":"osm-node-2886392050","properties":{"name":"Dahms Chiropractic","category":"healthcare","subcategory":"clinic","sourceId":"osm-overpass","osmType":"node","osmId":2886392050,"sourceUrl":"https://www.openstreetmap.org/node/2886392050","coordinateMethod":"OSM node","address":"1919 Southland Drive SW","sourceTags":{"name":"Dahms Chiropractic","amenity":"clinic","healthcare":"clinic","opening_hours":"Oct-Jun: Tu,Sa 09:00-12:00; Oct-Jun: Mo,We-Fr 09:00-12:00,14:00-18:00; Jul-Sep: Mo,Tu,Th,Fr 09:00-12:00,14:00-18:00; Jul-Sep: We 09:00-12:00; Jul-Sep: Sa 09:00-12:00"}},"geometry":{"type":"Point","coordinates":[-114.103934,50.9608066]}},{"type":"Feature","id":"osm-node-2925227645","properties":{"name":"Shoppers Drug Mart","category":"healthcare","subcategory":"pharmacy","sourceId":"osm-overpass","osmType":"node","osmId":2925227645,"sourceUrl":"https://www.openstreetmap.org/node/2925227645","coordinateMethod":"OSM node","address":"2067 33 Avenue SW","sourceTags":{"name":"Shoppers Drug Mart","brand":"Shoppers Drug Mart","amenity":"pharmacy","healthcare":"pharmacy","opening_hours":"Mo-Su 08:00-22:00; Dec 25 off","check_date":"2026-04-13"}},"geometry":{"type":"Point","coordinates":[-114.109277,51.0238689]}},{"type":"Feature","id":"osm-node-2925227648","properties":{"name":"Elite Sports Therapy","category":"healthcare","subcategory":"clinic","sourceId":"osm-overpass","osmType":"node","osmId":2925227648,"sourceUrl":"https://www.openstreetmap.org/node/2925227648","coordinateMethod":"OSM node","address":"2031 33 Avenue SW","sourceTags":{"name":"Elite Sports Therapy","amenity":"clinic","healthcare":"clinic"}},"geometry":{"type":"Point","coordinates":[-114.1090396,51.0237279]}},{"type":"Feature","id":"osm-node-3013228558","properties":{"name":"Shoppers Drug Mart","category":"healthcare","subcategory":"pharmacy","sourceId":"osm-overpass","osmType":"node","osmId":3013228558,"sourceUrl":"https://www.openstreetmap.org/node/3013228558","coordinateMethod":"OSM node","address":null,"sourceTags":{"name":"Shoppers Drug Mart","brand":"Shoppers Drug Mart","amenity":"pharmacy","healthcare":"pharmacy"}},"geometry":{"type":"Point","coordinates":[-114.0470353,50.9424907]}},{"type":"Feature","id":"osm-node-3050853568","properties":{"name":"Apex Hearing Systems Ltd.","category":"healthcare","subcategory":"clinic","sourceId":"osm-overpass","osmType":"node","osmId":3050853568,"sourceUrl":"https://www.openstreetmap.org/node/3050853568","coordinateMethod":"OSM node","address":"Northland Drive NW","sourceTags":{"name":"Apex Hearing Systems Ltd.","amenity":"clinic","healthcare":"clinic"}},"geometry":{"type":"Point","coordinates":[-114.140677,51.0946856]}},{"type":"Feature","id":"osm-node-3167035072","properties":{"name":"Sunterra Market","category":"groceries","subcategory":"supermarket","sourceId":"osm-overpass","osmType":"node","osmId":3167035072,"sourceUrl":"https://www.openstreetmap.org/node/3167035072","coordinateMethod":"OSM node","address":"200","sourceTags":{"name":"Sunterra Market","shop":"supermarket","opening_hours":"Mo-Sa 08:00-21:00; Su 08:00-20:00"}},"geometry":{"type":"Point","coordinates":[-114.0605577,51.0414979]}},{"type":"Feature","id":"osm-node-3242939441","properties":{"name":"LASIK MD","category":"healthcare","subcategory":"clinic","sourceId":"osm-overpass","osmType":"node","osmId":3242939441,"sourceUrl":"https://www.openstreetmap.org/node/3242939441","coordinateMethod":"OSM node","address":"734 7 Avenue SW","sourceTags":{"name":"LASIK MD","brand":"LASIK MD","amenity":"clinic","healthcare":"clinic","healthcare:speciality":"ophthalmology"}},"geometry":{"type":"Point","coordinates":[-114.078328,51.0472405]}},{"type":"Feature","id":"osm-node-3285059914","properties":{"name":"Foothills Medical Clinic","category":"healthcare","subcategory":"clinic","sourceId":"osm-overpass","osmType":"node","osmId":3285059914,"sourceUrl":"https://www.openstreetmap.org/node/3285059914","coordinateMethod":"OSM node","address":"170-1620 29 Street NW","sourceTags":{"name":"Foothills Medical Clinic","amenity":"clinic","healthcare":"clinic"}},"geometry":{"type":"Point","coordinates":[-114.128345,51.0673883]}},{"type":"Feature","id":"osm-node-3312564689","properties":{"name":"Canada Diagnostic Centres","category":"healthcare","subcategory":"clinic","sourceId":"osm-overpass","osmType":"node","osmId":3312564689,"sourceUrl":"https://www.openstreetmap.org/node/3312564689","coordinateMethod":"OSM node","address":"32, 12192 Symons Valley Road NW","sourceTags":{"name":"Canada Diagnostic Centres","amenity":"clinic","healthcare":"clinic"}},"geometry":{"type":"Point","coordinates":[-114.12565,51.1632561]}},{"type":"Feature","id":"osm-node-3344066454","properties":{"name":"Rexall","category":"healthcare","subcategory":"pharmacy","sourceId":"osm-overpass","osmType":"node","osmId":3344066454,"sourceUrl":"https://www.openstreetmap.org/node/3344066454","coordinateMethod":"OSM node","address":"9650 Harvest Hills Boulevard N","sourceTags":{"name":"Rexall","brand":"Rexall","amenity":"pharmacy","healthcare":"pharmacy"}},"geometry":{"type":"Point","coordinates":[-114.067829,51.1413364]}},{"type":"Feature","id":"osm-node-3575302414","properties":{"name":"Shoppers Drug Mart","category":"healthcare","subcategory":"pharmacy","sourceId":"osm-overpass","osmType":"node","osmId":3575302414,"sourceUrl":"https://www.openstreetmap.org/node/3575302414","coordinateMethod":"OSM node","address":null,"sourceTags":{"name":"Shoppers Drug Mart","brand":"Shoppers Drug Mart","amenity":"pharmacy","healthcare":"pharmacy"}},"geometry":{"type":"Point","coordinates":[-114.143892,51.0371759]}},{"type":"Feature","id":"osm-node-3689718425","properties":{"name":"Mac's","category":"convenience","subcategory":"convenience","sourceId":"osm-overpass","osmType":"node","osmId":3689718425,"sourceUrl":"https://www.openstreetmap.org/node/3689718425","coordinateMethod":"OSM node","address":null,"sourceTags":{"name":"Mac's","brand":"Circle K","shop":"convenience"}},"geometry":{"type":"Point","coordinates":[-114.0129698,51.0693467]}},{"type":"Feature","id":"osm-node-3835030359","properties":{"name":"Stör","category":"convenience","subcategory":"convenience","sourceId":"osm-overpass","osmType":"node","osmId":3835030359,"sourceUrl":"https://www.openstreetmap.org/node/3835030359","coordinateMethod":"OSM node","address":null,"sourceTags":{"name":"Stör","shop":"convenience","opening_hours":"Mo-Fr 08:00-22:00; Sa 10:00-21:00; Su 11:00-17:00; PH closed"}},"geometry":{"type":"Point","coordinates":[-114.1320075,51.0782125]}},{"type":"Feature","id":"osm-node-3857350030","properties":{"name":"Save-On-Foods","category":"groceries","subcategory":"supermarket","sourceId":"osm-overpass","osmType":"node","osmId":3857350030,"sourceUrl":"https://www.openstreetmap.org/node/3857350030","coordinateMethod":"OSM node","address":null,"sourceTags":{"name":"Save-On-Foods","brand":"Save-On-Foods","shop":"supermarket"}},"geometry":{"type":"Point","coordinates":[-113.9588322,50.8815339]}},{"type":"Feature","id":"osm-node-3857350031","properties":{"name":"Shoppers Drug Mart","category":"healthcare","subcategory":"pharmacy","sourceId":"osm-overpass","osmType":"node","osmId":3857350031,"sourceUrl":"https://www.openstreetmap.org/node/3857350031","coordinateMethod":"OSM node","address":"19489 Seton Crescent SE","sourceTags":{"name":"Shoppers Drug Mart","brand":"Shoppers Drug Mart","amenity":"pharmacy","healthcare":"pharmacy","opening_hours":"Mo-Su 08:00-22:00"}},"geometry":{"type":"Point","coordinates":[-113.9599394,50.8810823]}},{"type":"Feature","id":"osm-node-4110478235","properties":{"name":"Co-op","category":"groceries","subcategory":"supermarket","sourceId":"osm-overpass","osmType":"node","osmId":4110478235,"sourceUrl":"https://www.openstreetmap.org/node/4110478235","coordinateMethod":"OSM node","address":"35 Crowfoot Way NW","sourceTags":{"name":"Co-op","brand":"Federated Co-operatives","shop":"supermarket","opening_hours":"Mo-Su 08:00-22:00; Dec 24 08:00-18:00; Dec 25 off; Dec 26 09:00-18:00; Dec 31 08:00-18:00; Jan 1 09:00-18:00","check_date":"2025-07-14"}},"geometry":{"type":"Point","coordinates":[-114.2008593,51.1237084]}},{"type":"Feature","id":"osm-node-4154233089","properties":{"name":"A Plus 1 Convenience Store","category":"convenience","subcategory":"convenience","sourceId":"osm-overpass","osmType":"node","osmId":4154233089,"sourceUrl":"https://www.openstreetmap.org/node/4154233089","coordinateMethod":"OSM node","address":"675 Acadia Drive SE","sourceTags":{"name":"A Plus 1 Convenience Store","shop":"convenience"}},"geometry":{"type":"Point","coordinates":[-114.0457496,50.9604007]}},{"type":"Feature","id":"osm-node-4203422054","properties":{"name":"Cordial Convenience","category":"convenience","subcategory":"convenience","sourceId":"osm-overpass","osmType":"node","osmId":4203422054,"sourceUrl":"https://www.openstreetmap.org/node/4203422054","coordinateMethod":"OSM node","address":"6449 Crowchild Trail SW","sourceTags":{"name":"Cordial Convenience","shop":"convenience","opening_hours":"24/7"}},"geometry":{"type":"Point","coordinates":[-114.118517,50.9957478]}},{"type":"Feature","id":"osm-node-4204669607","properties":{"name":"Circle K","category":"convenience","subcategory":"convenience","sourceId":"osm-overpass","osmType":"node","osmId":4204669607,"sourceUrl":"https://www.openstreetmap.org/node/4204669607","coordinateMethod":"OSM node","address":"4623 Bow Trail SW","sourceTags":{"name":"Circle K","brand":"Circle K","shop":"convenience"}},"geometry":{"type":"Point","coordinates":[-114.1532638,51.0485653]}},{"type":"Feature","id":"osm-node-4205682962","properties":{"name":"Glenmore Convenience Store","category":"convenience","subcategory":"convenience","sourceId":"osm-overpass","osmType":"node","osmId":4205682962,"sourceUrl":"https://www.openstreetmap.org/node/4205682962","coordinateMethod":"OSM node","address":null,"sourceTags":{"name":"Glenmore Convenience Store","shop":"convenience"}},"geometry":{"type":"Point","coordinates":[-113.9962661,50.9810271]}},{"type":"Feature","id":"osm-node-4248420974","properties":{"name":"Bulk Barn","category":"groceries","subcategory":"supermarket","sourceId":"osm-overpass","osmType":"node","osmId":4248420974,"sourceUrl":"https://www.openstreetmap.org/node/4248420974","coordinateMethod":"OSM node","address":null,"sourceTags":{"name":"Bulk Barn","brand":"Bulk Barn","shop":"supermarket"}},"geometry":{"type":"Point","coordinates":[-113.964863,50.9301809]}},{"type":"Feature","id":"osm-node-4290004789","properties":{"name":"Mac's","category":"convenience","subcategory":"convenience","sourceId":"osm-overpass","osmType":"node","osmId":4290004789,"sourceUrl":"https://www.openstreetmap.org/node/4290004789","coordinateMethod":"OSM node","address":null,"sourceTags":{"name":"Mac's","brand":"Mac's","shop":"convenience"}},"geometry":{"type":"Point","coordinates":[-113.934417,51.0987421]}},{"type":"Feature","id":"osm-node-4290004889","properties":{"name":"Pharmacy Plus","category":"healthcare","subcategory":"pharmacy","sourceId":"osm-overpass","osmType":"node","osmId":4290004889,"sourceUrl":"https://www.openstreetmap.org/node/4290004889","coordinateMethod":"OSM node","address":null,"sourceTags":{"name":"Pharmacy Plus","amenity":"pharmacy","healthcare":"pharmacy"}},"geometry":{"type":"Point","coordinates":[-113.9345301,51.0984947]}},{"type":"Feature","id":"osm-node-4290005089","properties":{"name":"Sanja Punjab","category":"groceries","subcategory":"supermarket","sourceId":"osm-overpass","osmType":"node","osmId":4290005089,"sourceUrl":"https://www.openstreetmap.org/node/4290005089","coordinateMethod":"OSM node","address":null,"sourceTags":{"name":"Sanja Punjab","shop":"supermarket"}},"geometry":{"type":"Point","coordinates":[-113.9451717,51.1116394]}},{"type":"Feature","id":"osm-node-4292014790","properties":{"name":"Dollar store","category":"convenience","subcategory":"convenience","sourceId":"osm-overpass","osmType":"node","osmId":4292014790,"sourceUrl":"https://www.openstreetmap.org/node/4292014790","coordinateMethod":"OSM node","address":null,"sourceTags":{"name":"Dollar store","shop":"convenience"}},"geometry":{"type":"Point","coordinates":[-113.9501615,51.1073879]}},{"type":"Feature","id":"osm-node-4314829791","properties":{"name":"Bulk Barn","category":"groceries","subcategory":"supermarket","sourceId":"osm-overpass","osmType":"node","osmId":4314829791,"sourceUrl":"https://www.openstreetmap.org/node/4314829791","coordinateMethod":"OSM node","address":"9250 Macleod Trail S","sourceTags":{"name":"Bulk Barn","brand":"Bulk Barn","shop":"supermarket","opening_hours":"Mo-Sa 09:00-21:00; Su 10:00-18:00"}},"geometry":{"type":"Point","coordinates":[-114.0708567,50.9705791]}},{"type":"Feature","id":"osm-node-4341895889","properties":{"name":"Calgary Co-op Quarry Park Food Centre","category":"groceries","subcategory":"supermarket","sourceId":"osm-overpass","osmType":"node","osmId":4341895889,"sourceUrl":"https://www.openstreetmap.org/node/4341895889","coordinateMethod":"OSM node","address":"410 163 Quarry Park Boulevard SE","sourceTags":{"name":"Calgary Co-op Quarry Park Food Centre","shop":"supermarket","opening_hours":"Mo-Su 08:00-22:00"}},"geometry":{"type":"Point","coordinates":[-114.007864,50.9626515]}},{"type":"Feature","id":"osm-node-4354142856","properties":{"name":"Lynnwood Drugs","category":"healthcare","subcategory":"pharmacy","sourceId":"osm-overpass","osmType":"node","osmId":4354142856,"sourceUrl":"https://www.openstreetmap.org/node/4354142856","coordinateMethod":"OSM node","address":"6618 20A Street SE","sourceTags":{"name":"Lynnwood Drugs","amenity":"pharmacy","healthcare":"pharmacy"}},"geometry":{"type":"Point","coordinates":[-114.009742,50.9939549]}},{"type":"Feature","id":"osm-node-4361994290","properties":{"name":"Shoppers Drug Mart","category":"healthcare","subcategory":"pharmacy","sourceId":"osm-overpass","osmType":"node","osmId":4361994290,"sourceUrl":"https://www.openstreetmap.org/node/4361994290","coordinateMethod":"OSM node","address":null,"sourceTags":{"name":"Shoppers Drug Mart","brand":"Shoppers Drug Mart","amenity":"pharmacy","healthcare":"pharmacy","opening_hours":"Mo-Fr 08:00-21:00; Sa 09:00-20:00; Su 10:00-18:00","check_date":"2025-03-30"}},"geometry":{"type":"Point","coordinates":[-114.0668571,50.9534638]}},{"type":"Feature","id":"osm-node-4374677341","properties":{"name":"Go Market","category":"convenience","subcategory":"convenience","sourceId":"osm-overpass","osmType":"node","osmId":4374677341,"sourceUrl":"https://www.openstreetmap.org/node/4374677341","coordinateMethod":"OSM node","address":null,"sourceTags":{"name":"Go Market","shop":"convenience"}},"geometry":{"type":"Point","coordinates":[-113.9808959,51.026663]}},{"type":"Feature","id":"osm-node-4389270497","properties":{"name":"Safeway","category":"groceries","subcategory":"supermarket","sourceId":"osm-overpass","osmType":"node","osmId":4389270497,"sourceUrl":"https://www.openstreetmap.org/node/4389270497","coordinateMethod":"OSM node","address":"1200 37 Street SW","sourceTags":{"name":"Safeway","brand":"Safeway","shop":"supermarket","opening_hours":"Mo-Su 07:00-22:00"}},"geometry":{"type":"Point","coordinates":[-114.13976,51.0433799]}},{"type":"Feature","id":"osm-node-4423859591","properties":{"name":"Winks","category":"convenience","subcategory":"convenience","sourceId":"osm-overpass","osmType":"node","osmId":4423859591,"sourceUrl":"https://www.openstreetmap.org/node/4423859591","coordinateMethod":"OSM node","address":"2525 Bridlecrest Way SW","sourceTags":{"name":"Winks","shop":"convenience","opening_hours":"Mo-Th 07:00-00:00, Fr 07:00-02:00, Sa 08:00-02:00, Su 08:00-00:00"}},"geometry":{"type":"Point","coordinates":[-114.117544,50.9007956]}},{"type":"Feature","id":"osm-node-4438130465","properties":{"name":"Rock Royal Pharmacy","category":"healthcare","subcategory":"pharmacy","sourceId":"osm-overpass","osmType":"node","osmId":4438130465,"sourceUrl":"https://www.openstreetmap.org/node/4438130465","coordinateMethod":"OSM node","address":"228-500 Royal Oak Drive NW","sourceTags":{"name":"Rock Royal Pharmacy","amenity":"pharmacy","healthcare":"pharmacy"}},"geometry":{"type":"Point","coordinates":[-114.2330173,51.1385399]}},{"type":"Feature","id":"osm-node-4446908571","properties":{"name":"Bonaventure Drugs","category":"healthcare","subcategory":"pharmacy","sourceId":"osm-overpass","osmType":"node","osmId":4446908571,"sourceUrl":"https://www.openstreetmap.org/node/4446908571","coordinateMethod":"OSM node","address":null,"sourceTags":{"name":"Bonaventure Drugs","amenity":"pharmacy","healthcare":"pharmacy","opening_hours":"Mo-Fr 09:00-17:00"}},"geometry":{"type":"Point","coordinates":[-114.062938,50.9417237]}},{"type":"Feature","id":"osm-node-4449416990","properties":{"name":"Deerfoot Meadows Medical Clinic","category":"healthcare","subcategory":"clinic","sourceId":"osm-overpass","osmType":"node","osmId":4449416990,"sourceUrl":"https://www.openstreetmap.org/node/4449416990","coordinateMethod":"OSM node","address":null,"sourceTags":{"name":"Deerfoot Meadows Medical Clinic","amenity":"clinic","healthcare":"clinic"}},"geometry":{"type":"Point","coordinates":[-114.045368,50.9836792]}},{"type":"Feature","id":"osm-node-4453726865","properties":{"name":"FreshCo","category":"groceries","subcategory":"supermarket","sourceId":"osm-overpass","osmType":"node","osmId":4453726865,"sourceUrl":"https://www.openstreetmap.org/node/4453726865","coordinateMethod":"OSM node","address":"2060 Symons Valley Parkway NW","sourceTags":{"name":"FreshCo","brand":"FreshCo","shop":"supermarket"}},"geometry":{"type":"Point","coordinates":[-114.109711,51.1755949]}},{"type":"Feature","id":"osm-node-4453726872","properties":{"name":"Shoppers Drug Mart","category":"healthcare","subcategory":"pharmacy","sourceId":"osm-overpass","osmType":"node","osmId":4453726872,"sourceUrl":"https://www.openstreetmap.org/node/4453726872","coordinateMethod":"OSM node","address":null,"sourceTags":{"name":"Shoppers Drug Mart","brand":"Shoppers Drug Mart","amenity":"pharmacy","healthcare":"pharmacy"}},"geometry":{"type":"Point","coordinates":[-114.1101685,51.1741146]}},{"type":"Feature","id":"osm-node-4454247259","properties":{"name":"Pineridge Pharmacy","category":"healthcare","subcategory":"pharmacy","sourceId":"osm-overpass","osmType":"node","osmId":4454247259,"sourceUrl":"https://www.openstreetmap.org/node/4454247259","coordinateMethod":"OSM node","address":null,"sourceTags":{"name":"Pineridge Pharmacy","amenity":"pharmacy"}},"geometry":{"type":"Point","coordinates":[-113.946373,51.081232]}},{"type":"Feature","id":"osm-node-4454247261","properties":{"name":"OK Food and Produce","category":"convenience","subcategory":"convenience","sourceId":"osm-overpass","osmType":"node","osmId":4454247261,"sourceUrl":"https://www.openstreetmap.org/node/4454247261","coordinateMethod":"OSM node","address":"3250 60 Street NE","sourceTags":{"name":"OK Food and Produce","shop":"convenience"}},"geometry":{"type":"Point","coordinates":[-113.9463868,51.0809302]}},{"type":"Feature","id":"osm-node-4454247989","properties":{"name":"Pineridge Medical Clinic","category":"healthcare","subcategory":"doctors","sourceId":"osm-overpass","osmType":"node","osmId":4454247989,"sourceUrl":"https://www.openstreetmap.org/node/4454247989","coordinateMethod":"OSM node","address":"3250 60 Street NE","sourceTags":{"name":"Pineridge Medical Clinic","amenity":"doctors"}},"geometry":{"type":"Point","coordinates":[-113.9463724,51.0811802]}},{"type":"Feature","id":"osm-node-4455871509","properties":{"name":"Winks","category":"convenience","subcategory":"convenience","sourceId":"osm-overpass","osmType":"node","osmId":4455871509,"sourceUrl":"https://www.openstreetmap.org/node/4455871509","coordinateMethod":"OSM node","address":null,"sourceTags":{"name":"Winks","shop":"convenience"}},"geometry":{"type":"Point","coordinates":[-113.98211,51.0298551]}},{"type":"Feature","id":"osm-node-4463506221","properties":{"name":"7-Eleven","category":"convenience","subcategory":"convenience","sourceId":"osm-overpass","osmType":"node","osmId":4463506221,"sourceUrl":"https://www.openstreetmap.org/node/4463506221","coordinateMethod":"OSM node","address":null,"sourceTags":{"name":"7-Eleven","brand":"7-Eleven","shop":"convenience"}},"geometry":{"type":"Point","coordinates":[-113.942159,51.0384368]}},{"type":"Feature","id":"osm-node-4468068092","properties":{"name":"7-Eleven","category":"convenience","subcategory":"convenience","sourceId":"osm-overpass","osmType":"node","osmId":4468068092,"sourceUrl":"https://www.openstreetmap.org/node/4468068092","coordinateMethod":"OSM node","address":"44 Sandarac Drive NW","sourceTags":{"name":"7-Eleven","brand":"7-Eleven","shop":"convenience"}},"geometry":{"type":"Point","coordinates":[-114.099004,51.132643]}},{"type":"Feature","id":"osm-node-4470924632","properties":{"name":"7-Eleven","category":"convenience","subcategory":"convenience","sourceId":"osm-overpass","osmType":"node","osmId":4470924632,"sourceUrl":"https://www.openstreetmap.org/node/4470924632","coordinateMethod":"OSM node","address":"801 1 Avenue NE","sourceTags":{"name":"7-Eleven","brand":"7-Eleven","shop":"convenience","opening_hours":"Mo-Su,PH 05:00-24:00"}},"geometry":{"type":"Point","coordinates":[-114.0452203,51.0535362]}},{"type":"Feature","id":"osm-node-4484667632","properties":{"name":"Super Stop","category":"convenience","subcategory":"convenience","sourceId":"osm-overpass","osmType":"node","osmId":4484667632,"sourceUrl":"https://www.openstreetmap.org/node/4484667632","coordinateMethod":"OSM node","address":"1010 Strathcona Drive SW","sourceTags":{"name":"Super Stop","shop":"convenience"}},"geometry":{"type":"Point","coordinates":[-114.1870894,51.0468831]}},{"type":"Feature","id":"osm-node-4510821632","properties":{"name":"Killarney Medical Clinic","category":"healthcare","subcategory":"clinic","sourceId":"osm-overpass","osmType":"node","osmId":4510821632,"sourceUrl":"https://www.openstreetmap.org/node/4510821632","coordinateMethod":"OSM node","address":"3425 26 Avenue SW","sourceTags":{"name":"Killarney Medical Clinic","amenity":"clinic","healthcare":"clinic","healthcare:speciality":"general","opening_hours":"Mo-Fr 08:00-17:00"}},"geometry":{"type":"Point","coordinates":[-114.1367103,51.0296712]}},{"type":"Feature","id":"osm-node-4510821633","properties":{"name":"Lukes Drug Mart","category":"healthcare","subcategory":"pharmacy","sourceId":"osm-overpass","osmType":"node","osmId":4510821633,"sourceUrl":"https://www.openstreetmap.org/node/4510821633","coordinateMethod":"OSM node","address":"3407 26 Avenue SW","sourceTags":{"name":"Lukes Drug Mart","amenity":"pharmacy","healthcare":"pharmacy"}},"geometry":{"type":"Point","coordinates":[-114.1359232,51.0297546]}},{"type":"Feature","id":"osm-node-4517965324","properties":{"name":"#1 Convenience Store","category":"convenience","subcategory":"convenience","sourceId":"osm-overpass","osmType":"node","osmId":4517965324,"sourceUrl":"https://www.openstreetmap.org/node/4517965324","coordinateMethod":"OSM node","address":"10015 Oakfield Drive SW","sourceTags":{"name":"#1 Convenience Store","shop":"convenience","opening_hours":"Mo-Th 07:00-22:00; Fr 07:00-10:30; Sa 08:00-22:30; Su 08:30-22:00"}},"geometry":{"type":"Point","coordinates":[-114.1328521,50.9619656]}},{"type":"Feature","id":"osm-node-4520586648","properties":{"name":"Calgary Drug Mart","category":"healthcare","subcategory":"pharmacy","sourceId":"osm-overpass","osmType":"node","osmId":4520586648,"sourceUrl":"https://www.openstreetmap.org/node/4520586648","coordinateMethod":"OSM node","address":"13-10 Richard Way SW","sourceTags":{"name":"Calgary Drug Mart","amenity":"pharmacy","healthcare":"pharmacy"}},"geometry":{"type":"Point","coordinates":[-114.130874,51.0066081]}},{"type":"Feature","id":"osm-node-4520930189","properties":{"name":"7-Eleven","category":"convenience","subcategory":"convenience","sourceId":"osm-overpass","osmType":"node","osmId":4520930189,"sourceUrl":"https://www.openstreetmap.org/node/4520930189","coordinateMethod":"OSM node","address":null,"sourceTags":{"name":"7-Eleven","brand":"7-Eleven","shop":"convenience","opening_hours":"24/7"}},"geometry":{"type":"Point","coordinates":[-114.0114989,51.132862]}},{"type":"Feature","id":"osm-node-4520938489","properties":{"name":"7-Eleven","category":"convenience","subcategory":"convenience","sourceId":"osm-overpass","osmType":"node","osmId":4520938489,"sourceUrl":"https://www.openstreetmap.org/node/4520938489","coordinateMethod":"OSM node","address":null,"sourceTags":{"name":"7-Eleven","brand":"7-Eleven","shop":"convenience","opening_hours":"24/7"}},"geometry":{"type":"Point","coordinates":[-114.0090116,51.1304711]}},{"type":"Feature","id":"osm-node-4520983690","properties":{"name":"Hudsons","category":"convenience","subcategory":"convenience","sourceId":"osm-overpass","osmType":"node","osmId":4520983690,"sourceUrl":"https://www.openstreetmap.org/node/4520983690","coordinateMethod":"OSM node","address":null,"sourceTags":{"name":"Hudsons","shop":"convenience"}},"geometry":{"type":"Point","coordinates":[-114.0059442,51.1304952]}},{"type":"Feature","id":"osm-node-4521190892","properties":{"name":"I.D.A.","category":"healthcare","subcategory":"pharmacy","sourceId":"osm-overpass","osmType":"node","osmId":4521190892,"sourceUrl":"https://www.openstreetmap.org/node/4521190892","coordinateMethod":"OSM node","address":null,"sourceTags":{"name":"I.D.A.","brand":"I.D.A.","amenity":"pharmacy","healthcare":"pharmacy"}},"geometry":{"type":"Point","coordinates":[-114.009241,51.1301968]}},{"type":"Feature","id":"osm-node-4521405195","properties":{"name":"Hudson","category":"convenience","subcategory":"convenience","sourceId":"osm-overpass","osmType":"node","osmId":4521405195,"sourceUrl":"https://www.openstreetmap.org/node/4521405195","coordinateMethod":"OSM node","address":null,"sourceTags":{"name":"Hudson","brand":"Hudson","shop":"convenience","check_date":"2023-10-03"}},"geometry":{"type":"Point","coordinates":[-114.0032482,51.1297831]}},{"type":"Feature","id":"osm-node-4521745994","properties":{"name":"Hudson","category":"convenience","subcategory":"convenience","sourceId":"osm-overpass","osmType":"node","osmId":4521745994,"sourceUrl":"https://www.openstreetmap.org/node/4521745994","coordinateMethod":"OSM node","address":null,"sourceTags":{"name":"Hudson","brand":"Hudson","shop":"convenience","check_date":"2023-10-03"}},"geometry":{"type":"Point","coordinates":[-113.999478,51.1299656]}},{"type":"Feature","id":"osm-node-4552744947","properties":{"name":"Circle K","category":"convenience","subcategory":"convenience","sourceId":"osm-overpass","osmType":"node","osmId":4552744947,"sourceUrl":"https://www.openstreetmap.org/node/4552744947","coordinateMethod":"OSM node","address":"14943 Deer Ridge Drive SE","sourceTags":{"name":"Circle K","brand":"Circle K","shop":"convenience"}},"geometry":{"type":"Point","coordinates":[-114.026415,50.9313766]}},{"type":"Feature","id":"osm-node-4557982093","properties":{"name":"Woodlands Family Medical Clinic","category":"healthcare","subcategory":"doctors","sourceId":"osm-overpass","osmType":"node","osmId":4557982093,"sourceUrl":"https://www.openstreetmap.org/node/4557982093","coordinateMethod":"OSM node","address":"11808 24 Street","sourceTags":{"name":"Woodlands Family Medical Clinic","amenity":"doctors","healthcare":"doctor"}},"geometry":{"type":"Point","coordinates":[-114.1174931,50.9466836]}},{"type":"Feature","id":"osm-node-4558780284","properties":{"name":"Circle K","category":"convenience","subcategory":"convenience","sourceId":"osm-overpass","osmType":"node","osmId":4558780284,"sourceUrl":"https://www.openstreetmap.org/node/4558780284","coordinateMethod":"OSM node","address":"16305 Somercrest Street SW","sourceTags":{"name":"Circle K","brand":"Circle K","shop":"convenience","opening_hours":"24/7"}},"geometry":{"type":"Point","coordinates":[-114.0902974,50.9036072]}},{"type":"Feature","id":"osm-node-4564252940","properties":{"name":"Bulk Barn","category":"groceries","subcategory":"supermarket","sourceId":"osm-overpass","osmType":"node","osmId":4564252940,"sourceUrl":"https://www.openstreetmap.org/node/4564252940","coordinateMethod":"OSM node","address":null,"sourceTags":{"name":"Bulk Barn","brand":"Bulk Barn","shop":"supermarket"}},"geometry":{"type":"Point","coordinates":[-113.9085985,51.0383279]}},{"type":"Feature","id":"osm-node-4564253220","properties":{"name":"Oasis Medical Centre","category":"healthcare","subcategory":"clinic","sourceId":"osm-overpass","osmType":"node","osmId":4564253220,"sourceUrl":"https://www.openstreetmap.org/node/4564253220","coordinateMethod":"OSM node","address":null,"sourceTags":{"name":"Oasis Medical Centre","amenity":"clinic","healthcare":"clinic"}},"geometry":{"type":"Point","coordinates":[-113.909419,51.0383171]}},{"type":"Feature","id":"osm-node-4567949297","properties":{"name":"Walmart Pharmacy","category":"healthcare","subcategory":"pharmacy","sourceId":"osm-overpass","osmType":"node","osmId":4567949297,"sourceUrl":"https://www.openstreetmap.org/node/4567949297","coordinateMethod":"OSM node","address":"255","sourceTags":{"name":"Walmart Pharmacy","brand":"Walmart","amenity":"pharmacy","healthcare":"pharmacy","check_date":"2024-11-13"}},"geometry":{"type":"Point","coordinates":[-113.9103237,51.0387464]}},{"type":"Feature","id":"osm-node-4582884106","properties":{"name":"Circle K","category":"convenience","subcategory":"convenience","sourceId":"osm-overpass","osmType":"node","osmId":4582884106,"sourceUrl":"https://www.openstreetmap.org/node/4582884106","coordinateMethod":"OSM node","address":null,"sourceTags":{"name":"Circle K","brand":"Circle K","shop":"convenience"}},"geometry":{"type":"Point","coordinates":[-114.205401,51.1159632]}},{"type":"Feature","id":"osm-node-4586424771","properties":{"name":"Shoppers Drug Mart","category":"healthcare","subcategory":"pharmacy","sourceId":"osm-overpass","osmType":"node","osmId":4586424771,"sourceUrl":"https://www.openstreetmap.org/node/4586424771","coordinateMethod":"OSM node","address":null,"sourceTags":{"name":"Shoppers Drug Mart","brand":"Shoppers Drug Mart","amenity":"pharmacy","healthcare":"pharmacy","opening_hours":"09:00-22:00"}},"geometry":{"type":"Point","coordinates":[-114.060714,51.0386749]}},{"type":"Feature","id":"osm-node-4621571189","properties":{"name":"Apex Medical Clinic","category":"healthcare","subcategory":"clinic","sourceId":"osm-overpass","osmType":"node","osmId":4621571189,"sourceUrl":"https://www.openstreetmap.org/node/4621571189","coordinateMethod":"OSM node","address":null,"sourceTags":{"name":"Apex Medical Clinic","amenity":"clinic","healthcare":"clinic"}},"geometry":{"type":"Point","coordinates":[-113.955413,51.0975375]}},{"type":"Feature","id":"osm-node-4662256738","properties":{"name":"Arid Mountain Clinic","category":"healthcare","subcategory":"doctors","sourceId":"osm-overpass","osmType":"node","osmId":4662256738,"sourceUrl":"https://www.openstreetmap.org/node/4662256738","coordinateMethod":"OSM node","address":"Suite 143, 2515 90 Avenue SW","sourceTags":{"name":"Arid Mountain Clinic","amenity":"doctors","healthcare":"doctor"}},"geometry":{"type":"Point","coordinates":[-114.1200702,50.9713652]}},{"type":"Feature","id":"osm-node-4733120030","properties":{"name":"Chiropractic Family Care Centre","category":"healthcare","subcategory":"doctors","sourceId":"osm-overpass","osmType":"node","osmId":4733120030,"sourceUrl":"https://www.openstreetmap.org/node/4733120030","coordinateMethod":"OSM node","address":null,"sourceTags":{"name":"Chiropractic Family Care Centre","amenity":"doctors","healthcare":"doctor"}},"geometry":{"type":"Point","coordinates":[-114.070718,51.0369316]}},{"type":"Feature","id":"osm-node-4733120036","properties":{"name":"Circle K","category":"convenience","subcategory":"convenience","sourceId":"osm-overpass","osmType":"node","osmId":4733120036,"sourceUrl":"https://www.openstreetmap.org/node/4733120036","coordinateMethod":"OSM node","address":"2007 4 Street SW","sourceTags":{"name":"Circle K","brand":"Circle K","shop":"convenience","opening_hours":"24/7"}},"geometry":{"type":"Point","coordinates":[-114.071893,51.0348896]}},{"type":"Feature","id":"osm-node-4733120042","properties":{"name":"Rideau Pharmacy","category":"healthcare","subcategory":"pharmacy","sourceId":"osm-overpass","osmType":"node","osmId":4733120042,"sourceUrl":"https://www.openstreetmap.org/node/4733120042","coordinateMethod":"OSM node","address":"1711 4 Street SW","sourceTags":{"name":"Rideau Pharmacy","amenity":"pharmacy","healthcare":"pharmacy","opening_hours":"Mo-Fr 08:30-17:30","check_date:opening_hours":"2025-08-22"}},"geometry":{"type":"Point","coordinates":[-114.071762,51.0372713]}},{"type":"Feature","id":"osm-node-4740609394","properties":{"name":"Dr. Ted Vant","category":"healthcare","subcategory":"doctors","sourceId":"osm-overpass","osmType":"node","osmId":4740609394,"sourceUrl":"https://www.openstreetmap.org/node/4740609394","coordinateMethod":"OSM node","address":"3604 52 Avenue NW","sourceTags":{"name":"Dr. Ted Vant","amenity":"doctors","healthcare":"doctor"}},"geometry":{"type":"Point","coordinates":[-114.1382075,51.1014663]}},{"type":"Feature","id":"osm-node-4740609395","properties":{"name":"African Choice Market","category":"groceries","subcategory":"supermarket","sourceId":"osm-overpass","osmType":"node","osmId":4740609395,"sourceUrl":"https://www.openstreetmap.org/node/4740609395","coordinateMethod":"OSM node","address":"3604 52 Avenue NW","sourceTags":{"name":"African Choice Market","shop":"supermarket","opening_hours":"Mo-Sa 11:00-19:00"}},"geometry":{"type":"Point","coordinates":[-114.1382038,51.1015799]}},{"type":"Feature","id":"osm-node-4740609417","properties":{"name":"Koreana Market","category":"groceries","subcategory":"supermarket","sourceId":"osm-overpass","osmType":"node","osmId":4740609417,"sourceUrl":"https://www.openstreetmap.org/node/4740609417","coordinateMethod":"OSM node","address":"3616 52 Avenue NW","sourceTags":{"name":"Koreana Market","shop":"supermarket","opening_hours":"Mo-Sa 10:00-19:00"}},"geometry":{"type":"Point","coordinates":[-114.1402873,51.1014901]}},{"type":"Feature","id":"osm-node-4746050217","properties":{"name":"Alberta Back and Neck & Sports Injuries Clinic","category":"healthcare","subcategory":"clinic","sourceId":"osm-overpass","osmType":"node","osmId":4746050217,"sourceUrl":"https://www.openstreetmap.org/node/4746050217","coordinateMethod":"OSM node","address":null,"sourceTags":{"name":"Alberta Back and Neck & Sports Injuries Clinic","amenity":"clinic","healthcare":"clinic"}},"geometry":{"type":"Point","coordinates":[-114.0735265,50.9894184]}},{"type":"Feature","id":"osm-node-4747909962","properties":{"name":"Optimum","category":"healthcare","subcategory":"doctors","sourceId":"osm-overpass","osmType":"node","osmId":4747909962,"sourceUrl":"https://www.openstreetmap.org/node/4747909962","coordinateMethod":"OSM node","address":null,"sourceTags":{"name":"Optimum","amenity":"doctors","healthcare":"doctor"}},"geometry":{"type":"Point","coordinates":[-114.065872,50.9065299]}},{"type":"Feature","id":"osm-node-4747939526","properties":{"name":"Calgary Co-op Shawnessy Food Centre","category":"groceries","subcategory":"supermarket","sourceId":"osm-overpass","osmType":"node","osmId":4747939526,"sourceUrl":"https://www.openstreetmap.org/node/4747939526","coordinateMethod":"OSM node","address":"250 Shawville Boulevard SE","sourceTags":{"name":"Calgary Co-op Shawnessy Food Centre","shop":"supermarket","opening_hours":"Mo-Su 08:00-22:00"}},"geometry":{"type":"Point","coordinates":[-114.063519,50.9029145]}},{"type":"Feature","id":"osm-node-4750901111","properties":{"name":"Circle K","category":"convenience","subcategory":"convenience","sourceId":"osm-overpass","osmType":"node","osmId":4750901111,"sourceUrl":"https://www.openstreetmap.org/node/4750901111","coordinateMethod":"OSM node","address":"8 McKenzie Towne Avenue SE","sourceTags":{"name":"Circle K","brand":"Circle K","shop":"convenience"}},"geometry":{"type":"Point","coordinates":[-113.960762,50.9173747]}},{"type":"Feature","id":"osm-node-4751816444","properties":{"name":"On the Run","category":"convenience","subcategory":"convenience","sourceId":"osm-overpass","osmType":"node","osmId":4751816444,"sourceUrl":"https://www.openstreetmap.org/node/4751816444","coordinateMethod":"OSM node","address":null,"sourceTags":{"name":"On the Run","brand":"On the Run","shop":"convenience"}},"geometry":{"type":"Point","coordinates":[-114.064967,51.016431]}},{"type":"Feature","id":"osm-node-4752253892","properties":{"name":"Select","category":"convenience","subcategory":"convenience","sourceId":"osm-overpass","osmType":"node","osmId":4752253892,"sourceUrl":"https://www.openstreetmap.org/node/4752253892","coordinateMethod":"OSM node","address":null,"sourceTags":{"name":"Select","shop":"convenience"}},"geometry":{"type":"Point","coordinates":[-114.0724202,51.0007218]}},{"type":"Feature","id":"osm-node-4758410677","properties":{"name":"Spark Child & Youth Psychology","category":"healthcare","subcategory":"doctors","sourceId":"osm-overpass","osmType":"node","osmId":4758410677,"sourceUrl":"https://www.openstreetmap.org/node/4758410677","coordinateMethod":"OSM node","address":null,"sourceTags":{"name":"Spark Child & Youth Psychology","amenity":"doctors"}},"geometry":{"type":"Point","coordinates":[-114.0479041,50.9645912]}},{"type":"Feature","id":"osm-node-4758410680","properties":{"name":"Carewell Medical Clinic & Pharmacy","category":"healthcare","subcategory":"clinic","sourceId":"osm-overpass","osmType":"node","osmId":4758410680,"sourceUrl":"https://www.openstreetmap.org/node/4758410680","coordinateMethod":"OSM node","address":null,"sourceTags":{"name":"Carewell Medical Clinic & Pharmacy","amenity":"clinic"}},"geometry":{"type":"Point","coordinates":[-114.0479112,50.9645105]}},{"type":"Feature","id":"osm-node-4758456985","properties":{"name":"A Plus 1","category":"convenience","subcategory":"convenience","sourceId":"osm-overpass","osmType":"node","osmId":4758456985,"sourceUrl":"https://www.openstreetmap.org/node/4758456985","coordinateMethod":"OSM node","address":null,"sourceTags":{"name":"A Plus 1","shop":"convenience"}},"geometry":{"type":"Point","coordinates":[-114.069388,50.971877]}},{"type":"Feature","id":"osm-node-4760827278","properties":{"name":"Spinelli Italian Centre Shop","category":"groceries","subcategory":"supermarket","sourceId":"osm-overpass","osmType":"node","osmId":4760827278,"sourceUrl":"https://www.openstreetmap.org/node/4760827278","coordinateMethod":"OSM node","address":"9919 Fairmount Drive SE","sourceTags":{"name":"Spinelli Italian Centre Shop","shop":"supermarket","opening_hours":"Mo-Su 09:00-21:00; PH off","check_date":"2026-08-15"}},"geometry":{"type":"Point","coordinates":[-114.0602304,50.9630484]}},{"type":"Feature","id":"osm-node-4762737503","properties":{"name":"7-Eleven","category":"convenience","subcategory":"convenience","sourceId":"osm-overpass","osmType":"node","osmId":4762737503,"sourceUrl":"https://www.openstreetmap.org/node/4762737503","coordinateMethod":"OSM node","address":null,"sourceTags":{"name":"7-Eleven","brand":"7-Eleven","shop":"convenience"}},"geometry":{"type":"Point","coordinates":[-113.982704,50.9325353]}},{"type":"Feature","id":"osm-node-4762737504","properties":{"name":"Douglasdale Family Chiropractic","category":"healthcare","subcategory":"doctors","sourceId":"osm-overpass","osmType":"node","osmId":4762737504,"sourceUrl":"https://www.openstreetmap.org/node/4762737504","coordinateMethod":"OSM node","address":null,"sourceTags":{"name":"Douglasdale Family Chiropractic","amenity":"doctors","healthcare":"doctor"}},"geometry":{"type":"Point","coordinates":[-113.982838,50.9328748]}},{"type":"Feature","id":"osm-node-4763127004","properties":{"name":"AST Active Sport Therapy","category":"healthcare","subcategory":"clinic","sourceId":"osm-overpass","osmType":"node","osmId":4763127004,"sourceUrl":"https://www.openstreetmap.org/node/4763127004","coordinateMethod":"OSM node","address":null,"sourceTags":{"name":"AST Active Sport Therapy","amenity":"clinic","healthcare":"clinic"}},"geometry":{"type":"Point","coordinates":[-114.0691782,50.9615254]}},{"type":"Feature","id":"osm-node-4764803343","properties":{"name":"The Medicine Shoppe","category":"healthcare","subcategory":"pharmacy","sourceId":"osm-overpass","osmType":"node","osmId":4764803343,"sourceUrl":"https://www.openstreetmap.org/node/4764803343","coordinateMethod":"OSM node","address":null,"sourceTags":{"name":"The Medicine Shoppe","brand":"The Medicine Shoppe","amenity":"pharmacy","healthcare":"pharmacy"}},"geometry":{"type":"Point","coordinates":[-114.0279962,50.9282175]}},{"type":"Feature","id":"osm-node-4765509955","properties":{"name":"The Medicine Shoppe","category":"healthcare","subcategory":"pharmacy","sourceId":"osm-overpass","osmType":"node","osmId":4765509955,"sourceUrl":"https://www.openstreetmap.org/node/4765509955","coordinateMethod":"OSM node","address":null,"sourceTags":{"name":"The Medicine Shoppe","brand":"The Medicine Shoppe","amenity":"pharmacy","healthcare":"pharmacy"}},"geometry":{"type":"Point","coordinates":[-114.0702276,50.9818342]}},{"type":"Feature","id":"osm-node-4765509957","properties":{"name":"Medicentres","category":"healthcare","subcategory":"clinic","sourceId":"osm-overpass","osmType":"node","osmId":4765509957,"sourceUrl":"https://www.openstreetmap.org/node/4765509957","coordinateMethod":"OSM node","address":null,"sourceTags":{"name":"Medicentres","amenity":"clinic","healthcare":"clinic"}},"geometry":{"type":"Point","coordinates":[-114.070138,50.9818625]}},{"type":"Feature","id":"osm-node-4767439567","properties":{"name":"Power Health Chinook","category":"healthcare","subcategory":"clinic","sourceId":"osm-overpass","osmType":"node","osmId":4767439567,"sourceUrl":"https://www.openstreetmap.org/node/4767439567","coordinateMethod":"OSM node","address":"6130 1A Street SW","sourceTags":{"name":"Power Health Chinook","amenity":"clinic","healthcare":"clinic"}},"geometry":{"type":"Point","coordinates":[-114.0668801,50.9983188]}},{"type":"Feature","id":"osm-node-4767439575","properties":{"name":"Franchesa Foods","category":"convenience","subcategory":"convenience","sourceId":"osm-overpass","osmType":"node","osmId":4767439575,"sourceUrl":"https://www.openstreetmap.org/node/4767439575","coordinateMethod":"OSM node","address":"6130 1A Street SW","sourceTags":{"name":"Franchesa Foods","shop":"convenience"}},"geometry":{"type":"Point","coordinates":[-114.066721,50.9983223]}},{"type":"Feature","id":"osm-node-4768602447","properties":{"name":"Optimum Wellness Centres","category":"healthcare","subcategory":"clinic","sourceId":"osm-overpass","osmType":"node","osmId":4768602447,"sourceUrl":"https://www.openstreetmap.org/node/4768602447","coordinateMethod":"OSM node","address":null,"sourceTags":{"name":"Optimum Wellness Centres","amenity":"clinic","healthcare":"clinic"}},"geometry":{"type":"Point","coordinates":[-114.0695821,50.9743157]}},{"type":"Feature","id":"osm-node-4768602450","properties":{"name":"Pinnacle Medical Centres","category":"healthcare","subcategory":"clinic","sourceId":"osm-overpass","osmType":"node","osmId":4768602450,"sourceUrl":"https://www.openstreetmap.org/node/4768602450","coordinateMethod":"OSM node","address":null,"sourceTags":{"name":"Pinnacle Medical Centres","amenity":"clinic","healthcare":"clinic"}},"geometry":{"type":"Point","coordinates":[-114.069894,50.9755218]}},{"type":"Feature","id":"osm-node-4768738327","properties":{"name":"Loriz Bakery & Convenience Store","category":"convenience","subcategory":"convenience","sourceId":"osm-overpass","osmType":"node","osmId":4768738327,"sourceUrl":"https://www.openstreetmap.org/node/4768738327","coordinateMethod":"OSM node","address":null,"sourceTags":{"name":"Loriz Bakery & Convenience Store","shop":"convenience"}},"geometry":{"type":"Point","coordinates":[-114.0696825,50.977994]}},{"type":"Feature","id":"osm-node-4768738330","properties":{"name":"London Drugs","category":"healthcare","subcategory":"pharmacy","sourceId":"osm-overpass","osmType":"node","osmId":4768738330,"sourceUrl":"https://www.openstreetmap.org/node/4768738330","coordinateMethod":"OSM node","address":null,"sourceTags":{"name":"London Drugs","brand":"London Drugs","amenity":"pharmacy","healthcare":"pharmacy"}},"geometry":{"type":"Point","coordinates":[-114.0699092,50.9785041]}},{"type":"Feature","id":"osm-node-4768738334","properties":{"name":"Heritage Plaza Chiropractic & Massage Therapy","category":"healthcare","subcategory":"clinic","sourceId":"osm-overpass","osmType":"node","osmId":4768738334,"sourceUrl":"https://www.openstreetmap.org/node/4768738334","coordinateMethod":"OSM node","address":null,"sourceTags":{"name":"Heritage Plaza Chiropractic & Massage Therapy","amenity":"clinic","healthcare":"clinic"}},"geometry":{"type":"Point","coordinates":[-114.0697031,50.9782179]}},{"type":"Feature","id":"osm-node-4768738336","properties":{"name":"Heritage Family Medical","category":"healthcare","subcategory":"clinic","sourceId":"osm-overpass","osmType":"node","osmId":4768738336,"sourceUrl":"https://www.openstreetmap.org/node/4768738336","coordinateMethod":"OSM node","address":null,"sourceTags":{"name":"Heritage Family Medical","amenity":"clinic","healthcare":"clinic"}},"geometry":{"type":"Point","coordinates":[-114.0690153,50.9779876]}},{"type":"Feature","id":"osm-node-4772212737","properties":{"name":"Mountain View Medical Clinic","category":"healthcare","subcategory":"clinic","sourceId":"osm-overpass","osmType":"node","osmId":4772212737,"sourceUrl":"https://www.openstreetmap.org/node/4772212737","coordinateMethod":"OSM node","address":null,"sourceTags":{"name":"Mountain View Medical Clinic","amenity":"clinic","healthcare":"clinic"}},"geometry":{"type":"Point","coordinates":[-114.0724576,50.9676559]}},{"type":"Feature","id":"osm-node-4772212746","properties":{"name":"Dr. Dan Migliarese D.C","category":"healthcare","subcategory":"doctors","sourceId":"osm-overpass","osmType":"node","osmId":4772212746,"sourceUrl":"https://www.openstreetmap.org/node/4772212746","coordinateMethod":"OSM node","address":null,"sourceTags":{"name":"Dr. Dan Migliarese D.C","amenity":"doctors","healthcare":"doctor"}},"geometry":{"type":"Point","coordinates":[-114.0733175,50.9674979]}},{"type":"Feature","id":"osm-node-4772212752","properties":{"name":"Elevation Chiroparctic","category":"healthcare","subcategory":"doctors","sourceId":"osm-overpass","osmType":"node","osmId":4772212752,"sourceUrl":"https://www.openstreetmap.org/node/4772212752","coordinateMethod":"OSM node","address":null,"sourceTags":{"name":"Elevation Chiroparctic","amenity":"doctors","healthcare":"doctor"}},"geometry":{"type":"Point","coordinates":[-114.0736292,50.9673075]}},{"type":"Feature","id":"osm-node-4773182393","properties":{"name":"Husky","category":"convenience","subcategory":"convenience","sourceId":"osm-overpass","osmType":"node","osmId":4773182393,"sourceUrl":"https://www.openstreetmap.org/node/4773182393","coordinateMethod":"OSM node","address":"55 17 Avenue SE","sourceTags":{"name":"Husky","brand":"Husky","shop":"convenience","opening_hours":"Mo-Su 06:00-22:00"}},"geometry":{"type":"Point","coordinates":[-113.954627,51.0374716]}},{"type":"Feature","id":"osm-node-4773880556","properties":{"name":"Allan Centre","category":"healthcare","subcategory":"clinic","sourceId":"osm-overpass","osmType":"node","osmId":4773880556,"sourceUrl":"https://www.openstreetmap.org/node/4773880556","coordinateMethod":"OSM node","address":null,"sourceTags":{"name":"Allan Centre","amenity":"clinic","healthcare":"clinic"}},"geometry":{"type":"Point","coordinates":[-114.0690577,50.9454514]}},{"type":"Feature","id":"osm-node-4774098742","properties":{"name":"7-Eleven","category":"convenience","subcategory":"convenience","sourceId":"osm-overpass","osmType":"node","osmId":4774098742,"sourceUrl":"https://www.openstreetmap.org/node/4774098742","coordinateMethod":"OSM node","address":null,"sourceTags":{"name":"7-Eleven","brand":"7-Eleven","shop":"convenience"}},"geometry":{"type":"Point","coordinates":[-114.06352,50.9305828]}},{"type":"Feature","id":"osm-node-4777408261","properties":{"name":null,"category":"healthcare","subcategory":"clinic","sourceId":"osm-overpass","osmType":"node","osmId":4777408261,"sourceUrl":"https://www.openstreetmap.org/node/4777408261","coordinateMethod":"OSM node","address":null,"sourceTags":{"amenity":"clinic","healthcare":"clinic"}},"geometry":{"type":"Point","coordinates":[-114.0249332,50.930396]}},{"type":"Feature","id":"osm-node-4777408263","properties":{"name":"No Frills","category":"groceries","subcategory":"supermarket","sourceId":"osm-overpass","osmType":"node","osmId":4777408263,"sourceUrl":"https://www.openstreetmap.org/node/4777408263","coordinateMethod":"OSM node","address":null,"sourceTags":{"name":"No Frills","brand":"No Frills","shop":"supermarket"}},"geometry":{"type":"Point","coordinates":[-114.0250569,50.9310499]}},{"type":"Feature","id":"osm-node-4777868222","properties":{"name":"Dr. Tom Kelly - Chiropractor","category":"healthcare","subcategory":"doctors","sourceId":"osm-overpass","osmType":"node","osmId":4777868222,"sourceUrl":"https://www.openstreetmap.org/node/4777868222","coordinateMethod":"OSM node","address":null,"sourceTags":{"name":"Dr. Tom Kelly - Chiropractor","amenity":"doctors","healthcare":"doctor"}},"geometry":{"type":"Point","coordinates":[-114.0690235,50.9443721]}},{"type":"Feature","id":"osm-node-4777868228","properties":{"name":"Dr. Bernstein Diet & Health Clinica","category":"healthcare","subcategory":"doctors","sourceId":"osm-overpass","osmType":"node","osmId":4777868228,"sourceUrl":"https://www.openstreetmap.org/node/4777868228","coordinateMethod":"OSM node","address":null,"sourceTags":{"name":"Dr. Bernstein Diet & Health Clinica","amenity":"doctors","healthcare":"doctor"}},"geometry":{"type":"Point","coordinates":[-114.0689955,50.9441443]}},{"type":"Feature","id":"osm-node-4778184038","properties":{"name":"Sobeys","category":"groceries","subcategory":"supermarket","sourceId":"osm-overpass","osmType":"node","osmId":4778184038,"sourceUrl":"https://www.openstreetmap.org/node/4778184038","coordinateMethod":"OSM node","address":"2335 162 Avenue SW","sourceTags":{"name":"Sobeys","brand":"Sobeys","shop":"supermarket","opening_hours":"Mo-Su 07:00-23:00"}},"geometry":{"type":"Point","coordinates":[-114.113254,50.9052364]}},{"type":"Feature","id":"osm-node-4783689234","properties":{"name":"Get Well Medical Clinic","category":"healthcare","subcategory":"clinic","sourceId":"osm-overpass","osmType":"node","osmId":4783689234,"sourceUrl":"https://www.openstreetmap.org/node/4783689234","coordinateMethod":"OSM node","address":null,"sourceTags":{"name":"Get Well Medical Clinic","amenity":"clinic","healthcare":"clinic"}},"geometry":{"type":"Point","coordinates":[-114.0898709,50.9133705]}},{"type":"Feature","id":"osm-node-4783689235","properties":{"name":"Mac's","category":"convenience","subcategory":"convenience","sourceId":"osm-overpass","osmType":"node","osmId":4783689235,"sourceUrl":"https://www.openstreetmap.org/node/4783689235","coordinateMethod":"OSM node","address":null,"sourceTags":{"name":"Mac's","brand":"Mac's","shop":"convenience"}},"geometry":{"type":"Point","coordinates":[-114.0898954,50.9135976]}},{"type":"Feature","id":"osm-node-4784631455","properties":{"name":"Safeway","category":"groceries","subcategory":"supermarket","sourceId":"osm-overpass","osmType":"node","osmId":4784631455,"sourceUrl":"https://www.openstreetmap.org/node/4784631455","coordinateMethod":"OSM node","address":null,"sourceTags":{"name":"Safeway","brand":"Safeway","shop":"supermarket","opening_hours":"Mo-Su 08:00-23:00"}},"geometry":{"type":"Point","coordinates":[-114.156525,51.0845001]}},{"type":"Feature","id":"osm-node-4784632496","properties":{"name":"Shoppers Drug Mart","category":"healthcare","subcategory":"pharmacy","sourceId":"osm-overpass","osmType":"node","osmId":4784632496,"sourceUrl":"https://www.openstreetmap.org/node/4784632496","coordinateMethod":"OSM node","address":null,"sourceTags":{"name":"Shoppers Drug Mart","brand":"Shoppers Drug Mart","amenity":"pharmacy","healthcare":"pharmacy"}},"geometry":{"type":"Point","coordinates":[-114.1568335,51.0850702]}},{"type":"Feature","id":"osm-node-4786892736","properties":{"name":"Shoppers Drug Mart","category":"healthcare","subcategory":"pharmacy","sourceId":"osm-overpass","osmType":"node","osmId":4786892736,"sourceUrl":"https://www.openstreetmap.org/node/4786892736","coordinateMethod":"OSM node","address":null,"sourceTags":{"name":"Shoppers Drug Mart","brand":"Shoppers Drug Mart","amenity":"pharmacy","healthcare":"pharmacy"}},"geometry":{"type":"Point","coordinates":[-114.0298013,50.9297348]}},{"type":"Feature","id":"osm-node-4792141575","properties":{"name":"Deer Valley Medical Clinic","category":"healthcare","subcategory":"clinic","sourceId":"osm-overpass","osmType":"node","osmId":4792141575,"sourceUrl":"https://www.openstreetmap.org/node/4792141575","coordinateMethod":"OSM node","address":null,"sourceTags":{"name":"Deer Valley Medical Clinic","amenity":"clinic","opening_hours":"Mo-Fr 09:00-21:00; Sa-Su 10:00-17:00; PH 10:00-16:00"}},"geometry":{"type":"Point","coordinates":[-114.0294587,50.9292562]}},{"type":"Feature","id":"osm-node-4792471861","properties":{"name":"Avenida Pharmacy","category":"healthcare","subcategory":"pharmacy","sourceId":"osm-overpass","osmType":"node","osmId":4792471861,"sourceUrl":"https://www.openstreetmap.org/node/4792471861","coordinateMethod":"OSM node","address":null,"sourceTags":{"name":"Avenida Pharmacy","amenity":"pharmacy","healthcare":"pharmacy","opening_hours":"Mo-Fr 09:00-19:00; Sa 09:30-16:30"}},"geometry":{"type":"Point","coordinates":[-114.0685477,50.9417812]}},{"type":"Feature","id":"osm-node-4792471869","properties":{"name":"Eaglesmed Clinic","category":"healthcare","subcategory":"clinic","sourceId":"osm-overpass","osmType":"node","osmId":4792471869,"sourceUrl":"https://www.openstreetmap.org/node/4792471869","coordinateMethod":"OSM node","address":null,"sourceTags":{"name":"Eaglesmed Clinic","amenity":"clinic","healthcare":"clinic"}},"geometry":{"type":"Point","coordinates":[-114.0692047,50.9420516]}},{"type":"Feature","id":"osm-node-4792471879","properties":{"name":"Coleman Prosthetics & Orthotics","category":"healthcare","subcategory":"clinic","sourceId":"osm-overpass","osmType":"node","osmId":4792471879,"sourceUrl":"https://www.openstreetmap.org/node/4792471879","coordinateMethod":"OSM node","address":null,"sourceTags":{"name":"Coleman Prosthetics & Orthotics","amenity":"clinic","healthcare":"clinic","opening_hours":"Mo-Fr 08:00-16:00"}},"geometry":{"type":"Point","coordinates":[-114.0687581,50.9417021]}},{"type":"Feature","id":"osm-node-4792471880","properties":{"name":"Eaglesmed Wellness Centre","category":"healthcare","subcategory":"clinic","sourceId":"osm-overpass","osmType":"node","osmId":4792471880,"sourceUrl":"https://www.openstreetmap.org/node/4792471880","coordinateMethod":"OSM node","address":null,"sourceTags":{"name":"Eaglesmed Wellness Centre","amenity":"clinic","healthcare":"clinic"}},"geometry":{"type":"Point","coordinates":[-114.0687989,50.9423511]}},{"type":"Feature","id":"osm-node-4792471887","properties":{"name":"ADC Diagnostic Imaging","category":"healthcare","subcategory":"clinic","sourceId":"osm-overpass","osmType":"node","osmId":4792471887,"sourceUrl":"https://www.openstreetmap.org/node/4792471887","coordinateMethod":"OSM node","address":null,"sourceTags":{"name":"ADC Diagnostic Imaging","amenity":"clinic","healthcare":"clinic"}},"geometry":{"type":"Point","coordinates":[-114.0686169,50.9422841]}},{"type":"Feature","id":"osm-node-4792471888","properties":{"name":"Avenida Chiropractic & Massage","category":"healthcare","subcategory":"clinic","sourceId":"osm-overpass","osmType":"node","osmId":4792471888,"sourceUrl":"https://www.openstreetmap.org/node/4792471888","coordinateMethod":"OSM node","address":null,"sourceTags":{"name":"Avenida Chiropractic & Massage","amenity":"clinic","healthcare":"clinic","opening_hours":"Tu-Th 09:00-18:30; Fr-Sa 08:00-14:00"}},"geometry":{"type":"Point","coordinates":[-114.0684653,50.9417881]}},{"type":"Feature","id":"osm-node-4804585229","properties":{"name":"Macleod Trail Chiropractic Clinic","category":"healthcare","subcategory":"doctors","sourceId":"osm-overpass","osmType":"node","osmId":4804585229,"sourceUrl":"https://www.openstreetmap.org/node/4804585229","coordinateMethod":"OSM node","address":null,"sourceTags":{"name":"Macleod Trail Chiropractic Clinic","amenity":"doctors","healthcare":"doctor"}},"geometry":{"type":"Point","coordinates":[-114.0703954,50.9690557]}},{"type":"Feature","id":"osm-node-4804585246","properties":{"name":"Select","category":"convenience","subcategory":"convenience","sourceId":"osm-overpass","osmType":"node","osmId":4804585246,"sourceUrl":"https://www.openstreetmap.org/node/4804585246","coordinateMethod":"OSM node","address":"9420 Macleod Trail S","sourceTags":{"name":"Select","shop":"convenience","opening_hours":"Mo-Su 06:00-23:00"}},"geometry":{"type":"Point","coordinates":[-114.0706597,50.9690381]}},{"type":"Feature","id":"osm-node-4804787473","properties":{"name":"Glenmore Maternity & Family Physicians","category":"healthcare","subcategory":"clinic","sourceId":"osm-overpass","osmType":"node","osmId":4804787473,"sourceUrl":"https://www.openstreetmap.org/node/4804787473","coordinateMethod":"OSM node","address":null,"sourceTags":{"name":"Glenmore Maternity & Family Physicians","amenity":"clinic","healthcare":"clinic"}},"geometry":{"type":"Point","coordinates":[-114.099073,50.9739877]}},{"type":"Feature","id":"osm-node-4804787476","properties":{"name":"I.D.A.","category":"healthcare","subcategory":"pharmacy","sourceId":"osm-overpass","osmType":"node","osmId":4804787476,"sourceUrl":"https://www.openstreetmap.org/node/4804787476","coordinateMethod":"OSM node","address":null,"sourceTags":{"name":"I.D.A.","brand":"I.D.A.","amenity":"pharmacy","healthcare":"pharmacy","opening_hours":"Mo-Fr 09:00-18:00; Sa 09:00-17:00; Su 11:00-15:00"}},"geometry":{"type":"Point","coordinates":[-114.0984632,50.9732256]}},{"type":"Feature","id":"osm-node-4808065164","properties":{"name":"Guardian","category":"healthcare","subcategory":"pharmacy","sourceId":"osm-overpass","osmType":"node","osmId":4808065164,"sourceUrl":"https://www.openstreetmap.org/node/4808065164","coordinateMethod":"OSM node","address":"635 Shawcliffe Gate SW","sourceTags":{"name":"Guardian","brand":"Guardian","amenity":"pharmacy","healthcare":"pharmacy","opening_hours":"Mo-Fr 09:00-18:00; Sa 10:00-16:00; Su off"}},"geometry":{"type":"Point","coordinates":[-114.074783,50.9112166]}},{"type":"Feature","id":"osm-node-4808065167","properties":{"name":"Fivecees Walk-in & Family Medical Centre","category":"healthcare","subcategory":"clinic","sourceId":"osm-overpass","osmType":"node","osmId":4808065167,"sourceUrl":"https://www.openstreetmap.org/node/4808065167","coordinateMethod":"OSM node","address":"635 Shawcliffe Gate SW","sourceTags":{"name":"Fivecees Walk-in & Family Medical Centre","amenity":"clinic","healthcare":"clinic","healthcare:speciality":"family_medicine","opening_hours":"Mo-Fr 09:00-18:00, Sa 10:00-16:00, Su closed"}},"geometry":{"type":"Point","coordinates":[-114.0747241,50.9112246]}},{"type":"Feature","id":"osm-node-4812007605","properties":{"name":"White Rooster","category":"convenience","subcategory":"convenience","sourceId":"osm-overpass","osmType":"node","osmId":4812007605,"sourceUrl":"https://www.openstreetmap.org/node/4812007605","coordinateMethod":"OSM node","address":"4440 44 Avenue NE","sourceTags":{"name":"White Rooster","shop":"convenience"}},"geometry":{"type":"Point","coordinates":[-113.9667641,51.0927741]}},{"type":"Feature","id":"osm-node-4812007606","properties":{"name":"Protea Medical Clinic","category":"healthcare","subcategory":"doctors","sourceId":"osm-overpass","osmType":"node","osmId":4812007606,"sourceUrl":"https://www.openstreetmap.org/node/4812007606","coordinateMethod":"OSM node","address":"4440 44 Avenue NE","sourceTags":{"name":"Protea Medical Clinic","amenity":"doctors"}},"geometry":{"type":"Point","coordinates":[-113.9661818,51.0927837]}},{"type":"Feature","id":"osm-node-4812007607","properties":{"name":"Health Select Pharmacy","category":"healthcare","subcategory":"pharmacy","sourceId":"osm-overpass","osmType":"node","osmId":4812007607,"sourceUrl":"https://www.openstreetmap.org/node/4812007607","coordinateMethod":"OSM node","address":"4440 44 Avenue NE","sourceTags":{"name":"Health Select Pharmacy","amenity":"pharmacy"}},"geometry":{"type":"Point","coordinates":[-113.9662157,51.0927566]}},{"type":"Feature","id":"osm-node-4812776679","properties":{"name":"Circle K","category":"convenience","subcategory":"convenience","sourceId":"osm-overpass","osmType":"node","osmId":4812776679,"sourceUrl":"https://www.openstreetmap.org/node/4812776679","coordinateMethod":"OSM node","address":"2439 54 Avenue SW","sourceTags":{"name":"Circle K","brand":"Circle K","shop":"convenience","opening_hours":"00:00-24:00"}},"geometry":{"type":"Point","coordinates":[-114.1167789,51.0047806]}},{"type":"Feature","id":"osm-node-4818289533","properties":{"name":"South West Massage + Wellness Centre","category":"healthcare","subcategory":"clinic","sourceId":"osm-overpass","osmType":"node","osmId":4818289533,"sourceUrl":"https://www.openstreetmap.org/node/4818289533","coordinateMethod":"OSM node","address":null,"sourceTags":{"name":"South West Massage + Wellness Centre","amenity":"clinic","healthcare":"clinic"}},"geometry":{"type":"Point","coordinates":[-114.0642218,50.9154121]}},{"type":"Feature","id":"osm-node-4818289548","properties":{"name":"Agape African Store","category":"convenience","subcategory":"convenience","sourceId":"osm-overpass","osmType":"node","osmId":4818289548,"sourceUrl":"https://www.openstreetmap.org/node/4818289548","coordinateMethod":"OSM node","address":null,"sourceTags":{"name":"Agape African Store","shop":"convenience"}},"geometry":{"type":"Point","coordinates":[-114.0649893,50.9152203]}},{"type":"Feature","id":"osm-node-4818289549","properties":{"name":"Tatak Pinky Food Store","category":"convenience","subcategory":"convenience","sourceId":"osm-overpass","osmType":"node","osmId":4818289549,"sourceUrl":"https://www.openstreetmap.org/node/4818289549","coordinateMethod":"OSM node","address":null,"sourceTags":{"name":"Tatak Pinky Food Store","shop":"convenience"}},"geometry":{"type":"Point","coordinates":[-114.0634927,50.9151084]}},{"type":"Feature","id":"osm-node-4818671201","properties":{"name":"AvantSleep","category":"healthcare","subcategory":"clinic","sourceId":"osm-overpass","osmType":"node","osmId":4818671201,"sourceUrl":"https://www.openstreetmap.org/node/4818671201","coordinateMethod":"OSM node","address":null,"sourceTags":{"name":"AvantSleep","amenity":"clinic","healthcare":"clinic"}},"geometry":{"type":"Point","coordinates":[-114.0724591,51.0021048]}},{"type":"Feature","id":"osm-node-4818671204","properties":{"name":"Natural Health Services","category":"healthcare","subcategory":"clinic","sourceId":"osm-overpass","osmType":"node","osmId":4818671204,"sourceUrl":"https://www.openstreetmap.org/node/4818671204","coordinateMethod":"OSM node","address":null,"sourceTags":{"name":"Natural Health Services","amenity":"clinic","healthcare":"clinic"}},"geometry":{"type":"Point","coordinates":[-114.0724658,51.0021863]}},{"type":"Feature","id":"osm-node-4823345025","properties":{"name":"Acadia Food Mart","category":"convenience","subcategory":"convenience","sourceId":"osm-overpass","osmType":"node","osmId":4823345025,"sourceUrl":"https://www.openstreetmap.org/node/4823345025","coordinateMethod":"OSM node","address":null,"sourceTags":{"name":"Acadia Food Mart","shop":"convenience"}},"geometry":{"type":"Point","coordinates":[-114.0479986,50.9695558]}},{"type":"Feature","id":"osm-node-4831539894","properties":{"name":null,"category":"healthcare","subcategory":"clinic","sourceId":"osm-overpass","osmType":"node","osmId":4831539894,"sourceUrl":"https://www.openstreetmap.org/node/4831539894","coordinateMethod":"OSM node","address":null,"sourceTags":{"amenity":"clinic","healthcare":"clinic"}},"geometry":{"type":"Point","coordinates":[-114.063127,51.1074458]}},{"type":"Feature","id":"osm-node-4831757563","properties":{"name":"Mayers Counselling & Psychological Services","category":"healthcare","subcategory":"clinic","sourceId":"osm-overpass","osmType":"node","osmId":4831757563,"sourceUrl":"https://www.openstreetmap.org/node/4831757563","coordinateMethod":"OSM node","address":null,"sourceTags":{"name":"Mayers Counselling & Psychological Services","amenity":"clinic","healthcare":"clinic"}},"geometry":{"type":"Point","coordinates":[-114.082284,50.985248]}},{"type":"Feature","id":"osm-node-4831757573","properties":{"name":"Kingswood Medical Centre","category":"healthcare","subcategory":"clinic","sourceId":"osm-overpass","osmType":"node","osmId":4831757573,"sourceUrl":"https://www.openstreetmap.org/node/4831757573","coordinateMethod":"OSM node","address":null,"sourceTags":{"name":"Kingswood Medical Centre","amenity":"clinic","healthcare":"clinic","opening_hours":"Mo-Fr 08:30-17:00; Sa 09:00-14:00"}},"geometry":{"type":"Point","coordinates":[-114.082366,50.9851321]}},{"type":"Feature","id":"osm-node-4831757575","properties":{"name":"Elbow Retina Centre","category":"healthcare","subcategory":"clinic","sourceId":"osm-overpass","osmType":"node","osmId":4831757575,"sourceUrl":"https://www.openstreetmap.org/node/4831757575","coordinateMethod":"OSM node","address":null,"sourceTags":{"name":"Elbow Retina Centre","amenity":"clinic","healthcare":"clinic"}},"geometry":{"type":"Point","coordinates":[-114.082646,50.9842655]}},{"type":"Feature","id":"osm-node-4833610972","properties":{"name":"Select","category":"convenience","subcategory":"convenience","sourceId":"osm-overpass","osmType":"node","osmId":4833610972,"sourceUrl":"https://www.openstreetmap.org/node/4833610972","coordinateMethod":"OSM node","address":"8247 Elbow Drive SW","sourceTags":{"name":"Select","shop":"convenience"}},"geometry":{"type":"Point","coordinates":[-114.0837342,50.980034]}},{"type":"Feature","id":"osm-node-4833618668","properties":{"name":"Husky","category":"convenience","subcategory":"convenience","sourceId":"osm-overpass","osmType":"node","osmId":4833618668,"sourceUrl":"https://www.openstreetmap.org/node/4833618668","coordinateMethod":"OSM node","address":null,"sourceTags":{"name":"Husky","brand":"Husky","shop":"convenience"}},"geometry":{"type":"Point","coordinates":[-114.084543,50.9389121]}},{"type":"Feature","id":"osm-node-4833618674","properties":{"name":"JJ Traditional Chinese Medicine & Acupunture Clinic Inc.","category":"healthcare","subcategory":"clinic","sourceId":"osm-overpass","osmType":"node","osmId":4833618674,"sourceUrl":"https://www.openstreetmap.org/node/4833618674","coordinateMethod":"OSM node","address":null,"sourceTags":{"name":"JJ Traditional Chinese Medicine & Acupunture Clinic Inc.","amenity":"clinic","healthcare":"clinic"}},"geometry":{"type":"Point","coordinates":[-114.083439,50.9387113]}},{"type":"Feature","id":"osm-node-4835543986","properties":{"name":"Cadenza Hypnotherapy Centre","category":"healthcare","subcategory":"clinic","sourceId":"osm-overpass","osmType":"node","osmId":4835543986,"sourceUrl":"https://www.openstreetmap.org/node/4835543986","coordinateMethod":"OSM node","address":null,"sourceTags":{"name":"Cadenza Hypnotherapy Centre","amenity":"clinic"}},"geometry":{"type":"Point","coordinates":[-114.0825525,50.9791031]}},{"type":"Feature","id":"osm-node-4835763547","properties":{"name":"Mac's","category":"convenience","subcategory":"convenience","sourceId":"osm-overpass","osmType":"node","osmId":4835763547,"sourceUrl":"https://www.openstreetmap.org/node/4835763547","coordinateMethod":"OSM node","address":null,"sourceTags":{"name":"Mac's","brand":"Mac's","shop":"convenience"}},"geometry":{"type":"Point","coordinates":[-114.080119,50.9368043]}},{"type":"Feature","id":"osm-node-4844715165","properties":{"name":"Husky Market","category":"convenience","subcategory":"convenience","sourceId":"osm-overpass","osmType":"node","osmId":4844715165,"sourceUrl":"https://www.openstreetmap.org/node/4844715165","coordinateMethod":"OSM node","address":null,"sourceTags":{"name":"Husky Market","shop":"convenience"}},"geometry":{"type":"Point","coordinates":[-114.0488552,50.9061594]}},{"type":"Feature","id":"osm-node-4844715173","properties":{"name":"Sundance Chiro","category":"healthcare","subcategory":"clinic","sourceId":"osm-overpass","osmType":"node","osmId":4844715173,"sourceUrl":"https://www.openstreetmap.org/node/4844715173","coordinateMethod":"OSM node","address":null,"sourceTags":{"name":"Sundance Chiro","amenity":"clinic"}},"geometry":{"type":"Point","coordinates":[-114.0481385,50.9055712]}},{"type":"Feature","id":"osm-node-4848178929","properties":{"name":"Vitality Drugs","category":"healthcare","subcategory":"pharmacy","sourceId":"osm-overpass","osmType":"node","osmId":4848178929,"sourceUrl":"https://www.openstreetmap.org/node/4848178929","coordinateMethod":"OSM node","address":null,"sourceTags":{"name":"Vitality Drugs","amenity":"pharmacy","healthcare":"pharmacy"}},"geometry":{"type":"Point","coordinates":[-114.064512,50.9312153]}},{"type":"Feature","id":"osm-node-4848178935","properties":{"name":"Fish Creek Naturopathic Medicine","category":"healthcare","subcategory":"clinic","sourceId":"osm-overpass","osmType":"node","osmId":4848178935,"sourceUrl":"https://www.openstreetmap.org/node/4848178935","coordinateMethod":"OSM node","address":null,"sourceTags":{"name":"Fish Creek Naturopathic Medicine","amenity":"clinic","healthcare":"clinic"}},"geometry":{"type":"Point","coordinates":[-114.064324,50.9312369]}},{"type":"Feature","id":"osm-node-4848178938","properties":{"name":"Fish Creek Chiropractic","category":"healthcare","subcategory":"clinic","sourceId":"osm-overpass","osmType":"node","osmId":4848178938,"sourceUrl":"https://www.openstreetmap.org/node/4848178938","coordinateMethod":"OSM node","address":null,"sourceTags":{"name":"Fish Creek Chiropractic","amenity":"clinic","healthcare":"clinic"}},"geometry":{"type":"Point","coordinates":[-114.06366,50.9311416]}},{"type":"Feature","id":"osm-node-4850298931","properties":{"name":"Brennan & Associates","category":"healthcare","subcategory":"clinic","sourceId":"osm-overpass","osmType":"node","osmId":4850298931,"sourceUrl":"https://www.openstreetmap.org/node/4850298931","coordinateMethod":"OSM node","address":null,"sourceTags":{"name":"Brennan & Associates","amenity":"clinic","opening_hours":"Mo-Fr 08:00-17:00"}},"geometry":{"type":"Point","coordinates":[-114.0465605,51.0106256]}},{"type":"Feature","id":"osm-node-4854477637","properties":{"name":"7-Eleven","category":"convenience","subcategory":"convenience","sourceId":"osm-overpass","osmType":"node","osmId":4854477637,"sourceUrl":"https://www.openstreetmap.org/node/4854477637","coordinateMethod":"OSM node","address":null,"sourceTags":{"name":"7-Eleven","brand":"7-Eleven","shop":"convenience"}},"geometry":{"type":"Point","coordinates":[-114.1241474,50.9209631]}},{"type":"Feature","id":"osm-node-4876837144","properties":{"name":"Circle K","category":"convenience","subcategory":"convenience","sourceId":"osm-overpass","osmType":"node","osmId":4876837144,"sourceUrl":"https://www.openstreetmap.org/node/4876837144","coordinateMethod":"OSM node","address":null,"sourceTags":{"name":"Circle K","brand":"Circle K","shop":"convenience"}},"geometry":{"type":"Point","coordinates":[-113.8416163,51.0290419]}},{"type":"Feature","id":"osm-node-4878834120","properties":{"name":"Mac's","category":"convenience","subcategory":"convenience","sourceId":"osm-overpass","osmType":"node","osmId":4878834120,"sourceUrl":"https://www.openstreetmap.org/node/4878834120","coordinateMethod":"OSM node","address":"1264 68 Street SE","sourceTags":{"name":"Mac's","brand":"Circle K","shop":"convenience"}},"geometry":{"type":"Point","coordinates":[-113.9343301,51.0430955]}},{"type":"Feature","id":"osm-node-4879656221","properties":{"name":"7-Eleven","category":"convenience","subcategory":"convenience","sourceId":"osm-overpass","osmType":"node","osmId":4879656221,"sourceUrl":"https://www.openstreetmap.org/node/4879656221","coordinateMethod":"OSM node","address":"402 20 Avenue NE","sourceTags":{"name":"7-Eleven","brand":"7-Eleven","shop":"convenience","opening_hours":"24/7"}},"geometry":{"type":"Point","coordinates":[-114.0558616,51.0709843]}},{"type":"Feature","id":"osm-node-4880480580","properties":{"name":"Handee Food Store","category":"convenience","subcategory":"convenience","sourceId":"osm-overpass","osmType":"node","osmId":4880480580,"sourceUrl":"https://www.openstreetmap.org/node/4880480580","coordinateMethod":"OSM node","address":"840 9 Street SW","sourceTags":{"name":"Handee Food Store","shop":"convenience"}},"geometry":{"type":"Point","coordinates":[-114.0835307,51.0455546]}},{"type":"Feature","id":"osm-node-4888262824","properties":{"name":"The Acupunture & Health Group","category":"healthcare","subcategory":"clinic","sourceId":"osm-overpass","osmType":"node","osmId":4888262824,"sourceUrl":"https://www.openstreetmap.org/node/4888262824","coordinateMethod":"OSM node","address":null,"sourceTags":{"name":"The Acupunture & Health Group","amenity":"clinic","healthcare":"clinic"}},"geometry":{"type":"Point","coordinates":[-114.062855,50.9418585]}},{"type":"Feature","id":"osm-node-4888262834","properties":{"name":null,"category":"healthcare","subcategory":"clinic","sourceId":"osm-overpass","osmType":"node","osmId":4888262834,"sourceUrl":"https://www.openstreetmap.org/node/4888262834","coordinateMethod":"OSM node","address":null,"sourceTags":{"amenity":"clinic","healthcare":"clinic","opening_hours":"Mo-Fr 09:00-16:00"}},"geometry":{"type":"Point","coordinates":[-114.062977,50.9418061]}},{"type":"Feature","id":"osm-node-4890466555","properties":{"name":"Medicentres","category":"healthcare","subcategory":"clinic","sourceId":"osm-overpass","osmType":"node","osmId":4890466555,"sourceUrl":"https://www.openstreetmap.org/node/4890466555","coordinateMethod":"OSM node","address":null,"sourceTags":{"name":"Medicentres","amenity":"clinic","healthcare":"clinic"}},"geometry":{"type":"Point","coordinates":[-113.971544,50.9293429]}},{"type":"Feature","id":"osm-node-4890466563","properties":{"name":"South Trail Chiropratic","category":"healthcare","subcategory":"clinic","sourceId":"osm-overpass","osmType":"node","osmId":4890466563,"sourceUrl":"https://www.openstreetmap.org/node/4890466563","coordinateMethod":"OSM node","address":null,"sourceTags":{"name":"South Trail Chiropratic","amenity":"clinic","healthcare":"clinic","healthcare:speciality":"chiropractic"}},"geometry":{"type":"Point","coordinates":[-113.9717339,50.9300347]}},{"type":"Feature","id":"osm-node-4890466570","properties":{"name":"South Trail Pharmacy","category":"healthcare","subcategory":"pharmacy","sourceId":"osm-overpass","osmType":"node","osmId":4890466570,"sourceUrl":"https://www.openstreetmap.org/node/4890466570","coordinateMethod":"OSM node","address":null,"sourceTags":{"name":"South Trail Pharmacy","amenity":"pharmacy","healthcare":"pharmacy"}},"geometry":{"type":"Point","coordinates":[-113.971654,50.9293432]}},{"type":"Feature","id":"osm-node-4890466578","properties":{"name":"Dream Sleep Respitory","category":"healthcare","subcategory":"clinic","sourceId":"osm-overpass","osmType":"node","osmId":4890466578,"sourceUrl":"https://www.openstreetmap.org/node/4890466578","coordinateMethod":"OSM node","address":null,"sourceTags":{"name":"Dream Sleep Respitory","amenity":"clinic","healthcare":"clinic"}},"geometry":{"type":"Point","coordinates":[-113.971661,50.9300834]}},{"type":"Feature","id":"osm-node-4890466581","properties":{"name":"ENTplus","category":"healthcare","subcategory":"clinic","sourceId":"osm-overpass","osmType":"node","osmId":4890466581,"sourceUrl":"https://www.openstreetmap.org/node/4890466581","coordinateMethod":"OSM node","address":null,"sourceTags":{"name":"ENTplus","amenity":"clinic","healthcare":"clinic"}},"geometry":{"type":"Point","coordinates":[-113.9720597,50.929978]}},{"type":"Feature","id":"osm-node-4893709995","properties":{"name":"Circle K","category":"convenience","subcategory":"convenience","sourceId":"osm-overpass","osmType":"node","osmId":4893709995,"sourceUrl":"https://www.openstreetmap.org/node/4893709995","coordinateMethod":"OSM node","address":"1919 Sirocco Drive SW","sourceTags":{"name":"Circle K","brand":"Circle K","shop":"convenience"}},"geometry":{"type":"Point","coordinates":[-114.1667866,51.0357231]}},{"type":"Feature","id":"osm-node-4893710004","properties":{"name":"Westside Medical Clinic","category":"healthcare","subcategory":"doctors","sourceId":"osm-overpass","osmType":"node","osmId":4893710004,"sourceUrl":"https://www.openstreetmap.org/node/4893710004","coordinateMethod":"OSM node","address":"1919 Sirocco Drive SW","sourceTags":{"name":"Westside Medical Clinic","amenity":"doctors","healthcare":"doctor"}},"geometry":{"type":"Point","coordinates":[-114.165998,51.0361514]}},{"type":"Feature","id":"osm-node-4893728134","properties":{"name":"PharmaChoice","category":"healthcare","subcategory":"pharmacy","sourceId":"osm-overpass","osmType":"node","osmId":4893728134,"sourceUrl":"https://www.openstreetmap.org/node/4893728134","coordinateMethod":"OSM node","address":"509-1851 Sirocco Drive SW","sourceTags":{"name":"PharmaChoice","brand":"PharmaChoice","amenity":"pharmacy","healthcare":"pharmacy"}},"geometry":{"type":"Point","coordinates":[-114.167751,51.0366026]}},{"type":"Feature","id":"osm-node-4894347569","properties":{"name":"MCI The Doctor's Office","category":"healthcare","subcategory":"clinic","sourceId":"osm-overpass","osmType":"node","osmId":4894347569,"sourceUrl":"https://www.openstreetmap.org/node/4894347569","coordinateMethod":"OSM node","address":null,"sourceTags":{"name":"MCI The Doctor's Office","amenity":"clinic","healthcare":"clinic"}},"geometry":{"type":"Point","coordinates":[-113.9672907,50.9311667]}},{"type":"Feature","id":"osm-node-4902508294","properties":{"name":"McKenzie Wellness Centre","category":"healthcare","subcategory":"clinic","sourceId":"osm-overpass","osmType":"node","osmId":4902508294,"sourceUrl":"https://www.openstreetmap.org/node/4902508294","coordinateMethod":"OSM node","address":null,"sourceTags":{"name":"McKenzie Wellness Centre","amenity":"clinic","healthcare":"clinic","opening_hours":"Mo-Fr 09:00-18:30"}},"geometry":{"type":"Point","coordinates":[-113.9690253,50.9329459]}},{"type":"Feature","id":"osm-node-4902542040","properties":{"name":"Pureform Diagnostic Imaging Clinics","category":"healthcare","subcategory":"clinic","sourceId":"osm-overpass","osmType":"node","osmId":4902542040,"sourceUrl":"https://www.openstreetmap.org/node/4902542040","coordinateMethod":"OSM node","address":null,"sourceTags":{"name":"Pureform Diagnostic Imaging Clinics","amenity":"clinic","healthcare":"clinic"}},"geometry":{"type":"Point","coordinates":[-113.9644164,50.9331183]}},{"type":"Feature","id":"osm-node-4902542041","properties":{"name":"Lina's Italian Supermercato","category":"groceries","subcategory":"supermarket","sourceId":"osm-overpass","osmType":"node","osmId":4902542041,"sourceUrl":"https://www.openstreetmap.org/node/4902542041","coordinateMethod":"OSM node","address":"4916 130 Avenue SE","sourceTags":{"name":"Lina's Italian Supermercato","shop":"supermarket","opening_hours":"09:00-19:00"}},"geometry":{"type":"Point","coordinates":[-113.964589,50.9343241]}},{"type":"Feature","id":"osm-node-4908203504","properties":{"name":"Husky","category":"convenience","subcategory":"convenience","sourceId":"osm-overpass","osmType":"node","osmId":4908203504,"sourceUrl":"https://www.openstreetmap.org/node/4908203504","coordinateMethod":"OSM node","address":"3819 17 Avenue SE","sourceTags":{"name":"Husky","brand":"Husky","shop":"convenience","opening_hours":"Mo-Su 06:00-23:00"}},"geometry":{"type":"Point","coordinates":[-113.9791604,51.037455]}},{"type":"Feature","id":"osm-node-4913454475","properties":{"name":"Douglas Square Medical Clinic","category":"healthcare","subcategory":"clinic","sourceId":"osm-overpass","osmType":"node","osmId":4913454475,"sourceUrl":"https://www.openstreetmap.org/node/4913454475","coordinateMethod":"OSM node","address":null,"sourceTags":{"name":"Douglas Square Medical Clinic","amenity":"clinic","healthcare":"clinic","opening_hours":"Mo-Th 07:00-16:00; Fr 08:00-12:00"}},"geometry":{"type":"Point","coordinates":[-114.000352,50.951472]}},{"type":"Feature","id":"osm-node-4913454478","properties":{"name":"Rexall","category":"healthcare","subcategory":"pharmacy","sourceId":"osm-overpass","osmType":"node","osmId":4913454478,"sourceUrl":"https://www.openstreetmap.org/node/4913454478","coordinateMethod":"OSM node","address":null,"sourceTags":{"name":"Rexall","brand":"Rexall","amenity":"pharmacy","healthcare":"pharmacy"}},"geometry":{"type":"Point","coordinates":[-114.000585,50.9512914]}},{"type":"Feature","id":"osm-node-4927315577","properties":{"name":"The Natural Flow To Health","category":"healthcare","subcategory":"clinic","sourceId":"osm-overpass","osmType":"node","osmId":4927315577,"sourceUrl":"https://www.openstreetmap.org/node/4927315577","coordinateMethod":"OSM node","address":null,"sourceTags":{"name":"The Natural Flow To Health","amenity":"clinic"}},"geometry":{"type":"Point","coordinates":[-113.9990519,50.954172]}},{"type":"Feature","id":"osm-node-4927315582","properties":{"name":"7-Eleven","category":"convenience","subcategory":"convenience","sourceId":"osm-overpass","osmType":"node","osmId":4927315582,"sourceUrl":"https://www.openstreetmap.org/node/4927315582","coordinateMethod":"OSM node","address":null,"sourceTags":{"name":"7-Eleven","brand":"7-Eleven","shop":"convenience"}},"geometry":{"type":"Point","coordinates":[-113.9998406,50.9538862]}},{"type":"Feature","id":"osm-node-4931462954","properties":{"name":"Glamorgan Medical Clinic & Pharmacy","category":"healthcare","subcategory":"clinic","sourceId":"osm-overpass","osmType":"node","osmId":4931462954,"sourceUrl":"https://www.openstreetmap.org/node/4931462954","coordinateMethod":"OSM node","address":null,"sourceTags":{"name":"Glamorgan Medical Clinic & Pharmacy","amenity":"clinic","healthcare":"clinic","opening_hours":"Mo-Fr 10:00-19:00; Sa 10:00-17:00; Su off"}},"geometry":{"type":"Point","coordinates":[-114.1432131,51.0206801]}},{"type":"Feature","id":"osm-node-4931462959","properties":{"name":"7-Eleven","category":"convenience","subcategory":"convenience","sourceId":"osm-overpass","osmType":"node","osmId":4931462959,"sourceUrl":"https://www.openstreetmap.org/node/4931462959","coordinateMethod":"OSM node","address":null,"sourceTags":{"name":"7-Eleven","brand":"7-Eleven","shop":"convenience"}},"geometry":{"type":"Point","coordinates":[-114.1403967,51.0222798]}},{"type":"Feature","id":"osm-node-4931688084","properties":{"name":"7-Eleven","category":"convenience","subcategory":"convenience","sourceId":"osm-overpass","osmType":"node","osmId":4931688084,"sourceUrl":"https://www.openstreetmap.org/node/4931688084","coordinateMethod":"OSM node","address":null,"sourceTags":{"name":"7-Eleven","brand":"7-Eleven","shop":"convenience"}},"geometry":{"type":"Point","coordinates":[-114.0629372,50.9149808]}},{"type":"Feature","id":"osm-node-4931688096","properties":{"name":"Wonderful Food Store","category":"convenience","subcategory":"convenience","sourceId":"osm-overpass","osmType":"node","osmId":4931688096,"sourceUrl":"https://www.openstreetmap.org/node/4931688096","coordinateMethod":"OSM node","address":null,"sourceTags":{"name":"Wonderful Food Store","shop":"convenience"}},"geometry":{"type":"Point","coordinates":[-114.0646938,50.9147645]}},{"type":"Feature","id":"osm-node-4934612907","properties":{"name":"Doctor for Moms","category":"healthcare","subcategory":"doctors","sourceId":"osm-overpass","osmType":"node","osmId":4934612907,"sourceUrl":"https://www.openstreetmap.org/node/4934612907","coordinateMethod":"OSM node","address":null,"sourceTags":{"name":"Doctor for Moms","amenity":"doctors","healthcare":"doctor","check_date":"2026-03-25"}},"geometry":{"type":"Point","coordinates":[-114.128876,51.0867083]}},{"type":"Feature","id":"osm-node-4937492427","properties":{"name":"Bella Food Store","category":"convenience","subcategory":"convenience","sourceId":"osm-overpass","osmType":"node","osmId":4937492427,"sourceUrl":"https://www.openstreetmap.org/node/4937492427","coordinateMethod":"OSM node","address":null,"sourceTags":{"name":"Bella Food Store","shop":"convenience"}},"geometry":{"type":"Point","coordinates":[-113.9982981,50.9870764]}},{"type":"Feature","id":"osm-node-4940495421","properties":{"name":"Wellpoint Health","category":"healthcare","subcategory":"clinic","sourceId":"osm-overpass","osmType":"node","osmId":4940495421,"sourceUrl":"https://www.openstreetmap.org/node/4940495421","coordinateMethod":"OSM node","address":null,"sourceTags":{"name":"Wellpoint Health","amenity":"clinic","healthcare":"clinic"}},"geometry":{"type":"Point","coordinates":[-113.979521,50.9995595]}},{"type":"Feature","id":"osm-node-4940495423","properties":{"name":"Foothills Foods","category":"convenience","subcategory":"convenience","sourceId":"osm-overpass","osmType":"node","osmId":4940495423,"sourceUrl":"https://www.openstreetmap.org/node/4940495423","coordinateMethod":"OSM node","address":"3716 61 Avenue SE","sourceTags":{"name":"Foothills Foods","shop":"convenience"}},"geometry":{"type":"Point","coordinates":[-113.9801915,50.9998393]}},{"type":"Feature","id":"osm-node-4947803141","properties":{"name":"Circle K","category":"convenience","subcategory":"convenience","sourceId":"osm-overpass","osmType":"node","osmId":4947803141,"sourceUrl":"https://www.openstreetmap.org/node/4947803141","coordinateMethod":"OSM node","address":"1202 17 Avenue SW","sourceTags":{"name":"Circle K","brand":"Circle K","shop":"convenience","opening_hours":"24/7"}},"geometry":{"type":"Point","coordinates":[-114.0894569,51.0381053]}},{"type":"Feature","id":"osm-node-4951391824","properties":{"name":"Calgary Women's Imaging Centre","category":"healthcare","subcategory":"clinic","sourceId":"osm-overpass","osmType":"node","osmId":4951391824,"sourceUrl":"https://www.openstreetmap.org/node/4951391824","coordinateMethod":"OSM node","address":null,"sourceTags":{"name":"Calgary Women's Imaging Centre","amenity":"clinic","healthcare":"clinic"}},"geometry":{"type":"Point","coordinates":[-114.1308754,51.0069521]}},{"type":"Feature","id":"osm-node-4951391834","properties":{"name":"Grassroots Naturopathic Medicine","category":"healthcare","subcategory":"clinic","sourceId":"osm-overpass","osmType":"node","osmId":4951391834,"sourceUrl":"https://www.openstreetmap.org/node/4951391834","coordinateMethod":"OSM node","address":null,"sourceTags":{"name":"Grassroots Naturopathic Medicine","amenity":"clinic","healthcare":"clinic"}},"geometry":{"type":"Point","coordinates":[-114.1300742,51.0069385]}},{"type":"Feature","id":"osm-node-4951391837","properties":{"name":"Dr. George D. Hamilton","category":"healthcare","subcategory":"doctors","sourceId":"osm-overpass","osmType":"node","osmId":4951391837,"sourceUrl":"https://www.openstreetmap.org/node/4951391837","coordinateMethod":"OSM node","address":null,"sourceTags":{"name":"Dr. George D. Hamilton","amenity":"doctors","healthcare":"doctor"}},"geometry":{"type":"Point","coordinates":[-114.1299544,51.0064609]}},{"type":"Feature","id":"osm-node-4951440778","properties":{"name":"CarryHealth Compunding","category":"healthcare","subcategory":"clinic","sourceId":"osm-overpass","osmType":"node","osmId":4951440778,"sourceUrl":"https://www.openstreetmap.org/node/4951440778","coordinateMethod":"OSM node","address":"4604 37 Street SW","sourceTags":{"name":"CarryHealth Compunding","amenity":"clinic","healthcare":"clinic","opening_hours":"Mo-Fr 09:00-19:00; Sa 10:00-17:00; Su off"}},"geometry":{"type":"Point","coordinates":[-114.1400611,51.0130537]}},{"type":"Feature","id":"osm-node-4951819144","properties":{"name":"Prompt Care Medical Centre","category":"healthcare","subcategory":"clinic","sourceId":"osm-overpass","osmType":"node","osmId":4951819144,"sourceUrl":"https://www.openstreetmap.org/node/4951819144","coordinateMethod":"OSM node","address":null,"sourceTags":{"name":"Prompt Care Medical Centre","amenity":"clinic","healthcare":"clinic"}},"geometry":{"type":"Point","coordinates":[-114.0636454,50.9138098]}},{"type":"Feature","id":"osm-node-4951819147","properties":{"name":"CBI Health Centre","category":"healthcare","subcategory":"clinic","sourceId":"osm-overpass","osmType":"node","osmId":4951819147,"sourceUrl":"https://www.openstreetmap.org/node/4951819147","coordinateMethod":"OSM node","address":null,"sourceTags":{"name":"CBI Health Centre","amenity":"clinic","healthcare":"clinic"}},"geometry":{"type":"Point","coordinates":[-114.0626924,50.9141186]}},{"type":"Feature","id":"osm-node-4951819162","properties":{"name":"I.D.A.","category":"healthcare","subcategory":"pharmacy","sourceId":"osm-overpass","osmType":"node","osmId":4951819162,"sourceUrl":"https://www.openstreetmap.org/node/4951819162","coordinateMethod":"OSM node","address":null,"sourceTags":{"name":"I.D.A.","brand":"I.D.A.","amenity":"pharmacy","healthcare":"pharmacy"}},"geometry":{"type":"Point","coordinates":[-114.063569,50.9138355]}},{"type":"Feature","id":"osm-node-4990633121","properties":{"name":"Safeway Woodbine","category":"groceries","subcategory":"supermarket","sourceId":"osm-overpass","osmType":"node","osmId":4990633121,"sourceUrl":"https://www.openstreetmap.org/node/4990633121","coordinateMethod":"OSM node","address":"2525 Woodview Drive SW","sourceTags":{"name":"Safeway Woodbine","shop":"supermarket","opening_hours":"Mo-Su 08:00-23:00"}},"geometry":{"type":"Point","coordinates":[-114.1190648,50.9404387]}},{"type":"Feature","id":"osm-node-4990943827","properties":{"name":"Medicentre","category":"healthcare","subcategory":"clinic","sourceId":"osm-overpass","osmType":"node","osmId":4990943827,"sourceUrl":"https://www.openstreetmap.org/node/4990943827","coordinateMethod":"OSM node","address":null,"sourceTags":{"name":"Medicentre","amenity":"clinic","healthcare":"clinic"}},"geometry":{"type":"Point","coordinates":[-114.1686697,51.0143356]}},{"type":"Feature","id":"osm-node-4990943846","properties":{"name":"Canada Diagnostics Centres","category":"healthcare","subcategory":"clinic","sourceId":"osm-overpass","osmType":"node","osmId":4990943846,"sourceUrl":"https://www.openstreetmap.org/node/4990943846","coordinateMethod":"OSM node","address":null,"sourceTags":{"name":"Canada Diagnostics Centres","amenity":"clinic","healthcare":"clinic"}},"geometry":{"type":"Point","coordinates":[-114.1682499,51.0144515]}},{"type":"Feature","id":"osm-node-5031183073","properties":{"name":"Queensland Medical Clinic","category":"healthcare","subcategory":"doctors","sourceId":"osm-overpass","osmType":"node","osmId":5031183073,"sourceUrl":"https://www.openstreetmap.org/node/5031183073","coordinateMethod":"OSM node","address":"950 Queensland Drive SE","sourceTags":{"name":"Queensland Medical Clinic","amenity":"doctors","healthcare":"doctor","healthcare:speciality":"general","opening_hours":"Mo-Fr 09:00-18:00; Sa 10:00-16:00"}},"geometry":{"type":"Point","coordinates":[-114.0173846,50.9332472]}},{"type":"Feature","id":"osm-node-5049765531","properties":{"name":"The Medicine Shoppe","category":"healthcare","subcategory":"pharmacy","sourceId":"osm-overpass","osmType":"node","osmId":5049765531,"sourceUrl":"https://www.openstreetmap.org/node/5049765531","coordinateMethod":"OSM node","address":"2439 54 Avenue SW","sourceTags":{"name":"The Medicine Shoppe","brand":"The Medicine Shoppe","shop":"chemist","amenity":"pharmacy","healthcare":"pharmacy","opening_hours":"Mo-Fr 09:30-17:30; Sa 10:00-14:00; Su off"}},"geometry":{"type":"Point","coordinates":[-114.1173265,51.004173]}},{"type":"Feature","id":"osm-node-5049765533","properties":{"name":"Respiratory Homecare Solutions","category":"healthcare","subcategory":"clinic","sourceId":"osm-overpass","osmType":"node","osmId":5049765533,"sourceUrl":"https://www.openstreetmap.org/node/5049765533","coordinateMethod":"OSM node","address":"2439 54 Avenue SW","sourceTags":{"name":"Respiratory Homecare Solutions","amenity":"clinic","healthcare":"clinic"}},"geometry":{"type":"Point","coordinates":[-114.1168145,51.0041761]}},{"type":"Feature","id":"osm-node-5049781943","properties":{"name":"Mega-Mart","category":"convenience","subcategory":"convenience","sourceId":"osm-overpass","osmType":"node","osmId":5049781943,"sourceUrl":"https://www.openstreetmap.org/node/5049781943","coordinateMethod":"OSM node","address":"2104 54 Avenue SW","sourceTags":{"name":"Mega-Mart","shop":"convenience"}},"geometry":{"type":"Point","coordinates":[-114.109413,51.0052334]}},{"type":"Feature","id":"osm-node-5049781944","properties":{"name":"Calgary Laser and Massage","category":"healthcare","subcategory":"clinic","sourceId":"osm-overpass","osmType":"node","osmId":5049781944,"sourceUrl":"https://www.openstreetmap.org/node/5049781944","coordinateMethod":"OSM node","address":"2108 54 Avenue SW","sourceTags":{"name":"Calgary Laser and Massage","amenity":"clinic","healthcare":"clinic","healthcare:speciality":"acupuncture;massage_therapy"}},"geometry":{"type":"Point","coordinates":[-114.1095751,51.0052476]}},{"type":"Feature","id":"osm-node-5115376532","properties":{"name":"I.D.A.","category":"healthcare","subcategory":"pharmacy","sourceId":"osm-overpass","osmType":"node","osmId":5115376532,"sourceUrl":"https://www.openstreetmap.org/node/5115376532","coordinateMethod":"OSM node","address":"16630 McKenzie Lake Boulevard SE","sourceTags":{"name":"I.D.A.","brand":"I.D.A.","amenity":"pharmacy","healthcare":"pharmacy"}},"geometry":{"type":"Point","coordinates":[-113.989822,50.9035158]}},{"type":"Feature","id":"osm-node-5128738130","properties":{"name":"Shoppers Drug Mart","category":"healthcare","subcategory":"pharmacy","sourceId":"osm-overpass","osmType":"node","osmId":5128738130,"sourceUrl":"https://www.openstreetmap.org/node/5128738130","coordinateMethod":"OSM node","address":null,"sourceTags":{"name":"Shoppers Drug Mart","brand":"Shoppers Drug Mart","amenity":"pharmacy","healthcare":"pharmacy"}},"geometry":{"type":"Point","coordinates":[-114.1212381,50.9409581]}},{"type":"Feature","id":"osm-node-5148384444","properties":{"name":"Bowmart Food Store","category":"convenience","subcategory":"convenience","sourceId":"osm-overpass","osmType":"node","osmId":5148384444,"sourceUrl":"https://www.openstreetmap.org/node/5148384444","coordinateMethod":"OSM node","address":"8607 48 Avenue NW","sourceTags":{"name":"Bowmart Food Store","shop":"convenience"}},"geometry":{"type":"Point","coordinates":[-114.2115378,51.0956993]}},{"type":"Feature","id":"osm-node-5151927336","properties":{"name":"Shoppers Drug Mart","category":"healthcare","subcategory":"pharmacy","sourceId":"osm-overpass","osmType":"node","osmId":5151927336,"sourceUrl":"https://www.openstreetmap.org/node/5151927336","coordinateMethod":"OSM node","address":"151 Walden Gate SE","sourceTags":{"name":"Shoppers Drug Mart","brand":"Shoppers Drug Mart","amenity":"pharmacy","healthcare":"pharmacy"}},"geometry":{"type":"Point","coordinates":[-114.0365063,50.8758912]}},{"type":"Feature","id":"osm-node-5155707759","properties":{"name":"Winks","category":"convenience","subcategory":"convenience","sourceId":"osm-overpass","osmType":"node","osmId":5155707759,"sourceUrl":"https://www.openstreetmap.org/node/5155707759","coordinateMethod":"OSM node","address":"920 Northmount Drive NW","sourceTags":{"name":"Winks","shop":"convenience","opening_hours":"Mo-Fr 09:00-19:00; Sa 09:00-18:00; Su 09:00-15:00","check_date":"2026-06-16"}},"geometry":{"type":"Point","coordinates":[-114.1040281,51.086732]}},{"type":"Feature","id":"osm-node-5155707763","properties":{"name":"Brentwood Family Medical Centre","category":"healthcare","subcategory":"doctors","sourceId":"osm-overpass","osmType":"node","osmId":5155707763,"sourceUrl":"https://www.openstreetmap.org/node/5155707763","coordinateMethod":"OSM node","address":"3630 Brentwood Road NW","sourceTags":{"name":"Brentwood Family Medical Centre","amenity":"doctors","healthcare":"doctor"}},"geometry":{"type":"Point","coordinates":[-114.1266352,51.0868383]}},{"type":"Feature","id":"osm-node-5163981991","properties":{"name":"Circle K","category":"convenience","subcategory":"convenience","sourceId":"osm-overpass","osmType":"node","osmId":5163981991,"sourceUrl":"https://www.openstreetmap.org/node/5163981991","coordinateMethod":"OSM node","address":null,"sourceTags":{"name":"Circle K","brand":"Circle K","shop":"convenience"}},"geometry":{"type":"Point","coordinates":[-113.979567,51.1473481]}},{"type":"Feature","id":"osm-node-5169841816","properties":{"name":"DC Groceries","category":"convenience","subcategory":"convenience","sourceId":"osm-overpass","osmType":"node","osmId":5169841816,"sourceUrl":"https://www.openstreetmap.org/node/5169841816","coordinateMethod":"OSM node","address":null,"sourceTags":{"name":"DC Groceries","shop":"convenience"}},"geometry":{"type":"Point","coordinates":[-113.9522051,51.1138667]}},{"type":"Feature","id":"osm-node-5173699059","properties":{"name":"The Medicine Shoppe","category":"healthcare","subcategory":"pharmacy","sourceId":"osm-overpass","osmType":"node","osmId":5173699059,"sourceUrl":"https://www.openstreetmap.org/node/5173699059","coordinateMethod":"OSM node","address":"7930 Bowness Road NW","sourceTags":{"name":"The Medicine Shoppe","brand":"The Medicine Shoppe","amenity":"pharmacy","healthcare":"pharmacy"}},"geometry":{"type":"Point","coordinates":[-114.2014182,51.0895071]}},{"type":"Feature","id":"osm-node-5176564318","properties":{"name":"Sobeys Pharmacy Nolan Hill","category":"healthcare","subcategory":"pharmacy","sourceId":"osm-overpass","osmType":"node","osmId":5176564318,"sourceUrl":"https://www.openstreetmap.org/node/5176564318","coordinateMethod":"OSM node","address":"8 Nolan Hill Boulevard NW","sourceTags":{"name":"Sobeys Pharmacy Nolan Hill","amenity":"pharmacy","healthcare":"pharmacy","opening_hours":"Mo-Fr 09:00-21:00; Sa-Su 09:00-17:00"}},"geometry":{"type":"Point","coordinates":[-114.1570899,51.1732745]}},{"type":"Feature","id":"osm-node-5180508424","properties":{"name":"Bow Foods","category":"convenience","subcategory":"convenience","sourceId":"osm-overpass","osmType":"node","osmId":5180508424,"sourceUrl":"https://www.openstreetmap.org/node/5180508424","coordinateMethod":"OSM node","address":"7930 Bowness Road NW","sourceTags":{"name":"Bow Foods","shop":"convenience"}},"geometry":{"type":"Point","coordinates":[-114.2002728,51.0901906]}},{"type":"Feature","id":"osm-node-5194646722","properties":{"name":"Daylight Grocery","category":"convenience","subcategory":"convenience","sourceId":"osm-overpass","osmType":"node","osmId":5194646722,"sourceUrl":"https://www.openstreetmap.org/node/5194646722","coordinateMethod":"OSM node","address":"2139 Kensington Road NW","sourceTags":{"name":"Daylight Grocery","shop":"convenience"}},"geometry":{"type":"Point","coordinates":[-114.1102554,51.0522801]}},{"type":"Feature","id":"osm-node-5201454064","properties":{"name":"Yummy Russia","category":"groceries","subcategory":"supermarket","sourceId":"osm-overpass","osmType":"node","osmId":5201454064,"sourceUrl":"https://www.openstreetmap.org/node/5201454064","coordinateMethod":"OSM node","address":"7515 Macleod Trail SW","sourceTags":{"name":"Yummy Russia","shop":"supermarket","opening_hours":"Mo-Sa 11:00-20:00, Sa 11:00-18:00"}},"geometry":{"type":"Point","coordinates":[-114.0724139,50.9863785]}},{"type":"Feature","id":"osm-node-5216669561","properties":{"name":"Mayfair Diagnostics","category":"healthcare","subcategory":"clinic","sourceId":"osm-overpass","osmType":"node","osmId":5216669561,"sourceUrl":"https://www.openstreetmap.org/node/5216669561","coordinateMethod":"OSM node","address":"6707 Elbow Drive SW","sourceTags":{"name":"Mayfair Diagnostics","amenity":"clinic","healthcare":"clinic","healthcare:speciality":"radiology","opening_hours":"Mo-Th 07:00-21:00; Fr 07:00-16:00; Sa 08:00-16:00; Su off"}},"geometry":{"type":"Point","coordinates":[-114.0837243,50.9926985]}},{"type":"Feature","id":"osm-node-5218771590","properties":{"name":"Health Upwardly Mobile","category":"healthcare","subcategory":"doctors","sourceId":"osm-overpass","osmType":"node","osmId":5218771590,"sourceUrl":"https://www.openstreetmap.org/node/5218771590","coordinateMethod":"OSM node","address":"7005 Fairmount Drive SE","sourceTags":{"name":"Health Upwardly Mobile","healthcare":"doctor","opening_hours":"Mo-Fr 08:30-16:30"}},"geometry":{"type":"Point","coordinates":[-114.0644028,50.9915974]}},{"type":"Feature","id":"osm-node-5218948107","properties":{"name":"Reddi Mart","category":"groceries","subcategory":"supermarket","sourceId":"osm-overpass","osmType":"node","osmId":5218948107,"sourceUrl":"https://www.openstreetmap.org/node/5218948107","coordinateMethod":"OSM node","address":"6564 4 Street NE","sourceTags":{"name":"Reddi Mart","shop":"supermarket","opening_hours":"06:00-23:00"}},"geometry":{"type":"Point","coordinates":[-114.0558825,51.1113928]}},{"type":"Feature","id":"osm-node-5218969832","properties":{"name":"Unimarket Latin Foods","category":"groceries","subcategory":"supermarket","sourceId":"osm-overpass","osmType":"node","osmId":5218969832,"sourceUrl":"https://www.openstreetmap.org/node/5218969832","coordinateMethod":"OSM node","address":"2405 Edmonton Trail NE","sourceTags":{"name":"Unimarket Latin Foods","shop":"supermarket"}},"geometry":{"type":"Point","coordinates":[-114.056561,51.0734408]}},{"type":"Feature","id":"osm-node-5218970583","properties":{"name":"Lina's Italian Market & Cafe","category":"groceries","subcategory":"supermarket","sourceId":"osm-overpass","osmType":"node","osmId":5218970583,"sourceUrl":"https://www.openstreetmap.org/node/5218970583","coordinateMethod":"OSM node","address":"2202 Centre Street N","sourceTags":{"name":"Lina's Italian Market & Cafe","shop":"supermarket","opening_hours":"Mo-Sa 08:00-18:00"}},"geometry":{"type":"Point","coordinates":[-114.0621891,51.0719606]}},{"type":"Feature","id":"osm-node-5219029695","properties":{"name":"The Italian Supermarket","category":"groceries","subcategory":"supermarket","sourceId":"osm-overpass","osmType":"node","osmId":5219029695,"sourceUrl":"https://www.openstreetmap.org/node/5219029695","coordinateMethod":"OSM node","address":"265 20 Avenue NE","sourceTags":{"name":"The Italian Supermarket","shop":"supermarket"}},"geometry":{"type":"Point","coordinates":[-114.0566459,51.0703154]}},{"type":"Feature","id":"osm-node-5219035739","properties":{"name":"Circle K","category":"convenience","subcategory":"convenience","sourceId":"osm-overpass","osmType":"node","osmId":5219035739,"sourceUrl":"https://www.openstreetmap.org/node/5219035739","coordinateMethod":"OSM node","address":"11440 Braeside Drive SW","sourceTags":{"name":"Circle K","brand":"Circle K","shop":"convenience"}},"geometry":{"type":"Point","coordinates":[-114.1159421,50.9534894]}},{"type":"Feature","id":"osm-node-5220168033","properties":{"name":"No Frills","category":"groceries","subcategory":"supermarket","sourceId":"osm-overpass","osmType":"node","osmId":5220168033,"sourceUrl":"https://www.openstreetmap.org/node/5220168033","coordinateMethod":"OSM node","address":null,"sourceTags":{"name":"No Frills","brand":"No Frills","shop":"supermarket"}},"geometry":{"type":"Point","coordinates":[-113.955747,51.0852125]}},{"type":"Feature","id":"osm-node-5262148406","properties":{"name":"Circle K","category":"convenience","subcategory":"convenience","sourceId":"osm-overpass","osmType":"node","osmId":5262148406,"sourceUrl":"https://www.openstreetmap.org/node/5262148406","coordinateMethod":"OSM node","address":null,"sourceTags":{"name":"Circle K","brand":"Circle K","shop":"convenience","opening_hours":"24/7"}},"geometry":{"type":"Point","coordinates":[-114.0257068,50.8862428]}},{"type":"Feature","id":"osm-node-5270587155","properties":{"name":"7-Eleven","category":"convenience","subcategory":"convenience","sourceId":"osm-overpass","osmType":"node","osmId":5270587155,"sourceUrl":"https://www.openstreetmap.org/node/5270587155","coordinateMethod":"OSM node","address":"6408 Old Banff Coach Road SW","sourceTags":{"name":"7-Eleven","brand":"7-Eleven","shop":"convenience"}},"geometry":{"type":"Point","coordinates":[-114.1793959,51.0609126]}},{"type":"Feature","id":"osm-node-5272140103","properties":{"name":"Wyckham Pharmacy","category":"healthcare","subcategory":"pharmacy","sourceId":"osm-overpass","osmType":"node","osmId":5272140103,"sourceUrl":"https://www.openstreetmap.org/node/5272140103","coordinateMethod":"OSM node","address":null,"sourceTags":{"name":"Wyckham Pharmacy","amenity":"pharmacy","healthcare":"pharmacy"}},"geometry":{"type":"Point","coordinates":[-114.1326839,51.0138562]}},{"type":"Feature","id":"osm-node-5277943125","properties":{"name":"Shoppers Drug Mart","category":"healthcare","subcategory":"pharmacy","sourceId":"osm-overpass","osmType":"node","osmId":5277943125,"sourceUrl":"https://www.openstreetmap.org/node/5277943125","coordinateMethod":"OSM node","address":null,"sourceTags":{"name":"Shoppers Drug Mart","brand":"Shoppers Drug Mart","amenity":"pharmacy","healthcare":"pharmacy"}},"geometry":{"type":"Point","coordinates":[-114.057302,50.9021021]}},{"type":"Feature","id":"osm-node-5279853989","properties":{"name":"Rexall","category":"healthcare","subcategory":"pharmacy","sourceId":"osm-overpass","osmType":"node","osmId":5279853989,"sourceUrl":"https://www.openstreetmap.org/node/5279853989","coordinateMethod":"OSM node","address":"290 Midpark Way SE","sourceTags":{"name":"Rexall","brand":"Rexall","amenity":"pharmacy","healthcare":"pharmacy"}},"geometry":{"type":"Point","coordinates":[-114.063835,50.909654]}},{"type":"Feature","id":"osm-node-5279887413","properties":{"name":"Jeffery C. Dawes MD","category":"healthcare","subcategory":"doctors","sourceId":"osm-overpass","osmType":"node","osmId":5279887413,"sourceUrl":"https://www.openstreetmap.org/node/5279887413","coordinateMethod":"OSM node","address":"47 Sunpark Drive SE","sourceTags":{"name":"Jeffery C. Dawes MD","amenity":"doctors","healthcare":"doctor","healthcare:speciality":"plastic_surgery"}},"geometry":{"type":"Point","coordinates":[-114.0558501,50.9041175]}},{"type":"Feature","id":"osm-node-5280585149","properties":{"name":"Shoppers Drug Mart","category":"healthcare","subcategory":"pharmacy","sourceId":"osm-overpass","osmType":"node","osmId":5280585149,"sourceUrl":"https://www.openstreetmap.org/node/5280585149","coordinateMethod":"OSM node","address":"19369 Sheriff King Street SW","sourceTags":{"name":"Shoppers Drug Mart","brand":"Shoppers Drug Mart","amenity":"pharmacy","healthcare":"pharmacy"}},"geometry":{"type":"Point","coordinates":[-114.073389,50.878368]}},{"type":"Feature","id":"osm-node-5286594242","properties":{"name":"Marda Loop Medical Clinic","category":"healthcare","subcategory":"clinic","sourceId":"osm-overpass","osmType":"node","osmId":5286594242,"sourceUrl":"https://www.openstreetmap.org/node/5286594242","coordinateMethod":"OSM node","address":"2108 33 Avenue SW","sourceTags":{"name":"Marda Loop Medical Clinic","amenity":"clinic","healthcare":"clinic"}},"geometry":{"type":"Point","coordinates":[-114.1100572,51.0242837]}},{"type":"Feature","id":"osm-node-5361080121","properties":{"name":"The Silk Road Spice Merchant","category":"groceries","subcategory":"supermarket","sourceId":"osm-overpass","osmType":"node","osmId":5361080121,"sourceUrl":"https://www.openstreetmap.org/node/5361080121","coordinateMethod":"OSM node","address":"1419 9 Avenue SE","sourceTags":{"name":"The Silk Road Spice Merchant","shop":"supermarket"}},"geometry":{"type":"Point","coordinates":[-114.0305383,51.0395894]}},{"type":"Feature","id":"osm-node-5444357778","properties":{"name":"Pinnacle Medical Centres","category":"healthcare","subcategory":"clinic","sourceId":"osm-overpass","osmType":"node","osmId":5444357778,"sourceUrl":"https://www.openstreetmap.org/node/5444357778","coordinateMethod":"OSM node","address":"1000 Hamptons Drive NW","sourceTags":{"name":"Pinnacle Medical Centres","amenity":"clinic","healthcare":"clinic","healthcare:speciality":"general","opening_hours":"Mo-Fr 09:00-17:00"}},"geometry":{"type":"Point","coordinates":[-114.1302257,51.1419432]}},{"type":"Feature","id":"osm-node-5444357785","properties":{"name":"Peak Medical & Peak Pulmonary Hamptons","category":"healthcare","subcategory":"clinic","sourceId":"osm-overpass","osmType":"node","osmId":5444357785,"sourceUrl":"https://www.openstreetmap.org/node/5444357785","coordinateMethod":"OSM node","address":null,"sourceTags":{"name":"Peak Medical & Peak Pulmonary Hamptons","amenity":"clinic","healthcare":"clinic","opening_hours":"Mo-Fr 08:00-16:30"}},"geometry":{"type":"Point","coordinates":[-114.1302231,51.1425642]}},{"type":"Feature","id":"osm-node-5460214580","properties":{"name":"7-Eleven","category":"convenience","subcategory":"convenience","sourceId":"osm-overpass","osmType":"node","osmId":5460214580,"sourceUrl":"https://www.openstreetmap.org/node/5460214580","coordinateMethod":"OSM node","address":"10 Copperstone Street SE","sourceTags":{"name":"7-Eleven","brand":"7-Eleven","shop":"convenience","opening_hours":"24/7"}},"geometry":{"type":"Point","coordinates":[-113.933902,50.9158895]}},{"type":"Feature","id":"osm-node-5474129289","properties":{"name":"The Top Dog Store","category":"groceries","subcategory":"supermarket","sourceId":"osm-overpass","osmType":"node","osmId":5474129289,"sourceUrl":"https://www.openstreetmap.org/node/5474129289","coordinateMethod":"OSM node","address":"5010 4 Street NE","sourceTags":{"name":"The Top Dog Store","shop":"supermarket","opening_hours":"Mo-Fr 10:00-20:00, Sa 10:00-18:00, Su 11:00-17:00"}},"geometry":{"type":"Point","coordinates":[-114.0529397,51.0964044]}},{"type":"Feature","id":"osm-node-5551455821","properties":{"name":"Kalamata Grocery Store","category":"convenience","subcategory":"convenience","sourceId":"osm-overpass","osmType":"node","osmId":5551455821,"sourceUrl":"https://www.openstreetmap.org/node/5551455821","coordinateMethod":"OSM node","address":null,"sourceTags":{"name":"Kalamata Grocery Store","shop":"convenience"}},"geometry":{"type":"Point","coordinates":[-114.0893263,51.0394575]}},{"type":"Feature","id":"osm-node-5600842281","properties":{"name":"Pharmasave","category":"healthcare","subcategory":"pharmacy","sourceId":"osm-overpass","osmType":"node","osmId":5600842281,"sourceUrl":"https://www.openstreetmap.org/node/5600842281","coordinateMethod":"OSM node","address":"665 8 Street SW","sourceTags":{"name":"Pharmasave","brand":"Pharmasave","amenity":"pharmacy","healthcare":"pharmacy","opening_hours":"Mo-Fr 08:30-18:00; Sa 09:30-17:30"}},"geometry":{"type":"Point","coordinates":[-114.0814273,51.047177]}},{"type":"Feature","id":"osm-node-5659237895","properties":{"name":"Safeway Pharmacy","category":"healthcare","subcategory":"pharmacy","sourceId":"osm-overpass","osmType":"node","osmId":5659237895,"sourceUrl":"https://www.openstreetmap.org/node/5659237895","coordinateMethod":"OSM node","address":"2425 34 Avenue SW","sourceTags":{"name":"Safeway Pharmacy","brand":"Safeway","amenity":"pharmacy","healthcare":"pharmacy","opening_hours":"Mo-Fr 09:00-21:00; Sa-Su 10:00-18:00"}},"geometry":{"type":"Point","coordinates":[-114.1167933,51.0227613]}},{"type":"Feature","id":"osm-node-5668521296","properties":{"name":"Evergreen Family Medical Centre","category":"healthcare","subcategory":"clinic","sourceId":"osm-overpass","osmType":"node","osmId":5668521296,"sourceUrl":"https://www.openstreetmap.org/node/5668521296","coordinateMethod":"OSM node","address":null,"sourceTags":{"name":"Evergreen Family Medical Centre","amenity":"clinic","healthcare":"clinic","healthcare:speciality":"general","opening_hours":"Mo-Fr 09:00-18:00"}},"geometry":{"type":"Point","coordinates":[-114.1100666,50.9075289]}},{"type":"Feature","id":"osm-node-5675767710","properties":{"name":"Circle K","category":"convenience","subcategory":"convenience","sourceId":"osm-overpass","osmType":"node","osmId":5675767710,"sourceUrl":"https://www.openstreetmap.org/node/5675767710","coordinateMethod":"OSM node","address":"2905 14 Street SW","sourceTags":{"name":"Circle K","brand":"Circle K","shop":"convenience"}},"geometry":{"type":"Point","coordinates":[-114.0951492,51.0284535]}},{"type":"Feature","id":"osm-node-5759037185","properties":{"name":"Prostate Cancer Centre","category":"healthcare","subcategory":"clinic","sourceId":"osm-overpass","osmType":"node","osmId":5759037185,"sourceUrl":"https://www.openstreetmap.org/node/5759037185","coordinateMethod":"OSM node","address":"7007 14 Street SW","sourceTags":{"name":"Prostate Cancer Centre","healthcare":"clinic"}},"geometry":{"type":"Point","coordinates":[-114.0962391,50.9894063]}},{"type":"Feature","id":"osm-node-5866636299","properties":{"name":"Shoppers Drug Mart","category":"healthcare","subcategory":"pharmacy","sourceId":"osm-overpass","osmType":"node","osmId":5866636299,"sourceUrl":"https://www.openstreetmap.org/node/5866636299","coordinateMethod":"OSM node","address":"6455 Macleod Trail SW","sourceTags":{"name":"Shoppers Drug Mart","brand":"Shoppers Drug Mart","amenity":"pharmacy","healthcare":"pharmacy","opening_hours":"Mo-Sa 09:00-21:00; Su 09:00-18:00"}},"geometry":{"type":"Point","coordinates":[-114.0745736,50.9959219]}},{"type":"Feature","id":"osm-node-5899987403","properties":{"name":"A plus 1","category":"convenience","subcategory":"convenience","sourceId":"osm-overpass","osmType":"node","osmId":5899987403,"sourceUrl":"https://www.openstreetmap.org/node/5899987403","coordinateMethod":"OSM node","address":null,"sourceTags":{"name":"A plus 1","shop":"convenience"}},"geometry":{"type":"Point","coordinates":[-114.0859318,50.9481937]}},{"type":"Feature","id":"osm-node-6042749283","properties":{"name":"Save-On-Foods","category":"groceries","subcategory":"supermarket","sourceId":"osm-overpass","osmType":"node","osmId":6042749283,"sourceUrl":"https://www.openstreetmap.org/node/6042749283","coordinateMethod":"OSM node","address":"3915 51 Street SW","sourceTags":{"name":"Save-On-Foods","brand":"Save-On-Foods","shop":"supermarket","opening_hours":"Mo-Su 07:00-22:00"}},"geometry":{"type":"Point","coordinates":[-114.1626145,51.0197631]}},{"type":"Feature","id":"osm-node-6044780786","properties":{"name":"Mayland Medical Centre","category":"healthcare","subcategory":"clinic","sourceId":"osm-overpass","osmType":"node","osmId":6044780786,"sourceUrl":"https://www.openstreetmap.org/node/6044780786","coordinateMethod":"OSM node","address":null,"sourceTags":{"name":"Mayland Medical Centre","amenity":"clinic","healthcare":"clinic"}},"geometry":{"type":"Point","coordinates":[-114.0147481,51.0592692]}},{"type":"Feature","id":"osm-node-6047933197","properties":{"name":"No Frills","category":"groceries","subcategory":"supermarket","sourceId":"osm-overpass","osmType":"node","osmId":6047933197,"sourceUrl":"https://www.openstreetmap.org/node/6047933197","coordinateMethod":"OSM node","address":"100 Rainbow Road","sourceTags":{"name":"No Frills","brand":"No Frills","shop":"supermarket","opening_hours":"Mo-Su 08:00-22:00"}},"geometry":{"type":"Point","coordinates":[-113.8394161,51.0259828]}},{"type":"Feature","id":"osm-node-6074620826","properties":{"name":"Gemini Convenience Store","category":"convenience","subcategory":"convenience","sourceId":"osm-overpass","osmType":"node","osmId":6074620826,"sourceUrl":"https://www.openstreetmap.org/node/6074620826","coordinateMethod":"OSM node","address":"5309 Rundlehorn Drive NE","sourceTags":{"name":"Gemini Convenience Store","shop":"convenience","opening_hours":"Mo-Fr 09:00-01:00"}},"geometry":{"type":"Point","coordinates":[-113.9568731,51.0713632]}},{"type":"Feature","id":"osm-node-6083616100","properties":{"name":"Banff Trail Soleil","category":"convenience","subcategory":"convenience","sourceId":"osm-overpass","osmType":"node","osmId":6083616100,"sourceUrl":"https://www.openstreetmap.org/node/6083616100","coordinateMethod":"OSM node","address":"2220 20 Avenue NW","sourceTags":{"name":"Banff Trail Soleil","shop":"convenience","opening_hours":"Mo-Fr 09:00-21:00, Sa 11:00-20:00, Su closed"}},"geometry":{"type":"Point","coordinates":[-114.111101,51.0705176]}},{"type":"Feature","id":"osm-node-6151355474","properties":{"name":"Fruiticana","category":"groceries","subcategory":"supermarket","sourceId":"osm-overpass","osmType":"node","osmId":6151355474,"sourceUrl":"https://www.openstreetmap.org/node/6151355474","coordinateMethod":"OSM node","address":null,"sourceTags":{"name":"Fruiticana","shop":"supermarket"}},"geometry":{"type":"Point","coordinates":[-113.9477124,51.1244485]}},{"type":"Feature","id":"osm-node-6200127994","properties":{"name":"Mary's Corner Store","category":"convenience","subcategory":"convenience","sourceId":"osm-overpass","osmType":"node","osmId":6200127994,"sourceUrl":"https://www.openstreetmap.org/node/6200127994","coordinateMethod":"OSM node","address":null,"sourceTags":{"name":"Mary's Corner Store","shop":"convenience"}},"geometry":{"type":"Point","coordinates":[-114.1735504,51.083561]}},{"type":"Feature","id":"osm-node-6209227775","properties":{"name":"Daily King Convenience Store","category":"convenience","subcategory":"convenience","sourceId":"osm-overpass","osmType":"node","osmId":6209227775,"sourceUrl":"https://www.openstreetmap.org/node/6209227775","coordinateMethod":"OSM node","address":"840 5 Avenue SW","sourceTags":{"name":"Daily King Convenience Store","shop":"convenience"}},"geometry":{"type":"Point","coordinates":[-114.0807028,51.049043]}},{"type":"Feature","id":"osm-node-6209228485","properties":{"name":"Henry's Food Store","category":"convenience","subcategory":"convenience","sourceId":"osm-overpass","osmType":"node","osmId":6209228485,"sourceUrl":"https://www.openstreetmap.org/node/6209228485","coordinateMethod":"OSM node","address":"817 4 Avenue SW","sourceTags":{"name":"Henry's Food Store","shop":"convenience"}},"geometry":{"type":"Point","coordinates":[-114.0796828,51.0496867]}},{"type":"Feature","id":"osm-node-6270760293","properties":{"name":"Dr. Ambrish Pandya","category":"healthcare","subcategory":"doctors","sourceId":"osm-overpass","osmType":"node","osmId":6270760293,"sourceUrl":"https://www.openstreetmap.org/node/6270760293","coordinateMethod":"OSM node","address":"3315 26 Avenue SW","sourceTags":{"name":"Dr. Ambrish Pandya","amenity":"doctors","healthcare":"doctor"}},"geometry":{"type":"Point","coordinates":[-114.1350019,51.0297841]}},{"type":"Feature","id":"osm-node-6270760294","properties":{"name":"Life 'n' Balance Wellness Centre","category":"healthcare","subcategory":"clinic","sourceId":"osm-overpass","osmType":"node","osmId":6270760294,"sourceUrl":"https://www.openstreetmap.org/node/6270760294","coordinateMethod":"OSM node","address":"3403 26 Avenue SW","sourceTags":{"name":"Life 'n' Balance Wellness Centre","amenity":"clinic","healthcare":"clinic","healthcare:speciality":"chiropractic;osteopathy;physiotherapy;acupuncture","opening_hours":"Mo-Fr 08:00-20:00; Sa 08:00-16:00"}},"geometry":{"type":"Point","coordinates":[-114.1357539,51.0297297]}},{"type":"Feature","id":"osm-node-6313485723","properties":{"name":"Bulk Barn","category":"groceries","subcategory":"supermarket","sourceId":"osm-overpass","osmType":"node","osmId":6313485723,"sourceUrl":"https://www.openstreetmap.org/node/6313485723","coordinateMethod":"OSM node","address":"55 Sage Hill Plaza NW","sourceTags":{"name":"Bulk Barn","brand":"Bulk Barn","shop":"supermarket","opening_hours":"Mo-Sa 09:00-21:00, Su 09:00-18:00"}},"geometry":{"type":"Point","coordinates":[-114.1476849,51.1690875]}},{"type":"Feature","id":"osm-node-6333738327","properties":{"name":"Medistar Skyview Pharmacy","category":"healthcare","subcategory":"pharmacy","sourceId":"osm-overpass","osmType":"node","osmId":6333738327,"sourceUrl":"https://www.openstreetmap.org/node/6333738327","coordinateMethod":"OSM node","address":"5305 Country Hills Boulevard NE","sourceTags":{"name":"Medistar Skyview Pharmacy","amenity":"pharmacy","healthcare":"pharmacy"}},"geometry":{"type":"Point","coordinates":[-113.9571851,51.1549705]}},{"type":"Feature","id":"osm-node-6334181057","properties":{"name":"Southwood Medical","category":"healthcare","subcategory":"doctors","sourceId":"osm-overpass","osmType":"node","osmId":6334181057,"sourceUrl":"https://www.openstreetmap.org/node/6334181057","coordinateMethod":"OSM node","address":null,"sourceTags":{"name":"Southwood Medical","amenity":"doctors","healthcare":"doctor","healthcare:speciality":"family_medicine"}},"geometry":{"type":"Point","coordinates":[-114.0856301,50.9617226]}},{"type":"Feature","id":"osm-node-6338642880","properties":{"name":"Harvest Hills Medical Clinic","category":"healthcare","subcategory":"clinic","sourceId":"osm-overpass","osmType":"node","osmId":6338642880,"sourceUrl":"https://www.openstreetmap.org/node/6338642880","coordinateMethod":"OSM node","address":"500 Coventry Hills Boulevard NE","sourceTags":{"name":"Harvest Hills Medical Clinic","amenity":"clinic","healthcare":"clinic"}},"geometry":{"type":"Point","coordinates":[-114.053989,51.1552787]}},{"type":"Feature","id":"osm-node-6339090077","properties":{"name":"M&M's Meat Shop Ltd.","category":"groceries","subcategory":"supermarket","sourceId":"osm-overpass","osmType":"node","osmId":6339090077,"sourceUrl":"https://www.openstreetmap.org/node/6339090077","coordinateMethod":"OSM node","address":"150 Crowfoot Crescent NW","sourceTags":{"name":"M&M's Meat Shop Ltd.","shop":"supermarket","opening_hours":"Mo-Fr 10:00-20:00; Sa 09:00-19:00; Su 10:00-18:00","check_date":"2025-07-16"}},"geometry":{"type":"Point","coordinates":[-114.1967844,51.1275562]}},{"type":"Feature","id":"osm-node-6359242798","properties":{"name":"A-Mart","category":"groceries","subcategory":"supermarket","sourceId":"osm-overpass","osmType":"node","osmId":6359242798,"sourceUrl":"https://www.openstreetmap.org/node/6359242798","coordinateMethod":"OSM node","address":"1324 10 Avenue SW","sourceTags":{"name":"A-Mart","shop":"supermarket","opening_hours":"Mo-Sa 09:30-21:00; Su 09:30-20:00"}},"geometry":{"type":"Point","coordinates":[-114.092534,51.0446032]}},{"type":"Feature","id":"osm-node-6558283554","properties":{"name":"Movement Performance & Health","category":"healthcare","subcategory":"clinic","sourceId":"osm-overpass","osmType":"node","osmId":6558283554,"sourceUrl":"https://www.openstreetmap.org/node/6558283554","coordinateMethod":"OSM node","address":"2439 54 Avenue SW","sourceTags":{"name":"Movement Performance & Health","amenity":"clinic","healthcare":"clinic","healthcare:speciality":"chiropractic;traditional_chinese_medicine;physiotherapy;acupuncture","opening_hours":"Mo 09:00-19:00; Tu 10:00-19:00; We 09:00-20:00; Th 10:00-19:00; Fr 09:00-17:00; Sa 09:00-14:00; Su 10:00-15:00"}},"geometry":{"type":"Point","coordinates":[-114.1167983,51.0046239]}},{"type":"Feature","id":"osm-node-6575919885","properties":{"name":null,"category":"healthcare","subcategory":"pharmacy","sourceId":"osm-overpass","osmType":"node","osmId":6575919885,"sourceUrl":"https://www.openstreetmap.org/node/6575919885","coordinateMethod":"OSM node","address":null,"sourceTags":{"amenity":"pharmacy","healthcare":"pharmacy","opening_hours":"Mo-Fr 08:30-19:00; Sa 10:00-14:00"}},"geometry":{"type":"Point","coordinates":[-114.1642798,51.103268]}},{"type":"Feature","id":"osm-node-6658019729","properties":{"name":null,"category":"healthcare","subcategory":"clinic","sourceId":"osm-overpass","osmType":"node","osmId":6658019729,"sourceUrl":"https://www.openstreetmap.org/node/6658019729","coordinateMethod":"OSM node","address":"6108 Bowness Road NW","sourceTags":{"amenity":"clinic","healthcare":"clinic"}},"geometry":{"type":"Point","coordinates":[-114.1737118,51.0835864]}},{"type":"Feature","id":"osm-node-6712698715","properties":{"name":"Medilink","category":"healthcare","subcategory":"clinic","sourceId":"osm-overpass","osmType":"node","osmId":6712698715,"sourceUrl":"https://www.openstreetmap.org/node/6712698715","coordinateMethod":"OSM node","address":null,"sourceTags":{"name":"Medilink","amenity":"clinic","healthcare":"clinic","healthcare:speciality":"general"}},"geometry":{"type":"Point","coordinates":[-114.0592361,50.9644241]}},{"type":"Feature","id":"osm-node-6712698716","properties":{"name":"Medilink Pharmacy","category":"healthcare","subcategory":"pharmacy","sourceId":"osm-overpass","osmType":"node","osmId":6712698716,"sourceUrl":"https://www.openstreetmap.org/node/6712698716","coordinateMethod":"OSM node","address":null,"sourceTags":{"name":"Medilink Pharmacy","amenity":"pharmacy","healthcare":"pharmacy","opening_hours":"Mo-Fr 09:00-18:00; Sa 10:00-15:00"}},"geometry":{"type":"Point","coordinates":[-114.0592359,50.9644891]}},{"type":"Feature","id":"osm-node-6731734699","properties":{"name":"Mega Sanjha Punjab","category":"groceries","subcategory":"supermarket","sourceId":"osm-overpass","osmType":"node","osmId":6731734699,"sourceUrl":"https://www.openstreetmap.org/node/6731734699","coordinateMethod":"OSM node","address":null,"sourceTags":{"name":"Mega Sanjha Punjab","brand":"Grocery Outlet","shop":"supermarket","opening_hours":"Mo-Su 09:00-21:00"}},"geometry":{"type":"Point","coordinates":[-113.9333512,51.1243621]}},{"type":"Feature","id":"osm-node-6731734729","properties":{"name":"Taralake Medical Clinic","category":"healthcare","subcategory":"clinic","sourceId":"osm-overpass","osmType":"node","osmId":6731734729,"sourceUrl":"https://www.openstreetmap.org/node/6731734729","coordinateMethod":"OSM node","address":null,"sourceTags":{"name":"Taralake Medical Clinic","amenity":"clinic","healthcare":"clinic"}},"geometry":{"type":"Point","coordinates":[-113.9309797,51.1248573]}},{"type":"Feature","id":"osm-node-6731734737","properties":{"name":"Martindale Pharmacy","category":"healthcare","subcategory":"pharmacy","sourceId":"osm-overpass","osmType":"node","osmId":6731734737,"sourceUrl":"https://www.openstreetmap.org/node/6731734737","coordinateMethod":"OSM node","address":"7171 80 Avenue NE","sourceTags":{"name":"Martindale Pharmacy","amenity":"pharmacy","healthcare":"pharmacy"}},"geometry":{"type":"Point","coordinates":[-113.9306455,51.1248497]}},{"type":"Feature","id":"osm-node-6747356415","properties":{"name":"Vineyard Medical Clinic","category":"healthcare","subcategory":"clinic","sourceId":"osm-overpass","osmType":"node","osmId":6747356415,"sourceUrl":"https://www.openstreetmap.org/node/6747356415","coordinateMethod":"OSM node","address":"Westwinds Drive NE","sourceTags":{"name":"Vineyard Medical Clinic","amenity":"clinic","healthcare":"clinic","healthcare:speciality":"general","opening_hours":"Mo-Tu,Fr 08:00-20:00; We-Th 10:00-18:00; Sa 10:00-16:00"}},"geometry":{"type":"Point","coordinates":[-113.9711146,51.109299]}},{"type":"Feature","id":"osm-node-6752877233","properties":{"name":"Jerry's Convenience Smoke & Vape","category":"convenience","subcategory":"convenience","sourceId":"osm-overpass","osmType":"node","osmId":6752877233,"sourceUrl":"https://www.openstreetmap.org/node/6752877233","coordinateMethod":"OSM node","address":null,"sourceTags":{"name":"Jerry's Convenience Smoke & Vape","shop":"convenience"}},"geometry":{"type":"Point","coordinates":[-113.9478756,51.1244953]}},{"type":"Feature","id":"osm-node-6752877254","properties":{"name":"Medical","category":"healthcare","subcategory":"clinic","sourceId":"osm-overpass","osmType":"node","osmId":6752877254,"sourceUrl":"https://www.openstreetmap.org/node/6752877254","coordinateMethod":"OSM node","address":null,"sourceTags":{"name":"Medical","amenity":"clinic","healthcare":"clinic","healthcare:speciality":"chiropractic"}},"geometry":{"type":"Point","coordinates":[-113.9448368,51.1221766]}},{"type":"Feature","id":"osm-node-6927973719","properties":{"name":"Allergy and Asthma Clinic","category":"healthcare","subcategory":"clinic","sourceId":"osm-overpass","osmType":"node","osmId":6927973719,"sourceUrl":"https://www.openstreetmap.org/node/6927973719","coordinateMethod":"OSM node","address":"10 Brentwood Common NW","sourceTags":{"name":"Allergy and Asthma Clinic","amenity":"clinic","healthcare":"clinic","healthcare:speciality":"allergist;immunology","opening_hours":"Mo-Fr 09:00-17:00"}},"geometry":{"type":"Point","coordinates":[-114.1284398,51.086995]}},{"type":"Feature","id":"osm-node-6943689349","properties":{"name":"Circle K","category":"convenience","subcategory":"convenience","sourceId":"osm-overpass","osmType":"node","osmId":6943689349,"sourceUrl":"https://www.openstreetmap.org/node/6943689349","coordinateMethod":"OSM node","address":"838 68 Street NE","sourceTags":{"name":"Circle K","brand":"Circle K","shop":"convenience"}},"geometry":{"type":"Point","coordinates":[-113.9344059,51.0594015]}},{"type":"Feature","id":"osm-node-6968338291","properties":{"name":"Lakeview Family Doctors","category":"healthcare","subcategory":"doctors","sourceId":"osm-overpass","osmType":"node","osmId":6968338291,"sourceUrl":"https://www.openstreetmap.org/node/6968338291","coordinateMethod":"OSM node","address":"6449 Crowchild Trail SW","sourceTags":{"name":"Lakeview Family Doctors","amenity":"doctors","healthcare":"doctor","opening_hours":"Mo-Fr 09:00-17:00; Sa 10:00-16:00; Su off"}},"geometry":{"type":"Point","coordinates":[-114.1195421,50.9969668]}},{"type":"Feature","id":"osm-node-6993409175","properties":{"name":"7-Eleven","category":"convenience","subcategory":"convenience","sourceId":"osm-overpass","osmType":"node","osmId":6993409175,"sourceUrl":"https://www.openstreetmap.org/node/6993409175","coordinateMethod":"OSM node","address":null,"sourceTags":{"name":"7-Eleven","brand":"7-Eleven","shop":"convenience"}},"geometry":{"type":"Point","coordinates":[-113.9573394,51.0910795]}},{"type":"Feature","id":"osm-node-7108052413","properties":{"name":"#1 Convenience Store","category":"convenience","subcategory":"convenience","sourceId":"osm-overpass","osmType":"node","osmId":7108052413,"sourceUrl":"https://www.openstreetmap.org/node/7108052413","coordinateMethod":"OSM node","address":"403 9 Avenue NE","sourceTags":{"name":"#1 Convenience Store","shop":"convenience"}},"geometry":{"type":"Point","coordinates":[-114.0543703,51.0603172]}},{"type":"Feature","id":"osm-node-7256400893","properties":{"name":"PharmaChoice","category":"healthcare","subcategory":"pharmacy","sourceId":"osm-overpass","osmType":"node","osmId":7256400893,"sourceUrl":"https://www.openstreetmap.org/node/7256400893","coordinateMethod":"OSM node","address":"120 40 Avenue NW","sourceTags":{"name":"PharmaChoice","brand":"PharmaChoice","amenity":"pharmacy","healthcare":"pharmacy","opening_hours":"Mo-Fr 09:00-19:00; Sa-Su 10:00-15:00"}},"geometry":{"type":"Point","coordinates":[-114.063737,51.088896]}},{"type":"Feature","id":"osm-node-7303962774","properties":{"name":"Blush Lane Organic Market","category":"groceries","subcategory":"supermarket","sourceId":"osm-overpass","osmType":"node","osmId":7303962774,"sourceUrl":"https://www.openstreetmap.org/node/7303962774","coordinateMethod":"OSM node","address":"2044 33 Avenue SW","sourceTags":{"name":"Blush Lane Organic Market","shop":"supermarket","opening_hours":"Mo-Su 09:00-21:00","check_date:opening_hours":"2025-09-07"}},"geometry":{"type":"Point","coordinates":[-114.1091794,51.0241913]}},{"type":"Feature","id":"osm-node-7315145525","properties":{"name":"Saddlebrook Medical Clinic","category":"healthcare","subcategory":"clinic","sourceId":"osm-overpass","osmType":"node","osmId":7315145525,"sourceUrl":"https://www.openstreetmap.org/node/7315145525","coordinateMethod":"OSM node","address":null,"sourceTags":{"name":"Saddlebrook Medical Clinic","amenity":"clinic","healthcare":"clinic"}},"geometry":{"type":"Point","coordinates":[-113.9290628,51.1294016]}},{"type":"Feature","id":"osm-node-7315145529","properties":{"name":"Citi Pharmacy","category":"healthcare","subcategory":"pharmacy","sourceId":"osm-overpass","osmType":"node","osmId":7315145529,"sourceUrl":"https://www.openstreetmap.org/node/7315145529","coordinateMethod":"OSM node","address":null,"sourceTags":{"name":"Citi Pharmacy","amenity":"pharmacy","healthcare":"pharmacy"}},"geometry":{"type":"Point","coordinates":[-113.928799,51.1295692]}},{"type":"Feature","id":"osm-node-7434878474","properties":{"name":"Shapla Grocery & Halal Meat","category":"groceries","subcategory":"supermarket","sourceId":"osm-overpass","osmType":"node","osmId":7434878474,"sourceUrl":"https://www.openstreetmap.org/node/7434878474","coordinateMethod":"OSM node","address":"3770 Westwinds Drive NE","sourceTags":{"name":"Shapla Grocery & Halal Meat","shop":"supermarket"}},"geometry":{"type":"Point","coordinates":[-113.9748632,51.1069381]}},{"type":"Feature","id":"osm-node-7465144701","properties":{"name":"7-Eleven","category":"convenience","subcategory":"convenience","sourceId":"osm-overpass","osmType":"node","osmId":7465144701,"sourceUrl":"https://www.openstreetmap.org/node/7465144701","coordinateMethod":"OSM node","address":"2901 17 Avenue SW","sourceTags":{"name":"7-Eleven","brand":"7-Eleven","shop":"convenience","opening_hours":"Mo-Su 05:00-24:00"}},"geometry":{"type":"Point","coordinates":[-114.1285848,51.0375288]}},{"type":"Feature","id":"osm-node-7465198455","properties":{"name":"Clinic & Pharmacy","category":"healthcare","subcategory":"pharmacy","sourceId":"osm-overpass","osmType":"node","osmId":7465198455,"sourceUrl":"https://www.openstreetmap.org/node/7465198455","coordinateMethod":"OSM node","address":null,"sourceTags":{"name":"Clinic & Pharmacy","amenity":"pharmacy"}},"geometry":{"type":"Point","coordinates":[-113.9576638,51.0979047]}},{"type":"Feature","id":"osm-node-7465198460","properties":{"name":"McKnight Chiropractic & Massage","category":"healthcare","subcategory":"doctors","sourceId":"osm-overpass","osmType":"node","osmId":7465198460,"sourceUrl":"https://www.openstreetmap.org/node/7465198460","coordinateMethod":"OSM node","address":null,"sourceTags":{"name":"McKnight Chiropractic & Massage","amenity":"doctors","healthcare":"doctor","healthcare:speciality":"chiropractic"}},"geometry":{"type":"Point","coordinates":[-113.9564726,51.0981604]}},{"type":"Feature","id":"osm-node-7465198464","properties":{"name":"Optometrist","category":"healthcare","subcategory":"doctors","sourceId":"osm-overpass","osmType":"node","osmId":7465198464,"sourceUrl":"https://www.openstreetmap.org/node/7465198464","coordinateMethod":"OSM node","address":null,"sourceTags":{"name":"Optometrist","amenity":"doctors","healthcare":"doctor"}},"geometry":{"type":"Point","coordinates":[-113.956297,51.0987736]}},{"type":"Feature","id":"osm-node-7465198467","properties":{"name":"Circle K","category":"convenience","subcategory":"convenience","sourceId":"osm-overpass","osmType":"node","osmId":7465198467,"sourceUrl":"https://www.openstreetmap.org/node/7465198467","coordinateMethod":"OSM node","address":null,"sourceTags":{"name":"Circle K","brand":"Circle K","shop":"convenience"}},"geometry":{"type":"Point","coordinates":[-113.956147,51.0991701]}},{"type":"Feature","id":"osm-node-7483652378","properties":{"name":"Saddleridge Walk-in Clinic","category":"healthcare","subcategory":"clinic","sourceId":"osm-overpass","osmType":"node","osmId":7483652378,"sourceUrl":"https://www.openstreetmap.org/node/7483652378","coordinateMethod":"OSM node","address":null,"sourceTags":{"name":"Saddleridge Walk-in Clinic","amenity":"clinic","healthcare":"clinic","healthcare:speciality":"general"}},"geometry":{"type":"Point","coordinates":[-113.9448167,51.1257209]}},{"type":"Feature","id":"osm-node-7576466276","properties":{"name":"Save-On-Foods","category":"groceries","subcategory":"supermarket","sourceId":"osm-overpass","osmType":"node","osmId":7576466276,"sourceUrl":"https://www.openstreetmap.org/node/7576466276","coordinateMethod":"OSM node","address":"906 16 Avenue SW","sourceTags":{"name":"Save-On-Foods","brand":"Save-On-Foods","shop":"supermarket","opening_hours":"Mo-Su 07:00-22:00"}},"geometry":{"type":"Point","coordinates":[-114.082277,51.0382891]}},{"type":"Feature","id":"osm-node-7578776948","properties":{"name":"Real Canadian Superstore","category":"groceries","subcategory":"supermarket","sourceId":"osm-overpass","osmType":"node","osmId":7578776948,"sourceUrl":"https://www.openstreetmap.org/node/7578776948","coordinateMethod":"OSM node","address":"428 6 Avenue SE","sourceTags":{"name":"Real Canadian Superstore","brand":"Real Canadian Superstore","shop":"supermarket","opening_hours":"Mo-Su 08:00-22:00"}},"geometry":{"type":"Point","coordinates":[-114.055056,51.0474441]}},{"type":"Feature","id":"osm-node-7596578195","properties":{"name":"Circle K","category":"convenience","subcategory":"convenience","sourceId":"osm-overpass","osmType":"node","osmId":7596578195,"sourceUrl":"https://www.openstreetmap.org/node/7596578195","coordinateMethod":"OSM node","address":"1705 17 Avenue SW","sourceTags":{"name":"Circle K","brand":"Circle K","shop":"convenience","opening_hours":"24/7"}},"geometry":{"type":"Point","coordinates":[-114.1004971,51.037433]}},{"type":"Feature","id":"osm-node-7610645866","properties":{"name":"Remedy'sRx","category":"healthcare","subcategory":"pharmacy","sourceId":"osm-overpass","osmType":"node","osmId":7610645866,"sourceUrl":"https://www.openstreetmap.org/node/7610645866","coordinateMethod":"OSM node","address":"803 Chaparral Drive SE","sourceTags":{"name":"Remedy'sRx","brand":"Remedy'sRx","shop":"chemist","amenity":"pharmacy","healthcare":"pharmacy","opening_hours":"Mo-Fr 08:00-20:00; Sa 09:00-14:00; Su off"}},"geometry":{"type":"Point","coordinates":[-114.0359751,50.8777706]}},{"type":"Feature","id":"osm-node-7610645867","properties":{"name":"Fish Creek Medical Clinic","category":"healthcare","subcategory":"clinic","sourceId":"osm-overpass","osmType":"node","osmId":7610645867,"sourceUrl":"https://www.openstreetmap.org/node/7610645867","coordinateMethod":"OSM node","address":"803 Chaparral Drive SE","sourceTags":{"name":"Fish Creek Medical Clinic","amenity":"clinic","healthcare":"clinic","opening_hours":"Mo-Th 10:00-18:00; Fr 09:00-18:00; Sa, Su off"}},"geometry":{"type":"Point","coordinates":[-114.0358563,50.8777697]}},{"type":"Feature","id":"osm-node-7810486493","properties":{"name":"Latino Food Market","category":"convenience","subcategory":"convenience","sourceId":"osm-overpass","osmType":"node","osmId":7810486493,"sourceUrl":"https://www.openstreetmap.org/node/7810486493","coordinateMethod":"OSM node","address":"4803 Centre Street N","sourceTags":{"name":"Latino Food Market","shop":"convenience"}},"geometry":{"type":"Point","coordinates":[-114.0627867,51.0948592]}},{"type":"Feature","id":"osm-node-7873873089","properties":{"name":"Storwick & Associates Dermatology & Laser Clinic","category":"healthcare","subcategory":"clinic","sourceId":"osm-overpass","osmType":"node","osmId":7873873089,"sourceUrl":"https://www.openstreetmap.org/node/7873873089","coordinateMethod":"OSM node","address":"1222 11 Avenue SW","sourceTags":{"name":"Storwick & Associates Dermatology & Laser Clinic","amenity":"clinic","healthcare":"clinic","healthcare:speciality":"dermatology","opening_hours":"Mo-Fr 07:30-15:45"}},"geometry":{"type":"Point","coordinates":[-114.0903418,51.0434188]}},{"type":"Feature","id":"osm-node-7889236803","properties":{"name":"National Spine Care & Sports Medicine","category":"healthcare","subcategory":"clinic","sourceId":"osm-overpass","osmType":"node","osmId":7889236803,"sourceUrl":"https://www.openstreetmap.org/node/7889236803","coordinateMethod":"OSM node","address":"1815 10 Avenue SW","sourceTags":{"name":"National Spine Care & Sports Medicine","healthcare":"clinic"}},"geometry":{"type":"Point","coordinates":[-114.102301,51.0442295]}},{"type":"Feature","id":"osm-node-7986179486","properties":{"name":"Maximum Potential Physiotherapy","category":"healthcare","subcategory":"clinic","sourceId":"osm-overpass","osmType":"node","osmId":7986179486,"sourceUrl":"https://www.openstreetmap.org/node/7986179486","coordinateMethod":"OSM node","address":"1620 29 Street NW East Sidepath","sourceTags":{"name":"Maximum Potential Physiotherapy","amenity":"clinic","healthcare":"clinic","opening_hours":"Mo-Fr 07:00-20:30"}},"geometry":{"type":"Point","coordinates":[-114.128225,51.0677746]}},{"type":"Feature","id":"osm-node-7986182047","properties":{"name":"Country Hills Physiotherapy","category":"healthcare","subcategory":"clinic","sourceId":"osm-overpass","osmType":"node","osmId":7986182047,"sourceUrl":"https://www.openstreetmap.org/node/7986182047","coordinateMethod":"OSM node","address":"8730 Country Hills Boulevard NW","sourceTags":{"name":"Country Hills Physiotherapy","amenity":"clinic","healthcare":"clinic"}},"geometry":{"type":"Point","coordinates":[-114.2114107,51.1493547]}},{"type":"Feature","id":"osm-node-8005225790","properties":{"name":"Martindale Pharmacy","category":"healthcare","subcategory":"pharmacy","sourceId":"osm-overpass","osmType":"node","osmId":8005225790,"sourceUrl":"https://www.openstreetmap.org/node/8005225790","coordinateMethod":"OSM node","address":null,"sourceTags":{"name":"Martindale Pharmacy","amenity":"pharmacy","healthcare":"pharmacy"}},"geometry":{"type":"Point","coordinates":[-113.9522702,51.1143113]}},{"type":"Feature","id":"osm-node-8005225796","properties":{"name":null,"category":"healthcare","subcategory":"clinic","sourceId":"osm-overpass","osmType":"node","osmId":8005225796,"sourceUrl":"https://www.openstreetmap.org/node/8005225796","coordinateMethod":"OSM node","address":null,"sourceTags":{"amenity":"clinic","healthcare":"clinic"}},"geometry":{"type":"Point","coordinates":[-113.9523294,51.1143099]}},{"type":"Feature","id":"osm-node-8143454999","properties":{"name":"SlimReset Canada, Rapid Medical Weight Loss","category":"healthcare","subcategory":"clinic","sourceId":"osm-overpass","osmType":"node","osmId":8143454999,"sourceUrl":"https://www.openstreetmap.org/node/8143454999","coordinateMethod":"OSM node","address":"259 Midpark Way SE","sourceTags":{"name":"SlimReset Canada, Rapid Medical Weight Loss","amenity":"clinic","healthcare":"clinic"}},"geometry":{"type":"Point","coordinates":[-114.0636652,50.9120524]}},{"type":"Feature","id":"osm-node-8185672827","properties":{"name":"Kinetics Performance Center","category":"healthcare","subcategory":"clinic","sourceId":"osm-overpass","osmType":"node","osmId":8185672827,"sourceUrl":"https://www.openstreetmap.org/node/8185672827","coordinateMethod":"OSM node","address":null,"sourceTags":{"name":"Kinetics Performance Center","amenity":"clinic","healthcare":"clinic","healthcare:speciality":"physiotherapy"}},"geometry":{"type":"Point","coordinates":[-114.0884476,50.9935005]}},{"type":"Feature","id":"osm-node-8446637254","properties":{"name":"Happy Together Convenience & Grocery Store","category":"convenience","subcategory":"convenience","sourceId":"osm-overpass","osmType":"node","osmId":8446637254,"sourceUrl":"https://www.openstreetmap.org/node/8446637254","coordinateMethod":"OSM node","address":"348 14 Avenue SW","sourceTags":{"name":"Happy Together Convenience & Grocery Store","shop":"convenience","opening_hours":"Mo-Fr 07:00-23:00; Sa,Su 08:00-22:00","check_date":"2025-08-04"}},"geometry":{"type":"Point","coordinates":[-114.0713177,51.0399228]}},{"type":"Feature","id":"osm-node-8446972439","properties":{"name":"Pharmasave","category":"healthcare","subcategory":"pharmacy","sourceId":"osm-overpass","osmType":"node","osmId":8446972439,"sourceUrl":"https://www.openstreetmap.org/node/8446972439","coordinateMethod":"OSM node","address":"4501 Brisebois Drive NW","sourceTags":{"name":"Pharmasave","brand":"Pharmasave","amenity":"pharmacy","healthcare":"pharmacy","opening_hours":"Mo-Fr 09:00-18:00; Sa 10:00-14:00; Su off","check_date":"2026-07-18"}},"geometry":{"type":"Point","coordinates":[-114.1290041,51.0933175]}},{"type":"Feature","id":"osm-node-8495295755","properties":{"name":"Mount Royal Medicentre","category":"healthcare","subcategory":"clinic","sourceId":"osm-overpass","osmType":"node","osmId":8495295755,"sourceUrl":"https://www.openstreetmap.org/node/8495295755","coordinateMethod":"OSM node","address":"1032 17 Avenue SW","sourceTags":{"name":"Mount Royal Medicentre","amenity":"clinic","healthcare":"clinic"}},"geometry":{"type":"Point","coordinates":[-114.0858005,51.038004]}},{"type":"Feature","id":"osm-node-8495295756","properties":{"name":"Rexall","category":"healthcare","subcategory":"pharmacy","sourceId":"osm-overpass","osmType":"node","osmId":8495295756,"sourceUrl":"https://www.openstreetmap.org/node/8495295756","coordinateMethod":"OSM node","address":"1032 17 Avenue SW","sourceTags":{"name":"Rexall","brand":"Rexall","amenity":"pharmacy","healthcare":"pharmacy","opening_hours":"Mo-Fr 09:00-19:00; Sa,Su 09:00-17:00"}},"geometry":{"type":"Point","coordinates":[-114.085899,51.0380066]}},{"type":"Feature","id":"osm-node-8584538576","properties":{"name":"Westside Medical","category":"healthcare","subcategory":"doctors","sourceId":"osm-overpass","osmType":"node","osmId":8584538576,"sourceUrl":"https://www.openstreetmap.org/node/8584538576","coordinateMethod":"OSM node","address":"1923 17 Avenue SW","sourceTags":{"name":"Westside Medical","amenity":"doctors","healthcare":"doctor","opening_hours":"Mo-Fr 08:00-17:00; Sa, Su off"}},"geometry":{"type":"Point","coordinates":[-114.1060448,51.0376915]}},{"type":"Feature","id":"osm-node-8790412236","properties":{"name":"Pharmedic Pharmacy","category":"healthcare","subcategory":"pharmacy","sourceId":"osm-overpass","osmType":"node","osmId":8790412236,"sourceUrl":"https://www.openstreetmap.org/node/8790412236","coordinateMethod":"OSM node","address":"6558 4 Street NE","sourceTags":{"name":"Pharmedic Pharmacy","amenity":"pharmacy","healthcare":"pharmacy"}},"geometry":{"type":"Point","coordinates":[-114.0558741,51.1114715]}},{"type":"Feature","id":"osm-node-8790609842","properties":{"name":"Select Express","category":"convenience","subcategory":"convenience","sourceId":"osm-overpass","osmType":"node","osmId":8790609842,"sourceUrl":"https://www.openstreetmap.org/node/8790609842","coordinateMethod":"OSM node","address":"4828 Centre Street N","sourceTags":{"name":"Select Express","shop":"convenience"}},"geometry":{"type":"Point","coordinates":[-114.0618848,51.0957073]}},{"type":"Feature","id":"osm-node-8793006874","properties":{"name":"Dr. E.C. Yeung Professional Corporation","category":"healthcare","subcategory":"doctors","sourceId":"osm-overpass","osmType":"node","osmId":8793006874,"sourceUrl":"https://www.openstreetmap.org/node/8793006874","coordinateMethod":"OSM node","address":"8120 Beddington Boulevard NW","sourceTags":{"name":"Dr. E.C. Yeung Professional Corporation","amenity":"doctors","healthcare":"doctor"}},"geometry":{"type":"Point","coordinates":[-114.074116,51.1273236]}},{"type":"Feature","id":"osm-node-8793006877","properties":{"name":"MCI The Doctor’s Office","category":"healthcare","subcategory":"clinic","sourceId":"osm-overpass","osmType":"node","osmId":8793006877,"sourceUrl":"https://www.openstreetmap.org/node/8793006877","coordinateMethod":"OSM node","address":"8120 Beddington Boulevard NW","sourceTags":{"name":"MCI The Doctor’s Office","amenity":"clinic","healthcare":"clinic"}},"geometry":{"type":"Point","coordinates":[-114.0737372,51.1273926]}},{"type":"Feature","id":"osm-node-8797027786","properties":{"name":"Sobeys","category":"groceries","subcategory":"supermarket","sourceId":"osm-overpass","osmType":"node","osmId":8797027786,"sourceUrl":"https://www.openstreetmap.org/node/8797027786","coordinateMethod":"OSM node","address":"1020 64 Avenue NE","sourceTags":{"name":"Sobeys","brand":"Sobeys","shop":"supermarket"}},"geometry":{"type":"Point","coordinates":[-114.0398913,51.1112638]}},{"type":"Feature","id":"osm-node-8818852212","properties":{"name":"Zulu Medical Cosmetics","category":"healthcare","subcategory":"clinic","sourceId":"osm-overpass","osmType":"node","osmId":8818852212,"sourceUrl":"https://www.openstreetmap.org/node/8818852212","coordinateMethod":"OSM node","address":"324 58 Avenue SE","sourceTags":{"name":"Zulu Medical Cosmetics","amenity":"clinic","healthcare":"clinic","healthcare:speciality":"cosmetic","opening_hours":"Mo-Fr 10:00-18:00; Sa, Su off"}},"geometry":{"type":"Point","coordinates":[-114.0590136,51.0016836]}},{"type":"Feature","id":"osm-node-8821583693","properties":{"name":"Panorama Hills Medical Clinic","category":"healthcare","subcategory":"clinic","sourceId":"osm-overpass","osmType":"node","osmId":8821583693,"sourceUrl":"https://www.openstreetmap.org/node/8821583693","coordinateMethod":"OSM node","address":"30 Panatella Boulevard NW","sourceTags":{"name":"Panorama Hills Medical Clinic","amenity":"clinic","healthcare":"clinic","healthcare:speciality":"walk-in;family_doctor"}},"geometry":{"type":"Point","coordinates":[-114.0714295,51.1651097]}},{"type":"Feature","id":"osm-node-8828113407","properties":{"name":"Affinity Medical Clinic","category":"healthcare","subcategory":"clinic","sourceId":"osm-overpass","osmType":"node","osmId":8828113407,"sourceUrl":"https://www.openstreetmap.org/node/8828113407","coordinateMethod":"OSM node","address":"40 Country Hills Road NW","sourceTags":{"name":"Affinity Medical Clinic","amenity":"clinic","healthcare":"clinic"}},"geometry":{"type":"Point","coordinates":[-114.0705681,51.142511]}},{"type":"Feature","id":"osm-node-8828130030","properties":{"name":"Punjab Grocers Store","category":"groceries","subcategory":"supermarket","sourceId":"osm-overpass","osmType":"node","osmId":8828130030,"sourceUrl":"https://www.openstreetmap.org/node/8828130030","coordinateMethod":"OSM node","address":"40 Country Hills Landing NW","sourceTags":{"name":"Punjab Grocers Store","shop":"supermarket"}},"geometry":{"type":"Point","coordinates":[-114.0710613,51.142175]}},{"type":"Feature","id":"osm-node-9028687870","properties":{"name":"Prevail Psychology","category":"healthcare","subcategory":"clinic","sourceId":"osm-overpass","osmType":"node","osmId":9028687870,"sourceUrl":"https://www.openstreetmap.org/node/9028687870","coordinateMethod":"OSM node","address":"906 12 Avenue SW","sourceTags":{"name":"Prevail Psychology","amenity":"clinic","healthcare":"clinic","healthcare:speciality":"psychiatry"}},"geometry":{"type":"Point","coordinates":[-114.0821283,51.0421891]}},{"type":"Feature","id":"osm-node-9049250027","properties":{"name":"7-Eleven","category":"convenience","subcategory":"convenience","sourceId":"osm-overpass","osmType":"node","osmId":9049250027,"sourceUrl":"https://www.openstreetmap.org/node/9049250027","coordinateMethod":"OSM node","address":null,"sourceTags":{"name":"7-Eleven","brand":"7-Eleven","shop":"convenience"}},"geometry":{"type":"Point","coordinates":[-114.1058125,51.1467845]}},{"type":"Feature","id":"osm-node-9098928210","properties":{"name":"Seafood City Supermarket","category":"groceries","subcategory":"supermarket","sourceId":"osm-overpass","osmType":"node","osmId":9098928210,"sourceUrl":"https://www.openstreetmap.org/node/9098928210","coordinateMethod":"OSM node","address":null,"sourceTags":{"name":"Seafood City Supermarket","shop":"supermarket"}},"geometry":{"type":"Point","coordinates":[-113.9874501,51.069722]}},{"type":"Feature","id":"osm-node-9270916228","properties":{"name":"Heathers Pharmacy","category":"healthcare","subcategory":"pharmacy","sourceId":"osm-overpass","osmType":"node","osmId":9270916228,"sourceUrl":"https://www.openstreetmap.org/node/9270916228","coordinateMethod":"OSM node","address":"305 10 Street NW","sourceTags":{"name":"Heathers Pharmacy","amenity":"pharmacy","healthcare":"pharmacy","opening_hours":"Mo-Fr 09:30-19:30; Sa,Su 10:00-19:00"}},"geometry":{"type":"Point","coordinates":[-114.0861075,51.0544842]}},{"type":"Feature","id":"osm-node-9309834088","properties":{"name":"UFA","category":"convenience","subcategory":"convenience","sourceId":"osm-overpass","osmType":"node","osmId":9309834088,"sourceUrl":"https://www.openstreetmap.org/node/9309834088","coordinateMethod":"OSM node","address":"Moraine Road NE","sourceTags":{"name":"UFA","brand":"UFA","shop":"convenience"}},"geometry":{"type":"Point","coordinates":[-113.999315,51.0571118]}},{"type":"Feature","id":"osm-node-9395196876","properties":{"name":"FasttMart","category":"convenience","subcategory":"convenience","sourceId":"osm-overpass","osmType":"node","osmId":9395196876,"sourceUrl":"https://www.openstreetmap.org/node/9395196876","coordinateMethod":"OSM node","address":"233 6 Avenue SE","sourceTags":{"name":"FasttMart","shop":"convenience","opening_hours":"Mo-Fr 08:00-19:00; Sa 08:00-18:00; Su 09:00-18:00"}},"geometry":{"type":"Point","coordinates":[-114.058833,51.0471913]}},{"type":"Feature","id":"osm-node-9454546825","properties":{"name":"Super Save Cash And Carry","category":"groceries","subcategory":"supermarket","sourceId":"osm-overpass","osmType":"node","osmId":9454546825,"sourceUrl":"https://www.openstreetmap.org/node/9454546825","coordinateMethod":"OSM node","address":null,"sourceTags":{"name":"Super Save Cash And Carry","shop":"supermarket","opening_hours":"09:00-21:00"}},"geometry":{"type":"Point","coordinates":[-113.951903,51.133057]}},{"type":"Feature","id":"osm-node-9454546826","properties":{"name":"Trust Convenience Food Store","category":"convenience","subcategory":"convenience","sourceId":"osm-overpass","osmType":"node","osmId":9454546826,"sourceUrl":"https://www.openstreetmap.org/node/9454546826","coordinateMethod":"OSM node","address":null,"sourceTags":{"name":"Trust Convenience Food Store","shop":"convenience","opening_hours":"08:00-23:00"}},"geometry":{"type":"Point","coordinates":[-113.9514435,51.1334724]}},{"type":"Feature","id":"osm-node-9454546832","properties":{"name":"Savannah Psychology","category":"healthcare","subcategory":"doctors","sourceId":"osm-overpass","osmType":"node","osmId":9454546832,"sourceUrl":"https://www.openstreetmap.org/node/9454546832","coordinateMethod":"OSM node","address":null,"sourceTags":{"name":"Savannah Psychology","amenity":"doctors","healthcare":"doctor","healthcare:speciality":"psychiatry"}},"geometry":{"type":"Point","coordinates":[-113.9495614,51.1334964]}},{"type":"Feature","id":"osm-node-9476501234","properties":{"name":"Bulk Barn","category":"groceries","subcategory":"supermarket","sourceId":"osm-overpass","osmType":"node","osmId":9476501234,"sourceUrl":"https://www.openstreetmap.org/node/9476501234","coordinateMethod":"OSM node","address":"3508 34 Street NE","sourceTags":{"name":"Bulk Barn","brand":"Bulk Barn","shop":"supermarket","opening_hours":"Mo-Sa 09:30-18:00; Su 10:00-17:00"}},"geometry":{"type":"Point","coordinates":[-113.9844468,51.082944]}},{"type":"Feature","id":"osm-node-9482438952","properties":{"name":"Temple Convenience Store","category":"convenience","subcategory":"convenience","sourceId":"osm-overpass","osmType":"node","osmId":9482438952,"sourceUrl":"https://www.openstreetmap.org/node/9482438952","coordinateMethod":"OSM node","address":null,"sourceTags":{"name":"Temple Convenience Store","shop":"convenience"}},"geometry":{"type":"Point","coordinates":[-113.9393273,51.0919607]}},{"type":"Feature","id":"osm-node-9482438954","properties":{"name":null,"category":"groceries","subcategory":"supermarket","sourceId":"osm-overpass","osmType":"node","osmId":9482438954,"sourceUrl":"https://www.openstreetmap.org/node/9482438954","coordinateMethod":"OSM node","address":null,"sourceTags":{"shop":"supermarket"}},"geometry":{"type":"Point","coordinates":[-113.9389428,51.0919485]}},{"type":"Feature","id":"osm-node-9533275448","properties":{"name":"Medicare Walk-in Clinic Country Hills","category":"healthcare","subcategory":"clinic","sourceId":"osm-overpass","osmType":"node","osmId":9533275448,"sourceUrl":"https://www.openstreetmap.org/node/9533275448","coordinateMethod":"OSM node","address":"70 Country Hills Landing NW","sourceTags":{"name":"Medicare Walk-in Clinic Country Hills","amenity":"clinic","healthcare":"clinic","opening_hours":"Mo-Fr 09:00-17:00,Sa-Su 09:00-14:00"}},"geometry":{"type":"Point","coordinates":[-114.0728126,51.1416821]}},{"type":"Feature","id":"osm-node-9533275450","properties":{"name":"Medicare Pharmacy,Travel Clinic and Yellow Fever Vaccination Center","category":"healthcare","subcategory":"pharmacy","sourceId":"osm-overpass","osmType":"node","osmId":9533275450,"sourceUrl":"https://www.openstreetmap.org/node/9533275450","coordinateMethod":"OSM node","address":"70 Country Hills Landing NW","sourceTags":{"name":"Medicare Pharmacy,Travel Clinic and Yellow Fever Vaccination Center","amenity":"pharmacy","healthcare":"pharmacy","opening_hours":"Mo-Fr 09:00-17:00,Sa-Su 09:00-14:00"}},"geometry":{"type":"Point","coordinates":[-114.0727416,51.1416731]}},{"type":"Feature","id":"osm-node-9548685819","properties":{"name":"Holistic Institute of Health and Fertility","category":"healthcare","subcategory":"clinic","sourceId":"osm-overpass","osmType":"node","osmId":9548685819,"sourceUrl":"https://www.openstreetmap.org/node/9548685819","coordinateMethod":"OSM node","address":"4411 16 Avenue NW","sourceTags":{"name":"Holistic Institute of Health and Fertility","amenity":"clinic","healthcare":"clinic","healthcare:speciality":"fertility","opening_hours":"Mo-Th 09:00-21:00; Fr 09:00-19:00; Sa 09:00-15:00; Su 09:00-16:00"}},"geometry":{"type":"Point","coordinates":[-114.1591958,51.0679969]}},{"type":"Feature","id":"osm-node-9560688779","properties":{"name":"De Chosen African Market","category":"convenience","subcategory":"convenience","sourceId":"osm-overpass","osmType":"node","osmId":9560688779,"sourceUrl":"https://www.openstreetmap.org/node/9560688779","coordinateMethod":"OSM node","address":null,"sourceTags":{"name":"De Chosen African Market","shop":"convenience"}},"geometry":{"type":"Point","coordinates":[-113.9364644,51.0528367]}},{"type":"Feature","id":"osm-node-9560688782","properties":{"name":"Lucky 7","category":"convenience","subcategory":"convenience","sourceId":"osm-overpass","osmType":"node","osmId":9560688782,"sourceUrl":"https://www.openstreetmap.org/node/9560688782","coordinateMethod":"OSM node","address":null,"sourceTags":{"name":"Lucky 7","shop":"convenience"}},"geometry":{"type":"Point","coordinates":[-113.9360548,51.0530051]}},{"type":"Feature","id":"osm-node-9581370822","properties":{"name":"Save-On-Foods","category":"groceries","subcategory":"supermarket","sourceId":"osm-overpass","osmType":"node","osmId":9581370822,"sourceUrl":"https://www.openstreetmap.org/node/9581370822","coordinateMethod":"OSM node","address":"4135 University Avenue NW","sourceTags":{"name":"Save-On-Foods","brand":"Save-On-Foods","shop":"supermarket","opening_hours":"Mo-Su 07:00-22:00"}},"geometry":{"type":"Point","coordinates":[-114.1469739,51.0773341]}},{"type":"Feature","id":"osm-node-9581508214","properties":{"name":"Circle K","category":"convenience","subcategory":"convenience","sourceId":"osm-overpass","osmType":"node","osmId":9581508214,"sourceUrl":"https://www.openstreetmap.org/node/9581508214","coordinateMethod":"OSM node","address":null,"sourceTags":{"name":"Circle K","brand":"Circle K","shop":"convenience"}},"geometry":{"type":"Point","coordinates":[-114.2162982,51.0676233]}},{"type":"Feature","id":"osm-node-9581542468","properties":{"name":"Core Pharmacy","category":"healthcare","subcategory":"pharmacy","sourceId":"osm-overpass","osmType":"node","osmId":9581542468,"sourceUrl":"https://www.openstreetmap.org/node/9581542468","coordinateMethod":"OSM node","address":null,"sourceTags":{"name":"Core Pharmacy","amenity":"pharmacy","healthcare":"pharmacy"}},"geometry":{"type":"Point","coordinates":[-114.2104056,51.0667386]}},{"type":"Feature","id":"osm-node-9585868082","properties":{"name":"Shoppers Drug Mart","category":"healthcare","subcategory":"pharmacy","sourceId":"osm-overpass","osmType":"node","osmId":9585868082,"sourceUrl":"https://www.openstreetmap.org/node/9585868082","coordinateMethod":"OSM node","address":null,"sourceTags":{"name":"Shoppers Drug Mart","brand":"Shoppers Drug Mart","amenity":"pharmacy","healthcare":"pharmacy"}},"geometry":{"type":"Point","coordinates":[-114.1599249,51.1811358]}},{"type":"Feature","id":"osm-node-9585868098","properties":{"name":"Co-op","category":"convenience","subcategory":"convenience","sourceId":"osm-overpass","osmType":"node","osmId":9585868098,"sourceUrl":"https://www.openstreetmap.org/node/9585868098","coordinateMethod":"OSM node","address":null,"sourceTags":{"name":"Co-op","brand":"Federated Co-operatives","shop":"convenience"}},"geometry":{"type":"Point","coordinates":[-114.1603887,51.1815945]}},{"type":"Feature","id":"osm-node-9585868104","properties":{"name":"Calgary Co-op Sage Hill Food Centre","category":"groceries","subcategory":"supermarket","sourceId":"osm-overpass","osmType":"node","osmId":9585868104,"sourceUrl":"https://www.openstreetmap.org/node/9585868104","coordinateMethod":"OSM node","address":"235 Sage Valley Common NW","sourceTags":{"name":"Calgary Co-op Sage Hill Food Centre","shop":"supermarket","opening_hours":"Mo-Su 08:00-22:00"}},"geometry":{"type":"Point","coordinates":[-114.157671,51.1811637]}},{"type":"Feature","id":"osm-node-9586008657","properties":{"name":"7-Eleven","category":"convenience","subcategory":"convenience","sourceId":"osm-overpass","osmType":"node","osmId":9586008657,"sourceUrl":"https://www.openstreetmap.org/node/9586008657","coordinateMethod":"OSM node","address":null,"sourceTags":{"name":"7-Eleven","brand":"7-Eleven","shop":"convenience"}},"geometry":{"type":"Point","coordinates":[-114.1078478,51.1736599]}},{"type":"Feature","id":"osm-node-9595534833","properties":{"name":"Ricks Grocery","category":"convenience","subcategory":"convenience","sourceId":"osm-overpass","osmType":"node","osmId":9595534833,"sourceUrl":"https://www.openstreetmap.org/node/9595534833","coordinateMethod":"OSM node","address":null,"sourceTags":{"name":"Ricks Grocery","shop":"convenience"}},"geometry":{"type":"Point","coordinates":[-114.0206511,50.9974867]}},{"type":"Feature","id":"osm-node-9642075014","properties":{"name":"Marlborough Medical Clinic","category":"healthcare","subcategory":"clinic","sourceId":"osm-overpass","osmType":"node","osmId":9642075014,"sourceUrl":"https://www.openstreetmap.org/node/9642075014","coordinateMethod":"OSM node","address":"495 36 Street NE","sourceTags":{"name":"Marlborough Medical Clinic","amenity":"clinic","healthcare":"clinic","opening_hours":"Mo-Fr 09:00-20:00; Sa 10:00-15:30; Su 09:00-16:00"}},"geometry":{"type":"Point","coordinates":[-113.9851098,51.0556451]}},{"type":"Feature","id":"osm-node-9643818698","properties":{"name":"Sobeys","category":"groceries","subcategory":"supermarket","sourceId":"osm-overpass","osmType":"node","osmId":9643818698,"sourceUrl":"https://www.openstreetmap.org/node/9643818698","coordinateMethod":"OSM node","address":null,"sourceTags":{"name":"Sobeys","brand":"Sobeys","shop":"supermarket"}},"geometry":{"type":"Point","coordinates":[-114.0278472,50.8629064]}},{"type":"Feature","id":"osm-node-9643997718","properties":{"name":"Remedy'sRx","category":"healthcare","subcategory":"pharmacy","sourceId":"osm-overpass","osmType":"node","osmId":9643997718,"sourceUrl":"https://www.openstreetmap.org/node/9643997718","coordinateMethod":"OSM node","address":null,"sourceTags":{"name":"Remedy'sRx","brand":"Remedy'sRx","amenity":"pharmacy","healthcare":"pharmacy"}},"geometry":{"type":"Point","coordinates":[-114.0266439,50.8757999]}},{"type":"Feature","id":"osm-node-9646659990","properties":{"name":"Sheffield Express","category":"convenience","subcategory":"convenience","sourceId":"osm-overpass","osmType":"node","osmId":9646659990,"sourceUrl":"https://www.openstreetmap.org/node/9646659990","coordinateMethod":"OSM node","address":"751 3 Street SW","sourceTags":{"name":"Sheffield Express","shop":"convenience"}},"geometry":{"type":"Point","coordinates":[-114.070995,51.0462822]}},{"type":"Feature","id":"osm-node-9676153740","properties":{"name":"Rawleigh Food Mart","category":"convenience","subcategory":"convenience","sourceId":"osm-overpass","osmType":"node","osmId":9676153740,"sourceUrl":"https://www.openstreetmap.org/node/9676153740","coordinateMethod":"OSM node","address":"1529 4 Street SW","sourceTags":{"name":"Rawleigh Food Mart","shop":"convenience","opening_hours":"Mo-Fr 08:00-23:00; Sa 09:00-23:00; Su 09:00-22:00","check_date:opening_hours":"2026-04-19"}},"geometry":{"type":"Point","coordinates":[-114.071729,51.0382349]}},{"type":"Feature","id":"osm-node-9690103183","properties":{"name":"Centre Point Grocery","category":"convenience","subcategory":"convenience","sourceId":"osm-overpass","osmType":"node","osmId":9690103183,"sourceUrl":"https://www.openstreetmap.org/node/9690103183","coordinateMethod":"OSM node","address":null,"sourceTags":{"name":"Centre Point Grocery","shop":"convenience","opening_hours":"Mo-Fr 07:00-21:00; Sa 09:00-21:00; Su 09:00-20:00; PH 09:00-20:00"}},"geometry":{"type":"Point","coordinates":[-114.0631711,51.0394154]}},{"type":"Feature","id":"osm-node-9690103189","properties":{"name":"KOKO Japanese Eatery","category":"convenience","subcategory":"convenience","sourceId":"osm-overpass","osmType":"node","osmId":9690103189,"sourceUrl":"https://www.openstreetmap.org/node/9690103189","coordinateMethod":"OSM node","address":"620A 17 Avenue SW","sourceTags":{"name":"KOKO Japanese Eatery","shop":"convenience","opening_hours":"Su-Th 11:00-22:00; Fr-Sa 11:00-25:00","check_date":"2026-03-23"}},"geometry":{"type":"Point","coordinates":[-114.0756033,51.0379615]}},{"type":"Feature","id":"osm-node-9697510225","properties":{"name":"Join Us Convenience Store","category":"convenience","subcategory":"convenience","sourceId":"osm-overpass","osmType":"node","osmId":9697510225,"sourceUrl":"https://www.openstreetmap.org/node/9697510225","coordinateMethod":"OSM node","address":"1039 17 Avenue SW","sourceTags":{"name":"Join Us Convenience Store","shop":"convenience","opening_hours":"Mo-Fr 08:00-22:30; Sa 09:00-22:30; Su 09:00-22:00"}},"geometry":{"type":"Point","coordinates":[-114.086586,51.0376628]}},{"type":"Feature","id":"osm-node-9747991914","properties":{"name":"Shoppers Drug Mart","category":"healthcare","subcategory":"pharmacy","sourceId":"osm-overpass","osmType":"node","osmId":9747991914,"sourceUrl":"https://www.openstreetmap.org/node/9747991914","coordinateMethod":"OSM node","address":"2412 4 Street SW","sourceTags":{"name":"Shoppers Drug Mart","brand":"Shoppers Drug Mart","amenity":"pharmacy","healthcare":"pharmacy","opening_hours":"Mo-Su 08:00-24:00"}},"geometry":{"type":"Point","coordinates":[-114.0712326,51.0313764]}},{"type":"Feature","id":"osm-node-9831636750","properties":{"name":"I.D.A.","category":"healthcare","subcategory":"pharmacy","sourceId":"osm-overpass","osmType":"node","osmId":9831636750,"sourceUrl":"https://www.openstreetmap.org/node/9831636750","coordinateMethod":"OSM node","address":"1011 1 Street SW","sourceTags":{"name":"I.D.A.","brand":"I.D.A.","amenity":"pharmacy","healthcare":"pharmacy"}},"geometry":{"type":"Point","coordinates":[-114.065927,51.0427853]}},{"type":"Feature","id":"osm-node-9987126836","properties":{"name":"Sunterra Market","category":"groceries","subcategory":"supermarket","sourceId":"osm-overpass","osmType":"node","osmId":9987126836,"sourceUrl":"https://www.openstreetmap.org/node/9987126836","coordinateMethod":"OSM node","address":"803 49 Avenue SW","sourceTags":{"name":"Sunterra Market","shop":"supermarket","check_date":"2025-11-09"}},"geometry":{"type":"Point","coordinates":[-114.0817,51.0093932]}},{"type":"Feature","id":"osm-node-9989044818","properties":{"name":"Hudson","category":"convenience","subcategory":"convenience","sourceId":"osm-overpass","osmType":"node","osmId":9989044818,"sourceUrl":"https://www.openstreetmap.org/node/9989044818","coordinateMethod":"OSM node","address":null,"sourceTags":{"name":"Hudson","brand":"Hudson","shop":"convenience"}},"geometry":{"type":"Point","coordinates":[-114.012494,51.1329178]}},{"type":"Feature","id":"osm-node-10001135217","properties":{"name":"Integra Naturopathics","category":"healthcare","subcategory":"clinic","sourceId":"osm-overpass","osmType":"node","osmId":10001135217,"sourceUrl":"https://www.openstreetmap.org/node/10001135217","coordinateMethod":"OSM node","address":"1026","sourceTags":{"name":"Integra Naturopathics","amenity":"clinic","healthcare":"clinic","opening_hours":"Mo-Fr 09:00-17:00"}},"geometry":{"type":"Point","coordinates":[-114.042925,51.0409315]}},{"type":"Feature","id":"osm-node-10013811617","properties":{"name":"Shoppers Drug Mart","category":"healthcare","subcategory":"pharmacy","sourceId":"osm-overpass","osmType":"node","osmId":10013811617,"sourceUrl":"https://www.openstreetmap.org/node/10013811617","coordinateMethod":"OSM node","address":"6449 Crowchild Trail SW","sourceTags":{"name":"Shoppers Drug Mart","brand":"Shoppers Drug Mart","amenity":"pharmacy","healthcare":"pharmacy","opening_hours":"Mo-Fr 09:00-21:00; Sa 09:00-18:00; Su 11:00-18:00"}},"geometry":{"type":"Point","coordinates":[-114.1194963,50.9964165]}},{"type":"Feature","id":"osm-node-10107127417","properties":{"name":"Rexall","category":"healthcare","subcategory":"pharmacy","sourceId":"osm-overpass","osmType":"node","osmId":10107127417,"sourceUrl":"https://www.openstreetmap.org/node/10107127417","coordinateMethod":"OSM node","address":"315 8 Avenue SW","sourceTags":{"name":"Rexall","brand":"Rexall","amenity":"pharmacy","healthcare":"pharmacy","opening_hours":"Mo-Fr 07:00-18:00; Sa 09:00-17:00; Su,PH off"}},"geometry":{"type":"Point","coordinates":[-114.0688563,51.0450698]}},{"type":"Feature","id":"osm-node-10107172917","properties":{"name":"Shoppers Drug Mart","category":"healthcare","subcategory":"pharmacy","sourceId":"osm-overpass","osmType":"node","osmId":10107172917,"sourceUrl":"https://www.openstreetmap.org/node/10107172917","coordinateMethod":"OSM node","address":"317 7 Avenue SW","sourceTags":{"name":"Shoppers Drug Mart","brand":"Shoppers Drug Mart","amenity":"pharmacy","healthcare":"pharmacy","opening_hours":"Mo-Fr 11:00-18:00; Su 11:00-17:00; Sa 09:30-18:00"}},"geometry":{"type":"Point","coordinates":[-114.070063,51.046545]}},{"type":"Feature","id":"osm-node-10184719579","properties":{"name":"Real Canadian Superstore","category":"groceries","subcategory":"supermarket","sourceId":"osm-overpass","osmType":"node","osmId":10184719579,"sourceUrl":"https://www.openstreetmap.org/node/10184719579","coordinateMethod":"OSM node","address":"3400 69 Street NW","sourceTags":{"name":"Real Canadian Superstore","brand":"Real Canadian Superstore","shop":"supermarket","opening_hours":"07:00-11:00"}},"geometry":{"type":"Point","coordinates":[-114.1869185,51.0821326]}},{"type":"Feature","id":"osm-node-10250057436","properties":{"name":"Cascade Orthotics","category":"healthcare","subcategory":"clinic","sourceId":"osm-overpass","osmType":"node","osmId":10250057436,"sourceUrl":"https://www.openstreetmap.org/node/10250057436","coordinateMethod":"OSM node","address":"2636 Parkdale Boulevard NW","sourceTags":{"name":"Cascade Orthotics","amenity":"clinic","healthcare":"clinic","healthcare:speciality":"orthotics"}},"geometry":{"type":"Point","coordinates":[-114.1222034,51.0531801]}},{"type":"Feature","id":"osm-node-10250057437","properties":{"name":"Cascade Prosthetic Services","category":"healthcare","subcategory":"clinic","sourceId":"osm-overpass","osmType":"node","osmId":10250057437,"sourceUrl":"https://www.openstreetmap.org/node/10250057437","coordinateMethod":"OSM node","address":"2636 Parkdale Boulevard NW","sourceTags":{"name":"Cascade Prosthetic Services","amenity":"clinic","healthcare":"clinic","healthcare:speciality":"prosthetics"}},"geometry":{"type":"Point","coordinates":[-114.1220538,51.0531102]}},{"type":"Feature","id":"osm-node-10250057438","properties":{"name":"Aveiro Sleep","category":"healthcare","subcategory":"clinic","sourceId":"osm-overpass","osmType":"node","osmId":10250057438,"sourceUrl":"https://www.openstreetmap.org/node/10250057438","coordinateMethod":"OSM node","address":"2628 Parkdale Boulevard NW","sourceTags":{"name":"Aveiro Sleep","amenity":"clinic","healthcare":"clinic","healthcare:speciality":"sleep_apnea"}},"geometry":{"type":"Point","coordinates":[-114.1218724,51.0528927]}},{"type":"Feature","id":"osm-node-10250057439","properties":{"name":"Parkdale Periodontics","category":"healthcare","subcategory":"clinic","sourceId":"osm-overpass","osmType":"node","osmId":10250057439,"sourceUrl":"https://www.openstreetmap.org/node/10250057439","coordinateMethod":"OSM node","address":"2626 Parkdale Boulevard NW","sourceTags":{"name":"Parkdale Periodontics","amenity":"clinic","healthcare":"clinic","healthcare:speciality":"periodontics"}},"geometry":{"type":"Point","coordinates":[-114.1218078,51.052861]}},{"type":"Feature","id":"osm-node-10262933851","properties":{"name":"Go Market","category":"convenience","subcategory":"convenience","sourceId":"osm-overpass","osmType":"node","osmId":10262933851,"sourceUrl":"https://www.openstreetmap.org/node/10262933851","coordinateMethod":"OSM node","address":"15207 Bannister Road SE","sourceTags":{"name":"Go Market","shop":"convenience"}},"geometry":{"type":"Point","coordinates":[-114.0680926,50.9168757]}},{"type":"Feature","id":"osm-node-10265929967","properties":{"name":"Hearing Loss Clinic","category":"healthcare","subcategory":"clinic","sourceId":"osm-overpass","osmType":"node","osmId":10265929967,"sourceUrl":"https://www.openstreetmap.org/node/10265929967","coordinateMethod":"OSM node","address":"4031 University Avenue NW","sourceTags":{"name":"Hearing Loss Clinic","amenity":"clinic","healthcare":"clinic","healthcare:speciality":"audiology","opening_hours":"Mo-Th 09:00-16:30; Fr 09:00-16:00; Sa, Su, PH off"}},"geometry":{"type":"Point","coordinates":[-114.1454648,51.078149]}},{"type":"Feature","id":"osm-node-10563793337","properties":{"name":"Circle K","category":"convenience","subcategory":"convenience","sourceId":"osm-overpass","osmType":"node","osmId":10563793337,"sourceUrl":"https://www.openstreetmap.org/node/10563793337","coordinateMethod":"OSM node","address":null,"sourceTags":{"name":"Circle K","brand":"Circle K","shop":"convenience"}},"geometry":{"type":"Point","coordinates":[-113.9576188,50.9936767]}},{"type":"Feature","id":"osm-node-10594565076","properties":{"name":"Chaparral Pharmacy","category":"healthcare","subcategory":"pharmacy","sourceId":"osm-overpass","osmType":"node","osmId":10594565076,"sourceUrl":"https://www.openstreetmap.org/node/10594565076","coordinateMethod":"OSM node","address":null,"sourceTags":{"name":"Chaparral Pharmacy","amenity":"pharmacy","healthcare":"pharmacy"}},"geometry":{"type":"Point","coordinates":[-114.0257833,50.8865112]}},{"type":"Feature","id":"osm-node-10594565079","properties":{"name":"Lake Chaparral Medical Clinic","category":"healthcare","subcategory":"clinic","sourceId":"osm-overpass","osmType":"node","osmId":10594565079,"sourceUrl":"https://www.openstreetmap.org/node/10594565079","coordinateMethod":"OSM node","address":null,"sourceTags":{"name":"Lake Chaparral Medical Clinic","amenity":"clinic","healthcare":"clinic"}},"geometry":{"type":"Point","coordinates":[-114.0255378,50.8865509]}},{"type":"Feature","id":"osm-node-10650528065","properties":{"name":"Inifinity Liquor","category":"groceries","subcategory":"supermarket","sourceId":"osm-overpass","osmType":"node","osmId":10650528065,"sourceUrl":"https://www.openstreetmap.org/node/10650528065","coordinateMethod":"OSM node","address":"2416 16 Avenue NW","sourceTags":{"name":"Inifinity Liquor","shop":"supermarket"}},"geometry":{"type":"Point","coordinates":[-114.1158017,51.0674124]}},{"type":"Feature","id":"osm-node-10674815526","properties":{"name":"On the Run","category":"convenience","subcategory":"convenience","sourceId":"osm-overpass","osmType":"node","osmId":10674815526,"sourceUrl":"https://www.openstreetmap.org/node/10674815526","coordinateMethod":"OSM node","address":null,"sourceTags":{"name":"On the Run","brand":"On the Run","shop":"convenience"}},"geometry":{"type":"Point","coordinates":[-114.0822418,51.0393584]}},{"type":"Feature","id":"osm-node-10674821988","properties":{"name":"On the Run","category":"convenience","subcategory":"convenience","sourceId":"osm-overpass","osmType":"node","osmId":10674821988,"sourceUrl":"https://www.openstreetmap.org/node/10674821988","coordinateMethod":"OSM node","address":null,"sourceTags":{"name":"On the Run","brand":"On the Run","shop":"convenience"}},"geometry":{"type":"Point","coordinates":[-114.0951886,51.0420129]}},{"type":"Feature","id":"osm-node-10746482505","properties":{"name":"Freestone","category":"groceries","subcategory":"supermarket","sourceId":"osm-overpass","osmType":"node","osmId":10746482505,"sourceUrl":"https://www.openstreetmap.org/node/10746482505","coordinateMethod":"OSM node","address":null,"sourceTags":{"name":"Freestone","shop":"supermarket"}},"geometry":{"type":"Point","coordinates":[-113.993658,51.082232]}},{"type":"Feature","id":"osm-node-10828669195","properties":{"name":"Satori Health Centre Greenview","category":"healthcare","subcategory":"clinic","sourceId":"osm-overpass","osmType":"node","osmId":10828669195,"sourceUrl":"https://www.openstreetmap.org/node/10828669195","coordinateMethod":"OSM node","address":"4804 Edmonton Trail NE","sourceTags":{"name":"Satori Health Centre Greenview","amenity":"clinic","healthcare":"clinic"}},"geometry":{"type":"Point","coordinates":[-114.0530936,51.0947942]}},{"type":"Feature","id":"osm-node-10828669196","properties":{"name":"Capsule Pharmacy Greenview","category":"healthcare","subcategory":"pharmacy","sourceId":"osm-overpass","osmType":"node","osmId":10828669196,"sourceUrl":"https://www.openstreetmap.org/node/10828669196","coordinateMethod":"OSM node","address":"4804 Edmonton Trail NE","sourceTags":{"name":"Capsule Pharmacy Greenview","amenity":"pharmacy","healthcare":"pharmacy","opening_hours":"Mo-Fr 09:00-18:00"}},"geometry":{"type":"Point","coordinates":[-114.0532409,51.094946]}},{"type":"Feature","id":"osm-node-10862593414","properties":{"name":"Chrysalis Obstetrics & Gynaecology","category":"healthcare","subcategory":"clinic","sourceId":"osm-overpass","osmType":"node","osmId":10862593414,"sourceUrl":"https://www.openstreetmap.org/node/10862593414","coordinateMethod":"OSM node","address":null,"sourceTags":{"name":"Chrysalis Obstetrics & Gynaecology","amenity":"clinic","healthcare":"clinic"}},"geometry":{"type":"Point","coordinates":[-114.073536,50.9750454]}},{"type":"Feature","id":"osm-node-10896891574","properties":{"name":"Cedarbrae Pharmacy","category":"healthcare","subcategory":"pharmacy","sourceId":"osm-overpass","osmType":"node","osmId":10896891574,"sourceUrl":"https://www.openstreetmap.org/node/10896891574","coordinateMethod":"OSM node","address":"11211 30 Street SW","sourceTags":{"name":"Cedarbrae Pharmacy","amenity":"pharmacy","healthcare":"pharmacy","opening_hours":"Mo-Sa 09:00-20:00"}},"geometry":{"type":"Point","coordinates":[-114.1301047,50.9537342]}},{"type":"Feature","id":"osm-node-11012933043","properties":{"name":"Merit IDA Pharmacy","category":"healthcare","subcategory":"pharmacy","sourceId":"osm-overpass","osmType":"node","osmId":11012933043,"sourceUrl":"https://www.openstreetmap.org/node/11012933043","coordinateMethod":"OSM node","address":"11458 Braeside Drive SW","sourceTags":{"name":"Merit IDA Pharmacy","amenity":"pharmacy","healthcare":"pharmacy"}},"geometry":{"type":"Point","coordinates":[-114.1165027,50.9539082]}},{"type":"Feature","id":"osm-node-11013031120","properties":{"name":"Harmony Grocery Store","category":"convenience","subcategory":"convenience","sourceId":"osm-overpass","osmType":"node","osmId":11013031120,"sourceUrl":"https://www.openstreetmap.org/node/11013031120","coordinateMethod":"OSM node","address":null,"sourceTags":{"name":"Harmony Grocery Store","shop":"convenience","opening_hours":"Mo-Fr 08:00-19:30; Sa 09:00-18:30; Su 09:30-12:00"}},"geometry":{"type":"Point","coordinates":[-114.0867653,51.0472953]}},{"type":"Feature","id":"osm-node-11041537373","properties":{"name":"Revive Pharmacy","category":"healthcare","subcategory":"pharmacy","sourceId":"osm-overpass","osmType":"node","osmId":11041537373,"sourceUrl":"https://www.openstreetmap.org/node/11041537373","coordinateMethod":"OSM node","address":"1905 20 Avenue NW","sourceTags":{"name":"Revive Pharmacy","amenity":"pharmacy","healthcare":"pharmacy","opening_hours":"Mo-Fr 09:00-17:30; Sa 10:00-14:00","check_date":"2025-08-10"}},"geometry":{"type":"Point","coordinates":[-114.1049866,51.0703694]}},{"type":"Feature","id":"osm-node-11049671957","properties":{"name":"Sunny Variety","category":"convenience","subcategory":"convenience","sourceId":"osm-overpass","osmType":"node","osmId":11049671957,"sourceUrl":"https://www.openstreetmap.org/node/11049671957","coordinateMethod":"OSM node","address":"4820 16 Street SW","sourceTags":{"name":"Sunny Variety","shop":"convenience","check_date":"2024-10-26"}},"geometry":{"type":"Point","coordinates":[-114.0999277,51.0108599]}},{"type":"Feature","id":"osm-node-11051993091","properties":{"name":"Dover Medical Clinic","category":"healthcare","subcategory":"clinic","sourceId":"osm-overpass","osmType":"node","osmId":11051993091,"sourceUrl":"https://www.openstreetmap.org/node/11051993091","coordinateMethod":"OSM node","address":null,"sourceTags":{"name":"Dover Medical Clinic","amenity":"clinic","healthcare":"clinic"}},"geometry":{"type":"Point","coordinates":[-113.9831997,51.0299134]}},{"type":"Feature","id":"osm-node-11059839179","properties":{"name":"Unimarket Latin Foods","category":"groceries","subcategory":"supermarket","sourceId":"osm-overpass","osmType":"node","osmId":11059839179,"sourceUrl":"https://www.openstreetmap.org/node/11059839179","coordinateMethod":"OSM node","address":"128 50 Avenue SE","sourceTags":{"name":"Unimarket Latin Foods","shop":"supermarket"}},"geometry":{"type":"Point","coordinates":[-114.0633824,51.0092256]}},{"type":"Feature","id":"osm-node-11060019581","properties":{"name":"BVD Store","category":"convenience","subcategory":"convenience","sourceId":"osm-overpass","osmType":"node","osmId":11060019581,"sourceUrl":"https://www.openstreetmap.org/node/11060019581","coordinateMethod":"OSM node","address":"2515 50 Avenue SE","sourceTags":{"name":"BVD Store","shop":"convenience","opening_hours":"24/7"}},"geometry":{"type":"Point","coordinates":[-114.0001195,51.0084072]}},{"type":"Feature","id":"osm-node-11060051642","properties":{"name":"Tuckers Food Store","category":"convenience","subcategory":"convenience","sourceId":"osm-overpass","osmType":"node","osmId":11060051642,"sourceUrl":"https://www.openstreetmap.org/node/11060051642","coordinateMethod":"OSM node","address":null,"sourceTags":{"name":"Tuckers Food Store","shop":"convenience"}},"geometry":{"type":"Point","coordinates":[-113.9982503,51.0183877]}},{"type":"Feature","id":"osm-node-11060572750","properties":{"name":"Dover IDA Pharmacy","category":"healthcare","subcategory":"pharmacy","sourceId":"osm-overpass","osmType":"node","osmId":11060572750,"sourceUrl":"https://www.openstreetmap.org/node/11060572750","coordinateMethod":"OSM node","address":null,"sourceTags":{"name":"Dover IDA Pharmacy","amenity":"pharmacy","healthcare":"pharmacy"}},"geometry":{"type":"Point","coordinates":[-113.9984417,51.0182445]}},{"type":"Feature","id":"osm-node-11060777762","properties":{"name":"Petro-Canada","category":"convenience","subcategory":"convenience","sourceId":"osm-overpass","osmType":"node","osmId":11060777762,"sourceUrl":"https://www.openstreetmap.org/node/11060777762","coordinateMethod":"OSM node","address":"15 Erin Woods Boulevard SE","sourceTags":{"name":"Petro-Canada","brand":"Petro-Canada","shop":"convenience"}},"geometry":{"type":"Point","coordinates":[-113.978443,51.0178187]}},{"type":"Feature","id":"osm-node-11068033076","properties":{"name":"J-Bliss","category":"convenience","subcategory":"convenience","sourceId":"osm-overpass","osmType":"node","osmId":11068033076,"sourceUrl":"https://www.openstreetmap.org/node/11068033076","coordinateMethod":"OSM node","address":null,"sourceTags":{"name":"J-Bliss","shop":"convenience"}},"geometry":{"type":"Point","coordinates":[-113.9907175,51.0224647]}},{"type":"Feature","id":"osm-node-11068033078","properties":{"name":"On The Go","category":"convenience","subcategory":"convenience","sourceId":"osm-overpass","osmType":"node","osmId":11068033078,"sourceUrl":"https://www.openstreetmap.org/node/11068033078","coordinateMethod":"OSM node","address":null,"sourceTags":{"name":"On The Go","shop":"convenience"}},"geometry":{"type":"Point","coordinates":[-113.9909669,51.0228722]}},{"type":"Feature","id":"osm-node-11137425643","properties":{"name":"DashMart","category":"groceries","subcategory":"supermarket","sourceId":"osm-overpass","osmType":"node","osmId":11137425643,"sourceUrl":"https://www.openstreetmap.org/node/11137425643","coordinateMethod":"OSM node","address":null,"sourceTags":{"name":"DashMart","brand":"DoorDash","shop":"supermarket","opening_hours":"24/7"}},"geometry":{"type":"Point","coordinates":[-113.992681,51.0631002]}},{"type":"Feature","id":"osm-node-11162034885","properties":{"name":"Faj Medical Clinic","category":"healthcare","subcategory":"doctors","sourceId":"osm-overpass","osmType":"node","osmId":11162034885,"sourceUrl":"https://www.openstreetmap.org/node/11162034885","coordinateMethod":"OSM node","address":"1219 11 Avenue SW","sourceTags":{"name":"Faj Medical Clinic","amenity":"doctors","healthcare":"doctor","opening_hours":"Mo-Fr 09:00-20:00; Sa-Su 13:00-18:00"}},"geometry":{"type":"Point","coordinates":[-114.0899295,51.0430019]}},{"type":"Feature","id":"osm-node-11237067014","properties":{"name":"Duty Free Store","category":"convenience","subcategory":"convenience","sourceId":"osm-overpass","osmType":"node","osmId":11237067014,"sourceUrl":"https://www.openstreetmap.org/node/11237067014","coordinateMethod":"OSM node","address":null,"sourceTags":{"name":"Duty Free Store","shop":"convenience"}},"geometry":{"type":"Point","coordinates":[-114.0040641,51.129697]}},{"type":"Feature","id":"osm-node-11282612018","properties":{"name":null,"category":"convenience","subcategory":"convenience","sourceId":"osm-overpass","osmType":"node","osmId":11282612018,"sourceUrl":"https://www.openstreetmap.org/node/11282612018","coordinateMethod":"OSM node","address":"100 Country Village Road NE","sourceTags":{"shop":"convenience","check_date":"2025-11-10"}},"geometry":{"type":"Point","coordinates":[-114.068872,51.1617283]}},{"type":"Feature","id":"osm-node-11416034958","properties":{"name":"Oakridge Medical","category":"healthcare","subcategory":"doctors","sourceId":"osm-overpass","osmType":"node","osmId":11416034958,"sourceUrl":"https://www.openstreetmap.org/node/11416034958","coordinateMethod":"OSM node","address":"10003 24 Street SW","sourceTags":{"name":"Oakridge Medical","amenity":"doctors","healthcare":"doctor"}},"geometry":{"type":"Point","coordinates":[-114.1185599,50.962991]}},{"type":"Feature","id":"osm-node-11565719495","properties":{"name":"7-Eleven","category":"convenience","subcategory":"convenience","sourceId":"osm-overpass","osmType":"node","osmId":11565719495,"sourceUrl":"https://www.openstreetmap.org/node/11565719495","coordinateMethod":"OSM node","address":"3775 202 Avenue SE","sourceTags":{"name":"7-Eleven","brand":"7-Eleven","shop":"convenience"}},"geometry":{"type":"Point","coordinates":[-113.950249,50.8662994]}},{"type":"Feature","id":"osm-node-11737639248","properties":{"name":"Oasis Medical Centre - Chestermere Family Physicians & Walk-in Clinic","category":"healthcare","subcategory":"doctors","sourceId":"osm-overpass","osmType":"node","osmId":11737639248,"sourceUrl":"https://www.openstreetmap.org/node/11737639248","coordinateMethod":"OSM node","address":"175 Chestermere Station Way","sourceTags":{"name":"Oasis Medical Centre - Chestermere Family Physicians & Walk-in Clinic","amenity":"doctors","healthcare":"doctor","healthcare:speciality":"general;aud","opening_hours":"Mo-Fr 09:00-18:00, Sa 10:00-13:00"}},"geometry":{"type":"Point","coordinates":[-113.8275862,51.0494295]}},{"type":"Feature","id":"osm-node-11815849897","properties":{"name":"West Springs Medical","category":"healthcare","subcategory":"doctors","sourceId":"osm-overpass","osmType":"node","osmId":11815849897,"sourceUrl":"https://www.openstreetmap.org/node/11815849897","coordinateMethod":"OSM node","address":"722 85 Street SW","sourceTags":{"name":"West Springs Medical","amenity":"doctors","healthcare":"doctor","healthcare:speciality":"general","opening_hours":"Mo-Fr 09:00-16:00"}},"geometry":{"type":"Point","coordinates":[-114.2102939,51.0667141]}},{"type":"Feature","id":"osm-node-11848085960","properties":{"name":"Dollarama","category":"groceries","subcategory":"supermarket","sourceId":"osm-overpass","osmType":"node","osmId":11848085960,"sourceUrl":"https://www.openstreetmap.org/node/11848085960","coordinateMethod":"OSM node","address":"11625 Elbow Drive SW","sourceTags":{"name":"Dollarama","shop":"supermarket"}},"geometry":{"type":"Point","coordinates":[-114.0854111,50.9493624]}},{"type":"Feature","id":"osm-node-11865669786","properties":{"name":"Novocare Medical Clinic","category":"healthcare","subcategory":"clinic","sourceId":"osm-overpass","osmType":"node","osmId":11865669786,"sourceUrl":"https://www.openstreetmap.org/node/11865669786","coordinateMethod":"OSM node","address":"5255 Richmond Road SW","sourceTags":{"name":"Novocare Medical Clinic","amenity":"clinic","healthcare":"clinic","opening_hours":"Mo,We,Th 08:30-18:00; Tu 08:30-19:00; Fr 09:00-17:00; Sa,Su off"}},"geometry":{"type":"Point","coordinates":[-114.1610928,51.0167249]}},{"type":"Feature","id":"osm-node-11882099337","properties":{"name":"StayWell Pharmacy and Medical Clinic","category":"healthcare","subcategory":"pharmacy","sourceId":"osm-overpass","osmType":"node","osmId":11882099337,"sourceUrl":"https://www.openstreetmap.org/node/11882099337","coordinateMethod":"OSM node","address":"159 Carrington Plaza NW","sourceTags":{"name":"StayWell Pharmacy and Medical Clinic","amenity":"pharmacy","healthcare":"pharmacy"}},"geometry":{"type":"Point","coordinates":[-114.0916157,51.1829925]}},{"type":"Feature","id":"osm-node-11908243313","properties":{"name":"Pharmasave","category":"healthcare","subcategory":"pharmacy","sourceId":"osm-overpass","osmType":"node","osmId":11908243313,"sourceUrl":"https://www.openstreetmap.org/node/11908243313","coordinateMethod":"OSM node","address":"3803 26 Avenue SW","sourceTags":{"name":"Pharmasave","brand":"Pharmasave","amenity":"pharmacy","healthcare":"pharmacy","opening_hours":"Mo-Fr 10:00-19:00; Sa,Su 12:00-16:00"}},"geometry":{"type":"Point","coordinates":[-114.1416013,51.0297802]}},{"type":"Feature","id":"osm-node-12050498107","properties":{"name":"Circle K","category":"convenience","subcategory":"convenience","sourceId":"osm-overpass","osmType":"node","osmId":12050498107,"sourceUrl":"https://www.openstreetmap.org/node/12050498107","coordinateMethod":"OSM node","address":"3709 26 Avenue NE","sourceTags":{"name":"Circle K","brand":"Circle K","shop":"convenience","opening_hours":"24/7"}},"geometry":{"type":"Point","coordinates":[-113.9809387,51.0775034]}},{"type":"Feature","id":"osm-node-12058842391","properties":{"name":"The Medicine Shoppe","category":"healthcare","subcategory":"pharmacy","sourceId":"osm-overpass","osmType":"node","osmId":12058842391,"sourceUrl":"https://www.openstreetmap.org/node/12058842391","coordinateMethod":"OSM node","address":"1935 37 Street SW","sourceTags":{"name":"The Medicine Shoppe","brand":"The Medicine Shoppe","amenity":"pharmacy","healthcare":"pharmacy"}},"geometry":{"type":"Point","coordinates":[-114.1417588,51.0369097]}},{"type":"Feature","id":"osm-node-12058986892","properties":{"name":"Glenwood Medical Centre","category":"healthcare","subcategory":"clinic","sourceId":"osm-overpass","osmType":"node","osmId":12058986892,"sourceUrl":"https://www.openstreetmap.org/node/12058986892","coordinateMethod":"OSM node","address":"3945 17 Avenue SW","sourceTags":{"name":"Glenwood Medical Centre","amenity":"clinic","healthcare":"clinic"}},"geometry":{"type":"Point","coordinates":[-114.1438865,51.0372144]}},{"type":"Feature","id":"osm-node-12059086789","properties":{"name":"Shoppers Drug Mart","category":"healthcare","subcategory":"pharmacy","sourceId":"osm-overpass","osmType":"node","osmId":12059086789,"sourceUrl":"https://www.openstreetmap.org/node/12059086789","coordinateMethod":"OSM node","address":"1610 37 Street SW","sourceTags":{"name":"Shoppers Drug Mart","brand":"Shoppers Drug Mart","amenity":"pharmacy","healthcare":"pharmacy"}},"geometry":{"type":"Point","coordinates":[-114.1400763,51.0396879]}},{"type":"Feature","id":"osm-node-12059086791","properties":{"name":"Westbrook Medical Clinic","category":"healthcare","subcategory":"clinic","sourceId":"osm-overpass","osmType":"node","osmId":12059086791,"sourceUrl":"https://www.openstreetmap.org/node/12059086791","coordinateMethod":"OSM node","address":"1610 37 Street SW","sourceTags":{"name":"Westbrook Medical Clinic","amenity":"clinic","healthcare":"clinic","healthcare:speciality":"radiology;ultrasound","check_date":"2026-06-23"}},"geometry":{"type":"Point","coordinates":[-114.140059,51.0394717]}},{"type":"Feature","id":"osm-node-12077542897","properties":{"name":"WELL Health Medical Centres","category":"healthcare","subcategory":"clinic","sourceId":"osm-overpass","osmType":"node","osmId":12077542897,"sourceUrl":"https://www.openstreetmap.org/node/12077542897","coordinateMethod":"OSM node","address":null,"sourceTags":{"name":"WELL Health Medical Centres","amenity":"clinic","healthcare":"clinic"}},"geometry":{"type":"Point","coordinates":[-114.0736765,51.1268824]}},{"type":"Feature","id":"osm-node-12100132326","properties":{"name":"North Sea Fish Market Crowfoot","category":"groceries","subcategory":"supermarket","sourceId":"osm-overpass","osmType":"node","osmId":12100132326,"sourceUrl":"https://www.openstreetmap.org/node/12100132326","coordinateMethod":"OSM node","address":"7418 Crowfoot Road NW","sourceTags":{"name":"North Sea Fish Market Crowfoot","shop":"supermarket","check_date":"2025-07-16"}},"geometry":{"type":"Point","coordinates":[-114.1964471,51.1267426]}},{"type":"Feature","id":"osm-node-12101056439","properties":{"name":"Daily Fresh Produce","category":"groceries","subcategory":"supermarket","sourceId":"osm-overpass","osmType":"node","osmId":12101056439,"sourceUrl":"https://www.openstreetmap.org/node/12101056439","coordinateMethod":"OSM node","address":null,"sourceTags":{"name":"Daily Fresh Produce","shop":"supermarket"}},"geometry":{"type":"Point","coordinates":[-113.984693,51.0732494]}},{"type":"Feature","id":"osm-node-12101056441","properties":{"name":"Bulk Barn","category":"groceries","subcategory":"supermarket","sourceId":"osm-overpass","osmType":"node","osmId":12101056441,"sourceUrl":"https://www.openstreetmap.org/node/12101056441","coordinateMethod":"OSM node","address":null,"sourceTags":{"name":"Bulk Barn","brand":"Bulk Barn","shop":"supermarket"}},"geometry":{"type":"Point","coordinates":[-114.1948198,51.0785986]}},{"type":"Feature","id":"osm-node-12101830839","properties":{"name":"Shoppers Drug Mart","category":"healthcare","subcategory":"pharmacy","sourceId":"osm-overpass","osmType":"node","osmId":12101830839,"sourceUrl":"https://www.openstreetmap.org/node/12101830839","coordinateMethod":"OSM node","address":"28 Crowfoot Terrace NW","sourceTags":{"name":"Shoppers Drug Mart","brand":"Shoppers Drug Mart","amenity":"pharmacy","healthcare":"pharmacy","opening_hours":"Mo-Su 08:00-20:00","check_date":"2025-07-22"}},"geometry":{"type":"Point","coordinates":[-114.1983127,51.1274049]}},{"type":"Feature","id":"osm-node-12153130060","properties":{"name":"Hồng Kông Siêu Thị","category":"groceries","subcategory":"supermarket","sourceId":"osm-overpass","osmType":"node","osmId":12153130060,"sourceUrl":"https://www.openstreetmap.org/node/12153130060","coordinateMethod":"OSM node","address":"3215 17 Avenue SE","sourceTags":{"name":"Hồng Kông Siêu Thị","shop":"supermarket","opening_hours":"Mo-Sa 08:00-21:00"}},"geometry":{"type":"Point","coordinates":[-113.9887755,51.0364759]}},{"type":"Feature","id":"osm-node-12153130077","properties":{"name":"TTK Convenience Store","category":"convenience","subcategory":"convenience","sourceId":"osm-overpass","osmType":"node","osmId":12153130077,"sourceUrl":"https://www.openstreetmap.org/node/12153130077","coordinateMethod":"OSM node","address":null,"sourceTags":{"name":"TTK Convenience Store","shop":"convenience"}},"geometry":{"type":"Point","coordinates":[-113.9905384,51.0366966]}},{"type":"Feature","id":"osm-node-12156714587","properties":{"name":"Safeway","category":"healthcare","subcategory":"pharmacy","sourceId":"osm-overpass","osmType":"node","osmId":12156714587,"sourceUrl":"https://www.openstreetmap.org/node/12156714587","coordinateMethod":"OSM node","address":null,"sourceTags":{"name":"Safeway","brand":"Safeway","amenity":"pharmacy","healthcare":"pharmacy","opening_hours":"Mo-Fr 09:00-20:00; Sa,Su 10:00-18:00"}},"geometry":{"type":"Point","coordinates":[-114.0726708,51.1273374]}},{"type":"Feature","id":"osm-node-12162563180","properties":{"name":"Massimo Convenience","category":"convenience","subcategory":"convenience","sourceId":"osm-overpass","osmType":"node","osmId":12162563180,"sourceUrl":"https://www.openstreetmap.org/node/12162563180","coordinateMethod":"OSM node","address":null,"sourceTags":{"name":"Massimo Convenience","shop":"convenience"}},"geometry":{"type":"Point","coordinates":[-114.0580941,51.0430625]}},{"type":"Feature","id":"osm-node-12164812790","properties":{"name":"Pharmasave","category":"healthcare","subcategory":"pharmacy","sourceId":"osm-overpass","osmType":"node","osmId":12164812790,"sourceUrl":"https://www.openstreetmap.org/node/12164812790","coordinateMethod":"OSM node","address":"5720 Silver Springs Boulevard NW","sourceTags":{"name":"Pharmasave","brand":"Pharmasave","amenity":"pharmacy","healthcare":"pharmacy","opening_hours":"Mo-Fr 09:00-19:00; Sa-Su 10:00-16:00","check_date":"2025-07-11"}},"geometry":{"type":"Point","coordinates":[-114.1883976,51.104581]}},{"type":"Feature","id":"osm-node-12164812791","properties":{"name":"Happy Fresh Market","category":"groceries","subcategory":"supermarket","sourceId":"osm-overpass","osmType":"node","osmId":12164812791,"sourceUrl":"https://www.openstreetmap.org/node/12164812791","coordinateMethod":"OSM node","address":"5720 Silver Springs Boulevard NW","sourceTags":{"name":"Happy Fresh Market","shop":"supermarket","opening_hours":"Mo-Su 10:00-19:00","check_date":"2025-07-11"}},"geometry":{"type":"Point","coordinates":[-114.1883256,51.1048868]}},{"type":"Feature","id":"osm-node-12202327303","properties":{"name":"Canada Diagnostic Centres","category":"healthcare","subcategory":"clinic","sourceId":"osm-overpass","osmType":"node","osmId":12202327303,"sourceUrl":"https://www.openstreetmap.org/node/12202327303","coordinateMethod":"OSM node","address":"6020 1A Street SW","sourceTags":{"name":"Canada Diagnostic Centres","amenity":"clinic","healthcare":"clinic","healthcare:speciality":"radiology","opening_hours":"Mo-Fr 07:30-16:45"}},"geometry":{"type":"Point","coordinates":[-114.067348,50.9994295]}},{"type":"Feature","id":"osm-node-12249744166","properties":{"name":"Chinook Medical Centre","category":"healthcare","subcategory":"clinic","sourceId":"osm-overpass","osmType":"node","osmId":12249744166,"sourceUrl":"https://www.openstreetmap.org/node/12249744166","coordinateMethod":"OSM node","address":"5920 1A Street SW","sourceTags":{"name":"Chinook Medical Centre","amenity":"clinic","healthcare":"clinic","opening_hours":"Mo-Th 08:30-17:00; Fr 08:30-15:00; Sa 10:30-14:30; Su off"}},"geometry":{"type":"Point","coordinates":[-114.0664266,51.0004515]}},{"type":"Feature","id":"osm-node-12251409181","properties":{"name":"Student Wellness Services","category":"healthcare","subcategory":"clinic","sourceId":"osm-overpass","osmType":"node","osmId":12251409181,"sourceUrl":"https://www.openstreetmap.org/node/12251409181","coordinateMethod":"OSM node","address":null,"sourceTags":{"name":"Student Wellness Services","amenity":"clinic","opening_hours":"Mo-Fr 09:00-16:30; PH off","check_date":"2024-10-14"}},"geometry":{"type":"Point","coordinates":[-114.1319307,51.0781497]}},{"type":"Feature","id":"osm-node-12363024083","properties":{"name":"EFW Radiology","category":"healthcare","subcategory":"clinic","sourceId":"osm-overpass","osmType":"node","osmId":12363024083,"sourceUrl":"https://www.openstreetmap.org/node/12363024083","coordinateMethod":"OSM node","address":"60 Uxbourough Place NW","sourceTags":{"name":"EFW Radiology","healthcare":"clinic","healthcare:speciality":"radiology"}},"geometry":{"type":"Point","coordinates":[-114.1311068,51.0690298]}},{"type":"Feature","id":"osm-node-12383402801","properties":{"name":"Waypoint Convenience","category":"convenience","subcategory":"convenience","sourceId":"osm-overpass","osmType":"node","osmId":12383402801,"sourceUrl":"https://www.openstreetmap.org/node/12383402801","coordinateMethod":"OSM node","address":"5858 Signal Hill Centre SW","sourceTags":{"name":"Waypoint Convenience","brand":"Waypoint Convenience","shop":"convenience"}},"geometry":{"type":"Point","coordinates":[-114.1726807,51.0182971]}},{"type":"Feature","id":"osm-node-12404618944","properties":{"name":"Community Health Centre","category":"healthcare","subcategory":"clinic","sourceId":"osm-overpass","osmType":"node","osmId":12404618944,"sourceUrl":"https://www.openstreetmap.org/node/12404618944","coordinateMethod":"OSM node","address":"2840 2 Avenue SE","sourceTags":{"name":"Community Health Centre","amenity":"clinic","healthcare":"clinic","opening_hours":"Mo-Fr 09:00-16:00"}},"geometry":{"type":"Point","coordinates":[-113.9944657,51.0494292]}},{"type":"Feature","id":"osm-node-12404618945","properties":{"name":"Youth Health Centre","category":"healthcare","subcategory":"clinic","sourceId":"osm-overpass","osmType":"node","osmId":12404618945,"sourceUrl":"https://www.openstreetmap.org/node/12404618945","coordinateMethod":"OSM node","address":"2840 2 Avenue SE","sourceTags":{"name":"Youth Health Centre","amenity":"clinic","healthcare":"clinic","opening_hours":"Mo-Fr 10:30-17:15"}},"geometry":{"type":"Point","coordinates":[-113.9951859,51.0493775]}},{"type":"Feature","id":"osm-node-12434673766","properties":{"name":null,"category":"convenience","subcategory":"convenience","sourceId":"osm-overpass","osmType":"node","osmId":12434673766,"sourceUrl":"https://www.openstreetmap.org/node/12434673766","coordinateMethod":"OSM node","address":"2623 17 Avenue SW","sourceTags":{"shop":"convenience"}},"geometry":{"type":"Point","coordinates":[-114.1227369,51.0375744]}},{"type":"Feature","id":"osm-node-12455438568","properties":{"name":"Shell","category":"convenience","subcategory":"convenience","sourceId":"osm-overpass","osmType":"node","osmId":12455438568,"sourceUrl":"https://www.openstreetmap.org/node/12455438568","coordinateMethod":"OSM node","address":null,"sourceTags":{"name":"Shell","brand":"Shell","shop":"convenience","opening_hours":"Mo-Sa 06:00-22:00; Su 07:00-22:00"}},"geometry":{"type":"Point","coordinates":[-114.0967629,50.9731732]}},{"type":"Feature","id":"osm-node-12547898480","properties":{"name":"Respiratory Homecare Solutions","category":"healthcare","subcategory":"clinic","sourceId":"osm-overpass","osmType":"node","osmId":12547898480,"sourceUrl":"https://www.openstreetmap.org/node/12547898480","coordinateMethod":"OSM node","address":"60 Crowfoot Crescent NW","sourceTags":{"name":"Respiratory Homecare Solutions","amenity":"clinic","healthcare":"clinic","check_date":"2025-07-15"}},"geometry":{"type":"Point","coordinates":[-114.1976302,51.1260333]}},{"type":"Feature","id":"osm-node-12560080859","properties":{"name":null,"category":"groceries","subcategory":"greengrocer","sourceId":"osm-overpass","osmType":"node","osmId":12560080859,"sourceUrl":"https://www.openstreetmap.org/node/12560080859","coordinateMethod":"OSM node","address":null,"sourceTags":{"shop":"greengrocer"}},"geometry":{"type":"Point","coordinates":[-113.956809,51.1666141]}},{"type":"Feature","id":"osm-node-12560080860","properties":{"name":"Sanjha Punjab","category":"groceries","subcategory":"greengrocer","sourceId":"osm-overpass","osmType":"node","osmId":12560080860,"sourceUrl":"https://www.openstreetmap.org/node/12560080860","coordinateMethod":"OSM node","address":null,"sourceTags":{"name":"Sanjha Punjab","shop":"greengrocer"}},"geometry":{"type":"Point","coordinates":[-113.9566301,51.165895]}},{"type":"Feature","id":"osm-node-12560199264","properties":{"name":"Pineridge Doctors Office","category":"healthcare","subcategory":"doctors","sourceId":"osm-overpass","osmType":"node","osmId":12560199264,"sourceUrl":"https://www.openstreetmap.org/node/12560199264","coordinateMethod":"OSM node","address":null,"sourceTags":{"name":"Pineridge Doctors Office","amenity":"doctors","healthcare":"doctor"}},"geometry":{"type":"Point","coordinates":[-113.9443011,51.0712729]}},{"type":"Feature","id":"osm-node-12560199266","properties":{"name":"Medicare Plus Pharmacy","category":"healthcare","subcategory":"pharmacy","sourceId":"osm-overpass","osmType":"node","osmId":12560199266,"sourceUrl":"https://www.openstreetmap.org/node/12560199266","coordinateMethod":"OSM node","address":null,"sourceTags":{"name":"Medicare Plus Pharmacy","amenity":"pharmacy","healthcare":"pharmacy"}},"geometry":{"type":"Point","coordinates":[-113.943917,51.0715995]}},{"type":"Feature","id":"osm-node-12560199268","properties":{"name":"Winks Convenience Store","category":"convenience","subcategory":"convenience","sourceId":"osm-overpass","osmType":"node","osmId":12560199268,"sourceUrl":"https://www.openstreetmap.org/node/12560199268","coordinateMethod":"OSM node","address":null,"sourceTags":{"name":"Winks Convenience Store","shop":"convenience"}},"geometry":{"type":"Point","coordinates":[-113.9435616,51.0715149]}},{"type":"Feature","id":"osm-node-12563938826","properties":{"name":null,"category":"healthcare","subcategory":"doctors","sourceId":"osm-overpass","osmType":"node","osmId":12563938826,"sourceUrl":"https://www.openstreetmap.org/node/12563938826","coordinateMethod":"OSM node","address":null,"sourceTags":{"healthcare":"doctor","healthcare:speciality":"general"}},"geometry":{"type":"Point","coordinates":[-113.9630043,51.16501]}},{"type":"Feature","id":"osm-node-12563938827","properties":{"name":null,"category":"groceries","subcategory":"supermarket","sourceId":"osm-overpass","osmType":"node","osmId":12563938827,"sourceUrl":"https://www.openstreetmap.org/node/12563938827","coordinateMethod":"OSM node","address":null,"sourceTags":{"shop":"supermarket"}},"geometry":{"type":"Point","coordinates":[-113.962695,51.1650201]}},{"type":"Feature","id":"osm-node-12566490578","properties":{"name":"Montgomery Pharmacy and Genral Store","category":"healthcare","subcategory":"pharmacy","sourceId":"osm-overpass","osmType":"node","osmId":12566490578,"sourceUrl":"https://www.openstreetmap.org/node/12566490578","coordinateMethod":"OSM node","address":"Bowness Road NW","sourceTags":{"name":"Montgomery Pharmacy and Genral Store","amenity":"pharmacy","healthcare":"pharmacy"}},"geometry":{"type":"Point","coordinates":[-114.158901,51.0717253]}},{"type":"Feature","id":"osm-node-12579363827","properties":{"name":"Mint Health + Drugs Blue Bottle Pharmacy","category":"healthcare","subcategory":"pharmacy","sourceId":"osm-overpass","osmType":"node","osmId":12579363827,"sourceUrl":"https://www.openstreetmap.org/node/12579363827","coordinateMethod":"OSM node","address":"148 17 Avenue NE","sourceTags":{"name":"Mint Health + Drugs Blue Bottle Pharmacy","amenity":"pharmacy","healthcare":"pharmacy"}},"geometry":{"type":"Point","coordinates":[-114.0601641,51.0680371]}},{"type":"Feature","id":"osm-node-12620210435","properties":{"name":"The Smart Clinic","category":"healthcare","subcategory":"clinic","sourceId":"osm-overpass","osmType":"node","osmId":12620210435,"sourceUrl":"https://www.openstreetmap.org/node/12620210435","coordinateMethod":"OSM node","address":"1116 Centre Street N","sourceTags":{"name":"The Smart Clinic","amenity":"clinic","healthcare":"clinic","opening_hours":"Mo-Fr 09:00-17:00"}},"geometry":{"type":"Point","coordinates":[-114.0622318,51.0621979]}},{"type":"Feature","id":"osm-node-12624062201","properties":{"name":"Remedy’sRx","category":"healthcare","subcategory":"pharmacy","sourceId":"osm-overpass","osmType":"node","osmId":12624062201,"sourceUrl":"https://www.openstreetmap.org/node/12624062201","coordinateMethod":"OSM node","address":null,"sourceTags":{"name":"Remedy’sRx","amenity":"pharmacy"}},"geometry":{"type":"Point","coordinates":[-113.84011,51.0374775]}},{"type":"Feature","id":"osm-node-12629753070","properties":{"name":"Foodway Grocery","category":"convenience","subcategory":"convenience","sourceId":"osm-overpass","osmType":"node","osmId":12629753070,"sourceUrl":"https://www.openstreetmap.org/node/12629753070","coordinateMethod":"OSM node","address":"2923 Richmond Road SW","sourceTags":{"name":"Foodway Grocery","shop":"convenience"}},"geometry":{"type":"Point","coordinates":[-114.1289634,51.0256104]}},{"type":"Feature","id":"osm-node-12660381020","properties":{"name":"Calgary West Central Primary Care Centre","category":"healthcare","subcategory":"doctors","sourceId":"osm-overpass","osmType":"node","osmId":12660381020,"sourceUrl":"https://www.openstreetmap.org/node/12660381020","coordinateMethod":"OSM node","address":"5960 Centre Street SE","sourceTags":{"name":"Calgary West Central Primary Care Centre","amenity":"doctors","healthcare":"doctor","healthcare:speciality":"general","opening_hours":"Mo-Fr 09:00-21:00; Sa-Su,PH 09:00-16:00"}},"geometry":{"type":"Point","coordinates":[-114.0631402,50.9999478]}},{"type":"Feature","id":"osm-node-12660381021","properties":{"name":"Calgary Birth Essentials","category":"healthcare","subcategory":"clinic","sourceId":"osm-overpass","osmType":"node","osmId":12660381021,"sourceUrl":"https://www.openstreetmap.org/node/12660381021","coordinateMethod":"OSM node","address":"5964 Centre Street SE","sourceTags":{"name":"Calgary Birth Essentials","amenity":"clinic","healthcare":"clinic"}},"geometry":{"type":"Point","coordinates":[-114.0629473,50.9998991]}},{"type":"Feature","id":"osm-node-12703482401","properties":{"name":"Exalan Pharmacy","category":"healthcare","subcategory":"pharmacy","sourceId":"osm-overpass","osmType":"node","osmId":12703482401,"sourceUrl":"https://www.openstreetmap.org/node/12703482401","coordinateMethod":"OSM node","address":null,"sourceTags":{"name":"Exalan Pharmacy","amenity":"pharmacy","healthcare":"pharmacy","opening_hours":"Mo-Fr 09:00-18:00; Sa 09:00-14:00"}},"geometry":{"type":"Point","coordinates":[-114.0629844,51.0713371]}},{"type":"Feature","id":"osm-node-12718047683","properties":{"name":"Costco Pharmacy","category":"healthcare","subcategory":"pharmacy","sourceId":"osm-overpass","osmType":"node","osmId":12718047683,"sourceUrl":"https://www.openstreetmap.org/node/12718047683","coordinateMethod":"OSM node","address":null,"sourceTags":{"name":"Costco Pharmacy","brand":"Costco","amenity":"pharmacy","healthcare":"pharmacy"}},"geometry":{"type":"Point","coordinates":[-114.1442329,50.938378]}},{"type":"Feature","id":"osm-node-12718069165","properties":{"name":"Costco Pharmacy","category":"healthcare","subcategory":"pharmacy","sourceId":"osm-overpass","osmType":"node","osmId":12718069165,"sourceUrl":"https://www.openstreetmap.org/node/12718069165","coordinateMethod":"OSM node","address":null,"sourceTags":{"name":"Costco Pharmacy","brand":"Costco","amenity":"pharmacy","healthcare":"pharmacy"}},"geometry":{"type":"Point","coordinates":[-113.9838948,51.211416]}},{"type":"Feature","id":"osm-node-12718075973","properties":{"name":"Costco Pharmacy","category":"healthcare","subcategory":"pharmacy","sourceId":"osm-overpass","osmType":"node","osmId":12718075973,"sourceUrl":"https://www.openstreetmap.org/node/12718075973","coordinateMethod":"OSM node","address":null,"sourceTags":{"name":"Costco Pharmacy","brand":"Costco","amenity":"pharmacy","healthcare":"pharmacy"}},"geometry":{"type":"Point","coordinates":[-113.9173773,51.0428816]}},{"type":"Feature","id":"osm-node-12718097114","properties":{"name":"Costco Pharmacy","category":"healthcare","subcategory":"pharmacy","sourceId":"osm-overpass","osmType":"node","osmId":12718097114,"sourceUrl":"https://www.openstreetmap.org/node/12718097114","coordinateMethod":"OSM node","address":null,"sourceTags":{"name":"Costco Pharmacy","brand":"Costco","amenity":"pharmacy","healthcare":"pharmacy"}},"geometry":{"type":"Point","coordinates":[-113.9908573,51.0790781]}},{"type":"Feature","id":"osm-node-12718113886","properties":{"name":"Costco Pharmacy","category":"healthcare","subcategory":"pharmacy","sourceId":"osm-overpass","osmType":"node","osmId":12718113886,"sourceUrl":"https://www.openstreetmap.org/node/12718113886","coordinateMethod":"OSM node","address":null,"sourceTags":{"name":"Costco Pharmacy","brand":"Costco","amenity":"pharmacy","healthcare":"pharmacy"}},"geometry":{"type":"Point","coordinates":[-114.1554364,51.154941]}},{"type":"Feature","id":"osm-node-12718123002","properties":{"name":"Costco Pharmacy","category":"healthcare","subcategory":"pharmacy","sourceId":"osm-overpass","osmType":"node","osmId":12718123002,"sourceUrl":"https://www.openstreetmap.org/node/12718123002","coordinateMethod":"OSM node","address":null,"sourceTags":{"name":"Costco Pharmacy","brand":"Costco","amenity":"pharmacy","healthcare":"pharmacy"}},"geometry":{"type":"Point","coordinates":[-114.0469001,50.989328]}},{"type":"Feature","id":"osm-node-12750878577","properties":{"name":"Inglewood Food Mart & Video","category":"convenience","subcategory":"convenience","sourceId":"osm-overpass","osmType":"node","osmId":12750878577,"sourceUrl":"https://www.openstreetmap.org/node/12750878577","coordinateMethod":"OSM node","address":"1344 9 Avenue SE","sourceTags":{"name":"Inglewood Food Mart & Video","shop":"convenience","opening_hours":"Mo-Fr 08:00-21:00; Sa 09:00-22:00; Su 09:00-21:00"}},"geometry":{"type":"Point","coordinates":[-114.0317404,51.0404057]}},{"type":"Feature","id":"osm-node-12751603604","properties":{"name":"Lochend Clinic","category":"healthcare","subcategory":"clinic","sourceId":"osm-overpass","osmType":"node","osmId":12751603604,"sourceUrl":"https://www.openstreetmap.org/node/12751603604","coordinateMethod":"OSM node","address":"1004 8 Avenue SE","sourceTags":{"name":"Lochend Clinic","amenity":"clinic","healthcare":"clinic","healthcare:speciality":"osteopathy"}},"geometry":{"type":"Point","coordinates":[-114.0386273,51.0438447]}},{"type":"Feature","id":"osm-node-12807326327","properties":{"name":"No Frills","category":"groceries","subcategory":"supermarket","sourceId":"osm-overpass","osmType":"node","osmId":12807326327,"sourceUrl":"https://www.openstreetmap.org/node/12807326327","coordinateMethod":"OSM node","address":"870 11 Street SW","sourceTags":{"name":"No Frills","brand":"No Frills","shop":"supermarket","opening_hours":"Mo-Su 08:00-22:00"}},"geometry":{"type":"Point","coordinates":[-114.0882539,51.0454885]}},{"type":"Feature","id":"osm-node-12845224468","properties":{"name":"TruCare Medical Center","category":"healthcare","subcategory":"doctors","sourceId":"osm-overpass","osmType":"node","osmId":12845224468,"sourceUrl":"https://www.openstreetmap.org/node/12845224468","coordinateMethod":"OSM node","address":"19 St NW","sourceTags":{"name":"TruCare Medical Center","amenity":"doctors","healthcare":"doctor","healthcare:speciality":"general","opening_hours":"Mo-Fr 09:00-16:00"}},"geometry":{"type":"Point","coordinates":[-114.1068525,51.0653256]}},{"type":"Feature","id":"osm-node-12865763452","properties":{"name":"Nolan RidgeCourt Medical Centre","category":"healthcare","subcategory":"doctors","sourceId":"osm-overpass","osmType":"node","osmId":12865763452,"sourceUrl":"https://www.openstreetmap.org/node/12865763452","coordinateMethod":"OSM node","address":"105-150 Nolanridge Court NW","sourceTags":{"name":"Nolan RidgeCourt Medical Centre","amenity":"doctors","healthcare":"doctor","healthcare:speciality":"general","opening_hours":"Mo-Tu 09:00-18:00; We-Fr 09:00-17:00; PH off"}},"geometry":{"type":"Point","coordinates":[-114.1665173,51.1708403]}},{"type":"Feature","id":"osm-node-12887298375","properties":{"name":"Pinnacle Medical Centres","category":"healthcare","subcategory":"doctors","sourceId":"osm-overpass","osmType":"node","osmId":12887298375,"sourceUrl":"https://www.openstreetmap.org/node/12887298375","coordinateMethod":"OSM node","address":"31 Crowfoot Way NW","sourceTags":{"name":"Pinnacle Medical Centres","amenity":"doctors","healthcare":"doctor","healthcare:speciality":"general","opening_hours":"Mo-Fr 08:30-17:00","check_date":"2025-07-14"}},"geometry":{"type":"Point","coordinates":[-114.2000197,51.1235611]}},{"type":"Feature","id":"osm-node-12924985307","properties":{"name":"Adult Addiction Services Calgary","category":"healthcare","subcategory":"clinic","sourceId":"osm-overpass","osmType":"node","osmId":12924985307,"sourceUrl":"https://www.openstreetmap.org/node/12924985307","coordinateMethod":"OSM node","address":"707 10 Avenue SW","sourceTags":{"name":"Adult Addiction Services Calgary","amenity":"clinic","healthcare":"clinic","opening_hours":"Mo-Th 08:00-21:00; Fr 08:00-17:00; Sa,Su,PH off"}},"geometry":{"type":"Point","coordinates":[-114.0768357,51.0434265]}},{"type":"Feature","id":"osm-node-12980231287","properties":{"name":"Husky","category":"convenience","subcategory":"convenience","sourceId":"osm-overpass","osmType":"node","osmId":12980231287,"sourceUrl":"https://www.openstreetmap.org/node/12980231287","coordinateMethod":"OSM node","address":null,"sourceTags":{"name":"Husky","brand":"Husky","shop":"convenience"}},"geometry":{"type":"Point","coordinates":[-113.9358911,51.0758426]}},{"type":"Feature","id":"osm-node-12989194033","properties":{"name":"Born Beautiful Laser Clinic & Medi Spa","category":"healthcare","subcategory":"doctors","sourceId":"osm-overpass","osmType":"node","osmId":12989194033,"sourceUrl":"https://www.openstreetmap.org/node/12989194033","coordinateMethod":"OSM node","address":"21 Crowfoot Rise NW","sourceTags":{"name":"Born Beautiful Laser Clinic & Medi Spa","amenity":"doctors","healthcare":"doctor","healthcare:speciality":"dermatology","opening_hours":"Mo-Fr 09:00-17:00; Th 12:00-20:00","check_date":"2025-07-09"}},"geometry":{"type":"Point","coordinates":[-114.211052,51.1257878]}},{"type":"Feature","id":"osm-node-12989374907","properties":{"name":"Shoppers Drug Mart","category":"healthcare","subcategory":"pharmacy","sourceId":"osm-overpass","osmType":"node","osmId":12989374907,"sourceUrl":"https://www.openstreetmap.org/node/12989374907","coordinateMethod":"OSM node","address":"3954 University Avenue NW","sourceTags":{"name":"Shoppers Drug Mart","brand":"Shoppers Drug Mart","amenity":"pharmacy","healthcare":"pharmacy"}},"geometry":{"type":"Point","coordinates":[-114.1445829,51.0785954]}},{"type":"Feature","id":"osm-node-12999458134","properties":{"name":"Shaganappi Community Health Centre","category":"healthcare","subcategory":"clinic","sourceId":"osm-overpass","osmType":"node","osmId":12999458134,"sourceUrl":"https://www.openstreetmap.org/node/12999458134","coordinateMethod":"OSM node","address":"3415 8 Avenue SW","sourceTags":{"name":"Shaganappi Community Health Centre","amenity":"clinic","healthcare":"clinic"}},"geometry":{"type":"Point","coordinates":[-114.1366897,51.0446905]}},{"type":"Feature","id":"osm-node-13007208252","properties":{"name":"Universal Health It's All About \"U\"","category":"healthcare","subcategory":"pharmacy","sourceId":"osm-overpass","osmType":"node","osmId":13007208252,"sourceUrl":"https://www.openstreetmap.org/node/13007208252","coordinateMethod":"OSM node","address":null,"sourceTags":{"name":"Universal Health It's All About \"U\"","amenity":"pharmacy","healthcare":"pharmacy"}},"geometry":{"type":"Point","coordinates":[-114.1973888,51.1230492]}},{"type":"Feature","id":"osm-node-13007208253","properties":{"name":"Well Health Medical Centre","category":"healthcare","subcategory":"clinic","sourceId":"osm-overpass","osmType":"node","osmId":13007208253,"sourceUrl":"https://www.openstreetmap.org/node/13007208253","coordinateMethod":"OSM node","address":"1829 Ranchlands Boulevard NW","sourceTags":{"name":"Well Health Medical Centre","amenity":"clinic","healthcare":"clinic"}},"geometry":{"type":"Point","coordinates":[-114.1973275,51.1230143]}},{"type":"Feature","id":"osm-node-13018279307","properties":{"name":"art&fact","category":"healthcare","subcategory":"doctors","sourceId":"osm-overpass","osmType":"node","osmId":13018279307,"sourceUrl":"https://www.openstreetmap.org/node/13018279307","coordinateMethod":"OSM node","address":"2403 33 Avenue SW","sourceTags":{"name":"art&fact","amenity":"doctors","healthcare":"doctor","healthcare:speciality":"plastic_surgery","check_date:opening_hours":"2025-10-09"}},"geometry":{"type":"Point","coordinates":[-114.1146099,51.0237532]}},{"type":"Feature","id":"osm-node-13019796515","properties":{"name":"Axis Pharmacy Clinic","category":"healthcare","subcategory":"pharmacy","sourceId":"osm-overpass","osmType":"node","osmId":13019796515,"sourceUrl":"https://www.openstreetmap.org/node/13019796515","coordinateMethod":"OSM node","address":"3503 20 Street SW","sourceTags":{"name":"Axis Pharmacy Clinic","amenity":"pharmacy","healthcare":"pharmacy","opening_hours":"Mo-Fr 09:00-19:00; Sa 10:00-15:00; Su off"}},"geometry":{"type":"Point","coordinates":[-114.1094682,51.0229634]}},{"type":"Feature","id":"osm-node-13028010129","properties":{"name":"The Medicine Shoppe","category":"healthcare","subcategory":"pharmacy","sourceId":"osm-overpass","osmType":"node","osmId":13028010129,"sourceUrl":"https://www.openstreetmap.org/node/13028010129","coordinateMethod":"OSM node","address":"600 Crowfoot Crescent NW","sourceTags":{"name":"The Medicine Shoppe","brand":"The Medicine Shoppe","amenity":"pharmacy","healthcare":"pharmacy","opening_hours":"Mo-Fr 08:00-18:00; Sa 09:00-16:00; Su,PH off","check_date":"2025-07-27"}},"geometry":{"type":"Point","coordinates":[-114.2038168,51.1295481]}},{"type":"Feature","id":"osm-node-13028010139","properties":{"name":"Northwest Dermatology","category":"healthcare","subcategory":"doctors","sourceId":"osm-overpass","osmType":"node","osmId":13028010139,"sourceUrl":"https://www.openstreetmap.org/node/13028010139","coordinateMethod":"OSM node","address":"600 Crowfoot Crescent NW","sourceTags":{"name":"Northwest Dermatology","amenity":"doctors","healthcare":"doctor","healthcare:speciality":"dermatology","opening_hours":"Mo-Th 08:30-16:30; Fr 08:30-12:00","check_date":"2025-07-27"}},"geometry":{"type":"Point","coordinates":[-114.2040554,51.129587]}},{"type":"Feature","id":"osm-node-13028010147","properties":{"name":"Pureform Radiology","category":"healthcare","subcategory":"doctors","sourceId":"osm-overpass","osmType":"node","osmId":13028010147,"sourceUrl":"https://www.openstreetmap.org/node/13028010147","coordinateMethod":"OSM node","address":"600 Crowfoot Crescent NW","sourceTags":{"name":"Pureform Radiology","amenity":"doctors","healthcare":"doctor","healthcare:speciality":"radiology","opening_hours":"Mo-Fr 08:00-16:00"}},"geometry":{"type":"Point","coordinates":[-114.2037543,51.1297258]}},{"type":"Feature","id":"osm-node-13049085870","properties":{"name":"Rockford Medical Clinic","category":"healthcare","subcategory":"clinic","sourceId":"osm-overpass","osmType":"node","osmId":13049085870,"sourceUrl":"https://www.openstreetmap.org/node/13049085870","coordinateMethod":"OSM node","address":"500 Royal Oak Drive NW","sourceTags":{"name":"Rockford Medical Clinic","amenity":"clinic","healthcare":"clinic","healthcare:speciality":"general","opening_hours":"Mo, Tu, Th, Fr 09:00-15:00"}},"geometry":{"type":"Point","coordinates":[-114.233195,51.1394177]}},{"type":"Feature","id":"osm-node-13049085871","properties":{"name":"Remedy'sRx","category":"healthcare","subcategory":"pharmacy","sourceId":"osm-overpass","osmType":"node","osmId":13049085871,"sourceUrl":"https://www.openstreetmap.org/node/13049085871","coordinateMethod":"OSM node","address":"500 Royal Oak Drive NW","sourceTags":{"name":"Remedy'sRx","brand":"Remedy'sRx","amenity":"pharmacy","healthcare":"pharmacy"}},"geometry":{"type":"Point","coordinates":[-114.2332834,51.1394177]}},{"type":"Feature","id":"osm-node-13049285801","properties":{"name":"Anchor Health Medical Clinic","category":"healthcare","subcategory":"doctors","sourceId":"osm-overpass","osmType":"node","osmId":13049285801,"sourceUrl":"https://www.openstreetmap.org/node/13049285801","coordinateMethod":"OSM node","address":"180 Legacy Main Street SE","sourceTags":{"name":"Anchor Health Medical Clinic","amenity":"doctors","opening_hours":"Mo-Fr 09:00-17:00; Sa 10:00-16:00","check_date":"2026-07-28","check_date:opening_hours":"2026-07-28"}},"geometry":{"type":"Point","coordinates":[-114.0257171,50.8621037]}},{"type":"Feature","id":"osm-node-13065987086","properties":{"name":"Pharmasave","category":"healthcare","subcategory":"pharmacy","sourceId":"osm-overpass","osmType":"node","osmId":13065987086,"sourceUrl":"https://www.openstreetmap.org/node/13065987086","coordinateMethod":"OSM node","address":"1438 20 Avenue NW","sourceTags":{"name":"Pharmasave","brand":"Pharmasave","amenity":"pharmacy","healthcare":"pharmacy","check_date":"2025-08-12"}},"geometry":{"type":"Point","coordinates":[-114.0940395,51.0706614]}},{"type":"Feature","id":"osm-node-13073446280","properties":{"name":"Chinook Mall Medical Clinic","category":"healthcare","subcategory":"clinic","sourceId":"osm-overpass","osmType":"node","osmId":13073446280,"sourceUrl":"https://www.openstreetmap.org/node/13073446280","coordinateMethod":"OSM node","address":null,"sourceTags":{"name":"Chinook Mall Medical Clinic","amenity":"clinic","healthcare":"clinic","opening_hours":"Mo-Th 09:00-19:00; Fr,Sa 09:00-16:00; Su,PH off"}},"geometry":{"type":"Point","coordinates":[-114.0731483,50.9975053]}},{"type":"Feature","id":"osm-node-13075332950","properties":{"name":"Rebel Sleep Institute","category":"healthcare","subcategory":"clinic","sourceId":"osm-overpass","osmType":"node","osmId":13075332950,"sourceUrl":"https://www.openstreetmap.org/node/13075332950","coordinateMethod":"OSM node","address":null,"sourceTags":{"name":"Rebel Sleep Institute","amenity":"clinic","healthcare":"clinic","opening_hours":"Mo-Fr 08:30-16:30; Sa,Su off"}},"geometry":{"type":"Point","coordinates":[-114.0867973,50.9623995]}},{"type":"Feature","id":"osm-node-13087299226","properties":{"name":"FreshCo","category":"groceries","subcategory":"supermarket","sourceId":"osm-overpass","osmType":"node","osmId":13087299226,"sourceUrl":"https://www.openstreetmap.org/node/13087299226","coordinateMethod":"OSM node","address":"1910 Kensington Road NW","sourceTags":{"name":"FreshCo","brand":"FreshCo","shop":"supermarket","opening_hours":"Mo-Su 08:00-22:00"}},"geometry":{"type":"Point","coordinates":[-114.1032517,51.052698]}},{"type":"Feature","id":"osm-node-13095644966","properties":{"name":"INLIV","category":"healthcare","subcategory":"clinic","sourceId":"osm-overpass","osmType":"node","osmId":13095644966,"sourceUrl":"https://www.openstreetmap.org/node/13095644966","coordinateMethod":"OSM node","address":"1111","sourceTags":{"name":"INLIV","amenity":"clinic","healthcare":"clinic"}},"geometry":{"type":"Point","coordinates":[-114.0537247,51.0416208]}},{"type":"Feature","id":"osm-node-13099836745","properties":{"name":"Lakeview Medical Clinic","category":"healthcare","subcategory":"clinic","sourceId":"osm-overpass","osmType":"node","osmId":13099836745,"sourceUrl":"https://www.openstreetmap.org/node/13099836745","coordinateMethod":"OSM node","address":"3109 Palliser Drive SW","sourceTags":{"name":"Lakeview Medical Clinic","amenity":"clinic","healthcare":"clinic","opening_hours":"Mo-Fr 09:00-17:00; Sa-Su off; PH off"}},"geometry":{"type":"Point","coordinates":[-114.1309631,50.970231]}},{"type":"Feature","id":"osm-node-13109410501","properties":{"name":"Mission Medical Clinic","category":"healthcare","subcategory":"clinic","sourceId":"osm-overpass","osmType":"node","osmId":13109410501,"sourceUrl":"https://www.openstreetmap.org/node/13109410501","coordinateMethod":"OSM node","address":"2303 4 Street SW","sourceTags":{"name":"Mission Medical Clinic","amenity":"clinic"}},"geometry":{"type":"Point","coordinates":[-114.0717873,51.032171]}},{"type":"Feature","id":"osm-node-13109410701","properties":{"name":"Sunterra","category":"groceries","subcategory":"supermarket","sourceId":"osm-overpass","osmType":"node","osmId":13109410701,"sourceUrl":"https://www.openstreetmap.org/node/13109410701","coordinateMethod":"OSM node","address":"315 8 Avenue SW","sourceTags":{"name":"Sunterra","shop":"supermarket","opening_hours":"Mo-Th 06:30-18:00; Fr 06:30-17:00"}},"geometry":{"type":"Point","coordinates":[-114.0692087,51.0451062]}},{"type":"Feature","id":"osm-node-13114832303","properties":{"name":"Legacy Pharmacy","category":"healthcare","subcategory":"pharmacy","sourceId":"osm-overpass","osmType":"node","osmId":13114832303,"sourceUrl":"https://www.openstreetmap.org/node/13114832303","coordinateMethod":"OSM node","address":null,"sourceTags":{"name":"Legacy Pharmacy","amenity":"pharmacy"}},"geometry":{"type":"Point","coordinates":[-114.0258286,50.8621071]}},{"type":"Feature","id":"osm-node-13119997572","properties":{"name":"Passport Health Chinook - Calgary Travel Clinic","category":"healthcare","subcategory":"clinic","sourceId":"osm-overpass","osmType":"node","osmId":13119997572,"sourceUrl":"https://www.openstreetmap.org/node/13119997572","coordinateMethod":"OSM node","address":"5809 Macleod Trail SW","sourceTags":{"name":"Passport Health Chinook - Calgary Travel Clinic","amenity":"clinic","healthcare":"clinic","healthcare:speciality":"travel_clinic;vaccination"}},"geometry":{"type":"Point","coordinates":[-114.0724017,51.001964]}},{"type":"Feature","id":"osm-node-13120335369","properties":{"name":"Passport Health Downtown Calgary Travel Clinic","category":"healthcare","subcategory":"clinic","sourceId":"osm-overpass","osmType":"node","osmId":13120335369,"sourceUrl":"https://www.openstreetmap.org/node/13120335369","coordinateMethod":"OSM node","address":"505 3 Street SW","sourceTags":{"name":"Passport Health Downtown Calgary Travel Clinic","amenity":"clinic","healthcare":"clinic","healthcare:speciality":"travel_clinic;vaccination"}},"geometry":{"type":"Point","coordinates":[-114.070438,51.0482955]}},{"type":"Feature","id":"osm-node-13143811891","properties":{"name":"Buffalo Run Pharmacy","category":"healthcare","subcategory":"pharmacy","sourceId":"osm-overpass","osmType":"node","osmId":13143811891,"sourceUrl":"https://www.openstreetmap.org/node/13143811891","coordinateMethod":"OSM node","address":"11501 Buffalo Run Boulevard","sourceTags":{"name":"Buffalo Run Pharmacy","amenity":"pharmacy","healthcare":"pharmacy"}},"geometry":{"type":"Point","coordinates":[-114.1449332,50.9431934]}},{"type":"Feature","id":"osm-node-13152798787","properties":{"name":"Market Mall Dermatology","category":"healthcare","subcategory":"doctors","sourceId":"osm-overpass","osmType":"node","osmId":13152798787,"sourceUrl":"https://www.openstreetmap.org/node/13152798787","coordinateMethod":"OSM node","address":"446 - 4935 40 Avenue NW","sourceTags":{"name":"Market Mall Dermatology","amenity":"doctors","healthcare":"doctor","healthcare:speciality":"dermatology","opening_hours":"Mo-Th 08:00-16:00, Fr 08:00-15:00, Sa-Su closed"}},"geometry":{"type":"Point","coordinates":[-114.1578607,51.0876667]}},{"type":"Feature","id":"osm-node-13176969518","properties":{"name":"Indian Aroma Halal Meat & Groccery Store","category":"groceries","subcategory":"supermarket","sourceId":"osm-overpass","osmType":"node","osmId":13176969518,"sourceUrl":"https://www.openstreetmap.org/node/13176969518","coordinateMethod":"OSM node","address":"7750 Ranchview Drive NW","sourceTags":{"name":"Indian Aroma Halal Meat & Groccery Store","shop":"supermarket","check_date":"2025-09-28"}},"geometry":{"type":"Point","coordinates":[-114.1798747,51.1207709]}},{"type":"Feature","id":"osm-node-13176969524","properties":{"name":"Ranchlands Pharmacy","category":"healthcare","subcategory":"pharmacy","sourceId":"osm-overpass","osmType":"node","osmId":13176969524,"sourceUrl":"https://www.openstreetmap.org/node/13176969524","coordinateMethod":"OSM node","address":"7750 Ranchview Drive NW","sourceTags":{"name":"Ranchlands Pharmacy","amenity":"pharmacy","healthcare":"pharmacy","check_date":"2025-09-28"}},"geometry":{"type":"Point","coordinates":[-114.1793394,51.1207264]}},{"type":"Feature","id":"osm-node-13202924701","properties":{"name":"Mahogany Peoples Pharmacy","category":"healthcare","subcategory":"pharmacy","sourceId":"osm-overpass","osmType":"node","osmId":13202924701,"sourceUrl":"https://www.openstreetmap.org/node/13202924701","coordinateMethod":"OSM node","address":null,"sourceTags":{"name":"Mahogany Peoples Pharmacy","amenity":"pharmacy","healthcare":"pharmacy"}},"geometry":{"type":"Point","coordinates":[-113.9113374,50.8945075]}},{"type":"Feature","id":"osm-node-13202926301","properties":{"name":"One Stop Convenience & Grocery store","category":"convenience","subcategory":"convenience","sourceId":"osm-overpass","osmType":"node","osmId":13202926301,"sourceUrl":"https://www.openstreetmap.org/node/13202926301","coordinateMethod":"OSM node","address":null,"sourceTags":{"name":"One Stop Convenience & Grocery store","shop":"convenience"}},"geometry":{"type":"Point","coordinates":[-113.9115633,50.894508]}},{"type":"Feature","id":"osm-node-13235599900","properties":{"name":"TsuuT’ina Pharmacy","category":"healthcare","subcategory":"pharmacy","sourceId":"osm-overpass","osmType":"node","osmId":13235599900,"sourceUrl":"https://www.openstreetmap.org/node/13235599900","coordinateMethod":"OSM node","address":null,"sourceTags":{"name":"TsuuT’ina Pharmacy","amenity":"pharmacy","healthcare":"pharmacy"}},"geometry":{"type":"Point","coordinates":[-114.1622694,50.9528702]}},{"type":"Feature","id":"osm-node-13237223502","properties":{"name":"Shoppers Drug Mart","category":"healthcare","subcategory":"pharmacy","sourceId":"osm-overpass","osmType":"node","osmId":13237223502,"sourceUrl":"https://www.openstreetmap.org/node/13237223502","coordinateMethod":"OSM node","address":"122 Country Village Road NE","sourceTags":{"name":"Shoppers Drug Mart","brand":"Shoppers Drug Mart","amenity":"pharmacy","healthcare":"pharmacy","opening_hours":"08:00-22:00","check_date":"2025-11-10"}},"geometry":{"type":"Point","coordinates":[-114.066571,51.161952]}},{"type":"Feature","id":"osm-node-13265497765","properties":{"name":"Sunridge Medical Gallery","category":"healthcare","subcategory":"clinic","sourceId":"osm-overpass","osmType":"node","osmId":13265497765,"sourceUrl":"https://www.openstreetmap.org/node/13265497765","coordinateMethod":"OSM node","address":"2580 32 Street NE","sourceTags":{"name":"Sunridge Medical Gallery","amenity":"clinic","healthcare":"clinic"}},"geometry":{"type":"Point","coordinates":[-113.9868844,51.0751243]}},{"type":"Feature","id":"osm-node-13278733165","properties":{"name":"Go Market","category":"convenience","subcategory":"convenience","sourceId":"osm-overpass","osmType":"node","osmId":13278733165,"sourceUrl":"https://www.openstreetmap.org/node/13278733165","coordinateMethod":"OSM node","address":"25238 Township Road 254A","sourceTags":{"name":"Go Market","shop":"convenience"}},"geometry":{"type":"Point","coordinates":[-114.2789393,51.1549817]}},{"type":"Feature","id":"osm-node-13288335701","properties":{"name":"Slavic Deli Store","category":"convenience","subcategory":"convenience","sourceId":"osm-overpass","osmType":"node","osmId":13288335701,"sourceUrl":"https://www.openstreetmap.org/node/13288335701","coordinateMethod":"OSM node","address":"17107 James McKevitt Road SW","sourceTags":{"name":"Slavic Deli Store","shop":"convenience"}},"geometry":{"type":"Point","coordinates":[-114.0942617,50.9002154]}},{"type":"Feature","id":"osm-node-13288335802","properties":{"name":"Essence Wellness Clinic","category":"healthcare","subcategory":"clinic","sourceId":"osm-overpass","osmType":"node","osmId":13288335802,"sourceUrl":"https://www.openstreetmap.org/node/13288335802","coordinateMethod":"OSM node","address":null,"sourceTags":{"name":"Essence Wellness Clinic","amenity":"clinic"}},"geometry":{"type":"Point","coordinates":[-113.9415162,50.8942626]}},{"type":"Feature","id":"osm-node-13291451281","properties":{"name":"Britannia Pharmacy","category":"healthcare","subcategory":"pharmacy","sourceId":"osm-overpass","osmType":"node","osmId":13291451281,"sourceUrl":"https://www.openstreetmap.org/node/13291451281","coordinateMethod":"OSM node","address":"809 49 Avenue SW","sourceTags":{"name":"Britannia Pharmacy","amenity":"pharmacy","healthcare":"pharmacy","opening_hours":"Mo-Fr 09:00-18:00; Sa 10:00-16:00","check_date":"2025-11-09"}},"geometry":{"type":"Point","coordinates":[-114.0823222,51.0094409]}},{"type":"Feature","id":"osm-node-13291451285","properties":{"name":"Britannia Medical Clinic","category":"healthcare","subcategory":"doctors","sourceId":"osm-overpass","osmType":"node","osmId":13291451285,"sourceUrl":"https://www.openstreetmap.org/node/13291451285","coordinateMethod":"OSM node","address":"824 49 Avenue SW","sourceTags":{"name":"Britannia Medical Clinic","amenity":"doctors","healthcare":"doctor","check_date":"2025-11-09"}},"geometry":{"type":"Point","coordinates":[-114.0828442,51.0097786]}},{"type":"Feature","id":"osm-node-13295035283","properties":{"name":"Cast Clinic","category":"healthcare","subcategory":"clinic","sourceId":"osm-overpass","osmType":"node","osmId":13295035283,"sourceUrl":"https://www.openstreetmap.org/node/13295035283","coordinateMethod":"OSM node","address":null,"sourceTags":{"name":"Cast Clinic","amenity":"clinic","healthcare":"clinic","healthcare:speciality":"plastic_surgery"}},"geometry":{"type":"Point","coordinates":[-114.0970964,50.9909491]}},{"type":"Feature","id":"osm-node-13317503235","properties":{"name":"Market Express","category":"convenience","subcategory":"convenience","sourceId":"osm-overpass","osmType":"node","osmId":13317503235,"sourceUrl":"https://www.openstreetmap.org/node/13317503235","coordinateMethod":"OSM node","address":null,"sourceTags":{"name":"Market Express","shop":"convenience","opening_hours":"Mo-Th 06:30-18:30; Fr 06:30-17:30","check_date":"2025-11-19"}},"geometry":{"type":"Point","coordinates":[-114.0894081,51.0644691]}},{"type":"Feature","id":"osm-node-13321405495","properties":{"name":"A Plus 1 Convenience Store","category":"convenience","subcategory":"convenience","sourceId":"osm-overpass","osmType":"node","osmId":13321405495,"sourceUrl":"https://www.openstreetmap.org/node/13321405495","coordinateMethod":"OSM node","address":"2515 90 Avenue SW","sourceTags":{"name":"A Plus 1 Convenience Store","shop":"convenience","opening_hours":"24/7"}},"geometry":{"type":"Point","coordinates":[-114.1188223,50.9718771]}},{"type":"Feature","id":"osm-node-13321405921","properties":{"name":"Oak Bay Medical Centre","category":"healthcare","subcategory":"clinic","sourceId":"osm-overpass","osmType":"node","osmId":13321405921,"sourceUrl":"https://www.openstreetmap.org/node/13321405921","coordinateMethod":"OSM node","address":"2515 90 Avenue SW","sourceTags":{"name":"Oak Bay Medical Centre","amenity":"clinic","healthcare":"clinic","opening_hours":"Mo-Th 09:00-16:30; Fr 09:00-15:00"}},"geometry":{"type":"Point","coordinates":[-114.1197366,50.9714074]}},{"type":"Feature","id":"osm-node-13321405923","properties":{"name":"Zinoha","category":"healthcare","subcategory":"pharmacy","sourceId":"osm-overpass","osmType":"node","osmId":13321405923,"sourceUrl":"https://www.openstreetmap.org/node/13321405923","coordinateMethod":"OSM node","address":"2515 90 Avenue SW","sourceTags":{"name":"Zinoha","amenity":"pharmacy","healthcare":"pharmacy"}},"geometry":{"type":"Point","coordinates":[-114.11958,50.971411]}},{"type":"Feature","id":"osm-node-13328716616","properties":{"name":"The Good Samaritan Clinic","category":"healthcare","subcategory":"clinic","sourceId":"osm-overpass","osmType":"node","osmId":13328716616,"sourceUrl":"https://www.openstreetmap.org/node/13328716616","coordinateMethod":"OSM node","address":"200 Rivercrest Drive SE","sourceTags":{"name":"The Good Samaritan Clinic","amenity":"clinic","healthcare":"clinic"}},"geometry":{"type":"Point","coordinates":[-114.012171,50.9786784]}},{"type":"Feature","id":"osm-node-13355848491","properties":{"name":"PrimeCare","category":"healthcare","subcategory":"pharmacy","sourceId":"osm-overpass","osmType":"node","osmId":13355848491,"sourceUrl":"https://www.openstreetmap.org/node/13355848491","coordinateMethod":"OSM node","address":"313 17 Avenue SW","sourceTags":{"name":"PrimeCare","amenity":"pharmacy","healthcare":"pharmacy","opening_hours":"Mo-Fr 09:00-17:00; Sa 11:00-15:00; Su,PH off"}},"geometry":{"type":"Point","coordinates":[-114.0692943,51.0376657]}},{"type":"Feature","id":"osm-node-13355848492","properties":{"name":"PrimeCare Medical","category":"healthcare","subcategory":"doctors","sourceId":"osm-overpass","osmType":"node","osmId":13355848492,"sourceUrl":"https://www.openstreetmap.org/node/13355848492","coordinateMethod":"OSM node","address":"315 17 Avenue SW","sourceTags":{"name":"PrimeCare Medical","amenity":"doctors","healthcare":"doctor","opening_hours":"Mo-Fr 09:00-12:00,13:00-17:00; Sa,Su,PH off"}},"geometry":{"type":"Point","coordinates":[-114.0694343,51.0376803]}},{"type":"Feature","id":"osm-node-13383690493","properties":{"name":"H Mart","category":"groceries","subcategory":"supermarket","sourceId":"osm-overpass","osmType":"node","osmId":13383690493,"sourceUrl":"https://www.openstreetmap.org/node/13383690493","coordinateMethod":"OSM node","address":"1308 1 Street SE","sourceTags":{"name":"H Mart","brand":"H Mart","shop":"supermarket","opening_hours":"Mo-Su 09:00-21:00","check_date":"2026-04-09","check_date:opening_hours":"2026-04-09"}},"geometry":{"type":"Point","coordinates":[-114.060616,51.0399682]}},{"type":"Feature","id":"osm-node-13388205883","properties":{"name":"Soft Tissue Rehab Centre","category":"healthcare","subcategory":"clinic","sourceId":"osm-overpass","osmType":"node","osmId":13388205883,"sourceUrl":"https://www.openstreetmap.org/node/13388205883","coordinateMethod":"OSM node","address":"1922 9 Avenue SE","sourceTags":{"name":"Soft Tissue Rehab Centre","amenity":"clinic","healthcare":"clinic","healthcare:speciality":"chiropractic"}},"geometry":{"type":"Point","coordinates":[-114.0186175,51.0349349]}},{"type":"Feature","id":"osm-node-13394414231","properties":{"name":"Pharmasave","category":"healthcare","subcategory":"pharmacy","sourceId":"osm-overpass","osmType":"node","osmId":13394414231,"sourceUrl":"https://www.openstreetmap.org/node/13394414231","coordinateMethod":"OSM node","address":null,"sourceTags":{"name":"Pharmasave","brand":"Pharmasave","amenity":"pharmacy","healthcare":"pharmacy"}},"geometry":{"type":"Point","coordinates":[-113.8406245,51.0297284]}},{"type":"Feature","id":"osm-node-13444825234","properties":{"name":"Full Health Medical Clinic (Chinook)","category":"healthcare","subcategory":"clinic","sourceId":"osm-overpass","osmType":"node","osmId":13444825234,"sourceUrl":"https://www.openstreetmap.org/node/13444825234","coordinateMethod":"OSM node","address":"5809 Macleod Trail SW","sourceTags":{"name":"Full Health Medical Clinic (Chinook)","amenity":"clinic","healthcare":"clinic","healthcare:speciality":"general","opening_hours":"Mo-Fr 09:00-18:00; Sa 12:00-16:00"}},"geometry":{"type":"Point","coordinates":[-114.0723695,51.0016831]}},{"type":"Feature","id":"osm-node-13444825235","properties":{"name":"Health Way Pharmacy - Remedy'sRx","category":"healthcare","subcategory":"pharmacy","sourceId":"osm-overpass","osmType":"node","osmId":13444825235,"sourceUrl":"https://www.openstreetmap.org/node/13444825235","coordinateMethod":"OSM node","address":"5809 Macleod Trail SW","sourceTags":{"name":"Health Way Pharmacy - Remedy'sRx","amenity":"pharmacy","healthcare":"pharmacy","opening_hours":"Mo-Fr 09:00-18:00; Sa 12:00-16:00"}},"geometry":{"type":"Point","coordinates":[-114.0723695,51.0017311]}},{"type":"Feature","id":"osm-node-13444825317","properties":{"name":"JK Convenience Store","category":"convenience","subcategory":"convenience","sourceId":"osm-overpass","osmType":"node","osmId":13444825317,"sourceUrl":"https://www.openstreetmap.org/node/13444825317","coordinateMethod":"OSM node","address":"208 Haddon Road SW","sourceTags":{"name":"JK Convenience Store","shop":"convenience"}},"geometry":{"type":"Point","coordinates":[-114.0786264,50.9710232]}},{"type":"Feature","id":"osm-node-13447304994","properties":{"name":"Eversyde Medical Clinic","category":"healthcare","subcategory":"clinic","sourceId":"osm-overpass","osmType":"node","osmId":13447304994,"sourceUrl":"https://www.openstreetmap.org/node/13447304994","coordinateMethod":"OSM node","address":"2505 Eversyde Avenue SW","sourceTags":{"name":"Eversyde Medical Clinic","amenity":"clinic","healthcare":"clinic"}},"geometry":{"type":"Point","coordinates":[-114.117725,50.9075888]}},{"type":"Feature","id":"osm-node-13447312429","properties":{"name":"YYC Convenience Store","category":"convenience","subcategory":"convenience","sourceId":"osm-overpass","osmType":"node","osmId":13447312429,"sourceUrl":"https://www.openstreetmap.org/node/13447312429","coordinateMethod":"OSM node","address":"180 Legacy Main Street SE","sourceTags":{"name":"YYC Convenience Store","shop":"convenience"}},"geometry":{"type":"Point","coordinates":[-114.0262349,50.8616285]}},{"type":"Feature","id":"osm-node-13447402701","properties":{"name":"Shalom Food Mart","category":"convenience","subcategory":"convenience","sourceId":"osm-overpass","osmType":"node","osmId":13447402701,"sourceUrl":"https://www.openstreetmap.org/node/13447402701","coordinateMethod":"OSM node","address":"639 14 Avenue SW","sourceTags":{"name":"Shalom Food Mart","shop":"convenience"}},"geometry":{"type":"Point","coordinates":[-114.076362,51.039658]}},{"type":"Feature","id":"osm-node-13448414801","properties":{"name":"Multicook","category":"groceries","subcategory":"supermarket","sourceId":"osm-overpass","osmType":"node","osmId":13448414801,"sourceUrl":"https://www.openstreetmap.org/node/13448414801","coordinateMethod":"OSM node","address":"625 77 Avenue SE","sourceTags":{"name":"Multicook","shop":"supermarket","opening_hours":"Tu-Su 09:00-18:00"}},"geometry":{"type":"Point","coordinates":[-114.0495488,50.9840066]}},{"type":"Feature","id":"osm-node-13448445801","properties":{"name":"European Market Deli & Produce","category":"groceries","subcategory":"supermarket","sourceId":"osm-overpass","osmType":"node","osmId":13448445801,"sourceUrl":"https://www.openstreetmap.org/node/13448445801","coordinateMethod":"OSM node","address":"7145 11 Street SE","sourceTags":{"name":"European Market Deli & Produce","shop":"supermarket","opening_hours":"Mo-Fr 09:00-18:00; Sa 09:00-19:00; Su 09:00-18:00"}},"geometry":{"type":"Point","coordinates":[-114.0411187,50.9902906]}},{"type":"Feature","id":"osm-node-13448943502","properties":{"name":"Express Mart","category":"convenience","subcategory":"convenience","sourceId":"osm-overpass","osmType":"node","osmId":13448943502,"sourceUrl":"https://www.openstreetmap.org/node/13448943502","coordinateMethod":"OSM node","address":"505 4 Avenue SW","sourceTags":{"name":"Express Mart","shop":"convenience","opening_hours":"Mo-Th 07:00-23:00; Fr 07:00-00:00; Sa 08:00-00:00; Su 08:00-22:00","check_date":"2026-03-09","check_date:opening_hours":"2026-03-09"}},"geometry":{"type":"Point","coordinates":[-114.0723188,51.0494679]}},{"type":"Feature","id":"osm-node-13454021974","properties":{"name":"Red Sea Grosery & Meat","category":"convenience","subcategory":"convenience","sourceId":"osm-overpass","osmType":"node","osmId":13454021974,"sourceUrl":"https://www.openstreetmap.org/node/13454021974","coordinateMethod":"OSM node","address":"4801 26 Avenue NE","sourceTags":{"name":"Red Sea Grosery & Meat","shop":"convenience"}},"geometry":{"type":"Point","coordinates":[-113.966017,51.0770419]}},{"type":"Feature","id":"osm-node-13529952030","properties":{"name":"Sanjha Punjab","category":"groceries","subcategory":"supermarket","sourceId":"osm-overpass","osmType":"node","osmId":13529952030,"sourceUrl":"https://www.openstreetmap.org/node/13529952030","coordinateMethod":"OSM node","address":null,"sourceTags":{"name":"Sanjha Punjab","shop":"supermarket"}},"geometry":{"type":"Point","coordinates":[-113.9690641,51.1468704]}},{"type":"Feature","id":"osm-node-13538591236","properties":{"name":"Calgary Dermatology","category":"healthcare","subcategory":"doctors","sourceId":"osm-overpass","osmType":"node","osmId":13538591236,"sourceUrl":"https://www.openstreetmap.org/node/13538591236","coordinateMethod":"OSM node","address":"1100 1 Street SE","sourceTags":{"name":"Calgary Dermatology","amenity":"doctors","healthcare":"doctor","healthcare:speciality":"dermatology"}},"geometry":{"type":"Point","coordinates":[-114.0604134,51.042071]}},{"type":"Feature","id":"osm-node-13539034168","properties":{"name":"Good Habit Co.","category":"healthcare","subcategory":"pharmacy","sourceId":"osm-overpass","osmType":"node","osmId":13539034168,"sourceUrl":"https://www.openstreetmap.org/node/13539034168","coordinateMethod":"OSM node","address":"56 Uxborough Place NW","sourceTags":{"name":"Good Habit Co.","amenity":"pharmacy","healthcare":"pharmacy","opening_hours":"Mo-Fr 09:00-17:00; Sa-Su off"}},"geometry":{"type":"Point","coordinates":[-114.1309095,51.0690643]}},{"type":"Feature","id":"osm-node-13574805560","properties":{"name":"Shell Select","category":"convenience","subcategory":"convenience","sourceId":"osm-overpass","osmType":"node","osmId":13574805560,"sourceUrl":"https://www.openstreetmap.org/node/13574805560","coordinateMethod":"OSM node","address":"200 Airport Road NE","sourceTags":{"name":"Shell Select","brand":"Shell Select","shop":"convenience","opening_hours":"24/7"}},"geometry":{"type":"Point","coordinates":[-114.0039286,51.1345984]}},{"type":"Feature","id":"osm-node-13588355691","properties":{"name":"Chahine Supermarket","category":"groceries","subcategory":"supermarket","sourceId":"osm-overpass","osmType":"node","osmId":13588355691,"sourceUrl":"https://www.openstreetmap.org/node/13588355691","coordinateMethod":"OSM node","address":null,"sourceTags":{"name":"Chahine Supermarket","shop":"supermarket"}},"geometry":{"type":"Point","coordinates":[-113.9569055,51.0910954]}},{"type":"Feature","id":"osm-node-13594170078","properties":{"name":"Royal care Douglasdale Pharmacy","category":"healthcare","subcategory":"pharmacy","sourceId":"osm-overpass","osmType":"node","osmId":13594170078,"sourceUrl":"https://www.openstreetmap.org/node/13594170078","coordinateMethod":"OSM node","address":null,"sourceTags":{"name":"Royal care Douglasdale Pharmacy","amenity":"pharmacy","healthcare":"pharmacy"}},"geometry":{"type":"Point","coordinates":[-114.0015469,50.9431063]}},{"type":"Feature","id":"osm-node-13594170079","properties":{"name":"Douglasdale Medical","category":"healthcare","subcategory":"clinic","sourceId":"osm-overpass","osmType":"node","osmId":13594170079,"sourceUrl":"https://www.openstreetmap.org/node/13594170079","coordinateMethod":"OSM node","address":null,"sourceTags":{"name":"Douglasdale Medical","amenity":"clinic","healthcare":"clinic"}},"geometry":{"type":"Point","coordinates":[-114.0016812,50.9434449]}},{"type":"Feature","id":"osm-node-13639540748","properties":{"name":"Dahlak Al Food Store","category":"convenience","subcategory":"convenience","sourceId":"osm-overpass","osmType":"node","osmId":13639540748,"sourceUrl":"https://www.openstreetmap.org/node/13639540748","coordinateMethod":"OSM node","address":"1208 14 Avenue SW","sourceTags":{"name":"Dahlak Al Food Store","shop":"convenience"}},"geometry":{"type":"Point","coordinates":[-114.089331,51.0404596]}},{"type":"Feature","id":"osm-node-13648518299","properties":{"name":"Brown's Grocery","category":"groceries","subcategory":"supermarket","sourceId":"osm-overpass","osmType":"node","osmId":13648518299,"sourceUrl":"https://www.openstreetmap.org/node/13648518299","coordinateMethod":"OSM node","address":"1201 20 Avenue NW","sourceTags":{"name":"Brown's Grocery","shop":"supermarket"}},"geometry":{"type":"Point","coordinates":[-114.0876063,51.0703692]}},{"type":"Feature","id":"osm-node-13686933459","properties":{"name":"Loblaw Pharmacy","category":"healthcare","subcategory":"pharmacy","sourceId":"osm-overpass","osmType":"node","osmId":13686933459,"sourceUrl":"https://www.openstreetmap.org/node/13686933459","coordinateMethod":"OSM node","address":"100 Rainbow Road South","sourceTags":{"name":"Loblaw Pharmacy","brand":"Loblaws","amenity":"pharmacy","healthcare":"pharmacy"}},"geometry":{"type":"Point","coordinates":[-113.8394783,51.0261317]}},{"type":"Feature","id":"osm-node-13686933488","properties":{"name":"Rainbow Falls Medical Clinic","category":"healthcare","subcategory":"clinic","sourceId":"osm-overpass","osmType":"node","osmId":13686933488,"sourceUrl":"https://www.openstreetmap.org/node/13686933488","coordinateMethod":"OSM node","address":"100 Rainbow Road South","sourceTags":{"name":"Rainbow Falls Medical Clinic","amenity":"clinic","healthcare":"clinic"}},"geometry":{"type":"Point","coordinates":[-113.8415534,51.025228]}},{"type":"Feature","id":"osm-node-13690329858","properties":{"name":"Winks Convenience Store","category":"convenience","subcategory":"convenience","sourceId":"osm-overpass","osmType":"node","osmId":13690329858,"sourceUrl":"https://www.openstreetmap.org/node/13690329858","coordinateMethod":"OSM node","address":null,"sourceTags":{"name":"Winks Convenience Store","shop":"convenience","check_date":"2026-03-27"}},"geometry":{"type":"Point","coordinates":[-113.9660488,51.0374598]}},{"type":"Feature","id":"osm-node-13690329862","properties":{"name":"Bake 'N Shake Convenience Store","category":"convenience","subcategory":"convenience","sourceId":"osm-overpass","osmType":"node","osmId":13690329862,"sourceUrl":"https://www.openstreetmap.org/node/13690329862","coordinateMethod":"OSM node","address":null,"sourceTags":{"name":"Bake 'N Shake Convenience Store","shop":"convenience","check_date":"2026-03-27"}},"geometry":{"type":"Point","coordinates":[-113.965575,51.0374321]}},{"type":"Feature","id":"osm-node-13690329863","properties":{"name":"International Ave Clinic & Pharmacy","category":"healthcare","subcategory":"clinic","sourceId":"osm-overpass","osmType":"node","osmId":13690329863,"sourceUrl":"https://www.openstreetmap.org/node/13690329863","coordinateMethod":"OSM node","address":null,"sourceTags":{"name":"International Ave Clinic & Pharmacy","amenity":"clinic","healthcare":"clinic","check_date":"2026-03-27"}},"geometry":{"type":"Point","coordinates":[-113.9681109,51.038168]}},{"type":"Feature","id":"osm-node-13690329874","properties":{"name":"White Nile Grocery Store Corporation","category":"groceries","subcategory":"supermarket","sourceId":"osm-overpass","osmType":"node","osmId":13690329874,"sourceUrl":"https://www.openstreetmap.org/node/13690329874","coordinateMethod":"OSM node","address":null,"sourceTags":{"name":"White Nile Grocery Store Corporation","shop":"supermarket","check_date":"2026-03-27"}},"geometry":{"type":"Point","coordinates":[-113.963887,51.038144]}},{"type":"Feature","id":"osm-node-13699555901","properties":{"name":"Sheldon M. Chumir Health Centre - Urgent Care Services","category":"healthcare","subcategory":"doctors","sourceId":"osm-overpass","osmType":"node","osmId":13699555901,"sourceUrl":"https://www.openstreetmap.org/node/13699555901","coordinateMethod":"OSM node","address":"1213 4 Street SW","sourceTags":{"name":"Sheldon M. Chumir Health Centre - Urgent Care Services","amenity":"doctors","healthcare":"doctor","opening_hours":"24/7"}},"geometry":{"type":"Point","coordinates":[-114.0723818,51.0413855]}},{"type":"Feature","id":"osm-node-13719702634","properties":{"name":"Medeber Variety Store","category":"convenience","subcategory":"convenience","sourceId":"osm-overpass","osmType":"node","osmId":13719702634,"sourceUrl":"https://www.openstreetmap.org/node/13719702634","coordinateMethod":"OSM node","address":null,"sourceTags":{"name":"Medeber Variety Store","shop":"convenience"}},"geometry":{"type":"Point","coordinates":[-113.9811236,51.0600577]}},{"type":"Feature","id":"osm-node-13719702648","properties":{"name":"Bombay Spices","category":"groceries","subcategory":"supermarket","sourceId":"osm-overpass","osmType":"node","osmId":13719702648,"sourceUrl":"https://www.openstreetmap.org/node/13719702648","coordinateMethod":"OSM node","address":"36 Street NE","sourceTags":{"name":"Bombay Spices","shop":"supermarket"}},"geometry":{"type":"Point","coordinates":[-113.9807779,51.0611588]}},{"type":"Feature","id":"osm-node-13729046066","properties":{"name":"7-Eleven","category":"convenience","subcategory":"convenience","sourceId":"osm-overpass","osmType":"node","osmId":13729046066,"sourceUrl":"https://www.openstreetmap.org/node/13729046066","coordinateMethod":"OSM node","address":null,"sourceTags":{"name":"7-Eleven","brand":"7-Eleven","shop":"convenience"}},"geometry":{"type":"Point","coordinates":[-113.9808778,50.9171736]}},{"type":"Feature","id":"osm-node-13729133403","properties":{"name":null,"category":"convenience","subcategory":"convenience","sourceId":"osm-overpass","osmType":"node","osmId":13729133403,"sourceUrl":"https://www.openstreetmap.org/node/13729133403","coordinateMethod":"OSM node","address":null,"sourceTags":{"shop":"convenience"}},"geometry":{"type":"Point","coordinates":[-114.0689045,50.9641436]}},{"type":"Feature","id":"osm-node-13741793735","properties":{"name":"Ashu Variety Store","category":"convenience","subcategory":"convenience","sourceId":"osm-overpass","osmType":"node","osmId":13741793735,"sourceUrl":"https://www.openstreetmap.org/node/13741793735","coordinateMethod":"OSM node","address":null,"sourceTags":{"name":"Ashu Variety Store","shop":"convenience"}},"geometry":{"type":"Point","coordinates":[-113.9567324,51.0534829]}},{"type":"Feature","id":"osm-node-13741793736","properties":{"name":"Remedy'sRx","category":"healthcare","subcategory":"pharmacy","sourceId":"osm-overpass","osmType":"node","osmId":13741793736,"sourceUrl":"https://www.openstreetmap.org/node/13741793736","coordinateMethod":"OSM node","address":null,"sourceTags":{"name":"Remedy'sRx","brand":"Remedy'sRx","amenity":"pharmacy","healthcare":"pharmacy","opening_hours":"Mo-Fr 09:00-18:00; Sa 10:00-14:00; Su off"}},"geometry":{"type":"Point","coordinates":[-113.9567535,51.0535771]}},{"type":"Feature","id":"osm-node-13741793742","properties":{"name":"FAST MD","category":"healthcare","subcategory":"clinic","sourceId":"osm-overpass","osmType":"node","osmId":13741793742,"sourceUrl":"https://www.openstreetmap.org/node/13741793742","coordinateMethod":"OSM node","address":"5268 Marlborough Drive NE","sourceTags":{"name":"FAST MD","amenity":"clinic","healthcare":"clinic"}},"geometry":{"type":"Point","coordinates":[-113.9589255,51.0604212]}},{"type":"Feature","id":"osm-node-13741793745","properties":{"name":"Marlborough Convenience Store","category":"convenience","subcategory":"convenience","sourceId":"osm-overpass","osmType":"node","osmId":13741793745,"sourceUrl":"https://www.openstreetmap.org/node/13741793745","coordinateMethod":"OSM node","address":null,"sourceTags":{"name":"Marlborough Convenience Store","shop":"convenience"}},"geometry":{"type":"Point","coordinates":[-113.9589189,51.0602606]}},{"type":"Feature","id":"osm-node-13741793757","properties":{"name":"Bulk Barn","category":"groceries","subcategory":"supermarket","sourceId":"osm-overpass","osmType":"node","osmId":13741793757,"sourceUrl":"https://www.openstreetmap.org/node/13741793757","coordinateMethod":"OSM node","address":null,"sourceTags":{"name":"Bulk Barn","brand":"Bulk Barn","shop":"supermarket","opening_hours":"Mo-Fr 10:00-20:00; Sa 10:00-18:00; Su 10:00-17:00"}},"geometry":{"type":"Point","coordinates":[-113.955884,51.0640013]}},{"type":"Feature","id":"osm-node-13741793758","properties":{"name":"Anatolia Turkish Foods","category":"groceries","subcategory":"supermarket","sourceId":"osm-overpass","osmType":"node","osmId":13741793758,"sourceUrl":"https://www.openstreetmap.org/node/13741793758","coordinateMethod":"OSM node","address":"1440 52 Street NE","sourceTags":{"name":"Anatolia Turkish Foods","shop":"supermarket","opening_hours":"Mo-Th 10:00-22:00; Fr-Su 10:00-22:30"}},"geometry":{"type":"Point","coordinates":[-113.955884,51.0641288]}},{"type":"Feature","id":"osm-node-13743543851","properties":{"name":"Ocean Convenience","category":"convenience","subcategory":"convenience","sourceId":"osm-overpass","osmType":"node","osmId":13743543851,"sourceUrl":"https://www.openstreetmap.org/node/13743543851","coordinateMethod":"OSM node","address":"5269 Memorial Drive E","sourceTags":{"name":"Ocean Convenience","shop":"convenience"}},"geometry":{"type":"Point","coordinates":[-113.95766,51.0526682]}},{"type":"Feature","id":"osm-node-13743543853","properties":{"name":"Vattan Grocery","category":"groceries","subcategory":"supermarket","sourceId":"osm-overpass","osmType":"node","osmId":13743543853,"sourceUrl":"https://www.openstreetmap.org/node/13743543853","coordinateMethod":"OSM node","address":"5269 Memorial Drive E","sourceTags":{"name":"Vattan Grocery","shop":"supermarket","opening_hours":"Su-Fr 10:00-20:00; Sa 10:00-21:00"}},"geometry":{"type":"Point","coordinates":[-113.9577721,51.0524967]}},{"type":"Feature","id":"osm-node-13743543858","properties":{"name":"Nhan Nghia Market","category":"groceries","subcategory":"supermarket","sourceId":"osm-overpass","osmType":"node","osmId":13743543858,"sourceUrl":"https://www.openstreetmap.org/node/13743543858","coordinateMethod":"OSM node","address":"200 52 Street NE","sourceTags":{"name":"Nhan Nghia Market","shop":"supermarket","opening_hours":"Mo-Sa 08:00-20:00; Su 09:00-20:00"}},"geometry":{"type":"Point","coordinates":[-113.954687,51.054483]}},{"type":"Feature","id":"osm-node-13744347554","properties":{"name":"RedSea Grocery Store","category":"groceries","subcategory":"supermarket","sourceId":"osm-overpass","osmType":"node","osmId":13744347554,"sourceUrl":"https://www.openstreetmap.org/node/13744347554","coordinateMethod":"OSM node","address":null,"sourceTags":{"name":"RedSea Grocery Store","shop":"supermarket"}},"geometry":{"type":"Point","coordinates":[-113.9748899,51.0597902]}},{"type":"Feature","id":"osm-node-13744347555","properties":{"name":"Calgary Drug Mart","category":"healthcare","subcategory":"pharmacy","sourceId":"osm-overpass","osmType":"node","osmId":13744347555,"sourceUrl":"https://www.openstreetmap.org/node/13744347555","coordinateMethod":"OSM node","address":null,"sourceTags":{"name":"Calgary Drug Mart","amenity":"pharmacy","healthcare":"pharmacy","opening_hours":"Mo-Fr 10:00-18:00; Sa 10:00-16:00; Su,PH off"}},"geometry":{"type":"Point","coordinates":[-113.9748173,51.0597939]}},{"type":"Feature","id":"osm-node-13744347558","properties":{"name":"Daily-Go Mart","category":"convenience","subcategory":"convenience","sourceId":"osm-overpass","osmType":"node","osmId":13744347558,"sourceUrl":"https://www.openstreetmap.org/node/13744347558","coordinateMethod":"OSM node","address":null,"sourceTags":{"name":"Daily-Go Mart","shop":"convenience","opening_hours":"Mo-Su 09:00-21:00"}},"geometry":{"type":"Point","coordinates":[-113.9743837,51.0597955]}},{"type":"Feature","id":"osm-node-13744351635","properties":{"name":"Vista Medical","category":"healthcare","subcategory":"clinic","sourceId":"osm-overpass","osmType":"node","osmId":13744351635,"sourceUrl":"https://www.openstreetmap.org/node/13744351635","coordinateMethod":"OSM node","address":null,"sourceTags":{"name":"Vista Medical","amenity":"clinic","healthcare":"clinic"}},"geometry":{"type":"Point","coordinates":[-113.9809155,51.0614641]}},{"type":"Feature","id":"osm-node-13744351636","properties":{"name":"Remedy'sRx","category":"healthcare","subcategory":"pharmacy","sourceId":"osm-overpass","osmType":"node","osmId":13744351636,"sourceUrl":"https://www.openstreetmap.org/node/13744351636","coordinateMethod":"OSM node","address":null,"sourceTags":{"name":"Remedy'sRx","brand":"Remedy'sRx","amenity":"pharmacy","healthcare":"pharmacy"}},"geometry":{"type":"Point","coordinates":[-113.9809194,51.0615061]}},{"type":"Feature","id":"osm-node-13754183479","properties":{"name":"Swerte Filipino Store & Remittance Centre","category":"convenience","subcategory":"convenience","sourceId":"osm-overpass","osmType":"node","osmId":13754183479,"sourceUrl":"https://www.openstreetmap.org/node/13754183479","coordinateMethod":"OSM node","address":null,"sourceTags":{"name":"Swerte Filipino Store & Remittance Centre","shop":"convenience"}},"geometry":{"type":"Point","coordinates":[-113.9790371,51.0520921]}},{"type":"Feature","id":"osm-node-13754183487","properties":{"name":"God's Glory African & West Indies Market","category":"groceries","subcategory":"supermarket","sourceId":"osm-overpass","osmType":"node","osmId":13754183487,"sourceUrl":"https://www.openstreetmap.org/node/13754183487","coordinateMethod":"OSM node","address":null,"sourceTags":{"name":"God's Glory African & West Indies Market","shop":"supermarket"}},"geometry":{"type":"Point","coordinates":[-113.9790453,51.0516012]}},{"type":"Feature","id":"osm-node-13754183494","properties":{"name":"JuvyDerm","category":"healthcare","subcategory":"doctors","sourceId":"osm-overpass","osmType":"node","osmId":13754183494,"sourceUrl":"https://www.openstreetmap.org/node/13754183494","coordinateMethod":"OSM node","address":"495 36 Street NE","sourceTags":{"name":"JuvyDerm","amenity":"doctors","healthcare":"doctor","healthcare:speciality":"dermatology"}},"geometry":{"type":"Point","coordinates":[-113.9851414,51.0551368]}},{"type":"Feature","id":"osm-node-13754196253","properties":{"name":"Community RX","category":"healthcare","subcategory":"pharmacy","sourceId":"osm-overpass","osmType":"node","osmId":13754196253,"sourceUrl":"https://www.openstreetmap.org/node/13754196253","coordinateMethod":"OSM node","address":"171 52 Street SE","sourceTags":{"name":"Community RX","amenity":"pharmacy","healthcare":"pharmacy"}},"geometry":{"type":"Point","coordinates":[-113.9562496,51.0529022]}},{"type":"Feature","id":"osm-node-13754196254","properties":{"name":"Medi-Care Clinic","category":"healthcare","subcategory":"clinic","sourceId":"osm-overpass","osmType":"node","osmId":13754196254,"sourceUrl":"https://www.openstreetmap.org/node/13754196254","coordinateMethod":"OSM node","address":"171 52 Street SE","sourceTags":{"name":"Medi-Care Clinic","amenity":"clinic","healthcare":"clinic"}},"geometry":{"type":"Point","coordinates":[-113.9562669,51.0528999]}},{"type":"Feature","id":"osm-node-13785587995","properties":{"name":"Shell Select","category":"convenience","subcategory":"convenience","sourceId":"osm-overpass","osmType":"node","osmId":13785587995,"sourceUrl":"https://www.openstreetmap.org/node/13785587995","coordinateMethod":"OSM node","address":"8251 Fairmount Drive SE","sourceTags":{"name":"Shell Select","brand":"Shell Select","shop":"convenience","opening_hours":"Mo-Su 06:00-23:00"}},"geometry":{"type":"Point","coordinates":[-114.0605154,50.9799978]}},{"type":"Feature","id":"osm-node-13804990529","properties":{"name":"Erlton Family and Walk-in Clinic","category":"healthcare","subcategory":"doctors","sourceId":"osm-overpass","osmType":"node","osmId":13804990529,"sourceUrl":"https://www.openstreetmap.org/node/13804990529","coordinateMethod":"OSM node","address":"2505 Macleod Trail SW","sourceTags":{"name":"Erlton Family and Walk-in Clinic","amenity":"doctors","healthcare":"doctor","opening_hours":"Mo-Fr 09:00-18:00; Sa 10:00-16:00; Su off"}},"geometry":{"type":"Point","coordinates":[-114.0605136,51.0302413]}},{"type":"Feature","id":"osm-node-13804990530","properties":{"name":"Erlton I.D.A. Pharmacy","category":"healthcare","subcategory":"pharmacy","sourceId":"osm-overpass","osmType":"node","osmId":13804990530,"sourceUrl":"https://www.openstreetmap.org/node/13804990530","coordinateMethod":"OSM node","address":"2505 Macleod Trail SW","sourceTags":{"name":"Erlton I.D.A. Pharmacy","brand":"I.D.A.","amenity":"pharmacy","healthcare":"pharmacy","opening_hours":"Mo-Fr 09:00-18:00; Sa 10:00-16:00; Su off"}},"geometry":{"type":"Point","coordinates":[-114.060398,51.0302419]}},{"type":"Feature","id":"osm-node-13805237358","properties":{"name":"EFW Radiology","category":"healthcare","subcategory":"doctors","sourceId":"osm-overpass","osmType":"node","osmId":13805237358,"sourceUrl":"https://www.openstreetmap.org/node/13805237358","coordinateMethod":"OSM node","address":"2000 Veteran's Place NW","sourceTags":{"name":"EFW Radiology","amenity":"doctors","healthcare":"doctor","healthcare:speciality":"radiology","opening_hours":"Mo-Tu,Th-Sa 07:00-16:00; We 07:00-20:00; Su off"}},"geometry":{"type":"Point","coordinates":[-114.1453879,51.0652319]}},{"type":"Feature","id":"osm-node-13812478988","properties":{"name":"Bridges Drug Mart","category":"healthcare","subcategory":"pharmacy","sourceId":"osm-overpass","osmType":"node","osmId":13812478988,"sourceUrl":"https://www.openstreetmap.org/node/13812478988","coordinateMethod":"OSM node","address":"72 9 Street NE","sourceTags":{"name":"Bridges Drug Mart","amenity":"pharmacy"}},"geometry":{"type":"Point","coordinates":[-114.0401653,51.0512812]}},{"type":"Feature","id":"osm-node-13846714577","properties":{"name":"Salsita","category":"groceries","subcategory":"supermarket","sourceId":"osm-overpass","osmType":"node","osmId":13846714577,"sourceUrl":"https://www.openstreetmap.org/node/13846714577","coordinateMethod":"OSM node","address":"777 Northmount Drive NW","sourceTags":{"name":"Salsita","shop":"supermarket","check_date":"2026-05-18"}},"geometry":{"type":"Point","coordinates":[-114.0961758,51.0826323]}},{"type":"Feature","id":"osm-node-13846714579","properties":{"name":"Northmount Medical Centre","category":"healthcare","subcategory":"clinic","sourceId":"osm-overpass","osmType":"node","osmId":13846714579,"sourceUrl":"https://www.openstreetmap.org/node/13846714579","coordinateMethod":"OSM node","address":"771 Northmount Drive NW","sourceTags":{"name":"Northmount Medical Centre","amenity":"clinic","healthcare":"clinic"}},"geometry":{"type":"Point","coordinates":[-114.0959942,51.0826329]}},{"type":"Feature","id":"osm-node-13846714580","properties":{"name":"Remedy'sRx","category":"healthcare","subcategory":"pharmacy","sourceId":"osm-overpass","osmType":"node","osmId":13846714580,"sourceUrl":"https://www.openstreetmap.org/node/13846714580","coordinateMethod":"OSM node","address":"771 Northmount Drive NW","sourceTags":{"name":"Remedy'sRx","brand":"Remedy'sRx","amenity":"pharmacy","healthcare":"pharmacy","check_date":"2026-05-18"}},"geometry":{"type":"Point","coordinates":[-114.0959015,51.0826325]}},{"type":"Feature","id":"osm-node-13874608626","properties":{"name":"Kinsol Pharmacy","category":"healthcare","subcategory":"pharmacy","sourceId":"osm-overpass","osmType":"node","osmId":13874608626,"sourceUrl":"https://www.openstreetmap.org/node/13874608626","coordinateMethod":"OSM node","address":null,"sourceTags":{"name":"Kinsol Pharmacy","amenity":"pharmacy","healthcare":"pharmacy"}},"geometry":{"type":"Point","coordinates":[-114.0454368,51.0531444]}},{"type":"Feature","id":"osm-node-13889737904","properties":{"name":"Tops Supermarket","category":"groceries","subcategory":"supermarket","sourceId":"osm-overpass","osmType":"node","osmId":13889737904,"sourceUrl":"https://www.openstreetmap.org/node/13889737904","coordinateMethod":"OSM node","address":"1623 Centre Street NW","sourceTags":{"name":"Tops Supermarket","shop":"supermarket","opening_hours":"Mo-Su 09:00-18:00"}},"geometry":{"type":"Point","coordinates":[-114.0638739,51.0666584]}},{"type":"Feature","id":"osm-node-13943981798","properties":{"name":"Moriel's Oasis Market","category":"groceries","subcategory":"supermarket","sourceId":"osm-overpass","osmType":"node","osmId":13943981798,"sourceUrl":"https://www.openstreetmap.org/node/13943981798","coordinateMethod":"OSM node","address":null,"sourceTags":{"name":"Moriel's Oasis Market","shop":"supermarket"}},"geometry":{"type":"Point","coordinates":[-114.0254362,50.8760916]}},{"type":"Feature","id":"osm-node-13946130814","properties":{"name":"IslabosRx Pharmacy","category":"healthcare","subcategory":"pharmacy","sourceId":"osm-overpass","osmType":"node","osmId":13946130814,"sourceUrl":"https://www.openstreetmap.org/node/13946130814","coordinateMethod":"OSM node","address":"4105 4 Street NW","sourceTags":{"name":"IslabosRx Pharmacy","amenity":"pharmacy","healthcare":"pharmacy","check_date":"2026-06-16"}},"geometry":{"type":"Point","coordinates":[-114.072277,51.0880009]}},{"type":"Feature","id":"osm-node-13952993501","properties":{"name":"SantiMed Family & Walk-In Clinic","category":"healthcare","subcategory":"doctors","sourceId":"osm-overpass","osmType":"node","osmId":13952993501,"sourceUrl":"https://www.openstreetmap.org/node/13952993501","coordinateMethod":"OSM node","address":"3449 26 Avenue NE","sourceTags":{"name":"SantiMed Family & Walk-In Clinic","amenity":"doctors","healthcare":"doctor","check_date":"2026-06-19"}},"geometry":{"type":"Point","coordinates":[-113.984858,51.0774914]}},{"type":"Feature","id":"osm-node-13962093501","properties":{"name":"Edgemont Medical Centre","category":"healthcare","subcategory":"clinic","sourceId":"osm-overpass","osmType":"node","osmId":13962093501,"sourceUrl":"https://www.openstreetmap.org/node/13962093501","coordinateMethod":"OSM node","address":"10 Edgedale Drive NW","sourceTags":{"name":"Edgemont Medical Centre","amenity":"clinic","healthcare":"clinic","opening_hours":"Mo-Fr 09:00-18:00; Sa 09:00-14:00","check_date":"2026-06-24","check_date:opening_hours":"2026-06-24"}},"geometry":{"type":"Point","coordinates":[-114.1565434,51.1190098]}},{"type":"Feature","id":"osm-node-13962093502","properties":{"name":"Carestar Pharmacy","category":"healthcare","subcategory":"pharmacy","sourceId":"osm-overpass","osmType":"node","osmId":13962093502,"sourceUrl":"https://www.openstreetmap.org/node/13962093502","coordinateMethod":"OSM node","address":"217–45 Edenwold Drive NW","sourceTags":{"name":"Carestar Pharmacy","amenity":"pharmacy","healthcare":"pharmacy","opening_hours":"Mo-Fr 09:00-18:00; Sa 10:00-17:00","check_date":"2026-06-24","check_date:opening_hours":"2026-06-24"}},"geometry":{"type":"Point","coordinates":[-114.1393539,51.1264086]}},{"type":"Feature","id":"osm-node-13979007016","properties":{"name":"Asian Medical Centre","category":"healthcare","subcategory":"clinic","sourceId":"osm-overpass","osmType":"node","osmId":13979007016,"sourceUrl":"https://www.openstreetmap.org/node/13979007016","coordinateMethod":"OSM node","address":"233 16 Avenue NW","sourceTags":{"name":"Asian Medical Centre","amenity":"clinic","healthcare":"clinic"}},"geometry":{"type":"Point","coordinates":[-114.0663862,51.066522]}},{"type":"Feature","id":"osm-node-13985792501","properties":{"name":"Symons Valley Firstcare","category":"healthcare","subcategory":"clinic","sourceId":"osm-overpass","osmType":"node","osmId":13985792501,"sourceUrl":"https://www.openstreetmap.org/node/13985792501","coordinateMethod":"OSM node","address":"11 Hidden Creek Drive NW","sourceTags":{"name":"Symons Valley Firstcare","amenity":"clinic","healthcare":"clinic","healthcare:speciality":"general","opening_hours":"Mo-Fr 08:30-16:00","check_date":"2026-07-03"}},"geometry":{"type":"Point","coordinates":[-114.1058061,51.1551049]}},{"type":"Feature","id":"osm-node-13985793562","properties":{"name":"Pharmasave","category":"healthcare","subcategory":"pharmacy","sourceId":"osm-overpass","osmType":"node","osmId":13985793562,"sourceUrl":"https://www.openstreetmap.org/node/13985793562","coordinateMethod":"OSM node","address":"11 Hidden Creek Drive NW","sourceTags":{"name":"Pharmasave","brand":"Pharmasave","shop":"chemist","amenity":"pharmacy","healthcare":"pharmacy"}},"geometry":{"type":"Point","coordinates":[-114.1052327,51.1549233]}},{"type":"Feature","id":"osm-node-13986057327","properties":{"name":"Strive Physiotherapy","category":"healthcare","subcategory":"clinic","sourceId":"osm-overpass","osmType":"node","osmId":13986057327,"sourceUrl":"https://www.openstreetmap.org/node/13986057327","coordinateMethod":"OSM node","address":"11 Hidden Creek Drive NW","sourceTags":{"name":"Strive Physiotherapy","amenity":"clinic","healthcare":"clinic","check_date":"2026-07-03"}},"geometry":{"type":"Point","coordinates":[-114.1059962,51.1549349]}},{"type":"Feature","id":"osm-node-14015223263","properties":{"name":"Penny Fausta Pharmacy","category":"healthcare","subcategory":"pharmacy","sourceId":"osm-overpass","osmType":"node","osmId":14015223263,"sourceUrl":"https://www.openstreetmap.org/node/14015223263","coordinateMethod":"OSM node","address":"217 19 St NW","sourceTags":{"name":"Penny Fausta Pharmacy","amenity":"pharmacy","healthcare":"pharmacy","check_date":"2026-07-14"}},"geometry":{"type":"Point","coordinates":[-114.1057759,51.0541201]}},{"type":"Feature","id":"osm-node-14015223264","properties":{"name":"RejuvaDERM Calgary","category":"healthcare","subcategory":"doctors","sourceId":"osm-overpass","osmType":"node","osmId":14015223264,"sourceUrl":"https://www.openstreetmap.org/node/14015223264","coordinateMethod":"OSM node","address":null,"sourceTags":{"name":"RejuvaDERM Calgary","amenity":"doctors","healthcare":"doctor","healthcare:speciality":"dermatology","check_date":"2026-07-14"}},"geometry":{"type":"Point","coordinates":[-114.1057824,51.0541342]}},{"type":"Feature","id":"osm-node-14018669995","properties":{"name":"Munchies and Lunchies","category":"convenience","subcategory":"convenience","sourceId":"osm-overpass","osmType":"node","osmId":14018669995,"sourceUrl":"https://www.openstreetmap.org/node/14018669995","coordinateMethod":"OSM node","address":"3319 17 Avenue SE","sourceTags":{"name":"Munchies and Lunchies","shop":"convenience","check_date":"2026-07-15"}},"geometry":{"type":"Point","coordinates":[-113.9869306,51.0366813]}},{"type":"Feature","id":"osm-node-14022899142","properties":{"name":"7-Eleven","category":"convenience","subcategory":"convenience","sourceId":"osm-overpass","osmType":"node","osmId":14022899142,"sourceUrl":"https://www.openstreetmap.org/node/14022899142","coordinateMethod":"OSM node","address":null,"sourceTags":{"name":"7-Eleven","brand":"7-Eleven","shop":"convenience"}},"geometry":{"type":"Point","coordinates":[-114.2062225,51.116298]}},{"type":"Feature","id":"osm-node-14024746862","properties":{"name":"Messiah Convenience Store","category":"convenience","subcategory":"convenience","sourceId":"osm-overpass","osmType":"node","osmId":14024746862,"sourceUrl":"https://www.openstreetmap.org/node/14024746862","coordinateMethod":"OSM node","address":null,"sourceTags":{"name":"Messiah Convenience Store","shop":"convenience","check_date":"2026-07-18"}},"geometry":{"type":"Point","coordinates":[-114.0612894,51.0495901]}},{"type":"Feature","id":"osm-node-14031609158","properties":{"name":"MacEwan Medical Clinic","category":"healthcare","subcategory":"clinic","sourceId":"osm-overpass","osmType":"node","osmId":14031609158,"sourceUrl":"https://www.openstreetmap.org/node/14031609158","coordinateMethod":"OSM node","address":"16 MacEwan Drive NW","sourceTags":{"name":"MacEwan Medical Clinic","amenity":"clinic","healthcare":"clinic","healthcare:speciality":"paediatrics;family_medicine","opening_hours":"Mo-Fr 10:00-17:00"}},"geometry":{"type":"Point","coordinates":[-114.1088853,51.1353267]}},{"type":"Feature","id":"osm-node-14056793784","properties":{"name":"Queensland Pharmacy","category":"healthcare","subcategory":"pharmacy","sourceId":"osm-overpass","osmType":"node","osmId":14056793784,"sourceUrl":"https://www.openstreetmap.org/node/14056793784","coordinateMethod":"OSM node","address":"950 Queensland Drive SE","sourceTags":{"name":"Queensland Pharmacy","amenity":"pharmacy","healthcare":"pharmacy","opening_hours":"Mo-Fr 09:00-18:30; Sa 10:00-16:00; PH 10:00-16:00"}},"geometry":{"type":"Point","coordinates":[-114.0172266,50.9332745]}},{"type":"Feature","id":"osm-node-14056810201","properties":{"name":"Anchor Health Medical Clinic","category":"healthcare","subcategory":"clinic","sourceId":"osm-overpass","osmType":"node","osmId":14056810201,"sourceUrl":"https://www.openstreetmap.org/node/14056810201","coordinateMethod":"OSM node","address":"10 Copperstone Street SE","sourceTags":{"name":"Anchor Health Medical Clinic","amenity":"clinic","healthcare":"clinic","opening_hours":"Mo-We 09:00-19:00; Th-Fr 09:00-17:00; Sa-Su 10:00-16:00","check_date":"2026-07-28","check_date:opening_hours":"2026-07-28"}},"geometry":{"type":"Point","coordinates":[-113.9336,50.91576]}},{"type":"Feature","id":"osm-node-14068501301","properties":{"name":"Circle Medical @ Copperfield","category":"healthcare","subcategory":"clinic","sourceId":"osm-overpass","osmType":"node","osmId":14068501301,"sourceUrl":"https://www.openstreetmap.org/node/14068501301","coordinateMethod":"OSM node","address":"123, 15566 McIvor Boulevard SE","sourceTags":{"name":"Circle Medical @ Copperfield","amenity":"clinic","healthcare":"clinic","opening_hours":"Mo-Tu, Fr 08:00-17:00; We-Th 08:00-21:00","check_date":"2026-08-02","check_date:opening_hours":"2026-08-02"}},"geometry":{"type":"Point","coordinates":[-113.9502,50.91308]}},{"type":"Feature","id":"osm-node-14071780602","properties":{"name":"Sandstone Infusion Clinic","category":"healthcare","subcategory":"clinic","sourceId":"osm-overpass","osmType":"node","osmId":14071780602,"sourceUrl":"https://www.openstreetmap.org/node/14071780602","coordinateMethod":"OSM node","address":"1600 90 Avenue SW","sourceTags":{"name":"Sandstone Infusion Clinic","healthcare":"clinic"}},"geometry":{"type":"Point","coordinates":[-114.09731,50.97415]}},{"type":"Feature","id":"osm-node-14075180733","properties":{"name":"Skinetic Skin & Laser","category":"healthcare","subcategory":"doctors","sourceId":"osm-overpass","osmType":"node","osmId":14075180733,"sourceUrl":"https://www.openstreetmap.org/node/14075180733","coordinateMethod":"OSM node","address":"320 10 Street NW","sourceTags":{"name":"Skinetic Skin & Laser","amenity":"doctors","healthcare":"doctor","healthcare:speciality":"dermatology"}},"geometry":{"type":"Point","coordinates":[-114.0857149,51.0548742]}},{"type":"Feature","id":"osm-node-14084522526","properties":{"name":"My Sleep Services","category":"healthcare","subcategory":"clinic","sourceId":"osm-overpass","osmType":"node","osmId":14084522526,"sourceUrl":"https://www.openstreetmap.org/node/14084522526","coordinateMethod":"OSM node","address":"7750 Ranchview Drive NW","sourceTags":{"name":"My Sleep Services","amenity":"clinic","healthcare":"clinic","healthcare:speciality":"sleep"}},"geometry":{"type":"Point","coordinates":[-114.1793157,51.120632]}},{"type":"Feature","id":"osm-node-14086229401","properties":{"name":"CareicaHealth","category":"healthcare","subcategory":"clinic","sourceId":"osm-overpass","osmType":"node","osmId":14086229401,"sourceUrl":"https://www.openstreetmap.org/node/14086229401","coordinateMethod":"OSM node","address":"1935 32 Avenue NE","sourceTags":{"name":"CareicaHealth","amenity":"clinic","healthcare":"clinic","check_date":"2026-08-10"}},"geometry":{"type":"Point","coordinates":[-114.01297,51.081061]}},{"type":"Feature","id":"osm-node-14106213202","properties":{"name":"Oxy Med Inc.","category":"healthcare","subcategory":"clinic","sourceId":"osm-overpass","osmType":"node","osmId":14106213202,"sourceUrl":"https://www.openstreetmap.org/node/14106213202","coordinateMethod":"OSM node","address":"1101 53 Avenue NE","sourceTags":{"name":"Oxy Med Inc.","amenity":"clinic","healthcare":"clinic","opening_hours":"Mo-Fr 08:30-16:30","check_date":"2026-08-19","check_date:opening_hours":"2026-08-19"}},"geometry":{"type":"Point","coordinates":[-114.0384476,51.0996432]}},{"type":"Feature","id":"osm-node-14138840381","properties":{"name":"The Medicine Shoppe","category":"healthcare","subcategory":"pharmacy","sourceId":"osm-overpass","osmType":"node","osmId":14138840381,"sourceUrl":"https://www.openstreetmap.org/node/14138840381","coordinateMethod":"OSM node","address":"9620 Elbow Drive SW","sourceTags":{"name":"The Medicine Shoppe","brand":"The Medicine Shoppe","amenity":"pharmacy","healthcare":"pharmacy"}},"geometry":{"type":"Point","coordinates":[-114.0841393,50.9690576]}},{"type":"Feature","id":"osm-node-14140817315","properties":{"name":"Essence Medial Centres","category":"healthcare","subcategory":"clinic","sourceId":"osm-overpass","osmType":"node","osmId":14140817315,"sourceUrl":"https://www.openstreetmap.org/node/14140817315","coordinateMethod":"OSM node","address":null,"sourceTags":{"name":"Essence Medial Centres","amenity":"clinic","healthcare":"clinic"}},"geometry":{"type":"Point","coordinates":[-113.9679987,51.1079571]}},{"type":"Feature","id":"osm-node-14152580601","properties":{"name":"Universal Health Pharmacy","category":"healthcare","subcategory":"pharmacy","sourceId":"osm-overpass","osmType":"node","osmId":14152580601,"sourceUrl":"https://www.openstreetmap.org/node/14152580601","coordinateMethod":"OSM node","address":null,"sourceTags":{"name":"Universal Health Pharmacy","amenity":"pharmacy","healthcare":"pharmacy","check_date":"2026-09-04"}},"geometry":{"type":"Point","coordinates":[-114.1620789,51.1611138]}},{"type":"Feature","id":"osm-node-14158410501","properties":{"name":"Maple Respiratory Group, SW","category":"healthcare","subcategory":"clinic","sourceId":"osm-overpass","osmType":"node","osmId":14158410501,"sourceUrl":"https://www.openstreetmap.org/node/14158410501","coordinateMethod":"OSM node","address":"#310, 5504 Macleod Trail SW","sourceTags":{"name":"Maple Respiratory Group, SW","amenity":"clinic","healthcare":"clinic","opening_hours":"Mo-Fr 08:30-16:30","check_date":"2026-09-11","check_date:opening_hours":"2026-09-04"}},"geometry":{"type":"Point","coordinates":[-114.069321,51.0051652]}},{"type":"Feature","id":"osm-node-14159997501","properties":{"name":"Chinook ENT Surgeons","category":"healthcare","subcategory":"clinic","sourceId":"osm-overpass","osmType":"node","osmId":14159997501,"sourceUrl":"https://www.openstreetmap.org/node/14159997501","coordinateMethod":"OSM node","address":"6700 Macleod Trail S","sourceTags":{"name":"Chinook ENT Surgeons","amenity":"clinic","healthcare":"clinic","opening_hours":"Mo-Fr 08:00-16:30","check_date":"2026-09-07","check_date:opening_hours":"2026-09-07"}},"geometry":{"type":"Point","coordinates":[-114.0704269,50.9934889]}},{"type":"Feature","id":"osm-node-14174713919","properties":{"name":"Shell Select","category":"convenience","subcategory":"convenience","sourceId":"osm-overpass","osmType":"node","osmId":14174713919,"sourceUrl":"https://www.openstreetmap.org/node/14174713919","coordinateMethod":"OSM node","address":"11175 14 Street NE","sourceTags":{"name":"Shell Select","brand":"Shell Select","shop":"convenience","opening_hours":"Mo-Su 00:00-23:59"}},"geometry":{"type":"Point","coordinates":[-114.0285408,51.1537374]}},{"type":"Feature","id":"osm-way-18990945","properties":{"name":"Safeway","category":"groceries","subcategory":"supermarket","sourceId":"osm-overpass","osmType":"way","osmId":18990945,"sourceUrl":"https://www.openstreetmap.org/way/18990945","coordinateMethod":"Overpass bounding-box centre; not an entrance","address":"99 Crowfoot Crescent NW","sourceTags":{"name":"Safeway","brand":"Safeway","shop":"supermarket","opening_hours":"Mo-Su 07:00-22:00","check_date":"2025-07-13"}},"geometry":{"type":"Point","coordinates":[-114.2010407,51.1262627]}},{"type":"Feature","id":"osm-way-18998272","properties":{"name":"Rexall","category":"healthcare","subcategory":"pharmacy","sourceId":"osm-overpass","osmType":"way","osmId":18998272,"sourceUrl":"https://www.openstreetmap.org/way/18998272","coordinateMethod":"Overpass bounding-box centre; not an entrance","address":null,"sourceTags":{"name":"Rexall","brand":"Rexall","amenity":"pharmacy","healthcare":"pharmacy"}},"geometry":{"type":"Point","coordinates":[-114.2479217,51.1249908]}},{"type":"Feature","id":"osm-way-18998280","properties":{"name":"Sobeys","category":"groceries","subcategory":"supermarket","sourceId":"osm-overpass","osmType":"way","osmId":18998280,"sourceUrl":"https://www.openstreetmap.org/way/18998280","coordinateMethod":"Overpass bounding-box centre; not an entrance","address":"Country Hills Boulevard NW","sourceTags":{"name":"Sobeys","brand":"Sobeys","shop":"supermarket"}},"geometry":{"type":"Point","coordinates":[-114.2129211,51.1514701]}},{"type":"Feature","id":"osm-way-18999288","properties":{"name":"Calgary Co-op Dalhousie Centre","category":"groceries","subcategory":"supermarket","sourceId":"osm-overpass","osmType":"way","osmId":18999288,"sourceUrl":"https://www.openstreetmap.org/way/18999288","coordinateMethod":"Overpass bounding-box centre; not an entrance","address":"5505 Shaganappi Trail NW","sourceTags":{"name":"Calgary Co-op Dalhousie Centre","shop":"supermarket","opening_hours":"Mo-Su 08:00-22:00","check_date:opening_hours":"2025-05-11"}},"geometry":{"type":"Point","coordinates":[-114.1463791,51.1027845]}},{"type":"Feature","id":"osm-way-19001459","properties":{"name":"Safeway","category":"groceries","subcategory":"supermarket","sourceId":"osm-overpass","osmType":"way","osmId":19001459,"sourceUrl":"https://www.openstreetmap.org/way/19001459","coordinateMethod":"Overpass bounding-box centre; not an entrance","address":"410 10 Street NW","sourceTags":{"name":"Safeway","brand":"Safeway","shop":"supermarket","opening_hours":"Mo-Su 07:00-22:00","check_date":"2025-07-30"}},"geometry":{"type":"Point","coordinates":[-114.0852275,51.0561862]}},{"type":"Feature","id":"osm-way-19322400","properties":{"name":"Sobeys","category":"groceries","subcategory":"supermarket","sourceId":"osm-overpass","osmType":"way","osmId":19322400,"sourceUrl":"https://www.openstreetmap.org/way/19322400","coordinateMethod":"Overpass bounding-box centre; not an entrance","address":"1020 64 Avenue NE","sourceTags":{"name":"Sobeys","brand":"Sobeys","shop":"supermarket"}},"geometry":{"type":"Point","coordinates":[-114.0399562,51.1115303]}},{"type":"Feature","id":"osm-way-19348420","properties":{"name":"Real Canadian Superstore","category":"groceries","subcategory":"supermarket","sourceId":"osm-overpass","osmType":"way","osmId":19348420,"sourceUrl":"https://www.openstreetmap.org/way/19348420","coordinateMethod":"Overpass bounding-box centre; not an entrance","address":"3575 20 Avenue NE","sourceTags":{"name":"Real Canadian Superstore","brand":"Real Canadian Superstore","shop":"supermarket","opening_hours":"Mo-Su 07:00-22:00"}},"geometry":{"type":"Point","coordinates":[-113.9840482,51.0690594]}},{"type":"Feature","id":"osm-way-19713278","properties":{"name":"Real Canadian Superstore","category":"groceries","subcategory":"supermarket","sourceId":"osm-overpass","osmType":"way","osmId":19713278,"sourceUrl":"https://www.openstreetmap.org/way/19713278","coordinateMethod":"Overpass bounding-box centre; not an entrance","address":"5251 Country Hills Boulevard NW","sourceTags":{"name":"Real Canadian Superstore","brand":"Real Canadian Superstore","shop":"supermarket","opening_hours":"Mo-Su 07:00-22:00","check_date":"2026-07-16","check_date:opening_hours":"2026-07-16"}},"geometry":{"type":"Point","coordinates":[-114.16125,51.1364661]}},{"type":"Feature","id":"osm-way-19794459","properties":{"name":"Save-On-Foods","category":"groceries","subcategory":"supermarket","sourceId":"osm-overpass","osmType":"way","osmId":19794459,"sourceUrl":"https://www.openstreetmap.org/way/19794459","coordinateMethod":"Overpass bounding-box centre; not an entrance","address":"40 Hunterhorn Drive NE","sourceTags":{"name":"Save-On-Foods","brand":"Save-On-Foods","shop":"supermarket","opening_hours":"Mo-Su 07:00-22:00"}},"geometry":{"type":"Point","coordinates":[-114.0538887,51.1125447]}},{"type":"Feature","id":"osm-way-23395282","properties":{"name":"Co-op","category":"convenience","subcategory":"convenience","sourceId":"osm-overpass","osmType":"way","osmId":23395282,"sourceUrl":"https://www.openstreetmap.org/way/23395282","coordinateMethod":"Overpass bounding-box centre; not an entrance","address":"35 Crowfoot Way NW","sourceTags":{"name":"Co-op","brand":"Federated Co-operatives","shop":"convenience","opening_hours":"Mo-Fr; 06:00-22:00; Sa-Su 07:00-22:00; Dec 24 08:00-18:00; Dec 25 off; Dec 26 09:00-18:00; Dec 31 08:00-18:00; Jan 1 09:00-18:00","check_date":"2025-07-14"}},"geometry":{"type":"Point","coordinates":[-114.1991297,51.1241512]}},{"type":"Feature","id":"osm-way-25601958","properties":{"name":"Cambrian Pharmacy","category":"healthcare","subcategory":"pharmacy","sourceId":"osm-overpass","osmType":"way","osmId":25601958,"sourceUrl":"https://www.openstreetmap.org/way/25601958","coordinateMethod":"Overpass bounding-box centre; not an entrance","address":"728 Northmount Drive NW","sourceTags":{"name":"Cambrian Pharmacy","amenity":"pharmacy","healthcare":"pharmacy","opening_hours":"Mo-Th 08:30-20:00; Fr 08:30-19:00; Sa 09:30-17:30; Su off","check_date":"2026-05-30"}},"geometry":{"type":"Point","coordinates":[-114.0926433,51.0822066]}},{"type":"Feature","id":"osm-way-26783299","properties":{"name":"Safeway","category":"groceries","subcategory":"supermarket","sourceId":"osm-overpass","osmType":"way","osmId":26783299,"sourceUrl":"https://www.openstreetmap.org/way/26783299","coordinateMethod":"Overpass bounding-box centre; not an entrance","address":null,"sourceTags":{"name":"Safeway","brand":"Safeway","shop":"supermarket"}},"geometry":{"type":"Point","coordinates":[-114.166099,51.0749363]}},{"type":"Feature","id":"osm-way-26819097","properties":{"name":"Real Canadian Superstore","category":"groceries","subcategory":"supermarket","sourceId":"osm-overpass","osmType":"way","osmId":26819097,"sourceUrl":"https://www.openstreetmap.org/way/26819097","coordinateMethod":"Overpass bounding-box centre; not an entrance","address":"5858 Signal Hill Centre SW","sourceTags":{"name":"Real Canadian Superstore","brand":"Real Canadian Superstore","shop":"supermarket","opening_hours":"Mo-Su 07:00-23:00"}},"geometry":{"type":"Point","coordinates":[-114.174346,51.0195418]}},{"type":"Feature","id":"osm-way-26828210","properties":{"name":"SuperStop Express","category":"convenience","subcategory":"convenience","sourceId":"osm-overpass","osmType":"way","osmId":26828210,"sourceUrl":"https://www.openstreetmap.org/way/26828210","coordinateMethod":"Overpass bounding-box centre; not an entrance","address":null,"sourceTags":{"name":"SuperStop Express","shop":"convenience","opening_hours":"24/7"}},"geometry":{"type":"Point","coordinates":[-114.1405087,51.0127639]}},{"type":"Feature","id":"osm-way-27031707","properties":{"name":"Walmart Supercentre","category":"groceries","subcategory":"supermarket","sourceId":"osm-overpass","osmType":"way","osmId":27031707,"sourceUrl":"https://www.openstreetmap.org/way/27031707","coordinateMethod":"Overpass bounding-box centre; not an entrance","address":"8888 Country Hills Boulevard NW","sourceTags":{"name":"Walmart Supercentre","brand":"Walmart","shop":"supermarket","opening_hours":"Mo-Su 07:00-23:00"}},"geometry":{"type":"Point","coordinates":[-114.2133909,51.1536502]}},{"type":"Feature","id":"osm-way-27046965","properties":{"name":"Real Canadian Superstore","category":"groceries","subcategory":"supermarket","sourceId":"osm-overpass","osmType":"way","osmId":27046965,"sourceUrl":"https://www.openstreetmap.org/way/27046965","coordinateMethod":"Overpass bounding-box centre; not an entrance","address":"100 Country Village Road NE","sourceTags":{"name":"Real Canadian Superstore","brand":"Real Canadian Superstore","shop":"supermarket","check_date":"2025-08-11"}},"geometry":{"type":"Point","coordinates":[-114.0695223,51.1620464]}},{"type":"Feature","id":"osm-way-29274507","properties":{"name":"Wholesale Club","category":"groceries","subcategory":"supermarket","sourceId":"osm-overpass","osmType":"way","osmId":29274507,"sourceUrl":"https://www.openstreetmap.org/way/29274507","coordinateMethod":"Overpass bounding-box centre; not an entrance","address":"2928 23 Street NE","sourceTags":{"name":"Wholesale Club","brand":"Wholesale Club","shop":"supermarket","opening_hours":"Mo-Fr 07:00-20:30; Sa 07:00-18:00; Su 08:00-18:00"}},"geometry":{"type":"Point","coordinates":[-114.0027699,51.0786732]}},{"type":"Feature","id":"osm-way-35927380","properties":{"name":"Community Natural Foods","category":"groceries","subcategory":"greengrocer","sourceId":"osm-overpass","osmType":"way","osmId":35927380,"sourceUrl":"https://www.openstreetmap.org/way/35927380","coordinateMethod":"Overpass bounding-box centre; not an entrance","address":"850 Crowfoot Crescent NW","sourceTags":{"name":"Community Natural Foods","shop":"greengrocer","opening_hours":"Mo-Sa 09:00-21:00; Su 09:00-19:00"}},"geometry":{"type":"Point","coordinates":[-114.2072373,51.1266478]}},{"type":"Feature","id":"osm-way-41109374","properties":{"name":"Community Natural Foods","category":"groceries","subcategory":"supermarket","sourceId":"osm-overpass","osmType":"way","osmId":41109374,"sourceUrl":"https://www.openstreetmap.org/way/41109374","coordinateMethod":"Overpass bounding-box centre; not an entrance","address":"1304 10 Avenue SW","sourceTags":{"name":"Community Natural Foods","shop":"supermarket","opening_hours":"Mo-Sa 09:00-21:00; Su 09:00-19:00"}},"geometry":{"type":"Point","coordinates":[-114.0915055,51.0444758]}},{"type":"Feature","id":"osm-way-45415067","properties":{"name":"Circle K","category":"convenience","subcategory":"convenience","sourceId":"osm-overpass","osmType":"way","osmId":45415067,"sourceUrl":"https://www.openstreetmap.org/way/45415067","coordinateMethod":"Overpass bounding-box centre; not an entrance","address":null,"sourceTags":{"name":"Circle K","brand":"Circle K","shop":"convenience"}},"geometry":{"type":"Point","coordinates":[-114.2471197,51.1239669]}},{"type":"Feature","id":"osm-way-46736612","properties":{"name":"7-11","category":"convenience","subcategory":"convenience","sourceId":"osm-overpass","osmType":"way","osmId":46736612,"sourceUrl":"https://www.openstreetmap.org/way/46736612","coordinateMethod":"Overpass bounding-box centre; not an entrance","address":"Hawkwood Boulevard NW","sourceTags":{"name":"7-11","brand":"7-Eleven","shop":"convenience","amenity":"fuel"}},"geometry":{"type":"Point","coordinates":[-114.1765367,51.1299577]}},{"type":"Feature","id":"osm-way-53097876","properties":{"name":"7-Eleven","category":"convenience","subcategory":"convenience","sourceId":"osm-overpass","osmType":"way","osmId":53097876,"sourceUrl":"https://www.openstreetmap.org/way/53097876","coordinateMethod":"Overpass bounding-box centre; not an entrance","address":null,"sourceTags":{"name":"7-Eleven","brand":"7-Eleven","shop":"convenience"}},"geometry":{"type":"Point","coordinates":[-114.0569041,51.0665276]}},{"type":"Feature","id":"osm-way-55056252","properties":{"name":"Safeway","category":"groceries","subcategory":"supermarket","sourceId":"osm-overpass","osmType":"way","osmId":55056252,"sourceUrl":"https://www.openstreetmap.org/way/55056252","coordinateMethod":"Overpass bounding-box centre; not an entrance","address":"2425 34 Avenue SW","sourceTags":{"name":"Safeway","brand":"Safeway","shop":"supermarket","opening_hours":"Mo-Su 07:00-22:00; Dec 25 off"}},"geometry":{"type":"Point","coordinates":[-114.1166094,51.0227302]}},{"type":"Feature","id":"osm-way-84831782","properties":{"name":"Wholesale Club","category":"groceries","subcategory":"supermarket","sourceId":"osm-overpass","osmType":"way","osmId":84831782,"sourceUrl":"https://www.openstreetmap.org/way/84831782","coordinateMethod":"Overpass bounding-box centre; not an entrance","address":"222 58 Avenue SE","sourceTags":{"name":"Wholesale Club","brand":"Wholesale Club","shop":"supermarket","opening_hours":"Mo-Fr 08:00-20:30; Sa 08:00-18:00; Su 09:00-18:00"}},"geometry":{"type":"Point","coordinates":[-114.0608364,51.001992]}},{"type":"Feature","id":"osm-way-95475480","properties":{"name":"Esso","category":"convenience","subcategory":"convenience","sourceId":"osm-overpass","osmType":"way","osmId":95475480,"sourceUrl":"https://www.openstreetmap.org/way/95475480","coordinateMethod":"Overpass bounding-box centre; not an entrance","address":null,"sourceTags":{"name":"Esso","brand":"Esso","shop":"convenience"}},"geometry":{"type":"Point","coordinates":[-114.1825538,51.1419888]}},{"type":"Feature","id":"osm-way-110350374","properties":{"name":"Walmart Supercentre","category":"groceries","subcategory":"supermarket","sourceId":"osm-overpass","osmType":"way","osmId":110350374,"sourceUrl":"https://www.openstreetmap.org/way/110350374","coordinateMethod":"Overpass bounding-box centre; not an entrance","address":"1110 57 Avenue NE","sourceTags":{"name":"Walmart Supercentre","brand":"Walmart","shop":"supermarket","opening_hours":"Mo-Su 08:00-23:00"}},"geometry":{"type":"Point","coordinates":[-114.0377994,51.1075383]}},{"type":"Feature","id":"osm-way-117445407","properties":{"name":"Gas Plus","category":"convenience","subcategory":"convenience","sourceId":"osm-overpass","osmType":"way","osmId":117445407,"sourceUrl":"https://www.openstreetmap.org/way/117445407","coordinateMethod":"Overpass bounding-box centre; not an entrance","address":"100 Main Street","sourceTags":{"name":"Gas Plus","brand":"Gas Plus","shop":"convenience","amenity":"fuel"}},"geometry":{"type":"Point","coordinates":[-114.008123,51.2128292]}},{"type":"Feature","id":"osm-way-120858301","properties":{"name":"Real Canadian Superstore","category":"groceries","subcategory":"supermarket","sourceId":"osm-overpass","osmType":"way","osmId":120858301,"sourceUrl":"https://www.openstreetmap.org/way/120858301","coordinateMethod":"Overpass bounding-box centre; not an entrance","address":"4700 130 Avenue SE","sourceTags":{"name":"Real Canadian Superstore","brand":"Real Canadian Superstore","shop":"supermarket","opening_hours":"Mo-Su 07:00-22:00"}},"geometry":{"type":"Point","coordinates":[-113.9671668,50.9342962]}},{"type":"Feature","id":"osm-way-124064616","properties":{"name":"Walmart Supercentre","category":"groceries","subcategory":"supermarket","sourceId":"osm-overpass","osmType":"way","osmId":124064616,"sourceUrl":"https://www.openstreetmap.org/way/124064616","coordinateMethod":"Overpass bounding-box centre; not an entrance","address":"310 Shawville Boulevard SE","sourceTags":{"name":"Walmart Supercentre","brand":"Walmart","shop":"supermarket","opening_hours":"Mo-Su 07:00-23:00","check_date":"2026-07-26"}},"geometry":{"type":"Point","coordinates":[-114.0612771,50.9009189]}},{"type":"Feature","id":"osm-way-124281794","properties":{"name":"Real Canadian Superstore","category":"groceries","subcategory":"supermarket","sourceId":"osm-overpass","osmType":"way","osmId":124281794,"sourceUrl":"https://www.openstreetmap.org/way/124281794","coordinateMethod":"Overpass bounding-box centre; not an entrance","address":"15915 Macleod Trail SE","sourceTags":{"name":"Real Canadian Superstore","brand":"Real Canadian Superstore","shop":"supermarket","opening_hours":"Mo-Su 07:00-22:00"}},"geometry":{"type":"Point","coordinates":[-114.0676441,50.9100168]}},{"type":"Feature","id":"osm-way-124459438","properties":{"name":"Shoppers Drug Mart","category":"healthcare","subcategory":"pharmacy","sourceId":"osm-overpass","osmType":"way","osmId":124459438,"sourceUrl":"https://www.openstreetmap.org/way/124459438","coordinateMethod":"Overpass bounding-box centre; not an entrance","address":null,"sourceTags":{"name":"Shoppers Drug Mart","brand":"Shoppers Drug Mart","amenity":"pharmacy","healthcare":"pharmacy"}},"geometry":{"type":"Point","coordinates":[-114.0689875,50.9041142]}},{"type":"Feature","id":"osm-way-124460646","properties":{"name":"Safeway","category":"groceries","subcategory":"supermarket","sourceId":"osm-overpass","osmType":"way","osmId":124460646,"sourceUrl":"https://www.openstreetmap.org/way/124460646","coordinateMethod":"Overpass bounding-box centre; not an entrance","address":null,"sourceTags":{"name":"Safeway","brand":"Safeway","shop":"supermarket"}},"geometry":{"type":"Point","coordinates":[-114.0642941,50.9055814]}},{"type":"Feature","id":"osm-way-124775899","properties":{"name":"Safeway","category":"groceries","subcategory":"supermarket","sourceId":"osm-overpass","osmType":"way","osmId":124775899,"sourceUrl":"https://www.openstreetmap.org/way/124775899","coordinateMethod":"Overpass bounding-box centre; not an entrance","address":"11011 Bonaventure Drive SE","sourceTags":{"name":"Safeway","brand":"Safeway","shop":"supermarket","opening_hours":"Mo-Su 07:00-22:00"}},"geometry":{"type":"Point","coordinates":[-114.0616485,50.9527268]}},{"type":"Feature","id":"osm-way-131271236","properties":{"name":"Real Canadian Superstore","category":"groceries","subcategory":"supermarket","sourceId":"osm-overpass","osmType":"way","osmId":131271236,"sourceUrl":"https://www.openstreetmap.org/way/131271236","coordinateMethod":"Overpass bounding-box centre; not an entrance","address":"3633 Westwinds Drive NE","sourceTags":{"name":"Real Canadian Superstore","brand":"Real Canadian Superstore","shop":"supermarket","opening_hours":"Mo-Su 07:00-22:00"}},"geometry":{"type":"Point","coordinates":[-113.9716545,51.1097342]}},{"type":"Feature","id":"osm-way-135126820","properties":{"name":"Sobeys","category":"groceries","subcategory":"supermarket","sourceId":"osm-overpass","osmType":"way","osmId":135126820,"sourceUrl":"https://www.openstreetmap.org/way/135126820","coordinateMethod":"Overpass bounding-box centre; not an entrance","address":"150 Millrise Boulevard SW","sourceTags":{"name":"Sobeys","brand":"Sobeys","shop":"supermarket","opening_hours":"Mo-Su 07:00-22:00"}},"geometry":{"type":"Point","coordinates":[-114.0721641,50.9153449]}},{"type":"Feature","id":"osm-way-147098787","properties":{"name":"Shoppers Drug Mart","category":"healthcare","subcategory":"pharmacy","sourceId":"osm-overpass","osmType":"way","osmId":147098787,"sourceUrl":"https://www.openstreetmap.org/way/147098787","coordinateMethod":"Overpass bounding-box centre; not an entrance","address":"2250 162 Avenue SW","sourceTags":{"name":"Shoppers Drug Mart","brand":"Shoppers Drug Mart","amenity":"pharmacy","healthcare":"pharmacy","opening_hours":"Mo-Su 08:00-00:00"}},"geometry":{"type":"Point","coordinates":[-114.1096973,50.9080019]}},{"type":"Feature","id":"osm-way-149591929","properties":{"name":"Calgary Co-op","category":"convenience","subcategory":"convenience","sourceId":"osm-overpass","osmType":"way","osmId":149591929,"sourceUrl":"https://www.openstreetmap.org/way/149591929","coordinateMethod":"Overpass bounding-box centre; not an entrance","address":null,"sourceTags":{"name":"Calgary Co-op","brand":"Calgary Co-op","shop":"convenience"}},"geometry":{"type":"Point","coordinates":[-114.0436103,50.9877116]}},{"type":"Feature","id":"osm-way-149621283","properties":{"name":"Shell Select","category":"convenience","subcategory":"convenience","sourceId":"osm-overpass","osmType":"way","osmId":149621283,"sourceUrl":"https://www.openstreetmap.org/way/149621283","coordinateMethod":"Overpass bounding-box centre; not an entrance","address":"1820 Uxbridge Drive NW","sourceTags":{"name":"Shell Select","brand":"Shell Select","shop":"convenience","opening_hours":"24/7"}},"geometry":{"type":"Point","coordinates":[-114.1285446,51.0692734]}},{"type":"Feature","id":"osm-way-152445816","properties":{"name":"Petro-Canada","category":"convenience","subcategory":"convenience","sourceId":"osm-overpass","osmType":"way","osmId":152445816,"sourceUrl":"https://www.openstreetmap.org/way/152445816","coordinateMethod":"Overpass bounding-box centre; not an entrance","address":null,"sourceTags":{"name":"Petro-Canada","brand":"Petro-Canada","shop":"convenience"}},"geometry":{"type":"Point","coordinates":[-113.9899249,51.2101314]}},{"type":"Feature","id":"osm-way-153996583","properties":{"name":"FreshCo","category":"groceries","subcategory":"supermarket","sourceId":"osm-overpass","osmType":"way","osmId":153996583,"sourceUrl":"https://www.openstreetmap.org/way/153996583","coordinateMethod":"Overpass bounding-box centre; not an entrance","address":"7740 18 Street SE","sourceTags":{"name":"FreshCo","brand":"FreshCo","shop":"supermarket"}},"geometry":{"type":"Point","coordinates":[-114.0142984,50.9845215]}},{"type":"Feature","id":"osm-way-157316403","properties":{"name":"Shoppers Drug Mart","category":"healthcare","subcategory":"pharmacy","sourceId":"osm-overpass","osmType":"way","osmId":157316403,"sourceUrl":"https://www.openstreetmap.org/way/157316403","coordinateMethod":"Overpass bounding-box centre; not an entrance","address":"150 Millrise Boulevard SW","sourceTags":{"name":"Shoppers Drug Mart","brand":"Shoppers Drug Mart","amenity":"pharmacy","healthcare":"pharmacy"}},"geometry":{"type":"Point","coordinates":[-114.0732308,50.9153234]}},{"type":"Feature","id":"osm-way-159093228","properties":{"name":"Neighbours","category":"convenience","subcategory":"convenience","sourceId":"osm-overpass","osmType":"way","osmId":159093228,"sourceUrl":"https://www.openstreetmap.org/way/159093228","coordinateMethod":"Overpass bounding-box centre; not an entrance","address":"2235 33 Avenue SW","sourceTags":{"name":"Neighbours","shop":"convenience","opening_hours":"24/7"}},"geometry":{"type":"Point","coordinates":[-114.1133616,51.0237503]}},{"type":"Feature","id":"osm-way-160843468","properties":{"name":"Safeway","category":"groceries","subcategory":"supermarket","sourceId":"osm-overpass","osmType":"way","osmId":160843468,"sourceUrl":"https://www.openstreetmap.org/way/160843468","coordinateMethod":"Overpass bounding-box centre; not an entrance","address":"813 11 Avenue SW","sourceTags":{"name":"Safeway","brand":"Safeway","shop":"supermarket","opening_hours":"Mo-Su 07:00-23:00"}},"geometry":{"type":"Point","coordinates":[-114.0801055,51.0423535]}},{"type":"Feature","id":"osm-way-161623060","properties":{"name":"Go Market","category":"convenience","subcategory":"convenience","sourceId":"osm-overpass","osmType":"way","osmId":161623060,"sourceUrl":"https://www.openstreetmap.org/way/161623060","coordinateMethod":"Overpass bounding-box centre; not an entrance","address":"1740 16 Avenue NW","sourceTags":{"name":"Go Market","shop":"convenience"}},"geometry":{"type":"Point","coordinates":[-114.1016892,51.0672912]}},{"type":"Feature","id":"osm-way-169022853","properties":{"name":"Bonavista Medical Clinic","category":"healthcare","subcategory":"doctors","sourceId":"osm-overpass","osmType":"way","osmId":169022853,"sourceUrl":"https://www.openstreetmap.org/way/169022853","coordinateMethod":"Overpass bounding-box centre; not an entrance","address":"739 Lake Bonavista Drive SE","sourceTags":{"name":"Bonavista Medical Clinic","amenity":"doctors","healthcare":"doctor"}},"geometry":{"type":"Point","coordinates":[-114.048998,50.9433926]}},{"type":"Feature","id":"osm-way-170138205","properties":{"name":"Real Canadian Superstore","category":"groceries","subcategory":"supermarket","sourceId":"osm-overpass","osmType":"way","osmId":170138205,"sourceUrl":"https://www.openstreetmap.org/way/170138205","coordinateMethod":"Overpass bounding-box centre; not an entrance","address":"10505 Southport Road SW","sourceTags":{"name":"Real Canadian Superstore","brand":"Real Canadian Superstore","shop":"supermarket","opening_hours":"Mo-Su 07:00-22:00","check_date":"2026-06-19","check_date:opening_hours":"2026-06-19"}},"geometry":{"type":"Point","coordinates":[-114.0743856,50.9618507]}},{"type":"Feature","id":"osm-way-171842795","properties":{"name":"Shell Select","category":"convenience","subcategory":"convenience","sourceId":"osm-overpass","osmType":"way","osmId":171842795,"sourceUrl":"https://www.openstreetmap.org/way/171842795","coordinateMethod":"Overpass bounding-box centre; not an entrance","address":"539 17 Avenue SW","sourceTags":{"name":"Shell Select","brand":"Shell Select","shop":"convenience","opening_hours":"24/7"}},"geometry":{"type":"Point","coordinates":[-114.0735282,51.0375278]}},{"type":"Feature","id":"osm-way-171842976","properties":{"name":"Calgary Co-op Macleod Trail Food Centre","category":"groceries","subcategory":"supermarket","sourceId":"osm-overpass","osmType":"way","osmId":171842976,"sourceUrl":"https://www.openstreetmap.org/way/171842976","coordinateMethod":"Overpass bounding-box centre; not an entrance","address":"8818 Macleod Trail S","sourceTags":{"name":"Calgary Co-op Macleod Trail Food Centre","shop":"supermarket","opening_hours":"Mo - Su 08:00-22:00"}},"geometry":{"type":"Point","coordinates":[-114.069281,50.974549]}},{"type":"Feature","id":"osm-way-177854505","properties":{"name":"Walmart Supercentre","category":"groceries","subcategory":"supermarket","sourceId":"osm-overpass","osmType":"way","osmId":177854505,"sourceUrl":"https://www.openstreetmap.org/way/177854505","coordinateMethod":"Overpass bounding-box centre; not an entrance","address":"7979 11 Street SE","sourceTags":{"name":"Walmart Supercentre","brand":"Walmart","shop":"supermarket"}},"geometry":{"type":"Point","coordinates":[-114.0461122,50.9841021]}},{"type":"Feature","id":"osm-way-177854516","properties":{"name":"大統華 T&T Supermarket","category":"groceries","subcategory":"supermarket","sourceId":"osm-overpass","osmType":"way","osmId":177854516,"sourceUrl":"https://www.openstreetmap.org/way/177854516","coordinateMethod":"Overpass bounding-box centre; not an entrance","address":"25 Heritage Meadows Way SE","sourceTags":{"name":"大統華 T&T Supermarket","brand":"T&T Supermarket","shop":"supermarket","check_date":"2025-08-15"}},"geometry":{"type":"Point","coordinates":[-114.0461596,50.9853359]}},{"type":"Feature","id":"osm-way-177854524","properties":{"name":"Real Canadian Superstore","category":"groceries","subcategory":"supermarket","sourceId":"osm-overpass","osmType":"way","osmId":177854524,"sourceUrl":"https://www.openstreetmap.org/way/177854524","coordinateMethod":"Overpass bounding-box centre; not an entrance","address":"20 Heritage Meadows Way SE","sourceTags":{"name":"Real Canadian Superstore","brand":"Real Canadian Superstore","shop":"supermarket","opening_hours":"Mo-Su 07:00-22:00"}},"geometry":{"type":"Point","coordinates":[-114.0419259,50.9864624]}},{"type":"Feature","id":"osm-way-207179062","properties":{"name":"7-Eleven","category":"convenience","subcategory":"convenience","sourceId":"osm-overpass","osmType":"way","osmId":207179062,"sourceUrl":"https://www.openstreetmap.org/way/207179062","coordinateMethod":"Overpass bounding-box centre; not an entrance","address":null,"sourceTags":{"name":"7-Eleven","brand":"7-Eleven","shop":"convenience"}},"geometry":{"type":"Point","coordinates":[-114.0722249,50.9655421]}},{"type":"Feature","id":"osm-way-207618189","properties":{"name":"Shell","category":"convenience","subcategory":"convenience","sourceId":"osm-overpass","osmType":"way","osmId":207618189,"sourceUrl":"https://www.openstreetmap.org/way/207618189","coordinateMethod":"Overpass bounding-box centre; not an entrance","address":null,"sourceTags":{"name":"Shell","brand":"Shell","shop":"convenience"}},"geometry":{"type":"Point","coordinates":[-114.0128495,51.0676222]}},{"type":"Feature","id":"osm-way-209997764","properties":{"name":"Holy Cross Centre","category":"healthcare","subcategory":"clinic","sourceId":"osm-overpass","osmType":"way","osmId":209997764,"sourceUrl":"https://www.openstreetmap.org/way/209997764","coordinateMethod":"Overpass bounding-box centre; not an entrance","address":"2210 2 Street SW","sourceTags":{"name":"Holy Cross Centre","amenity":"clinic","healthcare":"clinic"}},"geometry":{"type":"Point","coordinates":[-114.0671296,51.0324487]}},{"type":"Feature","id":"osm-way-211754877","properties":{"name":"Circle K","category":"convenience","subcategory":"convenience","sourceId":"osm-overpass","osmType":"way","osmId":211754877,"sourceUrl":"https://www.openstreetmap.org/way/211754877","coordinateMethod":"Overpass bounding-box centre; not an entrance","address":"9909 Fairmount Drive SE","sourceTags":{"name":"Circle K","brand":"Circle K","shop":"convenience"}},"geometry":{"type":"Point","coordinates":[-114.0592671,50.9636727]}},{"type":"Feature","id":"osm-way-211849264","properties":{"name":"Sobeys","category":"groceries","subcategory":"supermarket","sourceId":"osm-overpass","osmType":"way","osmId":211849264,"sourceUrl":"https://www.openstreetmap.org/way/211849264","coordinateMethod":"Overpass bounding-box centre; not an entrance","address":"Cranberry Road SE","sourceTags":{"name":"Sobeys","brand":"Sobeys","shop":"supermarket","opening_hours":"Mo-Su 07:00-23:00"}},"geometry":{"type":"Point","coordinates":[-113.9766776,50.8808844]}},{"type":"Feature","id":"osm-way-217972734","properties":{"name":"Safeway","category":"groceries","subcategory":"supermarket","sourceId":"osm-overpass","osmType":"way","osmId":217972734,"sourceUrl":"https://www.openstreetmap.org/way/217972734","coordinateMethod":"Overpass bounding-box centre; not an entrance","address":"524 Elbow Drive SW","sourceTags":{"name":"Safeway","brand":"Safeway","shop":"supermarket","opening_hours":"Mo-Su 07:00-22:00"}},"geometry":{"type":"Point","coordinates":[-114.0726549,51.0303014]}},{"type":"Feature","id":"osm-way-217975437","properties":{"name":"Lakeview IGA","category":"groceries","subcategory":"supermarket","sourceId":"osm-overpass","osmType":"way","osmId":217975437,"sourceUrl":"https://www.openstreetmap.org/way/217975437","coordinateMethod":"Overpass bounding-box centre; not an entrance","address":null,"sourceTags":{"name":"Lakeview IGA","shop":"supermarket"}},"geometry":{"type":"Point","coordinates":[-114.1195466,50.996121]}},{"type":"Feature","id":"osm-way-218183994","properties":{"name":"Calgary Co-op","category":"groceries","subcategory":"supermarket","sourceId":"osm-overpass","osmType":"way","osmId":218183994,"sourceUrl":"https://www.openstreetmap.org/way/218183994","coordinateMethod":"Overpass bounding-box centre; not an entrance","address":"1130 11 Avenue SW","sourceTags":{"name":"Calgary Co-op","shop":"supermarket","opening_hours":"Mo-Su 07:00-22:00; Jan 1 09:00-18:00; Dec 24 07:00-18:00; Dec 25 off; Dec 26 09:00-18:00; Dec 31 07:00-18:00"}},"geometry":{"type":"Point","coordinates":[-114.0882233,51.0435589]}},{"type":"Feature","id":"osm-way-248049029","properties":{"name":"Calgary Co-Op convenience store","category":"convenience","subcategory":"convenience","sourceId":"osm-overpass","osmType":"way","osmId":248049029,"sourceUrl":"https://www.openstreetmap.org/way/248049029","coordinateMethod":"Overpass bounding-box centre; not an entrance","address":"15566 McIvor Boulevard SE","sourceTags":{"name":"Calgary Co-Op convenience store","shop":"convenience"}},"geometry":{"type":"Point","coordinates":[-113.9506612,50.9126792]}},{"type":"Feature","id":"osm-way-256882705","properties":{"name":"Riverview Surgical Centre","category":"healthcare","subcategory":"doctors","sourceId":"osm-overpass","osmType":"way","osmId":256882705,"sourceUrl":"https://www.openstreetmap.org/way/256882705","coordinateMethod":"Overpass bounding-box centre; not an entrance","address":"3125 Bowwood Drive NW","sourceTags":{"name":"Riverview Surgical Centre","amenity":"doctors","healthcare":"doctor"}},"geometry":{"type":"Point","coordinates":[-114.1751472,51.0793497]}},{"type":"Feature","id":"osm-way-257570572","properties":{"name":"Shoppers Drug Mart","category":"healthcare","subcategory":"pharmacy","sourceId":"osm-overpass","osmType":"way","osmId":257570572,"sourceUrl":"https://www.openstreetmap.org/way/257570572","coordinateMethod":"Overpass bounding-box centre; not an entrance","address":null,"sourceTags":{"name":"Shoppers Drug Mart","brand":"Shoppers Drug Mart","amenity":"pharmacy","healthcare":"pharmacy"}},"geometry":{"type":"Point","coordinates":[-113.8278359,51.047811]}},{"type":"Feature","id":"osm-way-258141467","properties":{"name":"Petro-Canada","category":"convenience","subcategory":"convenience","sourceId":"osm-overpass","osmType":"way","osmId":258141467,"sourceUrl":"https://www.openstreetmap.org/way/258141467","coordinateMethod":"Overpass bounding-box centre; not an entrance","address":null,"sourceTags":{"name":"Petro-Canada","brand":"Petro-Canada","shop":"convenience"}},"geometry":{"type":"Point","coordinates":[-113.8240432,51.0499193]}},{"type":"Feature","id":"osm-way-261468510","properties":{"name":"Sobeys","category":"groceries","subcategory":"supermarket","sourceId":"osm-overpass","osmType":"way","osmId":261468510,"sourceUrl":"https://www.openstreetmap.org/way/261468510","coordinateMethod":"Overpass bounding-box centre; not an entrance","address":"5101 17 Avenue SE","sourceTags":{"name":"Sobeys","brand":"Sobeys","shop":"supermarket"}},"geometry":{"type":"Point","coordinates":[-113.96084,51.0372224]}},{"type":"Feature","id":"osm-way-262965638","properties":{"name":"Macleod Trail Plastic Surgery","category":"healthcare","subcategory":"doctors","sourceId":"osm-overpass","osmType":"way","osmId":262965638,"sourceUrl":"https://www.openstreetmap.org/way/262965638","coordinateMethod":"Overpass bounding-box centre; not an entrance","address":"7425 Macleod Trail SW","sourceTags":{"name":"Macleod Trail Plastic Surgery","amenity":"doctors","healthcare":"doctor","healthcare:speciality":"plastic_surgery","opening_hours":"Mo-Fr 09:00-16:00"}},"geometry":{"type":"Point","coordinates":[-114.0724595,50.9869712]}},{"type":"Feature","id":"osm-way-262966331","properties":{"name":"Sobeys","category":"groceries","subcategory":"supermarket","sourceId":"osm-overpass","osmType":"way","osmId":262966331,"sourceUrl":"https://www.openstreetmap.org/way/262966331","coordinateMethod":"Overpass bounding-box centre; not an entrance","address":"19369 Sheriff King Street S","sourceTags":{"name":"Sobeys","brand":"Sobeys","shop":"supermarket","opening_hours":"Mo-Su 07:00-23:00"}},"geometry":{"type":"Point","coordinates":[-114.0732643,50.8794262]}},{"type":"Feature","id":"osm-way-263263267","properties":{"name":"Save-On-Foods","category":"groceries","subcategory":"supermarket","sourceId":"osm-overpass","osmType":"way","osmId":263263267,"sourceUrl":"https://www.openstreetmap.org/way/263263267","coordinateMethod":"Overpass bounding-box centre; not an entrance","address":"155 Walden Gate SE","sourceTags":{"name":"Save-On-Foods","brand":"Save-On-Foods","shop":"supermarket"}},"geometry":{"type":"Point","coordinates":[-114.0386663,50.8749421]}},{"type":"Feature","id":"osm-way-263387423","properties":{"name":"7-Eleven","category":"convenience","subcategory":"convenience","sourceId":"osm-overpass","osmType":"way","osmId":263387423,"sourceUrl":"https://www.openstreetmap.org/way/263387423","coordinateMethod":"Overpass bounding-box centre; not an entrance","address":"151 Walden Gate SE","sourceTags":{"name":"7-Eleven","brand":"7-Eleven","shop":"convenience"}},"geometry":{"type":"Point","coordinates":[-114.0362829,50.8753709]}},{"type":"Feature","id":"osm-way-264407813","properties":{"name":"Save-On-Foods","category":"groceries","subcategory":"supermarket","sourceId":"osm-overpass","osmType":"way","osmId":264407813,"sourceUrl":"https://www.openstreetmap.org/way/264407813","coordinateMethod":"Overpass bounding-box centre; not an entrance","address":"1440 52 Street NE","sourceTags":{"name":"Save-On-Foods","brand":"Save-On-Foods","shop":"supermarket","opening_hours":"Mo-Su 07:00-22:00"}},"geometry":{"type":"Point","coordinates":[-113.95617,51.0653292]}},{"type":"Feature","id":"osm-way-264981543","properties":{"name":"Calgary Co-op Gas Bar","category":"convenience","subcategory":"convenience","sourceId":"osm-overpass","osmType":"way","osmId":264981543,"sourceUrl":"https://www.openstreetmap.org/way/264981543","coordinateMethod":"Overpass bounding-box centre; not an entrance","address":"5505 Shaganappi Trail NW","sourceTags":{"name":"Calgary Co-op Gas Bar","shop":"convenience","amenity":"fuel","opening_hours":"Mo-Fr 06:00-23:00; Sa-Su 07:00-23:00; PH 07:00-22:00"}},"geometry":{"type":"Point","coordinates":[-114.1461288,51.101708]}},{"type":"Feature","id":"osm-way-265825840","properties":{"name":"Husky","category":"convenience","subcategory":"convenience","sourceId":"osm-overpass","osmType":"way","osmId":265825840,"sourceUrl":"https://www.openstreetmap.org/way/265825840","coordinateMethod":"Overpass bounding-box centre; not an entrance","address":"230 Sandarac Drive NW","sourceTags":{"name":"Husky","brand":"Husky","shop":"convenience"}},"geometry":{"type":"Point","coordinates":[-114.0999039,51.1386219]}},{"type":"Feature","id":"osm-way-266698851","properties":{"name":null,"category":"convenience","subcategory":"convenience","sourceId":"osm-overpass","osmType":"way","osmId":266698851,"sourceUrl":"https://www.openstreetmap.org/way/266698851","coordinateMethod":"Overpass bounding-box centre; not an entrance","address":null,"sourceTags":{"shop":"convenience"}},"geometry":{"type":"Point","coordinates":[-114.1610291,51.1044966]}},{"type":"Feature","id":"osm-way-269294446","properties":{"name":"7-Eleven","category":"convenience","subcategory":"convenience","sourceId":"osm-overpass","osmType":"way","osmId":269294446,"sourceUrl":"https://www.openstreetmap.org/way/269294446","coordinateMethod":"Overpass bounding-box centre; not an entrance","address":"2417 4 Street NW","sourceTags":{"name":"7-Eleven","brand":"7-Eleven","shop":"convenience","opening_hours":"24/7"}},"geometry":{"type":"Point","coordinates":[-114.0720417,51.0739461]}},{"type":"Feature","id":"osm-way-269739657","properties":{"name":"Shoppers Drug Mart","category":"healthcare","subcategory":"pharmacy","sourceId":"osm-overpass","osmType":"way","osmId":269739657,"sourceUrl":"https://www.openstreetmap.org/way/269739657","coordinateMethod":"Overpass bounding-box centre; not an entrance","address":null,"sourceTags":{"name":"Shoppers Drug Mart","brand":"Shoppers Drug Mart","amenity":"pharmacy","healthcare":"pharmacy"}},"geometry":{"type":"Point","coordinates":[-113.9554981,51.0977339]}},{"type":"Feature","id":"osm-way-272160831","properties":{"name":"Shell","category":"convenience","subcategory":"convenience","sourceId":"osm-overpass","osmType":"way","osmId":272160831,"sourceUrl":"https://www.openstreetmap.org/way/272160831","coordinateMethod":"Overpass bounding-box centre; not an entrance","address":null,"sourceTags":{"name":"Shell","brand":"Shell","shop":"convenience"}},"geometry":{"type":"Point","coordinates":[-114.154157,51.0929252]}},{"type":"Feature","id":"osm-way-273624541","properties":{"name":"H Mart","category":"groceries","subcategory":"supermarket","sourceId":"osm-overpass","osmType":"way","osmId":273624541,"sourceUrl":"https://www.openstreetmap.org/way/273624541","coordinateMethod":"Overpass bounding-box centre; not an entrance","address":null,"sourceTags":{"name":"H Mart","brand":"H Mart","shop":"supermarket"}},"geometry":{"type":"Point","coordinates":[-114.1574799,51.1578039]}},{"type":"Feature","id":"osm-way-273624546","properties":{"name":"Shoppers Drug Mart","category":"healthcare","subcategory":"pharmacy","sourceId":"osm-overpass","osmType":"way","osmId":273624546,"sourceUrl":"https://www.openstreetmap.org/way/273624546","coordinateMethod":"Overpass bounding-box centre; not an entrance","address":"11700 Sarcee Trail NW","sourceTags":{"name":"Shoppers Drug Mart","brand":"Shoppers Drug Mart","amenity":"pharmacy","healthcare":"pharmacy","opening_hours":"Mo-Su 09:00-22:00"}},"geometry":{"type":"Point","coordinates":[-114.1604332,51.1576981]}},{"type":"Feature","id":"osm-way-277327067","properties":{"name":"Lucky Supermarket","category":"groceries","subcategory":"supermarket","sourceId":"osm-overpass","osmType":"way","osmId":277327067,"sourceUrl":"https://www.openstreetmap.org/way/277327067","coordinateMethod":"Overpass bounding-box centre; not an entrance","address":null,"sourceTags":{"name":"Lucky Supermarket","shop":"supermarket"}},"geometry":{"type":"Point","coordinates":[-113.9682811,51.0442941]}},{"type":"Feature","id":"osm-way-277327069","properties":{"name":"East Calgary Health Centre","category":"healthcare","subcategory":"clinic","sourceId":"osm-overpass","osmType":"way","osmId":277327069,"sourceUrl":"https://www.openstreetmap.org/way/277327069","coordinateMethod":"Overpass bounding-box centre; not an entrance","address":"4715 8 Avenue SE","sourceTags":{"name":"East Calgary Health Centre","amenity":"clinic","healthcare":"clinic"}},"geometry":{"type":"Point","coordinates":[-113.9672661,51.0449047]}},{"type":"Feature","id":"osm-way-277707625","properties":{"name":"Basha Foods International","category":"groceries","subcategory":"supermarket","sourceId":"osm-overpass","osmType":"way","osmId":277707625,"sourceUrl":"https://www.openstreetmap.org/way/277707625","coordinateMethod":"Overpass bounding-box centre; not an entrance","address":"2717 Sunridge Way NE","sourceTags":{"name":"Basha Foods International","shop":"supermarket"}},"geometry":{"type":"Point","coordinates":[-113.9995245,51.0726926]}},{"type":"Feature","id":"osm-way-284266913","properties":{"name":"7-Eleven","category":"convenience","subcategory":"convenience","sourceId":"osm-overpass","osmType":"way","osmId":284266913,"sourceUrl":"https://www.openstreetmap.org/way/284266913","coordinateMethod":"Overpass bounding-box centre; not an entrance","address":"166 Crowfoot Way NW","sourceTags":{"name":"7-Eleven","brand":"7-Eleven","shop":"convenience","opening_hours":"24/7","check_date":"2025-07-13"}},"geometry":{"type":"Point","coordinates":[-114.2083415,51.1267403]}},{"type":"Feature","id":"osm-way-288392188","properties":{"name":"Shell","category":"convenience","subcategory":"convenience","sourceId":"osm-overpass","osmType":"way","osmId":288392188,"sourceUrl":"https://www.openstreetmap.org/way/288392188","coordinateMethod":"Overpass bounding-box centre; not an entrance","address":null,"sourceTags":{"name":"Shell","brand":"Shell","shop":"convenience"}},"geometry":{"type":"Point","coordinates":[-114.129701,51.16619]}},{"type":"Feature","id":"osm-way-289105724","properties":{"name":"No Frills","category":"groceries","subcategory":"supermarket","sourceId":"osm-overpass","osmType":"way","osmId":289105724,"sourceUrl":"https://www.openstreetmap.org/way/289105724","coordinateMethod":"Overpass bounding-box centre; not an entrance","address":"4501 17 Avenue SE","sourceTags":{"name":"No Frills","brand":"No Frills","shop":"supermarket","opening_hours":"Mo-Su 08:00-22:00","check_date":"2026-09-03","check_date:opening_hours":"2026-09-03"}},"geometry":{"type":"Point","coordinates":[-113.9693427,51.0366289]}},{"type":"Feature","id":"osm-way-292194641","properties":{"name":"7-Eleven","category":"convenience","subcategory":"convenience","sourceId":"osm-overpass","osmType":"way","osmId":292194641,"sourceUrl":"https://www.openstreetmap.org/way/292194641","coordinateMethod":"Overpass bounding-box centre; not an entrance","address":null,"sourceTags":{"name":"7-Eleven","brand":"7-Eleven","shop":"convenience"}},"geometry":{"type":"Point","coordinates":[-114.1416847,51.0374953]}},{"type":"Feature","id":"osm-way-302442795","properties":{"name":"7-Eleven","category":"convenience","subcategory":"convenience","sourceId":"osm-overpass","osmType":"way","osmId":302442795,"sourceUrl":"https://www.openstreetmap.org/way/302442795","coordinateMethod":"Overpass bounding-box centre; not an entrance","address":null,"sourceTags":{"name":"7-Eleven","brand":"7-Eleven","shop":"convenience"}},"geometry":{"type":"Point","coordinates":[-114.199795,51.0893102]}},{"type":"Feature","id":"osm-way-310392682","properties":{"name":"Safeway","category":"groceries","subcategory":"supermarket","sourceId":"osm-overpass","osmType":"way","osmId":310392682,"sourceUrl":"https://www.openstreetmap.org/way/310392682","coordinateMethod":"Overpass bounding-box centre; not an entrance","address":null,"sourceTags":{"name":"Safeway","brand":"Safeway","shop":"supermarket"}},"geometry":{"type":"Point","coordinates":[-113.8260058,51.0511291]}},{"type":"Feature","id":"osm-way-311588985","properties":{"name":"Walmart Supercentre","category":"groceries","subcategory":"supermarket","sourceId":"osm-overpass","osmType":"way","osmId":311588985,"sourceUrl":"https://www.openstreetmap.org/way/311588985","coordinateMethod":"Overpass bounding-box centre; not an entrance","address":"255 East Hills Boulevard SE","sourceTags":{"name":"Walmart Supercentre","brand":"Walmart","shop":"supermarket"}},"geometry":{"type":"Point","coordinates":[-113.9108803,51.0385571]}},{"type":"Feature","id":"osm-way-312457375","properties":{"name":"Chalo! FreshCo","category":"groceries","subcategory":"supermarket","sourceId":"osm-overpass","osmType":"way","osmId":312457375,"sourceUrl":"https://www.openstreetmap.org/way/312457375","coordinateMethod":"Overpass bounding-box centre; not an entrance","address":"850 Saddletowne Circle NE","sourceTags":{"name":"Chalo! FreshCo","shop":"supermarket","opening_hours":"Mo-Su 08:00-22:00; Dec 24 08:00-19:00"}},"geometry":{"type":"Point","coordinates":[-113.9452598,51.1236489]}},{"type":"Feature","id":"osm-way-335988864","properties":{"name":"Co-op","category":"groceries","subcategory":"supermarket","sourceId":"osm-overpass","osmType":"way","osmId":335988864,"sourceUrl":"https://www.openstreetmap.org/way/335988864","coordinateMethod":"Overpass bounding-box centre; not an entrance","address":"1221 Canyon Meadows Drive SE","sourceTags":{"name":"Co-op","brand":"Federated Co-operatives","shop":"supermarket","opening_hours":"Mo-Su 08:00-22:00; Dec 31 08:00-18:00; Jan 01 09:00-18:00"}},"geometry":{"type":"Point","coordinates":[-114.0288951,50.9288807]}},{"type":"Feature","id":"osm-way-360363272","properties":{"name":"Go Market","category":"convenience","subcategory":"convenience","sourceId":"osm-overpass","osmType":"way","osmId":360363272,"sourceUrl":"https://www.openstreetmap.org/way/360363272","coordinateMethod":"Overpass bounding-box centre; not an entrance","address":"12 4 Street NE","sourceTags":{"name":"Go Market","shop":"convenience","opening_hours":"24/7"}},"geometry":{"type":"Point","coordinates":[-114.0512308,51.0513426]}},{"type":"Feature","id":"osm-way-366043448","properties":{"name":"7-Eleven","category":"convenience","subcategory":"convenience","sourceId":"osm-overpass","osmType":"way","osmId":366043448,"sourceUrl":"https://www.openstreetmap.org/way/366043448","coordinateMethod":"Overpass bounding-box centre; not an entrance","address":"7712 Ranchview Drive NW","sourceTags":{"name":"7-Eleven","brand":"7-Eleven","shop":"convenience","opening_hours":"24/7"}},"geometry":{"type":"Point","coordinates":[-114.1790207,51.1205623]}},{"type":"Feature","id":"osm-way-378951097","properties":{"name":"Shell","category":"convenience","subcategory":"convenience","sourceId":"osm-overpass","osmType":"way","osmId":378951097,"sourceUrl":"https://www.openstreetmap.org/way/378951097","coordinateMethod":"Overpass bounding-box centre; not an entrance","address":null,"sourceTags":{"name":"Shell","brand":"Shell","shop":"convenience"}},"geometry":{"type":"Point","coordinates":[-114.2115603,51.1533906]}},{"type":"Feature","id":"osm-way-380313130","properties":{"name":"Petro-Canada","category":"convenience","subcategory":"convenience","sourceId":"osm-overpass","osmType":"way","osmId":380313130,"sourceUrl":"https://www.openstreetmap.org/way/380313130","coordinateMethod":"Overpass bounding-box centre; not an entrance","address":null,"sourceTags":{"name":"Petro-Canada","brand":"Petro-Canada","shop":"convenience","opening_hours":"24/7"}},"geometry":{"type":"Point","coordinates":[-113.9582288,50.8802995]}},{"type":"Feature","id":"osm-way-395701596","properties":{"name":"Global Variety Store","category":"groceries","subcategory":"supermarket","sourceId":"osm-overpass","osmType":"way","osmId":395701596,"sourceUrl":"https://www.openstreetmap.org/way/395701596","coordinateMethod":"Overpass bounding-box centre; not an entrance","address":"1514 14 Street SW","sourceTags":{"name":"Global Variety Store","shop":"supermarket"}},"geometry":{"type":"Point","coordinates":[-114.0944646,51.0388063]}},{"type":"Feature","id":"osm-way-397849693","properties":{"name":"7-Eleven","category":"convenience","subcategory":"convenience","sourceId":"osm-overpass","osmType":"way","osmId":397849693,"sourceUrl":"https://www.openstreetmap.org/way/397849693","coordinateMethod":"Overpass bounding-box centre; not an entrance","address":"1339 Northmount Drive NW","sourceTags":{"name":"7-Eleven","brand":"7-Eleven","shop":"convenience","opening_hours":"24/7","check_date":"2026-07-18"}},"geometry":{"type":"Point","coordinates":[-114.1288096,51.0926649]}},{"type":"Feature","id":"osm-way-412580883","properties":{"name":"Real Canadian Superstore","category":"groceries","subcategory":"supermarket","sourceId":"osm-overpass","osmType":"way","osmId":412580883,"sourceUrl":"https://www.openstreetmap.org/way/412580883","coordinateMethod":"Overpass bounding-box centre; not an entrance","address":"19655 Seton Way SE","sourceTags":{"name":"Real Canadian Superstore","brand":"Real Canadian Superstore","shop":"supermarket","opening_hours":"Mo-Su 07:00-22:00"}},"geometry":{"type":"Point","coordinates":[-113.9604418,50.8747442]}},{"type":"Feature","id":"osm-way-417981061","properties":{"name":"Southern Alberta Eye Center","category":"healthcare","subcategory":"clinic","sourceId":"osm-overpass","osmType":"way","osmId":417981061,"sourceUrl":"https://www.openstreetmap.org/way/417981061","coordinateMethod":"Overpass bounding-box centre; not an entrance","address":"5340 1 Street SW","sourceTags":{"name":"Southern Alberta Eye Center","amenity":"clinic","healthcare":"clinic","healthcare:speciality":"ophthalmology"}},"geometry":{"type":"Point","coordinates":[-114.0655913,51.0059059]}},{"type":"Feature","id":"osm-way-432401727","properties":{"name":"Petro-Canada","category":"convenience","subcategory":"convenience","sourceId":"osm-overpass","osmType":"way","osmId":432401727,"sourceUrl":"https://www.openstreetmap.org/way/432401727","coordinateMethod":"Overpass bounding-box centre; not an entrance","address":"5300 17 Avenue SE","sourceTags":{"name":"Petro-Canada","brand":"Petro-Canada","shop":"convenience"}},"geometry":{"type":"Point","coordinates":[-113.9578204,51.0385966]}},{"type":"Feature","id":"osm-way-432923124","properties":{"name":"Save-On-Foods","category":"groceries","subcategory":"supermarket","sourceId":"osm-overpass","osmType":"way","osmId":432923124,"sourceUrl":"https://www.openstreetmap.org/way/432923124","coordinateMethod":"Overpass bounding-box centre; not an entrance","address":"225 Panatella Hill NW","sourceTags":{"name":"Save-On-Foods","brand":"Save-On-Foods","shop":"supermarket","check_date":"2025-11-10"}},"geometry":{"type":"Point","coordinates":[-114.0887216,51.1671509]}},{"type":"Feature","id":"osm-way-432928351","properties":{"name":"Co-op","category":"convenience","subcategory":"convenience","sourceId":"osm-overpass","osmType":"way","osmId":432928351,"sourceUrl":"https://www.openstreetmap.org/way/432928351","coordinateMethod":"Overpass bounding-box centre; not an entrance","address":"1111 Panatella Boulevard NW","sourceTags":{"name":"Co-op","brand":"Federated Co-operatives","shop":"convenience"}},"geometry":{"type":"Point","coordinates":[-114.0911646,51.1688342]}},{"type":"Feature","id":"osm-way-432968796","properties":{"name":"The Alex Community Health Centre","category":"healthcare","subcategory":"clinic","sourceId":"osm-overpass","osmType":"way","osmId":432968796,"sourceUrl":"https://www.openstreetmap.org/way/432968796","coordinateMethod":"Overpass bounding-box centre; not an entrance","address":"2840 2 Avenue SE","sourceTags":{"name":"The Alex Community Health Centre","amenity":"clinic","healthcare":"clinic","opening_hours":"Mo-Fr 09:00-16:00"}},"geometry":{"type":"Point","coordinates":[-113.9948169,51.0496796]}},{"type":"Feature","id":"osm-way-433338331","properties":{"name":"Go Market","category":"convenience","subcategory":"convenience","sourceId":"osm-overpass","osmType":"way","osmId":433338331,"sourceUrl":"https://www.openstreetmap.org/way/433338331","coordinateMethod":"Overpass bounding-box centre; not an entrance","address":"808 19 Street SE","sourceTags":{"name":"Go Market","shop":"convenience"}},"geometry":{"type":"Point","coordinates":[-114.0180712,51.0364885]}},{"type":"Feature","id":"osm-way-433340677","properties":{"name":null,"category":"convenience","subcategory":"convenience","sourceId":"osm-overpass","osmType":"way","osmId":433340677,"sourceUrl":"https://www.openstreetmap.org/way/433340677","coordinateMethod":"Overpass bounding-box centre; not an entrance","address":null,"sourceTags":{"shop":"convenience"}},"geometry":{"type":"Point","coordinates":[-114.0200795,51.0358886]}},{"type":"Feature","id":"osm-way-433372844","properties":{"name":"7-Eleven","category":"convenience","subcategory":"convenience","sourceId":"osm-overpass","osmType":"way","osmId":433372844,"sourceUrl":"https://www.openstreetmap.org/way/433372844","coordinateMethod":"Overpass bounding-box centre; not an entrance","address":"5320 8 Avenue SE","sourceTags":{"name":"7-Eleven","brand":"7-Eleven","shop":"convenience"}},"geometry":{"type":"Point","coordinates":[-113.9573251,51.0455398]}},{"type":"Feature","id":"osm-way-434889420","properties":{"name":"Shell Select","category":"convenience","subcategory":"convenience","sourceId":"osm-overpass","osmType":"way","osmId":434889420,"sourceUrl":"https://www.openstreetmap.org/way/434889420","coordinateMethod":"Overpass bounding-box centre; not an entrance","address":null,"sourceTags":{"name":"Shell Select","brand":"Shell Select","shop":"convenience"}},"geometry":{"type":"Point","coordinates":[-114.0475979,51.0153839]}},{"type":"Feature","id":"osm-way-436582834","properties":{"name":"Petro-Canada","category":"convenience","subcategory":"convenience","sourceId":"osm-overpass","osmType":"way","osmId":436582834,"sourceUrl":"https://www.openstreetmap.org/way/436582834","coordinateMethod":"Overpass bounding-box centre; not an entrance","address":"336 58 Avenue SE","sourceTags":{"name":"Petro-Canada","brand":"Petro-Canada","shop":"convenience"}},"geometry":{"type":"Point","coordinates":[-114.05747,51.0019691]}},{"type":"Feature","id":"osm-way-437466900","properties":{"name":"Husky","category":"convenience","subcategory":"convenience","sourceId":"osm-overpass","osmType":"way","osmId":437466900,"sourceUrl":"https://www.openstreetmap.org/way/437466900","coordinateMethod":"Overpass bounding-box centre; not an entrance","address":"5225 106 Avenue SE","sourceTags":{"name":"Husky","brand":"Husky","shop":"convenience"}},"geometry":{"type":"Point","coordinates":[-113.9596524,50.9573264]}},{"type":"Feature","id":"osm-way-437606075","properties":{"name":"Shoppers Drug Mart","category":"healthcare","subcategory":"pharmacy","sourceId":"osm-overpass","osmType":"way","osmId":437606075,"sourceUrl":"https://www.openstreetmap.org/way/437606075","coordinateMethod":"Overpass bounding-box centre; not an entrance","address":null,"sourceTags":{"name":"Shoppers Drug Mart","brand":"Shoppers Drug Mart","amenity":"pharmacy","healthcare":"pharmacy"}},"geometry":{"type":"Point","coordinates":[-114.0142097,50.9840573]}},{"type":"Feature","id":"osm-way-439785728","properties":{"name":"7-Eleven","category":"convenience","subcategory":"convenience","sourceId":"osm-overpass","osmType":"way","osmId":439785728,"sourceUrl":"https://www.openstreetmap.org/way/439785728","coordinateMethod":"Overpass bounding-box centre; not an entrance","address":null,"sourceTags":{"name":"7-Eleven","brand":"7-Eleven","shop":"convenience","opening_hours":"24/7"}},"geometry":{"type":"Point","coordinates":[-113.9804122,51.0265517]}},{"type":"Feature","id":"osm-way-441978246","properties":{"name":"Circle K","category":"convenience","subcategory":"convenience","sourceId":"osm-overpass","osmType":"way","osmId":441978246,"sourceUrl":"https://www.openstreetmap.org/way/441978246","coordinateMethod":"Overpass bounding-box centre; not an entrance","address":"11 Hidden Creek Drive NW","sourceTags":{"name":"Circle K","brand":"Circle K","shop":"convenience","opening_hours":"24/7"}},"geometry":{"type":"Point","coordinates":[-114.1061543,51.1545146]}},{"type":"Feature","id":"osm-way-454549491","properties":{"name":null,"category":"convenience","subcategory":"convenience","sourceId":"osm-overpass","osmType":"way","osmId":454549491,"sourceUrl":"https://www.openstreetmap.org/way/454549491","coordinateMethod":"Overpass bounding-box centre; not an entrance","address":"3503 26 Avenue SW","sourceTags":{"shop":"convenience","opening_hours":"Mo-Su 07:00-21:00"}},"geometry":{"type":"Point","coordinates":[-114.1373569,51.0297738]}},{"type":"Feature","id":"osm-way-458188820","properties":{"name":"Tab's","category":"convenience","subcategory":"convenience","sourceId":"osm-overpass","osmType":"way","osmId":458188820,"sourceUrl":"https://www.openstreetmap.org/way/458188820","coordinateMethod":"Overpass bounding-box centre; not an entrance","address":"3904 17 Avenue SE","sourceTags":{"name":"Tab's","shop":"convenience","opening_hours":"24/7"}},"geometry":{"type":"Point","coordinates":[-113.9783409,51.0382033]}},{"type":"Feature","id":"osm-way-463334218","properties":{"name":"7-Eleven","category":"convenience","subcategory":"convenience","sourceId":"osm-overpass","osmType":"way","osmId":463334218,"sourceUrl":"https://www.openstreetmap.org/way/463334218","coordinateMethod":"Overpass bounding-box centre; not an entrance","address":"6820 4 Street NW","sourceTags":{"name":"7-Eleven","brand":"7-Eleven","shop":"convenience","opening_hours":"24/7","check_date":"2026-01-25"}},"geometry":{"type":"Point","coordinates":[-114.0707444,51.1139484]}},{"type":"Feature","id":"osm-way-484113372","properties":{"name":"Shoppers Drug Mart","category":"healthcare","subcategory":"pharmacy","sourceId":"osm-overpass","osmType":"way","osmId":484113372,"sourceUrl":"https://www.openstreetmap.org/way/484113372","coordinateMethod":"Overpass bounding-box centre; not an entrance","address":null,"sourceTags":{"name":"Shoppers Drug Mart","brand":"Shoppers Drug Mart","amenity":"pharmacy","healthcare":"pharmacy"}},"geometry":{"type":"Point","coordinates":[-113.9432301,50.8991594]}},{"type":"Feature","id":"osm-way-484113377","properties":{"name":"Sobeys","category":"groceries","subcategory":"supermarket","sourceId":"osm-overpass","osmType":"way","osmId":484113377,"sourceUrl":"https://www.openstreetmap.org/way/484113377","coordinateMethod":"Overpass bounding-box centre; not an entrance","address":"7 Mahogany Plaza SE","sourceTags":{"name":"Sobeys","brand":"Sobeys","shop":"supermarket"}},"geometry":{"type":"Point","coordinates":[-113.9411521,50.8973252]}},{"type":"Feature","id":"osm-way-486420938","properties":{"name":"大統華 T&T Supermarket","category":"groceries","subcategory":"supermarket","sourceId":"osm-overpass","osmType":"way","osmId":486420938,"sourceUrl":"https://www.openstreetmap.org/way/486420938","coordinateMethod":"Overpass bounding-box centre; not an entrance","address":"10 Sage Hill Plaza NW","sourceTags":{"name":"大統華 T&T Supermarket","brand":"T&T Supermarket","shop":"supermarket","opening_hours":"Mo-Su 08:00-22:00"}},"geometry":{"type":"Point","coordinates":[-114.1516389,51.1698193]}},{"type":"Feature","id":"osm-way-486442280","properties":{"name":"Sobeys","category":"groceries","subcategory":"supermarket","sourceId":"osm-overpass","osmType":"way","osmId":486442280,"sourceUrl":"https://www.openstreetmap.org/way/486442280","coordinateMethod":"Overpass bounding-box centre; not an entrance","address":"8 Nolan Hill Boulevard NW","sourceTags":{"name":"Sobeys","brand":"Sobeys","shop":"supermarket","opening_hours":"Mo-Su 07:00-23:00"}},"geometry":{"type":"Point","coordinates":[-114.1569122,51.1734904]}},{"type":"Feature","id":"osm-way-491207582","properties":{"name":"7-Eleven","category":"convenience","subcategory":"convenience","sourceId":"osm-overpass","osmType":"way","osmId":491207582,"sourceUrl":"https://www.openstreetmap.org/way/491207582","coordinateMethod":"Overpass bounding-box centre; not an entrance","address":null,"sourceTags":{"name":"7-Eleven","brand":"7-Eleven","shop":"convenience"}},"geometry":{"type":"Point","coordinates":[-113.9360952,50.9216489]}},{"type":"Feature","id":"osm-way-502770081","properties":{"name":"Shell Select","category":"convenience","subcategory":"convenience","sourceId":"osm-overpass","osmType":"way","osmId":502770081,"sourceUrl":"https://www.openstreetmap.org/way/502770081","coordinateMethod":"Overpass bounding-box centre; not an entrance","address":null,"sourceTags":{"name":"Shell Select","brand":"Shell Select","shop":"convenience"}},"geometry":{"type":"Point","coordinates":[-114.1416601,51.0217887]}},{"type":"Feature","id":"osm-way-504607298","properties":{"name":"Lang's Grocery","category":"convenience","subcategory":"convenience","sourceId":"osm-overpass","osmType":"way","osmId":504607298,"sourceUrl":"https://www.openstreetmap.org/way/504607298","coordinateMethod":"Overpass bounding-box centre; not an entrance","address":"833 17 Avenue SW","sourceTags":{"name":"Lang's Grocery","shop":"convenience"}},"geometry":{"type":"Point","coordinates":[-114.0813238,51.0376209]}},{"type":"Feature","id":"osm-way-515089840","properties":{"name":"7-Eleven","category":"convenience","subcategory":"convenience","sourceId":"osm-overpass","osmType":"way","osmId":515089840,"sourceUrl":"https://www.openstreetmap.org/way/515089840","coordinateMethod":"Overpass bounding-box centre; not an entrance","address":null,"sourceTags":{"name":"7-Eleven","brand":"7-Eleven","shop":"convenience"}},"geometry":{"type":"Point","coordinates":[-114.016909,50.9325298]}},{"type":"Feature","id":"osm-way-516250492","properties":{"name":"Shell Select","category":"convenience","subcategory":"convenience","sourceId":"osm-overpass","osmType":"way","osmId":516250492,"sourceUrl":"https://www.openstreetmap.org/way/516250492","coordinateMethod":"Overpass bounding-box centre; not an entrance","address":null,"sourceTags":{"name":"Shell Select","brand":"Shell Select","shop":"convenience"}},"geometry":{"type":"Point","coordinates":[-114.0941917,51.0410083]}},{"type":"Feature","id":"osm-way-516435192","properties":{"name":"Circle K","category":"convenience","subcategory":"convenience","sourceId":"osm-overpass","osmType":"way","osmId":516435192,"sourceUrl":"https://www.openstreetmap.org/way/516435192","coordinateMethod":"Overpass bounding-box centre; not an entrance","address":null,"sourceTags":{"name":"Circle K","brand":"Circle K","shop":"convenience"}},"geometry":{"type":"Point","coordinates":[-113.9882265,50.8936351]}},{"type":"Feature","id":"osm-way-530596225","properties":{"name":"Primary Care Network Wellness Centre","category":"healthcare","subcategory":"clinic","sourceId":"osm-overpass","osmType":"way","osmId":530596225,"sourceUrl":"https://www.openstreetmap.org/way/530596225","coordinateMethod":"Overpass bounding-box centre; not an entrance","address":"1800 194 Avenue SE","sourceTags":{"name":"Primary Care Network Wellness Centre","amenity":"clinic","healthcare":"clinic","opening_hours":"Mo-Fr 08:00-16:00"}},"geometry":{"type":"Point","coordinates":[-114.0229394,50.879178]}},{"type":"Feature","id":"osm-way-535281091","properties":{"name":"Petro-Canada","category":"convenience","subcategory":"convenience","sourceId":"osm-overpass","osmType":"way","osmId":535281091,"sourceUrl":"https://www.openstreetmap.org/way/535281091","coordinateMethod":"Overpass bounding-box centre; not an entrance","address":null,"sourceTags":{"name":"Petro-Canada","brand":"Petro-Canada","shop":"convenience"}},"geometry":{"type":"Point","coordinates":[-114.0941944,51.0528254]}},{"type":"Feature","id":"osm-way-536958686","properties":{"name":"Lifesource Pharmacy","category":"healthcare","subcategory":"pharmacy","sourceId":"osm-overpass","osmType":"way","osmId":536958686,"sourceUrl":"https://www.openstreetmap.org/way/536958686","coordinateMethod":"Overpass bounding-box centre; not an entrance","address":"555 Northmount Drive NW","sourceTags":{"name":"Lifesource Pharmacy","amenity":"pharmacy","healthcare":"pharmacy"}},"geometry":{"type":"Point","coordinates":[-114.086491,51.0885466]}},{"type":"Feature","id":"osm-way-539055050","properties":{"name":"7-Eleven","category":"convenience","subcategory":"convenience","sourceId":"osm-overpass","osmType":"way","osmId":539055050,"sourceUrl":"https://www.openstreetmap.org/way/539055050","coordinateMethod":"Overpass bounding-box centre; not an entrance","address":null,"sourceTags":{"name":"7-Eleven","brand":"7-Eleven","shop":"convenience"}},"geometry":{"type":"Point","coordinates":[-114.0825161,50.9911189]}},{"type":"Feature","id":"osm-way-539334815","properties":{"name":"Kensington Clinic","category":"healthcare","subcategory":"clinic","sourceId":"osm-overpass","osmType":"way","osmId":539334815,"sourceUrl":"https://www.openstreetmap.org/way/539334815","coordinateMethod":"Overpass bounding-box centre; not an entrance","address":"2431 5 Avenue NW","sourceTags":{"name":"Kensington Clinic","amenity":"clinic","healthcare":"clinic","healthcare:speciality":"abortion"}},"geometry":{"type":"Point","coordinates":[-114.1172155,51.056952]}},{"type":"Feature","id":"osm-way-540295007","properties":{"name":"Shoppers Drug Mart","category":"healthcare","subcategory":"pharmacy","sourceId":"osm-overpass","osmType":"way","osmId":540295007,"sourceUrl":"https://www.openstreetmap.org/way/540295007","coordinateMethod":"Overpass bounding-box centre; not an entrance","address":"3012 17 Avenue SE","sourceTags":{"name":"Shoppers Drug Mart","brand":"Shoppers Drug Mart","amenity":"pharmacy","healthcare":"pharmacy"}},"geometry":{"type":"Point","coordinates":[-113.9909101,51.0389046]}},{"type":"Feature","id":"osm-way-540315195","properties":{"name":"Tiendona Market","category":"groceries","subcategory":"supermarket","sourceId":"osm-overpass","osmType":"way","osmId":540315195,"sourceUrl":"https://www.openstreetmap.org/way/540315195","coordinateMethod":"Overpass bounding-box centre; not an entrance","address":"1836 36 Street SE","sourceTags":{"name":"Tiendona Market","shop":"supermarket"}},"geometry":{"type":"Point","coordinates":[-113.9810533,51.0365767]}},{"type":"Feature","id":"osm-way-540849735","properties":{"name":"Super M Drugs Prescription Service","category":"healthcare","subcategory":"pharmacy","sourceId":"osm-overpass","osmType":"way","osmId":540849735,"sourceUrl":"https://www.openstreetmap.org/way/540849735","coordinateMethod":"Overpass bounding-box centre; not an entrance","address":"216 Centre Street SE","sourceTags":{"name":"Super M Drugs Prescription Service","amenity":"pharmacy","healthcare":"pharmacy"}},"geometry":{"type":"Point","coordinates":[-114.0624251,51.0506412]}},{"type":"Feature","id":"osm-way-540869395","properties":{"name":"Providence Children","category":"healthcare","subcategory":"clinic","sourceId":"osm-overpass","osmType":"way","osmId":540869395,"sourceUrl":"https://www.openstreetmap.org/way/540869395","coordinateMethod":"Overpass bounding-box centre; not an entrance","address":"5232 4 Street SW","sourceTags":{"name":"Providence Children","amenity":"clinic","healthcare":"clinic","healthcare:speciality":"paediatrics","opening_hours":"24/7"}},"geometry":{"type":"Point","coordinates":[-114.0709203,51.0077242]}},{"type":"Feature","id":"osm-way-541183781","properties":{"name":"Cranston Medical","category":"healthcare","subcategory":"clinic","sourceId":"osm-overpass","osmType":"way","osmId":541183781,"sourceUrl":"https://www.openstreetmap.org/way/541183781","coordinateMethod":"Overpass bounding-box centre; not an entrance","address":"356 Cranston Road SE","sourceTags":{"name":"Cranston Medical","amenity":"clinic","healthcare":"clinic","opening_hours":"Mo-Fr 09:00-17:50"}},"geometry":{"type":"Point","coordinates":[-113.9776994,50.8808231]}},{"type":"Feature","id":"osm-way-541185932","properties":{"name":"Super Stop Convenience","category":"convenience","subcategory":"convenience","sourceId":"osm-overpass","osmType":"way","osmId":541185932,"sourceUrl":"https://www.openstreetmap.org/way/541185932","coordinateMethod":"Overpass bounding-box centre; not an entrance","address":"356 Cranston Road SE","sourceTags":{"name":"Super Stop Convenience","shop":"convenience","opening_hours":"24/7"}},"geometry":{"type":"Point","coordinates":[-113.978065,50.8802151]}},{"type":"Feature","id":"osm-way-546355093","properties":{"name":"Gas Plus","category":"convenience","subcategory":"convenience","sourceId":"osm-overpass","osmType":"way","osmId":546355093,"sourceUrl":"https://www.openstreetmap.org/way/546355093","coordinateMethod":"Overpass bounding-box centre; not an entrance","address":"116th St NE","sourceTags":{"name":"Gas Plus","brand":"Gas Plus","shop":"convenience","amenity":"fuel","opening_hours":"Mo-Su 06:00-21:00"}},"geometry":{"type":"Point","coordinates":[-113.8661711,51.0963445]}},{"type":"Feature","id":"osm-way-555639603","properties":{"name":"Petro-Canada","category":"convenience","subcategory":"convenience","sourceId":"osm-overpass","osmType":"way","osmId":555639603,"sourceUrl":"https://www.openstreetmap.org/way/555639603","coordinateMethod":"Overpass bounding-box centre; not an entrance","address":null,"sourceTags":{"name":"Petro-Canada","brand":"Petro-Canada","shop":"convenience"}},"geometry":{"type":"Point","coordinates":[-114.2394092,51.1074256]}},{"type":"Feature","id":"osm-way-567102516","properties":{"name":"Calgary Co-op Auburn Bay Food Centre","category":"groceries","subcategory":"supermarket","sourceId":"osm-overpass","osmType":"way","osmId":567102516,"sourceUrl":"https://www.openstreetmap.org/way/567102516","coordinateMethod":"Overpass bounding-box centre; not an entrance","address":"100 Auburn Meadows Boulevard SE","sourceTags":{"name":"Calgary Co-op Auburn Bay Food Centre","shop":"supermarket","opening_hours":"Mo-Su 08:00-22:00"}},"geometry":{"type":"Point","coordinates":[-113.9443264,50.8955064]}},{"type":"Feature","id":"osm-way-567113411","properties":{"name":"Co-op","category":"convenience","subcategory":"convenience","sourceId":"osm-overpass","osmType":"way","osmId":567113411,"sourceUrl":"https://www.openstreetmap.org/way/567113411","coordinateMethod":"Overpass bounding-box centre; not an entrance","address":null,"sourceTags":{"name":"Co-op","brand":"Federated Co-operatives","shop":"convenience"}},"geometry":{"type":"Point","coordinates":[-113.944667,50.8941243]}},{"type":"Feature","id":"osm-way-567148750","properties":{"name":"Shoppers Drug Mart","category":"healthcare","subcategory":"pharmacy","sourceId":"osm-overpass","osmType":"way","osmId":567148750,"sourceUrl":"https://www.openstreetmap.org/way/567148750","coordinateMethod":"Overpass bounding-box centre; not an entrance","address":"1436 Kensington Road NW","sourceTags":{"name":"Shoppers Drug Mart","brand":"Shoppers Drug Mart","amenity":"pharmacy","healthcare":"pharmacy","opening_hours":"Mo-Fr 08:00-22:00; Sa-Su 09:00-21:00"}},"geometry":{"type":"Point","coordinates":[-114.0936908,51.0527883]}},{"type":"Feature","id":"osm-way-568818226","properties":{"name":"Walmart Supercentre","category":"groceries","subcategory":"supermarket","sourceId":"osm-overpass","osmType":"way","osmId":568818226,"sourceUrl":"https://www.openstreetmap.org/way/568818226","coordinateMethod":"Overpass bounding-box centre; not an entrance","address":"5235 Northland Drive NW","sourceTags":{"name":"Walmart Supercentre","brand":"Walmart","shop":"supermarket"}},"geometry":{"type":"Point","coordinates":[-114.1438268,51.0970506]}},{"type":"Feature","id":"osm-way-569425329","properties":{"name":"Rexall","category":"healthcare","subcategory":"pharmacy","sourceId":"osm-overpass","osmType":"way","osmId":569425329,"sourceUrl":"https://www.openstreetmap.org/way/569425329","coordinateMethod":"Overpass bounding-box centre; not an entrance","address":"70 High Street SE","sourceTags":{"name":"Rexall","brand":"Rexall","amenity":"pharmacy","healthcare":"pharmacy","opening_hours":"Mo-Sa 09:00-22:00"}},"geometry":{"type":"Point","coordinates":[-113.9604947,50.9147356]}},{"type":"Feature","id":"osm-way-569804848","properties":{"name":"Crowchild IDA","category":"healthcare","subcategory":"pharmacy","sourceId":"osm-overpass","osmType":"way","osmId":569804848,"sourceUrl":"https://www.openstreetmap.org/way/569804848","coordinateMethod":"Overpass bounding-box centre; not an entrance","address":null,"sourceTags":{"name":"Crowchild IDA","amenity":"pharmacy","healthcare":"pharmacy"}},"geometry":{"type":"Point","coordinates":[-114.1647684,51.1038051]}},{"type":"Feature","id":"osm-way-569804861","properties":{"name":"Filipiniana Store Grocery","category":"convenience","subcategory":"convenience","sourceId":"osm-overpass","osmType":"way","osmId":569804861,"sourceUrl":"https://www.openstreetmap.org/way/569804861","coordinateMethod":"Overpass bounding-box centre; not an entrance","address":null,"sourceTags":{"name":"Filipiniana Store Grocery","shop":"convenience","opening_hours":"Mo-Sa 09:00-20:00; Su 10:00-20:00"}},"geometry":{"type":"Point","coordinates":[-114.1655578,51.1037904]}},{"type":"Feature","id":"osm-way-570368841","properties":{"name":"Shoppers Drug Mart","category":"healthcare","subcategory":"pharmacy","sourceId":"osm-overpass","osmType":"way","osmId":570368841,"sourceUrl":"https://www.openstreetmap.org/way/570368841","coordinateMethod":"Overpass bounding-box centre; not an entrance","address":"620 McKenzie Towne Drive SE","sourceTags":{"name":"Shoppers Drug Mart","brand":"Shoppers Drug Mart","amenity":"pharmacy","healthcare":"pharmacy","opening_hours":"Mo-Su 08:00-24:00","check_date:opening_hours":"2021-01-11"}},"geometry":{"type":"Point","coordinates":[-113.9536284,50.912368]}},{"type":"Feature","id":"osm-way-570371513","properties":{"name":"Pharmasave","category":"healthcare","subcategory":"pharmacy","sourceId":"osm-overpass","osmType":"way","osmId":570371513,"sourceUrl":"https://www.openstreetmap.org/way/570371513","coordinateMethod":"Overpass bounding-box centre; not an entrance","address":"15566 McIvor Boulevard SE","sourceTags":{"name":"Pharmasave","brand":"Pharmasave","amenity":"pharmacy","healthcare":"pharmacy","opening_hours":"Mo-Fr 08:00-21:00"}},"geometry":{"type":"Point","coordinates":[-113.9497339,50.9128714]}},{"type":"Feature","id":"osm-way-571094754","properties":{"name":"Lucky Supermarket","category":"groceries","subcategory":"supermarket","sourceId":"osm-overpass","osmType":"way","osmId":571094754,"sourceUrl":"https://www.openstreetmap.org/way/571094754","coordinateMethod":"Overpass bounding-box centre; not an entrance","address":"3333 Sunridge Way NE","sourceTags":{"name":"Lucky Supermarket","shop":"supermarket"}},"geometry":{"type":"Point","coordinates":[-113.9887715,51.0680355]}},{"type":"Feature","id":"osm-way-584847860","properties":{"name":"7-Eleven","category":"convenience","subcategory":"convenience","sourceId":"osm-overpass","osmType":"way","osmId":584847860,"sourceUrl":"https://www.openstreetmap.org/way/584847860","coordinateMethod":"Overpass bounding-box centre; not an entrance","address":null,"sourceTags":{"name":"7-Eleven","brand":"7-Eleven","shop":"convenience"}},"geometry":{"type":"Point","coordinates":[-113.9644277,51.1120208]}},{"type":"Feature","id":"osm-way-586685823","properties":{"name":"Kimmer Country Market","category":"convenience","subcategory":"convenience","sourceId":"osm-overpass","osmType":"way","osmId":586685823,"sourceUrl":"https://www.openstreetmap.org/way/586685823","coordinateMethod":"Overpass bounding-box centre; not an entrance","address":null,"sourceTags":{"name":"Kimmer Country Market","shop":"convenience"}},"geometry":{"type":"Point","coordinates":[-113.9999483,50.8349327]}},{"type":"Feature","id":"osm-way-642316754","properties":{"name":"Association for the Rehabilitation of the Brain Injured","category":"healthcare","subcategory":"clinic","sourceId":"osm-overpass","osmType":"way","osmId":642316754,"sourceUrl":"https://www.openstreetmap.org/way/642316754","coordinateMethod":"Overpass bounding-box centre; not an entrance","address":"3412 Spruce Drive SW","sourceTags":{"name":"Association for the Rehabilitation of the Brain Injured","healthcare":"clinic","opening_hours":"Mo-Fr 08:30-16:30"}},"geometry":{"type":"Point","coordinates":[-114.1354443,51.050296]}},{"type":"Feature","id":"osm-way-648058721","properties":{"name":"Calgary Co-op","category":"groceries","subcategory":"supermarket","sourceId":"osm-overpass","osmType":"way","osmId":648058721,"sourceUrl":"https://www.openstreetmap.org/way/648058721","coordinateMethod":"Overpass bounding-box centre; not an entrance","address":"4122 Brentwood Road NW","sourceTags":{"name":"Calgary Co-op","brand":"Calgary Co-op","shop":"supermarket","opening_hours":"Mo-Su 08:00-22:00"}},"geometry":{"type":"Point","coordinates":[-114.1308335,51.0883457]}},{"type":"Feature","id":"osm-way-669624435","properties":{"name":"7-Eleven","category":"convenience","subcategory":"convenience","sourceId":"osm-overpass","osmType":"way","osmId":669624435,"sourceUrl":"https://www.openstreetmap.org/way/669624435","coordinateMethod":"Overpass bounding-box centre; not an entrance","address":"2923 26 Avenue SW","sourceTags":{"name":"7-Eleven","brand":"7-Eleven","shop":"convenience","opening_hours":"Mo-Su,PH 00:00-00:00"}},"geometry":{"type":"Point","coordinates":[-114.1291574,51.0297609]}},{"type":"Feature","id":"osm-way-689198722","properties":{"name":"Shell","category":"convenience","subcategory":"convenience","sourceId":"osm-overpass","osmType":"way","osmId":689198722,"sourceUrl":"https://www.openstreetmap.org/way/689198722","coordinateMethod":"Overpass bounding-box centre; not an entrance","address":"282 Aviation Boulevard NE","sourceTags":{"name":"Shell","brand":"Shell","shop":"convenience","opening_hours":"24/7"}},"geometry":{"type":"Point","coordinates":[-114.032085,51.0979756]}},{"type":"Feature","id":"osm-way-720077455","properties":{"name":"Chevron","category":"convenience","subcategory":"convenience","sourceId":"osm-overpass","osmType":"way","osmId":720077455,"sourceUrl":"https://www.openstreetmap.org/way/720077455","coordinateMethod":"Overpass bounding-box centre; not an entrance","address":null,"sourceTags":{"name":"Chevron","brand":"Chevron","shop":"convenience"}},"geometry":{"type":"Point","coordinates":[-113.9774415,50.9571123]}},{"type":"Feature","id":"osm-way-721062083","properties":{"name":null,"category":"convenience","subcategory":"convenience","sourceId":"osm-overpass","osmType":"way","osmId":721062083,"sourceUrl":"https://www.openstreetmap.org/way/721062083","coordinateMethod":"Overpass bounding-box centre; not an entrance","address":"3623 Macleod Trail SW","sourceTags":{"shop":"convenience"}},"geometry":{"type":"Point","coordinates":[-114.0603486,51.0224353]}},{"type":"Feature","id":"osm-way-745535333","properties":{"name":"7-Eleven","category":"convenience","subcategory":"convenience","sourceId":"osm-overpass","osmType":"way","osmId":745535333,"sourceUrl":"https://www.openstreetmap.org/way/745535333","coordinateMethod":"Overpass bounding-box centre; not an entrance","address":null,"sourceTags":{"name":"7-Eleven","brand":"7-Eleven","shop":"convenience"}},"geometry":{"type":"Point","coordinates":[-114.0784467,51.1105504]}},{"type":"Feature","id":"osm-way-770536548","properties":{"name":"7-Eleven","category":"convenience","subcategory":"convenience","sourceId":"osm-overpass","osmType":"way","osmId":770536548,"sourceUrl":"https://www.openstreetmap.org/way/770536548","coordinateMethod":"Overpass bounding-box centre; not an entrance","address":"2619 14 Street SW","sourceTags":{"name":"7-Eleven","brand":"7-Eleven","shop":"convenience","opening_hours":"Mo-Th 06:00-23:00; Fr-Su 06:00-24:00"}},"geometry":{"type":"Point","coordinates":[-114.0951927,51.0307851]}},{"type":"Feature","id":"osm-way-779597659","properties":{"name":null,"category":"healthcare","subcategory":"clinic","sourceId":"osm-overpass","osmType":"way","osmId":779597659,"sourceUrl":"https://www.openstreetmap.org/way/779597659","coordinateMethod":"Overpass bounding-box centre; not an entrance","address":null,"sourceTags":{"amenity":"clinic"}},"geometry":{"type":"Point","coordinates":[-114.0387911,51.0663572]}},{"type":"Feature","id":"osm-way-781622247","properties":{"name":"Save-On-Foods","category":"groceries","subcategory":"supermarket","sourceId":"osm-overpass","osmType":"way","osmId":781622247,"sourceUrl":"https://www.openstreetmap.org/way/781622247","coordinateMethod":"Overpass bounding-box centre; not an entrance","address":"420 Na'a Plaza SW","sourceTags":{"name":"Save-On-Foods","brand":"Save-On-Foods","shop":"supermarket"}},"geometry":{"type":"Point","coordinates":[-114.1967007,51.0797407]}},{"type":"Feature","id":"osm-way-800132379","properties":{"name":"Shell Select","category":"convenience","subcategory":"convenience","sourceId":"osm-overpass","osmType":"way","osmId":800132379,"sourceUrl":"https://www.openstreetmap.org/way/800132379","coordinateMethod":"Overpass bounding-box centre; not an entrance","address":"505 10 Street NW","sourceTags":{"name":"Shell Select","brand":"Shell Select","shop":"convenience","opening_hours":"24/7"}},"geometry":{"type":"Point","coordinates":[-114.0864035,51.0568315]}},{"type":"Feature","id":"osm-way-801370997","properties":{"name":null,"category":"convenience","subcategory":"convenience","sourceId":"osm-overpass","osmType":"way","osmId":801370997,"sourceUrl":"https://www.openstreetmap.org/way/801370997","coordinateMethod":"Overpass bounding-box centre; not an entrance","address":"2807 17 Avenue SW","sourceTags":{"shop":"convenience"}},"geometry":{"type":"Point","coordinates":[-114.1278771,51.037642]}},{"type":"Feature","id":"osm-way-807168082","properties":{"name":"Maple Leaf Food Market","category":"convenience","subcategory":"convenience","sourceId":"osm-overpass","osmType":"way","osmId":807168082,"sourceUrl":"https://www.openstreetmap.org/way/807168082","coordinateMethod":"Overpass bounding-box centre; not an entrance","address":"2639 17 Avenue SW","sourceTags":{"name":"Maple Leaf Food Market","shop":"convenience"}},"geometry":{"type":"Point","coordinates":[-114.1234746,51.0375918]}},{"type":"Feature","id":"osm-way-820441153","properties":{"name":"Hope Medicare Clinic","category":"healthcare","subcategory":"clinic","sourceId":"osm-overpass","osmType":"way","osmId":820441153,"sourceUrl":"https://www.openstreetmap.org/way/820441153","coordinateMethod":"Overpass bounding-box centre; not an entrance","address":"3705 26 Avenue NE","sourceTags":{"name":"Hope Medicare Clinic","amenity":"clinic","healthcare":"clinic"}},"geometry":{"type":"Point","coordinates":[-113.9812158,51.0774292]}},{"type":"Feature","id":"osm-way-820454987","properties":{"name":"7-Eleven","category":"convenience","subcategory":"convenience","sourceId":"osm-overpass","osmType":"way","osmId":820454987,"sourceUrl":"https://www.openstreetmap.org/way/820454987","coordinateMethod":"Overpass bounding-box centre; not an entrance","address":null,"sourceTags":{"name":"7-Eleven","brand":"7-Eleven","shop":"convenience"}},"geometry":{"type":"Point","coordinates":[-114.1328122,51.1756587]}},{"type":"Feature","id":"osm-way-848168756","properties":{"name":"Riley Park Health Centre","category":"healthcare","subcategory":"clinic","sourceId":"osm-overpass","osmType":"way","osmId":848168756,"sourceUrl":"https://www.openstreetmap.org/way/848168756","coordinateMethod":"Overpass bounding-box centre; not an entrance","address":null,"sourceTags":{"name":"Riley Park Health Centre","amenity":"clinic","healthcare":"clinic"}},"geometry":{"type":"Point","coordinates":[-114.0932901,51.06025]}},{"type":"Feature","id":"osm-way-857463365","properties":{"name":null,"category":"convenience","subcategory":"convenience","sourceId":"osm-overpass","osmType":"way","osmId":857463365,"sourceUrl":"https://www.openstreetmap.org/way/857463365","coordinateMethod":"Overpass bounding-box centre; not an entrance","address":null,"sourceTags":{"shop":"convenience"}},"geometry":{"type":"Point","coordinates":[-113.9804204,50.9727841]}},{"type":"Feature","id":"osm-way-904623791","properties":{"name":"Co-op","category":"convenience","subcategory":"convenience","sourceId":"osm-overpass","osmType":"way","osmId":904623791,"sourceUrl":"https://www.openstreetmap.org/way/904623791","coordinateMethod":"Overpass bounding-box centre; not an entrance","address":"6905 Macleod Trail S","sourceTags":{"name":"Co-op","brand":"Federated Co-operatives","shop":"convenience"}},"geometry":{"type":"Point","coordinates":[-114.0728101,50.991888]}},{"type":"Feature","id":"osm-way-938569218","properties":{"name":"Preventous Collaborative Heatlh","category":"healthcare","subcategory":"clinic","sourceId":"osm-overpass","osmType":"way","osmId":938569218,"sourceUrl":"https://www.openstreetmap.org/way/938569218","coordinateMethod":"Overpass bounding-box centre; not an entrance","address":"1635 17 Avenue SW","sourceTags":{"name":"Preventous Collaborative Heatlh","amenity":"clinic","healthcare":"clinic","opening_hours":"Mo 08:00-18:00; Tu-We 08:00-17:00; Th 08:00-18:00; Fr 08:00-17:00; Sa 09:00-13:00; Su, PH off"}},"geometry":{"type":"Point","coordinates":[-114.0998167,51.0375947]}},{"type":"Feature","id":"osm-way-949549351","properties":{"name":"7-Eleven","category":"convenience","subcategory":"convenience","sourceId":"osm-overpass","osmType":"way","osmId":949549351,"sourceUrl":"https://www.openstreetmap.org/way/949549351","coordinateMethod":"Overpass bounding-box centre; not an entrance","address":"5003 Centre Street N","sourceTags":{"name":"7-Eleven","brand":"7-Eleven","shop":"convenience","opening_hours":"Mo-Su,PH 00:00+"}},"geometry":{"type":"Point","coordinates":[-114.0628681,51.0964684]}},{"type":"Feature","id":"osm-way-949881803","properties":{"name":"Circle K","category":"convenience","subcategory":"convenience","sourceId":"osm-overpass","osmType":"way","osmId":949881803,"sourceUrl":"https://www.openstreetmap.org/way/949881803","coordinateMethod":"Overpass bounding-box centre; not an entrance","address":"8286 Centre Street N","sourceTags":{"name":"Circle K","brand":"Circle K","shop":"convenience","opening_hours":"Mo-Su 00:00-00:00"}},"geometry":{"type":"Point","coordinates":[-114.0708644,51.1284903]}},{"type":"Feature","id":"osm-way-973181699","properties":{"name":null,"category":"convenience","subcategory":"convenience","sourceId":"osm-overpass","osmType":"way","osmId":973181699,"sourceUrl":"https://www.openstreetmap.org/way/973181699","coordinateMethod":"Overpass bounding-box centre; not an entrance","address":null,"sourceTags":{"shop":"convenience"}},"geometry":{"type":"Point","coordinates":[-114.1630005,51.157915]}},{"type":"Feature","id":"osm-way-988110496","properties":{"name":"Little Green Mart","category":"convenience","subcategory":"convenience","sourceId":"osm-overpass","osmType":"way","osmId":988110496,"sourceUrl":"https://www.openstreetmap.org/way/988110496","coordinateMethod":"Overpass bounding-box centre; not an entrance","address":"2718 17 Street SW","sourceTags":{"name":"Little Green Mart","shop":"convenience","opening_hours":"Mo-Su 08:00-21:00"}},"geometry":{"type":"Point","coordinates":[-114.1018334,51.029649]}},{"type":"Feature","id":"osm-way-1005419040","properties":{"name":"7-Eleven","category":"convenience","subcategory":"convenience","sourceId":"osm-overpass","osmType":"way","osmId":1005419040,"sourceUrl":"https://www.openstreetmap.org/way/1005419040","coordinateMethod":"Overpass bounding-box centre; not an entrance","address":null,"sourceTags":{"name":"7-Eleven","brand":"7-Eleven","shop":"convenience"}},"geometry":{"type":"Point","coordinates":[-113.9686299,50.8682076]}},{"type":"Feature","id":"osm-way-1039418768","properties":{"name":null,"category":"healthcare","subcategory":"pharmacy","sourceId":"osm-overpass","osmType":"way","osmId":1039418768,"sourceUrl":"https://www.openstreetmap.org/way/1039418768","coordinateMethod":"Overpass bounding-box centre; not an entrance","address":null,"sourceTags":{"amenity":"pharmacy","healthcare":"pharmacy"}},"geometry":{"type":"Point","coordinates":[-113.9804041,51.0707934]}},{"type":"Feature","id":"osm-way-1040332995","properties":{"name":"Richmond Road Diagnostic and Treatment Centre","category":"healthcare","subcategory":"clinic","sourceId":"osm-overpass","osmType":"way","osmId":1040332995,"sourceUrl":"https://www.openstreetmap.org/way/1040332995","coordinateMethod":"Overpass bounding-box centre; not an entrance","address":"1820 Richmond Road SW","sourceTags":{"name":"Richmond Road Diagnostic and Treatment Centre","amenity":"clinic","healthcare":"clinic"}},"geometry":{"type":"Point","coordinates":[-114.1096042,51.0365502]}},{"type":"Feature","id":"osm-way-1074996844","properties":{"name":"Sobeys","category":"groceries","subcategory":"supermarket","sourceId":"osm-overpass","osmType":"way","osmId":1074996844,"sourceUrl":"https://www.openstreetmap.org/way/1074996844","coordinateMethod":"Overpass bounding-box centre; not an entrance","address":null,"sourceTags":{"name":"Sobeys","brand":"Sobeys","shop":"supermarket"}},"geometry":{"type":"Point","coordinates":[-114.2486203,51.1247775]}},{"type":"Feature","id":"osm-way-1120698659","properties":{"name":"7-Eleven","category":"convenience","subcategory":"convenience","sourceId":"osm-overpass","osmType":"way","osmId":1120698659,"sourceUrl":"https://www.openstreetmap.org/way/1120698659","coordinateMethod":"Overpass bounding-box centre; not an entrance","address":null,"sourceTags":{"name":"7-Eleven","brand":"7-Eleven","shop":"convenience"}},"geometry":{"type":"Point","coordinates":[-114.1171983,51.057523]}},{"type":"Feature","id":"osm-way-1122762423","properties":{"name":"Cana Convenience","category":"convenience","subcategory":"convenience","sourceId":"osm-overpass","osmType":"way","osmId":1122762423,"sourceUrl":"https://www.openstreetmap.org/way/1122762423","coordinateMethod":"Overpass bounding-box centre; not an entrance","address":"730 Edmonton Trail NE","sourceTags":{"name":"Cana Convenience","shop":"convenience","opening_hours":"Mo-Su 07:00-23:00","check_date":"2024-01-28"}},"geometry":{"type":"Point","coordinates":[-114.0540424,51.0582745]}},{"type":"Feature","id":"osm-way-1145002255","properties":{"name":"7-Eleven","category":"convenience","subcategory":"convenience","sourceId":"osm-overpass","osmType":"way","osmId":1145002255,"sourceUrl":"https://www.openstreetmap.org/way/1145002255","coordinateMethod":"Overpass bounding-box centre; not an entrance","address":null,"sourceTags":{"name":"7-Eleven","brand":"7-Eleven","shop":"convenience"}},"geometry":{"type":"Point","coordinates":[-114.1537596,51.0904147]}},{"type":"Feature","id":"osm-way-1167364225","properties":{"name":"7-Eleven","category":"convenience","subcategory":"convenience","sourceId":"osm-overpass","osmType":"way","osmId":1167364225,"sourceUrl":"https://www.openstreetmap.org/way/1167364225","coordinateMethod":"Overpass bounding-box centre; not an entrance","address":"35 Edenwold Drive NW","sourceTags":{"name":"7-Eleven","brand":"7-Eleven","shop":"convenience","opening_hours":"24/7"}},"geometry":{"type":"Point","coordinates":[-114.139258,51.1272888]}},{"type":"Feature","id":"osm-way-1185580247","properties":{"name":"Braeside on 24th Medical Walk-in Clinic","category":"healthcare","subcategory":"clinic","sourceId":"osm-overpass","osmType":"way","osmId":1185580247,"sourceUrl":"https://www.openstreetmap.org/way/1185580247","coordinateMethod":"Overpass bounding-box centre; not an entrance","address":"11458 Braeside Drive SW","sourceTags":{"name":"Braeside on 24th Medical Walk-in Clinic","amenity":"clinic","healthcare":"clinic","healthcare:speciality":"general"}},"geometry":{"type":"Point","coordinates":[-114.1166508,50.9539052]}},{"type":"Feature","id":"osm-way-1227499881","properties":{"name":"UFA","category":"convenience","subcategory":"convenience","sourceId":"osm-overpass","osmType":"way","osmId":1227499881,"sourceUrl":"https://www.openstreetmap.org/way/1227499881","coordinateMethod":"Overpass bounding-box centre; not an entrance","address":null,"sourceTags":{"name":"UFA","brand":"UFA","shop":"convenience"}},"geometry":{"type":"Point","coordinates":[-113.9993629,51.0571115]}},{"type":"Feature","id":"osm-way-1230984707","properties":{"name":null,"category":"healthcare","subcategory":"clinic","sourceId":"osm-overpass","osmType":"way","osmId":1230984707,"sourceUrl":"https://www.openstreetmap.org/way/1230984707","coordinateMethod":"Overpass bounding-box centre; not an entrance","address":null,"sourceTags":{"amenity":"clinic","healthcare":"clinic"}},"geometry":{"type":"Point","coordinates":[-114.1186742,50.962987]}},{"type":"Feature","id":"osm-way-1246082344","properties":{"name":"7-Eleven","category":"convenience","subcategory":"convenience","sourceId":"osm-overpass","osmType":"way","osmId":1246082344,"sourceUrl":"https://www.openstreetmap.org/way/1246082344","coordinateMethod":"Overpass bounding-box centre; not an entrance","address":null,"sourceTags":{"name":"7-Eleven","brand":"7-Eleven","shop":"convenience"}},"geometry":{"type":"Point","coordinates":[-114.0033504,51.0080562]}},{"type":"Feature","id":"osm-way-1257279243","properties":{"name":"The Doctor's Office","category":"healthcare","subcategory":"doctors","sourceId":"osm-overpass","osmType":"way","osmId":1257279243,"sourceUrl":"https://www.openstreetmap.org/way/1257279243","coordinateMethod":"Overpass bounding-box centre; not an entrance","address":null,"sourceTags":{"name":"The Doctor's Office","amenity":"doctors","healthcare":"doctor"}},"geometry":{"type":"Point","coordinates":[-114.1617912,51.157647]}},{"type":"Feature","id":"osm-way-1257645751","properties":{"name":"Medicentres","category":"healthcare","subcategory":"clinic","sourceId":"osm-overpass","osmType":"way","osmId":1257645751,"sourceUrl":"https://www.openstreetmap.org/way/1257645751","coordinateMethod":"Overpass bounding-box centre; not an entrance","address":null,"sourceTags":{"name":"Medicentres","amenity":"clinic","healthcare":"clinic"}},"geometry":{"type":"Point","coordinates":[-114.1590032,51.1373562]}},{"type":"Feature","id":"osm-way-1270773384","properties":{"name":"Shoppers Drug Mart","category":"healthcare","subcategory":"pharmacy","sourceId":"osm-overpass","osmType":"way","osmId":1270773384,"sourceUrl":"https://www.openstreetmap.org/way/1270773384","coordinateMethod":"Overpass bounding-box centre; not an entrance","address":null,"sourceTags":{"name":"Shoppers Drug Mart","brand":"Shoppers Drug Mart","amenity":"pharmacy","healthcare":"pharmacy"}},"geometry":{"type":"Point","coordinates":[-113.9412156,51.1559041]}},{"type":"Feature","id":"osm-way-1270773386","properties":{"name":"FreshCo","category":"groceries","subcategory":"supermarket","sourceId":"osm-overpass","osmType":"way","osmId":1270773386,"sourceUrl":"https://www.openstreetmap.org/way/1270773386","coordinateMethod":"Overpass bounding-box centre; not an entrance","address":null,"sourceTags":{"name":"FreshCo","brand":"FreshCo","shop":"supermarket"}},"geometry":{"type":"Point","coordinates":[-113.9392908,51.1559761]}},{"type":"Feature","id":"osm-way-1297628088","properties":{"name":null,"category":"convenience","subcategory":"convenience","sourceId":"osm-overpass","osmType":"way","osmId":1297628088,"sourceUrl":"https://www.openstreetmap.org/way/1297628088","coordinateMethod":"Overpass bounding-box centre; not an entrance","address":"5898 Weaselhead Road","sourceTags":{"shop":"convenience"}},"geometry":{"type":"Point","coordinates":[-114.1589546,51.0014918]}},{"type":"Feature","id":"osm-way-1320477449","properties":{"name":"Petro-Canada","category":"convenience","subcategory":"convenience","sourceId":"osm-overpass","osmType":"way","osmId":1320477449,"sourceUrl":"https://www.openstreetmap.org/way/1320477449","coordinateMethod":"Overpass bounding-box centre; not an entrance","address":null,"sourceTags":{"name":"Petro-Canada","brand":"Petro-Canada","shop":"convenience"}},"geometry":{"type":"Point","coordinates":[-114.2084529,51.084107]}},{"type":"Feature","id":"osm-way-1334641823","properties":{"name":"Shell","category":"convenience","subcategory":"convenience","sourceId":"osm-overpass","osmType":"way","osmId":1334641823,"sourceUrl":"https://www.openstreetmap.org/way/1334641823","coordinateMethod":"Overpass bounding-box centre; not an entrance","address":"8435 Bowfort Road NW","sourceTags":{"name":"Shell","brand":"Shell","shop":"convenience"}},"geometry":{"type":"Point","coordinates":[-114.2094738,51.0843217]}},{"type":"Feature","id":"osm-way-1336747283","properties":{"name":"Sunterra Market","category":"groceries","subcategory":"supermarket","sourceId":"osm-overpass","osmType":"way","osmId":1336747283,"sourceUrl":"https://www.openstreetmap.org/way/1336747283","coordinateMethod":"Overpass bounding-box centre; not an entrance","address":"2536 Kensington Road NW","sourceTags":{"name":"Sunterra Market","shop":"supermarket","opening_hours":"Mo-Fr 06:30-21:00"}},"geometry":{"type":"Point","coordinates":[-114.119614,51.0527249]}},{"type":"Feature","id":"osm-way-1337600696","properties":{"name":"Shell","category":"convenience","subcategory":"convenience","sourceId":"osm-overpass","osmType":"way","osmId":1337600696,"sourceUrl":"https://www.openstreetmap.org/way/1337600696","coordinateMethod":"Overpass bounding-box centre; not an entrance","address":null,"sourceTags":{"name":"Shell","brand":"Shell","shop":"convenience"}},"geometry":{"type":"Point","coordinates":[-114.1627963,51.0709976]}},{"type":"Feature","id":"osm-way-1337600697","properties":{"name":"Co-op","category":"convenience","subcategory":"convenience","sourceId":"osm-overpass","osmType":"way","osmId":1337600697,"sourceUrl":"https://www.openstreetmap.org/way/1337600697","coordinateMethod":"Overpass bounding-box centre; not an entrance","address":null,"sourceTags":{"name":"Co-op","brand":"Federated Co-operatives","shop":"convenience"}},"geometry":{"type":"Point","coordinates":[-114.1613914,51.0708614]}},{"type":"Feature","id":"osm-way-1337600731","properties":{"name":"On the Run","category":"convenience","subcategory":"convenience","sourceId":"osm-overpass","osmType":"way","osmId":1337600731,"sourceUrl":"https://www.openstreetmap.org/way/1337600731","coordinateMethod":"Overpass bounding-box centre; not an entrance","address":"4639 Bowness Road NW","sourceTags":{"name":"On the Run","brand":"On the Run","shop":"convenience"}},"geometry":{"type":"Point","coordinates":[-114.160522,51.0720456]}},{"type":"Feature","id":"osm-way-1337601172","properties":{"name":"7-Eleven","category":"convenience","subcategory":"convenience","sourceId":"osm-overpass","osmType":"way","osmId":1337601172,"sourceUrl":"https://www.openstreetmap.org/way/1337601172","coordinateMethod":"Overpass bounding-box centre; not an entrance","address":null,"sourceTags":{"name":"7-Eleven","brand":"7-Eleven","shop":"convenience"}},"geometry":{"type":"Point","coordinates":[-114.158697,51.0690561]}},{"type":"Feature","id":"osm-way-1338787624","properties":{"name":"Safeway","category":"groceries","subcategory":"supermarket","sourceId":"osm-overpass","osmType":"way","osmId":1338787624,"sourceUrl":"https://www.openstreetmap.org/way/1338787624","coordinateMethod":"Overpass bounding-box centre; not an entrance","address":"1818 Centre Street N","sourceTags":{"name":"Safeway","brand":"Safeway","shop":"supermarket","opening_hours":"Mo-Su 08:00-23:00","check_date":"2025-11-11"}},"geometry":{"type":"Point","coordinates":[-114.0609944,51.0683382]}},{"type":"Feature","id":"osm-way-1339389148","properties":{"name":"Food Fare K","category":"convenience","subcategory":"convenience","sourceId":"osm-overpass","osmType":"way","osmId":1339389148,"sourceUrl":"https://www.openstreetmap.org/way/1339389148","coordinateMethod":"Overpass bounding-box centre; not an entrance","address":"2610 4 Street NW","sourceTags":{"name":"Food Fare K","shop":"convenience","opening_hours":"Mo-Fr 09:00-19:00; Sa 10:00-19:00"}},"geometry":{"type":"Point","coordinates":[-114.0712108,51.075479]}},{"type":"Feature","id":"osm-way-1340199554","properties":{"name":"The Cody Clinic","category":"healthcare","subcategory":"clinic","sourceId":"osm-overpass","osmType":"way","osmId":1340199554,"sourceUrl":"https://www.openstreetmap.org/way/1340199554","coordinateMethod":"Overpass bounding-box centre; not an entrance","address":"1926 20 Avenue NW","sourceTags":{"name":"The Cody Clinic","healthcare":"clinic","opening_hours":"Mo-Th 09:00-16:00; Fr 09:00-12:00","check_date":"2025-08-10"}},"geometry":{"type":"Point","coordinates":[-114.1059283,51.0709143]}},{"type":"Feature","id":"osm-way-1343615768","properties":{"name":"Calgary Co-op Gas Bar","category":"convenience","subcategory":"convenience","sourceId":"osm-overpass","osmType":"way","osmId":1343615768,"sourceUrl":"https://www.openstreetmap.org/way/1343615768","coordinateMethod":"Overpass bounding-box centre; not an entrance","address":null,"sourceTags":{"name":"Calgary Co-op Gas Bar","shop":"convenience"}},"geometry":{"type":"Point","coordinates":[-114.0706904,50.9741137]}},{"type":"Feature","id":"osm-way-1343629649","properties":{"name":"Calgary Co-op Forest Lawn Food Centre","category":"groceries","subcategory":"supermarket","sourceId":"osm-overpass","osmType":"way","osmId":1343629649,"sourceUrl":"https://www.openstreetmap.org/way/1343629649","coordinateMethod":"Overpass bounding-box centre; not an entrance","address":"3330 17 Avenue SE","sourceTags":{"name":"Calgary Co-op Forest Lawn Food Centre","shop":"supermarket","opening_hours":"Mo - Su 08:00-22:00"}},"geometry":{"type":"Point","coordinates":[-113.9880793,51.0389068]}},{"type":"Feature","id":"osm-way-1346803081","properties":{"name":"Community Natural Foods","category":"groceries","subcategory":"supermarket","sourceId":"osm-overpass","osmType":"way","osmId":1346803081,"sourceUrl":"https://www.openstreetmap.org/way/1346803081","coordinateMethod":"Overpass bounding-box centre; not an entrance","address":"202 61 Avenue SW","sourceTags":{"name":"Community Natural Foods","shop":"supermarket","opening_hours":"Mo-Sa 09:00-21:00; Su 09:00-19:00"}},"geometry":{"type":"Point","coordinates":[-114.0661794,50.9984277]}},{"type":"Feature","id":"osm-way-1347484437","properties":{"name":"E-mart","category":"groceries","subcategory":"supermarket","sourceId":"osm-overpass","osmType":"way","osmId":1347484437,"sourceUrl":"https://www.openstreetmap.org/way/1347484437","coordinateMethod":"Overpass bounding-box centre; not an entrance","address":"3702 17 Avenue SW","sourceTags":{"name":"E-mart","shop":"supermarket","opening_hours":"Mo-Su 09:00-21:00"}},"geometry":{"type":"Point","coordinates":[-114.1395213,51.038525]}},{"type":"Feature","id":"osm-way-1347892874","properties":{"name":null,"category":"convenience","subcategory":"convenience","sourceId":"osm-overpass","osmType":"way","osmId":1347892874,"sourceUrl":"https://www.openstreetmap.org/way/1347892874","coordinateMethod":"Overpass bounding-box centre; not an entrance","address":null,"sourceTags":{"shop":"convenience"}},"geometry":{"type":"Point","coordinates":[-114.157369,51.0191116]}},{"type":"Feature","id":"osm-way-1349605132","properties":{"name":"Avenue Health","category":"healthcare","subcategory":"clinic","sourceId":"osm-overpass","osmType":"way","osmId":1349605132,"sourceUrl":"https://www.openstreetmap.org/way/1349605132","coordinateMethod":"Overpass bounding-box centre; not an entrance","address":"55 Christie Point SW","sourceTags":{"name":"Avenue Health","amenity":"clinic","healthcare":"clinic","opening_hours":"Mo-Th 09:00-16:00; Fr 09:00-15:00; Sa-Su off"}},"geometry":{"type":"Point","coordinates":[-114.1787302,51.0375597]}},{"type":"Feature","id":"osm-way-1350753153","properties":{"name":null,"category":"healthcare","subcategory":"pharmacy","sourceId":"osm-overpass","osmType":"way","osmId":1350753153,"sourceUrl":"https://www.openstreetmap.org/way/1350753153","coordinateMethod":"Overpass bounding-box centre; not an entrance","address":null,"sourceTags":{"amenity":"pharmacy","healthcare":"pharmacy"}},"geometry":{"type":"Point","coordinates":[-114.1322005,51.0380841]}},{"type":"Feature","id":"osm-way-1353208731","properties":{"name":"7-Eleven","category":"convenience","subcategory":"convenience","sourceId":"osm-overpass","osmType":"way","osmId":1353208731,"sourceUrl":"https://www.openstreetmap.org/way/1353208731","coordinateMethod":"Overpass bounding-box centre; not an entrance","address":"6815 Macleod Trail SW","sourceTags":{"name":"7-Eleven","brand":"7-Eleven","shop":"convenience"}},"geometry":{"type":"Point","coordinates":[-114.0723459,50.9926121]}},{"type":"Feature","id":"osm-way-1355369245","properties":{"name":"Alberta Corner Store","category":"convenience","subcategory":"convenience","sourceId":"osm-overpass","osmType":"way","osmId":1355369245,"sourceUrl":"https://www.openstreetmap.org/way/1355369245","coordinateMethod":"Overpass bounding-box centre; not an entrance","address":"922 19 Avenue SE","sourceTags":{"name":"Alberta Corner Store","shop":"convenience"}},"geometry":{"type":"Point","coordinates":[-114.0399316,51.0363621]}},{"type":"Feature","id":"osm-way-1356353764","properties":{"name":"Calgary Co-op Rocky Ridge Food Centre","category":"groceries","subcategory":"supermarket","sourceId":"osm-overpass","osmType":"way","osmId":1356353764,"sourceUrl":"https://www.openstreetmap.org/way/1356353764","coordinateMethod":"Overpass bounding-box centre; not an entrance","address":"11595 Rockyvalley Drive NW","sourceTags":{"name":"Calgary Co-op Rocky Ridge Food Centre","brand":"Federated Co-operatives","shop":"supermarket","opening_hours":"Mo-Su 08:00-22:00"}},"geometry":{"type":"Point","coordinates":[-114.256346,51.1471292]}},{"type":"Feature","id":"osm-way-1358293836","properties":{"name":"Blush Lane Organic Market","category":"groceries","subcategory":"supermarket","sourceId":"osm-overpass","osmType":"way","osmId":1358293836,"sourceUrl":"https://www.openstreetmap.org/way/1358293836","coordinateMethod":"Overpass bounding-box centre; not an entrance","address":null,"sourceTags":{"name":"Blush Lane Organic Market","shop":"supermarket","opening_hours":"Mo-Su 09:00-21:00"}},"geometry":{"type":"Point","coordinates":[-114.213393,51.0412733]}},{"type":"Feature","id":"osm-way-1358522940","properties":{"name":"Safeway","category":"groceries","subcategory":"supermarket","sourceId":"osm-overpass","osmType":"way","osmId":1358522940,"sourceUrl":"https://www.openstreetmap.org/way/1358522940","coordinateMethod":"Overpass bounding-box centre; not an entrance","address":"375 Aspen Glen Landing SW","sourceTags":{"name":"Safeway","brand":"Safeway","shop":"supermarket","opening_hours":"Mo-Su 07:00-22:00"}},"geometry":{"type":"Point","coordinates":[-114.2088605,51.0410148]}},{"type":"Feature","id":"osm-way-1358523139","properties":{"name":"Shoppers Drug Mart","category":"healthcare","subcategory":"pharmacy","sourceId":"osm-overpass","osmType":"way","osmId":1358523139,"sourceUrl":"https://www.openstreetmap.org/way/1358523139","coordinateMethod":"Overpass bounding-box centre; not an entrance","address":"210 Aspen Glen Landing SW","sourceTags":{"name":"Shoppers Drug Mart","brand":"Shoppers Drug Mart","amenity":"pharmacy","healthcare":"pharmacy","opening_hours":"Mo-Su,PH 08:00-24:00"}},"geometry":{"type":"Point","coordinates":[-114.2055098,51.038865]}},{"type":"Feature","id":"osm-way-1359890861","properties":{"name":"No Frills","category":"groceries","subcategory":"supermarket","sourceId":"osm-overpass","osmType":"way","osmId":1359890861,"sourceUrl":"https://www.openstreetmap.org/way/1359890861","coordinateMethod":"Overpass bounding-box centre; not an entrance","address":"135 Carrington Plaza NW","sourceTags":{"name":"No Frills","brand":"No Frills","shop":"supermarket","opening_hours":"Mo-Su 08:00-22:00"}},"geometry":{"type":"Point","coordinates":[-114.0937824,51.1832365]}},{"type":"Feature","id":"osm-way-1359893775","properties":{"name":"Shell","category":"convenience","subcategory":"convenience","sourceId":"osm-overpass","osmType":"way","osmId":1359893775,"sourceUrl":"https://www.openstreetmap.org/way/1359893775","coordinateMethod":"Overpass bounding-box centre; not an entrance","address":null,"sourceTags":{"name":"Shell","brand":"Shell","shop":"convenience"}},"geometry":{"type":"Point","coordinates":[-114.0940085,51.1822933]}},{"type":"Feature","id":"osm-way-1360288380","properties":{"name":"Shoppers Drug Mart","category":"healthcare","subcategory":"pharmacy","sourceId":"osm-overpass","osmType":"way","osmId":1360288380,"sourceUrl":"https://www.openstreetmap.org/way/1360288380","coordinateMethod":"Overpass bounding-box centre; not an entrance","address":"873 85 Street SW","sourceTags":{"name":"Shoppers Drug Mart","brand":"Shoppers Drug Mart","amenity":"pharmacy","healthcare":"pharmacy"}},"geometry":{"type":"Point","coordinates":[-114.2127464,51.0603859]}},{"type":"Feature","id":"osm-way-1360288391","properties":{"name":"Calgary Co-op West Springs Convenience Store","category":"convenience","subcategory":"convenience","sourceId":"osm-overpass","osmType":"way","osmId":1360288391,"sourceUrl":"https://www.openstreetmap.org/way/1360288391","coordinateMethod":"Overpass bounding-box centre; not an entrance","address":"917 85 Street SW","sourceTags":{"name":"Calgary Co-op West Springs Convenience Store","shop":"convenience"}},"geometry":{"type":"Point","coordinates":[-114.2115217,51.0594205]}},{"type":"Feature","id":"osm-way-1360288398","properties":{"name":"Calgary Co-op West Springs Food Centre","category":"groceries","subcategory":"supermarket","sourceId":"osm-overpass","osmType":"way","osmId":1360288398,"sourceUrl":"https://www.openstreetmap.org/way/1360288398","coordinateMethod":"Overpass bounding-box centre; not an entrance","address":"917 85 Street SW","sourceTags":{"name":"Calgary Co-op West Springs Food Centre","shop":"supermarket","opening_hours":"Mo-Su 08:00-22:00"}},"geometry":{"type":"Point","coordinates":[-114.2127856,51.0584008]}},{"type":"Feature","id":"osm-way-1360288429","properties":{"name":"No Frills","category":"groceries","subcategory":"supermarket","sourceId":"osm-overpass","osmType":"way","osmId":1360288429,"sourceUrl":"https://www.openstreetmap.org/way/1360288429","coordinateMethod":"Overpass bounding-box centre; not an entrance","address":"882 85 Street SW","sourceTags":{"name":"No Frills","brand":"No Frills","shop":"supermarket"}},"geometry":{"type":"Point","coordinates":[-114.210222,51.0600126]}},{"type":"Feature","id":"osm-way-1360506570","properties":{"name":"Avivo Health","category":"healthcare","subcategory":"clinic","sourceId":"osm-overpass","osmType":"way","osmId":1360506570,"sourceUrl":"https://www.openstreetmap.org/way/1360506570","coordinateMethod":"Overpass bounding-box centre; not an entrance","address":"2012 12 Avenue NW","sourceTags":{"name":"Avivo Health","amenity":"clinic","healthcare":"clinic"}},"geometry":{"type":"Point","coordinates":[-114.1084575,51.0635791]}},{"type":"Feature","id":"osm-way-1361272039","properties":{"name":"Save-On-Foods","category":"groceries","subcategory":"supermarket","sourceId":"osm-overpass","osmType":"way","osmId":1361272039,"sourceUrl":"https://www.openstreetmap.org/way/1361272039","coordinateMethod":"Overpass bounding-box centre; not an entrance","address":"8855 Macleod Trail S","sourceTags":{"name":"Save-On-Foods","brand":"Save-On-Foods","shop":"supermarket"}},"geometry":{"type":"Point","coordinates":[-114.0726757,50.9743995]}},{"type":"Feature","id":"osm-way-1362440471","properties":{"name":"7-Eleven","category":"convenience","subcategory":"convenience","sourceId":"osm-overpass","osmType":"way","osmId":1362440471,"sourceUrl":"https://www.openstreetmap.org/way/1362440471","coordinateMethod":"Overpass bounding-box centre; not an entrance","address":"460 Woodbine Boulevard SW","sourceTags":{"name":"7-Eleven","brand":"7-Eleven","shop":"convenience"}},"geometry":{"type":"Point","coordinates":[-114.1329609,50.9464797]}},{"type":"Feature","id":"osm-way-1364690058","properties":{"name":"7-Eleven","category":"convenience","subcategory":"convenience","sourceId":"osm-overpass","osmType":"way","osmId":1364690058,"sourceUrl":"https://www.openstreetmap.org/way/1364690058","coordinateMethod":"Overpass bounding-box centre; not an entrance","address":"2505 Eversyde Avenue SW","sourceTags":{"name":"7-Eleven","brand":"7-Eleven","shop":"convenience"}},"geometry":{"type":"Point","coordinates":[-114.1178764,50.9073237]}},{"type":"Feature","id":"osm-way-1365541627","properties":{"name":null,"category":"convenience","subcategory":"convenience","sourceId":"osm-overpass","osmType":"way","osmId":1365541627,"sourceUrl":"https://www.openstreetmap.org/way/1365541627","coordinateMethod":"Overpass bounding-box centre; not an entrance","address":null,"sourceTags":{"shop":"convenience"}},"geometry":{"type":"Point","coordinates":[-114.1740732,51.170701]}},{"type":"Feature","id":"osm-way-1386309194","properties":{"name":"Italian Centre Shop Ltd.","category":"groceries","subcategory":"supermarket","sourceId":"osm-overpass","osmType":"way","osmId":1386309194,"sourceUrl":"https://www.openstreetmap.org/way/1386309194","coordinateMethod":"Overpass bounding-box centre; not an entrance","address":null,"sourceTags":{"name":"Italian Centre Shop Ltd.","shop":"supermarket"}},"geometry":{"type":"Point","coordinates":[-114.144433,51.09866]}},{"type":"Feature","id":"osm-way-1386309195","properties":{"name":"Alberta Kidney Care – South","category":"healthcare","subcategory":"clinic","sourceId":"osm-overpass","osmType":"way","osmId":1386309195,"sourceUrl":"https://www.openstreetmap.org/way/1386309195","coordinateMethod":"Overpass bounding-box centre; not an entrance","address":"5235 Northland Drive NW","sourceTags":{"name":"Alberta Kidney Care – South","amenity":"clinic","healthcare":"clinic","healthcare:speciality":"dialysis"}},"geometry":{"type":"Point","coordinates":[-114.1438081,51.1001401]}},{"type":"Feature","id":"osm-way-1386309201","properties":{"name":"Calgary Co-op Cannabis","category":"convenience","subcategory":"convenience","sourceId":"osm-overpass","osmType":"way","osmId":1386309201,"sourceUrl":"https://www.openstreetmap.org/way/1386309201","coordinateMethod":"Overpass bounding-box centre; not an entrance","address":"4122 Brentwood Road NW","sourceTags":{"name":"Calgary Co-op Cannabis","brand":"Calgary Co-op","shop":"convenience","opening_hours":"Mo-Su 10:00-22:00"}},"geometry":{"type":"Point","coordinates":[-114.1304983,51.0878345]}},{"type":"Feature","id":"osm-way-1386645972","properties":{"name":"Calgary Co-op","category":"convenience","subcategory":"convenience","sourceId":"osm-overpass","osmType":"way","osmId":1386645972,"sourceUrl":"https://www.openstreetmap.org/way/1386645972","coordinateMethod":"Overpass bounding-box centre; not an entrance","address":null,"sourceTags":{"name":"Calgary Co-op","brand":"Calgary Co-op","shop":"convenience"}},"geometry":{"type":"Point","coordinates":[-114.0708612,51.1256053]}},{"type":"Feature","id":"osm-way-1386645986","properties":{"name":"Zheng's Supermarket Beddington","category":"groceries","subcategory":"supermarket","sourceId":"osm-overpass","osmType":"way","osmId":1386645986,"sourceUrl":"https://www.openstreetmap.org/way/1386645986","coordinateMethod":"Overpass bounding-box centre; not an entrance","address":null,"sourceTags":{"name":"Zheng's Supermarket Beddington","shop":"supermarket","opening_hours":"Mo-Su 09:30-17:00"}},"geometry":{"type":"Point","coordinates":[-114.0693079,51.1268579]}},{"type":"Feature","id":"osm-way-1421446011","properties":{"name":"Safeway","category":"groceries","subcategory":"supermarket","sourceId":"osm-overpass","osmType":"way","osmId":1421446011,"sourceUrl":"https://www.openstreetmap.org/way/1421446011","coordinateMethod":"Overpass bounding-box centre; not an entrance","address":"1632 14 Avenue NW","sourceTags":{"name":"Safeway","brand":"Safeway","shop":"supermarket","opening_hours":"Mo-Su 07:00-22:00","check_date":"2025-08-10"}},"geometry":{"type":"Point","coordinates":[-114.1029977,51.0656871]}},{"type":"Feature","id":"osm-way-1421972626","properties":{"name":"Bowness Convenience Store","category":"convenience","subcategory":"convenience","sourceId":"osm-overpass","osmType":"way","osmId":1421972626,"sourceUrl":"https://www.openstreetmap.org/way/1421972626","coordinateMethod":"Overpass bounding-box centre; not an entrance","address":"6413 Bowness Road NW","sourceTags":{"name":"Bowness Convenience Store","shop":"convenience","check_date":"2025-08-13"}},"geometry":{"type":"Point","coordinates":[-114.180841,51.085767]}},{"type":"Feature","id":"osm-way-1422410878","properties":{"name":"Shoppers Drug Mart","category":"healthcare","subcategory":"pharmacy","sourceId":"osm-overpass","osmType":"way","osmId":1422410878,"sourceUrl":"https://www.openstreetmap.org/way/1422410878","coordinateMethod":"Overpass bounding-box centre; not an entrance","address":"1632 14 Avenue NW","sourceTags":{"name":"Shoppers Drug Mart","brand":"Shoppers Drug Mart","amenity":"pharmacy","healthcare":"pharmacy","opening_hours":"Mo-Su 08:00-24:00","check_date":"2025-08-10"}},"geometry":{"type":"Point","coordinates":[-114.101614,51.0661683]}},{"type":"Feature","id":"osm-way-1422607053","properties":{"name":"CBI Health Centre","category":"healthcare","subcategory":"clinic","sourceId":"osm-overpass","osmType":"way","osmId":1422607053,"sourceUrl":"https://www.openstreetmap.org/way/1422607053","coordinateMethod":"Overpass bounding-box centre; not an entrance","address":"1632 14 Avenue NW","sourceTags":{"name":"CBI Health Centre","amenity":"clinic","healthcare":"clinic"}},"geometry":{"type":"Point","coordinates":[-114.09967,51.0655062]}},{"type":"Feature","id":"osm-way-1476935460","properties":{"name":"Shell Shop","category":"convenience","subcategory":"convenience","sourceId":"osm-overpass","osmType":"way","osmId":1476935460,"sourceUrl":"https://www.openstreetmap.org/way/1476935460","coordinateMethod":"Overpass bounding-box centre; not an entrance","address":"192 Stewart Green SW","sourceTags":{"name":"Shell Shop","brand":"Shell Shop","shop":"convenience","opening_hours":"Mo-Sa 06:00-22:00; Su 07:00-22:00"}},"geometry":{"type":"Point","coordinates":[-114.1671119,51.0154712]}},{"type":"Feature","id":"osm-way-1492928484","properties":{"name":"London Drugs","category":"healthcare","subcategory":"pharmacy","sourceId":"osm-overpass","osmType":"way","osmId":1492928484,"sourceUrl":"https://www.openstreetmap.org/way/1492928484","coordinateMethod":"Overpass bounding-box centre; not an entrance","address":"3630 Brentwood Road NW","sourceTags":{"name":"London Drugs","brand":"London Drugs","amenity":"pharmacy","healthcare":"pharmacy","opening_hours":"Mo-Sa 09:00-22:00; Su 10:00-20:00"}},"geometry":{"type":"Point","coordinates":[-114.1235926,51.0850335]}},{"type":"Feature","id":"osm-way-1492928485","properties":{"name":"FreshCo","category":"groceries","subcategory":"supermarket","sourceId":"osm-overpass","osmType":"way","osmId":1492928485,"sourceUrl":"https://www.openstreetmap.org/way/1492928485","coordinateMethod":"Overpass bounding-box centre; not an entrance","address":"3630 Brentwood Road NW","sourceTags":{"name":"FreshCo","brand":"FreshCo","shop":"supermarket","opening_hours":"Mo-Su 08:00-22:00"}},"geometry":{"type":"Point","coordinates":[-114.1241555,51.0853349]}},{"type":"Feature","id":"osm-way-1523071562","properties":{"name":"FreshCo","category":"groceries","subcategory":"supermarket","sourceId":"osm-overpass","osmType":"way","osmId":1523071562,"sourceUrl":"https://www.openstreetmap.org/way/1523071562","coordinateMethod":"Overpass bounding-box centre; not an entrance","address":"182 Merganser Drive West","sourceTags":{"name":"FreshCo","brand":"FreshCo","shop":"supermarket","opening_hours":"Mo-Su 08:00-22:00"}},"geometry":{"type":"Point","coordinates":[-113.8472419,51.0372]}},{"type":"Feature","id":"osm-way-1537079832","properties":{"name":"Co-op","category":"groceries","subcategory":"supermarket","sourceId":"osm-overpass","osmType":"way","osmId":1537079832,"sourceUrl":"https://www.openstreetmap.org/way/1537079832","coordinateMethod":"Overpass bounding-box centre; not an entrance","address":"540 16 Avenue NE","sourceTags":{"name":"Co-op","brand":"Federated Co-operatives","shop":"supermarket","opening_hours":"Mo-Su 08:00-22:00"}},"geometry":{"type":"Point","coordinates":[-114.0520691,51.0673841]}},{"type":"Feature","id":"osm-relation-19350166","properties":{"name":"Petro-Canada","category":"convenience","subcategory":"convenience","sourceId":"osm-overpass","osmType":"relation","osmId":19350166,"sourceUrl":"https://www.openstreetmap.org/relation/19350166","coordinateMethod":"Overpass bounding-box centre; not an entrance","address":"100 Crowfoot Way NW","sourceTags":{"name":"Petro-Canada","brand":"Petro-Canada","shop":"convenience","opening_hours":"24/7","check_date":"2025-07-13"}},"geometry":{"type":"Point","coordinates":[-114.2061564,51.1258487]}},{"type":"Feature","id":"osm-relation-19508931","properties":{"name":"Calgary Co-op","category":"groceries","subcategory":"supermarket","sourceId":"osm-overpass","osmType":"relation","osmId":19508931,"sourceUrl":"https://www.openstreetmap.org/relation/19508931","coordinateMethod":"Overpass bounding-box centre; not an entrance","address":"2580 Southland Drive SW","sourceTags":{"name":"Calgary Co-op","brand":"Federated Co-operatives","shop":"supermarket","opening_hours":"Mo-Su 08:00-22:00"}},"geometry":{"type":"Point","coordinates":[-114.1206038,50.962721]}}]}