{"type":"FeatureCollection","metadata":{"title":"Parks, pathways and amenity equipment near four Calgary communities","capturedAt":"2026-09-13T20:43:55.217541Z","geography":"Inside HIL, SSD, BRD or BLN, or within approximately 400 metres of their boundaries.","sources":[{"datasetId":"kami-qbfh","title":"Parks Sites","publisher":"The City of Calgary","url":"https://data.calgary.ca/d/kami-qbfh","description":"Identifies the areas for Calgary Parks where maintenance operations take place;","sourceUpdatedAt":"2026-09-10T14:18:36Z","query":{"file":"parks-core-bbox-raw.json","datasetId":"kami-qbfh","url":"https://data.calgary.ca/resource/kami-qbfh.json?%24where=life_cycle_status+%3D+%27ACTIVE%27+AND+intersects%28the_geom%2C+%27POLYGON+%28%28-114.12+51.02%2C-113.995+51.02%2C-113.995+51.08%2C-114.12+51.08%2C-114.12+51.02%29%29%27%29&%24limit=5000","query":{"$where":"life_cycle_status = 'ACTIVE' AND intersects(the_geom, 'POLYGON ((-114.12 51.02,-113.995 51.02,-113.995 51.08,-114.12 51.08,-114.12 51.02))')","$limit":5000},"retrievedAt":"2026-09-13T20:36:54.164857Z","records":315,"bytes":2816927,"sampleWithoutGeometry":{"site_name":"BOTTOMLANDS PARK","planning_category":"REGIONAL PARK","asset_type":"1","type_description":"TITLED","minortype":"NO BREAKDOWN","cultural_landscape":"CULTURALLY SIGNIFICANT SITE","asset_cd":"REN890","steward":"CALGARY PARKS","maintained_by":"CALGARY PARKS","life_cycle_status":"ACTIVE"}},"schema":[{"field":"site_name","type":"text","description":null},{"field":"the_geom","type":"multipolygon","description":null},{"field":"planning_category","type":"text","description":null},{"field":"asset_type","type":"number","description":null},{"field":"type_description","type":"text","description":null},{"field":"minortype","type":"text","description":null},{"field":"cultural_landscape","type":"text","description":null},{"field":"asset_class","type":"text","description":null},{"field":"asset_cd","type":"text","description":null},{"field":"location_detail","type":"text","description":null},{"field":"steward","type":"text","description":null},{"field":"maintained_by","type":"text","description":null},{"field":"maint_info","type":"text","description":null},{"field":"life_cycle_status","type":"text","description":null}]},{"datasetId":"qndb-27qm","title":"Parks Pathways","publisher":"The City of Calgary","url":"https://data.calgary.ca/d/qndb-27qm","description":"The Calgary Pathways dataset identifies regional and local pathways that offer connectivity throughout the City.The map is also available in the following formats: paper hardcopy, electronic, and the CITYonline interactive map.\r\n\r\n If you’re interested in data relating to Calgary’s bikeways, The City of Calgary’s Pathways and Bikeways app is available for iPhone, iPod and iPad devices and will provide you with information regarding all City of Calgary bikeways. You can find this app in The City's mobile apps page.","sourceUpdatedAt":"2026-09-10T14:16:37Z","query":{"file":"pathways-core-bbox-raw.json","datasetId":"qndb-27qm","url":"https://data.calgary.ca/resource/qndb-27qm.json?%24where=life_cycle_status+%3D+%27ACTIVE%27+AND+intersects%28the_geom%2C+%27POLYGON+%28%28-114.12+51.02%2C-113.995+51.02%2C-113.995+51.08%2C-114.12+51.08%2C-114.12+51.02%29%29%27%29&%24limit=10000","query":{"$where":"life_cycle_status = 'ACTIVE' AND intersects(the_geom, 'POLYGON ((-114.12 51.02,-113.995 51.02,-113.995 51.08,-114.12 51.08,-114.12 51.02))')","$limit":10000},"retrievedAt":"2026-09-13T20:36:53.661420Z","records":1575,"bytes":1050258,"sampleWithoutGeometry":{"asset_cd":"RID200","maintained_by":"CALGARY PARKS","steward":"CALGARY PARKS","life_cycle_status":"ACTIVE","asset_type":"REGIONAL","material":"ASPHALT","trans_canada_trail":"NO","greenway":"NO","operational":"OPEN"}},"schema":[{"field":"asset_class","type":"text","description":null},{"field":"location_detail","type":"text","description":null},{"field":"asset_cd","type":"text","description":null},{"field":"the_geom","type":"multiline","description":null},{"field":"maintained_by","type":"text","description":null},{"field":"steward","type":"text","description":null},{"field":"maint_info","type":"text","description":null},{"field":"life_cycle_status","type":"text","description":null},{"field":"mgmt_num","type":"number","description":null},{"field":"asset_type","type":"text","description":null},{"field":"material","type":"text","description":null},{"field":"priority","type":"text","description":null},{"field":"who_removes","type":"text","description":null},{"field":"seg_label","type":"text","description":null},{"field":"comments","type":"text","description":null},{"field":"trans_canada_trail","type":"text","description":null},{"field":"greenway","type":"text","description":null},{"field":"operational","type":"text","description":null}]},{"datasetId":"7v8c-cjjm","title":"Parks Amenity Equipment","publisher":"The City of Calgary","url":"https://data.calgary.ca/d/7v8c-cjjm","description":"Park amenities maintained by Calgary Parks or located on lands under Calgary Park’s stewardship.","sourceUpdatedAt":"2026-09-10T14:13:58Z","query":{"file":"amenities-core-bbox-raw.json","datasetId":"7v8c-cjjm","url":"https://data.calgary.ca/resource/7v8c-cjjm.json?%24where=life_cycle_status+%3D+%27ACTIVE%27+AND+within_box%28point%2C51.08%2C-114.12%2C51.02%2C-113.995%29&%24limit=5000","query":{"$where":"life_cycle_status = 'ACTIVE' AND within_box(point,51.08,-114.12,51.02,-113.995)","$limit":5000},"retrievedAt":"2026-09-13T20:36:53.119157Z","records":445,"bytes":131935,"sampleWithoutGeometry":{"asset_class":"\"","asset_cd":"PKH266","steward":"CALGARY PARKS","maintained_by":"CALGARY PARKS","life_cycle_status":"ACTIVE","asset_type":"DOG BAG DISPENSER","style":"NOT APPLICABLE"}},"schema":[{"field":"asset_class","type":"text","description":null},{"field":"asset_cd","type":"text","description":null},{"field":"location_detail","type":"text","description":null},{"field":"steward","type":"text","description":null},{"field":"maintained_by","type":"text","description":null},{"field":"maint_info","type":"text","description":null},{"field":"life_cycle_status","type":"text","description":null},{"field":"asset_type","type":"text","description":null},{"field":"style","type":"text","description":null},{"field":"point","type":"point","description":""}]}],"geometryProcessing":"Membership and approximate length use original unsimplified source geometry. Display geometry is clipped to the union of four communities buffered approximately 400m and simplified at 0.00002 degrees with topology preservation. Invalid input geometries are repaired before use.","caveats":["Parks Sites describes maintenance sites. A source feature is not necessarily a separate public park or a park entrance.","Pathways describe mapped infrastructure. Operational status is a source snapshot and does not establish present accessibility, winter maintenance or closures.","Amenity equipment is an inventory of individual assets. Asset codes can repeat across multiple pieces of equipment or pathway segments.","Distances are approximate straight-line geometry distances, not walking routes or distances from a selected home."],"licence":{"name":"Open Government Licence – City of Calgary","url":"https://data.calgary.ca/stories/s/Open-Calgary-Terms-of-Use/u45n-7awa/","attribution":"Contains information licensed under the Open Government Licence – City of Calgary."}},"features":[{"type":"Feature","id":"park-78a138e552ad","properties":{"id":"park-78a138e552ad","layer":"park","assetCode":"REN890","name":"BOTTOMLANDS PARK","type":"REGIONAL PARK","status":"ACTIVE","nearCommunities":[{"communityCode":"BRD","intersectsCommunity":false,"distanceToCommunityM":1}],"sourceDatasetId":"kami-qbfh","siteType":"TITLED"},"geometry":{"type":"Polygon","coordinates":[[[-114.02822366539817,51.05236726353586],[-114.02813427678045,51.05245482429573],[-114.02813939424615,51.05254174467867],[-114.02853071272398,51.05339754312949],[-114.02866375185073,51.05439985527031],[-114.02874539678376,51.05463272285872],[-114.02896245044786,51.054958348772274],[-114.0296121766098,51.0555265949987],[-114.02974791404132,51.055700752470656],[-114.02982791887726,51.05586650604496],[-114.02974768875485,51.05614390417347],[-114.02976252670383,51.05639151311879],[-114.02982773371693,51.056621812998],[-114.02977880098017,51.05661205365422],[-114.02953938613562,51.05636035743056],[-114.02941545857558,51.05627223553389],[-114.02937716880317,51.056287293946944],[-114.02945091217047,51.05636892178298],[-114.02896044114063,51.05655523481567],[-114.02909170728675,51.05663152669741],[-114.02908264877064,51.05680119723182],[-114.02930749891513,51.05706786499973],[-114.0291494666156,51.057309182147264],[-114.02915814622604,51.05865285975288],[-114.02817659996117,51.05834490047195],[-114.02772120395406,51.05814562997451],[-114.02729868795451,51.057919541034096],[-114.02664768643277,51.05745881243558],[-114.02663607727776,51.05414584138179],[-114.02653638652245,51.053793643272016],[-114.0259114035562,51.052525407683774],[-114.02585727377627,51.052353457089744],[-114.02822366539817,51.05236726353586]]]}},{"type":"Feature","id":"park-8e96a96af700","properties":{"id":"park-8e96a96af700","layer":"park","assetCode":"ING013","name":"MILLS PARK","type":"SUBNEIGHBOURHOOD PARK","status":"ACTIVE","nearCommunities":[{"communityCode":"BRD","intersectsCommunity":false,"distanceToCommunityM":317}],"sourceDatasetId":"kami-qbfh","siteType":"TITLED"},"geometry":{"type":"Polygon","coordinates":[[[-114.02753469281255,51.03874304289326],[-114.02768487722167,51.03873975378186],[-114.02878792304526,51.039170315793825],[-114.02881495641768,51.03921381049278],[-114.02853747066115,51.03949966246165],[-114.027274750673,51.039009823464404],[-114.02753469281255,51.03874304289326]]]}},{"type":"Feature","id":"park-071904104488","properties":{"id":"park-071904104488","layer":"park","assetCode":"ALB635","name":"G. MAX BELL PARK; MAX BELL ARENA; WESTERN IRRIGATION DISTRICT (WID)","type":"DISTRICT PARK","status":"ACTIVE","nearCommunities":[{"communityCode":"BRD","intersectsCommunity":false,"distanceToCommunityM":47}],"sourceDatasetId":"kami-qbfh","siteType":"TITLED"},"geometry":{"type":"Polygon","coordinates":[[[-114.00691016266164,51.04163951201184],[-114.00746051039208,51.042561375720204],[-114.00794455129817,51.043149734625054],[-114.00825821862362,51.043477669213054],[-114.00948946700314,51.04428316380971],[-114.01101074099526,51.04494169916264],[-114.01330211072349,51.04602347037058],[-114.01317743387557,51.04614965536805],[-114.01330801362148,51.046168713186226],[-114.01341442259766,51.04626258617465],[-114.01344226832535,51.04633480287578],[-114.01337521153755,51.046494725288454],[-114.01327538935391,51.04655560613293],[-114.01305608646119,51.046601027175484],[-114.01214534000937,51.04655548090508],[-114.01098703577905,51.04638389886879],[-114.0098902869302,51.046093054972076],[-114.00994699993592,51.046111551025646],[-114.00990602713173,51.0461679470873],[-114.00815912240581,51.04554564747561],[-114.0062126138854,51.045005455403306],[-114.00621927470017,51.04455689403958],[-114.00653347470016,51.04207799403958],[-114.00660509916432,51.04172937572216],[-114.0067624983056,51.04132708698681],[-114.00691016266164,51.04163951201184]]]}},{"type":"Feature","id":"park-a5106eec37ee","properties":{"id":"park-a5106eec37ee","layer":"park","assetCode":"BRD887","name":"SCHULE PARK","type":"NEIGHBOURHOOD PARK","status":"ACTIVE","nearCommunities":[{"communityCode":"BRD","intersectsCommunity":true,"distanceToCommunityM":0}],"sourceDatasetId":"kami-qbfh","siteType":"TITLED"},"geometry":{"type":"Polygon","coordinates":[[[-114.03497445903992,51.05580870493492],[-114.03499845382633,51.055978788575956],[-114.0351815849046,51.05607510695083],[-114.03520639064322,51.05638419107609],[-114.03528899904944,51.056463153400415],[-114.03544552042527,51.0565285134117],[-114.0354512703947,51.05660703682931],[-114.03505207380016,51.05649628526476],[-114.03493144874709,51.056523488293976],[-114.03491488777314,51.05654031839276],[-114.03513443831041,51.05662248332863],[-114.03524820952121,51.0566084341105],[-114.03486273168348,51.057071838256995],[-114.03473756564162,51.057037444915125],[-114.03451499497172,51.05689892540898],[-114.03418852208368,51.05659660734753],[-114.03404974474074,51.05661572043481],[-114.03395644745726,51.05621348118837],[-114.03387959814243,51.056112164220835],[-114.03375869777271,51.05602709535864],[-114.03225364088402,51.05526428262832],[-114.03188462910946,51.05519579951938],[-114.0314300135599,51.05523818150664],[-114.03133504554242,51.055213889819136],[-114.03159920171734,51.054989230397574],[-114.03168872343949,51.05486714018141],[-114.03182465804892,51.05420917274682],[-114.03185214962292,51.05417803026682],[-114.03191001361418,51.054329113674754],[-114.03211296513513,51.05459015187556],[-114.03237451175517,51.05483313113468],[-114.03267519967517,51.055055997855554],[-114.03326416125621,51.054718661584225],[-114.03329216309464,51.05467797513837],[-114.03377609689153,51.05468368681063],[-114.0337741448061,51.05507473919452],[-114.03446082282035,51.055387927497804],[-114.03446267128571,51.055664463223685],[-114.03468172454706,51.055805522597836],[-114.03497445903992,51.05580870493492]]]}},{"type":"Feature","id":"park-130ad460a6b5","properties":{"id":"park-130ad460a6b5","layer":"park","assetCode":"BRD002","name":"HELEN'S GARDEN","type":"SUBNEIGHBOURHOOD PARK","status":"ACTIVE","nearCommunities":[{"communityCode":"BRD","intersectsCommunity":true,"distanceToCommunityM":0}],"sourceDatasetId":"kami-qbfh","siteType":"TITLED"},"geometry":{"type":"Polygon","coordinates":[[[-114.03345828734554,51.04951677100156],[-114.03349606763678,51.0495167673725],[-114.03354331284935,51.04959854055188],[-114.03345834362948,51.04963448065805],[-114.03243058704163,51.04971383317802],[-114.03243052059466,51.04943692536798],[-114.03345824822465,51.04943673907786],[-114.03345828734554,51.04951677100156]]]}},{"type":"Feature","id":"park-5f41b355d6cd","properties":{"id":"park-5f41b355d6cd","layer":"park","assetCode":"REN691","name":"BOTTOMLANDS PARK","type":"COMMUNITY PARK","status":"ACTIVE","nearCommunities":[{"communityCode":"BRD","intersectsCommunity":true,"distanceToCommunityM":0}],"sourceDatasetId":"kami-qbfh","siteType":"TITLED"},"geometry":{"type":"Polygon","coordinates":[[[-114.02346610976278,51.055923952092904],[-114.02335782885226,51.055575129028206],[-114.02326667515761,51.055464368729204],[-114.02291253939812,51.055178968428024],[-114.02280340654063,51.05500129901975],[-114.02282750662904,51.054902668126225],[-114.02308060420472,51.054621788633334],[-114.02318726382107,51.054410859748295],[-114.02322538603336,51.05428802565828],[-114.02316868276976,51.054105284922834],[-114.02292657843157,51.05391489445648],[-114.02276642067052,51.053867037527226],[-114.02260655126487,51.05391858863573],[-114.0224505510633,51.0541203390034],[-114.0222896780147,51.05422006577063],[-114.02214502209472,51.05423634667703],[-114.02202378369616,51.05417386407052],[-114.02182062365924,51.05376946371004],[-114.02173086518046,51.053314699509436],[-114.02157736775601,51.05292695636508],[-114.02154360252221,51.05267160058717],[-114.02139163049843,51.05236093834252],[-114.02144904094972,51.0523467366474],[-114.02139168618993,51.052327025507324],[-114.0221919202351,51.05232555122966],[-114.02223766172504,51.05254631570703],[-114.02216627472234,51.05294850779924],[-114.02221290114156,51.05300553422902],[-114.02241370878323,51.05310170388224],[-114.02233920575837,51.05323674823618],[-114.0224041855962,51.05338325295143],[-114.0233824587488,51.05357048981155],[-114.02343847470935,51.053818228964644],[-114.02361688899413,51.05411050994475],[-114.02366293004802,51.05427259964256],[-114.02365415384944,51.05440731954001],[-114.02353254300805,51.05466459925185],[-114.0235744406023,51.05469164356711],[-114.02352269286179,51.05479479841752],[-114.02356472245131,51.05521659198297],[-114.02366547628502,51.055344775778046],[-114.02650189738506,51.05534261007833],[-114.02649004655024,51.05603941466417],[-114.02642847908352,51.05607566974066],[-114.02643309786437,51.05614592871783],[-114.02648217072225,51.056173370403705],[-114.02649684629718,51.05629443696976],[-114.02650456362719,51.05733414921571],[-114.02626646314336,51.05710280907583],[-114.02601164018986,51.05679296401859],[-114.02580580664501,51.05646904683346],[-114.02558939325506,51.05592843166658],[-114.02346610976278,51.055923952092904]]]}},{"type":"Feature","id":"park-c680b6f7aa61","properties":{"id":"park-c680b6f7aa61","layer":"park","assetCode":"ING031","name":"NELLIE BREEN PARK","type":"SUBNEIGHBOURHOOD PARK","status":"ACTIVE","nearCommunities":[{"communityCode":"BRD","intersectsCommunity":false,"distanceToCommunityM":154}],"sourceDatasetId":"kami-qbfh","siteType":"TITLED"},"geometry":{"type":"Polygon","coordinates":[[[-114.02633324083024,51.04095268637321],[-114.02622675922726,51.04088873034259],[-114.02621443964213,51.04072803612247],[-114.02709717820927,51.04072899267497],[-114.02709679752728,51.0408879637175],[-114.0270288985462,51.04094227027236],[-114.02633324083024,51.04095268637321]]]}},{"type":"Feature","id":"park-800cdedc43e4","properties":{"id":"park-800cdedc43e4","layer":"park","assetCode":"ING037","name":"PEARCE ESTATE PARK; SAM LIVINGSTON FISH HATCHERY; HARVIE PASSAGE","type":"REGIONAL PARK","status":"ACTIVE","nearCommunities":[{"communityCode":"BRD","intersectsCommunity":true,"distanceToCommunityM":0}],"sourceDatasetId":"kami-qbfh","siteType":"TITLED"},"geometry":{"type":"MultiPolygon","coordinates":[[[[-114.01527446035581,51.043344134144334],[-114.01581840972037,51.04353170992629],[-114.01664199286793,51.04366832313467],[-114.017314752984,51.043727047038196],[-114.01741633502407,51.04378432891806],[-114.01742195013446,51.043824523881355],[-114.01704769118226,51.043831235068765],[-114.01634794960957,51.04378541457415],[-114.01585555342055,51.04364451797536],[-114.01553413430524,51.04347623014819],[-114.01522350249398,51.04336883559548],[-114.01527446035581,51.043344134144334]]],[[[-114.01402873367054,51.04332607260764],[-114.01350033952474,51.04324852195579],[-114.01323103998735,51.04330191132595],[-114.01303352757773,51.043250191298505],[-114.01303349627203,51.04313862329098],[-114.01281802771426,51.04307396956829],[-114.01283596645655,51.04302060812439],[-114.0123701953781,51.04292229086191],[-114.01205283483347,51.04289555708145],[-114.01180228837501,51.04291238266862],[-114.0116791842432,51.042952818281115],[-114.01162531661654,51.04293503745913],[-114.01164581030359,51.04283478547961],[-114.01160476224572,51.04279274906185],[-114.01135849949354,51.04265048281045],[-114.01110712260093,51.042571276827246],[-114.01093015218339,51.04259554781998],[-114.01079163058371,51.04251471329542],[-114.01093170666982,51.042384109970016],[-114.01078895067276,51.042021547364854],[-114.01068632956714,51.041895436171416],[-114.0105375429006,51.041780647136214],[-114.01056919226666,51.04165493448284],[-114.01055028220055,51.04140874951862],[-114.01050667145932,51.041368330190174],[-114.01049896163342,51.04130041970273],[-114.01052459860433,51.04124867515953],[-114.01051174794584,51.04113549101279],[-114.01037064555094,51.040956023483595],[-114.01037320001527,51.04091398274271],[-114.0102243866621,51.04065366829166],[-114.01025257171266,51.04053077878087],[-114.01033717346436,51.040375545493546],[-114.01078776858836,51.040216551785875],[-114.01098003047547,51.040181488278925],[-114.01098997851726,51.04026926496369],[-114.01104708681603,51.04031113378843],[-114.01141429686948,51.04036188603823],[-114.01143151516085,51.040397483725044],[-114.01137411731648,51.04043866053512],[-114.01135277020649,51.04049905837869],[-114.01135084182988,51.04056114080855],[-114.01139650527024,51.04063969769807],[-114.01137275580548,51.0406668463275],[-114.01141289461357,51.04070200578027],[-114.01165626170253,51.040761462372004],[-114.01162543275595,51.040835107587874],[-114.01170033549187,51.04101378196318],[-114.01167659905933,51.04115523158302],[-114.01170464649336,51.04125289419601],[-114.01187964132284,51.04135921975126],[-114.01202827706265,51.04134062455783],[-114.01189698248403,51.04145415231997],[-114.01201002628083,51.04166075100779],[-114.01211191912671,51.04163992655298],[-114.01211059506764,51.04168076347329],[-114.01234708759685,51.04188404524182],[-114.01244590466719,51.04193133696136],[-114.0124869056232,51.0419148570963],[-114.01251257853522,51.041823514122605],[-114.01258320297907,51.04188237673562],[-114.01262621431951,51.04186010631513],[-114.01260210041984,51.0419049398396],[-114.01266697655161,51.04205111045056],[-114.01272399601018,51.042041454673004],[-114.01266827628534,51.04207446564697],[-114.01265700008182,51.042144168795616],[-114.01269018298376,51.042254776719496],[-114.01279484911515,51.042327756577784],[-114.01291262942749,51.04233562492696],[-114.01285097000094,51.04240387011756],[-114.01284514144363,51.04263399812431],[-114.01292058618309,51.04268328143147],[-114.01304971875719,51.04264173989696],[-114.01309606605435,51.04270063726298],[-114.01294999848206,51.04275866790204],[-114.01291564445357,51.04282457635767],[-114.01344275637415,51.04305928387223],[-114.0136171359782,51.043107272470024],[-114.01373670368166,51.04310518184941],[-114.01380909544335,51.04314910795449],[-114.01383360889244,51.043212249856765],[-114.0140717427245,51.04326588745224],[-114.01440235710129,51.04340622818861],[-114.01438168537885,51.04342430279863],[-114.01402873367054,51.04332607260764]]],[[[-114.01857243871117,51.043829968007685],[-114.01776674040724,51.043830131915065],[-114.01763549594556,51.04379433758842],[-114.01738851899988,51.043651506133614],[-114.01638410437187,51.04352818623022],[-114.01562054339487,51.043371954784625],[-114.01557309616288,51.043344456122306],[-114.01555582526409,51.04327096643707],[-114.01547831306758,51.043319326221365],[-114.0153819967957,51.04327603807881],[-114.01506054887398,51.04333120589761],[-114.01491385464053,51.043332486866966],[-114.01468493097195,51.043276953895784],[-114.01464781145079,51.04331226663818],[-114.0144209103649,51.04330749073991],[-114.01383614093453,51.043076318462646],[-114.01377226401554,51.04303735730077],[-114.0137366835781,51.0429359428846],[-114.01362586507845,51.04284153126611],[-114.01345770125437,51.042735409834904],[-114.0132343268735,51.04266597434661],[-114.01326726897095,51.04254646285434],[-114.01324674490903,51.042412480350436],[-114.01317912230459,51.042344806964216],[-114.01302776667806,51.04228491452895],[-114.01306411473143,51.04210107214766],[-114.01303478447218,51.04204789213712],[-114.01298852582282,51.04201273392967],[-114.01280085980903,51.04198161148733],[-114.01296523379337,51.041951121755],[-114.01289677347509,51.041820654976256],[-114.01276668404589,51.04176609166243],[-114.01263553864048,51.04175479682415],[-114.01245096204599,51.04157280860286],[-114.01224925654773,51.041519497396955],[-114.01244426420251,51.04149265771084],[-114.01239931733436,51.04139994232837],[-114.01222184615547,51.04127366778341],[-114.01220443162516,51.04121111360896],[-114.01202347233085,51.04116171487309],[-114.01211664126215,51.04110708180135],[-114.01194372803383,51.040964794731195],[-114.01193367839817,51.04084438989046],[-114.0119674731964,51.0408054168148],[-114.01191180131327,51.040732150733604],[-114.01184930918443,51.04070856261627],[-114.01192877307258,51.04053866553802],[-114.0118772711115,51.04042681774543],[-114.01164730787733,51.04032787284316],[-114.01169772213346,51.0402339510958],[-114.01163203320525,51.04009954125941],[-114.01152749037323,51.04003614428206],[-114.01136478605368,51.04000163871449],[-114.01107042582494,51.040039510178055],[-114.01101674709484,51.04002137395417],[-114.01092439009805,51.039904962787524],[-114.01111418318207,51.039921113840656],[-114.01111417621894,51.039892009556304],[-114.01084687880909,51.03981334836847],[-114.01082433219064,51.03975783071903],[-114.01090364268175,51.039739400671],[-114.01095687026013,51.03962371121248],[-114.0111589302128,51.03948347550726],[-114.01151418224852,51.03952977597258],[-114.01165267024601,51.039507125179874],[-114.0116738946984,51.0394783433044],[-114.01155893923428,51.039418147735965],[-114.01157695747976,51.03936897386538],[-114.01150120503468,51.03924151669905],[-114.01165551937626,51.039007708793704],[-114.01196037033185,51.03910419635776],[-114.01206881733829,51.03906393813534],[-114.01208948102675,51.03910665615182],[-114.01213592039993,51.03911589549037],[-114.01242256061485,51.0388995928602],[-114.01261653757489,51.03886716765688],[-114.01277622225443,51.03877928371853],[-114.01367848764623,51.0388573641183],[-114.013251666479,51.039325022231296],[-114.0132363214277,51.03948173673704],[-114.0133310736884,51.0397390015679],[-114.01689206640863,51.03973389166856],[-114.01701942737566,51.03979476924915],[-114.01797224737396,51.040042170695486],[-114.01822041260289,51.040060656226395],[-114.018718861219,51.039868586743445],[-114.01899920041112,51.039881758589345],[-114.01878658878957,51.040313606144274],[-114.01862695925864,51.0407513852679],[-114.0185197273365,51.04119546844384],[-114.01846549810206,51.04164336376401],[-114.01846177141142,51.04203642804426],[-114.01855759907595,51.043736379136774],[-114.0187510774355,51.04376116711618],[-114.01875366988354,51.043824544329155],[-114.01870245595101,51.04382978096504],[-114.01863949696168,51.04378827373137],[-114.01857243871117,51.043829968007685]]]]}},{"type":"Feature","id":"park-c21e2efd1f48","properties":{"id":"park-c21e2efd1f48","layer":"park","assetCode":"ING017","name":"INGLEWOOD LAWN BOWLING","type":"SUBNEIGHBOURHOOD PARK","status":"ACTIVE","nearCommunities":[{"communityCode":"BRD","intersectsCommunity":false,"distanceToCommunityM":126}],"sourceDatasetId":"kami-qbfh","siteType":"TITLED"},"geometry":{"type":"Polygon","coordinates":[[[-114.03403966289959,51.04169811003825],[-114.03407083201506,51.041708201825934],[-114.03492474744985,51.04204071031955],[-114.03460424065942,51.04236907489984],[-114.03376758460722,51.042038819117764],[-114.0337650032388,51.0419814545501],[-114.03403966289959,51.04169811003825]]]}},{"type":"Feature","id":"park-dfd548bd66e0","properties":{"id":"park-dfd548bd66e0","layer":"park","assetCode":"ING032","name":null,"type":"SUBNEIGHBOURHOOD PARK","status":"ACTIVE","nearCommunities":[{"communityCode":"BRD","intersectsCommunity":false,"distanceToCommunityM":152}],"sourceDatasetId":"kami-qbfh","siteType":"TITLED"},"geometry":{"type":"Polygon","coordinates":[[[-114.02533024596872,51.04095333057141],[-114.02521880385707,51.04089273686],[-114.02521696079118,51.04072850371059],[-114.02609292976354,51.04072831142996],[-114.02609180583411,51.04088773571773],[-114.02602754311435,51.040944313485],[-114.02533024596872,51.04095333057141]]]}},{"type":"Feature","id":"park-0560c8a8ce57","properties":{"id":"park-0560c8a8ce57","layer":"park","assetCode":"BRD889","name":null,"type":"NEIGHBOURHOOD PARK","status":"ACTIVE","nearCommunities":[{"communityCode":"BRD","intersectsCommunity":true,"distanceToCommunityM":0}],"sourceDatasetId":"kami-qbfh","siteType":"TITLED"},"geometry":{"type":"Polygon","coordinates":[[[-114.01897176062947,51.0452736955135],[-114.0186407982688,51.04521859675832],[-114.01874746063616,51.04653365513797],[-114.01766747481712,51.04629133618256],[-114.0158209184099,51.04569290619801],[-114.01565387870309,51.045815308601455],[-114.01333020473953,51.04504889034001],[-114.01283402031035,51.044854061056604],[-114.01294912072372,51.04474059433502],[-114.01340135847666,51.044954477424476],[-114.01346098917446,51.04491865637561],[-114.01365219923063,51.0449961140072],[-114.01376732668754,51.04493613898561],[-114.0138574399817,51.04493612833636],[-114.0150932342988,51.04504156508969],[-114.0154849708313,51.04511061792067],[-114.01625589714014,51.04508357101239],[-114.01640713906632,51.045143283955184],[-114.01637886692122,51.04526402991521],[-114.01659381269016,51.045284008942396],[-114.01672944559876,51.045149118450574],[-114.01722337138004,51.04507673509879],[-114.01794811336322,51.045080773916474],[-114.01826892498721,51.04506086409483],[-114.01863111978432,51.044991829600654],[-114.01863726352526,51.0451558795547],[-114.01907468434028,51.04527890539211],[-114.01905287970996,51.044872471450404],[-114.01945546682306,51.044783573083386],[-114.01949698048004,51.04480616185977],[-114.01948004614403,51.04491200979922],[-114.01934809261029,51.04517010356884],[-114.01932175856167,51.04537205237295],[-114.01943836262274,51.04675650736281],[-114.01939657765955,51.046911355210284],[-114.01940211019475,51.04708684010746],[-114.0195659020034,51.04731412799845],[-114.01932319574408,51.04732853036661],[-114.01915869570438,51.04637730198881],[-114.01907830012051,51.04534302496622],[-114.01897176062947,51.0452736955135]]]}},{"type":"Feature","id":"park-1201666f4499","properties":{"id":"park-1201666f4499","layer":"park","assetCode":"ALB824","name":null,"type":"COMMUNITY PARK","status":"ACTIVE","nearCommunities":[{"communityCode":"BRD","intersectsCommunity":true,"distanceToCommunityM":0}],"sourceDatasetId":"kami-qbfh","siteType":"TITLED"},"geometry":{"type":"Polygon","coordinates":[[[-114.01217978774999,51.04459716853324],[-114.00980273472808,51.04342707880803],[-114.00948064516794,51.04321975983178],[-114.00902868757828,51.04285886042803],[-114.00841428523339,51.04206676484931],[-114.00825763648615,51.04180742209832],[-114.0076029117354,51.04026208766657],[-114.00810626014494,51.039876059962424],[-114.00851260344639,51.03963458487606],[-114.00942782447548,51.03923203992894],[-114.00993319669887,51.0390735573685],[-114.00971970511512,51.03932033507496],[-114.00928870808303,51.04000575875812],[-114.00919193956386,51.040207294809164],[-114.00911706540712,51.040503523389155],[-114.00910934220784,51.04083624862828],[-114.00924361771793,51.04142462726726],[-114.00924744171525,51.04168749319612],[-114.00937105114825,51.04174052909605],[-114.00938158548718,51.04194165025509],[-114.00957845446818,51.04225293719745],[-114.00974993311623,51.042406736515865],[-114.00990221687698,51.04239675589307],[-114.00990222968363,51.04245683070604],[-114.00967623303086,51.04267093661176],[-114.00969300627142,51.042762818416506],[-114.00977731393925,51.042835268666856],[-114.00986283958105,51.04284009526202],[-114.0099559324526,51.04290867545856],[-114.01007327294685,51.04300122462328],[-114.01000704896714,51.04300077722945],[-114.01017497116652,51.0431161046358],[-114.01040547554956,51.043348738693574],[-114.01098191933959,51.04375617085784],[-114.01102637017256,51.043828116912074],[-114.01137372905853,51.044024457180456],[-114.01158392597351,51.044212761575935],[-114.01170775565653,51.044202795804146],[-114.01193190439425,51.04430790447734],[-114.01188184270353,51.04434050275587],[-114.01263093749199,51.0446616921049],[-114.01294912072372,51.04474059433502],[-114.01283402031035,51.044854061056604],[-114.01217978774999,51.04459716853324]]]}},{"type":"Feature","id":"park-78093908fb4f","properties":{"id":"park-78093908fb4f","layer":"park","assetCode":"REN830","name":"NOSE CREEK BOTTOMLANDS","type":"COMMUNITY PARK","status":"ACTIVE","nearCommunities":[{"communityCode":"BRD","intersectsCommunity":false,"distanceToCommunityM":184}],"sourceDatasetId":"kami-qbfh","siteType":"TITLED"},"geometry":{"type":"Polygon","coordinates":[[[-114.02247589404564,51.055112453783835],[-114.02203409550349,51.05432262398824],[-114.02214373497799,51.054348853246594],[-114.02243226248473,51.05427700633971],[-114.02274525067727,51.05399472981883],[-114.02285318587313,51.05399605542568],[-114.02296328909843,51.05404924399277],[-114.02303790562054,51.054235967341505],[-114.02303718153223,51.05435771524052],[-114.02295286726847,51.054584044385464],[-114.02269973755162,51.05489661955573],[-114.02266454255286,51.05504143994426],[-114.0227533149971,51.0551875829126],[-114.02319059507165,51.05554313016913],[-114.023295426176,51.055735744561105],[-114.02332485825343,51.055923654089106],[-114.02301152239288,51.05592406248364],[-114.02247589404564,51.055112453783835]]]}},{"type":"Feature","id":"park-e7d5e9d044d3","properties":{"id":"park-e7d5e9d044d3","layer":"park","assetCode":"REN120","name":null,"type":"SUBNEIGHBOURHOOD PARK","status":"ACTIVE","nearCommunities":[{"communityCode":"BRD","intersectsCommunity":false,"distanceToCommunityM":285}],"sourceDatasetId":"kami-qbfh","siteType":"TITLED"},"geometry":{"type":"Polygon","coordinates":[[[-114.02992050739529,51.058036491560564],[-114.03070537388665,51.058039475776106],[-114.03070578485607,51.05851848170354],[-114.0299180476406,51.058516012436584],[-114.02992050739529,51.058036491560564]]]}},{"type":"Feature","id":"park-eec6eb1b419c","properties":{"id":"park-eec6eb1b419c","layer":"park","assetCode":"REN121","name":null,"type":"SUBNEIGHBOURHOOD PARK","status":"ACTIVE","nearCommunities":[{"communityCode":"BRD","intersectsCommunity":false,"distanceToCommunityM":245}],"sourceDatasetId":"kami-qbfh","siteType":"TITLED"},"geometry":{"type":"Polygon","coordinates":[[[-114.0299200295046,51.0577597883188],[-114.02991823899731,51.057343192869276],[-114.03031156561845,51.05755531889672],[-114.03061211641074,51.05767531617448],[-114.03070515834054,51.057780440850564],[-114.0299200295046,51.0577597883188]]]}},{"type":"Feature","id":"park-ba791fc6523c","properties":{"id":"park-ba791fc6523c","layer":"park","assetCode":"REN783","name":null,"type":"NEIGHBOURHOOD PARK","status":"ACTIVE","nearCommunities":[{"communityCode":"BRD","intersectsCommunity":false,"distanceToCommunityM":78}],"sourceDatasetId":"kami-qbfh","siteType":"TITLED"},"geometry":{"type":"Polygon","coordinates":[[[-114.02985611385668,51.056470872033195],[-114.02981731106364,51.05612248192125],[-114.02986082172545,51.05597069744224],[-114.02995595963856,51.05586579907253],[-114.03012556950428,51.05611916658349],[-114.03068941365228,51.05591695806234],[-114.03106053013636,51.05625142129778],[-114.03185486493918,51.056757373433754],[-114.03236548346469,51.05733038138948],[-114.03273734626741,51.05765433903016],[-114.03276225325425,51.057758846458476],[-114.03269745539434,51.05782659310095],[-114.03259638558417,51.05785839996484],[-114.0317412307257,51.057833419161476],[-114.03110434481874,51.057730316545616],[-114.03046125238328,51.05753593052546],[-114.02997322766613,51.05728422783447],[-114.02993535526709,51.05723746405811],[-114.02993667914194,51.05668020930363],[-114.02985611385668,51.056470872033195]]]}},{"type":"Feature","id":"park-e9b9cdf1662b","properties":{"id":"park-e9b9cdf1662b","layer":"park","assetCode":"REN001","name":null,"type":"SUBNEIGHBOURHOOD PARK","status":"ACTIVE","nearCommunities":[{"communityCode":"BRD","intersectsCommunity":false,"distanceToCommunityM":191}],"sourceDatasetId":"kami-qbfh","siteType":"TITLED"},"geometry":{"type":"Polygon","coordinates":[[[-114.02983702992904,51.056779682602645],[-114.02988441573093,51.05693213066233],[-114.02988714124788,51.0570954712764],[-114.02986347919519,51.05712173178425],[-114.02973102328008,51.05712959019661],[-114.02933556315247,51.056969209330205],[-114.02983702992904,51.056779682602645]]]}},{"type":"Feature","id":"park-e1dc644c90a5","properties":{"id":"park-e1dc644c90a5","layer":"park","assetCode":"REN784","name":null,"type":"SUBNEIGHBOURHOOD PARK","status":"ACTIVE","nearCommunities":[{"communityCode":"BRD","intersectsCommunity":false,"distanceToCommunityM":100}],"sourceDatasetId":"kami-qbfh","siteType":"TITLED"},"geometry":{"type":"Polygon","coordinates":[[[-114.03282690989715,51.05788907128198],[-114.0330638625302,51.057870163857],[-114.03369176514484,51.058199367638196],[-114.0337109877088,51.05826332390042],[-114.03306436893286,51.05854313179457],[-114.0327873012733,51.05862236425209],[-114.03267765197234,51.05861113983728],[-114.03264052958612,51.05856122134915],[-114.03274331655273,51.05797063142424],[-114.03282690989715,51.05788907128198]]]}},{"type":"Feature","id":"park-a4e83cf3707d","properties":{"id":"park-a4e83cf3707d","layer":"park","assetCode":"REN786","name":null,"type":"DISTRICT PARK","status":"ACTIVE","nearCommunities":[{"communityCode":"BRD","intersectsCommunity":false,"distanceToCommunityM":252}],"sourceDatasetId":"kami-qbfh","siteType":"TITLED"},"geometry":{"type":"Polygon","coordinates":[[[-114.02951083122463,51.059057403689735],[-114.03068976445539,51.05882343671077],[-114.0312298172004,51.05879385955961],[-114.03170225632589,51.05881026446352],[-114.03105872516576,51.05911414203533],[-114.03123958116882,51.0595288593181],[-114.03123549289936,51.05955449187295],[-114.03112595027731,51.05959446237627],[-114.03109480165455,51.059648975279806],[-114.03124784631622,51.05982753303869],[-114.03124938821827,51.060429566777046],[-114.03081014690234,51.06019654626499],[-114.03041826277558,51.05994212854444],[-114.03006812123084,51.05966469559669],[-114.02976312347948,51.059366942355],[-114.02951083122463,51.059057403689735]]]}},{"type":"Feature","id":"park-f4c9b33c116a","properties":{"id":"park-f4c9b33c116a","layer":"park","assetCode":"ING011","name":"INGLEWOOD RIVER PROMENADE","type":"NEIGHBOURHOOD PARK","status":"ACTIVE","nearCommunities":[{"communityCode":"BRD","intersectsCommunity":true,"distanceToCommunityM":0}],"sourceDatasetId":"kami-qbfh","siteType":"TITLED"},"geometry":{"type":"Polygon","coordinates":[[[-114.03273378312745,51.04313128442607],[-114.03251139433418,51.04310197703154],[-114.03161209102797,51.04282147337072],[-114.02988152232443,51.0425375598909],[-114.02935119076237,51.04139399648865],[-114.0298656506364,51.04129942356274],[-114.02987873405486,51.041328647656854],[-114.03033626368475,51.04145892505406],[-114.03028304345835,51.041519458673044],[-114.03133794005915,51.04189530043575],[-114.03136237917711,51.04195765658953],[-114.031411886672,51.04197934452092],[-114.03154505066621,51.04201779552023],[-114.03162837252509,51.04192003567579],[-114.03158861740597,51.041906978944574],[-114.03160705550863,51.04188007756351],[-114.03169684636644,51.041911502046275],[-114.0317709719086,51.04182042666414],[-114.03316937977603,51.042357637049356],[-114.03304614770803,51.042518759052825],[-114.03295359375757,51.04257738927884],[-114.0328792414972,51.04282002432842],[-114.03273378312745,51.04313128442607]]]}},{"type":"Feature","id":"park-a890a67943bf","properties":{"id":"park-a890a67943bf","layer":"park","assetCode":"ING034","name":null,"type":"SUBNEIGHBOURHOOD PARK","status":"ACTIVE","nearCommunities":[{"communityCode":"BRD","intersectsCommunity":false,"distanceToCommunityM":326}],"sourceDatasetId":"kami-qbfh","siteType":"TITLED"},"geometry":{"type":"Polygon","coordinates":[[[-114.02049456500971,51.03988230602345],[-114.01948951636103,51.03988469301409],[-114.01945395695533,51.03988477625017],[-114.01963477702732,51.03959841884494],[-114.01991136495708,51.03954160027164],[-114.02029694069581,51.03940760825926],[-114.02078168560037,51.03970064457904],[-114.0211588621428,51.039859366292305],[-114.02107824157642,51.03987945854678],[-114.02068585982605,51.03983089595434],[-114.02055743307683,51.03988123688987],[-114.02050371353022,51.039975671864646],[-114.02049456500971,51.03988230602345]]]}},{"type":"Feature","id":"park-d03e9ece8cb1","properties":{"id":"park-d03e9ece8cb1","layer":"park","assetCode":"ING033","name":null,"type":"SUBNEIGHBOURHOOD PARK","status":"ACTIVE","nearCommunities":[{"communityCode":"BRD","intersectsCommunity":false,"distanceToCommunityM":165}],"sourceDatasetId":"kami-qbfh","siteType":"TITLED"},"geometry":{"type":"Polygon","coordinates":[[[-114.02134481302498,51.04015506437684],[-114.02126658272323,51.040155211685935],[-114.02127064397419,51.04004670657898],[-114.02202434818888,51.04029153560217],[-114.02210320034517,51.040369145323304],[-114.02220053965316,51.04036256436405],[-114.02228259578187,51.040290476205115],[-114.02228267728312,51.04042768659042],[-114.02286010328217,51.040427068054576],[-114.02281698219431,51.04048319942647],[-114.02293387577632,51.04056393497515],[-114.02352796518606,51.040562680587136],[-114.02364407532473,51.04061699653562],[-114.02378488430973,51.04055972310106],[-114.02378494103702,51.04063152593767],[-114.02422136999697,51.040630771066006],[-114.02443656969136,51.04069885051575],[-114.0250833410475,51.040698290980366],[-114.02508304420752,51.04083515982576],[-114.0244217033303,51.040835375400704],[-114.02319001465239,51.04070318404371],[-114.02241190112579,51.040564287946594],[-114.0219955509183,51.04056413151257],[-114.02143208316681,51.04056488166017],[-114.02143212541337,51.040838799012185],[-114.02134523420492,51.040838940769916],[-114.02134481302498,51.04015506437684]]]}},{"type":"Feature","id":"park-523bff032537","properties":{"id":"park-523bff032537","layer":"park","assetCode":"BRD119","name":null,"type":"SUBNEIGHBOURHOOD PARK","status":"ACTIVE","nearCommunities":[{"communityCode":"BRD","intersectsCommunity":true,"distanceToCommunityM":0}],"sourceDatasetId":"kami-qbfh","siteType":"TITLED"},"geometry":{"type":"Polygon","coordinates":[[[-114.02499823715362,51.05222991123809],[-114.02504170908931,51.05222982282317],[-114.02504207320787,51.05096905909921],[-114.02567465072731,51.05096821526813],[-114.02563301738779,51.05138242770314],[-114.02562835301914,51.05225502870357],[-114.025660218511,51.05231301081025],[-114.02499502975922,51.05233917659548],[-114.02499823715362,51.05222991123809]]]}},{"type":"Feature","id":"park-ea04373cc8bf","properties":{"id":"park-ea04373cc8bf","layer":"park","assetCode":"MLI500","name":"CENTRE MAIN OFFICE (MAYLAND HEIGHTS)","type":"PARKS DEPOT","status":"ACTIVE","nearCommunities":[{"communityCode":"BRD","intersectsCommunity":false,"distanceToCommunityM":241}],"sourceDatasetId":"kami-qbfh","siteType":"TITLED"},"geometry":{"type":"Polygon","coordinates":[[[-114.01461263622154,51.050103388204974],[-114.01472740393474,51.05013676523425],[-114.014764194671,51.05019426965969],[-114.01476617378127,51.052305245159786],[-114.01469565009957,51.052362212922205],[-114.014621049537,51.052372785200156],[-114.01354427844358,51.05236041562319],[-114.01346839341463,51.052280615443564],[-114.0134620523248,51.05035774860549],[-114.01348707601085,51.050280504210264],[-114.01360625044273,51.050167942642084],[-114.01376869195934,51.05011391155556],[-114.01461263622154,51.050103388204974]]]}},{"type":"Feature","id":"park-85c0f1ed59ff","properties":{"id":"park-85c0f1ed59ff","layer":"park","assetCode":"ING036","name":null,"type":"NEIGHBOURHOOD PARK","status":"ACTIVE","nearCommunities":[{"communityCode":"BRD","intersectsCommunity":true,"distanceToCommunityM":0}],"sourceDatasetId":"kami-qbfh","siteType":"TITLED"},"geometry":{"type":"Polygon","coordinates":[[[-114.01875107743295,51.04376116082338],[-114.01898510357236,51.04368411697621],[-114.01896266829522,51.043280056298805],[-114.02021594288986,51.04287712226541],[-114.02031592504517,51.04255248824888],[-114.0202907268373,51.04253745639285],[-114.02065507928606,51.042073949158315],[-114.0208619682146,51.04189717237721],[-114.02115632014197,51.0417826549346],[-114.02150468566548,51.04174991006369],[-114.02182366060771,51.04182159623765],[-114.02219735872829,51.04206417326053],[-114.02237328172399,51.04230049069352],[-114.02280699936199,51.04213310066519],[-114.02377581952074,51.04197197691517],[-114.02500033214943,51.041974026371214],[-114.02500024211041,51.04210082663635],[-114.02511095338558,51.042120938116085],[-114.02510807126441,51.04222607371158],[-114.02528740456194,51.04222589121299],[-114.02528797534691,51.0423209054181],[-114.02422849689378,51.04232045921444],[-114.02418502286352,51.04229597568013],[-114.0236689446773,51.0424044795786],[-114.0228502773835,51.0426189578219],[-114.0219188037036,51.04294126813333],[-114.02159967492933,51.04300641053685],[-114.02086207319046,51.0432167703901],[-114.02074923259812,51.043274383217316],[-114.02005700256858,51.04344712046026],[-114.0197857181149,51.043576172094276],[-114.01933311059678,51.043704580797204],[-114.01875485895296,51.04382394092717],[-114.01875107743295,51.04376116082338]]]}},{"type":"Feature","id":"park-d0facc34cbcf","properties":{"id":"park-d0facc34cbcf","layer":"park","assetCode":"MAL498","name":null,"type":"SUBNEIGHBOURHOOD PARK","status":"ACTIVE","nearCommunities":[{"communityCode":"BRD","intersectsCommunity":false,"distanceToCommunityM":294}],"sourceDatasetId":"kami-qbfh","siteType":"TITLED"},"geometry":{"type":"Polygon","coordinates":[[[-114.0147196031884,51.05475538922176],[-114.01723511862977,51.05475086782782],[-114.01723637527513,51.05516202135353],[-114.01654955513419,51.05515914681579],[-114.01654003796348,51.05508210628774],[-114.01642602267924,51.05504064021483],[-114.01626668132872,51.05509208368004],[-114.01617681216332,51.055046940802924],[-114.01541210322678,51.055163348885515],[-114.0147196031884,51.05475538922176]]]}},{"type":"Feature","id":"park-c30bc7fa7e21","properties":{"id":"park-c30bc7fa7e21","layer":"park","assetCode":"REN782","name":null,"type":"SUBNEIGHBOURHOOD PARK","status":"ACTIVE","nearCommunities":[{"communityCode":"BRD","intersectsCommunity":false,"distanceToCommunityM":3}],"sourceDatasetId":"kami-qbfh","siteType":"TITLED"},"geometry":{"type":"Polygon","coordinates":[[[-114.03154369631933,51.05468788128531],[-114.03136575137408,51.054367283902735],[-114.03124526737999,51.05396109775104],[-114.0309927332013,51.053559980777806],[-114.03067327093953,51.05360014661091],[-114.0305583982234,51.053132069395474],[-114.0303819343711,51.052642434522504],[-114.03061032027682,51.05280275155741],[-114.03091217579856,51.05323937475964],[-114.03146706191363,51.05378934001],[-114.03164297958418,51.05400688507522],[-114.03168536240187,51.05417248399266],[-114.03167964118687,51.054383458056606],[-114.03163239377174,51.05469857575625],[-114.03154369631933,51.05468788128531]]]}},{"type":"Feature","id":"park-0b39527f41d5","properties":{"id":"park-0b39527f41d5","layer":"park","assetCode":"MLI970","name":null,"type":"SUBNEIGHBOURHOOD PARK","status":"ACTIVE","nearCommunities":[{"communityCode":"BRD","intersectsCommunity":false,"distanceToCommunityM":244}],"sourceDatasetId":"kami-qbfh","siteType":"TITLED"},"geometry":{"type":"Polygon","coordinates":[[[-114.01223368605675,51.04909785135779],[-114.01269242290428,51.048860239930455],[-114.01277902759652,51.04867125025399],[-114.01279679770722,51.048241168966705],[-114.014220500791,51.04893952420027],[-114.01371002175186,51.04892249032856],[-114.01280993099743,51.0489535440694],[-114.01250742749762,51.049002865703734],[-114.01223368605675,51.04909785135779]]]}},{"type":"Feature","id":"park-e1b7beea93a5","properties":{"id":"park-e1b7beea93a5","layer":"park","assetCode":"MLI972","name":null,"type":"SUBNEIGHBOURHOOD PARK","status":"ACTIVE","nearCommunities":[{"communityCode":"BRD","intersectsCommunity":false,"distanceToCommunityM":261}],"sourceDatasetId":"kami-qbfh","siteType":"TITLED"},"geometry":{"type":"Polygon","coordinates":[[[-114.00870095056852,51.0464232830377],[-114.00915053478009,51.046597780722834],[-114.00963368248674,51.046740482630966],[-114.0113915882194,51.04742350979645],[-114.01128447976255,51.047479470461006],[-114.01076319467445,51.04738179228374],[-114.0085581090098,51.04679209546592],[-114.00850421439871,51.04674598927702],[-114.00850042115383,51.0466694168307],[-114.00861406697328,51.04656713954221],[-114.00870095056852,51.0464232830377]]]}},{"type":"Feature","id":"park-376a2d814569","properties":{"id":"park-376a2d814569","layer":"park","assetCode":"BRD890","name":"TOM CAMPBELL'S HILL","type":"DISTRICT PARK","status":"ACTIVE","nearCommunities":[{"communityCode":"BRD","intersectsCommunity":true,"distanceToCommunityM":0}],"sourceDatasetId":"kami-qbfh","siteType":"TITLED"},"geometry":{"type":"Polygon","coordinates":[[[-114.0324350183631,51.05230309080557],[-114.03173251130062,51.052301577385954],[-114.03160898247106,51.05234729662168],[-114.0315592029701,51.05242656525532],[-114.03029792079315,51.052428375108256],[-114.03022608296985,51.05224302564897],[-114.03008108715314,51.05224262795165],[-114.02997837678497,51.05228882015603],[-114.02848597048477,51.05228433894429],[-114.02822366539817,51.05236726353586],[-114.02585878157,51.052341006890934],[-114.02587972028527,51.05108826915313],[-114.02629413432821,51.049023785201776],[-114.02636961847561,51.048842858935444],[-114.02659440380077,51.048572855491194],[-114.02681221880492,51.04841500005333],[-114.02704672849995,51.04829875379301],[-114.02759805215408,51.04814464885698],[-114.02815981694725,51.04811686246067],[-114.02848914075119,51.04815492607045],[-114.02890744981165,51.04826683537201],[-114.03083780984564,51.04907461737776],[-114.03112031982721,51.049111553204746],[-114.03139969715856,51.04908770065943],[-114.03137793205768,51.04919336276003],[-114.03142395871583,51.04928028104873],[-114.03178816624333,51.04959229686337],[-114.03214162544647,51.04999568784855],[-114.03214394594089,51.050982672651784],[-114.03243091177555,51.05098344740614],[-114.0324350183631,51.05230309080557]]]}},{"type":"Feature","id":"park-41bdc925c57c","properties":{"id":"park-41bdc925c57c","layer":"park","assetCode":"ING030","name":null,"type":"SUBNEIGHBOURHOOD PARK","status":"ACTIVE","nearCommunities":[{"communityCode":"BRD","intersectsCommunity":false,"distanceToCommunityM":101}],"sourceDatasetId":"kami-qbfh","siteType":"TITLED"},"geometry":{"type":"Polygon","coordinates":[[[-114.02843618175795,51.04116062613345],[-114.0274972430523,51.04107400363742],[-114.02729618775993,51.04100752669811],[-114.02722807599024,51.04094927738988],[-114.02725591561179,51.04091429991668],[-114.02722592039376,51.04087946357772],[-114.02722239237242,51.04053840447143],[-114.028053983283,51.04084850486153],[-114.02806911980554,51.04092895939326],[-114.02813316199259,51.04096915419933],[-114.0282641942634,51.040946633853814],[-114.02846425063545,51.04085878341902],[-114.02862146078773,51.041150140225184],[-114.02920139403948,51.04104303865253],[-114.02926177022441,51.0411721611512],[-114.02948652855356,51.04122536526955],[-114.02951317465961,51.04128483645298],[-114.02868611853013,51.04143770970702],[-114.02865931106363,51.04137629659274],[-114.02890992700306,51.04132238543767],[-114.02893359787835,51.04128113196259],[-114.02843618175795,51.04116062613345]]]}},{"type":"Feature","id":"park-5ce68717ee8a","properties":{"id":"park-5ce68717ee8a","layer":"park","assetCode":"HOU542","name":"LIONS PARK","type":"NEIGHBOURHOOD PARK","status":"ACTIVE","nearCommunities":[{"communityCode":"HIL","intersectsCommunity":false,"distanceToCommunityM":27}],"sourceDatasetId":"kami-qbfh","siteType":"TITLED"},"geometry":{"type":"Polygon","coordinates":[[[-114.09941759408403,51.06445805768459],[-114.09868050902944,51.06428593065863],[-114.09797615210516,51.06419529380279],[-114.09548201059428,51.06416204428497],[-114.09538629688849,51.06410764660734],[-114.09526397425626,51.06379230656653],[-114.09511370633028,51.06363265667848],[-114.0952215621415,51.06362715167356],[-114.0959764136819,51.06378040036214],[-114.09652597357632,51.06383425287672],[-114.09713252083587,51.06384102672015],[-114.09837163984906,51.063778709501534],[-114.09902105528178,51.06384465445653],[-114.09972222470401,51.06407410138752],[-114.09977500977666,51.06423678260707],[-114.09988243814274,51.06430804036004],[-114.10027421404487,51.06433358990839],[-114.10027311509175,51.06457046689196],[-114.10033719064634,51.064654666124724],[-114.10044628708553,51.064692941182685],[-114.10044618681596,51.064749257033995],[-114.09941759408403,51.06445805768459]]]}},{"type":"Feature","id":"park-4c56f8d82e81","properties":{"id":"park-4c56f8d82e81","layer":"park","assetCode":"CAP001","name":null,"type":"SUBNEIGHBOURHOOD PARK","status":"ACTIVE","nearCommunities":[{"communityCode":"HIL","intersectsCommunity":false,"distanceToCommunityM":18}],"sourceDatasetId":"kami-qbfh","siteType":"TITLED"},"geometry":{"type":"Polygon","coordinates":[[[-114.09360134835792,51.067325384100016],[-114.09347128627758,51.067327350834454],[-114.09341226990192,51.067377684595336],[-114.09326591024433,51.06737845231158],[-114.09326437300643,51.06709628840755],[-114.0935921887908,51.06709414486561],[-114.09367519265194,51.06714070795998],[-114.09381992358321,51.06730012492061],[-114.09411119270413,51.067779084071354],[-114.09399530163,51.06780929640367],[-114.09393442595297,51.06776720431974],[-114.09383167765252,51.06776114956958],[-114.09381136187947,51.067394128999936],[-114.09365170157275,51.0673756321563],[-114.09360134835792,51.067325384100016]]]}},{"type":"Feature","id":"park-447624882794","properties":{"id":"park-447624882794","layer":"park","assetCode":"SSD819","name":null,"type":"SUBNEIGHBOURHOOD PARK","status":"ACTIVE","nearCommunities":[{"communityCode":"SSD","intersectsCommunity":true,"distanceToCommunityM":0}],"sourceDatasetId":"kami-qbfh","siteType":"TITLED"},"geometry":{"type":"Polygon","coordinates":[[[-114.07227737863485,51.06051006726494],[-114.07286892967375,51.06051024297902],[-114.072869680661,51.06083052160271],[-114.07284612421314,51.06084070904052],[-114.07250484247743,51.06081565114966],[-114.07227746743246,51.06070086301681],[-114.07227737863485,51.06051006726494]]]}},{"type":"Feature","id":"park-29a3f18e41cf","properties":{"id":"park-29a3f18e41cf","layer":"park","assetCode":"WHL493","name":"WEST HILLHURST CMTY ASSOC; BOWVIEW POOL","type":"NEIGHBOURHOOD PARK","status":"ACTIVE","nearCommunities":[{"communityCode":"HIL","intersectsCommunity":false,"distanceToCommunityM":5}],"sourceDatasetId":"kami-qbfh","siteType":"TITLED"},"geometry":{"type":"Polygon","coordinates":[[[-114.10519431559335,51.05958626995124],[-114.10266456821813,51.059593094923535],[-114.102586065953,51.0595591251947],[-114.10258963866059,51.05768617615919],[-114.10533598347455,51.05766575771739],[-114.10546964953879,51.057703250160344],[-114.1054830866566,51.059092515796635],[-114.10559873651025,51.05938049035168],[-114.10557040802703,51.059444127152695],[-114.10538520470904,51.05954516784499],[-114.10519431559335,51.05958626995124]]]}},{"type":"Feature","id":"park-ff4823c5617e","properties":{"id":"park-ff4823c5617e","layer":"park","assetCode":"RDL476","name":"TECHVIEW PARK","type":"SUBNEIGHBOURHOOD PARK","status":"ACTIVE","nearCommunities":[{"communityCode":"HIL","intersectsCommunity":false,"distanceToCommunityM":7}],"sourceDatasetId":"kami-qbfh","siteType":"TITLED"},"geometry":{"type":"Polygon","coordinates":[[[-114.08466870895876,51.066226902459846],[-114.08456226232748,51.06627376012029],[-114.08419092315232,51.066273869932154],[-114.0841913335038,51.06550123528456],[-114.08407888402907,51.06424758693947],[-114.08444857732884,51.06424568072747],[-114.08462837356949,51.065167220123435],[-114.08469529986058,51.0656833424247],[-114.08471672600605,51.065974028705604],[-114.08467388833428,51.06636473780516],[-114.08466870895876,51.066226902459846]]]}},{"type":"Feature","id":"park-07fb1bceb321","properties":{"id":"park-07fb1bceb321","layer":"park","assetCode":"WHL472","name":"BADEN-POWEL PARK","type":"NON-PARK","status":"ACTIVE","nearCommunities":[{"communityCode":"HIL","intersectsCommunity":false,"distanceToCommunityM":344}],"sourceDatasetId":"kami-qbfh","siteType":"TITLED"},"geometry":{"type":"Polygon","coordinates":[[[-114.10815896326908,51.049358601426334],[-114.10891457907417,51.0493660070194],[-114.10891526363487,51.0497104813022],[-114.10811575140505,51.04971054434466],[-114.10812180078797,51.04943584859285],[-114.10815896326908,51.049358601426334]]]}},{"type":"Feature","id":"park-099e927890fb","properties":{"id":"park-099e927890fb","layer":"park","assetCode":"SNA000","name":"PUMPHOUSE THEATRE DEPOT","type":"PARKS DEPOT","status":"ACTIVE","nearCommunities":[{"communityCode":"HIL","intersectsCommunity":false,"distanceToCommunityM":330}],"sourceDatasetId":"kami-qbfh","siteType":"TITLED"},"geometry":{"type":"MultiPolygon","coordinates":[[[[-114.10791036214711,51.045849412076315],[-114.10824773482544,51.04619608399017],[-114.10848302261056,51.0465117898599],[-114.10863948709256,51.04678890044292],[-114.10791036214711,51.045849412076315]]],[[[-114.1077036620686,51.04567204217316],[-114.10758934230118,51.04563034359834],[-114.10758372781086,51.04562727787297],[-114.10762817959622,51.04560865612179],[-114.1077036620686,51.04567204217316]]],[[[-114.10888837252429,51.04758205545861],[-114.10810399758772,51.047683676696494],[-114.10785332232713,51.04742566743808],[-114.10881678213175,51.04723922042808],[-114.10888837252429,51.04758205545861]]]]}},{"type":"Feature","id":"park-b81edad37ac0","properties":{"id":"park-b81edad37ac0","layer":"park","assetCode":"WHL563","name":"BRIAR HILL ESCARPMENT","type":"COMMUNITY PARK","status":"ACTIVE","nearCommunities":[{"communityCode":"HIL","intersectsCommunity":false,"distanceToCommunityM":280}],"sourceDatasetId":"kami-qbfh","siteType":"TITLED"},"geometry":{"type":"Polygon","coordinates":[[[-114.10640267838592,51.06147866129601],[-114.10639829333897,51.060243964394594],[-114.10734362286048,51.06024281424126],[-114.10734401137755,51.05974210126869],[-114.10727621167636,51.05974216351046],[-114.10729577393629,51.05967009660064],[-114.10822297624132,51.05967085023706],[-114.10819823529543,51.06000431278941],[-114.10811732018318,51.06035321128662],[-114.10798240050711,51.06069544482267],[-114.1078052426282,51.061009181238155],[-114.10768302288683,51.06100929752036],[-114.10640267838592,51.06147866129601]]]}},{"type":"Feature","id":"park-2024c8063629","properties":{"id":"park-2024c8063629","layer":"park","assetCode":"SNA897","name":null,"type":"SUBNEIGHBOURHOOD PARK","status":"ACTIVE","nearCommunities":[{"communityCode":"BLN","intersectsCommunity":false,"distanceToCommunityM":324}],"sourceDatasetId":"kami-qbfh","siteType":"TITLED"},"geometry":{"type":"Polygon","coordinates":[[[-114.09993682642809,51.042908190392424],[-114.09933628069342,51.04289488152545],[-114.09936903610804,51.04254827766882],[-114.09940189244938,51.042510278869],[-114.0999633215678,51.04251721117655],[-114.09993682642809,51.042908190392424]]]}},{"type":"Feature","id":"park-5dd7ef6d26bd","properties":{"id":"park-5dd7ef6d26bd","layer":"park","assetCode":"WHL439","name":"CALGARY UNITED SOCCER ASSOC","type":"SUBNEIGHBOURHOOD PARK","status":"ACTIVE","nearCommunities":[{"communityCode":"HIL","intersectsCommunity":false,"distanceToCommunityM":170}],"sourceDatasetId":"kami-qbfh","siteType":"TITLED"},"geometry":{"type":"Polygon","coordinates":[[[-114.10570748236003,51.0501532887817],[-114.10564682518567,51.05011583847838],[-114.10563844823434,51.050070384995514],[-114.10563532814761,51.049343936842284],[-114.1056816911397,51.04926744627495],[-114.10572673255332,51.04928082720709],[-114.10591381815568,51.04922918263932],[-114.10787121786316,51.049227851025],[-114.10790129199204,51.05014112576403],[-114.10570748236003,51.0501532887817]]]}},{"type":"Feature","id":"park-1d15913ff4c2","properties":{"id":"park-1d15913ff4c2","layer":"park","assetCode":"ING029","name":"OUTWEST PARK","type":"SUBNEIGHBOURHOOD PARK","status":"ACTIVE","nearCommunities":[{"communityCode":"BRD","intersectsCommunity":false,"distanceToCommunityM":204},{"communityCode":"BLN","intersectsCommunity":false,"distanceToCommunityM":9}],"sourceDatasetId":"kami-qbfh","siteType":"TITLED"},"geometry":{"type":"Polygon","coordinates":[[[-114.04276033456823,51.043247756255326],[-114.04258149140784,51.04344616658277],[-114.0423715086902,51.04340153064803],[-114.04234933827534,51.04344213902612],[-114.04163679234743,51.04329982052594],[-114.04162683946214,51.043251302871184],[-114.04176637784711,51.043014715156396],[-114.04188579367738,51.043079910937244],[-114.04255281447193,51.04324112565034],[-114.04276033456823,51.043247756255326]]]}},{"type":"Feature","id":"park-49eef546aefa","properties":{"id":"park-49eef546aefa","layer":"park","assetCode":"CLI278","name":"EVAMY RIDGE PARK; MONTESSORI SCHOOL; HOLY ANGELS SCHOOL","type":"NEIGHBOURHOOD PARK","status":"ACTIVE","nearCommunities":[{"communityCode":"BLN","intersectsCommunity":false,"distanceToCommunityM":321}],"sourceDatasetId":"kami-qbfh","siteType":"TITLED"},"geometry":{"type":"Polygon","coordinates":[[[-114.0758600359757,51.0348140659873],[-114.07584226012573,51.034244434840915],[-114.07688415929823,51.03424435510406],[-114.07671175554206,51.03454201058862],[-114.07663783264582,51.034542510372546],[-114.07634142211646,51.034955608986444],[-114.0758600359757,51.0348140659873]]]}},{"type":"Feature","id":"park-6c2b1cf934b1","properties":{"id":"park-6c2b1cf934b1","layer":"park","assetCode":"RAM415","name":"STAMPEDE PATHWAY; SCOTMAN'S HILL","type":"DISTRICT PARK","status":"ACTIVE","nearCommunities":[{"communityCode":"BRD","intersectsCommunity":false,"distanceToCommunityM":267},{"communityCode":"BLN","intersectsCommunity":true,"distanceToCommunityM":0}],"sourceDatasetId":"kami-qbfh","siteType":"TITLED"},"geometry":{"type":"MultiPolygon","coordinates":[[[[-114.04957681393341,51.03501737001135],[-114.04953787198399,51.03501733168667],[-114.04957681675522,51.03501734214193],[-114.04957681393341,51.03501737001135]]],[[[-114.04273754321434,51.042879626805544],[-114.04195451593894,51.04269929950578],[-114.04198644605759,51.04264626387557],[-114.04249080538555,51.04276237553466],[-114.0425776032461,51.04274365608258],[-114.04279427572693,51.04279326861761],[-114.04301743214474,51.042295640715174],[-114.04296727475028,51.04228363898739],[-114.0429038373713,51.04189206931914],[-114.0432333447019,51.041869113962576],[-114.04346317873082,51.04164931052885],[-114.0435486339947,51.04167804588178],[-114.0438805292734,51.041347000478545],[-114.04404526774043,51.04126760406658],[-114.04408589368697,51.041209479076564],[-114.04435893120501,51.04128862571043],[-114.04414900317678,51.04141459570211],[-114.0437625594611,51.041738769869305],[-114.04371578664282,51.041866527956046],[-114.04329897237133,51.04240762888815],[-114.043032750651,51.04292731601645],[-114.04294262865308,51.043038634007715],[-114.04273084086672,51.043003505125895],[-114.04273754321434,51.042879626805544]]],[[[-114.04957681675522,51.03501734214193],[-114.04901223600699,51.03501660398809],[-114.04901228159785,51.03467461683571],[-114.04841015595599,51.03467485431533],[-114.0484084202692,51.03228084475624],[-114.04938853369615,51.03228022071379],[-114.0495133007172,51.03195509934193],[-114.05023318731347,51.030985684933526],[-114.050272235588,51.03083938145331],[-114.05033046574253,51.03083941392458],[-114.0503260711759,51.03074920182446],[-114.05042782072988,51.03065127480949],[-114.05060407291425,51.03072593585535],[-114.05016910700775,51.03131525709209],[-114.0499300198122,51.03170551211905],[-114.04988158954576,51.03173028518848],[-114.04987153607092,51.0317890186418],[-114.04977372198273,51.03186565484111],[-114.04970291852578,51.03201045956155],[-114.04964772688865,51.032074898199866],[-114.0495021927098,51.0320749743185],[-114.04943231776915,51.032280216586045],[-114.04948733905455,51.032280210381],[-114.04948312099495,51.0323088220559],[-114.04933208005016,51.03252774054304],[-114.04924943370648,51.032718161276875],[-114.04925410917434,51.03291376912184],[-114.04934773762324,51.03307340290104],[-114.04932329966222,51.03344817528019],[-114.04968218359713,51.03450264504516],[-114.0497094389649,51.03501775147701],[-114.04957681675522,51.03501734214193]]],[[[-114.04444103205677,51.04119019913085],[-114.04430085144871,51.04115948676498],[-114.04423434554168,51.04111813038724],[-114.04424062273837,51.04106888581573],[-114.04409197618433,51.04102403824002],[-114.04403353982052,51.04105158954948],[-114.04328157587209,51.04108140262856],[-114.04317664127005,51.04102583271176],[-114.04401259840132,51.039409692343355],[-114.04495369554822,51.039600504609396],[-114.04542136721422,51.038962163578766],[-114.04554594668917,51.03895327997746],[-114.046215439365,51.03772161647103],[-114.04738482496876,51.03619175872853],[-114.04753590505678,51.036039276215845],[-114.048384652154,51.03544986571557],[-114.04841688170701,51.035388146737006],[-114.04841755563623,51.035172895923765],[-114.0490762561873,51.035153410086544],[-114.04907618402196,51.0350850880275],[-114.04970748030277,51.03508470256472],[-114.04976705352588,51.035347315410256],[-114.0497213979205,51.03548239592022],[-114.04968807159196,51.03587686224549],[-114.04970142115162,51.03613798535321],[-114.04960281645377,51.03656466803787],[-114.04950278203404,51.036753872691804],[-114.04944007097143,51.03701847105414],[-114.04933432408751,51.03717375965585],[-114.04932149108444,51.03727668147493],[-114.04923228970681,51.03739394805882],[-114.04921517459074,51.03750357441984],[-114.04879668498711,51.038129773223595],[-114.04839331063846,51.03851446194437],[-114.04825845671876,51.0387059992345],[-114.04807663267245,51.03880345106572],[-114.04780517069157,51.039086177451985],[-114.0470180544582,51.03967266568855],[-114.04560060835765,51.04051666098796],[-114.04536493078346,51.04061081954545],[-114.04472832474964,51.04101548093345],[-114.04464911726151,51.041107131046175],[-114.04444103205677,51.04119019913085]]]]}},{"type":"Feature","id":"park-979846e69a93","properties":{"id":"park-979846e69a93","layer":"park","assetCode":"BRD777","name":"HIDDEN SLOPES PARK","type":"SUBNEIGHBOURHOOD PARK","status":"ACTIVE","nearCommunities":[{"communityCode":"BRD","intersectsCommunity":true,"distanceToCommunityM":0}],"sourceDatasetId":"kami-qbfh","siteType":"TITLED"},"geometry":{"type":"Polygon","coordinates":[[[-114.05064001146036,51.05693651889997],[-114.0507270431307,51.056936912669364],[-114.05072621119774,51.056582822533215],[-114.05099074753416,51.05657223621347],[-114.05127221700789,51.05661603683901],[-114.051290465012,51.05652926908922],[-114.05148400254934,51.05652942672829],[-114.05147742133997,51.057039155465986],[-114.0513877141256,51.05713085406883],[-114.05064188966395,51.05716367738965],[-114.05064001146036,51.05693651889997]]]}},{"type":"Feature","id":"park-a86778e8cd88","properties":{"id":"park-a86778e8cd88","layer":"park","assetCode":"ERL246","name":"LINDSAY PARK; MNP COMMUNITY AND SPORT CENTRE","type":"DISTRICT PARK","status":"ACTIVE","nearCommunities":[{"communityCode":"BLN","intersectsCommunity":false,"distanceToCommunityM":7}],"sourceDatasetId":"kami-qbfh","siteType":"TITLED"},"geometry":{"type":"MultiPolygon","coordinates":[[[[-114.06088865789383,51.03486606919308],[-114.06096149541185,51.03489410620976],[-114.06110294343327,51.035022900397806],[-114.06105374939504,51.03502983023466],[-114.06086127712321,51.03489291785684],[-114.06088865789383,51.03486606919308]]],[[[-114.06115334590592,51.03483027764675],[-114.0611868247305,51.03485345367738],[-114.06111249450704,51.034968606308645],[-114.06108011202305,51.03497577907756],[-114.06097747918872,51.03488400238279],[-114.06115334590592,51.03483027764675]]],[[[-114.06298860893709,51.035858134711084],[-114.06221152761444,51.03587954110315],[-114.06181557005262,51.03584870151355],[-114.06138082070835,51.03576972378149],[-114.0613859926521,51.0354237811689],[-114.06123094713948,51.035114834495964],[-114.06120991013654,51.03498511444672],[-114.06130020941026,51.03485864427416],[-114.06142460652167,51.034793610040715],[-114.06148058944535,51.03480156350142],[-114.06137103721649,51.034672159697195],[-114.06133464514167,51.034710187463276],[-114.06100130667659,51.03479943236543],[-114.06082447329192,51.0347900313556],[-114.0606507947675,51.03468638170458],[-114.06034242362016,51.03441819729709],[-114.06019985545969,51.03422951303656],[-114.06008542427435,51.03397165418392],[-114.05996305173134,51.033802242251525],[-114.05987468791177,51.03352667616782],[-114.05986119769591,51.03324221317616],[-114.0610215631489,51.03324538786463],[-114.06102066376594,51.033382361585986],[-114.06335755402063,51.033386689015366],[-114.06347046721261,51.033332007814],[-114.06349016408215,51.03325318036448],[-114.06405532828543,51.0332540064741],[-114.0640586895538,51.03284304170195],[-114.06397110866007,51.03284284695114],[-114.06397410051598,51.03243227970178],[-114.06393539025927,51.03229547144581],[-114.06349877004362,51.03229363465807],[-114.06350077123516,51.032017874675596],[-114.06347102194258,51.03194810337662],[-114.06335495008177,51.031886796902945],[-114.06317116926729,51.03187787427025],[-114.06317348315659,51.03136764825794],[-114.06342035683842,51.03160842673735],[-114.0638245758048,51.03192501950951],[-114.0639579094496,51.03216432918492],[-114.06406951049333,51.03247899932307],[-114.06416740388941,51.03263492142631],[-114.0645792751019,51.0331008770587],[-114.06485276305001,51.03325649734277],[-114.06483004133887,51.033256382294766],[-114.0648999231461,51.03334153399396],[-114.06532851192998,51.03347193247847],[-114.06570077235278,51.03349739484779],[-114.06615451651082,51.033891744063766],[-114.06645377927235,51.03424485530004],[-114.06728364666692,51.03424485530004],[-114.06721439804159,51.034400401533226],[-114.06696716934941,51.03464664865511],[-114.06669033365942,51.03482742001792],[-114.06671183401077,51.034857145838785],[-114.06664075574429,51.034953664381696],[-114.06651110192031,51.03503586858989],[-114.06640655799713,51.03506202528126],[-114.0664082779704,51.03511723934362],[-114.06626143060403,51.03517293328108],[-114.06607982414207,51.03531794186769],[-114.06554438755776,51.03548974081759],[-114.06556268769499,51.0355545915885],[-114.06549768734136,51.03561599205719],[-114.06534255736796,51.03562374714852],[-114.06520022504033,51.03557450888013],[-114.0643254178883,51.035777236010695],[-114.06310980358106,51.03588303385946],[-114.06298860893709,51.035858134711084]]]]}},{"type":"Feature","id":"park-fa6e54b2876d","properties":{"id":"park-fa6e54b2876d","layer":"park","assetCode":"DNW129","name":"POETIC PARK","type":"SUBNEIGHBOURHOOD PARK","status":"ACTIVE","nearCommunities":[{"communityCode":"HIL","intersectsCommunity":false,"distanceToCommunityM":62},{"communityCode":"SSD","intersectsCommunity":false,"distanceToCommunityM":74}],"sourceDatasetId":"kami-qbfh","siteType":"TITLED"},"geometry":{"type":"Polygon","coordinates":[[[-114.0835608991948,51.04947842626313],[-114.08382382385722,51.04948408312138],[-114.08379359037544,51.04986862061176],[-114.08358789964005,51.04986796420821],[-114.08354959927254,51.04983590186202],[-114.0835608991948,51.04947842626313]]]}},{"type":"Feature","id":"park-1a7b9e1a6c4f","properties":{"id":"park-1a7b9e1a6c4f","layer":"park","assetCode":"REN787","name":"STANLEY JONES PARK","type":"SUBNEIGHBOURHOOD PARK","status":"ACTIVE","nearCommunities":[{"communityCode":"BRD","intersectsCommunity":false,"distanceToCommunityM":128}],"sourceDatasetId":"kami-qbfh","siteType":"TITLED"},"geometry":{"type":"Polygon","coordinates":[[[-114.04841131529132,51.05954510648586],[-114.04841343322461,51.058514689582836],[-114.04843776781853,51.058472467407874],[-114.04854306181122,51.05844464911277],[-114.04949249252842,51.058450067318226],[-114.04959206473309,51.05849350835574],[-114.04960195090705,51.05956482607567],[-114.04958090583023,51.05961323560677],[-114.04948668452188,51.05964164706053],[-114.04853814431029,51.05959575406125],[-114.04841131529132,51.05954510648586]]]}},{"type":"Feature","id":"park-65ae26d6e579","properties":{"id":"park-65ae26d6e579","layer":"park","assetCode":"BLN004","name":"CONNAUGHT PARK; HISTORICALLY KNOWN AS ST STEPHENS KIWANIS PARK","type":"SUBNEIGHBOURHOOD PARK","status":"ACTIVE","nearCommunities":[{"communityCode":"BLN","intersectsCommunity":true,"distanceToCommunityM":0}],"sourceDatasetId":"kami-qbfh","siteType":"TITLED"},"geometry":{"type":"Polygon","coordinates":[[[-114.08889391413115,51.04020833508479],[-114.08792139334113,51.040179395587536],[-114.08795321927097,51.03977536002336],[-114.08898598317712,51.039804118557164],[-114.08896076283429,51.04017331412368],[-114.08889391413115,51.04020833508479]]]}},{"type":"Feature","id":"park-d43e890f10fa","properties":{"id":"park-d43e890f10fa","layer":"park","assetCode":"HOU562","name":"BETHANY SLOPE","type":"NEIGHBOURHOOD PARK","status":"ACTIVE","nearCommunities":[{"communityCode":"HIL","intersectsCommunity":false,"distanceToCommunityM":155}],"sourceDatasetId":"kami-qbfh","siteType":"TITLED"},"geometry":{"type":"Polygon","coordinates":[[[-114.09958570335152,51.06284053871611],[-114.09964246640556,51.06211251094707],[-114.09919592557742,51.06211238730762],[-114.09919626175585,51.06156408666666],[-114.09871807179537,51.06156395209764],[-114.09871784752211,51.06186835284249],[-114.09864671332629,51.062251575867975],[-114.09804071887982,51.062240143762985],[-114.09796755584304,51.062210494115284],[-114.09794221145478,51.06216209318583],[-114.09794209983325,51.061565600896834],[-114.09832668638606,51.06156381630376],[-114.09832509762818,51.06123739227937],[-114.09794048717525,51.06124076626888],[-114.09790615458125,51.06117209566357],[-114.09780246156112,51.061140919850445],[-114.09780563337219,51.061057226588076],[-114.10062953054621,51.06106104159672],[-114.1006696171336,51.06124856840147],[-114.10074379051643,51.06140842245552],[-114.10159133914557,51.06267500420038],[-114.10055914935158,51.0627052570869],[-114.099641681103,51.062859838663265],[-114.09958570335152,51.06284053871611]]]}},{"type":"Feature","id":"park-48d42c70f300","properties":{"id":"park-48d42c70f300","layer":"park","assetCode":"CHN114","name":"JACK AND JEAN LESLIE RIVERWALK","type":"REGIONAL PARK","status":"ACTIVE","nearCommunities":[{"communityCode":"SSD","intersectsCommunity":false,"distanceToCommunityM":11},{"communityCode":"BRD","intersectsCommunity":false,"distanceToCommunityM":3}],"sourceDatasetId":"kami-qbfh","siteType":"TITLED"},"geometry":{"type":"Polygon","coordinates":[[[-114.06240549440125,51.05240480199688],[-114.0621997949149,51.05235571448455],[-114.06217355599992,51.052317867329606],[-114.06159928093048,51.05210507720373],[-114.06141260389728,51.052063008240694],[-114.06127540552593,51.05196290596546],[-114.06110856701213,51.05189551105428],[-114.05966080403473,51.05144566978295],[-114.05870671826004,51.05125482728114],[-114.05795564913346,51.05104996669981],[-114.05688074986524,51.0508187728981],[-114.0562263981084,51.050723538616424],[-114.0546120433497,51.05040315690729],[-114.0529357770867,51.0497888609591],[-114.05262796412951,51.04963330599414],[-114.05278197045047,51.04945596364021],[-114.05284786110802,51.049448315972626],[-114.05357676161172,51.04977097151564],[-114.05398226847913,51.049887885108085],[-114.05726062513752,51.05059849018966],[-114.05736673749146,51.050591463030436],[-114.05787178972382,51.05070681113414],[-114.05792859151792,51.05075148709979],[-114.05968418568868,51.05114448321672],[-114.05977134204784,51.0511326657374],[-114.06023394044615,51.05123910482441],[-114.06123695486768,51.05157506181065],[-114.06199123291063,51.05189288962335],[-114.06243112273684,51.05204350934055],[-114.06240549440125,51.05240480199688]]]}},{"type":"Feature","id":"park-37d658192acc","properties":{"id":"park-37d658192acc","layer":"park","assetCode":"BLN009","name":"HUMPY HOLLOW PARK","type":"SUBNEIGHBOURHOOD PARK","status":"ACTIVE","nearCommunities":[{"communityCode":"BLN","intersectsCommunity":true,"distanceToCommunityM":0}],"sourceDatasetId":"kami-qbfh","siteType":"TITLED"},"geometry":{"type":"Polygon","coordinates":[[[-114.06467321547284,51.038198198476486],[-114.06363648411863,51.0381723844635],[-114.0636176206018,51.03803644102973],[-114.06363542657002,51.03793536682896],[-114.06371002318498,51.03789496223469],[-114.06469598330345,51.037891809986306],[-114.06467321547284,51.038198198476486]]]}},{"type":"Feature","id":"park-a6fca1a66b6a","properties":{"id":"park-a6fca1a66b6a","layer":"park","assetCode":"CRE876","name":"ROTARY PARK","type":"REGIONAL PARK","status":"ACTIVE","nearCommunities":[{"communityCode":"SSD","intersectsCommunity":false,"distanceToCommunityM":8}],"sourceDatasetId":"kami-qbfh","siteType":"TITLED"},"geometry":{"type":"Polygon","coordinates":[[[-114.06014681453937,51.058392949205675],[-114.06011655242038,51.05464253533064],[-114.06020268682879,51.05462852097628],[-114.06071875927437,51.05488927950496],[-114.06125916716066,51.05506017975084],[-114.06167287716973,51.05514922111141],[-114.06226172526245,51.05521637407584],[-114.06228344670411,51.055583548420124],[-114.06231373617625,51.05565577993776],[-114.06231137947901,51.05707228267881],[-114.06236654754944,51.05879809220664],[-114.06227918446527,51.058834053585684],[-114.06183315313272,51.05883385347734],[-114.06183491222383,51.058402423650755],[-114.06014681453937,51.058392949205675]]]}},{"type":"Feature","id":"park-0788a1334787","properties":{"id":"park-0788a1334787","layer":"park","assetCode":"DNC103","name":"PAGET PARK","type":"SUBNEIGHBOURHOOD PARK","status":"ACTIVE","nearCommunities":[{"communityCode":"BLN","intersectsCommunity":false,"distanceToCommunityM":288}],"sourceDatasetId":"kami-qbfh","siteType":"TITLED"},"geometry":{"type":"Polygon","coordinates":[[[-114.05935247723407,51.046449569926075],[-114.05959277184738,51.046456116239334],[-114.05956669062418,51.046840517850036],[-114.05932897646267,51.04683375262195],[-114.05935247723407,51.046449569926075]]]}},{"type":"Feature","id":"park-338b0d410f19","properties":{"id":"park-338b0d410f19","layer":"park","assetCode":"SSD560","name":"MCHUGH BLUFF","type":"REGIONAL PARK","status":"ACTIVE","nearCommunities":[{"communityCode":"SSD","intersectsCommunity":true,"distanceToCommunityM":0}],"sourceDatasetId":"kami-qbfh","siteType":"TITLED"},"geometry":{"type":"Polygon","coordinates":[[[-114.07298082611806,51.06216221736692],[-114.07245632766845,51.062001636871855],[-114.07196795430114,51.06180440052182],[-114.06967351466241,51.06022333928646],[-114.0689306106324,51.059759497126265],[-114.0675748168532,51.05900642053196],[-114.06731153484364,51.05891408627744],[-114.06669540700744,51.0587689049921],[-114.06556441155675,51.05839442209984],[-114.06534385396795,51.05838793816343],[-114.06510445476407,51.058454191085396],[-114.06508591935803,51.05814511708592],[-114.06486837404272,51.057987351674115],[-114.06462181262684,51.05796250223232],[-114.0646469447497,51.05788609554541],[-114.06448751883822,51.05767887990292],[-114.06347017446737,51.056884967994286],[-114.06338454080023,51.05686375917807],[-114.06325610218234,51.056927977565344],[-114.06319372213358,51.05687939492556],[-114.06341628653165,51.05676589699688],[-114.06271437006603,51.05621858534502],[-114.06271373820677,51.05635483921801],[-114.06250849682435,51.05622910750984],[-114.06257882149715,51.05594407249198],[-114.06258773201091,51.05567406516615],[-114.06252288809914,51.05528652617651],[-114.06256975285974,51.0546192581332],[-114.06274966549448,51.05467891365223],[-114.06295896703016,51.05479921568938],[-114.06301600236702,51.054738573574696],[-114.06314561244373,51.0547879380912],[-114.06340263348348,51.054905123776834],[-114.0637681501984,51.05512907457745],[-114.06402124378549,51.05534468047045],[-114.06490715125699,51.05625698079954],[-114.0651886165377,51.056504149239956],[-114.06565968275112,51.05681849866487],[-114.06617900813248,51.05707213828565],[-114.06683135745642,51.05729534134218],[-114.06766597409815,51.05749404628567],[-114.06823640043862,51.05755122188787],[-114.06887772733617,51.05755159638683],[-114.069990448103,51.057634193661826],[-114.07004368915229,51.057705973407494],[-114.07004075690455,51.05802402945257],[-114.06976903655907,51.05801331439697],[-114.0697690975251,51.05773970342215],[-114.06963883604351,51.057732238728995],[-114.06963873280728,51.058005759832],[-114.0694430739803,51.057994423338016],[-114.06944302602379,51.058049143754815],[-114.06866044053382,51.058049032512365],[-114.06865997677545,51.05855432839361],[-114.06996362363597,51.05900957114809],[-114.07003813575339,51.05900594862087],[-114.07003515378935,51.05924195552358],[-114.07012021349621,51.059318354837984],[-114.07026454872299,51.05931137665325],[-114.07033210983164,51.05924461438019],[-114.07051066577374,51.05924357727336],[-114.07051099671727,51.05966901697739],[-114.0705899681577,51.059669427789444],[-114.0712178880865,51.05998697703393],[-114.0716241726041,51.05998684026807],[-114.07162439141445,51.06023590456442],[-114.07150436756109,51.06023646978274],[-114.07155073336006,51.06038204954872],[-114.07240707352095,51.060832193485034],[-114.07286419039796,51.06090539941745],[-114.07285790888801,51.06105240665728],[-114.07293010687792,51.061095719003085],[-114.07578728369731,51.061104399672395],[-114.07584212078446,51.06106941031822],[-114.07585744447833,51.06099317842627],[-114.07593454290944,51.06095908433817],[-114.07698865954464,51.060972262353175],[-114.07716672953875,51.06094874112673],[-114.07727157188309,51.06087766574735],[-114.07720661658276,51.06084005077312],[-114.07722368622898,51.06046413117287],[-114.07762289327677,51.06046383619617],[-114.07815107466163,51.05970449554628],[-114.07782849041674,51.05949327095299],[-114.07898556075196,51.05880414894897],[-114.0792988854837,51.05900752683905],[-114.07891570122197,51.05976762000596],[-114.07885563719253,51.06072652467228],[-114.07898326612361,51.06082426632714],[-114.07841576667597,51.06139809657394],[-114.07715802217145,51.06212989212155],[-114.0767277268668,51.062239062288185],[-114.07432842659885,51.062407218772215],[-114.07401918809137,51.062376625247104],[-114.07298082611806,51.06216221736692]]]}},{"type":"Feature","id":"park-1a5513b8bcf2","properties":{"id":"park-1a5513b8bcf2","layer":"park","assetCode":"BRD771","name":"LA PIAZZA","type":"SUBNEIGHBOURHOOD PARK","status":"ACTIVE","nearCommunities":[{"communityCode":"BRD","intersectsCommunity":true,"distanceToCommunityM":0}],"sourceDatasetId":"kami-qbfh","siteType":"TITLED"},"geometry":{"type":"Polygon","coordinates":[[[-114.04048946300821,51.05316500106234],[-114.0404469075691,51.05310639472728],[-114.04049270547985,51.05308045970824],[-114.04158721106018,51.05308321822383],[-114.04162198450166,51.05310843010362],[-114.04159582091003,51.053169850895124],[-114.04151132715921,51.053193929334114],[-114.04058228217764,51.05319094736715],[-114.04048946300821,51.05316500106234]]]}},{"type":"Feature","id":"park-0594717408b5","properties":{"id":"park-0594717408b5","layer":"park","assetCode":"HOU605","name":"THE BRAWN FAMILY FOUNDATION ROTARY PARK","type":"SUBNEIGHBOURHOOD PARK","status":"ACTIVE","nearCommunities":[{"communityCode":"HIL","intersectsCommunity":false,"distanceToCommunityM":250}],"sourceDatasetId":"kami-qbfh","siteType":"TITLED"},"geometry":{"type":"Polygon","coordinates":[[[-114.10368401302443,51.06190431471412],[-114.1036844730045,51.061993365469355],[-114.10290372120777,51.0619714633439],[-114.1027494061272,51.06201826376995],[-114.10270990661989,51.06207823736966],[-114.10270575365234,51.06243020250788],[-114.1015834729781,51.06244106825827],[-114.10125450359469,51.06195016137087],[-114.10265298341143,51.06194572421886],[-114.1026528991096,51.06190760432889],[-114.10368401302443,51.06190431471412]]]}},{"type":"Feature","id":"park-5afc2e016c74","properties":{"id":"park-5afc2e016c74","layer":"park","assetCode":"SSD495","name":"POPPY PARK; LANDSCAPE OF MEMORY","type":"REGIONAL PARK","status":"ACTIVE","nearCommunities":[{"communityCode":"HIL","intersectsCommunity":false,"distanceToCommunityM":10},{"communityCode":"SSD","intersectsCommunity":true,"distanceToCommunityM":0}],"sourceDatasetId":"kami-qbfh","siteType":"TITLED"},"geometry":{"type":"Polygon","coordinates":[[[-114.06266388945771,51.05357453395564],[-114.06303490089502,51.05377239328708],[-114.0639365804846,51.05479052866175],[-114.06400532187479,51.054814511568914],[-114.06446795412162,51.055283779524146],[-114.06461218414415,51.05536335418152],[-114.06540309278176,51.05610048555823],[-114.0655418507637,51.056191049351305],[-114.06576665348727,51.05625632417102],[-114.06578317386916,51.05630135964687],[-114.06568936393538,51.05632849931803],[-114.06590091907691,51.05647527309946],[-114.06642438911697,51.056735275824444],[-114.06660327641602,51.05674020917202],[-114.06661607707264,51.0567679459382],[-114.06657834552013,51.056812019739134],[-114.06686269175152,51.05695328633654],[-114.06730542742511,51.05708556312562],[-114.06791798047284,51.057187108132766],[-114.06926540523725,51.05728470988992],[-114.07109234563971,51.05735233939905],[-114.07234950777863,51.05730833739631],[-114.07281357938524,51.057221415352025],[-114.07330355584075,51.05703209764447],[-114.07327693184415,51.05701706285698],[-114.07329185436679,51.05698758161766],[-114.07352072091923,51.056872326378965],[-114.07516605343754,51.056114721572115],[-114.07563673886033,51.0559295102532],[-114.07636354926261,51.055740745357724],[-114.07656687520536,51.055740505370444],[-114.07718873053908,51.055516638958984],[-114.07730882538982,51.05543758401864],[-114.07730762118291,51.05538341546992],[-114.07739020655448,51.0552911388959],[-114.07751019555315,51.05521758552324],[-114.07905119056673,51.05449207294378],[-114.07952255431032,51.054184396481794],[-114.0805926111523,51.05365735949167],[-114.08207734721975,51.05282006467017],[-114.08314786788706,51.052342051753904],[-114.08373166422828,51.05214604020081],[-114.08380212525523,51.05226900238376],[-114.08395841719128,51.05223035847215],[-114.08388829946088,51.05210577079409],[-114.08472384245752,51.05183520134026],[-114.08528155847866,51.05158833077316],[-114.08549511349817,51.0517567051278],[-114.08551900384295,51.05181178567069],[-114.08546584520123,51.05191188917097],[-114.08548480177446,51.05192109876537],[-114.08532517433035,51.05199838319095],[-114.08351654983542,51.052390391845876],[-114.0824927281423,51.05277460698769],[-114.0757131054781,51.0568022247605],[-114.07494387568367,51.057050674823394],[-114.07436708002382,51.05719324253075],[-114.07188351961442,51.0575146862378],[-114.07104006671125,51.0575204518815],[-114.06785372160799,51.05732448132797],[-114.06705257388917,51.05717873491666],[-114.06623557905952,51.056899935215284],[-114.06570666299983,51.05662241555514],[-114.06516061183511,51.05620555344902],[-114.06304138530993,51.054031024034245],[-114.06265052067447,51.05380622149682],[-114.06266388945771,51.05357453395564]]]}},{"type":"Feature","id":"park-f7b76eff0172","properties":{"id":"park-f7b76eff0172","layer":"park","assetCode":"BRD852","name":"RIVERSIDE PARK","type":"SUBNEIGHBOURHOOD PARK","status":"ACTIVE","nearCommunities":[{"communityCode":"BRD","intersectsCommunity":true,"distanceToCommunityM":0}],"sourceDatasetId":"kami-qbfh","siteType":"TITLED"},"geometry":{"type":"Polygon","coordinates":[[[-114.03942047833381,51.050239116437865],[-114.03942218070692,51.05085336036506],[-114.0368684596372,51.05084541081163],[-114.036773053353,51.05078763694088],[-114.03677272324478,51.05011682379649],[-114.0373952668947,51.05011249100747],[-114.03759031873675,51.05018408553937],[-114.03763191513366,51.05014233286104],[-114.03819473731387,51.05014340886163],[-114.03819421264451,51.05023553573508],[-114.03942047833381,51.050239116437865]],[[-114.037357876224,51.05074810526233],[-114.03735775590452,51.05081660699829],[-114.03746643920906,51.05081689584133],[-114.03746652944747,51.05074843187173],[-114.037357876224,51.05074810526233]]]}},{"type":"Feature","id":"park-3dfafd8b8aaa","properties":{"id":"park-3dfafd8b8aaa","layer":"park","assetCode":"SNA868","name":"SUNALTA COMMUNITY CENTRE","type":"SUBNEIGHBOURHOOD PARK","status":"ACTIVE","nearCommunities":[{"communityCode":"HIL","intersectsCommunity":false,"distanceToCommunityM":370},{"communityCode":"BLN","intersectsCommunity":false,"distanceToCommunityM":219}],"sourceDatasetId":"kami-qbfh","siteType":"TITLED"},"geometry":{"type":"Polygon","coordinates":[[[-114.09786469038318,51.04385332690737],[-114.09803843327713,51.04385822454223],[-114.0980693837432,51.043418427811005],[-114.09907278345537,51.04342786583657],[-114.09915234249814,51.043478537349756],[-114.09910957962924,51.044208694006116],[-114.09905987273899,51.04426993108049],[-114.0978361882716,51.04424535183964],[-114.09786469038318,51.04385332690737]]]}},{"type":"Feature","id":"park-e94b19432b3f","properties":{"id":"park-e94b19432b3f","layer":"park","assetCode":"MIS244","name":"PIONEER NURSERYMEN CENTURY PARK","type":"SUBNEIGHBOURHOOD PARK","status":"ACTIVE","nearCommunities":[{"communityCode":"BLN","intersectsCommunity":false,"distanceToCommunityM":6}],"sourceDatasetId":"kami-qbfh","siteType":"TITLED"},"geometry":{"type":"Polygon","coordinates":[[[-114.06181446758725,51.03612494175967],[-114.06177148596824,51.03672264871221],[-114.06130228261857,51.03671093580391],[-114.06134667948477,51.03607907802824],[-114.06181446758725,51.03612494175967]]]}},{"type":"Feature","id":"park-f029d96d29ba","properties":{"id":"park-f029d96d29ba","layer":"park","assetCode":"HIL494","name":"PAUL 'SMOKEY' WILKINSON PARK","type":"SUBNEIGHBOURHOOD PARK","status":"ACTIVE","nearCommunities":[{"communityCode":"HIL","intersectsCommunity":true,"distanceToCommunityM":0}],"sourceDatasetId":"kami-qbfh","siteType":"TITLED"},"geometry":{"type":"Polygon","coordinates":[[[-114.09482109556977,51.04940222212219],[-114.09619279213112,51.04928707916923],[-114.09620639942605,51.049336594182684],[-114.09617861619196,51.04938924651437],[-114.09625732218834,51.04943917899757],[-114.09634199723654,51.04943627207589],[-114.09642115326253,51.049362126047626],[-114.09650767100473,51.0493318581458],[-114.09651075313165,51.04972307239438],[-114.09507949841564,51.049724693106484],[-114.09505628971542,51.04975122808476],[-114.09509773606749,51.049759123310906],[-114.09509831591812,51.05014813352139],[-114.09500653473653,51.050159756363314],[-114.0949530076656,51.050227785570044],[-114.0948126324764,51.05022791030989],[-114.09482109556977,51.04940222212219]]]}},{"type":"Feature","id":"park-a68073310198","properties":{"id":"park-a68073310198","layer":"park","assetCode":"CRE864","name":"MARY AND CATHERINE BARCLAY PARK","type":"SUBNEIGHBOURHOOD PARK","status":"ACTIVE","nearCommunities":[{"communityCode":"SSD","intersectsCommunity":false,"distanceToCommunityM":22}],"sourceDatasetId":"kami-qbfh","siteType":"TITLED"},"geometry":{"type":"Polygon","coordinates":[[[-114.07011879694275,51.060700960626036],[-114.07019736139502,51.06071691515588],[-114.07043016519131,51.06087687465614],[-114.07007670541863,51.061079188337764],[-114.06999677474697,51.06107998057603],[-114.07000022969648,51.06076010486912],[-114.07011879694275,51.060700960626036]]]}},{"type":"Feature","id":"park-91f8c6e6ce1d","properties":{"id":"park-91f8c6e6ce1d","layer":"park","assetCode":"HOU482","name":"HYDRANT PARK","type":"SUBNEIGHBOURHOOD PARK","status":"ACTIVE","nearCommunities":[{"communityCode":"HIL","intersectsCommunity":false,"distanceToCommunityM":160}],"sourceDatasetId":"kami-qbfh","siteType":"TITLED"},"geometry":{"type":"Polygon","coordinates":[[[-114.09781146685081,51.06137486952401],[-114.0970154100076,51.06137495218178],[-114.09701138470585,51.06117791545965],[-114.09774641719709,51.06120177492684],[-114.09780849173588,51.061251312942474],[-114.09781146685081,51.06137486952401]]]}},{"type":"Feature","id":"park-629889d128be","properties":{"id":"park-629889d128be","layer":"park","assetCode":"DNC100","name":"OLYMPIC PLAZA","type":"REGIONAL PARK","status":"ACTIVE","nearCommunities":[{"communityCode":"BLN","intersectsCommunity":false,"distanceToCommunityM":186}],"sourceDatasetId":"kami-qbfh","siteType":"TITLED"},"geometry":{"type":"Polygon","coordinates":[[[-114.05820378742838,51.0454964664678],[-114.06020329979359,51.04555226876023],[-114.06017364227436,51.045963483386465],[-114.06039062871125,51.04596969305331],[-114.0603760839685,51.04617159286802],[-114.06042234642808,51.0461734370277],[-114.06040936940047,51.04633064627539],[-114.06036190791023,51.046353315929956],[-114.05818125433984,51.04628465245877],[-114.05815220789152,51.046209935274675],[-114.05820378742838,51.0454964664678]]]}},{"type":"Feature","id":"park-779b352feb7b","properties":{"id":"park-779b352feb7b","layer":"park","assetCode":"MIS006","name":"ROULEAUVILLE SQUARE","type":"SUBNEIGHBOURHOOD PARK","status":"ACTIVE","nearCommunities":[{"communityCode":"BLN","intersectsCommunity":false,"distanceToCommunityM":7}],"sourceDatasetId":"kami-qbfh","siteType":"TITLED"},"geometry":{"type":"Polygon","coordinates":[[[-114.0663007545321,51.03777053615298],[-114.0658195505762,51.037768650605074],[-114.06581663464782,51.03773941579829],[-114.06586246566975,51.03710174372919],[-114.06634359441395,51.037114706307094],[-114.0663007545321,51.03777053615298]]]}},{"type":"Feature","id":"park-99db8eee53f1","properties":{"id":"park-99db8eee53f1","layer":"park","assetCode":"DNE116","name":"JACK AND JEAN LESLIE RIVERWALK","type":"REGIONAL PARK","status":"ACTIVE","nearCommunities":[{"communityCode":"BRD","intersectsCommunity":true,"distanceToCommunityM":0},{"communityCode":"BLN","intersectsCommunity":false,"distanceToCommunityM":292}],"sourceDatasetId":"kami-qbfh","siteType":"TITLED"},"geometry":{"type":"Polygon","coordinates":[[[-114.05266084667048,51.04942180786988],[-114.05251633943791,51.04958730273216],[-114.0511088657409,51.04915634155468],[-114.05021156511907,51.048752149592055],[-114.04975027416616,51.04850759252038],[-114.04767377308708,51.04770960907652],[-114.0465891823474,51.04724000583879],[-114.0464021321607,51.04719235736799],[-114.04564620014604,51.046822075880016],[-114.0450590360268,51.04663922875022],[-114.0452127872284,51.046493824307696],[-114.0451301042164,51.046444328238955],[-114.04510836874977,51.04638114601212],[-114.0452071749125,51.046294006332566],[-114.04565817648432,51.04619221289906],[-114.04588440892537,51.04619553950369],[-114.04661336269074,51.04634212798803],[-114.0468626256443,51.046346298435594],[-114.04727710431456,51.04629916466712],[-114.04772129897877,51.046168331889696],[-114.04828588821113,51.04616895403369],[-114.04823685694763,51.04624283031682],[-114.04823781875268,51.0468077482076],[-114.04828087990293,51.04696891359662],[-114.04835783195833,51.047035476806556],[-114.04846793596494,51.047073135027965],[-114.04846245282506,51.04711446938346],[-114.04790649887404,51.04710013431451],[-114.0479062996422,51.047321758206486],[-114.0494649921713,51.047941970218794],[-114.04941701177648,51.0480638903364],[-114.04989915449553,51.04814931355852],[-114.0499132716922,51.04811838646065],[-114.05033607946442,51.048290054586495],[-114.05037676080784,51.048397665681435],[-114.05048910540985,51.04847551409897],[-114.05185579560657,51.049108795819],[-114.05265326151066,51.0493873230999],[-114.05266084667048,51.04942180786988]]]}},{"type":"Feature","id":"park-5a17581184b7","properties":{"id":"park-5a17581184b7","layer":"park","assetCode":"SSD473","name":"NEW EDINBURGH PARK","type":"SUBNEIGHBOURHOOD PARK","status":"ACTIVE","nearCommunities":[{"communityCode":"SSD","intersectsCommunity":true,"distanceToCommunityM":0}],"sourceDatasetId":"kami-qbfh","siteType":"TITLED"},"geometry":{"type":"Polygon","coordinates":[[[-114.07588317719724,51.06047417857778],[-114.07585414864303,51.059995045837695],[-114.0759862133381,51.05995884839402],[-114.07693409256576,51.059393908223925],[-114.07735319719232,51.05966229996046],[-114.07598490207513,51.06047373492928],[-114.07588317719724,51.06047417857778]]]}},{"type":"Feature","id":"park-08b68736c80e","properties":{"id":"park-08b68736c80e","layer":"park","assetCode":"BRD778","name":"OLMSTED TERRACE","type":"SUBNEIGHBOURHOOD PARK","status":"ACTIVE","nearCommunities":[{"communityCode":"BRD","intersectsCommunity":true,"distanceToCommunityM":0}],"sourceDatasetId":"kami-qbfh","siteType":"TITLED"},"geometry":{"type":"Polygon","coordinates":[[[-114.0456881417695,51.05736266525712],[-114.0457589495553,51.0571863043147],[-114.04584071392759,51.05715794568778],[-114.04678033097396,51.057175908844414],[-114.04519171610669,51.05774426662245],[-114.04428947946276,51.05790514666363],[-114.0443176255446,51.05787274785689],[-114.04559430321775,51.05742563888553],[-114.0456881417695,51.05736266525712]]]}},{"type":"Feature","id":"park-8fc4013eef13","properties":{"id":"park-8fc4013eef13","layer":"park","assetCode":"DNC130","name":"CENTURY GARDENS; CENTURY GARDENS PARK DEPOT & PUMPHOUSE","type":"SUBNEIGHBOURHOOD PARK","status":"ACTIVE","nearCommunities":[{"communityCode":"BLN","intersectsCommunity":false,"distanceToCommunityM":183}],"sourceDatasetId":"kami-qbfh","siteType":"TITLED"},"geometry":{"type":"Polygon","coordinates":[[[-114.08095959436882,51.04693829231979],[-114.07968320107538,51.046899708139264],[-114.07970999670243,51.04651918598546],[-114.07973272156569,51.04651982763484],[-114.07965418008598,51.0464627649241],[-114.07954258252015,51.046459608216836],[-114.07956710780992,51.04607524180455],[-114.08108484046858,51.04614212156882],[-114.08110757780881,51.046182667466745],[-114.08109109017185,51.04653365244356],[-114.08104200657402,51.046913997092474],[-114.08095959436882,51.04693829231979]]]}},{"type":"Feature","id":"park-76646292de14","properties":{"id":"park-76646292de14","layer":"park","assetCode":"HIL056","name":"RILEY PARK; RILEY PARK DEPOT","type":"REGIONAL PARK","status":"ACTIVE","nearCommunities":[{"communityCode":"HIL","intersectsCommunity":true,"distanceToCommunityM":0},{"communityCode":"SSD","intersectsCommunity":false,"distanceToCommunityM":6}],"sourceDatasetId":"kami-qbfh","siteType":"TITLED"},"geometry":{"type":"Polygon","coordinates":[[[-114.08605340012723,51.05758549764209],[-114.08869851427606,51.05757163241431],[-114.08896966447503,51.05754143665573],[-114.08897962611925,51.05757008289224],[-114.09162593699158,51.057557045883996],[-114.09166238820562,51.059516850491455],[-114.09167313147584,51.059617345254324],[-114.09172552502957,51.05961750552237],[-114.09172908308342,51.059668920289255],[-114.08608794949338,51.05968121717864],[-114.08605340012723,51.05758549764209]]]}},{"type":"Feature","id":"park-9e65725f707c","properties":{"id":"park-9e65725f707c","layer":"park","assetCode":"BRD899","name":"FLYOVER PARK","type":"SUBNEIGHBOURHOOD PARK","status":"ACTIVE","nearCommunities":[{"communityCode":"BRD","intersectsCommunity":true,"distanceToCommunityM":0}],"sourceDatasetId":"kami-qbfh","siteType":"TITLED"},"geometry":{"type":"Polygon","coordinates":[[[-114.0495989548524,51.0511058395407],[-114.04959953724223,51.05102883871207],[-114.04980045629142,51.0510709213786],[-114.04985874582492,51.05103754285509],[-114.04987126081188,51.05097075735086],[-114.04973924687148,51.050916317894995],[-114.04847312865718,51.0509100023499],[-114.04843544799992,51.050869876154906],[-114.0484273474432,51.05076236240873],[-114.04836013554642,51.050715836049605],[-114.04833815135395,51.050617158644364],[-114.04806607522924,51.0503661797419],[-114.04793490717444,51.050319202063896],[-114.04780314640183,51.050354288084954],[-114.04753644590349,51.050356901392846],[-114.04753469675147,51.0500609459665],[-114.04871761342052,51.050611717838834],[-114.04882461497367,51.050533515626036],[-114.04831248175958,51.050262040963574],[-114.04833462116844,51.05024285762563],[-114.04931281138447,51.05060723408372],[-114.04993022349336,51.05079689877973],[-114.05004119596474,51.050854099684855],[-114.05011987235207,51.05094934896103],[-114.05014579620473,51.05101563166344],[-114.050124741631,51.05101545910192],[-114.05012401442018,51.05122042961317],[-114.05003357129581,51.05122480051093],[-114.04970241654995,51.05114266244952],[-114.0495989548524,51.0511058395407]]]}},{"type":"Feature","id":"park-0e09d168ca05","properties":{"id":"park-0e09d168ca05","layer":"park","assetCode":"HIL557","name":"BURNS ROCK GARDEN","type":"REGIONAL PARK","status":"ACTIVE","nearCommunities":[{"communityCode":"HIL","intersectsCommunity":true,"distanceToCommunityM":0},{"communityCode":"SSD","intersectsCommunity":false,"distanceToCommunityM":6}],"sourceDatasetId":"kami-qbfh","siteType":"TITLED"},"geometry":{"type":"Polygon","coordinates":[[[-114.08645344260681,51.061429701472214],[-114.08604017909896,51.06117948655525],[-114.08610011490056,51.06088182189437],[-114.08608794949338,51.05968121717864],[-114.0871327268422,51.05967873321777],[-114.08723035401977,51.06024369434788],[-114.08705928756619,51.06055625568866],[-114.08705684644964,51.06079038373044],[-114.08721663387911,51.06121800041693],[-114.08674003532856,51.06155988489321],[-114.08645344260681,51.061429701472214]]]}},{"type":"Feature","id":"park-e4c556c928d8","properties":{"id":"park-e4c556c928d8","layer":"park","assetCode":"BLN016","name":"BARB SCOTT PARK","type":"SUBNEIGHBOURHOOD PARK","status":"ACTIVE","nearCommunities":[{"communityCode":"BLN","intersectsCommunity":true,"distanceToCommunityM":0}],"sourceDatasetId":"kami-qbfh","siteType":"TITLED"},"geometry":{"type":"Polygon","coordinates":[[[-114.08389942192187,51.041945820876556],[-114.08309473294642,51.04192434571612],[-114.08315467334323,51.04107649149248],[-114.08397625221014,51.04110974145344],[-114.08392267484372,51.04192029130188],[-114.08389942192187,51.041945820876556]]]}},{"type":"Feature","id":"park-3789e331c16a","properties":{"id":"park-3789e331c16a","layer":"park","assetCode":"MNI415","name":null,"type":"NEIGHBOURHOOD PARK","status":"ACTIVE","nearCommunities":[{"communityCode":"BLN","intersectsCommunity":true,"distanceToCommunityM":0}],"sourceDatasetId":"kami-qbfh","siteType":"TITLED"},"geometry":{"type":"Polygon","coordinates":[[[-114.05919428320136,51.034054653731914],[-114.05877499588641,51.03373229510994],[-114.05860169690536,51.03365716578706],[-114.05813260464431,51.033125396454125],[-114.05766603659629,51.032793502105605],[-114.05709639381892,51.032547462571856],[-114.05642907354321,51.03233184203389],[-114.05532891364555,51.03177077995557],[-114.05452561673067,51.03143035951524],[-114.05359038786787,51.030734836747044],[-114.0534329749239,51.030579658441454],[-114.05331178303982,51.030381520236716],[-114.05300415150596,51.030202122149575],[-114.0525944900013,51.030070664834525],[-114.05251020113315,51.03009633253326],[-114.05224627513394,51.030062721255796],[-114.05144568259395,51.030091169415776],[-114.0512864726627,51.030145177931495],[-114.05105768480715,51.03030917934594],[-114.05070634653114,51.03063329704369],[-114.05052135685425,51.03056125235147],[-114.05058159111692,51.030506297091236],[-114.0502486587302,51.0305061134879],[-114.05024816965016,51.03010654151493],[-114.05011888637962,51.03002851020804],[-114.05023152545337,51.02986240486109],[-114.05045763986915,51.029808944257134],[-114.05127247443632,51.02978457796585],[-114.05212035033475,51.029805569756824],[-114.0527784747882,51.02988944368643],[-114.0535466839855,51.03004846283555],[-114.05400494675287,51.03018562982929],[-114.05543153244905,51.03087634243439],[-114.05582938000124,51.031040577474116],[-114.0562470775538,51.03111120387081],[-114.05674854428825,51.03113609500072],[-114.05678521018854,51.03115570092684],[-114.05626049224423,51.03115425474413],[-114.05591557611288,51.03110720338955],[-114.05541799215516,51.030919723526374],[-114.05533173287255,51.030932053393904],[-114.055293084751,51.03096880382567],[-114.05476326377484,51.030730272809585],[-114.05474208141575,51.03081351977867],[-114.05462169278518,51.0308346462971],[-114.05450918492123,51.0309675485319],[-114.05452615791026,51.0310216391626],[-114.05479394662514,51.031255319460925],[-114.05481140979941,51.031333010620614],[-114.05520179433853,51.03148765022646],[-114.05642566091555,51.032089185068195],[-114.05755591169428,51.032512790234726],[-114.05880166992563,51.033211918020555],[-114.05878955179902,51.033415067333976],[-114.05897767098232,51.03342092196919],[-114.05897549501383,51.03346447301942],[-114.0592519947678,51.03391877137484],[-114.05923260707486,51.03396527079958],[-114.05939658185976,51.03414362693476],[-114.05936273410741,51.03422451502755],[-114.05919428320136,51.034054653731914]],[[-114.05444041096824,51.03091066465097],[-114.05463325119852,51.03075285209919],[-114.05462734673874,51.03072903560302],[-114.0541988022266,51.03061358462364],[-114.05395823409312,51.03050775167129],[-114.05371782272402,51.03050698592262],[-114.0538124326879,51.03063599753271],[-114.05459316928764,51.03124656121264],[-114.0547448735284,51.03130665418073],[-114.05444256801276,51.03102022718639],[-114.05444041096824,51.03091066465097]]]}},{"type":"Feature","id":"park-c9ce67c34b1f","properties":{"id":"park-c9ce67c34b1f","layer":"park","assetCode":"DNC070","name":"DEVONIAN GARDENS","type":"REGIONAL PARK","status":"ACTIVE","nearCommunities":[{"communityCode":"BLN","intersectsCommunity":false,"distanceToCommunityM":188}],"sourceDatasetId":"kami-qbfh","siteType":"TITLED"},"geometry":{"type":"Polygon","coordinates":[[[-114.06805692039521,51.04652527566275],[-114.06808440121253,51.046133875498526],[-114.06859607676577,51.046148462418394],[-114.0686207487777,51.04581184987852],[-114.0702184022932,51.04585776085232],[-114.07016643330742,51.04658517825928],[-114.06805692039521,51.04652527566275]]]}},{"type":"Feature","id":"park-600fc1cc06c0","properties":{"id":"park-600fc1cc06c0","layer":"park","assetCode":"HIL109","name":"HILLHURST TRIANGLE","type":"SUBNEIGHBOURHOOD PARK","status":"ACTIVE","nearCommunities":[{"communityCode":"HIL","intersectsCommunity":true,"distanceToCommunityM":0}],"sourceDatasetId":"kami-qbfh","siteType":"TITLED"},"geometry":{"type":"Polygon","coordinates":[[[-114.09241152692658,51.053835627902046],[-114.09240375948275,51.05346386230436],[-114.09295660509574,51.05346581341863],[-114.09300347620076,51.05349166473546],[-114.09241152692658,51.053835627902046]]]}},{"type":"Feature","id":"park-44377785b3cf","properties":{"id":"park-44377785b3cf","layer":"park","assetCode":"BLN005","name":"BEAULIEU GARDENS; LOUGHEED HOUSE","type":"SUBNEIGHBOURHOOD PARK","status":"ACTIVE","nearCommunities":[{"communityCode":"BLN","intersectsCommunity":true,"distanceToCommunityM":0}],"sourceDatasetId":"kami-qbfh","siteType":"TITLED"},"geometry":{"type":"Polygon","coordinates":[[[-114.07610422965011,51.04034193023468],[-114.07610391820074,51.03998818769517],[-114.0762122261936,51.03994013527019],[-114.07680968642201,51.03994966163268],[-114.07675341596921,51.04081901199168],[-114.07616933061543,51.040798620613664],[-114.07606683133781,51.04076135836903],[-114.07609424463912,51.04044598580104],[-114.07606368377489,51.040397033179325],[-114.07610422965011,51.04034193023468]]]}},{"type":"Feature","id":"park-dd70c3e0c5ca","properties":{"id":"park-dd70c3e0c5ca","layer":"park","assetCode":"SSD479","name":"BOW TO BLUFF CORRIDOR","type":"SUBNEIGHBOURHOOD PARK","status":"ACTIVE","nearCommunities":[{"communityCode":"HIL","intersectsCommunity":false,"distanceToCommunityM":105},{"communityCode":"SSD","intersectsCommunity":true,"distanceToCommunityM":0}],"sourceDatasetId":"kami-qbfh","siteType":"TITLED"},"geometry":{"type":"Polygon","coordinates":[[[-114.08427220991828,51.0568989778276],[-114.08437637746593,51.05687339705825],[-114.08445985077029,51.058003883385965],[-114.0843905372802,51.05798748406833],[-114.0843887534378,51.057401650798944],[-114.08434696108891,51.057426690351754],[-114.08434575502136,51.057351708005065],[-114.08437057252584,51.05733685886186],[-114.08394963908007,51.05706897084096],[-114.08427220991828,51.0568989778276]]]}},{"type":"Feature","id":"park-2bf47eebafcc","properties":{"id":"park-2bf47eebafcc","layer":"park","assetCode":"SSD475","name":null,"type":"SUBNEIGHBOURHOOD PARK","status":"ACTIVE","nearCommunities":[{"communityCode":"HIL","intersectsCommunity":false,"distanceToCommunityM":54},{"communityCode":"SSD","intersectsCommunity":true,"distanceToCommunityM":0}],"sourceDatasetId":"kami-qbfh","siteType":"TITLED"},"geometry":{"type":"Polygon","coordinates":[[[-114.08521624843735,51.05879509087489],[-114.08522068406972,51.05911016270261],[-114.08483008333863,51.05911199305008],[-114.08475607485828,51.05879790480729],[-114.08521624843735,51.05879509087489]]]}},{"type":"Feature","id":"park-da41c64f794c","properties":{"id":"park-da41c64f794c","layer":"park","assetCode":"BLN007","name":"CENTRAL MEMORIAL PARK","type":"REGIONAL PARK","status":"ACTIVE","nearCommunities":[{"communityCode":"BLN","intersectsCommunity":true,"distanceToCommunityM":0}],"sourceDatasetId":"kami-qbfh","siteType":"TITLED"},"geometry":{"type":"Polygon","coordinates":[[[-114.07124060307268,51.04158908888317],[-114.06835213252096,51.04150077169467],[-114.06840524464297,51.040709134683134],[-114.06846055603198,51.04066795445644],[-114.06856335844068,51.040659818710076],[-114.07129714767282,51.040736705688644],[-114.07141060248613,51.040784860088955],[-114.07142451178088,51.04148362138778],[-114.07137416188795,51.041561213820465],[-114.07124060307268,51.04158908888317]]]}},{"type":"Feature","id":"park-67df7d4dd5c1","properties":{"id":"park-67df7d4dd5c1","layer":"park","assetCode":"SSD478","name":"BOW TO BLUFF CORRIDOR","type":"SUBNEIGHBOURHOOD PARK","status":"ACTIVE","nearCommunities":[{"communityCode":"HIL","intersectsCommunity":false,"distanceToCommunityM":113},{"communityCode":"SSD","intersectsCommunity":true,"distanceToCommunityM":0}],"sourceDatasetId":"kami-qbfh","siteType":"TITLED"},"geometry":{"type":"Polygon","coordinates":[[[-114.08430953654985,51.05621775512172],[-114.08434165176058,51.05678829400056],[-114.08429007662278,51.056797948401716],[-114.08426014473095,51.05670070574447],[-114.08392682871352,51.056480248894054],[-114.08397752416803,51.056449687899935],[-114.08408206179567,51.0565170769791],[-114.08417121445956,51.056461824044135],[-114.08402924294539,51.05636510334249],[-114.08422928542542,51.05624080597729],[-114.08424940776284,51.05617785536364],[-114.08425621233272,51.05624969627973],[-114.08430953654985,51.05621775512172]]]}},{"type":"Feature","id":"park-d2bda955b361","properties":{"id":"park-d2bda955b361","layer":"park","assetCode":"EAU120","name":"PRINCE'S ISLAND PARK","type":"REGIONAL PARK","status":"ACTIVE","nearCommunities":[{"communityCode":"SSD","intersectsCommunity":true,"distanceToCommunityM":0}],"sourceDatasetId":"kami-qbfh","siteType":"TITLED"},"geometry":{"type":"MultiPolygon","coordinates":[[[[-114.06577941477073,51.053836398087526],[-114.06599606963584,51.05400237902007],[-114.06606019562781,51.05410080719795],[-114.0662673642975,51.054214598669404],[-114.06653234104441,51.05429927244221],[-114.06652881445257,51.05432172267805],[-114.066277783501,51.054255347655754],[-114.06578419986114,51.053971096461474],[-114.06565524792146,51.053858973662074],[-114.06577941477073,51.053836398087526]]],[[[-114.06956879453533,51.05673410112808],[-114.06931101349217,51.05669833585636],[-114.06891182981448,51.056697391525034],[-114.06883384318238,51.0566535379959],[-114.06863267912281,51.05667830338806],[-114.06818203640982,51.05662827145471],[-114.06752205746608,51.056442532375584],[-114.06737679348433,51.0563786705482],[-114.06739276494599,51.05635791757045],[-114.06733387793302,51.05635980338855],[-114.06684430156224,51.05615437899258],[-114.0664638058712,51.055889448759984],[-114.06640719152396,51.05589022888196],[-114.06609808915452,51.05568764370658],[-114.06589692908537,51.055504261868734],[-114.06554174451848,51.05504169965325],[-114.06476087502848,51.054216828354306],[-114.06469193397457,51.05408808879611],[-114.06438673831528,51.053718155929324],[-114.064376638724,51.05362168021694],[-114.06450308004509,51.05363363965482],[-114.06448635528687,51.0535826214315],[-114.06466207243454,51.05354768829045],[-114.06484300411934,51.05357719300661],[-114.06531136109874,51.05379931545625],[-114.06553047480647,51.05384722399609],[-114.06564009014878,51.05396994049207],[-114.06590363098684,51.05408182658354],[-114.06628950667142,51.05430127308086],[-114.0668520989735,51.05442121533746],[-114.06688657935551,51.054479316844],[-114.06696195103592,51.05441393551106],[-114.06789136738476,51.05445882083385],[-114.068087630273,51.05449467903648],[-114.06856119896916,51.054655420677406],[-114.06957050887799,51.05464353861118],[-114.06961167157824,51.05460397642064],[-114.06973987592107,51.054597133437696],[-114.06989288627919,51.05462448675927],[-114.07029429983125,51.05461299900815],[-114.07125763118344,51.05451207965371],[-114.07237877365688,51.054511785450615],[-114.0731573398715,51.05445842862137],[-114.07320932490032,51.054432101143945],[-114.07383498056107,51.05442646660154],[-114.07527615925741,51.05423528803288],[-114.07567533658822,51.05409033893648],[-114.07617605663148,51.05402411454325],[-114.07627844618484,51.053982784055265],[-114.07626918742733,51.05387577286851],[-114.07637403681612,51.05383779205839],[-114.0763310858851,51.053754818023485],[-114.07638310105199,51.05374578173799],[-114.07641464757656,51.05382735182393],[-114.07658839863456,51.053788286544915],[-114.07667369083273,51.053847797415656],[-114.07679350739873,51.053856108865304],[-114.07718389241859,51.053711461537624],[-114.0774082064964,51.05368035709758],[-114.0776225444843,51.05369447804751],[-114.07773625667683,51.05376703223078],[-114.07771359182021,51.053869112096066],[-114.0775313425589,51.054064085315375],[-114.07717771717621,51.05435295318158],[-114.07690134409278,51.054527503535795],[-114.07631328777255,51.05484118965056],[-114.07502940244106,51.055433774433034],[-114.07428951348373,51.05576471623528],[-114.07387075890598,51.05589285136804],[-114.07359693797362,51.05603082027823],[-114.07269888848761,51.056287498401915],[-114.072526967073,51.056285958285144],[-114.07154868344902,51.056521550581756],[-114.07145412984457,51.05658168309781],[-114.07137785335394,51.05657257367444],[-114.0713535380746,51.05660664605952],[-114.07123817356651,51.0566377660055],[-114.07117548361887,51.05661647159864],[-114.0711071666506,51.05665210436256],[-114.0705601802858,51.056711670865596],[-114.06956879453533,51.05673410112808]],[[-114.0766172175426,51.054183986160815],[-114.07656818028661,51.05424932231671],[-114.07639479021334,51.0543250599896],[-114.07637114526395,51.05442118183838],[-114.07630350438188,51.05447845726579],[-114.076527857154,51.05458245559684],[-114.07687530235198,51.05430142292128],[-114.07681785556314,51.05427453557885],[-114.07683806196049,51.05422665473545],[-114.07681634027543,51.05421388473166],[-114.0766172175426,51.054183986160815]]]]}},{"type":"Feature","id":"park-adb5e34b6ed0","properties":{"id":"park-adb5e34b6ed0","layer":"park","assetCode":"BNK872","name":"BUCKMASTER PARK","type":"SUBNEIGHBOURHOOD PARK","status":"ACTIVE","nearCommunities":[{"communityCode":"BLN","intersectsCommunity":false,"distanceToCommunityM":398}],"sourceDatasetId":"kami-qbfh","siteType":"TITLED"},"geometry":{"type":"Polygon","coordinates":[[[-114.09806360670741,51.034944305863824],[-114.09806369232186,51.034931656173356],[-114.09809090052704,51.03494433336966],[-114.09806360670741,51.034944305863824]]]}},{"type":"Feature","id":"park-b6254a544a69","properties":{"id":"park-b6254a544a69","layer":"park","assetCode":"BLN011","name":null,"type":"SUBNEIGHBOURHOOD PARK","status":"ACTIVE","nearCommunities":[{"communityCode":"BRD","intersectsCommunity":false,"distanceToCommunityM":277},{"communityCode":"BLN","intersectsCommunity":true,"distanceToCommunityM":0}],"sourceDatasetId":"kami-qbfh","siteType":"TITLED"},"geometry":{"type":"Polygon","coordinates":[[[-114.04343712400629,51.043139757512],[-114.04334475944908,51.04312577680387],[-114.0434278428015,51.04303833696007],[-114.04373969098462,51.04248516308414],[-114.04409487517519,51.04201852517702],[-114.04434697174513,51.04174572609246],[-114.04487822662418,51.04137017655405],[-114.04485259051347,51.041359621653925],[-114.04490542878867,51.041322078194696],[-114.04523311487196,51.04117657876431],[-114.04563180149984,51.04090800904716],[-114.04629466379535,51.0406091460681],[-114.04703025881875,51.04014874398387],[-114.0472364721817,51.039975634380106],[-114.04756335110733,51.039790741054105],[-114.04843095974704,51.039085183549695],[-114.04872584919227,51.03877641704292],[-114.04899092532325,51.03878390615827],[-114.04871296515068,51.03913289178026],[-114.04880906909989,51.03921734717184],[-114.04877752564192,51.039657495407816],[-114.04853750283878,51.03967398992622],[-114.04837047503813,51.039565951236916],[-114.04827138756195,51.03958107699041],[-114.04827154994794,51.039690696034356],[-114.04814110509717,51.03969076062549],[-114.0481412470816,51.039794748501926],[-114.04772123965394,51.03979654969119],[-114.04697771884699,51.0403654466295],[-114.04621703133462,51.04082677973886],[-114.0462880254338,51.04089329010053],[-114.04593074125307,51.04100203879464],[-114.04500220856183,51.04140597456608],[-114.04488386982896,51.04150075213983],[-114.04489402390435,51.041550698823364],[-114.04483358244435,51.041612229814966],[-114.04400657273757,51.04229839999911],[-114.04361894787077,51.0429225678895],[-114.04343712400629,51.043139757512]]]}},{"type":"Feature","id":"park-0e4ed29ecf53","properties":{"id":"park-0e4ed29ecf53","layer":"park","assetCode":"DNC105","name":"HARMONY PARK","type":"SUBNEIGHBOURHOOD PARK","status":"ACTIVE","nearCommunities":[{"communityCode":"SSD","intersectsCommunity":false,"distanceToCommunityM":351}],"sourceDatasetId":"kami-qbfh","siteType":"TITLED"},"geometry":{"type":"Polygon","coordinates":[[[-114.06291913805812,51.04884539469726],[-114.06325119315778,51.048840507174795],[-114.06421552987238,51.04897047741722],[-114.06419392858376,51.04928483857314],[-114.06291725876486,51.04925730502257],[-114.0628924930147,51.049231158245014],[-114.06291913805812,51.04884539469726]]]}},{"type":"Feature","id":"park-c368284b2135","properties":{"id":"park-c368284b2135","layer":"park","assetCode":"CRE875","name":null,"type":"SUBNEIGHBOURHOOD PARK","status":"ACTIVE","nearCommunities":[{"communityCode":"SSD","intersectsCommunity":false,"distanceToCommunityM":63}],"sourceDatasetId":"kami-qbfh","siteType":"TITLED"},"geometry":{"type":"Polygon","coordinates":[[[-114.06333983501266,51.057974205540425],[-114.06333857870679,51.05760229456141],[-114.06380609991692,51.057964185530054],[-114.06333983501266,51.057974205540425]]]}},{"type":"Feature","id":"park-7bfff51940d5","properties":{"id":"park-7bfff51940d5","layer":"park","assetCode":"BLN001","name":"TOMKINS PARK","type":"SUBNEIGHBOURHOOD PARK","status":"ACTIVE","nearCommunities":[{"communityCode":"BLN","intersectsCommunity":true,"distanceToCommunityM":0}],"sourceDatasetId":"kami-qbfh","siteType":"TITLED"},"geometry":{"type":"Polygon","coordinates":[[[-114.0815640500786,51.038097111649094],[-114.0794915427906,51.038053290660365],[-114.07946151714314,51.03802915563316],[-114.07946631462708,51.03789714155725],[-114.08154082117666,51.037886575435806],[-114.08165425731214,51.03791715306801],[-114.08169718899416,51.03798806474271],[-114.08166220082734,51.03806645640084],[-114.0815640500786,51.038097111649094]]]}},{"type":"Feature","id":"park-e7d4a5fbb59f","properties":{"id":"park-e7d4a5fbb59f","layer":"park","assetCode":"LMR294","name":null,"type":"SUBNEIGHBOURHOOD PARK","status":"ACTIVE","nearCommunities":[{"communityCode":"BLN","intersectsCommunity":false,"distanceToCommunityM":248}],"sourceDatasetId":"kami-qbfh","siteType":"TITLED"},"geometry":{"type":"Polygon","coordinates":[[[-114.08192948214693,51.03560439291546],[-114.08206133314683,51.03527520726254],[-114.08219066374757,51.03521969817033],[-114.08218913363038,51.03560965299913],[-114.08192948214693,51.03560439291546]]]}},{"type":"Feature","id":"park-786598de61b7","properties":{"id":"park-786598de61b7","layer":"park","assetCode":"MIS241","name":"ST MARY'S PARK","type":"SUBNEIGHBOURHOOD PARK","status":"ACTIVE","nearCommunities":[{"communityCode":"BLN","intersectsCommunity":false,"distanceToCommunityM":176}],"sourceDatasetId":"kami-qbfh","siteType":"TITLED"},"geometry":{"type":"Polygon","coordinates":[[[-114.06533096503165,51.0361535464445],[-114.06528932255613,51.036161255050274],[-114.06492161549787,51.03622931719886],[-114.06492647981442,51.03616058607946],[-114.06548190823617,51.036022697101004],[-114.06563081249286,51.03599939305814],[-114.06572436050031,51.03608317887471],[-114.06567055119808,51.036131804102446],[-114.06566898724003,51.03625598216112],[-114.06544823409102,51.03622837351977],[-114.06533096503165,51.0361535464445]]]}},{"type":"Feature","id":"park-942036485714","properties":{"id":"park-942036485714","layer":"park","assetCode":"HIL477","name":"HILLHURST SUNNYSIDE COMMUNITY CENTRE","type":"NEIGHBOURHOOD PARK","status":"ACTIVE","nearCommunities":[{"communityCode":"HIL","intersectsCommunity":true,"distanceToCommunityM":0}],"sourceDatasetId":"kami-qbfh","siteType":"TITLED"},"geometry":{"type":"Polygon","coordinates":[[[-114.09185956482453,51.057140279082134],[-114.09320993173044,51.05714560176837],[-114.093599538485,51.05720320039547],[-114.09452917308734,51.05749168202796],[-114.09458563910931,51.05754549553578],[-114.09460136771604,51.0576171416294],[-114.0946024270554,51.05838830370242],[-114.09178744984685,51.05840593481862],[-114.0917828179826,51.05718219548811],[-114.09185956482453,51.057140279082134]]]}},{"type":"Feature","id":"park-23c544db9250","properties":{"id":"park-23c544db9250","layer":"park","assetCode":"BNK891","name":null,"type":"LINEAR PARK","status":"ACTIVE","nearCommunities":[{"communityCode":"BLN","intersectsCommunity":false,"distanceToCommunityM":165}],"sourceDatasetId":"kami-qbfh","siteType":"TITLED"},"geometry":{"type":"Polygon","coordinates":[[[-114.09655995467065,51.03690435053569],[-114.09656862833491,51.03665347006757],[-114.09663530916103,51.03661083950409],[-114.09674430900566,51.03660430727339],[-114.09674524810863,51.036922457274926],[-114.09655995467065,51.03690435053569]]]}},{"type":"Feature","id":"park-32ffc959aadf","properties":{"id":"park-32ffc959aadf","layer":"park","assetCode":"BNK858","name":null,"type":"SUBNEIGHBOURHOOD PARK","status":"ACTIVE","nearCommunities":[{"communityCode":"BLN","intersectsCommunity":false,"distanceToCommunityM":314}],"sourceDatasetId":"kami-qbfh","siteType":"TITLED"},"geometry":{"type":"Polygon","coordinates":[[[-114.09949241972333,51.036842182831926],[-114.0989013454269,51.03684140617233],[-114.0989031391528,51.036641832244584],[-114.09892928603261,51.03661585311536],[-114.09949347389728,51.0366060518131],[-114.09949241972333,51.036842182831926]]]}},{"type":"Feature","id":"park-a329815fbce8","properties":{"id":"park-a329815fbce8","layer":"park","assetCode":"CRE776","name":null,"type":"SUBNEIGHBOURHOOD PARK","status":"ACTIVE","nearCommunities":[{"communityCode":"BRD","intersectsCommunity":false,"distanceToCommunityM":7}],"sourceDatasetId":"kami-qbfh","siteType":"TITLED"},"geometry":{"type":"Polygon","coordinates":[[[-114.05395159121764,51.05657985187402],[-114.05424107210045,51.05658021233725],[-114.05422566675348,51.05691489399981],[-114.05416588843603,51.056915583358894],[-114.05309578790822,51.056080885703],[-114.053954032722,51.05608227985883],[-114.05395159121764,51.05657985187402]]]}},{"type":"Feature","id":"park-0ea3f3b91c00","properties":{"id":"park-0ea3f3b91c00","layer":"park","assetCode":"CRE871","name":"CRESCENT PARK","type":"COMMUNITY PARK","status":"ACTIVE","nearCommunities":[{"communityCode":"SSD","intersectsCommunity":false,"distanceToCommunityM":21}],"sourceDatasetId":"kami-qbfh","siteType":"TITLED"},"geometry":{"type":"Polygon","coordinates":[[[-114.06748348970187,51.062344976383976],[-114.06754124143387,51.0623449430296],[-114.06754266598,51.06176802952231],[-114.06749352674063,51.061706871255254],[-114.06749968800207,51.060780658898224],[-114.06744426958426,51.06073087620867],[-114.06754603597716,51.060599702531945],[-114.06754825908888,51.059201108996774],[-114.06761318280081,51.05916620036854],[-114.06890763042053,51.059884207856335],[-114.06984662067856,51.060486788214305],[-114.06985454245441,51.0628975715096],[-114.06757911051751,51.062895549666855],[-114.06757698528754,51.06247155138447],[-114.06748317506388,51.062396443537544],[-114.06748348970187,51.062344976383976]]]}},{"type":"Feature","id":"park-edcf9a1fece1","properties":{"id":"park-edcf9a1fece1","layer":"park","assetCode":"SCA867","name":"ROYAL SUNALTA PARK; SCARBORO COMMUNITY ASSOC; CALGARY TENNIS CLUB","type":"NEIGHBOURHOOD PARK","status":"ACTIVE","nearCommunities":[{"communityCode":"BLN","intersectsCommunity":false,"distanceToCommunityM":336}],"sourceDatasetId":"kami-qbfh","siteType":"TITLED"},"geometry":{"type":"Polygon","coordinates":[[[-114.10042292013709,51.040535774532515],[-114.09952217895889,51.0405000587629],[-114.09951212009238,51.04046994899376],[-114.09958323787468,51.03970206367754],[-114.09964606584028,51.03966796327177],[-114.10011693115734,51.039640481063486],[-114.10042261163846,51.039556699313735],[-114.10042292013709,51.040535774532515]]]}},{"type":"Feature","id":"park-a5b27341a8e7","properties":{"id":"park-a5b27341a8e7","layer":"park","assetCode":"MNI211","name":"READER ROCK GARDEN; READER ROCK GARDEN DEPOT","type":"REGIONAL PARK","status":"ACTIVE","nearCommunities":[{"communityCode":"BLN","intersectsCommunity":false,"distanceToCommunityM":81}],"sourceDatasetId":"kami-qbfh","siteType":"TITLED"},"geometry":{"type":"Polygon","coordinates":[[[-114.05562062361534,51.03075986762306],[-114.0556849857389,51.03073763946894],[-114.05566999212155,51.030641053485695],[-114.05569920924333,51.03059844610156],[-114.05581304421237,51.03065653753203],[-114.05581245682686,51.030774028524554],[-114.05592092760487,51.030802424752785],[-114.05592113064277,51.03076145744079],[-114.0559740999566,51.03075307340811],[-114.05603927408873,51.03065365143605],[-114.05623446237176,51.030623765626956],[-114.05616524353857,51.03055988174964],[-114.05652774335249,51.030552614055374],[-114.05655243737007,51.03049580483043],[-114.05638783930942,51.0302999526298],[-114.05628944080608,51.03023927426154],[-114.05581821132971,51.03029387931806],[-114.05559906038488,51.030279240584036],[-114.05503547629878,51.03013983350483],[-114.05481206207453,51.03000049838872],[-114.05425417056458,51.02984773507686],[-114.05421179107688,51.02981431284776],[-114.05421814290061,51.02978441086837],[-114.0555344447261,51.02990271647459],[-114.055610169737,51.0298999835387],[-114.05572599384622,51.02983511221954],[-114.05577543557109,51.02965837697796],[-114.05582221878849,51.02964236186268],[-114.05634824177928,51.029775984882384],[-114.0566235535534,51.02976359877453],[-114.0567555917267,51.029680891887445],[-114.05677496803781,51.029624507707844],[-114.05675431316514,51.02956782833043],[-114.05668566046047,51.029524414152775],[-114.05649692952329,51.029492304232825],[-114.0565235181182,51.029399562026335],[-114.05640069763666,51.029385462497096],[-114.05636988990832,51.02947891690185],[-114.05621248114907,51.02944920965476],[-114.05618283177,51.02939034998967],[-114.05623994332892,51.02934516696652],[-114.05657157084565,51.02927683487447],[-114.05677866370165,51.02926554668903],[-114.05689524241109,51.02929450353611],[-114.05701345176045,51.029248781552724],[-114.05728223771754,51.02938175246936],[-114.05756870167605,51.02944607905692],[-114.05815849826861,51.0296829889741],[-114.05816929491874,51.02973128197041],[-114.05806519389063,51.02981402332385],[-114.05807639002713,51.02986376348006],[-114.058346509436,51.02989536637058],[-114.05872809212885,51.030055801517314],[-114.05879392469957,51.03011039467284],[-114.05865187366645,51.03043909468604],[-114.05810344007145,51.03073762357066],[-114.05780787268704,51.03084126380799],[-114.0574766579578,51.03088435505318],[-114.05631285635388,51.03088142641394],[-114.05594658268667,51.0308456972475],[-114.05562062361534,51.03075986762306]]]}},{"type":"Feature","id":"park-1ec510961a5b","properties":{"id":"park-1ec510961a5b","layer":"park","assetCode":"DNW134","name":"COWBOYS PARK; FORMERLY MILLENNIUM PARK","type":"REGIONAL PARK","status":"ACTIVE","nearCommunities":[{"communityCode":"HIL","intersectsCommunity":false,"distanceToCommunityM":111},{"communityCode":"BLN","intersectsCommunity":false,"distanceToCommunityM":82}],"sourceDatasetId":"kami-qbfh","siteType":"TITLED"},"geometry":{"type":"Polygon","coordinates":[[[-114.08871252972878,51.047073881092636],[-114.08873005132114,51.04682610718656],[-114.0898080315245,51.04685143859511],[-114.08988556942221,51.04575682686841],[-114.08880724118293,51.04572863590804],[-114.08882703166277,51.04546870248941],[-114.08887196700734,51.04543633405462],[-114.09143932033668,51.045506692311534],[-114.09198759880448,51.04555607959874],[-114.09292565174076,51.0457901332337],[-114.09360842986734,51.04607631415392],[-114.0939272034949,51.04614087978817],[-114.09428647736178,51.04609621719282],[-114.09444271233738,51.04602582549965],[-114.09455649340146,51.045933793701714],[-114.09455654361072,51.04624635051315],[-114.09460860088461,51.04635416181189],[-114.0946046460034,51.04645904643013],[-114.09447387476499,51.04634023421858],[-114.09424076004909,51.04623926453988],[-114.0939352385414,51.046191827139374],[-114.09368534063562,51.04619556427284],[-114.09333631068228,51.04626581780145],[-114.09224781305434,51.04681124401197],[-114.09209685184142,51.04669690758578],[-114.09201172076737,51.046750143507374],[-114.09202089536238,51.04662795053822],[-114.09155640333348,51.04675307661649],[-114.09151428893239,51.0466693747362],[-114.09142574559527,51.04667678864087],[-114.0888772451965,51.04708715605204],[-114.08886998665328,51.04706505132621],[-114.08871252972878,51.047073881092636]]]}},{"type":"Feature","id":"park-9d8d891f3461","properties":{"id":"park-9d8d891f3461","layer":"park","assetCode":"DNW000","name":"MILLENNIUM PARK DEPOT","type":"PARKS DEPOT","status":"ACTIVE","nearCommunities":[{"communityCode":"HIL","intersectsCommunity":false,"distanceToCommunityM":73},{"communityCode":"BLN","intersectsCommunity":false,"distanceToCommunityM":161}],"sourceDatasetId":"kami-qbfh","siteType":"TITLED"},"geometry":{"type":"Polygon","coordinates":[[[-114.09452703887474,51.04690712153314],[-114.09261673204277,51.04690274282176],[-114.0923776047255,51.046851325605495],[-114.09333058100313,51.04637461253054],[-114.09357743981175,51.04629462407742],[-114.09425749255732,51.04631232858835],[-114.09447215166882,51.04646205188743],[-114.09457189203476,51.04669769100901],[-114.09458474424945,51.04683773794378],[-114.09452703887474,51.04690712153314]]]}},{"type":"Feature","id":"park-37b7dbd6bddc","properties":{"id":"park-37b7dbd6bddc","layer":"park","assetCode":"BRD850","name":null,"type":"SUBNEIGHBOURHOOD PARK","status":"ACTIVE","nearCommunities":[{"communityCode":"BRD","intersectsCommunity":true,"distanceToCommunityM":0}],"sourceDatasetId":"kami-qbfh","siteType":"TITLED"},"geometry":{"type":"Polygon","coordinates":[[[-114.04127483227676,51.05006108567632],[-114.04143358853396,51.05006284543197],[-114.04149222245046,51.050096724886394],[-114.04149691177633,51.05031685461937],[-114.04145656800088,51.05036970154845],[-114.041295877233,51.050390974182385],[-114.04119714874429,51.05033778985113],[-114.04119058327586,51.050105677464586],[-114.04127483227676,51.05006108567632]]]}},{"type":"Feature","id":"park-08480b625dd1","properties":{"id":"park-08480b625dd1","layer":"park","assetCode":"RAM009","name":"RAMSEY CIVIC BUILDING","type":"SUBNEIGHBOURHOOD PARK","status":"ACTIVE","nearCommunities":[{"communityCode":"BLN","intersectsCommunity":false,"distanceToCommunityM":345}],"sourceDatasetId":"kami-qbfh","siteType":"TITLED"},"geometry":{"type":"Polygon","coordinates":[[[-114.04095311513072,51.038292342494685],[-114.04134736194057,51.038267940784856],[-114.04141921814627,51.038717088758716],[-114.04072614009122,51.03876256691296],[-114.04068177870914,51.038485925597364],[-114.04095311513072,51.038292342494685]]]}},{"type":"Feature","id":"park-dcb69610b8cc","properties":{"id":"park-dcb69610b8cc","layer":"park","assetCode":"BRD001","name":null,"type":"SUBNEIGHBOURHOOD PARK","status":"ACTIVE","nearCommunities":[{"communityCode":"BRD","intersectsCommunity":true,"distanceToCommunityM":0}],"sourceDatasetId":"kami-qbfh","siteType":"TITLED"},"geometry":{"type":"Polygon","coordinates":[[[-114.03896766351583,51.051824298609176],[-114.03889580160657,51.051784908904146],[-114.03889218355133,51.05150102185427],[-114.03892341676264,51.05146106472434],[-114.0393679027489,51.051456654734224],[-114.03944736082546,51.051485921856646],[-114.03951079610404,51.05155354360143],[-114.03951515760225,51.051714394338354],[-114.03944762145045,51.05179271313982],[-114.03935461607882,51.05182405929063],[-114.03896766351583,51.051824298609176]]]}},{"type":"Feature","id":"park-808cf30e5e2e","properties":{"id":"park-808cf30e5e2e","layer":"park","assetCode":"REN791","name":"STANLEY JONES SCHOOL; RENFREW COMMUNITY ASSOC","type":"NEIGHBOURHOOD PARK","status":"ACTIVE","nearCommunities":[{"communityCode":"BRD","intersectsCommunity":false,"distanceToCommunityM":166}],"sourceDatasetId":"kami-qbfh","siteType":"TITLED"},"geometry":{"type":"Polygon","coordinates":[[[-114.0436686564441,51.05967773069879],[-114.04392643188939,51.05965220222392],[-114.04411678398523,51.059677697274175],[-114.04819806943405,51.05965640362198],[-114.04826414656742,51.05971879191837],[-114.04825875921696,51.060885920206786],[-114.04810098580992,51.060884507135526],[-114.04721046026373,51.06113928545518],[-114.04595922533103,51.06050612811284],[-114.04368791684566,51.060500271164194],[-114.04366258902485,51.06047807784369],[-114.0436686564441,51.05967773069879]]]}},{"type":"Feature","id":"park-2b896c62188f","properties":{"id":"park-2b896c62188f","layer":"park","assetCode":"HIL110","name":null,"type":"SUBNEIGHBOURHOOD PARK","status":"ACTIVE","nearCommunities":[{"communityCode":"HIL","intersectsCommunity":true,"distanceToCommunityM":0},{"communityCode":"SSD","intersectsCommunity":false,"distanceToCommunityM":205}],"sourceDatasetId":"kami-qbfh","siteType":"TITLED"},"geometry":{"type":"Polygon","coordinates":[[[-114.0895035131309,51.055380246297325],[-114.08901486763037,51.05564588985499],[-114.08892620244929,51.0556457505794],[-114.08888476133176,51.05561372835936],[-114.08887732299264,51.05536055117481],[-114.0895035131309,51.055380246297325]]]}},{"type":"Feature","id":"park-831a9b367b89","properties":{"id":"park-831a9b367b89","layer":"park","assetCode":"HIL490","name":null,"type":"SUBNEIGHBOURHOOD PARK","status":"ACTIVE","nearCommunities":[{"communityCode":"HIL","intersectsCommunity":true,"distanceToCommunityM":0}],"sourceDatasetId":"kami-qbfh","siteType":"TITLED"},"geometry":{"type":"Polygon","coordinates":[[[-114.09880560978927,51.04977551948506],[-114.09961953361643,51.04977474051504],[-114.09962052224736,51.050167112522615],[-114.09880278800854,51.05016799540342],[-114.09880560978927,51.04977551948506]]]}},{"type":"Feature","id":"park-324917be0b8e","properties":{"id":"park-324917be0b8e","layer":"park","assetCode":"BRD773","name":null,"type":"SUBNEIGHBOURHOOD PARK","status":"ACTIVE","nearCommunities":[{"communityCode":"BRD","intersectsCommunity":true,"distanceToCommunityM":0}],"sourceDatasetId":"kami-qbfh","siteType":"TITLED"},"geometry":{"type":"Polygon","coordinates":[[[-114.04247886267314,51.04998477742182],[-114.04301982435587,51.04996695071786],[-114.043021404575,51.05035486037338],[-114.042386630105,51.05035500598881],[-114.04239732428927,51.05003975043033],[-114.04247886267314,51.04998477742182]]]}},{"type":"Feature","id":"park-059eb3d04845","properties":{"id":"park-059eb3d04845","layer":"park","assetCode":"SSD112","name":"SUNNYSIDE COMMUNITY GARDEN","type":"SUBNEIGHBOURHOOD PARK","status":"ACTIVE","nearCommunities":[{"communityCode":"SSD","intersectsCommunity":true,"distanceToCommunityM":0}],"sourceDatasetId":"kami-qbfh","siteType":"TITLED"},"geometry":{"type":"Polygon","coordinates":[[[-114.07219036152567,51.06037302795586],[-114.0721851087664,51.06064625995453],[-114.07209794315573,51.06065332122826],[-114.07169870258744,51.06042702250218],[-114.07165243709325,51.06037263345764],[-114.07219036152567,51.06037302795586]]]}},{"type":"Feature","id":"park-22f370dd64ae","properties":{"id":"park-22f370dd64ae","layer":"park","assetCode":"SSD477","name":"BOW TO BLUFF CORRIDOR","type":"NON-PARK","status":"ACTIVE","nearCommunities":[{"communityCode":"HIL","intersectsCommunity":false,"distanceToCommunityM":113},{"communityCode":"SSD","intersectsCommunity":true,"distanceToCommunityM":0}],"sourceDatasetId":"kami-qbfh","siteType":"TITLED"},"geometry":{"type":"Polygon","coordinates":[[[-114.08416096078662,51.05570611531976],[-114.08432737466944,51.05576269712966],[-114.08433665864573,51.05605768981862],[-114.08397672875718,51.0558183055569],[-114.08416096078662,51.05570611531976]]]}},{"type":"Feature","id":"park-f1f53871cf99","properties":{"id":"park-f1f53871cf99","layer":"park","assetCode":"SNA871","name":null,"type":"NON-PARK","status":"ACTIVE","nearCommunities":[{"communityCode":"BLN","intersectsCommunity":false,"distanceToCommunityM":304}],"sourceDatasetId":"kami-qbfh","siteType":"TITLED"},"geometry":{"type":"Polygon","coordinates":[[[-114.09906883192923,51.04057891627915],[-114.09936802015575,51.0406108383765],[-114.09934089419922,51.04100607386434],[-114.09904549196408,51.040998791170416],[-114.09906883192923,51.04057891627915]]]}},{"type":"Feature","id":"park-f0deff375c07","properties":{"id":"park-f0deff375c07","layer":"park","assetCode":"BRD774","name":"MURDOCH PARK; MCDOUGALL SLOPE","type":"COMMUNITY PARK","status":"ACTIVE","nearCommunities":[{"communityCode":"BRD","intersectsCommunity":true,"distanceToCommunityM":0}],"sourceDatasetId":"kami-qbfh","siteType":"TITLED"},"geometry":{"type":"Polygon","coordinates":[[[-114.04501755670343,51.05131717596107],[-114.04557007565735,51.05130948420404],[-114.04568206199718,51.05136489090219],[-114.04582571887683,51.05130900129444],[-114.045825747388,51.05137835879736],[-114.04634721317964,51.0513781585832],[-114.0463472515726,51.05144663329052],[-114.04692851448598,51.05144646249333],[-114.04710631885499,51.05152798169902],[-114.04750909047081,51.051530458065486],[-114.04754855333867,51.05156465510714],[-114.04754880341332,51.05185762288273],[-114.04767712872224,51.0518575256612],[-114.0476771667269,51.051994555986745],[-114.04708775866905,51.05199482728065],[-114.0470505491922,51.05192955170818],[-114.0469551664265,51.05193797927322],[-114.04693900805457,51.05199441784713],[-114.04686888166555,51.05199422484031],[-114.04686884608769,51.05187701865021],[-114.04658209441021,51.051840982009686],[-114.04658915365253,51.05178185199195],[-114.04582314994155,51.05167587829862],[-114.045539015389,51.05166383344059],[-114.04553905156877,51.05173708348628],[-114.04446221180709,51.051646270359655],[-114.04432429213222,51.05160113140453],[-114.04422611622367,51.05162681627236],[-114.04417706470784,51.051686247900335],[-114.04418972666409,51.051739651057204],[-114.0442612024112,51.05180620189962],[-114.04419162723347,51.051806399029786],[-114.04419190992839,51.05228028314378],[-114.04426523570606,51.05228025539798],[-114.0442650105014,51.052313328670145],[-114.04423536433659,51.05236658601588],[-114.04416240916238,51.052396504427776],[-114.04216520463787,51.052392702148126],[-114.04148435741142,51.052308550264655],[-114.0405215604976,51.05230478869537],[-114.04045087850675,51.05226000840414],[-114.04044987472427,51.0511077159772],[-114.04041867873075,51.051014959112926],[-114.04048377689841,51.05095230967277],[-114.04217779515987,51.050962864213616],[-114.0423608709115,51.05090070778198],[-114.04246045175988,51.050899060691364],[-114.04245910043745,51.05110423724578],[-114.04287617420029,51.05110438525406],[-114.04316311905627,51.05117211070458],[-114.04420901051427,51.05117247313873],[-114.04420904963682,51.05124203021121],[-114.04440017353154,51.05124395708129],[-114.04450112642027,51.05130409859548],[-114.04501826484174,51.051347332614505],[-114.04501755670343,51.05131717596107]]]}},{"type":"Feature","id":"park-6638dbf5d713","properties":{"id":"park-6638dbf5d713","layer":"park","assetCode":"SNA178","name":"PUMPHOUSE THEATRE","type":"COMMUNITY PARK","status":"ACTIVE","nearCommunities":[{"communityCode":"HIL","intersectsCommunity":false,"distanceToCommunityM":0},{"communityCode":"BLN","intersectsCommunity":false,"distanceToCommunityM":248}],"sourceDatasetId":"kami-qbfh","siteType":"TITLED"},"geometry":{"type":"Polygon","coordinates":[[[-114.10756125750807,51.04799889713036],[-114.10552292042888,51.047964368310296],[-114.10498133090147,51.0478880010007],[-114.10460801504814,51.04788044272625],[-114.10392363312648,51.0478068771657],[-114.10349836884521,51.047785858948295],[-114.10334505540595,51.0478216847385],[-114.10266156036421,51.0477422182351],[-114.10193645162471,51.04773251828015],[-114.10187398606308,51.0477026297444],[-114.10111996907318,51.04772199394121],[-114.09976076246687,51.04767767391163],[-114.09939022955562,51.047636510960636],[-114.0990269255583,51.04765645739917],[-114.09604970538447,51.04748314500966],[-114.09554463026305,51.04752648673874],[-114.09487203635804,51.04752475122209],[-114.09487140949993,51.04708105273836],[-114.0958497060927,51.04712765742689],[-114.09650697483139,51.0472509195707],[-114.09687156389253,51.04738518526124],[-114.0981482767504,51.04748492200757],[-114.10039787261456,51.04760457586345],[-114.10157086553305,51.04759569819468],[-114.10183838165538,51.04753071957038],[-114.1025690659192,51.047442085554295],[-114.10355346789665,51.04754705366264],[-114.10392136111173,51.047465199263804],[-114.10451897225498,51.04718442317681],[-114.10495925478814,51.047505336942436],[-114.10571825404476,51.04754867921257],[-114.10642116834936,51.04755026537977],[-114.10713292273347,51.04751013764855],[-114.10785332232713,51.04742566743808],[-114.10810399758772,51.047683676696494],[-114.10888837252429,51.04758205545861],[-114.10891146000868,51.047909360627216],[-114.10885571862086,51.04792202496698],[-114.10756125750807,51.04799889713036]]]}},{"type":"Feature","id":"park-36e44ac229b6","properties":{"id":"park-36e44ac229b6","layer":"park","assetCode":"HIL498","name":"MEMORIAL DRIVE PATHWAY","type":"REGIONAL PARK","status":"ACTIVE","nearCommunities":[{"communityCode":"HIL","intersectsCommunity":true,"distanceToCommunityM":0}],"sourceDatasetId":"kami-qbfh","siteType":"NON TITLED"},"geometry":{"type":"Polygon","coordinates":[[[-114.0948419667013,51.048918288089475],[-114.09484877963195,51.04853772663791],[-114.09540982282097,51.04849522774229],[-114.09562243024332,51.04851385152502],[-114.09589665070816,51.04858657851864],[-114.09638457853613,51.0486153308719],[-114.09705289773831,51.04862018966431],[-114.09801681628257,51.048575056946994],[-114.09820031423178,51.04861137425689],[-114.09834008186431,51.04857247505137],[-114.09980848286422,51.048568823825946],[-114.10361919796921,51.04879870754454],[-114.10493663420908,51.04892905192983],[-114.10551412341906,51.048928336061266],[-114.10551319633323,51.04900488984017],[-114.10418052549771,51.04898746934663],[-114.10011639230422,51.04874537678919],[-114.09876331365265,51.04880639055182],[-114.09610892134899,51.0490341376392],[-114.0953418855702,51.04904828638234],[-114.0949978125987,51.049011825515166],[-114.09487283934335,51.04895033838796],[-114.0948419667013,51.048918288089475]]]}},{"type":"Feature","id":"park-659e11ab729f","properties":{"id":"park-659e11ab729f","layer":"park","assetCode":"DNW234","name":"CENTENNIAL PLANETARIUM; COMTEMPORARY CALGARY","type":"NON-PARK","status":"ACTIVE","nearCommunities":[{"communityCode":"HIL","intersectsCommunity":false,"distanceToCommunityM":47},{"communityCode":"BLN","intersectsCommunity":false,"distanceToCommunityM":213}],"sourceDatasetId":"kami-qbfh","siteType":"TITLED"},"geometry":{"type":"Polygon","coordinates":[[[-114.09201172076737,51.046750143507374],[-114.09209685184142,51.04669690758578],[-114.09224781305434,51.04681124401197],[-114.09062381800094,51.04783435744883],[-114.09029223618549,51.047990596679774],[-114.08989033695396,51.04809188270468],[-114.08955855304352,51.04811967294154],[-114.0887539652111,51.048083854890876],[-114.08864759958728,51.04801697111085],[-114.08870316756816,51.04720626199539],[-114.08979438525941,51.04704413948847],[-114.09044756563416,51.04699339314311],[-114.09180117437339,51.04678961037697],[-114.09201550841472,51.04669968565261],[-114.09201172076737,51.046750143507374]]]}},{"type":"Feature","id":"park-373a50c05213","properties":{"id":"park-373a50c05213","layer":"park","assetCode":"BRD100","name":"ST PATRICK'S ISLAND PARK","type":"REGIONAL PARK","status":"ACTIVE","nearCommunities":[{"communityCode":"BRD","intersectsCommunity":true,"distanceToCommunityM":0},{"communityCode":"BLN","intersectsCommunity":false,"distanceToCommunityM":367}],"sourceDatasetId":"kami-qbfh","siteType":"TITLED"},"geometry":{"type":"MultiPolygon","coordinates":[[[[-114.04340942067782,51.048058830621315],[-114.04315903211157,51.048016244610224],[-114.04312376490823,51.04799209773203],[-114.04335708334517,51.04793516666538],[-114.04345200606343,51.04804064745535],[-114.04340942067782,51.048058830621315]]],[[[-114.04495319351183,51.047714730663785],[-114.04518314281958,51.04769467850702],[-114.04521475166754,51.04780410724401],[-114.04518878952388,51.04786967308386],[-114.04508259031944,51.04789437471813],[-114.04490307456574,51.047828717217314],[-114.04488622090041,51.04775563000323],[-114.04495319351183,51.047714730663785]]],[[[-114.044067707237,51.04788620713685],[-114.0444278499706,51.047947694489544],[-114.04447783189926,51.04803476527374],[-114.04433859188111,51.04806384870675],[-114.04397484781389,51.04798783952868],[-114.04390423186429,51.04794461828904],[-114.044067707237,51.04788620713685]]],[[[-114.04303419394512,51.04804355828475],[-114.04362115501863,51.048121287939146],[-114.04382705440585,51.04828084421591],[-114.0438816791577,51.04811581995592],[-114.04397130582628,51.04804872469654],[-114.04412478710579,51.04804003042368],[-114.04443918292783,51.048085520699],[-114.04454251041791,51.04804871787323],[-114.04458350671474,51.047986082490795],[-114.04430683472854,51.04777606447458],[-114.04383137525996,51.04785424761855],[-114.04362465263074,51.047932201179556],[-114.04336852426292,51.04791100252511],[-114.04299023123622,51.04798064726237],[-114.04206432879236,51.048001963479116],[-114.04148500301133,51.04796710520003],[-114.0410361651555,51.047990862580654],[-114.04095165568263,51.047949557448845],[-114.04070344895356,51.04798161701723],[-114.03984257072757,51.04792905583648],[-114.03839365921692,51.047495482488365],[-114.03826820491163,51.04744829159331],[-114.03808201435916,51.0473160595484],[-114.03642774214163,51.0469449352241],[-114.03659979251448,51.04628870666196],[-114.03491036092478,51.04564968858662],[-114.03493379081188,51.045616410588],[-114.03490979912505,51.045556826620356],[-114.03530760125061,51.045257419160095],[-114.03542260870908,51.04521054425863],[-114.03575878199753,51.045199141797504],[-114.03627371755417,51.045245449251254],[-114.0367992024438,51.04545143393454],[-114.03761655563953,51.0456519234453],[-114.03782213217983,51.04567621927572],[-114.0380295825854,51.04562881922405],[-114.03822498743634,51.04569877920092],[-114.03825616231224,51.045728813584304],[-114.03797183224532,51.04588772609642],[-114.03765330621174,51.0459705706341],[-114.03763276573841,51.046051107263956],[-114.03764913551781,51.04614026214754],[-114.03768965112091,51.046182355192926],[-114.03768517352326,51.04630057969161],[-114.03782102698578,51.0463995235356],[-114.03796965651307,51.04633140869991],[-114.03794524882282,51.04629152379607],[-114.03776928998364,51.04624290678864],[-114.03773837330867,51.04618141083244],[-114.03776113518104,51.046149560953886],[-114.03817042224374,51.04612038757903],[-114.03867641640443,51.0460148885551],[-114.03882382202862,51.04593402199811],[-114.03879380347051,51.045842830238534],[-114.03916841260255,51.04598049541338],[-114.04000934423392,51.046187142509424],[-114.04064500125124,51.04620295547608],[-114.04101545481286,51.04627311677266],[-114.04125040178785,51.04633209662282],[-114.04159330425873,51.04647175193187],[-114.04170188263187,51.04657612357166],[-114.04207501637369,51.04672364257474],[-114.04208470919674,51.046781276741726],[-114.04219036276626,51.04683203512317],[-114.04233612440032,51.046847702758335],[-114.04240619266368,51.04691147297815],[-114.04254379957334,51.04696091682967],[-114.04274183127393,51.04697390935477],[-114.04332208476964,51.04714718402783],[-114.04413798514818,51.04728856949321],[-114.04445033914179,51.04730402672714],[-114.04521862800839,51.04748044942573],[-114.04523635532664,51.04751737057633],[-114.04514668726605,51.04761523957022],[-114.04522633371363,51.04761688446442],[-114.0453885204114,51.047688885960746],[-114.04545862911652,51.04761209631657],[-114.04553937140004,51.047605571604336],[-114.04590115603436,51.0477701408013],[-114.04602207525478,51.04779001269345],[-114.04715010535203,51.04836460545748],[-114.04743423771173,51.048543260223404],[-114.04751550252753,51.04864050505925],[-114.04746387005555,51.04867920883552],[-114.04736684293998,51.04868804913943],[-114.04697248763576,51.04860236537794],[-114.04594924909543,51.048548740255924],[-114.04603531875634,51.048490888055014],[-114.0459672639801,51.048451575790104],[-114.0455072630621,51.04851233037698],[-114.04484353368251,51.04845915646267],[-114.04422089508277,51.04834427392886],[-114.04388609153622,51.04837520881451],[-114.04339644086937,51.04833935361747],[-114.04293560601919,51.04825949005812],[-114.04242725473576,51.04812084551988],[-114.04266722998467,51.04804463314467],[-114.04303419394512,51.04804355828475]],[[-114.0453505821991,51.04796962744439],[-114.04545866687317,51.04790855688622],[-114.04545840341152,51.0478288082057],[-114.04537126884028,51.04771432550116],[-114.04511385575975,51.04763277772406],[-114.04484610069244,51.04766300175139],[-114.04443441090987,51.047790316904944],[-114.04468719270812,51.047988721833946],[-114.0451282276723,51.04801936917181],[-114.0453505821991,51.04796962744439]]]]}},{"type":"Feature","id":"park-dd4368a7939a","properties":{"id":"park-dd4368a7939a","layer":"park","assetCode":"SCA859","name":null,"type":"SUBNEIGHBOURHOOD PARK","status":"ACTIVE","nearCommunities":[{"communityCode":"BLN","intersectsCommunity":false,"distanceToCommunityM":332}],"sourceDatasetId":"kami-qbfh","siteType":"TITLED"},"geometry":{"type":"Polygon","coordinates":[[[-114.09975327975056,51.038009122722414],[-114.09958041688898,51.038004212504745],[-114.0994503521767,51.03789254474629],[-114.10014587437752,51.037885733530146],[-114.10014735945673,51.03827501883279],[-114.09975327975056,51.038009122722414]]]}},{"type":"Feature","id":"park-2c9d7bc8062c","properties":{"id":"park-2c9d7bc8062c","layer":"park","assetCode":"RDL550","name":null,"type":"COMMUNITY PARK","status":"ACTIVE","nearCommunities":[{"communityCode":"HIL","intersectsCommunity":false,"distanceToCommunityM":8},{"communityCode":"SSD","intersectsCommunity":true,"distanceToCommunityM":0}],"sourceDatasetId":"kami-qbfh","siteType":"TITLED"},"geometry":{"type":"Polygon","coordinates":[[[-114.08581606143078,51.061214472044625],[-114.08556329552476,51.0609726534485],[-114.08534144659131,51.06056604831447],[-114.08499721667525,51.05970554415635],[-114.08487977832303,51.0592968097409],[-114.08509983028293,51.05929519610924],[-114.08509176867508,51.05940704568811],[-114.08519562967743,51.05940904396295],[-114.08520287918414,51.059488300972845],[-114.08524551455976,51.05952151833895],[-114.08587550873278,51.0595176168455],[-114.085894764466,51.060822401754955],[-114.08581606143078,51.061214472044625]]]}},{"type":"Feature","id":"park-d5912a14a7db","properties":{"id":"park-d5912a14a7db","layer":"park","assetCode":"WHL495","name":"MEMORIAL PATHWAY 1","type":"REGIONAL PARK","status":"ACTIVE","nearCommunities":[{"communityCode":"HIL","intersectsCommunity":false,"distanceToCommunityM":162}],"sourceDatasetId":"kami-qbfh","siteType":"TITLED"},"geometry":{"type":"Polygon","coordinates":[[[-114.10551412341906,51.048928336061266],[-114.10786357689118,51.048836363438326],[-114.10798729719744,51.04891540377167],[-114.10802806542763,51.04885126123375],[-114.10812046844181,51.04881336049499],[-114.10843584101711,51.048802153908014],[-114.1089131958544,51.048715718820915],[-114.10891379449374,51.04899380675354],[-114.10551319633323,51.04900488984017],[-114.10551412341906,51.048928336061266]]]}},{"type":"Feature","id":"park-be4a40a8b66c","properties":{"id":"park-be4a40a8b66c","layer":"park","assetCode":"DNE200","name":"THE CONFLUENCE HISTORIC SITE AND PARKLAND; FORT CALGARY","type":"REGIONAL PARK","status":"ACTIVE","nearCommunities":[{"communityCode":"BRD","intersectsCommunity":true,"distanceToCommunityM":0},{"communityCode":"BLN","intersectsCommunity":false,"distanceToCommunityM":56}],"sourceDatasetId":"kami-qbfh","siteType":"TITLED"},"geometry":{"type":"Polygon","coordinates":[[[-114.04828588821113,51.04616895403369],[-114.04766034795207,51.046176042080994],[-114.04727710431456,51.04629916466712],[-114.0468626256443,51.046346298435594],[-114.04643181160598,51.04631658221472],[-114.04588440892537,51.04619553950369],[-114.04552678920936,51.04620678076848],[-114.0452071749125,51.046294006332566],[-114.04512730890322,51.046354666639786],[-114.0451301042164,51.046444328238955],[-114.0452127872284,51.046493824307696],[-114.0450590360268,51.04663922875022],[-114.04449724474762,51.04651343402255],[-114.04375528056944,51.04627331164987],[-114.04321370644338,51.04614887950358],[-114.04210100946467,51.045630864849684],[-114.04168051293478,51.04552015418115],[-114.04151808002246,51.04544337495286],[-114.04157575502322,51.04535559848055],[-114.04167702028947,51.0453149647828],[-114.04156023645423,51.0452185995747],[-114.04182783911256,51.04502291359529],[-114.04230631922357,51.04454881431961],[-114.04269768696716,51.04393518376513],[-114.04290783240464,51.043722322476846],[-114.0437429390697,51.0439172825428],[-114.0472002325005,51.04401867217293],[-114.0479358338936,51.04407216916376],[-114.048167214992,51.044105167049004],[-114.0482547560512,51.04417979428133],[-114.04824395464281,51.04496047802486],[-114.04828702504572,51.04499500418817],[-114.04828662589532,51.04524754303653],[-114.04823776299878,51.04528074881203],[-114.04823810672573,51.04590004953582],[-114.04828451207469,51.045950899671205],[-114.04828588821113,51.04616895403369]]]}},{"type":"Feature","id":"park-7591c3099da0","properties":{"id":"park-7591c3099da0","layer":"park","assetCode":"BLN008","name":"HAULTAIN PARK","type":"SUBNEIGHBOURHOOD PARK","status":"ACTIVE","nearCommunities":[{"communityCode":"BLN","intersectsCommunity":true,"distanceToCommunityM":0}],"sourceDatasetId":"kami-qbfh","siteType":"TITLED"},"geometry":{"type":"Polygon","coordinates":[[[-114.06810358857213,51.040557391421665],[-114.06653693150778,51.04051380268943],[-114.06659234891896,51.03966129102215],[-114.06819383683072,51.03970706747405],[-114.06826649642437,51.03973103126355],[-114.06819960861843,51.04052273481757],[-114.06810358857213,51.040557391421665]]]}},{"type":"Feature","id":"park-277f6f352ef5","properties":{"id":"park-277f6f352ef5","layer":"park","assetCode":"CHN115","name":"SIEN LOK PARK","type":"REGIONAL PARK","status":"ACTIVE","nearCommunities":[{"communityCode":"SSD","intersectsCommunity":false,"distanceToCommunityM":40}],"sourceDatasetId":"kami-qbfh","siteType":"TITLED"},"geometry":{"type":"Polygon","coordinates":[[[-114.06361691786257,51.052231761122854],[-114.0631574566248,51.052180795838815],[-114.06266547691939,51.052013528163464],[-114.06268631035812,51.05165723987917],[-114.06274633620293,51.05131919046388],[-114.06284022695473,51.05126944662723],[-114.06297466854936,51.0512667043228],[-114.06294721054259,51.05170996463325],[-114.06495576329623,51.05176661747549],[-114.06492855911469,51.05213838101284],[-114.0648547913839,51.05221497305151],[-114.06361691786257,51.052231761122854]]]}},{"type":"Feature","id":"park-256bb407a993","properties":{"id":"park-256bb407a993","layer":"park","assetCode":"ING014","name":"JACK LONG PARK; ALEXANDRA CENTRE","type":"SUBNEIGHBOURHOOD PARK","status":"ACTIVE","nearCommunities":[{"communityCode":"BRD","intersectsCommunity":false,"distanceToCommunityM":100},{"communityCode":"BLN","intersectsCommunity":false,"distanceToCommunityM":135}],"sourceDatasetId":"kami-qbfh","siteType":"TITLED"},"geometry":{"type":"Polygon","coordinates":[[[-114.040581531253,51.04403912994028],[-114.03910557275425,51.04367343264545],[-114.03908900028883,51.043620227946754],[-114.03952452427161,51.042937167212834],[-114.04089357469645,51.04325830223194],[-114.04066362565854,51.043646623965664],[-114.04079782907367,51.0436788503466],[-114.040581531253,51.04403912994028]]]}},{"type":"Feature","id":"park-114a9be993e8","properties":{"id":"park-114a9be993e8","layer":"park","assetCode":"SSD474","name":"BOW LANDING PARK; BOW TO BLUFF CORRIDOR","type":"SUBNEIGHBOURHOOD PARK","status":"ACTIVE","nearCommunities":[{"communityCode":"HIL","intersectsCommunity":false,"distanceToCommunityM":92},{"communityCode":"SSD","intersectsCommunity":true,"distanceToCommunityM":0}],"sourceDatasetId":"kami-qbfh","siteType":"TITLED"},"geometry":{"type":"Polygon","coordinates":[[[-114.08443789840146,51.053286038498584],[-114.0842728030607,51.05280453597462],[-114.0841000948179,51.052804241445266],[-114.08421858046601,51.05309709253022],[-114.08427698730435,51.05343761435902],[-114.08430319445887,51.05421049571397],[-114.08424564368208,51.05424495165489],[-114.08388654018768,51.054006505874604],[-114.08425093142925,51.05378838330209],[-114.08424757813184,51.053569863575355],[-114.08396185169687,51.053381195117105],[-114.08413829271676,51.05336145626646],[-114.08420984533015,51.05331160168051],[-114.08413088835796,51.05309364879022],[-114.08398260230926,51.0529879014483],[-114.0838688939258,51.052858631774676],[-114.08374782672298,51.052858429111645],[-114.08369911362355,51.052887569129304],[-114.08363961857592,51.05284761104786],[-114.08352106273149,51.05291854742028],[-114.08313789992131,51.05265933763302],[-114.08371360757378,51.05247288081864],[-114.0845825623644,51.05229257944393],[-114.0845540351764,51.05236785125975],[-114.0845571807326,51.05283967279321],[-114.0844634594794,51.05300762541881],[-114.0844624758616,51.05328628144339],[-114.08443789840146,51.053286038498584]]]}},{"type":"Feature","id":"park-0e805c5ef6c5","properties":{"id":"park-0e805c5ef6c5","layer":"park","assetCode":"EAU131","name":"PRINCE'S ISLAND PROMENADE; PEACE PARK","type":"REGIONAL PARK","status":"ACTIVE","nearCommunities":[{"communityCode":"HIL","intersectsCommunity":false,"distanceToCommunityM":10},{"communityCode":"SSD","intersectsCommunity":true,"distanceToCommunityM":0}],"sourceDatasetId":"kami-qbfh","siteType":"TITLED"},"geometry":{"type":"Polygon","coordinates":[[[-114.08095578993246,51.05089091853481],[-114.0809711134956,51.050710101166835],[-114.08195589254794,51.05073758682029],[-114.0829353160382,51.050429014941145],[-114.08295446603104,51.05002257311922],[-114.08308058700698,51.050047207087665],[-114.08306711297047,51.05068478962863],[-114.08328990643349,51.050603462847135],[-114.08327719572434,51.05006343746616],[-114.08367606181416,51.05024253900195],[-114.08382505400678,51.05035678156535],[-114.08378456414972,51.050372341247396],[-114.08402997133398,51.05057040831747],[-114.08398731642302,51.050615200618616],[-114.08396944144313,51.050758824331716],[-114.0838945551865,51.0508758416281],[-114.08392094214989,51.050896294987695],[-114.08355132899722,51.05104776965632],[-114.08269886836976,51.05160293404504],[-114.08186416977678,51.052044502653445],[-114.081553395905,51.05226291037663],[-114.08143358742647,51.05228744505611],[-114.08098552644654,51.05249821027011],[-114.08046015616536,51.05264021157276],[-114.08032377889573,51.052594263606544],[-114.0801724593667,51.0525991967739],[-114.07833556213123,51.053545526340514],[-114.07762427906418,51.05344117532218],[-114.07632649254926,51.053638231535466],[-114.07637429877245,51.05374731124742],[-114.07624571648024,51.053766917270146],[-114.07605978732666,51.053726008419645],[-114.0757022750848,51.053764297593844],[-114.07500429037107,51.05387594411214],[-114.0741413523142,51.05408580501191],[-114.07353608526398,51.05416439523122],[-114.0733652603276,51.054154042137256],[-114.07332764279698,51.05409782964934],[-114.07328913940768,51.05410565687456],[-114.07328216575239,51.05415069974429],[-114.07321215096232,51.05416190975001],[-114.07124712813672,51.05415373065997],[-114.0700719009614,51.05421049199767],[-114.07008305176355,51.05377173482999],[-114.07151593023329,51.053763138461875],[-114.07151485505139,51.05369108650919],[-114.07322134396952,51.05368083259111],[-114.07322047447589,51.05320452714679],[-114.07350567998134,51.05320502416674],[-114.07395814282688,51.05349178954425],[-114.07521296762921,51.05349398781185],[-114.07521471845892,51.05308059074956],[-114.07564257266108,51.053081323295764],[-114.07567761263226,51.05262949875645],[-114.07587535613602,51.052676073966786],[-114.07601299552803,51.05261468721722],[-114.0759850998793,51.05308187604319],[-114.0770975764129,51.05308371142434],[-114.07783943153379,51.05282718347397],[-114.07783883263993,51.05236612257553],[-114.07786065694698,51.05235708235798],[-114.07840273249226,51.05234267087186],[-114.07850508230045,51.05234699814918],[-114.07850311565079,51.05237496470036],[-114.07897960025021,51.052375749447904],[-114.07933169768805,51.052188841202614],[-114.07914801798904,51.052051379804986],[-114.07958551270663,51.051818908742526],[-114.07939073330664,51.05181342622096],[-114.0794523013144,51.051703254874084],[-114.07940608409756,51.051643957697664],[-114.07941054680992,51.05159469097726],[-114.07993237284066,51.051609340937446],[-114.08025856289265,51.05143588902333],[-114.08036129986105,51.05155042843114],[-114.08050679294237,51.051542469493725],[-114.08057437427246,51.05145467962],[-114.08085488641376,51.051292021811754],[-114.08091224516919,51.051229054945196],[-114.08098966636514,51.05124505967113],[-114.08104108992428,51.05089262860177],[-114.08095578993246,51.05089091853481]]]}},{"type":"Feature","id":"park-0cbf9140c68c","properties":{"id":"park-0cbf9140c68c","layer":"park","assetCode":"CHN113","name":"SIEN LOK RIVERFRONT PROMENADE","type":"REGIONAL PARK","status":"ACTIVE","nearCommunities":[{"communityCode":"SSD","intersectsCommunity":true,"distanceToCommunityM":0}],"sourceDatasetId":"kami-qbfh","siteType":"TITLED"},"geometry":{"type":"Polygon","coordinates":[[[-114.06269229542175,51.05213293056317],[-114.06322385600774,51.05230216434742],[-114.06360818673572,51.052350924646404],[-114.06501132570313,51.05235666480527],[-114.06501307786051,51.053164960285656],[-114.06695481204387,51.0539687875598],[-114.06737484231961,51.05396860913375],[-114.06735765819492,51.05400041567727],[-114.0672454681635,51.05403442545677],[-114.0672183800639,51.054093323702794],[-114.06725612807442,51.05416594791468],[-114.06738255972772,51.054208043176885],[-114.06728050338667,51.054275466429075],[-114.06687207302555,51.05430981050064],[-114.06684108741588,51.05429039065203],[-114.06686613205238,51.054219544529204],[-114.06682960827162,51.054273663751715],[-114.0668405174967,51.05420561342722],[-114.06671669656778,51.054270725687225],[-114.0665068436981,51.05420083334154],[-114.0663330993746,51.054120834565936],[-114.06615973232213,51.05395482976771],[-114.0661162822405,51.053842132252434],[-114.06605978882568,51.05381488039291],[-114.06485628073084,51.053353770404016],[-114.0642797702589,51.05303934974048],[-114.06313676863427,51.05269086587731],[-114.06268909082176,51.052512402849025],[-114.06269229542175,51.05213293056317]]]}},{"type":"Feature","id":"park-3d2558479934","properties":{"id":"park-3d2558479934","layer":"park","assetCode":"RDL560","name":"MCHUGH BLUFF","type":"COMMUNITY PARK","status":"ACTIVE","nearCommunities":[{"communityCode":"HIL","intersectsCommunity":false,"distanceToCommunityM":8},{"communityCode":"SSD","intersectsCommunity":true,"distanceToCommunityM":0}],"sourceDatasetId":"kami-qbfh","siteType":"TITLED"},"geometry":{"type":"Polygon","coordinates":[[[-114.08360426547749,51.06017601124021],[-114.0839772495076,51.06017608728611],[-114.08397748424042,51.059697073933826],[-114.0834088478225,51.05957388511435],[-114.08340907918694,51.06010755918216],[-114.0832706051848,51.060165488720614],[-114.08297035402363,51.05990725970951],[-114.08266113642502,51.05976689947042],[-114.08233608477804,51.0597028812082],[-114.08188397869299,51.05971764884859],[-114.08157116998373,51.059802502094406],[-114.08131301711427,51.05994247376821],[-114.08118324335459,51.06006024648235],[-114.08070330509582,51.06067266125306],[-114.08060380420811,51.0607423390302],[-114.0806597417804,51.06063122178758],[-114.08065692836153,51.0597673574523],[-114.07977883583331,51.059763519128495],[-114.07977780965727,51.05935731789747],[-114.07912234508711,51.05935770946981],[-114.0792988854837,51.05900752683905],[-114.0814613709165,51.05845584239419],[-114.08219592052455,51.05845178623287],[-114.08328390315403,51.058608499722],[-114.08348666739056,51.05857212653308],[-114.08375350015169,51.0584177225045],[-114.08379452631642,51.058459887222696],[-114.08380270468257,51.05899267740098],[-114.08388455484987,51.05911210006715],[-114.08448374538227,51.059112139598476],[-114.08437381538715,51.05926245417878],[-114.08442856324994,51.0593227733765],[-114.08450178440357,51.059344585246315],[-114.08462737085343,51.05932536608169],[-114.08468079341276,51.0592673392518],[-114.08463447957575,51.05914876162568],[-114.08463153883625,51.05885181285739],[-114.08484221505735,51.05966188135901],[-114.08517354786501,51.060564727924856],[-114.08532126412702,51.06084409771035],[-114.08545934921786,51.06102541278478],[-114.08577546288093,51.06132265524037],[-114.08517723008688,51.06224026772105],[-114.08447810595379,51.062954446357686],[-114.0843829161722,51.06308796011636],[-114.08429706012953,51.063336858935074],[-114.0843340195127,51.06369623353175],[-114.08431127055029,51.06374903569561],[-114.08423674856742,51.0637940415448],[-114.08409375951312,51.06376314080028],[-114.08408594570658,51.063371720241335],[-114.08413546785034,51.06301954881465],[-114.08437398151511,51.06216203569271],[-114.08438493718462,51.06188390778385],[-114.08435007806119,51.06160656267098],[-114.08424917574662,51.06130226186351],[-114.08403051612136,51.06092851924722],[-114.08390133888015,51.06076866711401],[-114.0833804133794,51.060269015966554],[-114.08360426547749,51.06017601124021]]]}},{"type":"Feature","id":"park-2f43bda80571","properties":{"id":"park-2f43bda80571","layer":"park","assetCode":"BRD674","name":"BRIDGELAND MEMORIAL GARDEN","type":"COMMUNITY PARK","status":"ACTIVE","nearCommunities":[{"communityCode":"BRD","intersectsCommunity":true,"distanceToCommunityM":0}],"sourceDatasetId":"kami-qbfh","siteType":"TITLED"},"geometry":{"type":"Polygon","coordinates":[[[-114.04501740409138,51.05131717422191],[-114.04501729364651,51.05110467877388],[-114.04561603467818,51.051103815561405],[-114.04561648348185,51.05118319284875],[-114.04557007565735,51.05130948420404],[-114.04501740409138,51.05131717422191]]]}},{"type":"Feature","id":"park-a8df64899314","properties":{"id":"park-a8df64899314","layer":"park","assetCode":"BLN003","name":"THOMSON FAMILY PARK","type":"SUBNEIGHBOURHOOD PARK","status":"ACTIVE","nearCommunities":[{"communityCode":"BLN","intersectsCommunity":true,"distanceToCommunityM":0}],"sourceDatasetId":"kami-qbfh","siteType":"TITLED"},"geometry":{"type":"Polygon","coordinates":[[[-114.0915403456757,51.03887201117898],[-114.08922961657184,51.03880748084636],[-114.0892548464728,51.038432134343445],[-114.08933449050436,51.038359808528085],[-114.0894175210606,51.03836692783902],[-114.08937823578354,51.03840410351567],[-114.0912436806256,51.03845888750463],[-114.09141439903959,51.038417769851236],[-114.0915154319447,51.0384409778191],[-114.09156654378049,51.038498903662386],[-114.0915403456757,51.03887201117898]]]}},{"type":"Feature","id":"park-8b5fdac8252f","properties":{"id":"park-8b5fdac8252f","layer":"park","assetCode":"HOU481","name":null,"type":"SUBNEIGHBOURHOOD PARK","status":"ACTIVE","nearCommunities":[{"communityCode":"HIL","intersectsCommunity":false,"distanceToCommunityM":129}],"sourceDatasetId":"kami-qbfh","siteType":"TITLED"},"geometry":{"type":"Polygon","coordinates":[[[-114.10419094065462,51.06129292507808],[-114.10405087966357,51.06120693559897],[-114.10392372997386,51.060972636606046],[-114.10389793010772,51.06044595594435],[-114.10397572158448,51.060378034227845],[-114.10561781386969,51.0603858196673],[-114.10581566603415,51.06043797883528],[-114.10599101032037,51.060528759901594],[-114.10611884487267,51.06064176146263],[-114.10619682248182,51.060779943420464],[-114.10620385222639,51.06082843652683],[-114.10484499040663,51.06083220012265],[-114.10484429868144,51.06129270947306],[-114.10419094065462,51.06129292507808]]]}},{"type":"Feature","id":"park-0c277a872350","properties":{"id":"park-0c277a872350","layer":"park","assetCode":"ERL245","name":null,"type":"SUBNEIGHBOURHOOD PARK","status":"ACTIVE","nearCommunities":[{"communityCode":"BLN","intersectsCommunity":true,"distanceToCommunityM":0}],"sourceDatasetId":"kami-qbfh","siteType":"TITLED"},"geometry":{"type":"Polygon","coordinates":[[[-114.06113330083005,51.03575109460975],[-114.06064956353973,51.03559015506567],[-114.0602328513001,51.03527318527803],[-114.0600868906013,51.03510994813995],[-114.05990712249127,51.03483222661177],[-114.05935049974082,51.03425793074913],[-114.05946361591887,51.03397885836488],[-114.0596067475702,51.03392622237897],[-114.05974364012935,51.033963576812155],[-114.05991298975795,51.03429727955291],[-114.06009403028638,51.03452857377902],[-114.0610273372082,51.03521010647595],[-114.0611441438142,51.03539997184434],[-114.06114017782099,51.0356907383388],[-114.06138336918151,51.035710815321124],[-114.06138022473661,51.03576972948835],[-114.06113330083005,51.03575109460975]]]}},{"type":"Feature","id":"park-523b06a95a54","properties":{"id":"park-523b06a95a54","layer":"park","assetCode":"BLN013","name":"LOIS SZABO COMMONS","type":"SUBNEIGHBOURHOOD PARK","status":"ACTIVE","nearCommunities":[{"communityCode":"BLN","intersectsCommunity":true,"distanceToCommunityM":0}],"sourceDatasetId":"kami-qbfh","siteType":"TITLED"},"geometry":{"type":"Polygon","coordinates":[[[-114.08417820191424,51.03830637950592],[-114.08415492059184,51.03866464569001],[-114.0837576180567,51.03865328667621],[-114.08378455830211,51.038267318745994],[-114.08415610556737,51.03827269556154],[-114.08417820191424,51.03830637950592]]]}},{"type":"Feature","id":"park-a562d240a849","properties":{"id":"park-a562d240a849","layer":"park","assetCode":"EAU121","name":"EAU CLAIRE PLAZA; FESTIVAL MARKET DEPOT","type":"REGIONAL PARK","status":"ACTIVE","nearCommunities":[{"communityCode":"SSD","intersectsCommunity":false,"distanceToCommunityM":153}],"sourceDatasetId":"kami-qbfh","siteType":"TITLED"},"geometry":{"type":"MultiPolygon","coordinates":[[[[-114.06982969855241,51.052004890634954],[-114.06977437939709,51.0520541032269],[-114.06978409986316,51.05191773140937],[-114.06982969855241,51.052004890634954]]],[[[-114.06743540706175,51.05428429766269],[-114.06743545306348,51.05418830091495],[-114.06725612807442,51.05416594791468],[-114.06722101177155,51.05411801694972],[-114.0672454681635,51.05403442545677],[-114.06735765819492,51.05400041567727],[-114.06737484231961,51.05396860913375],[-114.06871714174534,51.05392546815306],[-114.06871693796217,51.0536239332731],[-114.06933064127222,51.05362355468955],[-114.06935601421809,51.05238591027793],[-114.0697702751423,51.05238578779425],[-114.0697676829379,51.05214805612265],[-114.06991866221045,51.05219213370442],[-114.07001828448728,51.05246815466345],[-114.07008820426236,51.05281714218567],[-114.07025788069933,51.05300292145694],[-114.0703100329203,51.052988414351624],[-114.0702900770069,51.05326891252006],[-114.07011916745155,51.05326408880462],[-114.0700719009614,51.05421049199767],[-114.06992827110098,51.0542424987097],[-114.06966433776982,51.05420311862392],[-114.06943751182253,51.054205000293315],[-114.06940871087764,51.05422789443789],[-114.06938940782396,51.054203901548895],[-114.06932866342407,51.05422378060196],[-114.06904974093639,51.054196716742155],[-114.06904559871158,51.05416404155762],[-114.06890596792226,51.054150969297226],[-114.06828714053891,51.0541576099831],[-114.06827902013747,51.054204046629415],[-114.06799192769378,51.05421557698543],[-114.06789836556867,51.05426503078024],[-114.06743540706175,51.05428429766269]]]]}},{"type":"Feature","id":"park-c629175f0a31","properties":{"id":"park-c629175f0a31","layer":"park","assetCode":"HIL495","name":"POPPY PLAZA; LANDSCAPE OF MEMORY","type":"REGIONAL PARK","status":"ACTIVE","nearCommunities":[{"communityCode":"HIL","intersectsCommunity":true,"distanceToCommunityM":0},{"communityCode":"SSD","intersectsCommunity":false,"distanceToCommunityM":6}],"sourceDatasetId":"kami-qbfh","siteType":"TITLED"},"geometry":{"type":"Polygon","coordinates":[[[-114.08579082906373,51.051750253181645],[-114.08548262990223,51.05150291905412],[-114.08574701219067,51.05138328072723],[-114.08707422650419,51.051056912847855],[-114.08782568098621,51.05079420303831],[-114.08864213831394,51.05038452180402],[-114.08939888741287,51.050055995724286],[-114.08943458387934,51.04995276994428],[-114.0893189835127,51.04996501964266],[-114.0891832606847,51.050101391360556],[-114.08894729397076,51.05010652180928],[-114.08799037551411,51.05047797972595],[-114.08751222682176,51.0506131935811],[-114.0874046366772,51.05061772399957],[-114.08720229551682,51.0507066082234],[-114.08708246037831,51.050713956769336],[-114.08687388805495,51.050786686931964],[-114.08678715998091,51.05077332430549],[-114.0867748277304,51.05073315118484],[-114.08682975799745,51.05059497336281],[-114.08710146621428,51.05041191118116],[-114.08742690453101,51.050262384814104],[-114.08849464911954,51.04989696874632],[-114.08856636310325,51.049827045368545],[-114.08962544657813,51.04960755665306],[-114.09097462642146,51.0492055274994],[-114.09174871846221,51.04905700543555],[-114.09201106206123,51.04907601026173],[-114.09205225567489,51.0491073429901],[-114.09261087512276,51.048882437168785],[-114.09370729735022,51.0486292845138],[-114.09420881804266,51.04856704730091],[-114.09454416754217,51.04856713970902],[-114.09452285450756,51.049204680671295],[-114.09397865587485,51.04923051727663],[-114.09355063139947,51.04935578011053],[-114.09169298378771,51.05051661235932],[-114.09137717394478,51.05066653502611],[-114.09098728989328,51.050771387894045],[-114.08592644830014,51.05179039516372],[-114.08579082906373,51.051750253181645]]]}},{"type":"Feature","id":"park-21e4f66de1e5","properties":{"id":"park-21e4f66de1e5","layer":"park","assetCode":"BRD780","name":"NORMIE KWONG PARK","type":"SUBNEIGHBOURHOOD PARK","status":"ACTIVE","nearCommunities":[{"communityCode":"BRD","intersectsCommunity":true,"distanceToCommunityM":0}],"sourceDatasetId":"kami-qbfh","siteType":"TITLED"},"geometry":{"type":"Polygon","coordinates":[[[-114.03841032158365,51.05522445447364],[-114.03896675557301,51.055225886652664],[-114.0389488698765,51.055989026064715],[-114.03839926797025,51.056001601128955],[-114.03841032158365,51.05522445447364]]]}},{"type":"Feature","id":"park-13021546dc2a","properties":{"id":"park-13021546dc2a","layer":"park","assetCode":"EAU000","name":"PRINCE'S ISLAND PARK DEPOT","type":"PARKS DEPOT","status":"ACTIVE","nearCommunities":[{"communityCode":"SSD","intersectsCommunity":false,"distanceToCommunityM":13}],"sourceDatasetId":"kami-qbfh","siteType":"TITLED"},"geometry":{"type":"Polygon","coordinates":[[[-114.076527857154,51.05458245559684],[-114.07630350438188,51.05447845726579],[-114.07637114526395,51.05442118183838],[-114.07639479021334,51.0543250599896],[-114.07656818028661,51.05424932231671],[-114.0766172175426,51.054183986160815],[-114.07683806196049,51.05422665473545],[-114.07681785556314,51.05427453557885],[-114.07687530235198,51.05430142292128],[-114.076527857154,51.05458245559684]]]}},{"type":"Feature","id":"park-37e3e9ce6766","properties":{"id":"park-37e3e9ce6766","layer":"park","assetCode":"RAM023","name":"RAMSAY ELEMENTARY","type":"COMMUNITY PARK","status":"ACTIVE","nearCommunities":[{"communityCode":"BLN","intersectsCommunity":false,"distanceToCommunityM":82}],"sourceDatasetId":"kami-qbfh","siteType":"TITLED"},"geometry":{"type":"Polygon","coordinates":[[[-114.04428379652565,51.035159078389555],[-114.04423763374307,51.035102976468394],[-114.04426379717536,51.03504524338676],[-114.04555003610835,51.034155519114],[-114.0455804875161,51.03409497925456],[-114.04570489314314,51.03406325078941],[-114.04472679902125,51.03350064967263],[-114.04619020904556,51.032488364793664],[-114.04794751108258,51.033527611308195],[-114.04820220199021,51.03373423125492],[-114.04820261336286,51.03405518495443],[-114.04706305520196,51.034842534772714],[-114.04711156444944,51.03486847762323],[-114.04619010505593,51.035501707546416],[-114.04578343036994,51.03596510925772],[-114.04567077220204,51.035957341246004],[-114.04428379652565,51.035159078389555]]]}},{"type":"Feature","id":"park-d2d9e7a3cfbd","properties":{"id":"park-d2d9e7a3cfbd","layer":"park","assetCode":"WHL555","name":null,"type":"SUBNEIGHBOURHOOD PARK","status":"ACTIVE","nearCommunities":[{"communityCode":"HIL","intersectsCommunity":false,"distanceToCommunityM":221}],"sourceDatasetId":"kami-qbfh","siteType":"TITLED"},"geometry":{"type":"Polygon","coordinates":[[[-114.1056568190811,51.05748416895018],[-114.10593877866897,51.05736700428131],[-114.10620863109972,51.057316163476266],[-114.10621957286153,51.057481147197855],[-114.1056568190811,51.05748416895018]]]}},{"type":"Feature","id":"park-4a1816e677da","properties":{"id":"park-4a1816e677da","layer":"park","assetCode":"SCA889","name":null,"type":"SUBNEIGHBOURHOOD PARK","status":"ACTIVE","nearCommunities":[{"communityCode":"BLN","intersectsCommunity":false,"distanceToCommunityM":280}],"sourceDatasetId":"kami-qbfh","siteType":"TITLED"},"geometry":{"type":"Polygon","coordinates":[[[-114.09958726045308,51.0394792800145],[-114.09959552250538,51.039115646807936],[-114.0991219469645,51.03885895170118],[-114.09890179640074,51.03868684075209],[-114.09875796941485,51.038472134429504],[-114.09871197816993,51.038240723290635],[-114.09880036440232,51.038240621636426],[-114.09946453813231,51.03863584981131],[-114.1002246213045,51.039001349196724],[-114.09997997244751,51.03922887701513],[-114.10037184153133,51.03945352206979],[-114.10017057467643,51.03951393501922],[-114.09982475527526,51.03955268363244],[-114.09964888483833,51.039542317511945],[-114.09958726045308,51.0394792800145]]]}},{"type":"Feature","id":"park-0df7f6dd2a24","properties":{"id":"park-0df7f6dd2a24","layer":"park","assetCode":"RDL851","name":"ROSEDALE COMMUNITY CENTRE","type":"SUBNEIGHBOURHOOD PARK","status":"ACTIVE","nearCommunities":[{"communityCode":"HIL","intersectsCommunity":false,"distanceToCommunityM":197},{"communityCode":"SSD","intersectsCommunity":false,"distanceToCommunityM":141}],"sourceDatasetId":"kami-qbfh","siteType":"TITLED"},"geometry":{"type":"Polygon","coordinates":[[[-114.08197808292225,51.06231752202555],[-114.0806774370314,51.06231978077974],[-114.0806781719588,51.06129474853882],[-114.08139094743176,51.06123960058325],[-114.08167292154045,51.061406452485976],[-114.08187730906575,51.06163247979401],[-114.08196456382566,51.061866370418386],[-114.08197808292225,51.06231752202555]]]}},{"type":"Feature","id":"park-19bc65b2bab0","properties":{"id":"park-19bc65b2bab0","layer":"park","assetCode":"HOU479","name":null,"type":"SUBNEIGHBOURHOOD PARK","status":"ACTIVE","nearCommunities":[{"communityCode":"HIL","intersectsCommunity":false,"distanceToCommunityM":7}],"sourceDatasetId":"kami-qbfh","siteType":"TITLED"},"geometry":{"type":"Polygon","coordinates":[[[-114.09493927182695,51.06110276732548],[-114.09482409541616,51.06105958974156],[-114.09482562039263,51.06025858188293],[-114.09620498521436,51.06025881222603],[-114.09618807437037,51.06048293965043],[-114.09605372303518,51.061083140295864],[-114.09493927182695,51.06110276732548]]]}},{"type":"Feature","id":"park-2dddfdc9f00c","properties":{"id":"park-2dddfdc9f00c","layer":"park","assetCode":"ING012","name":"INGLEWOOD RIVER PROMENADE; DEANE HOUSE","type":"NEIGHBOURHOOD PARK","status":"ACTIVE","nearCommunities":[{"communityCode":"BRD","intersectsCommunity":true,"distanceToCommunityM":0},{"communityCode":"BLN","intersectsCommunity":false,"distanceToCommunityM":55}],"sourceDatasetId":"kami-qbfh","siteType":"TITLED"},"geometry":{"type":"Polygon","coordinates":[[[-114.03285078840034,51.04316475904027],[-114.03316655893907,51.04257899753437],[-114.03329494804312,51.04248877239551],[-114.03584441370175,51.04348807612001],[-114.03589488405717,51.04349609745417],[-114.035936673376,51.043453268301064],[-114.03675540741153,51.043734101140195],[-114.04055819564668,51.04463210629708],[-114.04054449272614,51.04470081958533],[-114.04063811194642,51.044747731460525],[-114.04075951582817,51.04470253375467],[-114.04077580984097,51.044596754865246],[-114.04148086848255,51.04344499727087],[-114.0415915681695,51.043432652780346],[-114.04240934812451,51.04360294633059],[-114.04238485640072,51.04362672587288],[-114.04244185005015,51.04364028508484],[-114.04229729276186,51.04384465528835],[-114.04197966962924,51.04412776035732],[-114.04155987478389,51.044629534847225],[-114.04131714156017,51.04482104739324],[-114.04120383874536,51.04485265034501],[-114.04125190329951,51.04484187267997],[-114.04109954421168,51.04492450604494],[-114.04061883095616,51.04505522299894],[-114.04034920113399,51.04500337371412],[-114.03977288577634,51.04482506211674],[-114.03903167371834,51.04470773527017],[-114.03827149969389,51.044449540803186],[-114.03711136286239,51.04413837479232],[-114.03674410730741,51.04400060717833],[-114.03650404657765,51.044022785462005],[-114.03584739617176,51.04393053198213],[-114.03486873168006,51.04371752051919],[-114.03310378131114,51.04324992833195],[-114.03285078840034,51.04316475904027]]]}},{"type":"Feature","id":"park-666de8e22ccf","properties":{"id":"park-666de8e22ccf","layer":"park","assetCode":"BRD874","name":"ANNIE GALE PARK","type":"SUBNEIGHBOURHOOD PARK","status":"ACTIVE","nearCommunities":[{"communityCode":"BRD","intersectsCommunity":true,"distanceToCommunityM":0}],"sourceDatasetId":"kami-qbfh","siteType":"TITLED"},"geometry":{"type":"Polygon","coordinates":[[[-114.04437590555426,51.05112891491537],[-114.04501730639858,51.05112813116028],[-114.04501826484174,51.051347332614505],[-114.04450112642027,51.05130409859548],[-114.04437620468727,51.0512419425969],[-114.04437590555426,51.05112891491537]]]}},{"type":"Feature","id":"park-f28f39b2c15b","properties":{"id":"park-f28f39b2c15b","layer":"park","assetCode":"BRD117","name":null,"type":"SUBNEIGHBOURHOOD PARK","status":"ACTIVE","nearCommunities":[{"communityCode":"BRD","intersectsCommunity":true,"distanceToCommunityM":0}],"sourceDatasetId":"kami-qbfh","siteType":"TITLED"},"geometry":{"type":"Polygon","coordinates":[[[-114.05407520740219,51.05708127432628],[-114.05302308208876,51.05707738821814],[-114.05298792120723,51.05712568072829],[-114.0529115475911,51.057150356132404],[-114.05195632683862,51.05714823154065],[-114.05174256774566,51.05709254158327],[-114.0516386224249,51.056961317936164],[-114.05224934225338,51.0569640365218],[-114.05225203702364,51.05661443608178],[-114.0523247390164,51.05666996719292],[-114.05309511604104,51.05628915885259],[-114.05407520740219,51.05708127432628]]]}},{"type":"Feature","id":"park-53c8629912c9","properties":{"id":"park-53c8629912c9","layer":"park","assetCode":"REN898","name":null,"type":"SUBNEIGHBOURHOOD PARK","status":"ACTIVE","nearCommunities":[{"communityCode":"BRD","intersectsCommunity":true,"distanceToCommunityM":0}],"sourceDatasetId":"kami-qbfh","siteType":"TITLED"},"geometry":{"type":"Polygon","coordinates":[[[-114.04297612615095,51.05873668549233],[-114.04033696046346,51.058663126467934],[-114.03934594074408,51.05872085456872],[-114.03931426984052,51.05870073726005],[-114.03956556614695,51.05859338722803],[-114.03988104958349,51.05852674715788],[-114.04138550260315,51.058492115420876],[-114.04266140627352,51.05834409239192],[-114.04281165070307,51.05868166408423],[-114.0435921155501,51.058681780169934],[-114.04446715925258,51.058374721584144],[-114.04539529493854,51.05822402985859],[-114.04718606319656,51.05758984795417],[-114.04740849533273,51.057437889320816],[-114.0475215541288,51.05725629253806],[-114.04745381900747,51.05721835469439],[-114.0474542078368,51.05712846278595],[-114.04706009047132,51.057130287017394],[-114.04707718607504,51.057035719123796],[-114.0477188469069,51.057037828624324],[-114.0477188481341,51.05696963264802],[-114.04819722386944,51.05696096806721],[-114.04819723190809,51.05689863607813],[-114.0484838495576,51.05689951360619],[-114.04848378574638,51.05704739354182],[-114.04937594463087,51.057052656638014],[-114.04937591425984,51.05708445506953],[-114.04947840519027,51.05710418730535],[-114.0499630991053,51.05712015363119],[-114.04984272462573,51.05717748748268],[-114.04849566203721,51.05724651978132],[-114.04826320809885,51.0573013004232],[-114.04822691281717,51.057336312361144],[-114.04823143449865,51.05743226670421],[-114.0482697839598,51.0574644969784],[-114.0483634567626,51.05746354130799],[-114.04848396243192,51.057597662866904],[-114.04848392676006,51.05779570627366],[-114.04830618912395,51.057781788270354],[-114.0482239284291,51.05781395866419],[-114.04820111987598,51.057864012008494],[-114.04825264555254,51.05802212340239],[-114.04811948461592,51.057971328881735],[-114.0475452915094,51.05797069723609],[-114.04704484115497,51.05806576097326],[-114.04704332238884,51.05827170691715],[-114.04688880332722,51.058271666519055],[-114.0468758327252,51.058294635043396],[-114.04577874139555,51.0583348133709],[-114.045777623245,51.05827137520457],[-114.04577800218297,51.058380805029884],[-114.04549548733694,51.0583807175557],[-114.04549503285149,51.05825174232558],[-114.04467032579328,51.05839830504339],[-114.04467237247229,51.05873299304498],[-114.04297612615095,51.05873668549233]]]}},{"type":"Feature","id":"park-2ebd8ab9c41a","properties":{"id":"park-2ebd8ab9c41a","layer":"park","assetCode":"REN790","name":null,"type":"SUBNEIGHBOURHOOD PARK","status":"ACTIVE","nearCommunities":[{"communityCode":"BRD","intersectsCommunity":false,"distanceToCommunityM":350}],"sourceDatasetId":"kami-qbfh","siteType":"TITLED"},"geometry":{"type":"Polygon","coordinates":[[[-114.04348039142772,51.06142940254893],[-114.04416085987766,51.061480818500705],[-114.04423646948446,51.061553734197794],[-114.04424117828296,51.061764692226966],[-114.04350409890652,51.06188201526438],[-114.04327460777233,51.06153180515847],[-114.04334519432248,51.06145175262823],[-114.04348039142772,51.06142940254893]]]}},{"type":"Feature","id":"pathway-e4929bfa9724","properties":{"id":"pathway-e4929bfa9724","layer":"pathway","assetCode":"CHN114","name":null,"type":"REGIONAL","status":"ACTIVE","nearCommunities":[{"communityCode":"SSD","intersectsCommunity":false,"distanceToCommunityM":62}],"sourceDatasetId":"qndb-27qm","surface":"CONCRETE","operationalStatus":"OPEN","greenway":null,"transCanadaTrail":null},"geometry":{"type":"LineString","coordinates":[[-114.06137582481648,51.05181312314894],[-114.06155171163695,51.051921314571096],[-114.06178672936906,51.0521413686648]]}},{"type":"Feature","id":"pathway-45e9c395e7e1","properties":{"id":"pathway-45e9c395e7e1","layer":"pathway","assetCode":"CHN114","name":null,"type":"REGIONAL","status":"ACTIVE","nearCommunities":[{"communityCode":"SSD","intersectsCommunity":false,"distanceToCommunityM":1}],"sourceDatasetId":"qndb-27qm","surface":"ASPHALT","operationalStatus":"OPEN","greenway":null,"transCanadaTrail":null},"geometry":{"type":"LineString","coordinates":[[-114.06181504799541,51.05214109119205],[-114.06255503199982,51.052425055915876]]}},{"type":"Feature","id":"pathway-89fb18c2374c","properties":{"id":"pathway-89fb18c2374c","layer":"pathway","assetCode":"CHN114","name":null,"type":"REGIONAL","status":"ACTIVE","nearCommunities":[{"communityCode":"SSD","intersectsCommunity":false,"distanceToCommunityM":61}],"sourceDatasetId":"qndb-27qm","surface":"CONCRETE","operationalStatus":"OPEN","greenway":null,"transCanadaTrail":null},"geometry":{"type":"LineString","coordinates":[[-114.06179997336066,51.052155965467655],[-114.06178672936906,51.0521413686648]]}},{"type":"Feature","id":"pathway-c292663c9bff","properties":{"id":"pathway-c292663c9bff","layer":"pathway","assetCode":"CHN114","name":null,"type":"REGIONAL","status":"ACTIVE","nearCommunities":[{"communityCode":"SSD","intersectsCommunity":false,"distanceToCommunityM":60}],"sourceDatasetId":"qndb-27qm","surface":"CONCRETE","operationalStatus":"OPEN","greenway":null,"transCanadaTrail":null},"geometry":{"type":"LineString","coordinates":[[-114.06181504799541,51.05214109119205],[-114.06178657772423,51.05214102443858]]}},{"type":"Feature","id":"pathway-c40232f4e101","properties":{"id":"pathway-c40232f4e101","layer":"pathway","assetCode":"BRD890","name":null,"type":"REGIONAL","status":"ACTIVE","nearCommunities":[{"communityCode":"BRD","intersectsCommunity":true,"distanceToCommunityM":0}],"sourceDatasetId":"qndb-27qm","surface":"ASPHALT","operationalStatus":"OPEN","greenway":"NO","transCanadaTrail":"NO"},"geometry":{"type":"LineString","coordinates":[[-114.02974713641997,51.0503727035769],[-114.02956970888289,51.04970377101371]]}},{"type":"Feature","id":"pathway-c9ce35b20f3e","properties":{"id":"pathway-c9ce35b20f3e","layer":"pathway","assetCode":"HIL498","name":null,"type":"REGIONAL","status":"ACTIVE","nearCommunities":[{"communityCode":"HIL","intersectsCommunity":true,"distanceToCommunityM":0}],"sourceDatasetId":"qndb-27qm","surface":"ASPHALT","operationalStatus":"OPEN","greenway":"NO","transCanadaTrail":"YES"},"geometry":{"type":"LineString","coordinates":[[-114.09520523864634,51.04878519108172],[-114.09487115727367,51.04871757498616],[-114.09470031107922,51.04871798772021]]}},{"type":"Feature","id":"pathway-05e3412e4aaf","properties":{"id":"pathway-05e3412e4aaf","layer":"pathway","assetCode":"BRD495","name":null,"type":"REGIONAL","status":"ACTIVE","nearCommunities":[{"communityCode":"BRD","intersectsCommunity":true,"distanceToCommunityM":0}],"sourceDatasetId":"qndb-27qm","surface":"ASPHALT","operationalStatus":"OPEN","greenway":"NO","transCanadaTrail":"NO"},"geometry":{"type":"LineString","coordinates":[[-114.04151011401117,51.048759138959824],[-114.04093850507402,51.048768219718646],[-114.0404535486317,51.04863210250488]]}},{"type":"Feature","id":"pathway-a10433d36e52","properties":{"id":"pathway-a10433d36e52","layer":"pathway","assetCode":"DNW134","name":null,"type":"LOCAL","status":"ACTIVE","nearCommunities":[{"communityCode":"HIL","intersectsCommunity":false,"distanceToCommunityM":209},{"communityCode":"BLN","intersectsCommunity":false,"distanceToCommunityM":145}],"sourceDatasetId":"qndb-27qm","surface":"ASPHALT","operationalStatus":"OPEN","greenway":"NO","transCanadaTrail":"NO"},"geometry":{"type":"LineString","coordinates":[[-114.09116725224669,51.04607957515716],[-114.0912043674012,51.046061820245065]]}},{"type":"Feature","id":"pathway-84c807732b54","properties":{"id":"pathway-84c807732b54","layer":"pathway","assetCode":"DNW134","name":null,"type":"LOCAL","status":"ACTIVE","nearCommunities":[{"communityCode":"HIL","intersectsCommunity":false,"distanceToCommunityM":210},{"communityCode":"BLN","intersectsCommunity":false,"distanceToCommunityM":125}],"sourceDatasetId":"qndb-27qm","surface":"ASPHALT","operationalStatus":"OPEN","greenway":"NO","transCanadaTrail":"NO"},"geometry":{"type":"LineString","coordinates":[[-114.0912043674012,51.046061820245065],[-114.09126540351257,51.04588706612047]]}},{"type":"Feature","id":"pathway-aae757dbdfe1","properties":{"id":"pathway-aae757dbdfe1","layer":"pathway","assetCode":"REN691","name":null,"type":"LOCAL","status":"ACTIVE","nearCommunities":[{"communityCode":"BRD","intersectsCommunity":false,"distanceToCommunityM":366}],"sourceDatasetId":"qndb-27qm","surface":"ASPHALT","operationalStatus":"OPEN","greenway":"NO","transCanadaTrail":"NO"},"geometry":{"type":"LineString","coordinates":[[-114.02538601269744,51.05562266358188],[-114.02498167062629,51.0558138432977]]}},{"type":"Feature","id":"pathway-214701a61e27","properties":{"id":"pathway-214701a61e27","layer":"pathway","assetCode":"SSD560","name":null,"type":"REGIONAL","status":"ACTIVE","nearCommunities":[{"communityCode":"SSD","intersectsCommunity":true,"distanceToCommunityM":0}],"sourceDatasetId":"qndb-27qm","surface":"ASPHALT","operationalStatus":"OPEN","greenway":"NO","transCanadaTrail":"NO"},"geometry":{"type":"LineString","coordinates":[[-114.06996960980923,51.05914623905937],[-114.07001066692969,51.05909289469511],[-114.07001551213543,51.05900451662833]]}},{"type":"Feature","id":"pathway-3f096dd8cabf","properties":{"id":"pathway-3f096dd8cabf","layer":"pathway","assetCode":"HIL557","name":null,"type":"LOCAL","status":"ACTIVE","nearCommunities":[{"communityCode":"HIL","intersectsCommunity":true,"distanceToCommunityM":0},{"communityCode":"SSD","intersectsCommunity":false,"distanceToCommunityM":40}],"sourceDatasetId":"qndb-27qm","surface":"INTERLOCKING BRICK","operationalStatus":"OPEN","greenway":"NO","transCanadaTrail":"NO"},"geometry":{"type":"LineString","coordinates":[[-114.08637834551486,51.06027630524726],[-114.0864542477371,51.06045799052583]]}},{"type":"Feature","id":"pathway-efd7196a0cbf","properties":{"id":"pathway-efd7196a0cbf","layer":"pathway","assetCode":"BRD852","name":null,"type":"LOCAL","status":"ACTIVE","nearCommunities":[{"communityCode":"BRD","intersectsCommunity":true,"distanceToCommunityM":0}],"sourceDatasetId":"qndb-27qm","surface":"CONCRETE","operationalStatus":"OPEN","greenway":"NO","transCanadaTrail":"NO"},"geometry":{"type":"LineString","coordinates":[[-114.03697698307722,51.050703964574375],[-114.03681578866265,51.05082259890845]]}},{"type":"Feature","id":"pathway-271979986561","properties":{"id":"pathway-271979986561","layer":"pathway","assetCode":"HIL495","name":null,"type":"REGIONAL","status":"ACTIVE","nearCommunities":[{"communityCode":"HIL","intersectsCommunity":true,"distanceToCommunityM":0},{"communityCode":"SSD","intersectsCommunity":false,"distanceToCommunityM":76}],"sourceDatasetId":"qndb-27qm","surface":"CONCRETE","operationalStatus":"OPEN","greenway":"NO","transCanadaTrail":"NO"},"geometry":{"type":"LineString","coordinates":[[-114.0877810970961,51.051119736514686],[-114.08654174602657,51.051359877288164]]}},{"type":"Feature","id":"pathway-73418f5dcb7b","properties":{"id":"pathway-73418f5dcb7b","layer":"pathway","assetCode":"HIL495","name":null,"type":"REGIONAL","status":"ACTIVE","nearCommunities":[{"communityCode":"HIL","intersectsCommunity":true,"distanceToCommunityM":0},{"communityCode":"SSD","intersectsCommunity":false,"distanceToCommunityM":57}],"sourceDatasetId":"qndb-27qm","surface":"ASPHALT","operationalStatus":"OPEN","greenway":"NO","transCanadaTrail":"YES"},"geometry":{"type":"LineString","coordinates":[[-114.08741752892782,51.051049801932265],[-114.08676818638858,51.0511693636702],[-114.086169630414,51.05131924087112]]}},{"type":"Feature","id":"pathway-fae9dabc5349","properties":{"id":"pathway-fae9dabc5349","layer":"pathway","assetCode":"SSD495","name":null,"type":"REGIONAL","status":"ACTIVE","nearCommunities":[{"communityCode":"HIL","intersectsCommunity":false,"distanceToCommunityM":78},{"communityCode":"SSD","intersectsCommunity":true,"distanceToCommunityM":0}],"sourceDatasetId":"qndb-27qm","surface":"ASPHALT","operationalStatus":"OPEN","greenway":"NO","transCanadaTrail":"YES"},"geometry":{"type":"LineString","coordinates":[[-114.08456871989506,51.05199875315173],[-114.08400219428916,51.052178255843685],[-114.08384143679066,51.05219791312555]]}},{"type":"Feature","id":"pathway-d7deecd8a5fe","properties":{"id":"pathway-d7deecd8a5fe","layer":"pathway","assetCode":"EAU120","name":null,"type":"LOCAL","status":"ACTIVE","nearCommunities":[{"communityCode":"SSD","intersectsCommunity":false,"distanceToCommunityM":141}],"sourceDatasetId":"qndb-27qm","surface":"ASPHALT","operationalStatus":"OPEN","greenway":"NO","transCanadaTrail":"NO"},"geometry":{"type":"LineString","coordinates":[[-114.071601521205,51.055167555326754],[-114.07090111807896,51.054840388832936],[-114.07066712473099,51.05476564527523]]}},{"type":"Feature","id":"pathway-1e883dcb0588","properties":{"id":"pathway-1e883dcb0588","layer":"pathway","assetCode":"EAU120","name":null,"type":"LOCAL","status":"ACTIVE","nearCommunities":[{"communityCode":"SSD","intersectsCommunity":false,"distanceToCommunityM":17}],"sourceDatasetId":"qndb-27qm","surface":"ASPHALT","operationalStatus":"OPEN","greenway":"NO","transCanadaTrail":"NO"},"geometry":{"type":"LineString","coordinates":[[-114.07553706147536,51.055010652022304],[-114.07470882641218,51.05529623840607],[-114.07418969650062,51.05532806003591]]}},{"type":"Feature","id":"pathway-a7eb3c6bd6fd","properties":{"id":"pathway-a7eb3c6bd6fd","layer":"pathway","assetCode":"HOU542","name":null,"type":"REGIONAL","status":"ACTIVE","nearCommunities":[{"communityCode":"HIL","intersectsCommunity":false,"distanceToCommunityM":228}],"sourceDatasetId":"qndb-27qm","surface":"ASPHALT","operationalStatus":"OPEN","greenway":"NO","transCanadaTrail":"NO"},"geometry":{"type":"LineString","coordinates":[[-114.09798298826139,51.064029530483275],[-114.0983302942942,51.06405487659631]]}},{"type":"Feature","id":"pathway-a1d4ef3e8945","properties":{"id":"pathway-a1d4ef3e8945","layer":"pathway","assetCode":"BRD774","name":null,"type":"LOCAL","status":"ACTIVE","nearCommunities":[{"communityCode":"BRD","intersectsCommunity":true,"distanceToCommunityM":0}],"sourceDatasetId":"qndb-27qm","surface":"ASPHALT","operationalStatus":"OPEN","greenway":"NO","transCanadaTrail":"NO"},"geometry":{"type":"LineString","coordinates":[[-114.04583506429935,51.051685231029744],[-114.04672190602423,51.05178185384039],[-114.04693433912844,51.051882255853016]]}},{"type":"Feature","id":"pathway-ecc99f4eed71","properties":{"id":"pathway-ecc99f4eed71","layer":"pathway","assetCode":"SSD495","name":null,"type":"REGIONAL","status":"ACTIVE","nearCommunities":[{"communityCode":"HIL","intersectsCommunity":false,"distanceToCommunityM":133},{"communityCode":"SSD","intersectsCommunity":true,"distanceToCommunityM":0}],"sourceDatasetId":"qndb-27qm","surface":"ASPHALT","operationalStatus":"OPEN","greenway":"NO","transCanadaTrail":"NO"},"geometry":{"type":"LineString","coordinates":[[-114.08328818370569,51.0524245278561],[-114.08390341629344,51.05227209589915]]}},{"type":"Feature","id":"pathway-74db3728b4c5","properties":{"id":"pathway-74db3728b4c5","layer":"pathway","assetCode":"HIL495","name":null,"type":"REGIONAL","status":"ACTIVE","nearCommunities":[{"communityCode":"HIL","intersectsCommunity":true,"distanceToCommunityM":0},{"communityCode":"SSD","intersectsCommunity":true,"distanceToCommunityM":0}],"sourceDatasetId":"qndb-27qm","surface":"CONCRETE","operationalStatus":"OPEN","greenway":"NO","transCanadaTrail":"YES"},"geometry":{"type":"LineString","coordinates":[[-114.086169630414,51.05131924087112],[-114.08588963690627,51.05139144655745],[-114.08544212295728,51.05157454463603]]}},{"type":"Feature","id":"pathway-134b68d35b0e","properties":{"id":"pathway-134b68d35b0e","layer":"pathway","assetCode":"SSD495","name":null,"type":"REGIONAL","status":"ACTIVE","nearCommunities":[{"communityCode":"SSD","intersectsCommunity":true,"distanceToCommunityM":0}],"sourceDatasetId":"qndb-27qm","surface":"ASPHALT","operationalStatus":"OPEN","greenway":"NO","transCanadaTrail":"YES"},"geometry":{"type":"LineString","coordinates":[[-114.06377307303697,51.05464232088661],[-114.06304147552027,51.05384638862265]]}},{"type":"Feature","id":"pathway-c14caa0d23d3","properties":{"id":"pathway-c14caa0d23d3","layer":"pathway","assetCode":"SSD495","name":null,"type":"REGIONAL","status":"ACTIVE","nearCommunities":[{"communityCode":"SSD","intersectsCommunity":true,"distanceToCommunityM":0}],"sourceDatasetId":"qndb-27qm","surface":"ASPHALT","operationalStatus":"OPEN","greenway":"NO","transCanadaTrail":"YES"},"geometry":{"type":"LineString","coordinates":[[-114.06656708629205,51.05697789089741],[-114.06596392065069,51.05668661275432],[-114.06549472210594,51.05639030766022],[-114.06526004432304,51.056196372516325]]}},{"type":"Feature","id":"pathway-52138aee5204","properties":{"id":"pathway-52138aee5204","layer":"pathway","assetCode":"HOU542","name":null,"type":"REGIONAL","status":"ACTIVE","nearCommunities":[{"communityCode":"HIL","intersectsCommunity":false,"distanceToCommunityM":252}],"sourceDatasetId":"qndb-27qm","surface":"ASPHALT","operationalStatus":"OPEN","greenway":"NO","transCanadaTrail":"NO"},"geometry":{"type":"LineString","coordinates":[[-114.0983302942942,51.06405487659631],[-114.09865781788842,51.06412549345338]]}},{"type":"Feature","id":"pathway-88129bfab872","properties":{"id":"pathway-88129bfab872","layer":"pathway","assetCode":"HOU542","name":null,"type":"REGIONAL","status":"ACTIVE","nearCommunities":[{"communityCode":"HIL","intersectsCommunity":false,"distanceToCommunityM":222}],"sourceDatasetId":"qndb-27qm","surface":"ASPHALT","operationalStatus":"OPEN","greenway":"NO","transCanadaTrail":"NO"},"geometry":{"type":"LineString","coordinates":[[-114.09789929155617,51.06402726058778],[-114.09798298826139,51.064029530483275]]}},{"type":"Feature","id":"pathway-e29b873b2846","properties":{"id":"pathway-e29b873b2846","layer":"pathway","assetCode":"ING037","name":null,"type":"LOCAL","status":"ACTIVE","nearCommunities":[{"communityCode":"BRD","intersectsCommunity":false,"distanceToCommunityM":199}],"sourceDatasetId":"qndb-27qm","surface":"ASPHALT","operationalStatus":"OPEN","greenway":"NO","transCanadaTrail":"NO"},"geometry":{"type":"LineString","coordinates":[[-114.01744635754119,51.041818285333356],[-114.01724885499779,51.041765746257944],[-114.01718243287846,51.04170694517734],[-114.0171666091247,51.041634263674005],[-114.01739852401806,51.04125682758486],[-114.01745907752455,51.04108685675839]]}},{"type":"Feature","id":"pathway-10aa41330acc","properties":{"id":"pathway-10aa41330acc","layer":"pathway","assetCode":"EAU120","name":null,"type":"LOCAL","status":"ACTIVE","nearCommunities":[{"communityCode":"SSD","intersectsCommunity":false,"distanceToCommunityM":96}],"sourceDatasetId":"qndb-27qm","surface":"ASPHALT","operationalStatus":"OPEN","greenway":"NO","transCanadaTrail":"NO"},"geometry":{"type":"LineString","coordinates":[[-114.07346049214324,51.05505194650972],[-114.07339613058029,51.05510850709976],[-114.07311386234281,51.05520079984672]]}},{"type":"Feature","id":"pathway-d7956f194511","properties":{"id":"pathway-d7956f194511","layer":"pathway","assetCode":"SSD495","name":null,"type":"REGIONAL","status":"ACTIVE","nearCommunities":[{"communityCode":"HIL","intersectsCommunity":false,"distanceToCommunityM":326},{"communityCode":"SSD","intersectsCommunity":true,"distanceToCommunityM":0}],"sourceDatasetId":"qndb-27qm","surface":"ASPHALT","operationalStatus":"OPEN","greenway":"NO","transCanadaTrail":"YES"},"geometry":{"type":"LineString","coordinates":[[-114.08075243153944,51.05371027505738],[-114.08125761373522,51.05343486645529]]}},{"type":"Feature","id":"pathway-df126a7437bc","properties":{"id":"pathway-df126a7437bc","layer":"pathway","assetCode":"SSD495","name":null,"type":"REGIONAL","status":"ACTIVE","nearCommunities":[{"communityCode":"SSD","intersectsCommunity":true,"distanceToCommunityM":0}],"sourceDatasetId":"qndb-27qm","surface":"ASPHALT","operationalStatus":"OPEN","greenway":"NO","transCanadaTrail":"YES"},"geometry":{"type":"LineString","coordinates":[[-114.06889950678391,51.057361493336636],[-114.06900871629858,51.05734643586705]]}},{"type":"Feature","id":"pathway-086ec20c1813","properties":{"id":"pathway-086ec20c1813","layer":"pathway","assetCode":"BRD852","name":null,"type":"LOCAL","status":"ACTIVE","nearCommunities":[{"communityCode":"BRD","intersectsCommunity":true,"distanceToCommunityM":0}],"sourceDatasetId":"qndb-27qm","surface":"CONCRETE","operationalStatus":"OPEN","greenway":"NO","transCanadaTrail":"NO"},"geometry":{"type":"LineString","coordinates":[[-114.03721633106096,51.05057715956802],[-114.03723667634331,51.05064111138111],[-114.03717488378237,51.05070636678239]]}},{"type":"Feature","id":"pathway-f3485566dfbb","properties":{"id":"pathway-f3485566dfbb","layer":"pathway","assetCode":"RAM023","name":null,"type":"LOCAL","status":"ACTIVE","nearCommunities":[{"communityCode":"BLN","intersectsCommunity":false,"distanceToCommunityM":258}],"sourceDatasetId":"qndb-27qm","surface":"ASPHALT","operationalStatus":"OPEN","greenway":"NO","transCanadaTrail":"NO"},"geometry":{"type":"LineString","coordinates":[[-114.04584568016593,51.034979296062616],[-114.04588560850675,51.03513938062368],[-114.04600195539771,51.03523578050268]]}},{"type":"Feature","id":"pathway-80aee5640ed6","properties":{"id":"pathway-80aee5640ed6","layer":"pathway","assetCode":"BRD852","name":null,"type":"LOCAL","status":"ACTIVE","nearCommunities":[{"communityCode":"BRD","intersectsCommunity":true,"distanceToCommunityM":0}],"sourceDatasetId":"qndb-27qm","surface":"CONCRETE","operationalStatus":"OPEN","greenway":"NO","transCanadaTrail":"NO"},"geometry":{"type":"LineString","coordinates":[[-114.03882492413553,51.050292348862065],[-114.03851225886528,51.05025028150107],[-114.03746990630587,51.05022815497635]]}},{"type":"Feature","id":"pathway-dbfe33ffef3f","properties":{"id":"pathway-dbfe33ffef3f","layer":"pathway","assetCode":"HIL557","name":null,"type":"LOCAL","status":"ACTIVE","nearCommunities":[{"communityCode":"HIL","intersectsCommunity":true,"distanceToCommunityM":0},{"communityCode":"SSD","intersectsCommunity":false,"distanceToCommunityM":35}],"sourceDatasetId":"qndb-27qm","surface":"INTERLOCKING BRICK","operationalStatus":"OPEN","greenway":"NO","transCanadaTrail":"NO"},"geometry":{"type":"LineString","coordinates":[[-114.0864542477371,51.06045799052583],[-114.08661760458622,51.06030213813255],[-114.08666747770141,51.06016067862499],[-114.08683406858438,51.05987921837247],[-114.08662870943483,51.05985529809358],[-114.0865048857101,51.05991593190603]]}},{"type":"Feature","id":"pathway-fe23723b6235","properties":{"id":"pathway-fe23723b6235","layer":"pathway","assetCode":"DNW134","name":null,"type":"LOCAL","status":"ACTIVE","nearCommunities":[{"communityCode":"HIL","intersectsCommunity":false,"distanceToCommunityM":116},{"communityCode":"BLN","intersectsCommunity":false,"distanceToCommunityM":201}],"sourceDatasetId":"qndb-27qm","surface":"ASPHALT","operationalStatus":"OPEN","greenway":"NO","transCanadaTrail":"NO"},"geometry":{"type":"LineString","coordinates":[[-114.0922986379633,51.04659626388018],[-114.09196370675829,51.04679878608099]]}},{"type":"Feature","id":"pathway-717c0144b1e9","properties":{"id":"pathway-717c0144b1e9","layer":"pathway","assetCode":"DNW234","name":null,"type":"LOCAL","status":"ACTIVE","nearCommunities":[{"communityCode":"HIL","intersectsCommunity":false,"distanceToCommunityM":116},{"communityCode":"BLN","intersectsCommunity":false,"distanceToCommunityM":224}],"sourceDatasetId":"qndb-27qm","surface":"ASPHALT","operationalStatus":"OPEN","greenway":"NO","transCanadaTrail":"NO"},"geometry":{"type":"LineString","coordinates":[[-114.09196370675829,51.04679878608099],[-114.09164788856437,51.04684450690718]]}},{"type":"Feature","id":"pathway-36f363622d11","properties":{"id":"pathway-36f363622d11","layer":"pathway","assetCode":"SNA678","name":null,"type":"REGIONAL","status":"ACTIVE","nearCommunities":[{"communityCode":"HIL","intersectsCommunity":false,"distanceToCommunityM":222},{"communityCode":"BLN","intersectsCommunity":false,"distanceToCommunityM":258}],"sourceDatasetId":"qndb-27qm","surface":"CONCRETE","operationalStatus":"OPEN","greenway":"NO","transCanadaTrail":"NO"},"geometry":{"type":"LineString","coordinates":[[-114.09821927005935,51.04559187451554],[-114.09853484886975,51.04560371986521]]}},{"type":"Feature","id":"pathway-0c88ca32d7b1","properties":{"id":"pathway-0c88ca32d7b1","layer":"pathway","assetCode":"SSD495","name":null,"type":"REGIONAL","status":"ACTIVE","nearCommunities":[{"communityCode":"SSD","intersectsCommunity":true,"distanceToCommunityM":0}],"sourceDatasetId":"qndb-27qm","surface":"ASPHALT","operationalStatus":"OPEN","greenway":"NO","transCanadaTrail":"NO"},"geometry":{"type":"LineString","coordinates":[[-114.07758424435664,51.05564405627472],[-114.07726178940109,51.05553829546624]]}},{"type":"Feature","id":"pathway-8956140e38e4","properties":{"id":"pathway-8956140e38e4","layer":"pathway","assetCode":"BRD852","name":null,"type":"LOCAL","status":"ACTIVE","nearCommunities":[{"communityCode":"BRD","intersectsCommunity":true,"distanceToCommunityM":0}],"sourceDatasetId":"qndb-27qm","surface":"CONCRETE","operationalStatus":"OPEN","greenway":"NO","transCanadaTrail":"NO"},"geometry":{"type":"LineString","coordinates":[[-114.03710296267326,51.05072447785864],[-114.03697698307722,51.050703964574375]]}},{"type":"Feature","id":"pathway-946728c68cb8","properties":{"id":"pathway-946728c68cb8","layer":"pathway","assetCode":"ING036","name":null,"type":"LOCAL","status":"ACTIVE","nearCommunities":[{"communityCode":"BRD","intersectsCommunity":false,"distanceToCommunityM":25}],"sourceDatasetId":"qndb-27qm","surface":"ASPHALT","operationalStatus":"OPEN","greenway":"NO","transCanadaTrail":"NO"},"geometry":{"type":"LineString","coordinates":[[-114.02026470326966,51.04284337983677],[-114.02026390716834,51.04320204526212]]}},{"type":"Feature","id":"pathway-c9e8fb88d04c","properties":{"id":"pathway-c9e8fb88d04c","layer":"pathway","assetCode":"BRD774","name":null,"type":"LOCAL","status":"ACTIVE","nearCommunities":[{"communityCode":"BRD","intersectsCommunity":true,"distanceToCommunityM":0}],"sourceDatasetId":"qndb-27qm","surface":"ASPHALT","operationalStatus":"OPEN","greenway":"NO","transCanadaTrail":"NO"},"geometry":{"type":"LineString","coordinates":[[-114.0414591488593,51.05142492792042],[-114.04141097043923,51.051424363364276]]}},{"type":"Feature","id":"pathway-6f24aea34a4b","properties":{"id":"pathway-6f24aea34a4b","layer":"pathway","assetCode":"HIL557","name":null,"type":"LOCAL","status":"ACTIVE","nearCommunities":[{"communityCode":"HIL","intersectsCommunity":true,"distanceToCommunityM":0},{"communityCode":"SSD","intersectsCommunity":false,"distanceToCommunityM":28}],"sourceDatasetId":"qndb-27qm","surface":"INTERLOCKING BRICK","operationalStatus":"OPEN","greenway":"NO","transCanadaTrail":"NO"},"geometry":{"type":"LineString","coordinates":[[-114.08616905475027,51.06022780560102],[-114.08617433645766,51.06040567392844]]}},{"type":"Feature","id":"pathway-4fffa8315de1","properties":{"id":"pathway-4fffa8315de1","layer":"pathway","assetCode":"HIL557","name":null,"type":"LOCAL","status":"ACTIVE","nearCommunities":[{"communityCode":"HIL","intersectsCommunity":true,"distanceToCommunityM":0},{"communityCode":"SSD","intersectsCommunity":false,"distanceToCommunityM":29}],"sourceDatasetId":"qndb-27qm","surface":"INTERLOCKING BRICK","operationalStatus":"OPEN","greenway":"NO","transCanadaTrail":"NO"},"geometry":{"type":"LineString","coordinates":[[-114.0865048857101,51.05991593190603],[-114.08639998580844,51.060105212351765],[-114.08637834551486,51.06027630524726]]}},{"type":"Feature","id":"pathway-d07633d877fa","properties":{"id":"pathway-d07633d877fa","layer":"pathway","assetCode":"ALB824","name":null,"type":"REGIONAL","status":"ACTIVE","nearCommunities":[{"communityCode":"BRD","intersectsCommunity":false,"distanceToCommunityM":1}],"sourceDatasetId":"qndb-27qm","surface":"ASPHALT","operationalStatus":"OPEN","greenway":"NO","transCanadaTrail":"NO"},"geometry":{"type":"LineString","coordinates":[[-114.01195002602871,51.044444123160744],[-114.01128860241334,51.04412191774686]]}},{"type":"Feature","id":"pathway-2e6752eef38b","properties":{"id":"pathway-2e6752eef38b","layer":"pathway","assetCode":"RDL550","name":null,"type":"LOCAL","status":"ACTIVE","nearCommunities":[{"communityCode":"HIL","intersectsCommunity":false,"distanceToCommunityM":65},{"communityCode":"SSD","intersectsCommunity":true,"distanceToCommunityM":0}],"sourceDatasetId":"qndb-27qm","surface":"ASPHALT","operationalStatus":"OPEN","greenway":"NO","transCanadaTrail":"NO"},"geometry":{"type":"LineString","coordinates":[[-114.08507086745514,51.0594195332283],[-114.08495180697113,51.05949395215188]]}},{"type":"Feature","id":"pathway-d43f9732f5ad","properties":{"id":"pathway-d43f9732f5ad","layer":"pathway","assetCode":"SSD495","name":null,"type":"REGIONAL","status":"ACTIVE","nearCommunities":[{"communityCode":"HIL","intersectsCommunity":false,"distanceToCommunityM":376},{"communityCode":"SSD","intersectsCommunity":true,"distanceToCommunityM":0}],"sourceDatasetId":"qndb-27qm","surface":"ASPHALT","operationalStatus":"OPEN","greenway":"NO","transCanadaTrail":"NO"},"geometry":{"type":"LineString","coordinates":[[-114.07968136461427,51.054275898972236],[-114.08053874809912,51.053796163748395]]}},{"type":"Feature","id":"pathway-17d63cbcb448","properties":{"id":"pathway-17d63cbcb448","layer":"pathway","assetCode":"BRD852","name":null,"type":"LOCAL","status":"ACTIVE","nearCommunities":[{"communityCode":"BRD","intersectsCommunity":true,"distanceToCommunityM":0}],"sourceDatasetId":"qndb-27qm","surface":"CONCRETE","operationalStatus":"OPEN","greenway":"NO","transCanadaTrail":"NO"},"geometry":{"type":"LineString","coordinates":[[-114.03709743065336,51.05026257318495],[-114.03677472832064,51.05027145452606]]}},{"type":"Feature","id":"pathway-e56e977c1b24","properties":{"id":"pathway-e56e977c1b24","layer":"pathway","assetCode":"BRD852","name":null,"type":"LOCAL","status":"ACTIVE","nearCommunities":[{"communityCode":"BRD","intersectsCommunity":true,"distanceToCommunityM":0}],"sourceDatasetId":"qndb-27qm","surface":"CONCRETE","operationalStatus":"OPEN","greenway":"NO","transCanadaTrail":"NO"},"geometry":{"type":"LineString","coordinates":[[-114.03882492413553,51.050292348862065],[-114.03882496683102,51.05038265063354]]}},{"type":"Feature","id":"pathway-50bdc066a65d","properties":{"id":"pathway-50bdc066a65d","layer":"pathway","assetCode":"BRD852","name":null,"type":"LOCAL","status":"ACTIVE","nearCommunities":[{"communityCode":"BRD","intersectsCommunity":true,"distanceToCommunityM":0}],"sourceDatasetId":"qndb-27qm","surface":"CONCRETE","operationalStatus":"OPEN","greenway":"NO","transCanadaTrail":"NO"},"geometry":{"type":"LineString","coordinates":[[-114.03862309146615,51.050656801630204],[-114.03827794637914,51.050828608113555]]}},{"type":"Feature","id":"pathway-ec9a512e5774","properties":{"id":"pathway-ec9a512e5774","layer":"pathway","assetCode":"HOU542","name":null,"type":"REGIONAL","status":"ACTIVE","nearCommunities":[{"communityCode":"HIL","intersectsCommunity":false,"distanceToCommunityM":71}],"sourceDatasetId":"qndb-27qm","surface":"ASPHALT","operationalStatus":"OPEN","greenway":"NO","transCanadaTrail":"NO"},"geometry":{"type":"LineString","coordinates":[[-114.09574407121353,51.064097177772666],[-114.09592947317023,51.06409609533749]]}},{"type":"Feature","id":"pathway-7c691ecb59fb","properties":{"id":"pathway-7c691ecb59fb","layer":"pathway","assetCode":"EAU120","name":null,"type":"LOCAL","status":"ACTIVE","nearCommunities":[{"communityCode":"SSD","intersectsCommunity":false,"distanceToCommunityM":59}],"sourceDatasetId":"qndb-27qm","surface":"ASPHALT","operationalStatus":"OPEN","greenway":"NO","transCanadaTrail":"NO"},"geometry":{"type":"LineString","coordinates":[[-114.07387809639584,51.05528870443214],[-114.07358546146173,51.055190480373696]]}},{"type":"Feature","id":"pathway-3a61308d0ce5","properties":{"id":"pathway-3a61308d0ce5","layer":"pathway","assetCode":"EAU120","name":null,"type":"LOCAL","status":"ACTIVE","nearCommunities":[{"communityCode":"SSD","intersectsCommunity":false,"distanceToCommunityM":141}],"sourceDatasetId":"qndb-27qm","surface":"ASPHALT","operationalStatus":"OPEN","greenway":"NO","transCanadaTrail":"NO"},"geometry":{"type":"LineString","coordinates":[[-114.071601521205,51.055167555326754],[-114.07168485338353,51.05510473803687]]}},{"type":"Feature","id":"pathway-539519b9ea05","properties":{"id":"pathway-539519b9ea05","layer":"pathway","assetCode":"EAU120","name":null,"type":"LOCAL","status":"ACTIVE","nearCommunities":[{"communityCode":"SSD","intersectsCommunity":false,"distanceToCommunityM":99}],"sourceDatasetId":"qndb-27qm","surface":"ASPHALT","operationalStatus":"OPEN","greenway":"NO","transCanadaTrail":"NO"},"geometry":{"type":"LineString","coordinates":[[-114.07311386234281,51.05520079984672],[-114.07261108103262,51.055298814412794],[-114.07227442351206,51.055316142179635],[-114.071601521205,51.055167555326754]]}},{"type":"Feature","id":"pathway-9316ce24b1b7","properties":{"id":"pathway-9316ce24b1b7","layer":"pathway","assetCode":"ING036","name":null,"type":"REGIONAL","status":"ACTIVE","nearCommunities":[{"communityCode":"BRD","intersectsCommunity":false,"distanceToCommunityM":12}],"sourceDatasetId":"qndb-27qm","surface":"ASPHALT","operationalStatus":"OPEN","greenway":"NO","transCanadaTrail":"YES"},"geometry":{"type":"LineString","coordinates":[[-114.02024630547017,51.043341836900346],[-114.0201542526139,51.04335731964961]]}},{"type":"Feature","id":"pathway-f685817dc5ef","properties":{"id":"pathway-f685817dc5ef","layer":"pathway","assetCode":"EAU120","name":null,"type":"LOCAL","status":"ACTIVE","nearCommunities":[{"communityCode":"SSD","intersectsCommunity":false,"distanceToCommunityM":80}],"sourceDatasetId":"qndb-27qm","surface":"ASPHALT","operationalStatus":"OPEN","greenway":"NO","transCanadaTrail":"NO"},"geometry":{"type":"LineString","coordinates":[[-114.07358546146173,51.055190480373696],[-114.07346138312057,51.05505162411786]]}},{"type":"Feature","id":"pathway-c505bf60f364","properties":{"id":"pathway-c505bf60f364","layer":"pathway","assetCode":"EAU120","name":null,"type":"LOCAL","status":"ACTIVE","nearCommunities":[{"communityCode":"SSD","intersectsCommunity":false,"distanceToCommunityM":43}],"sourceDatasetId":"qndb-27qm","surface":"ASPHALT","operationalStatus":"OPEN","greenway":"NO","transCanadaTrail":"NO"},"geometry":{"type":"LineString","coordinates":[[-114.07418969650062,51.05532806003591],[-114.07387809639584,51.05528870443214]]}},{"type":"Feature","id":"pathway-9e3211b3a137","properties":{"id":"pathway-9e3211b3a137","layer":"pathway","assetCode":"DNW134","name":null,"type":"LOCAL","status":"ACTIVE","nearCommunities":[{"communityCode":"HIL","intersectsCommunity":false,"distanceToCommunityM":143},{"communityCode":"BLN","intersectsCommunity":false,"distanceToCommunityM":171}],"sourceDatasetId":"qndb-27qm","surface":"ASPHALT","operationalStatus":"OPEN","greenway":"NO","transCanadaTrail":"NO"},"geometry":{"type":"LineString","coordinates":[[-114.09195915657557,51.046549154679546],[-114.09206187765359,51.04642282830188],[-114.092375716465,51.04633146254814]]}},{"type":"Feature","id":"pathway-6da6e4e0a9dd","properties":{"id":"pathway-6da6e4e0a9dd","layer":"pathway","assetCode":"SNA678","name":null,"type":"REGIONAL","status":"ACTIVE","nearCommunities":[{"communityCode":"HIL","intersectsCommunity":false,"distanceToCommunityM":216},{"communityCode":"BLN","intersectsCommunity":false,"distanceToCommunityM":136}],"sourceDatasetId":"qndb-27qm","surface":"CONCRETE","operationalStatus":"OPEN","greenway":"NO","transCanadaTrail":"NO"},"geometry":{"type":"LineString","coordinates":[[-114.09631686089288,51.045551961995095],[-114.09660763577322,51.04555390292498]]}},{"type":"Feature","id":"pathway-864238105dde","properties":{"id":"pathway-864238105dde","layer":"pathway","assetCode":"DNE116","name":null,"type":"LOCAL","status":"ACTIVE","nearCommunities":[{"communityCode":"BRD","intersectsCommunity":false,"distanceToCommunityM":87},{"communityCode":"BLN","intersectsCommunity":false,"distanceToCommunityM":353}],"sourceDatasetId":"qndb-27qm","surface":"ASPHALT","operationalStatus":"OPEN","greenway":"NO","transCanadaTrail":"NO"},"geometry":{"type":"LineString","coordinates":[[-114.04771327429049,51.0467749765974],[-114.04750266318956,51.046696029166995]]}},{"type":"Feature","id":"pathway-7d9995245cd4","properties":{"id":"pathway-7d9995245cd4","layer":"pathway","assetCode":"DNE116","name":null,"type":"LOCAL","status":"ACTIVE","nearCommunities":[{"communityCode":"BRD","intersectsCommunity":false,"distanceToCommunityM":87},{"communityCode":"BLN","intersectsCommunity":false,"distanceToCommunityM":316}],"sourceDatasetId":"qndb-27qm","surface":"ASPHALT","operationalStatus":"OPEN","greenway":"NO","transCanadaTrail":"NO"},"geometry":{"type":"LineString","coordinates":[[-114.04750266318956,51.046696029166995],[-114.04741771398217,51.046573761970265],[-114.0473826180647,51.04641247256156],[-114.04730527540447,51.04635907162527],[-114.04721466131366,51.046378402924454]]}},{"type":"Feature","id":"pathway-e0fa67d541a6","properties":{"id":"pathway-e0fa67d541a6","layer":"pathway","assetCode":"DNE116","name":null,"type":"LOCAL","status":"ACTIVE","nearCommunities":[{"communityCode":"BRD","intersectsCommunity":false,"distanceToCommunityM":82},{"communityCode":"BLN","intersectsCommunity":false,"distanceToCommunityM":319}],"sourceDatasetId":"qndb-27qm","surface":"ASPHALT","operationalStatus":"OPEN","greenway":"NO","transCanadaTrail":"NO"},"geometry":{"type":"LineString","coordinates":[[-114.04750266318956,51.046696029166995],[-114.04733453863399,51.04667191679757],[-114.04716591652732,51.046571964321295],[-114.0471470268424,51.04648694976456],[-114.04721466131366,51.046378402924454]]}},{"type":"Feature","id":"pathway-632f4546e187","properties":{"id":"pathway-632f4546e187","layer":"pathway","assetCode":"HIL498","name":null,"type":"REGIONAL","status":"ACTIVE","nearCommunities":[{"communityCode":"HIL","intersectsCommunity":true,"distanceToCommunityM":0}],"sourceDatasetId":"qndb-27qm","surface":"ASPHALT","operationalStatus":"OPEN","greenway":"NO","transCanadaTrail":"YES"},"geometry":{"type":"LineString","coordinates":[[-114.10161610034706,51.048771599250365],[-114.10153863226567,51.04879096392809],[-114.09992238329332,51.04872057293419]]}},{"type":"Feature","id":"pathway-b5574fc2cfeb","properties":{"id":"pathway-b5574fc2cfeb","layer":"pathway","assetCode":"HIL498","name":null,"type":"REGIONAL","status":"ACTIVE","nearCommunities":[{"communityCode":"HIL","intersectsCommunity":true,"distanceToCommunityM":0}],"sourceDatasetId":"qndb-27qm","surface":"ASPHALT","operationalStatus":"OPEN","greenway":"NO","transCanadaTrail":"YES"},"geometry":{"type":"LineString","coordinates":[[-114.09992238329332,51.04872057293419],[-114.09934462227449,51.048705054722404],[-114.09824107233233,51.04879304222015]]}},{"type":"Feature","id":"pathway-3a0c454f9f43","properties":{"id":"pathway-3a0c454f9f43","layer":"pathway","assetCode":"SSD495","name":null,"type":"REGIONAL","status":"ACTIVE","nearCommunities":[{"communityCode":"SSD","intersectsCommunity":true,"distanceToCommunityM":0}],"sourceDatasetId":"qndb-27qm","surface":"ASPHALT","operationalStatus":"OPEN","greenway":"NO","transCanadaTrail":"YES"},"geometry":{"type":"LineString","coordinates":[[-114.07173822438203,51.05743111811185],[-114.07307445912551,51.057299218555016]]}},{"type":"Feature","id":"pathway-5e35d380bc67","properties":{"id":"pathway-5e35d380bc67","layer":"pathway","assetCode":"SSD495","name":null,"type":"REGIONAL","status":"ACTIVE","nearCommunities":[{"communityCode":"SSD","intersectsCommunity":true,"distanceToCommunityM":0}],"sourceDatasetId":"qndb-27qm","surface":"ASPHALT","operationalStatus":"OPEN","greenway":"NO","transCanadaTrail":"YES"},"geometry":{"type":"LineString","coordinates":[[-114.07307445912551,51.057299218555016],[-114.07399827741567,51.05718827423761],[-114.0743669842453,51.05708180068534]]}},{"type":"Feature","id":"pathway-eee1e5b2df5b","properties":{"id":"pathway-eee1e5b2df5b","layer":"pathway","assetCode":"HIL495","name":null,"type":"REGIONAL","status":"ACTIVE","nearCommunities":[{"communityCode":"HIL","intersectsCommunity":true,"distanceToCommunityM":0}],"sourceDatasetId":"qndb-27qm","surface":"ASPHALT","operationalStatus":"OPEN","greenway":"NO","transCanadaTrail":"YES"},"geometry":{"type":"LineString","coordinates":[[-114.09404111925461,51.048850930571334],[-114.0933992544867,51.0492142005757],[-114.09306476196805,51.04945761077005]]}},{"type":"Feature","id":"pathway-6085891032cc","properties":{"id":"pathway-6085891032cc","layer":"pathway","assetCode":"ERL246","name":null,"type":"LOCAL","status":"ACTIVE","nearCommunities":[{"communityCode":"BLN","intersectsCommunity":false,"distanceToCommunityM":267}],"sourceDatasetId":"qndb-27qm","surface":"ASPHALT","operationalStatus":"OPEN","greenway":"NO","transCanadaTrail":"NO"},"geometry":{"type":"LineString","coordinates":[[-114.06338254452763,51.033758154469034],[-114.06386818789942,51.033627272587864],[-114.06416654478839,51.03359756344036]]}},{"type":"Feature","id":"pathway-bcf7cb012b7d","properties":{"id":"pathway-bcf7cb012b7d","layer":"pathway","assetCode":"ERL246","name":null,"type":"LOCAL","status":"ACTIVE","nearCommunities":[{"communityCode":"BLN","intersectsCommunity":false,"distanceToCommunityM":203}],"sourceDatasetId":"qndb-27qm","surface":"CONCRETE","operationalStatus":"OPEN","greenway":"NO","transCanadaTrail":"NO"},"geometry":{"type":"LineString","coordinates":[[-114.06260914021036,51.0340718893449],[-114.06268596343016,51.033972777515196],[-114.06295838081847,51.03386951683914],[-114.0631893412317,51.033935101876594],[-114.06333040528517,51.033916828466865],[-114.06340404370256,51.033834904494],[-114.06338254452763,51.033758154469034]]}},{"type":"Feature","id":"pathway-6a589caf77d9","properties":{"id":"pathway-6a589caf77d9","layer":"pathway","assetCode":"ING029","name":null,"type":"REGIONAL","status":"ACTIVE","nearCommunities":[{"communityCode":"BRD","intersectsCommunity":false,"distanceToCommunityM":207},{"communityCode":"BLN","intersectsCommunity":false,"distanceToCommunityM":75}],"sourceDatasetId":"qndb-27qm","surface":"ASPHALT","operationalStatus":"OPEN","greenway":"NO","transCanadaTrail":"NO"},"geometry":{"type":"LineString","coordinates":[[-114.041650061704,51.04327942707735],[-114.04174487847547,51.0430946982268]]}},{"type":"Feature","id":"pathway-289e52acac8c","properties":{"id":"pathway-289e52acac8c","layer":"pathway","assetCode":"ERL246","name":null,"type":"LOCAL","status":"ACTIVE","nearCommunities":[{"communityCode":"BLN","intersectsCommunity":false,"distanceToCommunityM":346}],"sourceDatasetId":"qndb-27qm","surface":"ASPHALT","operationalStatus":"OPEN","greenway":"NO","transCanadaTrail":"NO"},"geometry":{"type":"LineString","coordinates":[[-114.06507997108847,51.03378150288457],[-114.06513670624226,51.03367150863966],[-114.06514150234595,51.03358199501148]]}},{"type":"Feature","id":"pathway-76c3e20e3499","properties":{"id":"pathway-76c3e20e3499","layer":"pathway","assetCode":"ERL246","name":null,"type":"LOCAL","status":"ACTIVE","nearCommunities":[{"communityCode":"BLN","intersectsCommunity":false,"distanceToCommunityM":315}],"sourceDatasetId":"qndb-27qm","surface":"ASPHALT","operationalStatus":"OPEN","greenway":"NO","transCanadaTrail":"NO"},"geometry":{"type":"LineString","coordinates":[[-114.06461818221193,51.03352296935335],[-114.06424304922159,51.03363795191893]]}},{"type":"Feature","id":"pathway-0c784c233f40","properties":{"id":"pathway-0c784c233f40","layer":"pathway","assetCode":"ERL246","name":null,"type":"LOCAL","status":"ACTIVE","nearCommunities":[{"communityCode":"BLN","intersectsCommunity":false,"distanceToCommunityM":342}],"sourceDatasetId":"qndb-27qm","surface":"ASPHALT","operationalStatus":"OPEN","greenway":"NO","transCanadaTrail":"NO"},"geometry":{"type":"LineString","coordinates":[[-114.06487266384016,51.03345614329225],[-114.06461818221193,51.03352296935335]]}},{"type":"Feature","id":"pathway-913c47a69e5e","properties":{"id":"pathway-913c47a69e5e","layer":"pathway","assetCode":"BRD890","name":null,"type":"REGIONAL","status":"ACTIVE","nearCommunities":[{"communityCode":"BRD","intersectsCommunity":true,"distanceToCommunityM":0}],"sourceDatasetId":"qndb-27qm","surface":"ASPHALT","operationalStatus":"OPEN","greenway":"NO","transCanadaTrail":"NO"},"geometry":{"type":"LineString","coordinates":[[-114.02993842785507,51.05103918793816],[-114.02974713641997,51.0503727035769]]}},{"type":"Feature","id":"pathway-3b5b55523e8a","properties":{"id":"pathway-3b5b55523e8a","layer":"pathway","assetCode":"BRD890","name":null,"type":"REGIONAL","status":"ACTIVE","nearCommunities":[{"communityCode":"BRD","intersectsCommunity":true,"distanceToCommunityM":0}],"sourceDatasetId":"qndb-27qm","surface":"ASPHALT","operationalStatus":"OPEN","greenway":"NO","transCanadaTrail":"NO"},"geometry":{"type":"LineString","coordinates":[[-114.03010184058324,51.05190293248048],[-114.03007685416779,51.051602239888716],[-114.02993842785507,51.05103918793816]]}},{"type":"Feature","id":"pathway-d3f23f3a3ab4","properties":{"id":"pathway-d3f23f3a3ab4","layer":"pathway","assetCode":"BRD887","name":null,"type":"LOCAL","status":"ACTIVE","nearCommunities":[{"communityCode":"BRD","intersectsCommunity":true,"distanceToCommunityM":0}],"sourceDatasetId":"qndb-27qm","surface":"ASPHALT","operationalStatus":"OPEN","greenway":"NO","transCanadaTrail":"NO"},"geometry":{"type":"LineString","coordinates":[[-114.03482891110896,51.05706471140496],[-114.03456384933907,51.0568150863791],[-114.03450787035693,51.05661548270436],[-114.03453048263448,51.05649347300717]]}},{"type":"Feature","id":"pathway-6214790a9e54","properties":{"id":"pathway-6214790a9e54","layer":"pathway","assetCode":"BRD895","name":null,"type":"REGIONAL","status":"ACTIVE","nearCommunities":[{"communityCode":"BRD","intersectsCommunity":true,"distanceToCommunityM":0}],"sourceDatasetId":"qndb-27qm","surface":"CONCRETE","operationalStatus":"OPEN","greenway":"NO","transCanadaTrail":"NO"},"geometry":{"type":"LineString","coordinates":[[-114.0293117117744,51.04824563939516],[-114.02887045657857,51.04807678188887],[-114.02849764781348,51.04799218924151],[-114.0281055823633,51.04795608973157],[-114.02763521877154,51.04797804513091]]}},{"type":"Feature","id":"pathway-d6df9f731166","properties":{"id":"pathway-d6df9f731166","layer":"pathway","assetCode":"BRD852","name":null,"type":"REGIONAL","status":"ACTIVE","nearCommunities":[{"communityCode":"BRD","intersectsCommunity":true,"distanceToCommunityM":0}],"sourceDatasetId":"qndb-27qm","surface":"CONCRETE","operationalStatus":"OPEN","greenway":"NO","transCanadaTrail":"NO"},"geometry":{"type":"LineString","coordinates":[[-114.03898579405374,51.050478431162375],[-114.03880461701145,51.05057005898797]]}},{"type":"Feature","id":"pathway-88e804b4ed26","properties":{"id":"pathway-88e804b4ed26","layer":"pathway","assetCode":"BRD852","name":null,"type":"REGIONAL","status":"ACTIVE","nearCommunities":[{"communityCode":"BRD","intersectsCommunity":true,"distanceToCommunityM":0}],"sourceDatasetId":"qndb-27qm","surface":"ASPHALT","operationalStatus":"OPEN","greenway":"NO","transCanadaTrail":"NO"},"geometry":{"type":"LineString","coordinates":[[-114.03880461701145,51.05057005898797],[-114.03880169716274,51.05074547195283]]}},{"type":"Feature","id":"pathway-532657fc77e0","properties":{"id":"pathway-532657fc77e0","layer":"pathway","assetCode":"BRD852","name":null,"type":"REGIONAL","status":"ACTIVE","nearCommunities":[{"communityCode":"BRD","intersectsCommunity":true,"distanceToCommunityM":0}],"sourceDatasetId":"qndb-27qm","surface":"ASPHALT","operationalStatus":"OPEN","greenway":"NO","transCanadaTrail":"NO"},"geometry":{"type":"LineString","coordinates":[[-114.03880163726711,51.050745480063476],[-114.03879627688886,51.05083018931615]]}},{"type":"Feature","id":"pathway-8c6819f43e4a","properties":{"id":"pathway-8c6819f43e4a","layer":"pathway","assetCode":"BRD895","name":null,"type":"REGIONAL","status":"ACTIVE","nearCommunities":[{"communityCode":"BRD","intersectsCommunity":true,"distanceToCommunityM":0}],"sourceDatasetId":"qndb-27qm","surface":"ASPHALT","operationalStatus":"OPEN","greenway":"NO","transCanadaTrail":"NO"},"geometry":{"type":"LineString","coordinates":[[-114.02763521877154,51.04797804513091],[-114.02715457579272,51.048040463792354]]}},{"type":"Feature","id":"pathway-e78ee4fcff27","properties":{"id":"pathway-e78ee4fcff27","layer":"pathway","assetCode":"BRD852","name":null,"type":"REGIONAL","status":"ACTIVE","nearCommunities":[{"communityCode":"BRD","intersectsCommunity":true,"distanceToCommunityM":0}],"sourceDatasetId":"qndb-27qm","surface":"CONCRETE","operationalStatus":"OPEN","greenway":"NO","transCanadaTrail":"NO"},"geometry":{"type":"LineString","coordinates":[[-114.03934053435027,51.05029368673056],[-114.03898579405374,51.050478431162375]]}},{"type":"Feature","id":"pathway-6b07403a25f7","properties":{"id":"pathway-6b07403a25f7","layer":"pathway","assetCode":"EAU120","name":null,"type":"LOCAL","status":"ACTIVE","nearCommunities":[{"communityCode":"SSD","intersectsCommunity":false,"distanceToCommunityM":16}],"sourceDatasetId":"qndb-27qm","surface":"ASPHALT","operationalStatus":"OPEN","greenway":"NO","transCanadaTrail":"NO"},"geometry":{"type":"LineString","coordinates":[[-114.0761339243799,51.054241979993314],[-114.07609949396614,51.054605975488805],[-114.0760488783204,51.05473857802385],[-114.07591473989304,51.054846054605825],[-114.07553706147536,51.055010652022304]]}},{"type":"Feature","id":"pathway-63214f143eb5","properties":{"id":"pathway-63214f143eb5","layer":"pathway","assetCode":"SSD495","name":null,"type":"REGIONAL","status":"ACTIVE","nearCommunities":[{"communityCode":"HIL","intersectsCommunity":false,"distanceToCommunityM":0},{"communityCode":"SSD","intersectsCommunity":true,"distanceToCommunityM":0}],"sourceDatasetId":"qndb-27qm","surface":"CONCRETE","operationalStatus":"OPEN","greenway":"NO","transCanadaTrail":"YES"},"geometry":{"type":"LineString","coordinates":[[-114.08544212295728,51.05157454463603],[-114.08516943657636,51.05170281216258]]}},{"type":"Feature","id":"pathway-a2ca6d395091","properties":{"id":"pathway-a2ca6d395091","layer":"pathway","assetCode":"HIL498","name":null,"type":"REGIONAL","status":"ACTIVE","nearCommunities":[{"communityCode":"HIL","intersectsCommunity":true,"distanceToCommunityM":0}],"sourceDatasetId":"qndb-27qm","surface":"ASPHALT","operationalStatus":"OPEN","greenway":"NO","transCanadaTrail":"NO"},"geometry":{"type":"LineString","coordinates":[[-114.09502067741174,51.04893797158765],[-114.09485819314109,51.04890255098652]]}},{"type":"Feature","id":"pathway-785e99751896","properties":{"id":"pathway-785e99751896","layer":"pathway","assetCode":"BRD495","name":null,"type":"REGIONAL","status":"ACTIVE","nearCommunities":[{"communityCode":"BRD","intersectsCommunity":true,"distanceToCommunityM":0}],"sourceDatasetId":"qndb-27qm","surface":"ASPHALT","operationalStatus":"OPEN","greenway":"NO","transCanadaTrail":"YES"},"geometry":{"type":"LineString","coordinates":[[-114.04243696354422,51.0488678443206],[-114.04397076113922,51.04886674788244],[-114.04449936519335,51.04893188696394]]}},{"type":"Feature","id":"pathway-a2f83c164c83","properties":{"id":"pathway-a2f83c164c83","layer":"pathway","assetCode":"BRD495","name":null,"type":"REGIONAL","status":"ACTIVE","nearCommunities":[{"communityCode":"BRD","intersectsCommunity":true,"distanceToCommunityM":0}],"sourceDatasetId":"qndb-27qm","surface":"ASPHALT","operationalStatus":"OPEN","greenway":"NO","transCanadaTrail":"YES"},"geometry":{"type":"LineString","coordinates":[[-114.0469766871118,51.049323605002876],[-114.04774173781738,51.04949637781622],[-114.04825091569829,51.04950583628216],[-114.04855145102628,51.049585156739134]]}},{"type":"Feature","id":"pathway-09e9c65e598b","properties":{"id":"pathway-09e9c65e598b","layer":"pathway","assetCode":"BRD495","name":null,"type":"REGIONAL","status":"ACTIVE","nearCommunities":[{"communityCode":"BRD","intersectsCommunity":true,"distanceToCommunityM":0}],"sourceDatasetId":"qndb-27qm","surface":"ASPHALT","operationalStatus":"OPEN","greenway":"NO","transCanadaTrail":"YES"},"geometry":{"type":"LineString","coordinates":[[-114.04855145102628,51.049585156739134],[-114.04968041004707,51.049836836960274],[-114.05012355186268,51.049849784453144]]}},{"type":"Feature","id":"pathway-6ccef3d1ebca","properties":{"id":"pathway-6ccef3d1ebca","layer":"pathway","assetCode":"BRD890","name":null,"type":"REGIONAL","status":"ACTIVE","nearCommunities":[{"communityCode":"BRD","intersectsCommunity":true,"distanceToCommunityM":0}],"sourceDatasetId":"qndb-27qm","surface":"ASPHALT","operationalStatus":"OPEN","greenway":"NO","transCanadaTrail":"NO"},"geometry":{"type":"LineString","coordinates":[[-114.03010184058324,51.05190293248048],[-114.03015523469323,51.05220128848905]]}},{"type":"Feature","id":"pathway-10b11ffbc857","properties":{"id":"pathway-10b11ffbc857","layer":"pathway","assetCode":"BRD890","name":null,"type":"REGIONAL","status":"ACTIVE","nearCommunities":[{"communityCode":"BRD","intersectsCommunity":true,"distanceToCommunityM":0}],"sourceDatasetId":"qndb-27qm","surface":"ASPHALT","operationalStatus":"OPEN","greenway":"NO","transCanadaTrail":"NO"},"geometry":{"type":"LineString","coordinates":[[-114.03007942214539,51.05224402178699],[-114.02995619629446,51.05228190825189],[-114.0286752352671,51.05227471411747]]}},{"type":"Feature","id":"pathway-651403420b9e","properties":{"id":"pathway-651403420b9e","layer":"pathway","assetCode":"BRD887","name":null,"type":"LOCAL","status":"ACTIVE","nearCommunities":[{"communityCode":"BRD","intersectsCommunity":true,"distanceToCommunityM":0}],"sourceDatasetId":"qndb-27qm","surface":"ASPHALT","operationalStatus":"OPEN","greenway":"NO","transCanadaTrail":"NO"},"geometry":{"type":"LineString","coordinates":[[-114.03501033590902,51.056491543113],[-114.03476074467426,51.05645172484279],[-114.03453048263448,51.05649347300717]]}},{"type":"Feature","id":"pathway-bebcb73dd7e5","properties":{"id":"pathway-bebcb73dd7e5","layer":"pathway","assetCode":"BRD895","name":null,"type":"REGIONAL","status":"ACTIVE","nearCommunities":[{"communityCode":"BRD","intersectsCommunity":true,"distanceToCommunityM":0}],"sourceDatasetId":"qndb-27qm","surface":"ASPHALT","operationalStatus":"OPEN","greenway":"NO","transCanadaTrail":"NO"},"geometry":{"type":"LineString","coordinates":[[-114.03156456618935,51.04836694173628],[-114.03133039539593,51.048842444449875]]}},{"type":"Feature","id":"pathway-142ad9e9f502","properties":{"id":"pathway-142ad9e9f502","layer":"pathway","assetCode":"CRE495","name":null,"type":"REGIONAL","status":"ACTIVE","nearCommunities":[{"communityCode":"SSD","intersectsCommunity":false,"distanceToCommunityM":253}],"sourceDatasetId":"qndb-27qm","surface":"ASPHALT","operationalStatus":"OPEN","greenway":"NO","transCanadaTrail":"NO"},"geometry":{"type":"LineString","coordinates":[[-114.05788534195113,51.05212443889622],[-114.05894640069468,51.05251908331975]]}},{"type":"Feature","id":"pathway-129ff59b9c2c","properties":{"id":"pathway-129ff59b9c2c","layer":"pathway","assetCode":"CRE495","name":null,"type":"REGIONAL","status":"ACTIVE","nearCommunities":[{"communityCode":"SSD","intersectsCommunity":false,"distanceToCommunityM":175}],"sourceDatasetId":"qndb-27qm","surface":"ASPHALT","operationalStatus":"OPEN","greenway":"NO","transCanadaTrail":"NO"},"geometry":{"type":"LineString","coordinates":[[-114.05894640069468,51.05251908331975],[-114.06005276691074,51.052861645230536]]}},{"type":"Feature","id":"pathway-1e414d1b8301","properties":{"id":"pathway-1e414d1b8301","layer":"pathway","assetCode":"CRE495","name":null,"type":"REGIONAL","status":"ACTIVE","nearCommunities":[{"communityCode":"SSD","intersectsCommunity":false,"distanceToCommunityM":99}],"sourceDatasetId":"qndb-27qm","surface":"ASPHALT","operationalStatus":"OPEN","greenway":"NO","transCanadaTrail":"NO"},"geometry":{"type":"LineString","coordinates":[[-114.06005276691074,51.052861645230536],[-114.06087019794538,51.05312488823008],[-114.0611165879001,51.05323773977688]]}},{"type":"Feature","id":"pathway-6864f7d77793","properties":{"id":"pathway-6864f7d77793","layer":"pathway","assetCode":"BRD098","name":null,"type":"REGIONAL","status":"ACTIVE","nearCommunities":[{"communityCode":"BRD","intersectsCommunity":true,"distanceToCommunityM":0}],"sourceDatasetId":"qndb-27qm","surface":"ASPHALT","operationalStatus":"OPEN","greenway":"NO","transCanadaTrail":"YES"},"geometry":{"type":"LineString","coordinates":[[-114.02045690220878,51.04911628102237],[-114.02073119425577,51.04992471738722]]}},{"type":"Feature","id":"pathway-c95214efb86f","properties":{"id":"pathway-c95214efb86f","layer":"pathway","assetCode":"BRD495","name":null,"type":"REGIONAL","status":"ACTIVE","nearCommunities":[{"communityCode":"BRD","intersectsCommunity":true,"distanceToCommunityM":0}],"sourceDatasetId":"qndb-27qm","surface":"ASPHALT","operationalStatus":"OPEN","greenway":"NO","transCanadaTrail":"YES"},"geometry":{"type":"LineString","coordinates":[[-114.0404535486317,51.04863210250488],[-114.0406177984741,51.04873397916203],[-114.04094314545186,51.04881949280051],[-114.04243696354422,51.0488678443206]]}},{"type":"Feature","id":"pathway-4ae647a05464","properties":{"id":"pathway-4ae647a05464","layer":"pathway","assetCode":"BRD099","name":null,"type":"LOCAL","status":"ACTIVE","nearCommunities":[{"communityCode":"BRD","intersectsCommunity":true,"distanceToCommunityM":0}],"sourceDatasetId":"qndb-27qm","surface":"ASPHALT","operationalStatus":"OPEN","greenway":"NO","transCanadaTrail":"NO"},"geometry":{"type":"LineString","coordinates":[[-114.03279545762811,51.04487949900189],[-114.0328091278527,51.04481279853696],[-114.03245256158766,51.04445350921577],[-114.03217271615964,51.04434730725197]]}},{"type":"Feature","id":"pathway-b25b1ac14405","properties":{"id":"pathway-b25b1ac14405","layer":"pathway","assetCode":"BRD099","name":null,"type":"LOCAL","status":"ACTIVE","nearCommunities":[{"communityCode":"BRD","intersectsCommunity":true,"distanceToCommunityM":0}],"sourceDatasetId":"qndb-27qm","surface":"ASPHALT","operationalStatus":"OPEN","greenway":"NO","transCanadaTrail":"NO"},"geometry":{"type":"LineString","coordinates":[[-114.03217271615964,51.04434730725197],[-114.03189585751596,51.04426717043418],[-114.03181501665092,51.044288567358045],[-114.0317976663579,51.04434337889174],[-114.03182899010315,51.044379543257],[-114.03205557836193,51.044381637969025],[-114.03210200902596,51.044412353034865],[-114.0320762250539,51.04448740191653],[-114.03195679962042,51.04449298129627]]}},{"type":"Feature","id":"pathway-31073f793101","properties":{"id":"pathway-31073f793101","layer":"pathway","assetCode":"BRD774","name":null,"type":"LOCAL","status":"ACTIVE","nearCommunities":[{"communityCode":"BRD","intersectsCommunity":true,"distanceToCommunityM":0}],"sourceDatasetId":"qndb-27qm","surface":"ASPHALT","operationalStatus":"OPEN","greenway":"NO","transCanadaTrail":"NO"},"geometry":{"type":"LineString","coordinates":[[-114.04145786860956,51.05153416249987],[-114.0414591488593,51.05142492792042]]}},{"type":"Feature","id":"pathway-7e6deb9dddcc","properties":{"id":"pathway-7e6deb9dddcc","layer":"pathway","assetCode":"HIL557","name":null,"type":"LOCAL","status":"ACTIVE","nearCommunities":[{"communityCode":"HIL","intersectsCommunity":true,"distanceToCommunityM":0},{"communityCode":"SSD","intersectsCommunity":false,"distanceToCommunityM":64}],"sourceDatasetId":"qndb-27qm","surface":"INTERLOCKING BRICK","operationalStatus":"OPEN","greenway":"NO","transCanadaTrail":"NO"},"geometry":{"type":"LineString","coordinates":[[-114.08703038989314,51.060760899201554],[-114.08693794458803,51.060684603099524],[-114.08683013057224,51.06051331957263],[-114.08679376835714,51.06031749763383],[-114.08691034242854,51.060194787762235],[-114.08710189066737,51.06013008467743],[-114.08712700162536,51.06014889671192],[-114.08707955117578,51.06026472045004],[-114.0871314194938,51.060346438727024]]}},{"type":"Feature","id":"pathway-e726002a6cfe","properties":{"id":"pathway-e726002a6cfe","layer":"pathway","assetCode":"HIL557","name":null,"type":"LOCAL","status":"ACTIVE","nearCommunities":[{"communityCode":"HIL","intersectsCommunity":true,"distanceToCommunityM":0},{"communityCode":"SSD","intersectsCommunity":false,"distanceToCommunityM":11}],"sourceDatasetId":"qndb-27qm","surface":"INTERLOCKING BRICK","operationalStatus":"OPEN","greenway":"NO","transCanadaTrail":"NO"},"geometry":{"type":"LineString","coordinates":[[-114.08616961020934,51.05992376865602],[-114.08616905475027,51.06022780560102]]}},{"type":"Feature","id":"pathway-8a92bacee006","properties":{"id":"pathway-8a92bacee006","layer":"pathway","assetCode":"HIL557","name":null,"type":"LOCAL","status":"ACTIVE","nearCommunities":[{"communityCode":"HIL","intersectsCommunity":true,"distanceToCommunityM":0},{"communityCode":"SSD","intersectsCommunity":false,"distanceToCommunityM":83}],"sourceDatasetId":"qndb-27qm","surface":"INTERLOCKING BRICK","operationalStatus":"OPEN","greenway":"NO","transCanadaTrail":"NO"},"geometry":{"type":"LineString","coordinates":[[-114.08621255172265,51.06073572724914],[-114.0861166144612,51.06077415526278]]}},{"type":"Feature","id":"pathway-51e557109394","properties":{"id":"pathway-51e557109394","layer":"pathway","assetCode":"SSD560","name":null,"type":"LOCAL","status":"ACTIVE","nearCommunities":[{"communityCode":"SSD","intersectsCommunity":true,"distanceToCommunityM":0}],"sourceDatasetId":"qndb-27qm","surface":"CONCRETE","operationalStatus":"OPEN","greenway":"NO","transCanadaTrail":"NO"},"geometry":{"type":"LineString","coordinates":[[-114.06826839346496,51.05843815085098],[-114.06808593539527,51.058172078149845]]}},{"type":"Feature","id":"pathway-897fd701d1f5","properties":{"id":"pathway-897fd701d1f5","layer":"pathway","assetCode":"BRD895","name":null,"type":"REGIONAL","status":"ACTIVE","nearCommunities":[{"communityCode":"BRD","intersectsCommunity":true,"distanceToCommunityM":0}],"sourceDatasetId":"qndb-27qm","surface":"ASPHALT","operationalStatus":"OPEN","greenway":"NO","transCanadaTrail":"NO"},"geometry":{"type":"LineString","coordinates":[[-114.02995212390587,51.048504671563364],[-114.02931093625429,51.04824614121646]]}},{"type":"Feature","id":"pathway-e99f92571b3c","properties":{"id":"pathway-e99f92571b3c","layer":"pathway","assetCode":"BRD890","name":null,"type":"REGIONAL","status":"ACTIVE","nearCommunities":[{"communityCode":"BRD","intersectsCommunity":true,"distanceToCommunityM":0}],"sourceDatasetId":"qndb-27qm","surface":"ASPHALT","operationalStatus":"OPEN","greenway":"NO","transCanadaTrail":"NO"},"geometry":{"type":"LineString","coordinates":[[-114.02993842785507,51.05103918793816],[-114.0305656984767,51.05096582226903],[-114.0308713837677,51.05086147731772],[-114.03105930191813,51.05075426642903],[-114.03118779175766,51.050638383438816],[-114.03128924648053,51.05048638863059],[-114.03131997673938,51.05037083097624]]}},{"type":"Feature","id":"pathway-488b3910342a","properties":{"id":"pathway-488b3910342a","layer":"pathway","assetCode":"HIL557","name":null,"type":"LOCAL","status":"ACTIVE","nearCommunities":[{"communityCode":"HIL","intersectsCommunity":true,"distanceToCommunityM":0},{"communityCode":"SSD","intersectsCommunity":false,"distanceToCommunityM":158}],"sourceDatasetId":"qndb-27qm","surface":"INTERLOCKING BRICK","operationalStatus":"OPEN","greenway":"NO","transCanadaTrail":"NO"},"geometry":{"type":"LineString","coordinates":[[-114.08674533702825,51.061555587473926],[-114.08643805347391,51.0613971719028]]}},{"type":"Feature","id":"pathway-50aca318d71c","properties":{"id":"pathway-50aca318d71c","layer":"pathway","assetCode":"BRD495","name":null,"type":"REGIONAL","status":"ACTIVE","nearCommunities":[{"communityCode":"BRD","intersectsCommunity":true,"distanceToCommunityM":0}],"sourceDatasetId":"qndb-27qm","surface":"ASPHALT","operationalStatus":"OPEN","greenway":"NO","transCanadaTrail":"YES"},"geometry":{"type":"LineString","coordinates":[[-114.04011184652221,51.048550975607235],[-114.03927155801756,51.04838865386374],[-114.03855551107071,51.048146295456526]]}},{"type":"Feature","id":"pathway-84d4e89668a2","properties":{"id":"pathway-84d4e89668a2","layer":"pathway","assetCode":"BRD495","name":null,"type":"REGIONAL","status":"ACTIVE","nearCommunities":[{"communityCode":"BRD","intersectsCommunity":true,"distanceToCommunityM":0}],"sourceDatasetId":"qndb-27qm","surface":"ASPHALT","operationalStatus":"OPEN","greenway":"NO","transCanadaTrail":"YES"},"geometry":{"type":"LineString","coordinates":[[-114.03855551107071,51.048146295456526],[-114.0376636633569,51.04784442169545],[-114.03704264882768,51.04768221801256]]}},{"type":"Feature","id":"pathway-0c9ab81b56a7","properties":{"id":"pathway-0c9ab81b56a7","layer":"pathway","assetCode":"BRD096","name":null,"type":"REGIONAL","status":"ACTIVE","nearCommunities":[{"communityCode":"BRD","intersectsCommunity":true,"distanceToCommunityM":0}],"sourceDatasetId":"qndb-27qm","surface":"ASPHALT","operationalStatus":"OPEN","greenway":"NO","transCanadaTrail":"YES"},"geometry":{"type":"LineString","coordinates":[[-114.02002120046676,51.04726069415523],[-114.01994392503109,51.047413409602456],[-114.02009126803098,51.04819990919042]]}},{"type":"Feature","id":"pathway-766aa95abd0d","properties":{"id":"pathway-766aa95abd0d","layer":"pathway","assetCode":"BRD096","name":null,"type":"REGIONAL","status":"ACTIVE","nearCommunities":[{"communityCode":"BRD","intersectsCommunity":true,"distanceToCommunityM":0}],"sourceDatasetId":"qndb-27qm","surface":"ASPHALT","operationalStatus":"OPEN","greenway":"NO","transCanadaTrail":"YES"},"geometry":{"type":"LineString","coordinates":[[-114.02009126803098,51.04819990919042],[-114.02016693462294,51.04860659682442],[-114.02045690220878,51.04911628102237]]}},{"type":"Feature","id":"pathway-999202b6e6e7","properties":{"id":"pathway-999202b6e6e7","layer":"pathway","assetCode":"ING037","name":null,"type":"REGIONAL","status":"ACTIVE","nearCommunities":[{"communityCode":"BRD","intersectsCommunity":false,"distanceToCommunityM":183}],"sourceDatasetId":"qndb-27qm","surface":"ASPHALT","operationalStatus":"OPEN","greenway":"NO","transCanadaTrail":"NO"},"geometry":{"type":"LineString","coordinates":[[-114.01714100802054,51.0412575030082],[-114.01676949309524,51.04128738395722],[-114.01663412293551,51.04132779329758],[-114.01652174743072,51.041452026743904],[-114.0164036939894,51.04172406565199]]}},{"type":"Feature","id":"pathway-bef64168babc","properties":{"id":"pathway-bef64168babc","layer":"pathway","assetCode":"BRD890","name":null,"type":"REGIONAL","status":"ACTIVE","nearCommunities":[{"communityCode":"BRD","intersectsCommunity":true,"distanceToCommunityM":0}],"sourceDatasetId":"qndb-27qm","surface":"ASPHALT","operationalStatus":"OPEN","greenway":"NO","transCanadaTrail":"NO"},"geometry":{"type":"LineString","coordinates":[[-114.03131997673938,51.05037083097624],[-114.03125291727363,51.04948395948727],[-114.03119126097786,51.04936948999767],[-114.03103629801998,51.04920934151774]]}},{"type":"Feature","id":"pathway-9e3015092ec3","properties":{"id":"pathway-9e3015092ec3","layer":"pathway","assetCode":"REN890","name":null,"type":"REGIONAL","status":"ACTIVE","nearCommunities":[{"communityCode":"BRD","intersectsCommunity":false,"distanceToCommunityM":3}],"sourceDatasetId":"qndb-27qm","surface":"ASPHALT","operationalStatus":"OPEN","greenway":"NO","transCanadaTrail":"NO"},"geometry":{"type":"LineString","coordinates":[[-114.02820501797773,51.05236724556274],[-114.02810465768829,51.05247983902796],[-114.02826367434228,51.05289663876368],[-114.02822516994794,51.0533219373523],[-114.02826890124942,51.0534955164765]]}},{"type":"Feature","id":"pathway-346d593cdf44","properties":{"id":"pathway-346d593cdf44","layer":"pathway","assetCode":"CRE496","name":null,"type":"LOCAL","status":"ACTIVE","nearCommunities":[{"communityCode":"BRD","intersectsCommunity":false,"distanceToCommunityM":332}],"sourceDatasetId":"qndb-27qm","surface":"ASPHALT","operationalStatus":"OPEN","greenway":"NO","transCanadaTrail":"NO"},"geometry":{"type":"LineString","coordinates":[[-114.0567592191468,51.05295410961488],[-114.05663567656724,51.0529499039182],[-114.05652924065333,51.05269333395443],[-114.05645151804758,51.05259925901962]]}},{"type":"Feature","id":"pathway-58bcbe8e56b8","properties":{"id":"pathway-58bcbe8e56b8","layer":"pathway","assetCode":"ING037","name":null,"type":"LOCAL","status":"ACTIVE","nearCommunities":[{"communityCode":"BRD","intersectsCommunity":false,"distanceToCommunityM":297}],"sourceDatasetId":"qndb-27qm","surface":"ASPHALT","operationalStatus":"OPEN","greenway":"NO","transCanadaTrail":"NO"},"geometry":{"type":"LineString","coordinates":[[-114.01783164396987,51.039996705788916],[-114.0176070411529,51.04070271379911],[-114.01757094281346,51.040930839257385]]}},{"type":"Feature","id":"pathway-2c2e21069a55","properties":{"id":"pathway-2c2e21069a55","layer":"pathway","assetCode":"ERL245","name":null,"type":"REGIONAL","status":"ACTIVE","nearCommunities":[{"communityCode":"BLN","intersectsCommunity":false,"distanceToCommunityM":3}],"sourceDatasetId":"qndb-27qm","surface":"ASPHALT","operationalStatus":"OPEN","greenway":"NO","transCanadaTrail":"YES"},"geometry":{"type":"LineString","coordinates":[[-114.06140616296378,51.03573543255985],[-114.06113693114276,51.03571336723314]]}},{"type":"Feature","id":"pathway-7b75bcb6fe23","properties":{"id":"pathway-7b75bcb6fe23","layer":"pathway","assetCode":"ERL246","name":null,"type":"LOCAL","status":"ACTIVE","nearCommunities":[{"communityCode":"BLN","intersectsCommunity":false,"distanceToCommunityM":220}],"sourceDatasetId":"qndb-27qm","surface":"ASPHALT","operationalStatus":"OPEN","greenway":"NO","transCanadaTrail":"NO"},"geometry":{"type":"LineString","coordinates":[[-114.06426631621369,51.03515264731083],[-114.06468749149828,51.035175407133]]}},{"type":"Feature","id":"pathway-22086fb17959","properties":{"id":"pathway-22086fb17959","layer":"pathway","assetCode":"ERL246","name":null,"type":"LOCAL","status":"ACTIVE","nearCommunities":[{"communityCode":"BLN","intersectsCommunity":false,"distanceToCommunityM":125}],"sourceDatasetId":"qndb-27qm","surface":"ASPHALT","operationalStatus":"OPEN","greenway":"NO","transCanadaTrail":"NO"},"geometry":{"type":"LineString","coordinates":[[-114.06306403006398,51.035729733921166],[-114.06310219198524,51.03563475101677],[-114.0631820806562,51.035563888416014]]}},{"type":"Feature","id":"pathway-19864e012e14","properties":{"id":"pathway-19864e012e14","layer":"pathway","assetCode":"ERL246","name":null,"type":"LOCAL","status":"ACTIVE","nearCommunities":[{"communityCode":"BLN","intersectsCommunity":false,"distanceToCommunityM":48}],"sourceDatasetId":"qndb-27qm","surface":"ASPHALT","operationalStatus":"OPEN","greenway":"NO","transCanadaTrail":"NO"},"geometry":{"type":"LineString","coordinates":[[-114.06191715519965,51.03524990083339],[-114.06152750672456,51.03516429586754],[-114.06135607385905,51.03528536643769]]}},{"type":"Feature","id":"pathway-b4f7a433bb1f","properties":{"id":"pathway-b4f7a433bb1f","layer":"pathway","assetCode":"ERL246","name":null,"type":"LOCAL","status":"ACTIVE","nearCommunities":[{"communityCode":"BLN","intersectsCommunity":false,"distanceToCommunityM":295}],"sourceDatasetId":"qndb-27qm","surface":"ASPHALT","operationalStatus":"OPEN","greenway":"NO","transCanadaTrail":"NO"},"geometry":{"type":"LineString","coordinates":[[-114.06530483341594,51.03497716886133],[-114.06523962078663,51.034843394659994]]}},{"type":"Feature","id":"pathway-232a1fab8a06","properties":{"id":"pathway-232a1fab8a06","layer":"pathway","assetCode":"EAU120","name":null,"type":"LOCAL","status":"ACTIVE","nearCommunities":[{"communityCode":"SSD","intersectsCommunity":false,"distanceToCommunityM":142}],"sourceDatasetId":"qndb-27qm","surface":"ASPHALT","operationalStatus":"OPEN","greenway":"NO","transCanadaTrail":"NO"},"geometry":{"type":"LineString","coordinates":[[-114.07168485338353,51.05510473803687],[-114.0718661984164,51.055099594237255],[-114.07195806359172,51.05502997887375],[-114.07193521380759,51.054914502022235],[-114.071830133123,51.05483731978769]]}},{"type":"Feature","id":"pathway-bba608dcfc22","properties":{"id":"pathway-bba608dcfc22","layer":"pathway","assetCode":"RAM023","name":null,"type":"LOCAL","status":"ACTIVE","nearCommunities":[{"communityCode":"BLN","intersectsCommunity":false,"distanceToCommunityM":200}],"sourceDatasetId":"qndb-27qm","surface":"ASPHALT","operationalStatus":"OPEN","greenway":"NO","transCanadaTrail":"NO"},"geometry":{"type":"LineString","coordinates":[[-114.04584568016593,51.034979296062616],[-114.04604743472898,51.034822974909666],[-114.04634416378849,51.03480742671637],[-114.04681552499213,51.03504642370422]]}},{"type":"Feature","id":"pathway-d07ccd2b3edd","properties":{"id":"pathway-d07ccd2b3edd","layer":"pathway","assetCode":"EAU120","name":null,"type":"LOCAL","status":"ACTIVE","nearCommunities":[{"communityCode":"SSD","intersectsCommunity":false,"distanceToCommunityM":28}],"sourceDatasetId":"qndb-27qm","surface":"ASPHALT","operationalStatus":"OPEN","greenway":"NO","transCanadaTrail":"NO"},"geometry":{"type":"LineString","coordinates":[[-114.0766540267496,51.05416542432555],[-114.07680487581194,51.054181463648064],[-114.0768976550954,51.05414572424622],[-114.0768856790254,51.054092928305806],[-114.07679506633554,51.054069084207256]]}},{"type":"Feature","id":"pathway-53451622453c","properties":{"id":"pathway-53451622453c","layer":"pathway","assetCode":"CHN115","name":null,"type":"LOCAL","status":"ACTIVE","nearCommunities":[{"communityCode":"SSD","intersectsCommunity":false,"distanceToCommunityM":117}],"sourceDatasetId":"qndb-27qm","surface":"ASPHALT","operationalStatus":"OPEN","greenway":"NO","transCanadaTrail":"NO"},"geometry":{"type":"LineString","coordinates":[[-114.06415409659843,51.0518082412532],[-114.0641549192486,51.051828660958066]]}},{"type":"Feature","id":"pathway-5d4376da8e52","properties":{"id":"pathway-5d4376da8e52","layer":"pathway","assetCode":"CHN115","name":null,"type":"LOCAL","status":"ACTIVE","nearCommunities":[{"communityCode":"SSD","intersectsCommunity":false,"distanceToCommunityM":119}],"sourceDatasetId":"qndb-27qm","surface":"ASPHALT","operationalStatus":"OPEN","greenway":"NO","transCanadaTrail":"NO"},"geometry":{"type":"LineString","coordinates":[[-114.06445358674443,51.05180914986351],[-114.06415409659843,51.0518082412532]]}},{"type":"Feature","id":"pathway-6cced6c53e01","properties":{"id":"pathway-6cced6c53e01","layer":"pathway","assetCode":"CHN115","name":null,"type":"LOCAL","status":"ACTIVE","nearCommunities":[{"communityCode":"SSD","intersectsCommunity":false,"distanceToCommunityM":54}],"sourceDatasetId":"qndb-27qm","surface":"ASPHALT","operationalStatus":"OPEN","greenway":"NO","transCanadaTrail":"NO"},"geometry":{"type":"LineString","coordinates":[[-114.06377760302291,51.052138591271564],[-114.0636408978492,51.05206921298308],[-114.0634119223779,51.05202386920894],[-114.06322552927058,51.05209387246783]]}},{"type":"Feature","id":"pathway-0d94e4861096","properties":{"id":"pathway-0d94e4861096","layer":"pathway","assetCode":"SSD560","name":null,"type":"LOCAL","status":"ACTIVE","nearCommunities":[{"communityCode":"SSD","intersectsCommunity":true,"distanceToCommunityM":0}],"sourceDatasetId":"qndb-27qm","surface":"ASPHALT","operationalStatus":"OPEN","greenway":"NO","transCanadaTrail":"NO"},"geometry":{"type":"LineString","coordinates":[[-114.06847233140189,51.05802273017599],[-114.06878723605756,51.058045663235276]]}},{"type":"Feature","id":"pathway-b805a8c400ed","properties":{"id":"pathway-b805a8c400ed","layer":"pathway","assetCode":"ERL246","name":null,"type":"LOCAL","status":"ACTIVE","nearCommunities":[{"communityCode":"BLN","intersectsCommunity":false,"distanceToCommunityM":135}],"sourceDatasetId":"qndb-27qm","surface":"ASPHALT","operationalStatus":"OPEN","greenway":"NO","transCanadaTrail":"NO"},"geometry":{"type":"LineString","coordinates":[[-114.06381816323116,51.0352754096807],[-114.06379490336332,51.03535550216266],[-114.06373956602077,51.03539176014407],[-114.0631820806562,51.035563888416014]]}},{"type":"Feature","id":"pathway-46ad22673752","properties":{"id":"pathway-46ad22673752","layer":"pathway","assetCode":"ERL246","name":null,"type":"LOCAL","status":"ACTIVE","nearCommunities":[{"communityCode":"BLN","intersectsCommunity":false,"distanceToCommunityM":274}],"sourceDatasetId":"qndb-27qm","surface":"ASPHALT","operationalStatus":"OPEN","greenway":"NO","transCanadaTrail":"NO"},"geometry":{"type":"LineString","coordinates":[[-114.0651225677181,51.035315639326946],[-114.06517948285494,51.03515787166607],[-114.06530483341594,51.03497716886133]]}},{"type":"Feature","id":"pathway-9db85d501679","properties":{"id":"pathway-9db85d501679","layer":"pathway","assetCode":"ERL246","name":null,"type":"LOCAL","status":"ACTIVE","nearCommunities":[{"communityCode":"BLN","intersectsCommunity":false,"distanceToCommunityM":247}],"sourceDatasetId":"qndb-27qm","surface":"ASPHALT","operationalStatus":"OPEN","greenway":"NO","transCanadaTrail":"NO"},"geometry":{"type":"LineString","coordinates":[[-114.06468749149828,51.035175407133],[-114.0651225677181,51.035315639326946]]}},{"type":"Feature","id":"pathway-ec9f21de52b6","properties":{"id":"pathway-ec9f21de52b6","layer":"pathway","assetCode":"ERL246","name":null,"type":"LOCAL","status":"ACTIVE","nearCommunities":[{"communityCode":"BLN","intersectsCommunity":false,"distanceToCommunityM":269}],"sourceDatasetId":"qndb-27qm","surface":"ASPHALT","operationalStatus":"OPEN","greenway":"NO","transCanadaTrail":"NO"},"geometry":{"type":"LineString","coordinates":[[-114.06530483341594,51.03497716886133],[-114.06540256993792,51.0354211197088]]}},{"type":"Feature","id":"pathway-fc4426b4c0d5","properties":{"id":"pathway-fc4426b4c0d5","layer":"pathway","assetCode":"ERL246","name":null,"type":"LOCAL","status":"ACTIVE","nearCommunities":[{"communityCode":"BLN","intersectsCommunity":false,"distanceToCommunityM":299}],"sourceDatasetId":"qndb-27qm","surface":"ASPHALT","operationalStatus":"OPEN","greenway":"NO","transCanadaTrail":"NO"},"geometry":{"type":"LineString","coordinates":[[-114.06416697561284,51.03359774929167],[-114.06356777385253,51.03337912685179],[-114.06352180274638,51.033328796651794],[-114.06350967837604,51.03325361475426]]}},{"type":"Feature","id":"pathway-e4576e3a6a1b","properties":{"id":"pathway-e4576e3a6a1b","layer":"pathway","assetCode":"MNI415","name":null,"type":"REGIONAL","status":"ACTIVE","nearCommunities":[{"communityCode":"BLN","intersectsCommunity":false,"distanceToCommunityM":69}],"sourceDatasetId":"qndb-27qm","surface":"ASPHALT","operationalStatus":"OPEN","greenway":"NO","transCanadaTrail":"NO"},"geometry":{"type":"LineString","coordinates":[[-114.0503068557812,51.029916266948774],[-114.0501597818403,51.02995620872699]]}},{"type":"Feature","id":"pathway-65662b932904","properties":{"id":"pathway-65662b932904","layer":"pathway","assetCode":"MNI415","name":null,"type":"REGIONAL","status":"ACTIVE","nearCommunities":[{"communityCode":"BLN","intersectsCommunity":false,"distanceToCommunityM":69}],"sourceDatasetId":"qndb-27qm","surface":"ASPHALT","operationalStatus":"OPEN","greenway":"NO","transCanadaTrail":"NO"},"geometry":{"type":"LineString","coordinates":[[-114.0503068557812,51.029916266948774],[-114.05023152545337,51.02986240486109]]}},{"type":"Feature","id":"pathway-f2f0a6f5e1e7","properties":{"id":"pathway-f2f0a6f5e1e7","layer":"pathway","assetCode":"ERL246","name":null,"type":"LOCAL","status":"ACTIVE","nearCommunities":[{"communityCode":"BLN","intersectsCommunity":false,"distanceToCommunityM":348}],"sourceDatasetId":"qndb-27qm","surface":"ASPHALT","operationalStatus":"OPEN","greenway":"NO","transCanadaTrail":"NO"},"geometry":{"type":"LineString","coordinates":[[-114.06657267497987,51.03468059818396],[-114.06632220923403,51.0347101244843]]}},{"type":"Feature","id":"pathway-1782fba7af07","properties":{"id":"pathway-1782fba7af07","layer":"pathway","assetCode":"ERL246","name":null,"type":"REGIONAL","status":"ACTIVE","nearCommunities":[{"communityCode":"BLN","intersectsCommunity":false,"distanceToCommunityM":26}],"sourceDatasetId":"qndb-27qm","surface":"ASPHALT","operationalStatus":"OPEN","greenway":"NO","transCanadaTrail":"YES"},"geometry":{"type":"LineString","coordinates":[[-114.06160870613219,51.03566675845904],[-114.06173211825251,51.0357325809989],[-114.06199932801223,51.03579473131349],[-114.0626519260237,51.035831995499734],[-114.06306403006398,51.035729733921166]]}},{"type":"Feature","id":"pathway-e5816696ae26","properties":{"id":"pathway-e5816696ae26","layer":"pathway","assetCode":"ERL246","name":null,"type":"LOCAL","status":"ACTIVE","nearCommunities":[{"communityCode":"BLN","intersectsCommunity":false,"distanceToCommunityM":307}],"sourceDatasetId":"qndb-27qm","surface":"ASPHALT","operationalStatus":"OPEN","greenway":"NO","transCanadaTrail":"NO"},"geometry":{"type":"LineString","coordinates":[[-114.06424304922159,51.03363795191893],[-114.06430486523693,51.03375609539486],[-114.06454202115377,51.03390745006107]]}},{"type":"Feature","id":"pathway-2b4ad05e114c","properties":{"id":"pathway-2b4ad05e114c","layer":"pathway","assetCode":"MNI415","name":null,"type":"REGIONAL","status":"ACTIVE","nearCommunities":[{"communityCode":"BLN","intersectsCommunity":false,"distanceToCommunityM":9}],"sourceDatasetId":"qndb-27qm","surface":"ASPHALT","operationalStatus":"OPEN","greenway":"NO","transCanadaTrail":"YES"},"geometry":{"type":"LineString","coordinates":[[-114.05688922566951,51.032364737197014],[-114.05733018148085,51.03252117085909],[-114.05814234174578,51.03295752686852]]}},{"type":"Feature","id":"pathway-97cf5e112aa4","properties":{"id":"pathway-97cf5e112aa4","layer":"pathway","assetCode":"ERL246","name":null,"type":"REGIONAL","status":"ACTIVE","nearCommunities":[{"communityCode":"BLN","intersectsCommunity":false,"distanceToCommunityM":360}],"sourceDatasetId":"qndb-27qm","surface":"ASPHALT","operationalStatus":"OPEN","greenway":"NO","transCanadaTrail":"YES"},"geometry":{"type":"LineString","coordinates":[[-114.06514150234595,51.03358199501148],[-114.06487266384016,51.03345614329225]]}},{"type":"Feature","id":"pathway-b454c4dcbb67","properties":{"id":"pathway-b454c4dcbb67","layer":"pathway","assetCode":"CHN115","name":null,"type":"LOCAL","status":"ACTIVE","nearCommunities":[{"communityCode":"SSD","intersectsCommunity":false,"distanceToCommunityM":54}],"sourceDatasetId":"qndb-27qm","surface":"ASPHALT","operationalStatus":"OPEN","greenway":"NO","transCanadaTrail":"NO"},"geometry":{"type":"LineString","coordinates":[[-114.06377760302291,51.052138591271564],[-114.06349354675491,51.05213609035486],[-114.06322552927058,51.05209387246783]]}},{"type":"Feature","id":"pathway-421e71ab4d9a","properties":{"id":"pathway-421e71ab4d9a","layer":"pathway","assetCode":"BRD895","name":null,"type":"REGIONAL","status":"ACTIVE","nearCommunities":[{"communityCode":"BRD","intersectsCommunity":true,"distanceToCommunityM":0}],"sourceDatasetId":"qndb-27qm","surface":"ASPHALT","operationalStatus":"OPEN","greenway":"NO","transCanadaTrail":"NO"},"geometry":{"type":"LineString","coordinates":[[-114.03156456618935,51.04836694173628],[-114.02995212390587,51.048504671563364]]}},{"type":"Feature","id":"pathway-fef1d3b797d9","properties":{"id":"pathway-fef1d3b797d9","layer":"pathway","assetCode":"RDL560","name":null,"type":"LOCAL","status":"ACTIVE","nearCommunities":[{"communityCode":"SSD","intersectsCommunity":false,"distanceToCommunityM":71}],"sourceDatasetId":"qndb-27qm","surface":"ASPHALT","operationalStatus":"OPEN","greenway":"NO","transCanadaTrail":"NO"},"geometry":{"type":"LineString","coordinates":[[-114.08023109177282,51.059496405730435],[-114.08006607835767,51.05962808960083],[-114.08004881595822,51.05976619957715]]}},{"type":"Feature","id":"pathway-bf80eafe873a","properties":{"id":"pathway-bf80eafe873a","layer":"pathway","assetCode":"SSD495","name":null,"type":"REGIONAL","status":"ACTIVE","nearCommunities":[{"communityCode":"SSD","intersectsCommunity":true,"distanceToCommunityM":0}],"sourceDatasetId":"qndb-27qm","surface":"ASPHALT","operationalStatus":"OPEN","greenway":"NO","transCanadaTrail":"YES"},"geometry":{"type":"LineString","coordinates":[[-114.07775913109971,51.05552758704308],[-114.07853048447181,51.05505314599028]]}},{"type":"Feature","id":"pathway-c3decdb53f62","properties":{"id":"pathway-c3decdb53f62","layer":"pathway","assetCode":"SSD495","name":null,"type":"REGIONAL","status":"ACTIVE","nearCommunities":[{"communityCode":"SSD","intersectsCommunity":true,"distanceToCommunityM":0}],"sourceDatasetId":"qndb-27qm","surface":"ASPHALT","operationalStatus":"OPEN","greenway":"NO","transCanadaTrail":"YES"},"geometry":{"type":"LineString","coordinates":[[-114.07853048447181,51.05505314599028],[-114.07946480514859,51.05446168950906]]}},{"type":"Feature","id":"pathway-d7af137cf929","properties":{"id":"pathway-d7af137cf929","layer":"pathway","assetCode":"BRD890","name":null,"type":"REGIONAL","status":"ACTIVE","nearCommunities":[{"communityCode":"BRD","intersectsCommunity":true,"distanceToCommunityM":0}],"sourceDatasetId":"qndb-27qm","surface":"ASPHALT","operationalStatus":"OPEN","greenway":"NO","transCanadaTrail":"NO"},"geometry":{"type":"LineString","coordinates":[[-114.03103629801998,51.04920934151774],[-114.03129543307622,51.049201147506984],[-114.03134829235542,51.04916527512116],[-114.03137708948118,51.049090387467075]]}},{"type":"Feature","id":"pathway-4a9fe33f7aa5","properties":{"id":"pathway-4a9fe33f7aa5","layer":"pathway","assetCode":"BRD774","name":null,"type":"REGIONAL","status":"ACTIVE","nearCommunities":[{"communityCode":"BRD","intersectsCommunity":true,"distanceToCommunityM":0}],"sourceDatasetId":"qndb-27qm","surface":"ASPHALT","operationalStatus":"OPEN","greenway":"NO","transCanadaTrail":"NO"},"geometry":{"type":"LineString","coordinates":[[-114.04316137088735,51.051319878132205],[-114.0421987235351,51.05113184189153]]}},{"type":"Feature","id":"pathway-513cb70ae959","properties":{"id":"pathway-513cb70ae959","layer":"pathway","assetCode":"HIL557","name":null,"type":"LOCAL","status":"ACTIVE","nearCommunities":[{"communityCode":"HIL","intersectsCommunity":true,"distanceToCommunityM":0},{"communityCode":"SSD","intersectsCommunity":false,"distanceToCommunityM":83}],"sourceDatasetId":"qndb-27qm","surface":"INTERLOCKING BRICK","operationalStatus":"OPEN","greenway":"NO","transCanadaTrail":"NO"},"geometry":{"type":"LineString","coordinates":[[-114.08621255172265,51.06073572724914],[-114.08624984206492,51.06077115515818]]}},{"type":"Feature","id":"pathway-bbf03b51eeee","properties":{"id":"pathway-bbf03b51eeee","layer":"pathway","assetCode":"HIL056","name":null,"type":"LOCAL","status":"ACTIVE","nearCommunities":[{"communityCode":"HIL","intersectsCommunity":true,"distanceToCommunityM":0},{"communityCode":"SSD","intersectsCommunity":false,"distanceToCommunityM":8}],"sourceDatasetId":"qndb-27qm","surface":"ASPHALT","operationalStatus":"OPEN","greenway":"NO","transCanadaTrail":"NO"},"geometry":{"type":"LineString","coordinates":[[-114.08614379636202,51.05761480585215],[-114.08608736512723,51.057600674241066]]}},{"type":"Feature","id":"pathway-99ee36869b03","properties":{"id":"pathway-99ee36869b03","layer":"pathway","assetCode":"ERL246","name":null,"type":"LOCAL","status":"ACTIVE","nearCommunities":[{"communityCode":"BLN","intersectsCommunity":false,"distanceToCommunityM":242}],"sourceDatasetId":"qndb-27qm","surface":"ASPHALT","operationalStatus":"OPEN","greenway":"NO","transCanadaTrail":"NO"},"geometry":{"type":"LineString","coordinates":[[-114.06468749149828,51.035175407133],[-114.06452211245913,51.03500207190798]]}},{"type":"Feature","id":"pathway-15b76048d824","properties":{"id":"pathway-15b76048d824","layer":"pathway","assetCode":"ERL246","name":null,"type":"LOCAL","status":"ACTIVE","nearCommunities":[{"communityCode":"BLN","intersectsCommunity":false,"distanceToCommunityM":73}],"sourceDatasetId":"qndb-27qm","surface":"ASPHALT","operationalStatus":"OPEN","greenway":"NO","transCanadaTrail":"NO"},"geometry":{"type":"LineString","coordinates":[[-114.06203896336649,51.03522122366442],[-114.06191715519965,51.03524990083339]]}},{"type":"Feature","id":"pathway-185792f0cf64","properties":{"id":"pathway-185792f0cf64","layer":"pathway","assetCode":"BLN011","name":null,"type":"REGIONAL","status":"ACTIVE","nearCommunities":[{"communityCode":"BLN","intersectsCommunity":true,"distanceToCommunityM":0}],"sourceDatasetId":"qndb-27qm","surface":"ASPHALT","operationalStatus":"OPEN","greenway":"NO","transCanadaTrail":"NO"},"geometry":{"type":"LineString","coordinates":[[-114.04858628113394,51.03906946973992],[-114.04875857111816,51.039040770154536]]}},{"type":"Feature","id":"pathway-38e18940c01f","properties":{"id":"pathway-38e18940c01f","layer":"pathway","assetCode":"ERL246","name":null,"type":"LOCAL","status":"ACTIVE","nearCommunities":[{"communityCode":"BLN","intersectsCommunity":false,"distanceToCommunityM":312}],"sourceDatasetId":"qndb-27qm","surface":"ASPHALT","operationalStatus":"OPEN","greenway":"NO","transCanadaTrail":"NO"},"geometry":{"type":"LineString","coordinates":[[-114.06507997108847,51.03378150288457],[-114.06488632991113,51.0338792320604],[-114.06474664702897,51.034006203459484]]}},{"type":"Feature","id":"pathway-9eab1fd79cb9","properties":{"id":"pathway-9eab1fd79cb9","layer":"pathway","assetCode":"ERL246","name":null,"type":"REGIONAL","status":"ACTIVE","nearCommunities":[{"communityCode":"BLN","intersectsCommunity":false,"distanceToCommunityM":125}],"sourceDatasetId":"qndb-27qm","surface":"ASPHALT","operationalStatus":"OPEN","greenway":"NO","transCanadaTrail":"YES"},"geometry":{"type":"LineString","coordinates":[[-114.06509248347061,51.035575870653055],[-114.0643533934039,51.03571144891553],[-114.06306403006398,51.035729733921166]]}},{"type":"Feature","id":"pathway-bc23537b7581","properties":{"id":"pathway-bc23537b7581","layer":"pathway","assetCode":"ERL246","name":null,"type":"REGIONAL","status":"ACTIVE","nearCommunities":[{"communityCode":"BLN","intersectsCommunity":false,"distanceToCommunityM":364}],"sourceDatasetId":"qndb-27qm","surface":"ASPHALT","operationalStatus":"OPEN","greenway":"NO","transCanadaTrail":"YES"},"geometry":{"type":"LineString","coordinates":[[-114.06514150234595,51.03358199501148],[-114.06544345549106,51.03373164771531]]}},{"type":"Feature","id":"pathway-7d95e2311973","properties":{"id":"pathway-7d95e2311973","layer":"pathway","assetCode":"ERL246","name":null,"type":"LOCAL","status":"ACTIVE","nearCommunities":[{"communityCode":"BLN","intersectsCommunity":false,"distanceToCommunityM":351}],"sourceDatasetId":"qndb-27qm","surface":"ASPHALT","operationalStatus":"OPEN","greenway":"NO","transCanadaTrail":"NO"},"geometry":{"type":"LineString","coordinates":[[-114.06657267497987,51.03468059818396],[-114.06652063670782,51.034594193167344]]}},{"type":"Feature","id":"pathway-64a43b35c0a6","properties":{"id":"pathway-64a43b35c0a6","layer":"pathway","assetCode":"ERL246","name":null,"type":"LOCAL","status":"ACTIVE","nearCommunities":[{"communityCode":"BLN","intersectsCommunity":false,"distanceToCommunityM":380}],"sourceDatasetId":"qndb-27qm","surface":"ASPHALT","operationalStatus":"OPEN","greenway":"NO","transCanadaTrail":"NO"},"geometry":{"type":"LineString","coordinates":[[-114.06358150511387,51.03192891761932],[-114.06350486186372,51.03195242704441]]}},{"type":"Feature","id":"pathway-ff9320d76294","properties":{"id":"pathway-ff9320d76294","layer":"pathway","assetCode":"MNI415","name":null,"type":"REGIONAL","status":"ACTIVE","nearCommunities":[{"communityCode":"BLN","intersectsCommunity":false,"distanceToCommunityM":1}],"sourceDatasetId":"qndb-27qm","surface":"ASPHALT","operationalStatus":"OPEN","greenway":"NO","transCanadaTrail":"YES"},"geometry":{"type":"LineString","coordinates":[[-114.05920967576496,51.03402246442546],[-114.05938156771309,51.03418402191704]]}},{"type":"Feature","id":"pathway-fab030d7c610","properties":{"id":"pathway-fab030d7c610","layer":"pathway","assetCode":"REN691","name":null,"type":"LOCAL","status":"ACTIVE","nearCommunities":[{"communityCode":"BRD","intersectsCommunity":false,"distanceToCommunityM":366}],"sourceDatasetId":"qndb-27qm","surface":"ASPHALT","operationalStatus":"OPEN","greenway":"NO","transCanadaTrail":"NO"},"geometry":{"type":"LineString","coordinates":[[-114.02548214560132,51.0556710199237],[-114.02538601269744,51.05562266358188]]}},{"type":"Feature","id":"pathway-6d7fd39cb079","properties":{"id":"pathway-6d7fd39cb079","layer":"pathway","assetCode":"SSD495","name":null,"type":"REGIONAL","status":"ACTIVE","nearCommunities":[{"communityCode":"HIL","intersectsCommunity":false,"distanceToCommunityM":22},{"communityCode":"SSD","intersectsCommunity":true,"distanceToCommunityM":0}],"sourceDatasetId":"qndb-27qm","surface":"CONCRETE","operationalStatus":"OPEN","greenway":"NO","transCanadaTrail":"NO"},"geometry":{"type":"LineString","coordinates":[[-114.08544910765607,51.051921131157776],[-114.08506869419442,51.051909040577435],[-114.08462023948324,51.0520382733468]]}},{"type":"Feature","id":"pathway-2c98d80f43e3","properties":{"id":"pathway-2c98d80f43e3","layer":"pathway","assetCode":"ING037","name":null,"type":"REGIONAL","status":"ACTIVE","nearCommunities":[{"communityCode":"BRD","intersectsCommunity":false,"distanceToCommunityM":158}],"sourceDatasetId":"qndb-27qm","surface":"ASPHALT","operationalStatus":"OPEN","greenway":"NO","transCanadaTrail":"NO"},"geometry":{"type":"LineString","coordinates":[[-114.01563025658407,51.041614934643675],[-114.01518163750096,51.04166764397581]]}},{"type":"Feature","id":"pathway-2462e960ac46","properties":{"id":"pathway-2462e960ac46","layer":"pathway","assetCode":"ERL246","name":null,"type":"LOCAL","status":"ACTIVE","nearCommunities":[{"communityCode":"BLN","intersectsCommunity":false,"distanceToCommunityM":350}],"sourceDatasetId":"qndb-27qm","surface":"ASPHALT","operationalStatus":"OPEN","greenway":"NO","transCanadaTrail":"NO"},"geometry":{"type":"LineString","coordinates":[[-114.06670192515422,51.03469736948115],[-114.06657267497987,51.03468059818396]]}},{"type":"Feature","id":"pathway-79076a1ba9cc","properties":{"id":"pathway-79076a1ba9cc","layer":"pathway","assetCode":"ERL246","name":null,"type":"LOCAL","status":"ACTIVE","nearCommunities":[{"communityCode":"BLN","intersectsCommunity":false,"distanceToCommunityM":376}],"sourceDatasetId":"qndb-27qm","surface":"ASPHALT","operationalStatus":"OPEN","greenway":"NO","transCanadaTrail":"NO"},"geometry":{"type":"LineString","coordinates":[[-114.06667157568867,51.034462287755304],[-114.06663369766574,51.03424485530004]]}},{"type":"Feature","id":"pathway-d200b19d03c5","properties":{"id":"pathway-d200b19d03c5","layer":"pathway","assetCode":"ERL246","name":null,"type":"LOCAL","status":"ACTIVE","nearCommunities":[{"communityCode":"BLN","intersectsCommunity":false,"distanceToCommunityM":361}],"sourceDatasetId":"qndb-27qm","surface":"ASPHALT","operationalStatus":"OPEN","greenway":"NO","transCanadaTrail":"NO"},"geometry":{"type":"LineString","coordinates":[[-114.06652041561867,51.034594124971086],[-114.06667156422209,51.034462245510035]]}},{"type":"Feature","id":"pathway-e2d0d23e82db","properties":{"id":"pathway-e2d0d23e82db","layer":"pathway","assetCode":"ERL246","name":null,"type":"LOCAL","status":"ACTIVE","nearCommunities":[{"communityCode":"BLN","intersectsCommunity":false,"distanceToCommunityM":186}],"sourceDatasetId":"qndb-27qm","surface":"ASPHALT","operationalStatus":"OPEN","greenway":"NO","transCanadaTrail":"NO"},"geometry":{"type":"LineString","coordinates":[[-114.06426631621369,51.03515264731083],[-114.06381816323116,51.0352754096807]]}},{"type":"Feature","id":"pathway-94b75a65efdc","properties":{"id":"pathway-94b75a65efdc","layer":"pathway","assetCode":"RAM415","name":null,"type":"REGIONAL","status":"ACTIVE","nearCommunities":[{"communityCode":"BLN","intersectsCommunity":false,"distanceToCommunityM":6}],"sourceDatasetId":"qndb-27qm","surface":"ASPHALT","operationalStatus":"OPEN","greenway":"NO","transCanadaTrail":"YES"},"geometry":{"type":"LineString","coordinates":[[-114.04459125971141,51.04087287513211],[-114.04463207261142,51.040940647583646],[-114.04441657998143,51.04116205705796]]}},{"type":"Feature","id":"pathway-463169c60d07","properties":{"id":"pathway-463169c60d07","layer":"pathway","assetCode":"ERL246","name":null,"type":"LOCAL","status":"ACTIVE","nearCommunities":[{"communityCode":"BLN","intersectsCommunity":false,"distanceToCommunityM":386}],"sourceDatasetId":"qndb-27qm","surface":"ASPHALT","operationalStatus":"OPEN","greenway":"NO","transCanadaTrail":"NO"},"geometry":{"type":"LineString","coordinates":[[-114.06372068725034,51.03192349021439],[-114.06358150511387,51.03192891761932]]}},{"type":"Feature","id":"pathway-569a9b201768","properties":{"id":"pathway-569a9b201768","layer":"pathway","assetCode":"CRE495","name":null,"type":"REGIONAL","status":"ACTIVE","nearCommunities":[{"communityCode":"SSD","intersectsCommunity":false,"distanceToCommunityM":329},{"communityCode":"BRD","intersectsCommunity":false,"distanceToCommunityM":349}],"sourceDatasetId":"qndb-27qm","surface":"ASPHALT","operationalStatus":"OPEN","greenway":"NO","transCanadaTrail":"NO"},"geometry":{"type":"LineString","coordinates":[[-114.05670091717947,51.05194501104909],[-114.05744258150112,51.05198827334448],[-114.05788534195113,51.05212443889622]]}},{"type":"Feature","id":"pathway-aab85d974975","properties":{"id":"pathway-aab85d974975","layer":"pathway","assetCode":"BRD895","name":null,"type":"REGIONAL","status":"ACTIVE","nearCommunities":[{"communityCode":"BRD","intersectsCommunity":true,"distanceToCommunityM":0}],"sourceDatasetId":"qndb-27qm","surface":"ASPHALT","operationalStatus":"OPEN","greenway":"NO","transCanadaTrail":"NO"},"geometry":{"type":"LineString","coordinates":[[-114.03133039539593,51.048842444449875],[-114.0313104457821,51.04891635793644]]}},{"type":"Feature","id":"pathway-d4c2c634fe72","properties":{"id":"pathway-d4c2c634fe72","layer":"pathway","assetCode":"REN890","name":null,"type":"REGIONAL","status":"ACTIVE","nearCommunities":[{"communityCode":"BRD","intersectsCommunity":false,"distanceToCommunityM":129}],"sourceDatasetId":"qndb-27qm","surface":"ASPHALT","operationalStatus":"OPEN","greenway":"NO","transCanadaTrail":"NO"},"geometry":{"type":"LineString","coordinates":[[-114.02826890124942,51.0534955164765],[-114.02837619614007,51.05367371706271],[-114.02839706339968,51.053766913809525],[-114.0283755244696,51.05414772893111],[-114.02844226248509,51.054639746964135]]}},{"type":"Feature","id":"pathway-dc018c83f727","properties":{"id":"pathway-dc018c83f727","layer":"pathway","assetCode":"REN890","name":null,"type":"REGIONAL","status":"ACTIVE","nearCommunities":[{"communityCode":"BRD","intersectsCommunity":false,"distanceToCommunityM":186}],"sourceDatasetId":"qndb-27qm","surface":"ASPHALT","operationalStatus":"OPEN","greenway":"NO","transCanadaTrail":"NO"},"geometry":{"type":"LineString","coordinates":[[-114.02844226248509,51.054639746964135],[-114.02846286407974,51.05493618508294],[-114.02855745242714,51.055292735549465],[-114.02855354705262,51.05579383319291]]}},{"type":"Feature","id":"pathway-9f30cdfdbeff","properties":{"id":"pathway-9f30cdfdbeff","layer":"pathway","assetCode":"REN890","name":null,"type":"REGIONAL","status":"ACTIVE","nearCommunities":[{"communityCode":"BRD","intersectsCommunity":false,"distanceToCommunityM":194}],"sourceDatasetId":"qndb-27qm","surface":"ASPHALT","operationalStatus":"OPEN","greenway":"NO","transCanadaTrail":"NO"},"geometry":{"type":"LineString","coordinates":[[-114.02855354705262,51.05579383319291],[-114.02851548330003,51.05587943267288],[-114.02842303213164,51.055923458950915],[-114.02826267811564,51.05591600760163],[-114.02815040348648,51.055860629276886],[-114.02804988031959,51.055739951220865],[-114.0278975681447,51.05537254739267]]}},{"type":"Feature","id":"pathway-a94edddc0618","properties":{"id":"pathway-a94edddc0618","layer":"pathway","assetCode":"ING036","name":null,"type":"REGIONAL","status":"ACTIVE","nearCommunities":[{"communityCode":"BRD","intersectsCommunity":true,"distanceToCommunityM":0}],"sourceDatasetId":"qndb-27qm","surface":"ASPHALT","operationalStatus":"OPEN","greenway":"NO","transCanadaTrail":"YES"},"geometry":{"type":"LineString","coordinates":[[-114.018987444124,51.04370960159504],[-114.01875167847261,51.04377344160341]]}},{"type":"Feature","id":"pathway-a069ce655b7b","properties":{"id":"pathway-a069ce655b7b","layer":"pathway","assetCode":"ING031","name":null,"type":"REGIONAL","status":"ACTIVE","nearCommunities":[{"communityCode":"BRD","intersectsCommunity":false,"distanceToCommunityM":158}],"sourceDatasetId":"qndb-27qm","surface":"ASPHALT","operationalStatus":"OPEN","greenway":"NO","transCanadaTrail":"YES"},"geometry":{"type":"LineString","coordinates":[[-114.02706865063882,51.040919490962224],[-114.02622786116142,51.040890687161536]]}},{"type":"Feature","id":"pathway-75afc933c0b3","properties":{"id":"pathway-75afc933c0b3","layer":"pathway","assetCode":"ING032","name":null,"type":"REGIONAL","status":"ACTIVE","nearCommunities":[{"communityCode":"BRD","intersectsCommunity":false,"distanceToCommunityM":157}],"sourceDatasetId":"qndb-27qm","surface":"ASPHALT","operationalStatus":"OPEN","greenway":"NO","transCanadaTrail":"YES"},"geometry":{"type":"LineString","coordinates":[[-114.02528292378835,51.040912721580696],[-114.02556371053245,51.040860074124524],[-114.02609379357388,51.04088514892601]]}},{"type":"Feature","id":"pathway-4d31ed0b927b","properties":{"id":"pathway-4d31ed0b927b","layer":"pathway","assetCode":"SNA134","name":null,"type":"REGIONAL","status":"ACTIVE","nearCommunities":[{"communityCode":"HIL","intersectsCommunity":false,"distanceToCommunityM":93},{"communityCode":"BLN","intersectsCommunity":false,"distanceToCommunityM":183}],"sourceDatasetId":"qndb-27qm","surface":"ASPHALT","operationalStatus":"OPEN","greenway":"NO","transCanadaTrail":"NO"},"geometry":{"type":"LineString","coordinates":[[-114.09525072091945,51.04670595241153],[-114.0953352888402,51.04645525151142]]}},{"type":"Feature","id":"pathway-f85df53b9a7f","properties":{"id":"pathway-f85df53b9a7f","layer":"pathway","assetCode":"SNA134","name":null,"type":"REGIONAL","status":"ACTIVE","nearCommunities":[{"communityCode":"HIL","intersectsCommunity":false,"distanceToCommunityM":120},{"communityCode":"BLN","intersectsCommunity":false,"distanceToCommunityM":167}],"sourceDatasetId":"qndb-27qm","surface":"ASPHALT","operationalStatus":"OPEN","greenway":"NO","transCanadaTrail":"NO"},"geometry":{"type":"LineString","coordinates":[[-114.0953352888402,51.04645525151142],[-114.09550748628254,51.0462733798785]]}},{"type":"Feature","id":"pathway-d16a55b03c70","properties":{"id":"pathway-d16a55b03c70","layer":"pathway","assetCode":"SSD560","name":null,"type":"REGIONAL","status":"ACTIVE","nearCommunities":[{"communityCode":"SSD","intersectsCommunity":true,"distanceToCommunityM":0}],"sourceDatasetId":"qndb-27qm","surface":"ASPHALT","operationalStatus":"OPEN","greenway":"NO","transCanadaTrail":"NO"},"geometry":{"type":"LineString","coordinates":[[-114.06930883740003,51.05780140035502],[-114.06903339619858,51.05786984652129],[-114.06882809308453,51.05783688993585]]}},{"type":"Feature","id":"pathway-d3acd6701350","properties":{"id":"pathway-d3acd6701350","layer":"pathway","assetCode":"SNA134","name":null,"type":"LOCAL","status":"ACTIVE","nearCommunities":[{"communityCode":"HIL","intersectsCommunity":false,"distanceToCommunityM":120},{"communityCode":"BLN","intersectsCommunity":false,"distanceToCommunityM":175}],"sourceDatasetId":"qndb-27qm","surface":"ASPHALT","operationalStatus":"OPEN","greenway":"NO","transCanadaTrail":"NO"},"geometry":{"type":"LineString","coordinates":[[-114.09517399780295,51.04640506202984],[-114.09533488647688,51.046455154750504]]}},{"type":"Feature","id":"pathway-bf8cb7d8cc19","properties":{"id":"pathway-bf8cb7d8cc19","layer":"pathway","assetCode":"SSD560","name":null,"type":"REGIONAL","status":"ACTIVE","nearCommunities":[{"communityCode":"SSD","intersectsCommunity":true,"distanceToCommunityM":0}],"sourceDatasetId":"qndb-27qm","surface":"ASPHALT","operationalStatus":"OPEN","greenway":"NO","transCanadaTrail":"NO"},"geometry":{"type":"LineString","coordinates":[[-114.06850572750969,51.05795090167295],[-114.06847233140189,51.05802273017599]]}},{"type":"Feature","id":"pathway-7b78196b691a","properties":{"id":"pathway-7b78196b691a","layer":"pathway","assetCode":"EAU131","name":null,"type":"LOCAL","status":"ACTIVE","nearCommunities":[{"communityCode":"HIL","intersectsCommunity":false,"distanceToCommunityM":90},{"communityCode":"SSD","intersectsCommunity":false,"distanceToCommunityM":90}],"sourceDatasetId":"qndb-27qm","surface":"ASPHALT","operationalStatus":"OPEN","greenway":"NO","transCanadaTrail":"NO"},"geometry":{"type":"LineString","coordinates":[[-114.08300227526927,51.05009080896149],[-114.08301083371832,51.05002359748419]]}},{"type":"Feature","id":"pathway-b8b9dbb23812","properties":{"id":"pathway-b8b9dbb23812","layer":"pathway","assetCode":"SNA678","name":null,"type":"REGIONAL","status":"ACTIVE","nearCommunities":[{"communityCode":"HIL","intersectsCommunity":false,"distanceToCommunityM":243},{"communityCode":"BLN","intersectsCommunity":false,"distanceToCommunityM":8}],"sourceDatasetId":"qndb-27qm","surface":"ASPHALT","operationalStatus":"OPEN","greenway":"NO","transCanadaTrail":"NO"},"geometry":{"type":"LineString","coordinates":[[-114.09483089248332,51.04536890820608],[-114.09482909865352,51.044296142055515]]}},{"type":"Feature","id":"pathway-c01d66f423a6","properties":{"id":"pathway-c01d66f423a6","layer":"pathway","assetCode":"SNA134","name":null,"type":"LOCAL","status":"ACTIVE","nearCommunities":[{"communityCode":"HIL","intersectsCommunity":false,"distanceToCommunityM":91},{"communityCode":"BLN","intersectsCommunity":false,"distanceToCommunityM":209}],"sourceDatasetId":"qndb-27qm","surface":"CONCRETE","operationalStatus":"OPEN","greenway":"NO","transCanadaTrail":"NO"},"geometry":{"type":"LineString","coordinates":[[-114.09586808320383,51.04665712426009],[-114.09525072091945,51.04670595241153]]}},{"type":"Feature","id":"pathway-c6d3032aba9e","properties":{"id":"pathway-c6d3032aba9e","layer":"pathway","assetCode":"SNA134","name":null,"type":"REGIONAL","status":"ACTIVE","nearCommunities":[{"communityCode":"HIL","intersectsCommunity":false,"distanceToCommunityM":141},{"communityCode":"BLN","intersectsCommunity":false,"distanceToCommunityM":163}],"sourceDatasetId":"qndb-27qm","surface":"CONCRETE","operationalStatus":"OPEN","greenway":"NO","transCanadaTrail":"NO"},"geometry":{"type":"LineString","coordinates":[[-114.09570100296744,51.04622385536703],[-114.09574501863915,51.04616794093415],[-114.09597245982515,51.0461354596812]]}},{"type":"Feature","id":"pathway-29f182ee985a","properties":{"id":"pathway-29f182ee985a","layer":"pathway","assetCode":"SSD495","name":null,"type":"LOCAL","status":"ACTIVE","nearCommunities":[{"communityCode":"HIL","intersectsCommunity":false,"distanceToCommunityM":346},{"communityCode":"SSD","intersectsCommunity":true,"distanceToCommunityM":0}],"sourceDatasetId":"qndb-27qm","surface":"ASPHALT","operationalStatus":"OPEN","greenway":"NO","transCanadaTrail":"NO"},"geometry":{"type":"LineString","coordinates":[[-114.08097379180812,51.05363236532669],[-114.08082605774533,51.05371111055544],[-114.08075243153944,51.05371027505738]]}},{"type":"Feature","id":"pathway-baf133100789","properties":{"id":"pathway-baf133100789","layer":"pathway","assetCode":"SSD495","name":null,"type":"LOCAL","status":"ACTIVE","nearCommunities":[{"communityCode":"HIL","intersectsCommunity":false,"distanceToCommunityM":326},{"communityCode":"SSD","intersectsCommunity":true,"distanceToCommunityM":0}],"sourceDatasetId":"qndb-27qm","surface":"ASPHALT","operationalStatus":"OPEN","greenway":"NO","transCanadaTrail":"NO"},"geometry":{"type":"LineString","coordinates":[[-114.08125761373522,51.05343486645529],[-114.08123157578017,51.053487691076135],[-114.08097379180812,51.05363236532669]]}},{"type":"Feature","id":"pathway-985c4dbaa6a9","properties":{"id":"pathway-985c4dbaa6a9","layer":"pathway","assetCode":"SSD495","name":null,"type":"REGIONAL","status":"ACTIVE","nearCommunities":[{"communityCode":"SSD","intersectsCommunity":true,"distanceToCommunityM":0}],"sourceDatasetId":"qndb-27qm","surface":"CONCRETE","operationalStatus":"OPEN","greenway":"NO","transCanadaTrail":"YES"},"geometry":{"type":"LineString","coordinates":[[-114.07041544067549,51.05745016078161],[-114.06945333154012,51.05739168835889]]}},{"type":"Feature","id":"pathway-e1d21b6921db","properties":{"id":"pathway-e1d21b6921db","layer":"pathway","assetCode":"SSD495","name":null,"type":"REGIONAL","status":"ACTIVE","nearCommunities":[{"communityCode":"HIL","intersectsCommunity":false,"distanceToCommunityM":120},{"communityCode":"SSD","intersectsCommunity":true,"distanceToCommunityM":0}],"sourceDatasetId":"qndb-27qm","surface":"CONCRETE","operationalStatus":"OPEN","greenway":"NO","transCanadaTrail":"NO"},"geometry":{"type":"LineString","coordinates":[[-114.0840869058477,51.0522277750565],[-114.08390341629344,51.05227209589915]]}},{"type":"Feature","id":"pathway-88aeacc754fc","properties":{"id":"pathway-88aeacc754fc","layer":"pathway","assetCode":"SSD495","name":null,"type":"REGIONAL","status":"ACTIVE","nearCommunities":[{"communityCode":"HIL","intersectsCommunity":false,"distanceToCommunityM":24},{"communityCode":"SSD","intersectsCommunity":true,"distanceToCommunityM":0}],"sourceDatasetId":"qndb-27qm","surface":"ASPHALT","operationalStatus":"OPEN","greenway":"NO","transCanadaTrail":"YES"},"geometry":{"type":"LineString","coordinates":[[-114.08516943657636,51.05170281216258],[-114.08456871989506,51.05199875315173]]}},{"type":"Feature","id":"pathway-6179a13d562c","properties":{"id":"pathway-6179a13d562c","layer":"pathway","assetCode":"SSD495","name":null,"type":"REGIONAL","status":"ACTIVE","nearCommunities":[{"communityCode":"HIL","intersectsCommunity":false,"distanceToCommunityM":77},{"communityCode":"SSD","intersectsCommunity":true,"distanceToCommunityM":0}],"sourceDatasetId":"qndb-27qm","surface":"CONCRETE","operationalStatus":"OPEN","greenway":"NO","transCanadaTrail":"NO"},"geometry":{"type":"LineString","coordinates":[[-114.08462023948324,51.0520382733468],[-114.08417932086118,51.05216313535316],[-114.0840869058477,51.0522277750565]]}},{"type":"Feature","id":"pathway-028b8b814b4b","properties":{"id":"pathway-028b8b814b4b","layer":"pathway","assetCode":"SSD495","name":null,"type":"REGIONAL","status":"ACTIVE","nearCommunities":[{"communityCode":"HIL","intersectsCommunity":false,"distanceToCommunityM":77},{"communityCode":"SSD","intersectsCommunity":true,"distanceToCommunityM":0}],"sourceDatasetId":"qndb-27qm","surface":"ASPHALT","operationalStatus":"OPEN","greenway":"NO","transCanadaTrail":"YES"},"geometry":{"type":"LineString","coordinates":[[-114.08456871989506,51.05199875315173],[-114.08462023948324,51.0520382733468]]}},{"type":"Feature","id":"pathway-864a9d67dedb","properties":{"id":"pathway-864a9d67dedb","layer":"pathway","assetCode":"DNW134","name":null,"type":"LOCAL","status":"ACTIVE","nearCommunities":[{"communityCode":"HIL","intersectsCommunity":false,"distanceToCommunityM":217},{"communityCode":"BLN","intersectsCommunity":false,"distanceToCommunityM":109}],"sourceDatasetId":"qndb-27qm","surface":"ASPHALT","operationalStatus":"OPEN","greenway":"NO","transCanadaTrail":"NO"},"geometry":{"type":"LineString","coordinates":[[-114.09215799394791,51.04583729707322],[-114.09243482137583,51.04577526236507],[-114.09257542756237,51.045779010374595]]}},{"type":"Feature","id":"pathway-08dcdbe048c6","properties":{"id":"pathway-08dcdbe048c6","layer":"pathway","assetCode":"SNA134","name":null,"type":"REGIONAL","status":"ACTIVE","nearCommunities":[{"communityCode":"HIL","intersectsCommunity":false,"distanceToCommunityM":162},{"communityCode":"BLN","intersectsCommunity":false,"distanceToCommunityM":123}],"sourceDatasetId":"qndb-27qm","surface":"CONCRETE","operationalStatus":"OPEN","greenway":"NO","transCanadaTrail":"NO"},"geometry":{"type":"LineString","coordinates":[[-114.0959888514951,51.04603333902861],[-114.09603356706691,51.045667849834786],[-114.096088369272,51.04555152437865]]}},{"type":"Feature","id":"pathway-3fb64048acf3","properties":{"id":"pathway-3fb64048acf3","layer":"pathway","assetCode":"EAU131","name":null,"type":"REGIONAL","status":"ACTIVE","nearCommunities":[{"communityCode":"HIL","intersectsCommunity":false,"distanceToCommunityM":110},{"communityCode":"SSD","intersectsCommunity":false,"distanceToCommunityM":75}],"sourceDatasetId":"qndb-27qm","surface":"ASPHALT","operationalStatus":"OPEN","greenway":"NO","transCanadaTrail":"NO"},"geometry":{"type":"LineString","coordinates":[[-114.08265832432818,51.050854935801866],[-114.08266683224869,51.05088316381582]]}},{"type":"Feature","id":"pathway-9863f577491d","properties":{"id":"pathway-9863f577491d","layer":"pathway","assetCode":"EAU131","name":null,"type":"REGIONAL","status":"ACTIVE","nearCommunities":[{"communityCode":"HIL","intersectsCommunity":false,"distanceToCommunityM":96},{"communityCode":"SSD","intersectsCommunity":false,"distanceToCommunityM":66}],"sourceDatasetId":"qndb-27qm","surface":"ASPHALT","operationalStatus":"OPEN","greenway":"NO","transCanadaTrail":"NO"},"geometry":{"type":"LineString","coordinates":[[-114.08285602052406,51.05086571384979],[-114.08285527166075,51.05083529314941]]}},{"type":"Feature","id":"pathway-81643975167d","properties":{"id":"pathway-81643975167d","layer":"pathway","assetCode":"EAU131","name":null,"type":"REGIONAL","status":"ACTIVE","nearCommunities":[{"communityCode":"SSD","intersectsCommunity":false,"distanceToCommunityM":274}],"sourceDatasetId":"qndb-27qm","surface":"ASPHALT","operationalStatus":"OPEN","greenway":"NO","transCanadaTrail":"NO"},"geometry":{"type":"LineString","coordinates":[[-114.07096952556819,51.053846594945455],[-114.07178928783867,51.053850449861926]]}},{"type":"Feature","id":"pathway-64e9639c56c5","properties":{"id":"pathway-64e9639c56c5","layer":"pathway","assetCode":"CHN113","name":null,"type":"REGIONAL","status":"ACTIVE","nearCommunities":[{"communityCode":"SSD","intersectsCommunity":false,"distanceToCommunityM":49}],"sourceDatasetId":"qndb-27qm","surface":"ASPHALT","operationalStatus":"OPEN","greenway":"NO","transCanadaTrail":"NO"},"geometry":{"type":"LineString","coordinates":[[-114.06495635335689,51.05283688317067],[-114.06494582514348,51.05244996599179]]}},{"type":"Feature","id":"pathway-1edd15c56a19","properties":{"id":"pathway-1edd15c56a19","layer":"pathway","assetCode":"ING037","name":null,"type":"REGIONAL","status":"ACTIVE","nearCommunities":[{"communityCode":"BRD","intersectsCommunity":true,"distanceToCommunityM":0}],"sourceDatasetId":"qndb-27qm","surface":"ASPHALT","operationalStatus":"OPEN","greenway":"NO","transCanadaTrail":"YES"},"geometry":{"type":"LineString","coordinates":[[-114.01875167562089,51.04377344250286],[-114.01861680754851,51.04374965924561],[-114.01835381819502,51.043784651129904]]}},{"type":"Feature","id":"pathway-0c786f24e237","properties":{"id":"pathway-0c786f24e237","layer":"pathway","assetCode":"ING030","name":null,"type":"REGIONAL","status":"ACTIVE","nearCommunities":[{"communityCode":"BRD","intersectsCommunity":false,"distanceToCommunityM":144}],"sourceDatasetId":"qndb-27qm","surface":"ASPHALT","operationalStatus":"OPEN","greenway":"NO","transCanadaTrail":"YES"},"geometry":{"type":"LineString","coordinates":[[-114.02772848349638,51.041035395610606],[-114.02725439110446,51.04092615953608]]}},{"type":"Feature","id":"pathway-16af49be5cad","properties":{"id":"pathway-16af49be5cad","layer":"pathway","assetCode":"ING037","name":null,"type":"REGIONAL","status":"ACTIVE","nearCommunities":[{"communityCode":"BRD","intersectsCommunity":false,"distanceToCommunityM":3}],"sourceDatasetId":"qndb-27qm","surface":"ASPHALT","operationalStatus":"OPEN","greenway":"NO","transCanadaTrail":"YES"},"geometry":{"type":"LineString","coordinates":[[-114.01835381819502,51.043784651129904],[-114.01794536818349,51.043681920536336],[-114.01744084597058,51.04343567997165]]}},{"type":"Feature","id":"pathway-bec6cc7ea60d","properties":{"id":"pathway-bec6cc7ea60d","layer":"pathway","assetCode":"ING036","name":null,"type":"REGIONAL","status":"ACTIVE","nearCommunities":[{"communityCode":"BRD","intersectsCommunity":false,"distanceToCommunityM":2}],"sourceDatasetId":"qndb-27qm","surface":"ASPHALT","operationalStatus":"OPEN","greenway":"NO","transCanadaTrail":"YES"},"geometry":{"type":"LineString","coordinates":[[-114.0201542526139,51.04335731964961],[-114.01980584435742,51.043407301905965],[-114.01956629230907,51.04347765097289],[-114.01898651425206,51.04370935812428]]}},{"type":"Feature","id":"pathway-7996400eafdc","properties":{"id":"pathway-7996400eafdc","layer":"pathway","assetCode":"ING030","name":null,"type":"REGIONAL","status":"ACTIVE","nearCommunities":[{"communityCode":"BRD","intersectsCommunity":false,"distanceToCommunityM":121}],"sourceDatasetId":"qndb-27qm","surface":"ASPHALT","operationalStatus":"OPEN","greenway":"NO","transCanadaTrail":"YES"},"geometry":{"type":"LineString","coordinates":[[-114.02924354861482,51.04131589275493],[-114.02863037122641,51.04118197879862],[-114.02772848349638,51.041035395610606]]}},{"type":"Feature","id":"pathway-a76cc1b7b739","properties":{"id":"pathway-a76cc1b7b739","layer":"pathway","assetCode":"DNW134","name":null,"type":"LOCAL","status":"ACTIVE","nearCommunities":[{"communityCode":"HIL","intersectsCommunity":false,"distanceToCommunityM":133},{"communityCode":"BLN","intersectsCommunity":false,"distanceToCommunityM":197}],"sourceDatasetId":"qndb-27qm","surface":"ASPHALT","operationalStatus":"OPEN","greenway":"NO","transCanadaTrail":"NO"},"geometry":{"type":"LineString","coordinates":[[-114.09136165336149,51.04665895728029],[-114.09163781280839,51.046699146341346],[-114.09187328170503,51.04662860964184],[-114.09195915657557,51.046549154679546]]}},{"type":"Feature","id":"pathway-b3475fbaee02","properties":{"id":"pathway-b3475fbaee02","layer":"pathway","assetCode":"EAU131","name":null,"type":"LOCAL","status":"ACTIVE","nearCommunities":[{"communityCode":"HIL","intersectsCommunity":false,"distanceToCommunityM":81},{"communityCode":"SSD","intersectsCommunity":false,"distanceToCommunityM":77}],"sourceDatasetId":"qndb-27qm","surface":"ASPHALT","operationalStatus":"OPEN","greenway":"NO","transCanadaTrail":"NO"},"geometry":{"type":"LineString","coordinates":[[-114.08297247876135,51.05041741519287],[-114.08300227526927,51.05009080896149]]}},{"type":"Feature","id":"pathway-351cdaff7215","properties":{"id":"pathway-351cdaff7215","layer":"pathway","assetCode":"BRD774","name":null,"type":"LOCAL","status":"ACTIVE","nearCommunities":[{"communityCode":"BRD","intersectsCommunity":true,"distanceToCommunityM":0}],"sourceDatasetId":"qndb-27qm","surface":"ASPHALT","operationalStatus":"OPEN","greenway":"NO","transCanadaTrail":"NO"},"geometry":{"type":"LineString","coordinates":[[-114.04145872975229,51.051704727802544],[-114.04147089228127,51.052114305130594]]}},{"type":"Feature","id":"pathway-32b339bd61ab","properties":{"id":"pathway-32b339bd61ab","layer":"pathway","assetCode":"DNC130","name":null,"type":"LOCAL","status":"ACTIVE","nearCommunities":[{"communityCode":"BLN","intersectsCommunity":false,"distanceToCommunityM":255}],"sourceDatasetId":"qndb-27qm","surface":"ASPHALT","operationalStatus":"OPEN","greenway":"NO","transCanadaTrail":"NO"},"geometry":{"type":"LineString","coordinates":[[-114.08034473445278,51.046748242161506],[-114.08014367295108,51.04676435854873]]}},{"type":"Feature","id":"pathway-b25c83ffcc6d","properties":{"id":"pathway-b25c83ffcc6d","layer":"pathway","assetCode":"SSD560","name":null,"type":"REGIONAL","status":"ACTIVE","nearCommunities":[{"communityCode":"SSD","intersectsCommunity":true,"distanceToCommunityM":0}],"sourceDatasetId":"qndb-27qm","surface":"ASPHALT","operationalStatus":"OPEN","greenway":"NO","transCanadaTrail":"NO"},"geometry":{"type":"LineString","coordinates":[[-114.06956809400458,51.05764404410923],[-114.06996579333692,51.05767215670336]]}},{"type":"Feature","id":"pathway-ebe3de658b33","properties":{"id":"pathway-ebe3de658b33","layer":"pathway","assetCode":"SSD560","name":null,"type":"REGIONAL","status":"ACTIVE","nearCommunities":[{"communityCode":"SSD","intersectsCommunity":true,"distanceToCommunityM":0}],"sourceDatasetId":"qndb-27qm","surface":"ASPHALT","operationalStatus":"OPEN","greenway":"NO","transCanadaTrail":"NO"},"geometry":{"type":"LineString","coordinates":[[-114.0699872117309,51.0580261039874],[-114.06996579333692,51.05767215670336]]}},{"type":"Feature","id":"pathway-a33191b93aa6","properties":{"id":"pathway-a33191b93aa6","layer":"pathway","assetCode":"RDL550","name":null,"type":"REGIONAL","status":"ACTIVE","nearCommunities":[{"communityCode":"HIL","intersectsCommunity":false,"distanceToCommunityM":58},{"communityCode":"SSD","intersectsCommunity":true,"distanceToCommunityM":0}],"sourceDatasetId":"qndb-27qm","surface":"ASPHALT","operationalStatus":"OPEN","greenway":"NO","transCanadaTrail":"NO"},"geometry":{"type":"LineString","coordinates":[[-114.08495283674006,51.05949463552061],[-114.08516606983669,51.059546878692245]]}},{"type":"Feature","id":"pathway-78da7e37fef2","properties":{"id":"pathway-78da7e37fef2","layer":"pathway","assetCode":"EAU120","name":null,"type":"LOCAL","status":"ACTIVE","nearCommunities":[{"communityCode":"SSD","intersectsCommunity":false,"distanceToCommunityM":149}],"sourceDatasetId":"qndb-27qm","surface":"ASPHALT","operationalStatus":"OPEN","greenway":"NO","transCanadaTrail":"NO"},"geometry":{"type":"LineString","coordinates":[[-114.06928303502609,51.05540187884387],[-114.06904506708155,51.05527695289681]]}},{"type":"Feature","id":"pathway-ff7697eacd0e","properties":{"id":"pathway-ff7697eacd0e","layer":"pathway","assetCode":"EAU120","name":null,"type":"LOCAL","status":"ACTIVE","nearCommunities":[{"communityCode":"SSD","intersectsCommunity":false,"distanceToCommunityM":125}],"sourceDatasetId":"qndb-27qm","surface":"CONCRETE","operationalStatus":"OPEN","greenway":"NO","transCanadaTrail":"NO"},"geometry":{"type":"LineString","coordinates":[[-114.0690454239386,51.055277127985526],[-114.06925078321545,51.05562586238977]]}},{"type":"Feature","id":"pathway-e2d0b46c58ca","properties":{"id":"pathway-e2d0b46c58ca","layer":"pathway","assetCode":"RDL550","name":null,"type":"REGIONAL","status":"ACTIVE","nearCommunities":[{"communityCode":"HIL","intersectsCommunity":false,"distanceToCommunityM":50},{"communityCode":"SSD","intersectsCommunity":true,"distanceToCommunityM":0}],"sourceDatasetId":"qndb-27qm","surface":"ASPHALT","operationalStatus":"OPEN","greenway":"NO","transCanadaTrail":"NO"},"geometry":{"type":"LineString","coordinates":[[-114.08516606983669,51.059546878692245],[-114.08529092548187,51.05958318070938]]}},{"type":"Feature","id":"pathway-00f8e44f6dde","properties":{"id":"pathway-00f8e44f6dde","layer":"pathway","assetCode":"SSD560","name":null,"type":"REGIONAL","status":"ACTIVE","nearCommunities":[{"communityCode":"SSD","intersectsCommunity":true,"distanceToCommunityM":0}],"sourceDatasetId":"qndb-27qm","surface":"ASPHALT","operationalStatus":"OPEN","greenway":"NO","transCanadaTrail":"NO"},"geometry":{"type":"LineString","coordinates":[[-114.06882501847363,51.05783553789526],[-114.06877918610407,51.057733451607554],[-114.06890198788496,51.057627103781456],[-114.06956809400458,51.05764404410923]]}},{"type":"Feature","id":"pathway-d6f4e3183101","properties":{"id":"pathway-d6f4e3183101","layer":"pathway","assetCode":"SNA000","name":null,"type":"REGIONAL","status":"ACTIVE","nearCommunities":[{"communityCode":"HIL","intersectsCommunity":false,"distanceToCommunityM":399}],"sourceDatasetId":"qndb-27qm","surface":"ASPHALT","operationalStatus":"OPEN","greenway":"NO","transCanadaTrail":"NO"},"geometry":{"type":"LineString","coordinates":[[-114.1076353319856,51.045620976203175],[-114.10764434906383,51.045621145521416]]}},{"type":"Feature","id":"pathway-bb1c1211c1c9","properties":{"id":"pathway-bb1c1211c1c9","layer":"pathway","assetCode":"DNE116","name":null,"type":"LOCAL","status":"ACTIVE","nearCommunities":[{"communityCode":"BRD","intersectsCommunity":false,"distanceToCommunityM":102},{"communityCode":"BLN","intersectsCommunity":false,"distanceToCommunityM":318}],"sourceDatasetId":"qndb-27qm","surface":"ASPHALT","operationalStatus":"OPEN","greenway":"NO","transCanadaTrail":"NO"},"geometry":{"type":"LineString","coordinates":[[-114.04721466131366,51.046378402924454],[-114.04710601875769,51.04638139629156]]}},{"type":"Feature","id":"pathway-9c6ef8af61b9","properties":{"id":"pathway-9c6ef8af61b9","layer":"pathway","assetCode":"SSD560","name":null,"type":"REGIONAL","status":"ACTIVE","nearCommunities":[{"communityCode":"SSD","intersectsCommunity":true,"distanceToCommunityM":0}],"sourceDatasetId":"qndb-27qm","surface":"ASPHALT","operationalStatus":"OPEN","greenway":"NO","transCanadaTrail":"NO"},"geometry":{"type":"LineString","coordinates":[[-114.0688259122385,51.05783607585289],[-114.06850572750969,51.05795090167295]]}},{"type":"Feature","id":"pathway-2492653c8f57","properties":{"id":"pathway-2492653c8f57","layer":"pathway","assetCode":"SSD560","name":null,"type":"LOCAL","status":"ACTIVE","nearCommunities":[{"communityCode":"SSD","intersectsCommunity":true,"distanceToCommunityM":0}],"sourceDatasetId":"qndb-27qm","surface":"ASPHALT","operationalStatus":"OPEN","greenway":"NO","transCanadaTrail":"NO"},"geometry":{"type":"LineString","coordinates":[[-114.06956809400458,51.05764404410923],[-114.06951203131003,51.05768311529666]]}},{"type":"Feature","id":"pathway-cb6f7632bd10","properties":{"id":"pathway-cb6f7632bd10","layer":"pathway","assetCode":null,"name":null,"type":"REGIONAL","status":"ACTIVE","nearCommunities":[{"communityCode":"HIL","intersectsCommunity":false,"distanceToCommunityM":73},{"communityCode":"SSD","intersectsCommunity":true,"distanceToCommunityM":0}],"sourceDatasetId":"qndb-27qm","surface":"ASPHALT","operationalStatus":"OPEN","greenway":"NO","transCanadaTrail":"NO"},"geometry":{"type":"LineString","coordinates":[[-114.08468908518327,51.05940076125461],[-114.08478497452984,51.059464317331106],[-114.08495180697113,51.05949395215188]]}},{"type":"Feature","id":"pathway-f6d19f5c378b","properties":{"id":"pathway-f6d19f5c378b","layer":"pathway","assetCode":"SSD560","name":null,"type":"REGIONAL","status":"ACTIVE","nearCommunities":[{"communityCode":"SSD","intersectsCommunity":false,"distanceToCommunityM":0}],"sourceDatasetId":"qndb-27qm","surface":"ASPHALT","operationalStatus":"OPEN","greenway":"NO","transCanadaTrail":"NO"},"geometry":{"type":"LineString","coordinates":[[-114.06454826886856,51.057647024581456],[-114.06468920630083,51.05778549614393]]}},{"type":"Feature","id":"pathway-ecf1a3e91a4e","properties":{"id":"pathway-ecf1a3e91a4e","layer":"pathway","assetCode":"BRD099","name":null,"type":"REGIONAL","status":"ACTIVE","nearCommunities":[{"communityCode":"BRD","intersectsCommunity":true,"distanceToCommunityM":0}],"sourceDatasetId":"qndb-27qm","surface":"ASPHALT","operationalStatus":"OPEN","greenway":"NO","transCanadaTrail":"YES"},"geometry":{"type":"LineString","coordinates":[[-114.03269609096021,51.047085943145944],[-114.03107543613734,51.04680780432626],[-114.03080089593702,51.04673552405224]]}},{"type":"Feature","id":"pathway-8aa1966bc08f","properties":{"id":"pathway-8aa1966bc08f","layer":"pathway","assetCode":"SSD495","name":null,"type":"REGIONAL","status":"ACTIVE","nearCommunities":[{"communityCode":"SSD","intersectsCommunity":true,"distanceToCommunityM":0}],"sourceDatasetId":"qndb-27qm","surface":"ASPHALT","operationalStatus":"OPEN","greenway":"NO","transCanadaTrail":"YES"},"geometry":{"type":"LineString","coordinates":[[-114.07746147682393,51.055698592013236],[-114.07758424435664,51.05564405627472]]}},{"type":"Feature","id":"pathway-5914beaaa119","properties":{"id":"pathway-5914beaaa119","layer":"pathway","assetCode":"BRD495","name":null,"type":"REGIONAL","status":"ACTIVE","nearCommunities":[{"communityCode":"BRD","intersectsCommunity":true,"distanceToCommunityM":0}],"sourceDatasetId":"qndb-27qm","surface":"ASPHALT","operationalStatus":"OPEN","greenway":"NO","transCanadaTrail":"YES"},"geometry":{"type":"LineString","coordinates":[[-114.0404535486317,51.04863210250488],[-114.04011184652221,51.048550975607235]]}},{"type":"Feature","id":"pathway-2bf01901a998","properties":{"id":"pathway-2bf01901a998","layer":"pathway","assetCode":"BRD494","name":null,"type":"REGIONAL","status":"ACTIVE","nearCommunities":[{"communityCode":"BRD","intersectsCommunity":true,"distanceToCommunityM":0}],"sourceDatasetId":"qndb-27qm","surface":"ASPHALT","operationalStatus":"OPEN","greenway":"NO","transCanadaTrail":"YES"},"geometry":{"type":"LineString","coordinates":[[-114.05074469467166,51.05003621865615],[-114.0512412801153,51.05018813333691]]}},{"type":"Feature","id":"pathway-29efab6feba6","properties":{"id":"pathway-29efab6feba6","layer":"pathway","assetCode":"BRD494","name":null,"type":"REGIONAL","status":"ACTIVE","nearCommunities":[{"communityCode":"BRD","intersectsCommunity":true,"distanceToCommunityM":0}],"sourceDatasetId":"qndb-27qm","surface":"ASPHALT","operationalStatus":"OPEN","greenway":"NO","transCanadaTrail":"NO"},"geometry":{"type":"LineString","coordinates":[[-114.05074426207851,51.05003580981145],[-114.05077145043647,51.05014167269873],[-114.05065164004522,51.05036393091032],[-114.05052602175871,51.05050051223225],[-114.05051473368039,51.05055876243722]]}},{"type":"Feature","id":"pathway-3232ac40c8d2","properties":{"id":"pathway-3232ac40c8d2","layer":"pathway","assetCode":"BRD494","name":null,"type":"REGIONAL","status":"ACTIVE","nearCommunities":[{"communityCode":"BRD","intersectsCommunity":true,"distanceToCommunityM":0}],"sourceDatasetId":"qndb-27qm","surface":"ASPHALT","operationalStatus":"OPEN","greenway":"NO","transCanadaTrail":"NO"},"geometry":{"type":"LineString","coordinates":[[-114.05138452197538,51.050403239525224],[-114.05087991620563,51.050443333296336],[-114.05051473368039,51.05055876243722]]}},{"type":"Feature","id":"pathway-aa3b51ff6abc","properties":{"id":"pathway-aa3b51ff6abc","layer":"pathway","assetCode":"DNW133","name":null,"type":"REGIONAL","status":"ACTIVE","nearCommunities":[{"communityCode":"HIL","intersectsCommunity":false,"distanceToCommunityM":12},{"communityCode":"SSD","intersectsCommunity":false,"distanceToCommunityM":62}],"sourceDatasetId":"qndb-27qm","surface":"ASPHALT","operationalStatus":"OPEN","greenway":"NO","transCanadaTrail":"NO"},"geometry":{"type":"LineString","coordinates":[[-114.08564620634205,51.04977165316724],[-114.08492344983308,51.04999198475295],[-114.08464161767624,51.05004664535164]]}},{"type":"Feature","id":"pathway-afcbd01deaa9","properties":{"id":"pathway-afcbd01deaa9","layer":"pathway","assetCode":"DNW133","name":null,"type":"REGIONAL","status":"ACTIVE","nearCommunities":[{"communityCode":"HIL","intersectsCommunity":false,"distanceToCommunityM":11},{"communityCode":"SSD","intersectsCommunity":false,"distanceToCommunityM":284}],"sourceDatasetId":"qndb-27qm","surface":"ASPHALT","operationalStatus":"OPEN","greenway":"NO","transCanadaTrail":"NO"},"geometry":{"type":"LineString","coordinates":[[-114.08865366770536,51.04889693247578],[-114.087650727344,51.04919232184581]]}},{"type":"Feature","id":"pathway-84aee1b52935","properties":{"id":"pathway-84aee1b52935","layer":"pathway","assetCode":"DNW133","name":null,"type":"REGIONAL","status":"ACTIVE","nearCommunities":[{"communityCode":"HIL","intersectsCommunity":false,"distanceToCommunityM":10},{"communityCode":"SSD","intersectsCommunity":false,"distanceToCommunityM":209}],"sourceDatasetId":"qndb-27qm","surface":"ASPHALT","operationalStatus":"OPEN","greenway":"NO","transCanadaTrail":"NO"},"geometry":{"type":"LineString","coordinates":[[-114.087650727344,51.04919232184581],[-114.08664631615575,51.04947904028122]]}},{"type":"Feature","id":"pathway-1457deabcf75","properties":{"id":"pathway-1457deabcf75","layer":"pathway","assetCode":"DNW133","name":null,"type":"REGIONAL","status":"ACTIVE","nearCommunities":[{"communityCode":"HIL","intersectsCommunity":false,"distanceToCommunityM":9},{"communityCode":"SSD","intersectsCommunity":false,"distanceToCommunityM":134}],"sourceDatasetId":"qndb-27qm","surface":"ASPHALT","operationalStatus":"OPEN","greenway":"NO","transCanadaTrail":"NO"},"geometry":{"type":"LineString","coordinates":[[-114.08664631615575,51.04947904028122],[-114.08564620634205,51.04977165316724]]}},{"type":"Feature","id":"pathway-167b05b51643","properties":{"id":"pathway-167b05b51643","layer":"pathway","assetCode":"DNW133","name":null,"type":"REGIONAL","status":"ACTIVE","nearCommunities":[{"communityCode":"HIL","intersectsCommunity":false,"distanceToCommunityM":26},{"communityCode":"BLN","intersectsCommunity":false,"distanceToCommunityM":270}],"sourceDatasetId":"qndb-27qm","surface":"ASPHALT","operationalStatus":"OPEN","greenway":"NO","transCanadaTrail":"NO"},"geometry":{"type":"LineString","coordinates":[[-114.0939642311861,51.04728292272354],[-114.09379350782854,51.04726245897912],[-114.0934007910075,51.047421796418064],[-114.09255012087378,51.04753419478125]]}},{"type":"Feature","id":"pathway-b4a7d0d78711","properties":{"id":"pathway-b4a7d0d78711","layer":"pathway","assetCode":"DNW133","name":null,"type":"REGIONAL","status":"ACTIVE","nearCommunities":[{"communityCode":"HIL","intersectsCommunity":false,"distanceToCommunityM":15},{"communityCode":"BLN","intersectsCommunity":false,"distanceToCommunityM":304}],"sourceDatasetId":"qndb-27qm","surface":"ASPHALT","operationalStatus":"OPEN","greenway":"NO","transCanadaTrail":"NO"},"geometry":{"type":"LineString","coordinates":[[-114.09255012087378,51.04753419478125],[-114.09166803711669,51.04773405650129],[-114.0911832257707,51.04792298633361]]}},{"type":"Feature","id":"pathway-281539bd30e7","properties":{"id":"pathway-281539bd30e7","layer":"pathway","assetCode":"DNW133","name":null,"type":"REGIONAL","status":"ACTIVE","nearCommunities":[{"communityCode":"HIL","intersectsCommunity":false,"distanceToCommunityM":9},{"communityCode":"BLN","intersectsCommunity":false,"distanceToCommunityM":352}],"sourceDatasetId":"qndb-27qm","surface":"ASPHALT","operationalStatus":"OPEN","greenway":"NO","transCanadaTrail":"NO"},"geometry":{"type":"LineString","coordinates":[[-114.0911832257707,51.04792298633361],[-114.09072057406259,51.048244544013166],[-114.0900325432019,51.04852095284261]]}},{"type":"Feature","id":"pathway-9ab721f080b5","properties":{"id":"pathway-9ab721f080b5","layer":"pathway","assetCode":"ERL246","name":null,"type":"LOCAL","status":"ACTIVE","nearCommunities":[{"communityCode":"BLN","intersectsCommunity":false,"distanceToCommunityM":169}],"sourceDatasetId":"qndb-27qm","surface":"ASPHALT","operationalStatus":"OPEN","greenway":"NO","transCanadaTrail":"NO"},"geometry":{"type":"LineString","coordinates":[[-114.06338254452763,51.033758154469034],[-114.06329309851363,51.0337119255034],[-114.06287273581017,51.03361873630208],[-114.06251228533033,51.03369010511626],[-114.06202671403854,51.03358249041497],[-114.06158267331972,51.03357709136242]]}},{"type":"Feature","id":"pathway-55460c4144c5","properties":{"id":"pathway-55460c4144c5","layer":"pathway","assetCode":"ING036","name":null,"type":"REGIONAL","status":"ACTIVE","nearCommunities":[{"communityCode":"BRD","intersectsCommunity":false,"distanceToCommunityM":10}],"sourceDatasetId":"qndb-27qm","surface":"ASPHALT","operationalStatus":"OPEN","greenway":"NO","transCanadaTrail":"YES"},"geometry":{"type":"LineString","coordinates":[[-114.02062416221221,51.0430687130122],[-114.02039649083935,51.04330564328463],[-114.02024630547017,51.043341836900346]]}},{"type":"Feature","id":"pathway-7fd4f9b3093a","properties":{"id":"pathway-7fd4f9b3093a","layer":"pathway","assetCode":null,"name":null,"type":"REGIONAL","status":"ACTIVE","nearCommunities":[{"communityCode":"HIL","intersectsCommunity":false,"distanceToCommunityM":4},{"communityCode":"SSD","intersectsCommunity":false,"distanceToCommunityM":4}],"sourceDatasetId":"qndb-27qm","surface":"INTERLOCKING BRICK","operationalStatus":"OPEN","greenway":"NO","transCanadaTrail":"NO"},"geometry":{"type":"LineString","coordinates":[[-114.08389781247104,51.050563871532916],[-114.0840809084032,51.0504673593144]]}},{"type":"Feature","id":"pathway-2d4dee5cb3ea","properties":{"id":"pathway-2d4dee5cb3ea","layer":"pathway","assetCode":"ING012","name":null,"type":"LOCAL","status":"ACTIVE","nearCommunities":[{"communityCode":"BRD","intersectsCommunity":false,"distanceToCommunityM":14}],"sourceDatasetId":"qndb-27qm","surface":"ASPHALT","operationalStatus":"OPEN","greenway":"NO","transCanadaTrail":"NO"},"geometry":{"type":"LineString","coordinates":[[-114.03315948277755,51.04306788297802],[-114.03321211254112,51.04297607473918],[-114.03344714393849,51.04294366084762],[-114.03352127584358,51.04286190043329],[-114.03345882268971,51.04279285467939],[-114.03313266191235,51.042701422189616]]}},{"type":"Feature","id":"pathway-32e8dbc7044d","properties":{"id":"pathway-32e8dbc7044d","layer":"pathway","assetCode":"ING011","name":null,"type":"REGIONAL","status":"ACTIVE","nearCommunities":[{"communityCode":"BRD","intersectsCommunity":false,"distanceToCommunityM":7}],"sourceDatasetId":"qndb-27qm","surface":"ASPHALT","operationalStatus":"OPEN","greenway":"NO","transCanadaTrail":"YES"},"geometry":{"type":"LineString","coordinates":[[-114.03224198345512,51.04283078817391],[-114.0325847274835,51.04298268079307]]}},{"type":"Feature","id":"pathway-921c76799ca7","properties":{"id":"pathway-921c76799ca7","layer":"pathway","assetCode":"ING011","name":null,"type":"REGIONAL","status":"ACTIVE","nearCommunities":[{"communityCode":"BRD","intersectsCommunity":false,"distanceToCommunityM":6}],"sourceDatasetId":"qndb-27qm","surface":"ASPHALT","operationalStatus":"OPEN","greenway":"NO","transCanadaTrail":"YES"},"geometry":{"type":"LineString","coordinates":[[-114.03258504411609,51.04298276430933],[-114.03286606988263,51.0430483053016]]}},{"type":"Feature","id":"pathway-2bc143cdf703","properties":{"id":"pathway-2bc143cdf703","layer":"pathway","assetCode":"ING012","name":null,"type":"REGIONAL","status":"ACTIVE","nearCommunities":[{"communityCode":"BRD","intersectsCommunity":false,"distanceToCommunityM":11}],"sourceDatasetId":"qndb-27qm","surface":"ASPHALT","operationalStatus":"OPEN","greenway":"NO","transCanadaTrail":"YES"},"geometry":{"type":"LineString","coordinates":[[-114.03315948277755,51.04306788297802],[-114.03339733681155,51.04310496893378],[-114.03366438012104,51.04323427799345]]}},{"type":"Feature","id":"pathway-77ba29e38d8d","properties":{"id":"pathway-77ba29e38d8d","layer":"pathway","assetCode":"SSD560","name":null,"type":"REGIONAL","status":"ACTIVE","nearCommunities":[{"communityCode":"SSD","intersectsCommunity":true,"distanceToCommunityM":0}],"sourceDatasetId":"qndb-27qm","surface":"ASPHALT","operationalStatus":"OPEN","greenway":"NO","transCanadaTrail":"NO"},"geometry":{"type":"LineString","coordinates":[[-114.06627087073726,51.0582691044542],[-114.06797184274357,51.05855867704974]]}},{"type":"Feature","id":"pathway-a0db37a50347","properties":{"id":"pathway-a0db37a50347","layer":"pathway","assetCode":"HOU542","name":null,"type":"LOCAL","status":"ACTIVE","nearCommunities":[{"communityCode":"HIL","intersectsCommunity":false,"distanceToCommunityM":101}],"sourceDatasetId":"qndb-27qm","surface":"ASPHALT","operationalStatus":"OPEN","greenway":"NO","transCanadaTrail":"NO"},"geometry":{"type":"LineString","coordinates":[[-114.09616696621974,51.06383657774931],[-114.09658393575586,51.064108609482055]]}},{"type":"Feature","id":"pathway-90ce746447d2","properties":{"id":"pathway-90ce746447d2","layer":"pathway","assetCode":"HOU542","name":null,"type":"LOCAL","status":"ACTIVE","nearCommunities":[{"communityCode":"HIL","intersectsCommunity":false,"distanceToCommunityM":84}],"sourceDatasetId":"qndb-27qm","surface":"ASPHALT","operationalStatus":"OPEN","greenway":"NO","transCanadaTrail":"NO"},"geometry":{"type":"LineString","coordinates":[[-114.09592947317023,51.06409609533749],[-114.09609717943107,51.06396023460834],[-114.09616696621974,51.06383657774931]]}},{"type":"Feature","id":"pathway-b8ec551d0836","properties":{"id":"pathway-b8ec551d0836","layer":"pathway","assetCode":"HOU542","name":null,"type":"LOCAL","status":"ACTIVE","nearCommunities":[{"communityCode":"HIL","intersectsCommunity":false,"distanceToCommunityM":239}],"sourceDatasetId":"qndb-27qm","surface":"ASPHALT","operationalStatus":"OPEN","greenway":"NO","transCanadaTrail":"NO"},"geometry":{"type":"LineString","coordinates":[[-114.09814492869732,51.06386119813011],[-114.09855758836446,51.064035650377825],[-114.09865781788842,51.06412549345338]]}},{"type":"Feature","id":"pathway-136a69a1321b","properties":{"id":"pathway-136a69a1321b","layer":"pathway","assetCode":"HOU542","name":null,"type":"LOCAL","status":"ACTIVE","nearCommunities":[{"communityCode":"HIL","intersectsCommunity":false,"distanceToCommunityM":222}],"sourceDatasetId":"qndb-27qm","surface":"ASPHALT","operationalStatus":"OPEN","greenway":"NO","transCanadaTrail":"NO"},"geometry":{"type":"LineString","coordinates":[[-114.09789929155617,51.06402726058778],[-114.09814492869732,51.06386119813011]]}},{"type":"Feature","id":"pathway-19a216eb89e0","properties":{"id":"pathway-19a216eb89e0","layer":"pathway","assetCode":"HOU542","name":null,"type":"LOCAL","status":"ACTIVE","nearCommunities":[{"communityCode":"HIL","intersectsCommunity":false,"distanceToCommunityM":237}],"sourceDatasetId":"qndb-27qm","surface":"ASPHALT","operationalStatus":"OPEN","greenway":"NO","transCanadaTrail":"NO"},"geometry":{"type":"LineString","coordinates":[[-114.09814492869732,51.06386119813011],[-114.09812227378924,51.063787109606174]]}},{"type":"Feature","id":"pathway-2a5fc8cb93b1","properties":{"id":"pathway-2a5fc8cb93b1","layer":"pathway","assetCode":"HOU542","name":null,"type":"LOCAL","status":"ACTIVE","nearCommunities":[{"communityCode":"HIL","intersectsCommunity":false,"distanceToCommunityM":100}],"sourceDatasetId":"qndb-27qm","surface":"ASPHALT","operationalStatus":"OPEN","greenway":"NO","transCanadaTrail":"NO"},"geometry":{"type":"LineString","coordinates":[[-114.09616152227026,51.063813235960865],[-114.09616696621974,51.06383657774931]]}},{"type":"Feature","id":"pathway-3c529d9bbb16","properties":{"id":"pathway-3c529d9bbb16","layer":"pathway","assetCode":"HOU542","name":null,"type":"LOCAL","status":"ACTIVE","nearCommunities":[{"communityCode":"HIL","intersectsCommunity":false,"distanceToCommunityM":47}],"sourceDatasetId":"qndb-27qm","surface":"CONCRETE","operationalStatus":"OPEN","greenway":"NO","transCanadaTrail":"NO"},"geometry":{"type":"LineString","coordinates":[[-114.09539923703419,51.06398287960775],[-114.09574816864682,51.064096520864986]]}},{"type":"Feature","id":"pathway-0fc4af8cd83f","properties":{"id":"pathway-0fc4af8cd83f","layer":"pathway","assetCode":"HOU542","name":null,"type":"LOCAL","status":"ACTIVE","nearCommunities":[{"communityCode":"HIL","intersectsCommunity":false,"distanceToCommunityM":360}],"sourceDatasetId":"qndb-27qm","surface":"CONCRETE","operationalStatus":"OPEN","greenway":"NO","transCanadaTrail":"NO"},"geometry":{"type":"LineString","coordinates":[[-114.09993298403707,51.06458794108131],[-114.09987264615123,51.06448138193479],[-114.09994497108406,51.064340217703446]]}},{"type":"Feature","id":"pathway-a1a48fed176f","properties":{"id":"pathway-a1a48fed176f","layer":"pathway","assetCode":"EAU131","name":null,"type":"REGIONAL","status":"ACTIVE","nearCommunities":[{"communityCode":"SSD","intersectsCommunity":false,"distanceToCommunityM":74}],"sourceDatasetId":"qndb-27qm","surface":"CONCRETE","operationalStatus":"OPEN","greenway":"NO","transCanadaTrail":"NO"},"geometry":{"type":"LineString","coordinates":[[-114.07831783739294,51.05270684661644],[-114.07831628447559,51.05273325856248]]}},{"type":"Feature","id":"pathway-c0df000369cb","properties":{"id":"pathway-c0df000369cb","layer":"pathway","assetCode":"EAU131","name":null,"type":"REGIONAL","status":"ACTIVE","nearCommunities":[{"communityCode":"SSD","intersectsCommunity":false,"distanceToCommunityM":21}],"sourceDatasetId":"qndb-27qm","surface":"CONCRETE","operationalStatus":"OPEN","greenway":"NO","transCanadaTrail":"NO"},"geometry":{"type":"LineString","coordinates":[[-114.07827154932278,51.053059623532754],[-114.07825020139346,51.05338026434003]]}},{"type":"Feature","id":"pathway-d1258cc5d3d5","properties":{"id":"pathway-d1258cc5d3d5","layer":"pathway","assetCode":"ING012","name":null,"type":"REGIONAL","status":"ACTIVE","nearCommunities":[{"communityCode":"BRD","intersectsCommunity":false,"distanceToCommunityM":38},{"communityCode":"BLN","intersectsCommunity":false,"distanceToCommunityM":203}],"sourceDatasetId":"qndb-27qm","surface":"ASPHALT","operationalStatus":"OPEN","greenway":"NO","transCanadaTrail":"YES"},"geometry":{"type":"LineString","coordinates":[[-114.04107611175661,51.04464311405025],[-114.04091310294646,51.04471901490997]]}},{"type":"Feature","id":"pathway-378c5469ab2a","properties":{"id":"pathway-378c5469ab2a","layer":"pathway","assetCode":"ALB635","name":null,"type":"LOCAL","status":"ACTIVE","nearCommunities":[{"communityCode":"BRD","intersectsCommunity":false,"distanceToCommunityM":380}],"sourceDatasetId":"qndb-27qm","surface":"ASPHALT","operationalStatus":"OPEN","greenway":"NO","transCanadaTrail":"NO"},"geometry":{"type":"LineString","coordinates":[[-114.00636618487393,51.04339783729309],[-114.00664233689868,51.04347086180647]]}},{"type":"Feature","id":"pathway-5fa1fad0a098","properties":{"id":"pathway-5fa1fad0a098","layer":"pathway","assetCode":"DNW133","name":null,"type":"REGIONAL","status":"ACTIVE","nearCommunities":[{"communityCode":"HIL","intersectsCommunity":false,"distanceToCommunityM":10},{"communityCode":"SSD","intersectsCommunity":false,"distanceToCommunityM":360}],"sourceDatasetId":"qndb-27qm","surface":"ASPHALT","operationalStatus":"OPEN","greenway":"NO","transCanadaTrail":"NO"},"geometry":{"type":"LineString","coordinates":[[-114.0900325432019,51.04852095284261],[-114.08865366770536,51.04889693247578]]}},{"type":"Feature","id":"pathway-c2abe33722b4","properties":{"id":"pathway-c2abe33722b4","layer":"pathway","assetCode":"CHN115","name":null,"type":"LOCAL","status":"ACTIVE","nearCommunities":[{"communityCode":"SSD","intersectsCommunity":false,"distanceToCommunityM":62}],"sourceDatasetId":"qndb-27qm","surface":"ASPHALT","operationalStatus":"OPEN","greenway":"NO","transCanadaTrail":"NO"},"geometry":{"type":"LineString","coordinates":[[-114.06283279967607,51.051790669403786],[-114.06275996146842,51.05186699442792]]}},{"type":"Feature","id":"pathway-d2b3ae21a820","properties":{"id":"pathway-d2b3ae21a820","layer":"pathway","assetCode":"CHN115","name":null,"type":"LOCAL","status":"ACTIVE","nearCommunities":[{"communityCode":"SSD","intersectsCommunity":false,"distanceToCommunityM":76}],"sourceDatasetId":"qndb-27qm","surface":"ASPHALT","operationalStatus":"OPEN","greenway":"NO","transCanadaTrail":"NO"},"geometry":{"type":"LineString","coordinates":[[-114.06288940570484,51.05175369479422],[-114.06285405629967,51.051611062180214],[-114.0628596329844,51.05138344836673]]}},{"type":"Feature","id":"pathway-b89ec89107d5","properties":{"id":"pathway-b89ec89107d5","layer":"pathway","assetCode":"ING036","name":null,"type":"LOCAL","status":"ACTIVE","nearCommunities":[{"communityCode":"BRD","intersectsCommunity":false,"distanceToCommunityM":27}],"sourceDatasetId":"qndb-27qm","surface":"ASPHALT","operationalStatus":"OPEN","greenway":"NO","transCanadaTrail":"NO"},"geometry":{"type":"LineString","coordinates":[[-114.02026470326966,51.04284337983677],[-114.02062353462027,51.043068382300675]]}},{"type":"Feature","id":"pathway-bcb796f1b46c","properties":{"id":"pathway-bcb796f1b46c","layer":"pathway","assetCode":"BRD099","name":null,"type":"REGIONAL","status":"ACTIVE","nearCommunities":[{"communityCode":"BRD","intersectsCommunity":true,"distanceToCommunityM":0}],"sourceDatasetId":"qndb-27qm","surface":"ASPHALT","operationalStatus":"OPEN","greenway":"NO","transCanadaTrail":"YES"},"geometry":{"type":"LineString","coordinates":[[-114.02002120046676,51.04726069415523],[-114.01996431667358,51.04721248117948],[-114.0198744662438,51.047043913893724],[-114.01978500248065,51.04640222775557],[-114.01971553763728,51.04628067945657],[-114.01969837573067,51.04611905687763]]}},{"type":"Feature","id":"pathway-a037a0cbd13c","properties":{"id":"pathway-a037a0cbd13c","layer":"pathway","assetCode":"BRD099","name":null,"type":"REGIONAL","status":"ACTIVE","nearCommunities":[{"communityCode":"BRD","intersectsCommunity":true,"distanceToCommunityM":0}],"sourceDatasetId":"qndb-27qm","surface":"ASPHALT","operationalStatus":"OPEN","greenway":"NO","transCanadaTrail":"YES"},"geometry":{"type":"LineString","coordinates":[[-114.0360853249199,51.04756665426833],[-114.03503694742025,51.04746386194222]]}},{"type":"Feature","id":"pathway-594d9a8c2f8a","properties":{"id":"pathway-594d9a8c2f8a","layer":"pathway","assetCode":"BRD099","name":null,"type":"REGIONAL","status":"ACTIVE","nearCommunities":[{"communityCode":"BRD","intersectsCommunity":true,"distanceToCommunityM":0}],"sourceDatasetId":"qndb-27qm","surface":"ASPHALT","operationalStatus":"OPEN","greenway":"NO","transCanadaTrail":"NO"},"geometry":{"type":"LineString","coordinates":[[-114.03472694191949,51.047435611641504],[-114.03466736914375,51.04749699591424],[-114.03453606193513,51.04750416993447],[-114.03307721154367,51.04740469352435]]}},{"type":"Feature","id":"pathway-f4a426e33550","properties":{"id":"pathway-f4a426e33550","layer":"pathway","assetCode":"HOU542","name":null,"type":"REGIONAL","status":"ACTIVE","nearCommunities":[{"communityCode":"HIL","intersectsCommunity":false,"distanceToCommunityM":84}],"sourceDatasetId":"qndb-27qm","surface":"ASPHALT","operationalStatus":"OPEN","greenway":"NO","transCanadaTrail":"NO"},"geometry":{"type":"LineString","coordinates":[[-114.09592947317023,51.06409609533749],[-114.09658393575586,51.064108609482055]]}},{"type":"Feature","id":"pathway-2cd3410b39aa","properties":{"id":"pathway-2cd3410b39aa","layer":"pathway","assetCode":"DNW000","name":null,"type":"LOCAL","status":"ACTIVE","nearCommunities":[{"communityCode":"HIL","intersectsCommunity":false,"distanceToCommunityM":111},{"communityCode":"BLN","intersectsCommunity":false,"distanceToCommunityM":167}],"sourceDatasetId":"qndb-27qm","surface":"ASPHALT","operationalStatus":"OPEN","greenway":"NO","transCanadaTrail":"NO"},"geometry":{"type":"LineString","coordinates":[[-114.09429790792994,51.046591570132605],[-114.0942473748184,51.04657401618626],[-114.09428370323319,51.04635175259893]]}},{"type":"Feature","id":"pathway-3a24221af815","properties":{"id":"pathway-3a24221af815","layer":"pathway","assetCode":"DNW000","name":null,"type":"LOCAL","status":"ACTIVE","nearCommunities":[{"communityCode":"HIL","intersectsCommunity":false,"distanceToCommunityM":111},{"communityCode":"BLN","intersectsCommunity":false,"distanceToCommunityM":175}],"sourceDatasetId":"qndb-27qm","surface":"ASPHALT","operationalStatus":"OPEN","greenway":"NO","transCanadaTrail":"NO"},"geometry":{"type":"LineString","coordinates":[[-114.09429790792994,51.046591570132605],[-114.094386168726,51.04641876836685]]}},{"type":"Feature","id":"pathway-356766036d1b","properties":{"id":"pathway-356766036d1b","layer":"pathway","assetCode":"DNW134","name":null,"type":"LOCAL","status":"ACTIVE","nearCommunities":[{"communityCode":"HIL","intersectsCommunity":false,"distanceToCommunityM":154},{"communityCode":"BLN","intersectsCommunity":false,"distanceToCommunityM":138}],"sourceDatasetId":"qndb-27qm","surface":"ASPHALT","operationalStatus":"OPEN","greenway":"NO","transCanadaTrail":"NO"},"geometry":{"type":"LineString","coordinates":[[-114.09305593048973,51.04605025000973],[-114.09338673381652,51.0461552532492],[-114.09452732121193,51.04617418569305]]}},{"type":"Feature","id":"pathway-ce258a58a502","properties":{"id":"pathway-ce258a58a502","layer":"pathway","assetCode":"HIL489","name":null,"type":"REGIONAL","status":"ACTIVE","nearCommunities":[{"communityCode":"HIL","intersectsCommunity":true,"distanceToCommunityM":0}],"sourceDatasetId":"qndb-27qm","surface":"ASPHALT","operationalStatus":"OPEN","greenway":"NO","transCanadaTrail":"NO"},"geometry":{"type":"LineString","coordinates":[[-114.09434795476731,51.05009665873261],[-114.09450249572441,51.05003318507533],[-114.09451492280635,51.04993316341008],[-114.0945716675695,51.04989306647686]]}},{"type":"Feature","id":"pathway-e1e251c6f1f5","properties":{"id":"pathway-e1e251c6f1f5","layer":"pathway","assetCode":"BRD494","name":null,"type":"REGIONAL","status":"ACTIVE","nearCommunities":[{"communityCode":"BRD","intersectsCommunity":true,"distanceToCommunityM":0}],"sourceDatasetId":"qndb-27qm","surface":"ASPHALT","operationalStatus":"OPEN","greenway":"NO","transCanadaTrail":"NO"},"geometry":{"type":"LineString","coordinates":[[-114.0512412801153,51.05018813333691],[-114.05138452197538,51.050403239525224]]}},{"type":"Feature","id":"pathway-df3795e3157a","properties":{"id":"pathway-df3795e3157a","layer":"pathway","assetCode":"EAU120","name":null,"type":"LOCAL","status":"ACTIVE","nearCommunities":[{"communityCode":"SSD","intersectsCommunity":false,"distanceToCommunityM":40}],"sourceDatasetId":"qndb-27qm","surface":"ASPHALT","operationalStatus":"OPEN","greenway":"NO","transCanadaTrail":"NO"},"geometry":{"type":"LineString","coordinates":[[-114.07664213240648,51.054104079981876],[-114.07679506633554,51.054069084207256]]}},{"type":"Feature","id":"pathway-5d10f10464ab","properties":{"id":"pathway-5d10f10464ab","layer":"pathway","assetCode":"EAU120","name":null,"type":"LOCAL","status":"ACTIVE","nearCommunities":[{"communityCode":"SSD","intersectsCommunity":false,"distanceToCommunityM":37}],"sourceDatasetId":"qndb-27qm","surface":"ASPHALT","operationalStatus":"OPEN","greenway":"NO","transCanadaTrail":"NO"},"geometry":{"type":"LineString","coordinates":[[-114.07664213240648,51.054104079981876],[-114.07665265587035,51.05416533083249]]}},{"type":"Feature","id":"pathway-4d4fce931f83","properties":{"id":"pathway-4d4fce931f83","layer":"pathway","assetCode":"RAM023","name":null,"type":"LOCAL","status":"ACTIVE","nearCommunities":[{"communityCode":"BLN","intersectsCommunity":false,"distanceToCommunityM":244}],"sourceDatasetId":"qndb-27qm","surface":"ASPHALT","operationalStatus":"OPEN","greenway":"NO","transCanadaTrail":"NO"},"geometry":{"type":"LineString","coordinates":[[-114.04621021219612,51.03546523807915],[-114.04579298199032,51.03595521499569]]}},{"type":"Feature","id":"pathway-147400c61239","properties":{"id":"pathway-147400c61239","layer":"pathway","assetCode":"RAM023","name":null,"type":"LOCAL","status":"ACTIVE","nearCommunities":[{"communityCode":"BLN","intersectsCommunity":false,"distanceToCommunityM":200}],"sourceDatasetId":"qndb-27qm","surface":"ASPHALT","operationalStatus":"OPEN","greenway":"NO","transCanadaTrail":"NO"},"geometry":{"type":"LineString","coordinates":[[-114.04621021219612,51.03546523807915],[-114.04681552499213,51.03504642370422]]}},{"type":"Feature","id":"pathway-3c47175d2ba5","properties":{"id":"pathway-3c47175d2ba5","layer":"pathway","assetCode":"BRD852","name":null,"type":"LOCAL","status":"ACTIVE","nearCommunities":[{"communityCode":"BRD","intersectsCommunity":true,"distanceToCommunityM":0}],"sourceDatasetId":"qndb-27qm","surface":"CONCRETE","operationalStatus":"OPEN","greenway":"NO","transCanadaTrail":"NO"},"geometry":{"type":"LineString","coordinates":[[-114.03709743065336,51.05026257318495],[-114.03746990630587,51.05022815497635]]}},{"type":"Feature","id":"pathway-927845a2a4f6","properties":{"id":"pathway-927845a2a4f6","layer":"pathway","assetCode":"ALB635","name":null,"type":"LOCAL","status":"ACTIVE","nearCommunities":[{"communityCode":"BRD","intersectsCommunity":false,"distanceToCommunityM":383}],"sourceDatasetId":"qndb-27qm","surface":"ASPHALT","operationalStatus":"OPEN","greenway":"NO","transCanadaTrail":"NO"},"geometry":{"type":"LineString","coordinates":[[-114.00620707579914,51.044806260267585],[-114.0064485157909,51.044876559596794]]}},{"type":"Feature","id":"pathway-7c19239a2eb2","properties":{"id":"pathway-7c19239a2eb2","layer":"pathway","assetCode":"HIL495","name":null,"type":"LOCAL","status":"ACTIVE","nearCommunities":[{"communityCode":"HIL","intersectsCommunity":true,"distanceToCommunityM":0},{"communityCode":"SSD","intersectsCommunity":false,"distanceToCommunityM":159}],"sourceDatasetId":"qndb-27qm","surface":"ASPHALT","operationalStatus":"OPEN","greenway":"NO","transCanadaTrail":"NO"},"geometry":{"type":"LineString","coordinates":[[-114.0877875505384,51.05123043653885],[-114.0877810970961,51.051119736514686]]}},{"type":"Feature","id":"pathway-bd5eecea2b9f","properties":{"id":"pathway-bd5eecea2b9f","layer":"pathway","assetCode":"RAM415","name":null,"type":"LOCAL","status":"ACTIVE","nearCommunities":[{"communityCode":"BLN","intersectsCommunity":false,"distanceToCommunityM":140}],"sourceDatasetId":"qndb-27qm","surface":"ASPHALT","operationalStatus":"OPEN","greenway":"NO","transCanadaTrail":"NO"},"geometry":{"type":"LineString","coordinates":[[-114.04751564380398,51.036459631531194],[-114.04725682018608,51.03652891976289],[-114.04714417226484,51.03650754808565]]}},{"type":"Feature","id":"pathway-7e99b33b56f1","properties":{"id":"pathway-7e99b33b56f1","layer":"pathway","assetCode":"ALB635","name":null,"type":"REGIONAL","status":"ACTIVE","nearCommunities":[{"communityCode":"BRD","intersectsCommunity":false,"distanceToCommunityM":254}],"sourceDatasetId":"qndb-27qm","surface":"ASPHALT","operationalStatus":"OPEN","greenway":"NO","transCanadaTrail":"NO"},"geometry":{"type":"LineString","coordinates":[[-114.00830422244407,51.04457995928685],[-114.00795663220806,51.04453831605219]]}},{"type":"Feature","id":"pathway-7611382466bb","properties":{"id":"pathway-7611382466bb","layer":"pathway","assetCode":"REN691","name":null,"type":"LOCAL","status":"ACTIVE","nearCommunities":[{"communityCode":"BRD","intersectsCommunity":false,"distanceToCommunityM":357}],"sourceDatasetId":"qndb-27qm","surface":"ASPHALT","operationalStatus":"OPEN","greenway":"NO","transCanadaTrail":"NO"},"geometry":{"type":"LineString","coordinates":[[-114.02551839175197,51.05553854405012],[-114.0254223375365,51.055563128481914],[-114.02538601269744,51.05562266358188]]}},{"type":"Feature","id":"pathway-3b25f79635e5","properties":{"id":"pathway-3b25f79635e5","layer":"pathway","assetCode":"DNE200","name":null,"type":"REGIONAL","status":"ACTIVE","nearCommunities":[{"communityCode":"BRD","intersectsCommunity":false,"distanceToCommunityM":25},{"communityCode":"BLN","intersectsCommunity":false,"distanceToCommunityM":301}],"sourceDatasetId":"qndb-27qm","surface":"ASPHALT","operationalStatus":"OPEN","greenway":"NO","transCanadaTrail":"NO"},"geometry":{"type":"LineString","coordinates":[[-114.04499282222912,51.04640768508383],[-114.04528516310634,51.04624564015524],[-114.045650170296,51.04617768322654],[-114.0459357497422,51.04619072151763],[-114.0463959378359,51.04629808660378]]}},{"type":"Feature","id":"pathway-27a76d6115eb","properties":{"id":"pathway-27a76d6115eb","layer":"pathway","assetCode":"DNE200","name":null,"type":"REGIONAL","status":"ACTIVE","nearCommunities":[{"communityCode":"BRD","intersectsCommunity":false,"distanceToCommunityM":19},{"communityCode":"BLN","intersectsCommunity":false,"distanceToCommunityM":329}],"sourceDatasetId":"qndb-27qm","surface":"ASPHALT","operationalStatus":"OPEN","greenway":"NO","transCanadaTrail":"YES"},"geometry":{"type":"LineString","coordinates":[[-114.04499282222912,51.04640768508383],[-114.0452083115835,51.046509436706614]]}},{"type":"Feature","id":"pathway-b02181dce0de","properties":{"id":"pathway-b02181dce0de","layer":"pathway","assetCode":"DNW133","name":null,"type":"LOCAL","status":"ACTIVE","nearCommunities":[{"communityCode":"HIL","intersectsCommunity":false,"distanceToCommunityM":13},{"communityCode":"SSD","intersectsCommunity":false,"distanceToCommunityM":360}],"sourceDatasetId":"qndb-27qm","surface":"ASPHALT","operationalStatus":"OPEN","greenway":"NO","transCanadaTrail":"NO"},"geometry":{"type":"LineString","coordinates":[[-114.08865366770536,51.04889693247578],[-114.08861234852225,51.04879251214802]]}},{"type":"Feature","id":"pathway-b7744224bacf","properties":{"id":"pathway-b7744224bacf","layer":"pathway","assetCode":"DNW133","name":null,"type":"REGIONAL","status":"ACTIVE","nearCommunities":[{"communityCode":"HIL","intersectsCommunity":false,"distanceToCommunityM":32},{"communityCode":"BLN","intersectsCommunity":false,"distanceToCommunityM":259}],"sourceDatasetId":"qndb-27qm","surface":"ASPHALT","operationalStatus":"OPEN","greenway":"NO","transCanadaTrail":"NO"},"geometry":{"type":"LineString","coordinates":[[-114.0939642311861,51.04728292272354],[-114.09453597647708,51.0471824868767]]}},{"type":"Feature","id":"pathway-40b3dfe94c39","properties":{"id":"pathway-40b3dfe94c39","layer":"pathway","assetCode":"EAU120","name":null,"type":"REGIONAL","status":"ACTIVE","nearCommunities":[{"communityCode":"SSD","intersectsCommunity":false,"distanceToCommunityM":165}],"sourceDatasetId":"qndb-27qm","surface":"STAMPED CONCRETE","operationalStatus":"OPEN","greenway":"NO","transCanadaTrail":"YES"},"geometry":{"type":"LineString","coordinates":[[-114.06973542495126,51.055134179194916],[-114.06969691619938,51.05527623791294]]}},{"type":"Feature","id":"pathway-b4f5893e29b2","properties":{"id":"pathway-b4f5893e29b2","layer":"pathway","assetCode":"EAU120","name":null,"type":"REGIONAL","status":"ACTIVE","nearCommunities":[{"communityCode":"SSD","intersectsCommunity":false,"distanceToCommunityM":73}],"sourceDatasetId":"qndb-27qm","surface":"STAMPED CONCRETE","operationalStatus":"OPEN","greenway":"NO","transCanadaTrail":"YES"},"geometry":{"type":"LineString","coordinates":[[-114.06928227101643,51.05563260489718],[-114.06925353520306,51.05608901098974]]}},{"type":"Feature","id":"pathway-e91af546659f","properties":{"id":"pathway-e91af546659f","layer":"pathway","assetCode":"EAU120","name":null,"type":"REGIONAL","status":"ACTIVE","nearCommunities":[{"communityCode":"SSD","intersectsCommunity":false,"distanceToCommunityM":124}],"sourceDatasetId":"qndb-27qm","surface":"STAMPED CONCRETE","operationalStatus":"OPEN","greenway":"NO","transCanadaTrail":"YES"},"geometry":{"type":"LineString","coordinates":[[-114.06940817764199,51.055455085760386],[-114.06928227101643,51.05563260489718]]}},{"type":"Feature","id":"pathway-9073f5217f5a","properties":{"id":"pathway-9073f5217f5a","layer":"pathway","assetCode":"EAU120","name":null,"type":"REGIONAL","status":"ACTIVE","nearCommunities":[{"communityCode":"SSD","intersectsCommunity":false,"distanceToCommunityM":144}],"sourceDatasetId":"qndb-27qm","surface":"STAMPED CONCRETE","operationalStatus":"OPEN","greenway":"NO","transCanadaTrail":"YES"},"geometry":{"type":"LineString","coordinates":[[-114.06969691619938,51.05527623791294],[-114.06940817764199,51.055455085760386]]}},{"type":"Feature","id":"pathway-b1454e4a24c4","properties":{"id":"pathway-b1454e4a24c4","layer":"pathway","assetCode":"BNK858","name":null,"type":"LOCAL","status":"ACTIVE","nearCommunities":[{"communityCode":"BLN","intersectsCommunity":false,"distanceToCommunityM":334}],"sourceDatasetId":"qndb-27qm","surface":"ASPHALT","operationalStatus":"OPEN","greenway":"NO","transCanadaTrail":"NO"},"geometry":{"type":"LineString","coordinates":[[-114.09938787850383,51.03661955436374],[-114.09938248195137,51.03668561472478],[-114.09932932207859,51.03672108042453],[-114.09912112716894,51.03670574177701]]}},{"type":"Feature","id":"pathway-e881e472f4c2","properties":{"id":"pathway-e881e472f4c2","layer":"pathway","assetCode":"BNK858","name":null,"type":"LOCAL","status":"ACTIVE","nearCommunities":[{"communityCode":"BLN","intersectsCommunity":false,"distanceToCommunityM":317}],"sourceDatasetId":"qndb-27qm","surface":"ASPHALT","operationalStatus":"OPEN","greenway":"NO","transCanadaTrail":"NO"},"geometry":{"type":"LineString","coordinates":[[-114.09912112716894,51.03670574177701],[-114.09905164423472,51.036787985862944],[-114.09892343960216,51.0367923600843]]}},{"type":"Feature","id":"pathway-adf8753c5f84","properties":{"id":"pathway-adf8753c5f84","layer":"pathway","assetCode":"EAU131","name":null,"type":"LOCAL","status":"ACTIVE","nearCommunities":[{"communityCode":"SSD","intersectsCommunity":false,"distanceToCommunityM":73}],"sourceDatasetId":"qndb-27qm","surface":"CONCRETE","operationalStatus":"OPEN","greenway":"NO","transCanadaTrail":"NO"},"geometry":{"type":"LineString","coordinates":[[-114.07916727367282,51.0523053282462],[-114.07898116665645,51.05240110030726],[-114.0787896657949,51.052404272570854]]}},{"type":"Feature","id":"pathway-4003f0ffc975","properties":{"id":"pathway-4003f0ffc975","layer":"pathway","assetCode":"EAU131","name":null,"type":"LOCAL","status":"ACTIVE","nearCommunities":[{"communityCode":"SSD","intersectsCommunity":false,"distanceToCommunityM":88}],"sourceDatasetId":"qndb-27qm","surface":"CONCRETE","operationalStatus":"OPEN","greenway":"NO","transCanadaTrail":"NO"},"geometry":{"type":"LineString","coordinates":[[-114.0786451207111,51.052401076979855],[-114.0784894043392,51.052397562385266]]}},{"type":"Feature","id":"pathway-3c8d9491b26a","properties":{"id":"pathway-3c8d9491b26a","layer":"pathway","assetCode":"EAU131","name":null,"type":"LOCAL","status":"ACTIVE","nearCommunities":[{"communityCode":"SSD","intersectsCommunity":false,"distanceToCommunityM":94}],"sourceDatasetId":"qndb-27qm","surface":"CONCRETE","operationalStatus":"OPEN","greenway":"NO","transCanadaTrail":"NO"},"geometry":{"type":"LineString","coordinates":[[-114.07848941289697,51.05239756237952],[-114.07841164848284,51.052352086120734]]}},{"type":"Feature","id":"pathway-f7bd6c6d464c","properties":{"id":"pathway-f7bd6c6d464c","layer":"pathway","assetCode":"BRD495","name":null,"type":"REGIONAL","status":"ACTIVE","nearCommunities":[{"communityCode":"BRD","intersectsCommunity":true,"distanceToCommunityM":0}],"sourceDatasetId":"qndb-27qm","surface":"ASPHALT","operationalStatus":"OPEN","greenway":"NO","transCanadaTrail":"NO"},"geometry":{"type":"LineString","coordinates":[[-114.05012355186268,51.049849784453144],[-114.0486013047671,51.04949433708776]]}},{"type":"Feature","id":"pathway-af9d6c955d36","properties":{"id":"pathway-af9d6c955d36","layer":"pathway","assetCode":"EAU131","name":null,"type":"LOCAL","status":"ACTIVE","nearCommunities":[{"communityCode":"SSD","intersectsCommunity":false,"distanceToCommunityM":94}],"sourceDatasetId":"qndb-27qm","surface":"CONCRETE","operationalStatus":"OPEN","greenway":"NO","transCanadaTrail":"NO"},"geometry":{"type":"LineString","coordinates":[[-114.0784894043392,51.052397562385266],[-114.07835250966511,51.05239419138913]]}},{"type":"Feature","id":"pathway-abfe02914c68","properties":{"id":"pathway-abfe02914c68","layer":"pathway","assetCode":"SSD495","name":null,"type":"REGIONAL","status":"ACTIVE","nearCommunities":[{"communityCode":"SSD","intersectsCommunity":true,"distanceToCommunityM":0}],"sourceDatasetId":"qndb-27qm","surface":"ASPHALT","operationalStatus":"OPEN","greenway":"NO","transCanadaTrail":"NO"},"geometry":{"type":"LineString","coordinates":[[-114.07775913109971,51.05552758704308],[-114.07788086658297,51.05519160696858]]}},{"type":"Feature","id":"pathway-fb9405b80def","properties":{"id":"pathway-fb9405b80def","layer":"pathway","assetCode":"BRD495","name":null,"type":"REGIONAL","status":"ACTIVE","nearCommunities":[{"communityCode":"BRD","intersectsCommunity":true,"distanceToCommunityM":0}],"sourceDatasetId":"qndb-27qm","surface":"ASPHALT","operationalStatus":"OPEN","greenway":"NO","transCanadaTrail":"NO"},"geometry":{"type":"LineString","coordinates":[[-114.0486013047671,51.04949433708776],[-114.04705985857987,51.04918522954084]]}},{"type":"Feature","id":"pathway-b2925f0bb010","properties":{"id":"pathway-b2925f0bb010","layer":"pathway","assetCode":"ALB635","name":null,"type":"LOCAL","status":"ACTIVE","nearCommunities":[{"communityCode":"BRD","intersectsCommunity":false,"distanceToCommunityM":276}],"sourceDatasetId":"qndb-27qm","surface":"ASPHALT","operationalStatus":"OPEN","greenway":"NO","transCanadaTrail":"NO"},"geometry":{"type":"LineString","coordinates":[[-114.00796387193334,51.044536188588204],[-114.0080239080196,51.04439890406017]]}},{"type":"Feature","id":"pathway-aa0498aade88","properties":{"id":"pathway-aa0498aade88","layer":"pathway","assetCode":"SSD479","name":null,"type":"LOCAL","status":"ACTIVE","nearCommunities":[{"communityCode":"HIL","intersectsCommunity":false,"distanceToCommunityM":110},{"communityCode":"SSD","intersectsCommunity":true,"distanceToCommunityM":0}],"sourceDatasetId":"qndb-27qm","surface":"INTERLOCKING BRICK","operationalStatus":"OPEN","greenway":"NO","transCanadaTrail":"NO"},"geometry":{"type":"LineString","coordinates":[[-114.08439016405481,51.05729798667347],[-114.08409854981235,51.05710686872268]]}},{"type":"Feature","id":"pathway-9edba0faf61f","properties":{"id":"pathway-9edba0faf61f","layer":"pathway","assetCode":"SSD495","name":null,"type":"REGIONAL","status":"ACTIVE","nearCommunities":[{"communityCode":"SSD","intersectsCommunity":true,"distanceToCommunityM":0}],"sourceDatasetId":"qndb-27qm","surface":"ASPHALT","operationalStatus":"OPEN","greenway":"NO","transCanadaTrail":"NO"},"geometry":{"type":"LineString","coordinates":[[-114.078316909374,51.054982737071036],[-114.07915665572463,51.05458822842842],[-114.07938770268363,51.0544413882762]]}},{"type":"Feature","id":"pathway-b0d269391c88","properties":{"id":"pathway-b0d269391c88","layer":"pathway","assetCode":"ING011","name":null,"type":"LOCAL","status":"ACTIVE","nearCommunities":[{"communityCode":"BRD","intersectsCommunity":false,"distanceToCommunityM":45}],"sourceDatasetId":"qndb-27qm","surface":"ASPHALT","operationalStatus":"OPEN","greenway":"NO","transCanadaTrail":"NO"},"geometry":{"type":"LineString","coordinates":[[-114.0327160365273,51.042643548560434],[-114.03264892408149,51.04262027402063]]}},{"type":"Feature","id":"pathway-a17433b5131f","properties":{"id":"pathway-a17433b5131f","layer":"pathway","assetCode":"ING011","name":null,"type":"LOCAL","status":"ACTIVE","nearCommunities":[{"communityCode":"BRD","intersectsCommunity":false,"distanceToCommunityM":7}],"sourceDatasetId":"qndb-27qm","surface":"ASPHALT","operationalStatus":"OPEN","greenway":"NO","transCanadaTrail":"NO"},"geometry":{"type":"LineString","coordinates":[[-114.0325847274835,51.04298268079307],[-114.03273567646119,51.04284944668112],[-114.0327160365273,51.042643548560434]]}},{"type":"Feature","id":"pathway-aac988afb85b","properties":{"id":"pathway-aac988afb85b","layer":"pathway","assetCode":"ING011","name":null,"type":"LOCAL","status":"ACTIVE","nearCommunities":[{"communityCode":"BRD","intersectsCommunity":false,"distanceToCommunityM":45}],"sourceDatasetId":"qndb-27qm","surface":"ASPHALT","operationalStatus":"OPEN","greenway":"NO","transCanadaTrail":"NO"},"geometry":{"type":"LineString","coordinates":[[-114.0327160365273,51.042643548560434],[-114.03296127691128,51.04255311122732]]}},{"type":"Feature","id":"pathway-75de401ba965","properties":{"id":"pathway-75de401ba965","layer":"pathway","assetCode":"ALB824","name":null,"type":"REGIONAL","status":"ACTIVE","nearCommunities":[{"communityCode":"BRD","intersectsCommunity":false,"distanceToCommunityM":153}],"sourceDatasetId":"qndb-27qm","surface":"ASPHALT","operationalStatus":"OPEN","greenway":"NO","transCanadaTrail":"NO"},"geometry":{"type":"LineString","coordinates":[[-114.00990599775561,51.04335564395895],[-114.00906770651133,51.04279608567666],[-114.00877475229386,51.0424543398381]]}},{"type":"Feature","id":"pathway-531cca493323","properties":{"id":"pathway-531cca493323","layer":"pathway","assetCode":"SNA134","name":null,"type":"REGIONAL","status":"ACTIVE","nearCommunities":[{"communityCode":"HIL","intersectsCommunity":false,"distanceToCommunityM":93},{"communityCode":"BLN","intersectsCommunity":false,"distanceToCommunityM":208}],"sourceDatasetId":"qndb-27qm","surface":"CONCRETE","operationalStatus":"OPEN","greenway":"NO","transCanadaTrail":"NO"},"geometry":{"type":"LineString","coordinates":[[-114.09525072091945,51.04670595241153],[-114.09502356358287,51.046714976914004]]}},{"type":"Feature","id":"pathway-126ecff4aaf0","properties":{"id":"pathway-126ecff4aaf0","layer":"pathway","assetCode":"BRD852","name":null,"type":"LOCAL","status":"ACTIVE","nearCommunities":[{"communityCode":"BRD","intersectsCommunity":true,"distanceToCommunityM":0}],"sourceDatasetId":"qndb-27qm","surface":"CONCRETE","operationalStatus":"OPEN","greenway":"NO","transCanadaTrail":"NO"},"geometry":{"type":"LineString","coordinates":[[-114.03697698307722,51.050703964574375],[-114.03706187704516,51.05053359589548]]}},{"type":"Feature","id":"pathway-c081a4ec8567","properties":{"id":"pathway-c081a4ec8567","layer":"pathway","assetCode":"BRD887","name":null,"type":"LOCAL","status":"ACTIVE","nearCommunities":[{"communityCode":"BRD","intersectsCommunity":true,"distanceToCommunityM":0}],"sourceDatasetId":"qndb-27qm","surface":"ASPHALT","operationalStatus":"OPEN","greenway":"NO","transCanadaTrail":"NO"},"geometry":{"type":"LineString","coordinates":[[-114.03453048263448,51.05649347300717],[-114.03401711650677,51.05631574044086]]}},{"type":"Feature","id":"pathway-94717aa4bebf","properties":{"id":"pathway-94717aa4bebf","layer":"pathway","assetCode":"EAU131","name":null,"type":"LOCAL","status":"ACTIVE","nearCommunities":[{"communityCode":"HIL","intersectsCommunity":false,"distanceToCommunityM":110},{"communityCode":"SSD","intersectsCommunity":false,"distanceToCommunityM":77}],"sourceDatasetId":"qndb-27qm","surface":"ASPHALT","operationalStatus":"OPEN","greenway":"NO","transCanadaTrail":"NO"},"geometry":{"type":"LineString","coordinates":[[-114.08196020601049,51.0508412982599],[-114.08209645563554,51.05080413530607],[-114.08241815193136,51.05080093601067],[-114.08265832432818,51.050854935801866]]}},{"type":"Feature","id":"pathway-65b6c27a3252","properties":{"id":"pathway-65b6c27a3252","layer":"pathway","assetCode":"SSD560","name":null,"type":"REGIONAL","status":"ACTIVE","nearCommunities":[{"communityCode":"SSD","intersectsCommunity":true,"distanceToCommunityM":0}],"sourceDatasetId":"qndb-27qm","surface":"ASPHALT","operationalStatus":"OPEN","greenway":"NO","transCanadaTrail":"NO"},"geometry":{"type":"LineString","coordinates":[[-114.07596815561519,51.061446395534055],[-114.07642635792003,51.06137289185776],[-114.07709624280045,51.06118129748294]]}},{"type":"Feature","id":"pathway-c069ad0f0a34","properties":{"id":"pathway-c069ad0f0a34","layer":"pathway","assetCode":"SSD560","name":null,"type":"REGIONAL","status":"ACTIVE","nearCommunities":[{"communityCode":"SSD","intersectsCommunity":true,"distanceToCommunityM":0}],"sourceDatasetId":"qndb-27qm","surface":"ASPHALT","operationalStatus":"OPEN","greenway":"NO","transCanadaTrail":"NO"},"geometry":{"type":"LineString","coordinates":[[-114.07709624280045,51.06118129748294],[-114.07763882629872,51.06098152233928],[-114.07785338504598,51.060823033090216],[-114.07796761375357,51.06068628459678]]}},{"type":"Feature","id":"pathway-74b9bb10ae52","properties":{"id":"pathway-74b9bb10ae52","layer":"pathway","assetCode":"SSD560","name":null,"type":"REGIONAL","status":"ACTIVE","nearCommunities":[{"communityCode":"SSD","intersectsCommunity":true,"distanceToCommunityM":0}],"sourceDatasetId":"qndb-27qm","surface":"ASPHALT","operationalStatus":"OPEN","greenway":"NO","transCanadaTrail":"NO"},"geometry":{"type":"LineString","coordinates":[[-114.07796761375357,51.06068628459678],[-114.07820966880215,51.06024283667742],[-114.0782318978884,51.05995209454786]]}},{"type":"Feature","id":"pathway-90a4594b731d","properties":{"id":"pathway-90a4594b731d","layer":"pathway","assetCode":"SSD560","name":null,"type":"REGIONAL","status":"ACTIVE","nearCommunities":[{"communityCode":"SSD","intersectsCommunity":true,"distanceToCommunityM":0}],"sourceDatasetId":"qndb-27qm","surface":"ASPHALT","operationalStatus":"OPEN","greenway":"NO","transCanadaTrail":"NO"},"geometry":{"type":"LineString","coordinates":[[-114.0782318978884,51.05995209454786],[-114.0782459101862,51.05984853987604],[-114.0784858327349,51.059461636237664],[-114.0784435265984,51.05932405012271],[-114.07835734833802,51.05923623528335]]}},{"type":"Feature","id":"pathway-cbdc289cc7c2","properties":{"id":"pathway-cbdc289cc7c2","layer":"pathway","assetCode":"EAU131","name":null,"type":"REGIONAL","status":"ACTIVE","nearCommunities":[{"communityCode":"HIL","intersectsCommunity":false,"distanceToCommunityM":32},{"communityCode":"SSD","intersectsCommunity":false,"distanceToCommunityM":32}],"sourceDatasetId":"qndb-27qm","surface":"ASPHALT","operationalStatus":"OPEN","greenway":"NO","transCanadaTrail":"NO"},"geometry":{"type":"LineString","coordinates":[[-114.08334602013,51.05047926484264],[-114.08374551242977,51.05032808314486]]}},{"type":"Feature","id":"pathway-515f024846fe","properties":{"id":"pathway-515f024846fe","layer":"pathway","assetCode":"ALB635","name":null,"type":"LOCAL","status":"ACTIVE","nearCommunities":[{"communityCode":"BRD","intersectsCommunity":false,"distanceToCommunityM":254}],"sourceDatasetId":"qndb-27qm","surface":"ASPHALT","operationalStatus":"OPEN","greenway":"NO","transCanadaTrail":"NO"},"geometry":{"type":"LineString","coordinates":[[-114.00830422244407,51.04457995928685],[-114.0080239080196,51.04439890406017]]}},{"type":"Feature","id":"pathway-e6735850a79c","properties":{"id":"pathway-e6735850a79c","layer":"pathway","assetCode":"EAU131","name":null,"type":"REGIONAL","status":"ACTIVE","nearCommunities":[{"communityCode":"SSD","intersectsCommunity":false,"distanceToCommunityM":76}],"sourceDatasetId":"qndb-27qm","surface":"ASPHALT","operationalStatus":"OPEN","greenway":"NO","transCanadaTrail":"NO"},"geometry":{"type":"LineString","coordinates":[[-114.076991543655,51.053150703500435],[-114.07831783739294,51.05270684661644]]}},{"type":"Feature","id":"pathway-ffbdde7fc5a3","properties":{"id":"pathway-ffbdde7fc5a3","layer":"pathway","assetCode":"EAU131","name":null,"type":"REGIONAL","status":"ACTIVE","nearCommunities":[{"communityCode":"SSD","intersectsCommunity":false,"distanceToCommunityM":137}],"sourceDatasetId":"qndb-27qm","surface":"CONCRETE","operationalStatus":"OPEN","greenway":"NO","transCanadaTrail":"NO"},"geometry":{"type":"LineString","coordinates":[[-114.07580082808528,51.05336851968953],[-114.07594606060577,51.05330979175664]]}},{"type":"Feature","id":"pathway-6905174be7f8","properties":{"id":"pathway-6905174be7f8","layer":"pathway","assetCode":"EAU131","name":null,"type":"REGIONAL","status":"ACTIVE","nearCommunities":[{"communityCode":"SSD","intersectsCommunity":false,"distanceToCommunityM":79}],"sourceDatasetId":"qndb-27qm","surface":"CONCRETE","operationalStatus":"OPEN","greenway":"NO","transCanadaTrail":"NO"},"geometry":{"type":"LineString","coordinates":[[-114.076991543655,51.053150703500435],[-114.07715414542972,51.0531857155307]]}},{"type":"Feature","id":"pathway-bdddcd3abf1e","properties":{"id":"pathway-bdddcd3abf1e","layer":"pathway","assetCode":"EAU131","name":null,"type":"REGIONAL","status":"ACTIVE","nearCommunities":[{"communityCode":"SSD","intersectsCommunity":false,"distanceToCommunityM":25}],"sourceDatasetId":"qndb-27qm","surface":"CONCRETE","operationalStatus":"OPEN","greenway":"NO","transCanadaTrail":"NO"},"geometry":{"type":"LineString","coordinates":[[-114.07715414542972,51.0531857155307],[-114.07770766401225,51.053236778154215],[-114.07799007712114,51.05331460646118],[-114.07808776167643,51.05337381407206]]}},{"type":"Feature","id":"pathway-739b1af54a69","properties":{"id":"pathway-739b1af54a69","layer":"pathway","assetCode":"EAU131","name":null,"type":"REGIONAL","status":"ACTIVE","nearCommunities":[{"communityCode":"SSD","intersectsCommunity":false,"distanceToCommunityM":10}],"sourceDatasetId":"qndb-27qm","surface":"CONCRETE","operationalStatus":"OPEN","greenway":"NO","transCanadaTrail":"NO"},"geometry":{"type":"LineString","coordinates":[[-114.07808776167643,51.05337381407206],[-114.07826924926353,51.05347543565538]]}},{"type":"Feature","id":"pathway-add192371d39","properties":{"id":"pathway-add192371d39","layer":"pathway","assetCode":"EAU131","name":null,"type":"REGIONAL","status":"ACTIVE","nearCommunities":[{"communityCode":"SSD","intersectsCommunity":false,"distanceToCommunityM":89}],"sourceDatasetId":"qndb-27qm","surface":"ASPHALT","operationalStatus":"OPEN","greenway":"NO","transCanadaTrail":"NO"},"geometry":{"type":"LineString","coordinates":[[-114.07594606060577,51.05330979175664],[-114.07628973996876,51.05322751516508],[-114.076991543655,51.053150703500435]]}},{"type":"Feature","id":"pathway-8c9e0ea01aa2","properties":{"id":"pathway-8c9e0ea01aa2","layer":"pathway","assetCode":"EAU120","name":null,"type":"LOCAL","status":"ACTIVE","nearCommunities":[{"communityCode":"SSD","intersectsCommunity":false,"distanceToCommunityM":98}],"sourceDatasetId":"qndb-27qm","surface":"ASPHALT","operationalStatus":"OPEN","greenway":"NO","transCanadaTrail":"NO"},"geometry":{"type":"LineString","coordinates":[[-114.07346049214324,51.05505194650972],[-114.07350616161102,51.054712055183714]]}},{"type":"Feature","id":"pathway-59d4c85bb2f5","properties":{"id":"pathway-59d4c85bb2f5","layer":"pathway","assetCode":"SSD560","name":null,"type":"LOCAL","status":"ACTIVE","nearCommunities":[{"communityCode":"SSD","intersectsCommunity":true,"distanceToCommunityM":0}],"sourceDatasetId":"qndb-27qm","surface":"ASPHALT","operationalStatus":"OPEN","greenway":"NO","transCanadaTrail":"NO"},"geometry":{"type":"LineString","coordinates":[[-114.07383337694391,51.06133616336646],[-114.07382796410084,51.06110896717036]]}},{"type":"Feature","id":"pathway-009ca6624a53","properties":{"id":"pathway-009ca6624a53","layer":"pathway","assetCode":"SSD560","name":null,"type":"LOCAL","status":"ACTIVE","nearCommunities":[{"communityCode":"SSD","intersectsCommunity":false,"distanceToCommunityM":2}],"sourceDatasetId":"qndb-27qm","surface":"ASPHALT","operationalStatus":"OPEN","greenway":"NO","transCanadaTrail":"NO"},"geometry":{"type":"LineString","coordinates":[[-114.06468920630083,51.05778549614393],[-114.06472636744446,51.05784917039309]]}},{"type":"Feature","id":"pathway-98ffeed8db93","properties":{"id":"pathway-98ffeed8db93","layer":"pathway","assetCode":"SSD495","name":null,"type":"REGIONAL","status":"ACTIVE","nearCommunities":[{"communityCode":"HIL","intersectsCommunity":false,"distanceToCommunityM":361},{"communityCode":"SSD","intersectsCommunity":true,"distanceToCommunityM":0}],"sourceDatasetId":"qndb-27qm","surface":"ASPHALT","operationalStatus":"OPEN","greenway":"NO","transCanadaTrail":"YES"},"geometry":{"type":"LineString","coordinates":[[-114.08063350833112,51.05377634710161],[-114.08075243153944,51.05371027505738]]}},{"type":"Feature","id":"pathway-d4b06d89cb73","properties":{"id":"pathway-d4b06d89cb73","layer":"pathway","assetCode":"SSD495","name":null,"type":"REGIONAL","status":"ACTIVE","nearCommunities":[{"communityCode":"HIL","intersectsCommunity":false,"distanceToCommunityM":370},{"communityCode":"SSD","intersectsCommunity":true,"distanceToCommunityM":0}],"sourceDatasetId":"qndb-27qm","surface":"CONCRETE","operationalStatus":"OPEN","greenway":"NO","transCanadaTrail":"YES"},"geometry":{"type":"LineString","coordinates":[[-114.0805753119942,51.053823898807074],[-114.0806336225319,51.05377640096117]]}},{"type":"Feature","id":"pathway-2d45dc243f84","properties":{"id":"pathway-2d45dc243f84","layer":"pathway","assetCode":"HOU542","name":null,"type":"REGIONAL","status":"ACTIVE","nearCommunities":[{"communityCode":"HIL","intersectsCommunity":false,"distanceToCommunityM":130}],"sourceDatasetId":"qndb-27qm","surface":"ASPHALT","operationalStatus":"OPEN","greenway":"NO","transCanadaTrail":"NO"},"geometry":{"type":"LineString","coordinates":[[-114.09658393575586,51.064108609482055],[-114.09712544824977,51.06410386552956],[-114.09789929155617,51.06402726058778]]}},{"type":"Feature","id":"pathway-c738103a7365","properties":{"id":"pathway-c738103a7365","layer":"pathway","assetCode":"HOU542","name":null,"type":"REGIONAL","status":"ACTIVE","nearCommunities":[{"communityCode":"HIL","intersectsCommunity":false,"distanceToCommunityM":275}],"sourceDatasetId":"qndb-27qm","surface":"ASPHALT","operationalStatus":"OPEN","greenway":"NO","transCanadaTrail":"NO"},"geometry":{"type":"LineString","coordinates":[[-114.09865781788842,51.06412549345338],[-114.09942402284618,51.064362907871505]]}},{"type":"Feature","id":"pathway-1f4c80b6d02f","properties":{"id":"pathway-1f4c80b6d02f","layer":"pathway","assetCode":"HOU542","name":null,"type":"REGIONAL","status":"ACTIVE","nearCommunities":[{"communityCode":"HIL","intersectsCommunity":false,"distanceToCommunityM":228}],"sourceDatasetId":"qndb-27qm","surface":"ASPHALT","operationalStatus":"OPEN","greenway":"NO","transCanadaTrail":"NO"},"geometry":{"type":"LineString","coordinates":[[-114.0983302942942,51.06405487659631],[-114.0981185884957,51.06406975804925],[-114.09798298826139,51.064029530483275]]}},{"type":"Feature","id":"pathway-46d85474f91f","properties":{"id":"pathway-46d85474f91f","layer":"pathway","assetCode":"ERL246","name":null,"type":"LOCAL","status":"ACTIVE","nearCommunities":[{"communityCode":"BLN","intersectsCommunity":false,"distanceToCommunityM":309}],"sourceDatasetId":"qndb-27qm","surface":"ASPHALT","operationalStatus":"OPEN","greenway":"NO","transCanadaTrail":"NO"},"geometry":{"type":"LineString","coordinates":[[-114.06544429828145,51.03485031020951],[-114.06580281792972,51.03474027753096],[-114.06632220923403,51.0347101244843]]}},{"type":"Feature","id":"pathway-572bf561889e","properties":{"id":"pathway-572bf561889e","layer":"pathway","assetCode":"ERL246","name":null,"type":"LOCAL","status":"ACTIVE","nearCommunities":[{"communityCode":"BLN","intersectsCommunity":false,"distanceToCommunityM":294}],"sourceDatasetId":"qndb-27qm","surface":"ASPHALT","operationalStatus":"OPEN","greenway":"NO","transCanadaTrail":"NO"},"geometry":{"type":"LineString","coordinates":[[-114.06523962078663,51.034843394659994],[-114.06503337504185,51.03455433453013],[-114.06471843509921,51.0342419815892]]}},{"type":"Feature","id":"pathway-ee95ee36ba5c","properties":{"id":"pathway-ee95ee36ba5c","layer":"pathway","assetCode":"ERL246","name":null,"type":"LOCAL","status":"ACTIVE","nearCommunities":[{"communityCode":"BLN","intersectsCommunity":false,"distanceToCommunityM":269}],"sourceDatasetId":"qndb-27qm","surface":"ASPHALT","operationalStatus":"OPEN","greenway":"NO","transCanadaTrail":"NO"},"geometry":{"type":"LineString","coordinates":[[-114.0651225677181,51.035315639326946],[-114.06531516718726,51.035421287252554],[-114.06540256993792,51.0354211197088]]}},{"type":"Feature","id":"pathway-886a14045938","properties":{"id":"pathway-886a14045938","layer":"pathway","assetCode":"ERL246","name":null,"type":"REGIONAL","status":"ACTIVE","nearCommunities":[{"communityCode":"BLN","intersectsCommunity":false,"distanceToCommunityM":350}],"sourceDatasetId":"qndb-27qm","surface":"ASPHALT","operationalStatus":"OPEN","greenway":"NO","transCanadaTrail":"YES"},"geometry":{"type":"LineString","coordinates":[[-114.06670192515422,51.03469736948115],[-114.06706251717374,51.034394163596076]]}},{"type":"Feature","id":"pathway-981408af6015","properties":{"id":"pathway-981408af6015","layer":"pathway","assetCode":"ERL246","name":null,"type":"REGIONAL","status":"ACTIVE","nearCommunities":[{"communityCode":"BLN","intersectsCommunity":false,"distanceToCommunityM":383}],"sourceDatasetId":"qndb-27qm","surface":"ASPHALT","operationalStatus":"OPEN","greenway":"NO","transCanadaTrail":"YES"},"geometry":{"type":"LineString","coordinates":[[-114.06706217040127,51.03439394444515],[-114.06708412198554,51.03424485530004]]}},{"type":"Feature","id":"pathway-2393f36a13ec","properties":{"id":"pathway-2393f36a13ec","layer":"pathway","assetCode":"ERL246","name":null,"type":"REGIONAL","status":"ACTIVE","nearCommunities":[{"communityCode":"BLN","intersectsCommunity":false,"distanceToCommunityM":369}],"sourceDatasetId":"qndb-27qm","surface":"ASPHALT","operationalStatus":"OPEN","greenway":"NO","transCanadaTrail":"YES"},"geometry":{"type":"LineString","coordinates":[[-114.06544345549106,51.03373164771531],[-114.0657604601468,51.03383666514386],[-114.06616310328809,51.03390161801228]]}},{"type":"Feature","id":"pathway-f496682619d3","properties":{"id":"pathway-f496682619d3","layer":"pathway","assetCode":"ERL246","name":null,"type":"REGIONAL","status":"ACTIVE","nearCommunities":[{"communityCode":"BLN","intersectsCommunity":false,"distanceToCommunityM":265}],"sourceDatasetId":"qndb-27qm","surface":"ASPHALT","operationalStatus":"OPEN","greenway":"NO","transCanadaTrail":"YES"},"geometry":{"type":"LineString","coordinates":[[-114.065598231277,51.03546087598961],[-114.06568423902901,51.03539367785626],[-114.06600902340375,51.03527001167859],[-114.06626340487273,51.035125650576234],[-114.06670192515422,51.03469736948115]]}},{"type":"Feature","id":"pathway-56f83a909c67","properties":{"id":"pathway-56f83a909c67","layer":"pathway","assetCode":"EAU120","name":null,"type":"LOCAL","status":"ACTIVE","nearCommunities":[{"communityCode":"SSD","intersectsCommunity":false,"distanceToCommunityM":160}],"sourceDatasetId":"qndb-27qm","surface":"ASPHALT","operationalStatus":"OPEN","greenway":"NO","transCanadaTrail":"NO"},"geometry":{"type":"LineString","coordinates":[[-114.06904506708155,51.05527695289681],[-114.06844074320188,51.055092493181576],[-114.06834991982076,51.05504599037179],[-114.06819975758759,51.0548332500904],[-114.06800935281883,51.05475461468837]]}},{"type":"Feature","id":"pathway-28b1594f66c1","properties":{"id":"pathway-28b1594f66c1","layer":"pathway","assetCode":"EAU131","name":null,"type":"REGIONAL","status":"ACTIVE","nearCommunities":[{"communityCode":"HIL","intersectsCommunity":false,"distanceToCommunityM":398},{"communityCode":"SSD","intersectsCommunity":false,"distanceToCommunityM":65}],"sourceDatasetId":"qndb-27qm","surface":"ASPHALT","operationalStatus":"OPEN","greenway":"NO","transCanadaTrail":"NO"},"geometry":{"type":"LineString","coordinates":[[-114.07831783739294,51.05270684661644],[-114.07926674336142,51.05235369296581]]}},{"type":"Feature","id":"pathway-cf56419e9121","properties":{"id":"pathway-cf56419e9121","layer":"pathway","assetCode":"CRE495","name":null,"type":"REGIONAL","status":"ACTIVE","nearCommunities":[{"communityCode":"SSD","intersectsCommunity":false,"distanceToCommunityM":256}],"sourceDatasetId":"qndb-27qm","surface":"ASPHALT","operationalStatus":"OPEN","greenway":"NO","transCanadaTrail":"YES"},"geometry":{"type":"LineString","coordinates":[[-114.05890813845315,51.052589703390595],[-114.0578113074187,51.05225609855831]]}},{"type":"Feature","id":"pathway-29fb6f8b4a53","properties":{"id":"pathway-29fb6f8b4a53","layer":"pathway","assetCode":"CRE495","name":null,"type":"REGIONAL","status":"ACTIVE","nearCommunities":[{"communityCode":"SSD","intersectsCommunity":false,"distanceToCommunityM":333},{"communityCode":"BRD","intersectsCommunity":false,"distanceToCommunityM":349}],"sourceDatasetId":"qndb-27qm","surface":"ASPHALT","operationalStatus":"OPEN","greenway":"NO","transCanadaTrail":"YES"},"geometry":{"type":"LineString","coordinates":[[-114.0578113074187,51.05225609855831],[-114.05670091717947,51.05194501104909]]}},{"type":"Feature","id":"pathway-729896f9bf34","properties":{"id":"pathway-729896f9bf34","layer":"pathway","assetCode":"BRD099","name":null,"type":"REGIONAL","status":"ACTIVE","nearCommunities":[{"communityCode":"BRD","intersectsCommunity":true,"distanceToCommunityM":0}],"sourceDatasetId":"qndb-27qm","surface":"ASPHALT","operationalStatus":"OPEN","greenway":"NO","transCanadaTrail":"YES"},"geometry":{"type":"LineString","coordinates":[[-114.02904563334587,51.04655947804987],[-114.02875785610422,51.04656061359414],[-114.02858572269685,51.046526777121535],[-114.02752151217409,51.04603333990642]]}},{"type":"Feature","id":"pathway-ae3fcaa2e87d","properties":{"id":"pathway-ae3fcaa2e87d","layer":"pathway","assetCode":"BRD099","name":null,"type":"REGIONAL","status":"ACTIVE","nearCommunities":[{"communityCode":"BRD","intersectsCommunity":true,"distanceToCommunityM":0}],"sourceDatasetId":"qndb-27qm","surface":"ASPHALT","operationalStatus":"OPEN","greenway":"NO","transCanadaTrail":"YES"},"geometry":{"type":"LineString","coordinates":[[-114.02752151217409,51.04603333990642],[-114.02719847577112,51.045867907378216],[-114.02657908942479,51.04532825782247],[-114.02631829132825,51.04521632634796]]}},{"type":"Feature","id":"pathway-6d603d2b972a","properties":{"id":"pathway-6d603d2b972a","layer":"pathway","assetCode":"BRD099","name":null,"type":"REGIONAL","status":"ACTIVE","nearCommunities":[{"communityCode":"BRD","intersectsCommunity":true,"distanceToCommunityM":0}],"sourceDatasetId":"qndb-27qm","surface":"ASPHALT","operationalStatus":"OPEN","greenway":"NO","transCanadaTrail":"YES"},"geometry":{"type":"LineString","coordinates":[[-114.02631829132825,51.04521632634796],[-114.0254806785527,51.044843869552736],[-114.02480529029654,51.04463202524592]]}},{"type":"Feature","id":"pathway-bc78be07f089","properties":{"id":"pathway-bc78be07f089","layer":"pathway","assetCode":"BRD099","name":null,"type":"REGIONAL","status":"ACTIVE","nearCommunities":[{"communityCode":"BRD","intersectsCommunity":true,"distanceToCommunityM":0}],"sourceDatasetId":"qndb-27qm","surface":"ASPHALT","operationalStatus":"OPEN","greenway":"NO","transCanadaTrail":"YES"},"geometry":{"type":"LineString","coordinates":[[-114.02480529029654,51.04463202524592],[-114.02377787750136,51.04437936746209],[-114.02309969445568,51.04431948890042]]}},{"type":"Feature","id":"pathway-4c913a773a09","properties":{"id":"pathway-4c913a773a09","layer":"pathway","assetCode":"BRD099","name":null,"type":"REGIONAL","status":"ACTIVE","nearCommunities":[{"communityCode":"BRD","intersectsCommunity":true,"distanceToCommunityM":0}],"sourceDatasetId":"qndb-27qm","surface":"ASPHALT","operationalStatus":"OPEN","greenway":"NO","transCanadaTrail":"YES"},"geometry":{"type":"LineString","coordinates":[[-114.02309969445568,51.04431948890042],[-114.0225672592552,51.04429126177081],[-114.02227220464208,51.044325360692355],[-114.02175715993329,51.04448761092367],[-114.0214745073724,51.044635955143825]]}},{"type":"Feature","id":"pathway-0078087c8107","properties":{"id":"pathway-0078087c8107","layer":"pathway","assetCode":"BRD099","name":null,"type":"REGIONAL","status":"ACTIVE","nearCommunities":[{"communityCode":"BRD","intersectsCommunity":true,"distanceToCommunityM":0}],"sourceDatasetId":"qndb-27qm","surface":"ASPHALT","operationalStatus":"OPEN","greenway":"NO","transCanadaTrail":"YES"},"geometry":{"type":"LineString","coordinates":[[-114.0214745073724,51.044635955143825],[-114.02077632330493,51.045026071238276],[-114.02032916684354,51.04510040865633],[-114.01994488980478,51.04509375323983]]}},{"type":"Feature","id":"pathway-86f8f6b923a9","properties":{"id":"pathway-86f8f6b923a9","layer":"pathway","assetCode":"BRD099","name":null,"type":"REGIONAL","status":"ACTIVE","nearCommunities":[{"communityCode":"BRD","intersectsCommunity":true,"distanceToCommunityM":0}],"sourceDatasetId":"qndb-27qm","surface":"ASPHALT","operationalStatus":"OPEN","greenway":"NO","transCanadaTrail":"YES"},"geometry":{"type":"LineString","coordinates":[[-114.01994488980478,51.04509375323983],[-114.01979420370772,51.04514392628161],[-114.01973358589231,51.04520185558022],[-114.01961210314695,51.04546981140073],[-114.01969713234818,51.04612957237553]]}},{"type":"Feature","id":"pathway-aaaad4534e69","properties":{"id":"pathway-aaaad4534e69","layer":"pathway","assetCode":"ING037","name":null,"type":"REGIONAL","status":"ACTIVE","nearCommunities":[{"communityCode":"BRD","intersectsCommunity":false,"distanceToCommunityM":32}],"sourceDatasetId":"qndb-27qm","surface":"ASPHALT","operationalStatus":"OPEN","greenway":"NO","transCanadaTrail":"YES"},"geometry":{"type":"LineString","coordinates":[[-114.014118980349,51.04252255375236],[-114.01386869070281,51.04244461213858],[-114.01378271647633,51.04238790246408]]}},{"type":"Feature","id":"pathway-f68aff8e654e","properties":{"id":"pathway-f68aff8e654e","layer":"pathway","assetCode":"ING037","name":null,"type":"REGIONAL","status":"ACTIVE","nearCommunities":[{"communityCode":"BRD","intersectsCommunity":false,"distanceToCommunityM":38}],"sourceDatasetId":"qndb-27qm","surface":"ASPHALT","operationalStatus":"OPEN","greenway":"NO","transCanadaTrail":"YES"},"geometry":{"type":"LineString","coordinates":[[-114.0147342848556,51.042780562345015],[-114.01436188046658,51.042593131345356],[-114.014118980349,51.04252255375236]]}},{"type":"Feature","id":"pathway-b7e98c37974a","properties":{"id":"pathway-b7e98c37974a","layer":"pathway","assetCode":"ING037","name":null,"type":"REGIONAL","status":"ACTIVE","nearCommunities":[{"communityCode":"BRD","intersectsCommunity":false,"distanceToCommunityM":42}],"sourceDatasetId":"qndb-27qm","surface":"ASPHALT","operationalStatus":"OPEN","greenway":"NO","transCanadaTrail":"YES"},"geometry":{"type":"LineString","coordinates":[[-114.01492077310253,51.0428645405781],[-114.0147342848556,51.042780562345015]]}},{"type":"Feature","id":"pathway-494c6391d013","properties":{"id":"pathway-494c6391d013","layer":"pathway","assetCode":"ING037","name":null,"type":"REGIONAL","status":"ACTIVE","nearCommunities":[{"communityCode":"BRD","intersectsCommunity":false,"distanceToCommunityM":33}],"sourceDatasetId":"qndb-27qm","surface":"ASPHALT","operationalStatus":"OPEN","greenway":"NO","transCanadaTrail":"YES"},"geometry":{"type":"LineString","coordinates":[[-114.01373572286789,51.04217543556502],[-114.0137851174272,51.042304810043795],[-114.01378271647633,51.04238790246408]]}},{"type":"Feature","id":"pathway-c330391e0410","properties":{"id":"pathway-c330391e0410","layer":"pathway","assetCode":"SSD495","name":null,"type":"REGIONAL","status":"ACTIVE","nearCommunities":[{"communityCode":"SSD","intersectsCommunity":true,"distanceToCommunityM":0}],"sourceDatasetId":"qndb-27qm","surface":"ASPHALT","operationalStatus":"OPEN","greenway":"NO","transCanadaTrail":"YES"},"geometry":{"type":"LineString","coordinates":[[-114.07066519626008,51.0574159381426],[-114.07041544067549,51.05745016078161]]}},{"type":"Feature","id":"pathway-8aa34cd84c60","properties":{"id":"pathway-8aa34cd84c60","layer":"pathway","assetCode":"WHL495","name":null,"type":"REGIONAL","status":"ACTIVE","nearCommunities":[{"communityCode":"HIL","intersectsCommunity":false,"distanceToCommunityM":392}],"sourceDatasetId":"qndb-27qm","surface":"ASPHALT","operationalStatus":"OPEN","greenway":"NO","transCanadaTrail":"NO"},"geometry":{"type":"LineString","coordinates":[[-114.10890789260668,51.04894159431775],[-114.10880500038428,51.04891560464495]]}},{"type":"Feature","id":"pathway-4cf3f7e411bb","properties":{"id":"pathway-4cf3f7e411bb","layer":"pathway","assetCode":"CRE876","name":null,"type":"LOCAL","status":"ACTIVE","nearCommunities":[{"communityCode":"SSD","intersectsCommunity":false,"distanceToCommunityM":66}],"sourceDatasetId":"qndb-27qm","surface":"ASPHALT","operationalStatus":"OPEN","greenway":"NO","transCanadaTrail":"NO"},"geometry":{"type":"LineString","coordinates":[[-114.06147267800313,51.05648676182368],[-114.06148328752943,51.05558504810998]]}},{"type":"Feature","id":"pathway-deb2d8bed612","properties":{"id":"pathway-deb2d8bed612","layer":"pathway","assetCode":"RDL560","name":null,"type":"REGIONAL","status":"ACTIVE","nearCommunities":[{"communityCode":"HIL","intersectsCommunity":false,"distanceToCommunityM":114},{"communityCode":"SSD","intersectsCommunity":true,"distanceToCommunityM":0}],"sourceDatasetId":"qndb-27qm","surface":"ASPHALT","operationalStatus":"OPEN","greenway":"NO","transCanadaTrail":"NO"},"geometry":{"type":"LineString","coordinates":[[-114.08401341039836,51.059164568578886],[-114.08436778433364,51.05924688115786]]}},{"type":"Feature","id":"pathway-680569bd4fc6","properties":{"id":"pathway-680569bd4fc6","layer":"pathway","assetCode":"CRE876","name":null,"type":"LOCAL","status":"ACTIVE","nearCommunities":[{"communityCode":"SSD","intersectsCommunity":false,"distanceToCommunityM":200}],"sourceDatasetId":"qndb-27qm","surface":"ASPHALT","operationalStatus":"OPEN","greenway":"NO","transCanadaTrail":"NO"},"geometry":{"type":"LineString","coordinates":[[-114.06211199099948,51.058610474003714],[-114.06214728197916,51.058723154777944]]}},{"type":"Feature","id":"pathway-cf7b5c6343f1","properties":{"id":"pathway-cf7b5c6343f1","layer":"pathway","assetCode":"CRE876","name":null,"type":"LOCAL","status":"ACTIVE","nearCommunities":[{"communityCode":"SSD","intersectsCommunity":false,"distanceToCommunityM":200}],"sourceDatasetId":"qndb-27qm","surface":"ASPHALT","operationalStatus":"OPEN","greenway":"NO","transCanadaTrail":"NO"},"geometry":{"type":"LineString","coordinates":[[-114.06211199099948,51.058610474003714],[-114.06206386477325,51.05861523894286]]}},{"type":"Feature","id":"pathway-fc1f54e70aa0","properties":{"id":"pathway-fc1f54e70aa0","layer":"pathway","assetCode":"SSD560","name":null,"type":"REGIONAL","status":"ACTIVE","nearCommunities":[{"communityCode":"SSD","intersectsCommunity":true,"distanceToCommunityM":0}],"sourceDatasetId":"qndb-27qm","surface":"ASPHALT","operationalStatus":"OPEN","greenway":"NO","transCanadaTrail":"NO"},"geometry":{"type":"LineString","coordinates":[[-114.07383337694391,51.06133616336646],[-114.07356578514798,51.06134276870994],[-114.07322882062621,51.06127262772557],[-114.07305079438095,51.06116464775263],[-114.07281452820767,51.06108678156895]]}},{"type":"Feature","id":"pathway-e9529893ef51","properties":{"id":"pathway-e9529893ef51","layer":"pathway","assetCode":"ALB635","name":null,"type":"LOCAL","status":"ACTIVE","nearCommunities":[{"communityCode":"BRD","intersectsCommunity":false,"distanceToCommunityM":317}],"sourceDatasetId":"qndb-27qm","surface":"ASPHALT","operationalStatus":"OPEN","greenway":"NO","transCanadaTrail":"NO"},"geometry":{"type":"LineString","coordinates":[[-114.00749669535047,51.04384443968609],[-114.00731460175126,51.043797366590645],[-114.00705302096556,51.04358733751797],[-114.00664371883778,51.04347171395479]]}},{"type":"Feature","id":"pathway-e4113c416e4d","properties":{"id":"pathway-e4113c416e4d","layer":"pathway","assetCode":"REN678","name":null,"type":"REGIONAL","status":"ACTIVE","nearCommunities":[{"communityCode":"BRD","intersectsCommunity":false,"distanceToCommunityM":245}],"sourceDatasetId":"qndb-27qm","surface":"ASPHALT","operationalStatus":"OPEN","greenway":"NO","transCanadaTrail":"NO"},"geometry":{"type":"LineString","coordinates":[[-114.03254882383202,51.05946291855596],[-114.03241741367334,51.059312356743284],[-114.03197776574206,51.058941343914185],[-114.03181976629519,51.05886584109202]]}},{"type":"Feature","id":"pathway-ce2ff25e9972","properties":{"id":"pathway-ce2ff25e9972","layer":"pathway","assetCode":"SSD560","name":null,"type":"REGIONAL","status":"ACTIVE","nearCommunities":[{"communityCode":"SSD","intersectsCommunity":true,"distanceToCommunityM":0}],"sourceDatasetId":"qndb-27qm","surface":"ASPHALT","operationalStatus":"OPEN","greenway":"NO","transCanadaTrail":"NO"},"geometry":{"type":"LineString","coordinates":[[-114.07281452820767,51.06108678156895],[-114.07194529662894,51.06062586361557]]}},{"type":"Feature","id":"pathway-dbff46a61e23","properties":{"id":"pathway-dbff46a61e23","layer":"pathway","assetCode":"SSD560","name":null,"type":"REGIONAL","status":"ACTIVE","nearCommunities":[{"communityCode":"SSD","intersectsCommunity":true,"distanceToCommunityM":0}],"sourceDatasetId":"qndb-27qm","surface":"ASPHALT","operationalStatus":"OPEN","greenway":"NO","transCanadaTrail":"NO"},"geometry":{"type":"LineString","coordinates":[[-114.07194529662894,51.06062586361557],[-114.07150678427571,51.06036622308773],[-114.07147492886968,51.060313886497084],[-114.0714625199657,51.06011225307815],[-114.07138716687965,51.060052470797984]]}},{"type":"Feature","id":"pathway-f18658e09474","properties":{"id":"pathway-f18658e09474","layer":"pathway","assetCode":"SSD560","name":null,"type":"REGIONAL","status":"ACTIVE","nearCommunities":[{"communityCode":"SSD","intersectsCommunity":true,"distanceToCommunityM":0}],"sourceDatasetId":"qndb-27qm","surface":"ASPHALT","operationalStatus":"OPEN","greenway":"NO","transCanadaTrail":"NO"},"geometry":{"type":"LineString","coordinates":[[-114.07138716687965,51.060052470797984],[-114.07103184337892,51.059951060372775],[-114.07052431493885,51.05968512120257],[-114.07048835591416,51.059641458288624]]}},{"type":"Feature","id":"pathway-62b57ddffb02","properties":{"id":"pathway-62b57ddffb02","layer":"pathway","assetCode":"ERL246","name":null,"type":"REGIONAL","status":"ACTIVE","nearCommunities":[{"communityCode":"BLN","intersectsCommunity":false,"distanceToCommunityM":357}],"sourceDatasetId":"qndb-27qm","surface":"ASPHALT","operationalStatus":"OPEN","greenway":"NO","transCanadaTrail":"YES"},"geometry":{"type":"LineString","coordinates":[[-114.06487266384016,51.03345614329225],[-114.06462230741163,51.033343999095365]]}},{"type":"Feature","id":"pathway-2222b5281811","properties":{"id":"pathway-2222b5281811","layer":"pathway","assetCode":"ERL246","name":null,"type":"REGIONAL","status":"ACTIVE","nearCommunities":[{"communityCode":"BLN","intersectsCommunity":false,"distanceToCommunityM":398}],"sourceDatasetId":"qndb-27qm","surface":"ASPHALT","operationalStatus":"OPEN","greenway":"NO","transCanadaTrail":"YES"},"geometry":{"type":"LineString","coordinates":[[-114.06366420249441,51.03182483866975],[-114.0636477953291,51.03177855875913]]}},{"type":"Feature","id":"pathway-fb226980149a","properties":{"id":"pathway-fb226980149a","layer":"pathway","assetCode":"ERL246","name":null,"type":"REGIONAL","status":"ACTIVE","nearCommunities":[{"communityCode":"BLN","intersectsCommunity":false,"distanceToCommunityM":394}],"sourceDatasetId":"qndb-27qm","surface":"ASPHALT","operationalStatus":"OPEN","greenway":"NO","transCanadaTrail":"YES"},"geometry":{"type":"LineString","coordinates":[[-114.06372068725034,51.03192349021439],[-114.06366420249441,51.03182483866975]]}},{"type":"Feature","id":"pathway-9e306530ce7f","properties":{"id":"pathway-9e306530ce7f","layer":"pathway","assetCode":"BRD494","name":null,"type":"REGIONAL","status":"ACTIVE","nearCommunities":[{"communityCode":"BRD","intersectsCommunity":true,"distanceToCommunityM":0}],"sourceDatasetId":"qndb-27qm","surface":"ASPHALT","operationalStatus":"OPEN","greenway":"NO","transCanadaTrail":"NO"},"geometry":{"type":"LineString","coordinates":[[-114.05138452197538,51.050403239525224],[-114.05178934565076,51.0503909696759]]}},{"type":"Feature","id":"pathway-59eb8280337d","properties":{"id":"pathway-59eb8280337d","layer":"pathway","assetCode":"HIL498","name":null,"type":"REGIONAL","status":"ACTIVE","nearCommunities":[{"communityCode":"HIL","intersectsCommunity":true,"distanceToCommunityM":0}],"sourceDatasetId":"qndb-27qm","surface":"ASPHALT","operationalStatus":"OPEN","greenway":"NO","transCanadaTrail":"NO"},"geometry":{"type":"LineString","coordinates":[[-114.09517979613724,51.048907296821085],[-114.09552461711326,51.04882929930925]]}},{"type":"Feature","id":"pathway-548cf6e45815","properties":{"id":"pathway-548cf6e45815","layer":"pathway","assetCode":"MNI415","name":null,"type":"REGIONAL","status":"ACTIVE","nearCommunities":[{"communityCode":"BLN","intersectsCommunity":false,"distanceToCommunityM":6}],"sourceDatasetId":"qndb-27qm","surface":"ASPHALT","operationalStatus":"OPEN","greenway":"NO","transCanadaTrail":"YES"},"geometry":{"type":"LineString","coordinates":[[-114.05478590438626,51.0313229073081],[-114.05477024934872,51.031403981555776],[-114.05491001746408,51.03151125094052],[-114.0554351755441,51.03170382065828],[-114.05615211325981,51.03207336540239]]}},{"type":"Feature","id":"pathway-3f804521ee19","properties":{"id":"pathway-3f804521ee19","layer":"pathway","assetCode":"MNI415","name":null,"type":"REGIONAL","status":"ACTIVE","nearCommunities":[{"communityCode":"BLN","intersectsCommunity":false,"distanceToCommunityM":2}],"sourceDatasetId":"qndb-27qm","surface":"ASPHALT","operationalStatus":"OPEN","greenway":"NO","transCanadaTrail":"YES"},"geometry":{"type":"LineString","coordinates":[[-114.05028676377606,51.03106949315534],[-114.05047380515767,51.03078843413143],[-114.05068453473365,51.0305943988431],[-114.05098489084229,51.03022697643274],[-114.05116374591631,51.03007930624574]]}},{"type":"Feature","id":"pathway-8bbf4f4deb97","properties":{"id":"pathway-8bbf4f4deb97","layer":"pathway","assetCode":"MNI415","name":null,"type":"REGIONAL","status":"ACTIVE","nearCommunities":[{"communityCode":"BLN","intersectsCommunity":false,"distanceToCommunityM":4}],"sourceDatasetId":"qndb-27qm","surface":"ASPHALT","operationalStatus":"OPEN","greenway":"NO","transCanadaTrail":"YES"},"geometry":{"type":"LineString","coordinates":[[-114.05116374591631,51.03007930624574],[-114.05143744136312,51.030016684819955],[-114.05192241454446,51.0300156019473]]}},{"type":"Feature","id":"pathway-f9855eb0fcb1","properties":{"id":"pathway-f9855eb0fcb1","layer":"pathway","assetCode":"MNI415","name":null,"type":"REGIONAL","status":"ACTIVE","nearCommunities":[{"communityCode":"BLN","intersectsCommunity":false,"distanceToCommunityM":15}],"sourceDatasetId":"qndb-27qm","surface":"ASPHALT","operationalStatus":"OPEN","greenway":"NO","transCanadaTrail":"YES"},"geometry":{"type":"LineString","coordinates":[[-114.05445870386644,51.03097923986964],[-114.05476662344877,51.03126206020081],[-114.05478722515548,51.03132342989266]]}},{"type":"Feature","id":"pathway-e5d6c9fd4524","properties":{"id":"pathway-e5d6c9fd4524","layer":"pathway","assetCode":"SSD495","name":null,"type":"REGIONAL","status":"ACTIVE","nearCommunities":[{"communityCode":"SSD","intersectsCommunity":true,"distanceToCommunityM":0}],"sourceDatasetId":"qndb-27qm","surface":"ASPHALT","operationalStatus":"OPEN","greenway":"NO","transCanadaTrail":"YES"},"geometry":{"type":"LineString","coordinates":[[-114.07746222685289,51.05569843779201],[-114.0767129640444,51.056151245063305]]}},{"type":"Feature","id":"pathway-7f54098d11d0","properties":{"id":"pathway-7f54098d11d0","layer":"pathway","assetCode":"SSD495","name":null,"type":"REGIONAL","status":"ACTIVE","nearCommunities":[{"communityCode":"SSD","intersectsCommunity":true,"distanceToCommunityM":0}],"sourceDatasetId":"qndb-27qm","surface":"ASPHALT","operationalStatus":"OPEN","greenway":"NO","transCanadaTrail":"YES"},"geometry":{"type":"LineString","coordinates":[[-114.07606301432226,51.05656041964344],[-114.07562218455402,51.05679256573433],[-114.07523183769365,51.05690139990205],[-114.0750134579896,51.0569971314934],[-114.07462716151544,51.05709949293764],[-114.0743669842453,51.05708180068534]]}},{"type":"Feature","id":"pathway-e6ea8d927048","properties":{"id":"pathway-e6ea8d927048","layer":"pathway","assetCode":"ALB635","name":null,"type":"REGIONAL","status":"ACTIVE","nearCommunities":[{"communityCode":"BRD","intersectsCommunity":false,"distanceToCommunityM":346}],"sourceDatasetId":"qndb-27qm","surface":"ASPHALT","operationalStatus":"OPEN","greenway":"NO","transCanadaTrail":"NO"},"geometry":{"type":"LineString","coordinates":[[-114.00703016153659,51.04428317669224],[-114.00687447762027,51.0441433416529],[-114.00666721546796,51.04387926583488]]}},{"type":"Feature","id":"pathway-185e4e0f5da8","properties":{"id":"pathway-185e4e0f5da8","layer":"pathway","assetCode":"ALB635","name":null,"type":"REGIONAL","status":"ACTIVE","nearCommunities":[{"communityCode":"BRD","intersectsCommunity":false,"distanceToCommunityM":375}],"sourceDatasetId":"qndb-27qm","surface":"ASPHALT","operationalStatus":"OPEN","greenway":"NO","transCanadaTrail":"NO"},"geometry":{"type":"LineString","coordinates":[[-114.00666721546796,51.04387926583488],[-114.00646358949044,51.04378129096556],[-114.00641869803262,51.04364769339733],[-114.0063454407284,51.04356149949034]]}},{"type":"Feature","id":"pathway-5f8aa25626f2","properties":{"id":"pathway-5f8aa25626f2","layer":"pathway","assetCode":"HIL495","name":null,"type":"REGIONAL","status":"ACTIVE","nearCommunities":[{"communityCode":"HIL","intersectsCommunity":true,"distanceToCommunityM":0}],"sourceDatasetId":"qndb-27qm","surface":"ASPHALT","operationalStatus":"OPEN","greenway":"NO","transCanadaTrail":"YES"},"geometry":{"type":"LineString","coordinates":[[-114.09470031107922,51.04871798772021],[-114.09433136568919,51.04875250816543],[-114.09404111925461,51.048850930571334]]}},{"type":"Feature","id":"pathway-b58e68a729f9","properties":{"id":"pathway-b58e68a729f9","layer":"pathway","assetCode":"HIL498","name":null,"type":"REGIONAL","status":"ACTIVE","nearCommunities":[{"communityCode":"HIL","intersectsCommunity":true,"distanceToCommunityM":0}],"sourceDatasetId":"qndb-27qm","surface":"ASPHALT","operationalStatus":"OPEN","greenway":"NO","transCanadaTrail":"YES"},"geometry":{"type":"LineString","coordinates":[[-114.09552461711326,51.04882929930925],[-114.09520523864634,51.04878519108172]]}},{"type":"Feature","id":"pathway-a5fa76a1d6c9","properties":{"id":"pathway-a5fa76a1d6c9","layer":"pathway","assetCode":"HIL498","name":null,"type":"REGIONAL","status":"ACTIVE","nearCommunities":[{"communityCode":"HIL","intersectsCommunity":true,"distanceToCommunityM":0}],"sourceDatasetId":"qndb-27qm","surface":"ASPHALT","operationalStatus":"OPEN","greenway":"NO","transCanadaTrail":"NO"},"geometry":{"type":"LineString","coordinates":[[-114.09520523864634,51.04878519108172],[-114.09517979613724,51.048907296821085]]}},{"type":"Feature","id":"pathway-b4cf774c0c22","properties":{"id":"pathway-b4cf774c0c22","layer":"pathway","assetCode":"HIL498","name":null,"type":"REGIONAL","status":"ACTIVE","nearCommunities":[{"communityCode":"HIL","intersectsCommunity":true,"distanceToCommunityM":0}],"sourceDatasetId":"qndb-27qm","surface":"ASPHALT","operationalStatus":"OPEN","greenway":"NO","transCanadaTrail":"NO"},"geometry":{"type":"LineString","coordinates":[[-114.09517979613724,51.048907296821085],[-114.09502067741174,51.04893797158765]]}},{"type":"Feature","id":"pathway-7e9b75869d87","properties":{"id":"pathway-7e9b75869d87","layer":"pathway","assetCode":"HIL495","name":null,"type":"REGIONAL","status":"ACTIVE","nearCommunities":[{"communityCode":"HIL","intersectsCommunity":true,"distanceToCommunityM":0}],"sourceDatasetId":"qndb-27qm","surface":"ASPHALT","operationalStatus":"OPEN","greenway":"NO","transCanadaTrail":"NO"},"geometry":{"type":"LineString","coordinates":[[-114.09453166448979,51.04892739974228],[-114.0942416912761,51.048931678384065],[-114.09404111925461,51.048850930571334]]}},{"type":"Feature","id":"pathway-96cd737d0cd7","properties":{"id":"pathway-96cd737d0cd7","layer":"pathway","assetCode":"HIL498","name":null,"type":"REGIONAL","status":"ACTIVE","nearCommunities":[{"communityCode":"HIL","intersectsCommunity":true,"distanceToCommunityM":0}],"sourceDatasetId":"qndb-27qm","surface":"ASPHALT","operationalStatus":"OPEN","greenway":"NO","transCanadaTrail":"NO"},"geometry":{"type":"LineString","coordinates":[[-114.09502067741174,51.04893797158765],[-114.09495427919062,51.04898659435689]]}},{"type":"Feature","id":"pathway-0c632bb735cc","properties":{"id":"pathway-0c632bb735cc","layer":"pathway","assetCode":"MNI415","name":null,"type":"REGIONAL","status":"ACTIVE","nearCommunities":[{"communityCode":"BLN","intersectsCommunity":false,"distanceToCommunityM":53}],"sourceDatasetId":"qndb-27qm","surface":"ASPHALT","operationalStatus":"OPEN","greenway":"NO","transCanadaTrail":"NO"},"geometry":{"type":"LineString","coordinates":[[-114.05463953538681,51.03067767412823],[-114.05493944131348,51.0307501186109],[-114.05534383263165,51.0309084135979],[-114.05544658199695,51.03090784169071]]}},{"type":"Feature","id":"pathway-16ea16e4391c","properties":{"id":"pathway-16ea16e4391c","layer":"pathway","assetCode":"MNI415","name":null,"type":"REGIONAL","status":"ACTIVE","nearCommunities":[{"communityCode":"BLN","intersectsCommunity":false,"distanceToCommunityM":52}],"sourceDatasetId":"qndb-27qm","surface":"ASPHALT","operationalStatus":"OPEN","greenway":"NO","transCanadaTrail":"YES"},"geometry":{"type":"LineString","coordinates":[[-114.05467207484709,51.030747464362385],[-114.05463953538681,51.03067767412823]]}},{"type":"Feature","id":"pathway-ecc7018f2740","properties":{"id":"pathway-ecc7018f2740","layer":"pathway","assetCode":"MNI415","name":null,"type":"REGIONAL","status":"ACTIVE","nearCommunities":[{"communityCode":"BLN","intersectsCommunity":false,"distanceToCommunityM":8}],"sourceDatasetId":"qndb-27qm","surface":"ASPHALT","operationalStatus":"OPEN","greenway":"NO","transCanadaTrail":"YES"},"geometry":{"type":"LineString","coordinates":[[-114.05866731826319,51.03344118195691],[-114.05878014620416,51.03357273162828]]}},{"type":"Feature","id":"pathway-0aa5e93b8eeb","properties":{"id":"pathway-0aa5e93b8eeb","layer":"pathway","assetCode":"MNI415","name":null,"type":"REGIONAL","status":"ACTIVE","nearCommunities":[{"communityCode":"BLN","intersectsCommunity":false,"distanceToCommunityM":2}],"sourceDatasetId":"qndb-27qm","surface":"ASPHALT","operationalStatus":"OPEN","greenway":"NO","transCanadaTrail":"YES"},"geometry":{"type":"LineString","coordinates":[[-114.05878014620416,51.03357273162828],[-114.05891226673891,51.033654056512475],[-114.05920914706147,51.03402153695106]]}},{"type":"Feature","id":"pathway-3a9277b1fc69","properties":{"id":"pathway-3a9277b1fc69","layer":"pathway","assetCode":"MNI415","name":null,"type":"REGIONAL","status":"ACTIVE","nearCommunities":[{"communityCode":"BLN","intersectsCommunity":false,"distanceToCommunityM":12}],"sourceDatasetId":"qndb-27qm","surface":"ASPHALT","operationalStatus":"OPEN","greenway":"NO","transCanadaTrail":"YES"},"geometry":{"type":"LineString","coordinates":[[-114.05814142572949,51.03295695467701],[-114.05846922000333,51.033202704011046],[-114.05857275295365,51.03331758434634]]}},{"type":"Feature","id":"pathway-fb03d55f8198","properties":{"id":"pathway-fb03d55f8198","layer":"pathway","assetCode":"MNI415","name":null,"type":"REGIONAL","status":"ACTIVE","nearCommunities":[{"communityCode":"BLN","intersectsCommunity":false,"distanceToCommunityM":10}],"sourceDatasetId":"qndb-27qm","surface":"ASPHALT","operationalStatus":"OPEN","greenway":"NO","transCanadaTrail":"YES"},"geometry":{"type":"LineString","coordinates":[[-114.05857275295365,51.03331758434634],[-114.05866731826319,51.03344118195691]]}},{"type":"Feature","id":"pathway-a745bdc0fb08","properties":{"id":"pathway-a745bdc0fb08","layer":"pathway","assetCode":"ERL246","name":null,"type":"LOCAL","status":"ACTIVE","nearCommunities":[{"communityCode":"BLN","intersectsCommunity":false,"distanceToCommunityM":165}],"sourceDatasetId":"qndb-27qm","surface":"ASPHALT","operationalStatus":"OPEN","greenway":"NO","transCanadaTrail":"NO"},"geometry":{"type":"LineString","coordinates":[[-114.06381816323116,51.0352754096807],[-114.0635180098577,51.03530689707687]]}},{"type":"Feature","id":"pathway-c1e74d57ca04","properties":{"id":"pathway-c1e74d57ca04","layer":"pathway","assetCode":"SSD495","name":null,"type":"REGIONAL","status":"ACTIVE","nearCommunities":[{"communityCode":"SSD","intersectsCommunity":true,"distanceToCommunityM":0}],"sourceDatasetId":"qndb-27qm","surface":"ASPHALT","operationalStatus":"OPEN","greenway":"NO","transCanadaTrail":"YES"},"geometry":{"type":"LineString","coordinates":[[-114.06889950678391,51.057361493336636],[-114.06767902667674,51.05728206664842]]}},{"type":"Feature","id":"pathway-9f688bd4548d","properties":{"id":"pathway-9f688bd4548d","layer":"pathway","assetCode":"SSD495","name":null,"type":"REGIONAL","status":"ACTIVE","nearCommunities":[{"communityCode":"SSD","intersectsCommunity":true,"distanceToCommunityM":0}],"sourceDatasetId":"qndb-27qm","surface":"ASPHALT","operationalStatus":"OPEN","greenway":"NO","transCanadaTrail":"YES"},"geometry":{"type":"LineString","coordinates":[[-114.06767902667674,51.05728206664842],[-114.06712914572793,51.05718088895247],[-114.06656708629205,51.05697789089741]]}},{"type":"Feature","id":"pathway-d5073e4cff9f","properties":{"id":"pathway-d5073e4cff9f","layer":"pathway","assetCode":"WHL495","name":null,"type":"REGIONAL","status":"ACTIVE","nearCommunities":[{"communityCode":"HIL","intersectsCommunity":false,"distanceToCommunityM":283}],"sourceDatasetId":"qndb-27qm","surface":"ASPHALT","operationalStatus":"OPEN","greenway":"NO","transCanadaTrail":"YES"},"geometry":{"type":"LineString","coordinates":[[-114.10880500038428,51.04891560464495],[-114.10792322478873,51.048985656558756],[-114.10723685732304,51.048975653446995]]}},{"type":"Feature","id":"pathway-6c10d5e66f7d","properties":{"id":"pathway-6c10d5e66f7d","layer":"pathway","assetCode":"WHL495","name":null,"type":"REGIONAL","status":"ACTIVE","nearCommunities":[{"communityCode":"HIL","intersectsCommunity":false,"distanceToCommunityM":173}],"sourceDatasetId":"qndb-27qm","surface":"ASPHALT","operationalStatus":"OPEN","greenway":"NO","transCanadaTrail":"YES"},"geometry":{"type":"LineString","coordinates":[[-114.10723685732304,51.048975653446995],[-114.10566713427906,51.04898869332002]]}},{"type":"Feature","id":"pathway-40fad024677d","properties":{"id":"pathway-40fad024677d","layer":"pathway","assetCode":"ALB635","name":null,"type":"LOCAL","status":"ACTIVE","nearCommunities":[{"communityCode":"BRD","intersectsCommunity":false,"distanceToCommunityM":276}],"sourceDatasetId":"qndb-27qm","surface":"ASPHALT","operationalStatus":"OPEN","greenway":"NO","transCanadaTrail":"NO"},"geometry":{"type":"LineString","coordinates":[[-114.0080239080196,51.04439890406017],[-114.0078730578758,51.04420857288885],[-114.00785300084473,51.04408391539522],[-114.00776586495662,51.04397066854651],[-114.00749669535047,51.04384443968609]]}},{"type":"Feature","id":"pathway-49d7d9c102b5","properties":{"id":"pathway-49d7d9c102b5","layer":"pathway","assetCode":"ING011","name":null,"type":"REGIONAL","status":"ACTIVE","nearCommunities":[{"communityCode":"BRD","intersectsCommunity":false,"distanceToCommunityM":26}],"sourceDatasetId":"qndb-27qm","surface":"ASPHALT","operationalStatus":"OPEN","greenway":"NO","transCanadaTrail":"YES"},"geometry":{"type":"LineString","coordinates":[[-114.0295104610195,51.04139475197438],[-114.03016101093175,51.04186434107309],[-114.03019193702518,51.04208085271562],[-114.03042580112864,51.04222501622267],[-114.03055384424124,51.04236745037521]]}},{"type":"Feature","id":"pathway-cf16f96e0101","properties":{"id":"pathway-cf16f96e0101","layer":"pathway","assetCode":"ING011","name":null,"type":"REGIONAL","status":"ACTIVE","nearCommunities":[{"communityCode":"BRD","intersectsCommunity":false,"distanceToCommunityM":8}],"sourceDatasetId":"qndb-27qm","surface":"ASPHALT","operationalStatus":"OPEN","greenway":"NO","transCanadaTrail":"YES"},"geometry":{"type":"LineString","coordinates":[[-114.03055384424124,51.04236745037521],[-114.03065930805354,51.04253014238813],[-114.03073773747569,51.04255984365565],[-114.03158630025638,51.04263055182638],[-114.03224198345512,51.04283078817391]]}},{"type":"Feature","id":"pathway-2312e584d07c","properties":{"id":"pathway-2312e584d07c","layer":"pathway","assetCode":"EAU131","name":null,"type":"LOCAL","status":"ACTIVE","nearCommunities":[{"communityCode":"HIL","intersectsCommunity":false,"distanceToCommunityM":262},{"communityCode":"SSD","intersectsCommunity":false,"distanceToCommunityM":84}],"sourceDatasetId":"qndb-27qm","surface":"CONCRETE","operationalStatus":"OPEN","greenway":"NO","transCanadaTrail":"NO"},"geometry":{"type":"LineString","coordinates":[[-114.08078462125897,51.051594401124966],[-114.08086861461108,51.05167471387483]]}},{"type":"Feature","id":"pathway-f5573209e22d","properties":{"id":"pathway-f5573209e22d","layer":"pathway","assetCode":"EAU131","name":null,"type":"LOCAL","status":"ACTIVE","nearCommunities":[{"communityCode":"HIL","intersectsCommunity":false,"distanceToCommunityM":252},{"communityCode":"SSD","intersectsCommunity":false,"distanceToCommunityM":59}],"sourceDatasetId":"qndb-27qm","surface":"CONCRETE","operationalStatus":"OPEN","greenway":"NO","transCanadaTrail":"NO"},"geometry":{"type":"LineString","coordinates":[[-114.08120204852665,51.05181691320013],[-114.08096077674091,51.0517845845119]]}},{"type":"Feature","id":"pathway-f9ed8378e5ec","properties":{"id":"pathway-f9ed8378e5ec","layer":"pathway","assetCode":"EAU131","name":null,"type":"LOCAL","status":"ACTIVE","nearCommunities":[{"communityCode":"HIL","intersectsCommunity":false,"distanceToCommunityM":81},{"communityCode":"SSD","intersectsCommunity":false,"distanceToCommunityM":75}],"sourceDatasetId":"qndb-27qm","surface":"ASPHALT","operationalStatus":"OPEN","greenway":"NO","transCanadaTrail":"NO"},"geometry":{"type":"LineString","coordinates":[[-114.08286229619014,51.05070994442489],[-114.08287193334677,51.0506108501374],[-114.08297247876135,51.05041741519287]]}},{"type":"Feature","id":"pathway-bc1db988ce0f","properties":{"id":"pathway-bc1db988ce0f","layer":"pathway","assetCode":"EAU131","name":null,"type":"LOCAL","status":"ACTIVE","nearCommunities":[{"communityCode":"HIL","intersectsCommunity":false,"distanceToCommunityM":54},{"communityCode":"SSD","intersectsCommunity":false,"distanceToCommunityM":37}],"sourceDatasetId":"qndb-27qm","surface":"ASPHALT","operationalStatus":"OPEN","greenway":"NO","transCanadaTrail":"NO"},"geometry":{"type":"LineString","coordinates":[[-114.08345743106663,51.050773022628675],[-114.08335036880418,51.050548434088014],[-114.08334602013,51.05047926484264]]}},{"type":"Feature","id":"pathway-41766593592d","properties":{"id":"pathway-41766593592d","layer":"pathway","assetCode":"ALB635","name":null,"type":"LOCAL","status":"ACTIVE","nearCommunities":[{"communityCode":"BRD","intersectsCommunity":false,"distanceToCommunityM":375}],"sourceDatasetId":"qndb-27qm","surface":"ASPHALT","operationalStatus":"OPEN","greenway":"NO","transCanadaTrail":"NO"},"geometry":{"type":"LineString","coordinates":[[-114.00666721546796,51.04387926583488],[-114.00656626593491,51.04364436079615],[-114.00664371883778,51.04347171395479]]}},{"type":"Feature","id":"pathway-7d0e1d9cef0c","properties":{"id":"pathway-7d0e1d9cef0c","layer":"pathway","assetCode":"RDL560","name":null,"type":"REGIONAL","status":"ACTIVE","nearCommunities":[{"communityCode":"HIL","intersectsCommunity":false,"distanceToCommunityM":86},{"communityCode":"SSD","intersectsCommunity":true,"distanceToCommunityM":0}],"sourceDatasetId":"qndb-27qm","surface":"ASPHALT","operationalStatus":"OPEN","greenway":"NO","transCanadaTrail":"NO"},"geometry":{"type":"LineString","coordinates":[[-114.08346183662772,51.05945767324169],[-114.08374557571814,51.059503253112254],[-114.08476272717432,51.05978573275225],[-114.08477603611814,51.0597252906617],[-114.08474686778673,51.059668917551335],[-114.0845411659083,51.059523065488726]]}},{"type":"Feature","id":"pathway-0a340b2a2c39","properties":{"id":"pathway-0a340b2a2c39","layer":"pathway","assetCode":"ALB635","name":null,"type":"LOCAL","status":"ACTIVE","nearCommunities":[{"communityCode":"BRD","intersectsCommunity":false,"distanceToCommunityM":395}],"sourceDatasetId":"qndb-27qm","surface":"ASPHALT","operationalStatus":"OPEN","greenway":"NO","transCanadaTrail":"NO"},"geometry":{"type":"LineString","coordinates":[[-114.00648018124204,51.042839852608026],[-114.00652538037215,51.04268091875072],[-114.00647348555023,51.04255128208465]]}},{"type":"Feature","id":"pathway-4d4bad9110c0","properties":{"id":"pathway-4d4bad9110c0","layer":"pathway","assetCode":"EAU131","name":null,"type":"LOCAL","status":"ACTIVE","nearCommunities":[{"communityCode":"HIL","intersectsCommunity":false,"distanceToCommunityM":54},{"communityCode":"SSD","intersectsCommunity":false,"distanceToCommunityM":50}],"sourceDatasetId":"qndb-27qm","surface":"ASPHALT","operationalStatus":"OPEN","greenway":"NO","transCanadaTrail":"NO"},"geometry":{"type":"LineString","coordinates":[[-114.08334602013,51.05047926484264],[-114.08331275174477,51.05036403847227],[-114.08334076171356,51.050107419346254]]}},{"type":"Feature","id":"pathway-0016a2a6f08d","properties":{"id":"pathway-0016a2a6f08d","layer":"pathway","assetCode":"EAU131","name":null,"type":"REGIONAL","status":"ACTIVE","nearCommunities":[{"communityCode":"HIL","intersectsCommunity":false,"distanceToCommunityM":234},{"communityCode":"SSD","intersectsCommunity":false,"distanceToCommunityM":103}],"sourceDatasetId":"qndb-27qm","surface":"ASPHALT","operationalStatus":"OPEN","greenway":"NO","transCanadaTrail":"NO"},"geometry":{"type":"LineString","coordinates":[[-114.08109942528995,51.05138846317027],[-114.0808510532755,51.05133090142683]]}},{"type":"Feature","id":"pathway-8cc627bd3490","properties":{"id":"pathway-8cc627bd3490","layer":"pathway","assetCode":"SSD560","name":null,"type":"REGIONAL","status":"ACTIVE","nearCommunities":[{"communityCode":"SSD","intersectsCommunity":true,"distanceToCommunityM":0}],"sourceDatasetId":"qndb-27qm","surface":"ASPHALT","operationalStatus":"OPEN","greenway":"NO","transCanadaTrail":"NO"},"geometry":{"type":"LineString","coordinates":[[-114.06847233140189,51.05802273017599],[-114.06837895998866,51.05843411277101]]}},{"type":"Feature","id":"pathway-fa41350df462","properties":{"id":"pathway-fa41350df462","layer":"pathway","assetCode":"RDL560","name":null,"type":"REGIONAL","status":"ACTIVE","nearCommunities":[{"communityCode":"HIL","intersectsCommunity":false,"distanceToCommunityM":139},{"communityCode":"SSD","intersectsCommunity":true,"distanceToCommunityM":0}],"sourceDatasetId":"qndb-27qm","surface":"ASPHALT","operationalStatus":"OPEN","greenway":"NO","transCanadaTrail":"NO"},"geometry":{"type":"LineString","coordinates":[[-114.08327386760227,51.05861236435789],[-114.083395085218,51.058748295899726],[-114.08370332350935,51.05892084888267],[-114.0838484903241,51.05910993335142],[-114.08401341039836,51.059164568578886]]}},{"type":"Feature","id":"pathway-8815e75cc0a6","properties":{"id":"pathway-8815e75cc0a6","layer":"pathway","assetCode":"RDL560","name":null,"type":"REGIONAL","status":"ACTIVE","nearCommunities":[{"communityCode":"HIL","intersectsCommunity":false,"distanceToCommunityM":92},{"communityCode":"SSD","intersectsCommunity":true,"distanceToCommunityM":0}],"sourceDatasetId":"qndb-27qm","surface":"CONCRETE","operationalStatus":"OPEN","greenway":"NO","transCanadaTrail":"NO"},"geometry":{"type":"LineString","coordinates":[[-114.0846157613986,51.05933369716193],[-114.08468908518327,51.05940076125461]]}},{"type":"Feature","id":"pathway-094c3dca6ee2","properties":{"id":"pathway-094c3dca6ee2","layer":"pathway","assetCode":"SSD560","name":null,"type":"REGIONAL","status":"ACTIVE","nearCommunities":[{"communityCode":"SSD","intersectsCommunity":true,"distanceToCommunityM":0}],"sourceDatasetId":"qndb-27qm","surface":"ASPHALT","operationalStatus":"OPEN","greenway":"NO","transCanadaTrail":"NO"},"geometry":{"type":"LineString","coordinates":[[-114.06837895998866,51.05843411277101],[-114.0686397359313,51.058735428158066]]}},{"type":"Feature","id":"pathway-1efe8dd078ec","properties":{"id":"pathway-1efe8dd078ec","layer":"pathway","assetCode":"BRD852","name":null,"type":"LOCAL","status":"ACTIVE","nearCommunities":[{"communityCode":"BRD","intersectsCommunity":true,"distanceToCommunityM":0}],"sourceDatasetId":"qndb-27qm","surface":"CONCRETE","operationalStatus":"OPEN","greenway":"NO","transCanadaTrail":"NO"},"geometry":{"type":"LineString","coordinates":[[-114.03728858458814,51.05035170661068],[-114.03707415939203,51.050366907223896]]}},{"type":"Feature","id":"pathway-5869f4a45b89","properties":{"id":"pathway-5869f4a45b89","layer":"pathway","assetCode":"HIL557","name":null,"type":"LOCAL","status":"ACTIVE","nearCommunities":[{"communityCode":"HIL","intersectsCommunity":true,"distanceToCommunityM":0},{"communityCode":"SSD","intersectsCommunity":false,"distanceToCommunityM":60}],"sourceDatasetId":"qndb-27qm","surface":"INTERLOCKING BRICK","operationalStatus":"OPEN","greenway":"NO","transCanadaTrail":"NO"},"geometry":{"type":"LineString","coordinates":[[-114.08621255172265,51.06073572724914],[-114.0864542477371,51.06045799052583]]}},{"type":"Feature","id":"pathway-cc8d1501ffda","properties":{"id":"pathway-cc8d1501ffda","layer":"pathway","assetCode":"BRD495","name":null,"type":"REGIONAL","status":"ACTIVE","nearCommunities":[{"communityCode":"BRD","intersectsCommunity":true,"distanceToCommunityM":0}],"sourceDatasetId":"qndb-27qm","surface":"ASPHALT","operationalStatus":"OPEN","greenway":"NO","transCanadaTrail":"NO"},"geometry":{"type":"LineString","coordinates":[[-114.04479204513065,51.04884287935292],[-114.04368930727537,51.048747412312494]]}},{"type":"Feature","id":"pathway-3fe168398d28","properties":{"id":"pathway-3fe168398d28","layer":"pathway","assetCode":"BRD495","name":null,"type":"REGIONAL","status":"ACTIVE","nearCommunities":[{"communityCode":"BRD","intersectsCommunity":true,"distanceToCommunityM":0}],"sourceDatasetId":"qndb-27qm","surface":"ASPHALT","operationalStatus":"OPEN","greenway":"NO","transCanadaTrail":"NO"},"geometry":{"type":"LineString","coordinates":[[-114.04368930727537,51.048747412312494],[-114.04327197022624,51.048651680432904],[-114.04261002560925,51.04868870149568]]}},{"type":"Feature","id":"pathway-c044c9e573c6","properties":{"id":"pathway-c044c9e573c6","layer":"pathway","assetCode":"ERL246","name":null,"type":"LOCAL","status":"ACTIVE","nearCommunities":[{"communityCode":"BLN","intersectsCommunity":false,"distanceToCommunityM":69}],"sourceDatasetId":"qndb-27qm","surface":"ASPHALT","operationalStatus":"OPEN","greenway":"NO","transCanadaTrail":"NO"},"geometry":{"type":"LineString","coordinates":[[-114.06158267331972,51.03357709136242],[-114.06126451147799,51.03364127729634],[-114.06079936182044,51.03382279134775],[-114.06055516573446,51.03387073821248],[-114.06039833901342,51.03386247867505],[-114.06022294943273,51.03380807691073],[-114.05993492896992,51.033619643368006]]}},{"type":"Feature","id":"pathway-20ac473736ff","properties":{"id":"pathway-20ac473736ff","layer":"pathway","assetCode":"RAM023","name":null,"type":"LOCAL","status":"ACTIVE","nearCommunities":[{"communityCode":"BLN","intersectsCommunity":false,"distanceToCommunityM":268}],"sourceDatasetId":"qndb-27qm","surface":"ASPHALT","operationalStatus":"OPEN","greenway":"NO","transCanadaTrail":"NO"},"geometry":{"type":"LineString","coordinates":[[-114.04474302144058,51.035408254824794],[-114.04505965719991,51.03518406639728],[-114.0452737169913,51.035095253953926],[-114.04555192064869,51.03490418381185],[-114.04562533356935,51.034894510073556],[-114.04584568016593,51.034979296062616]]}},{"type":"Feature","id":"pathway-bf13c32b382f","properties":{"id":"pathway-bf13c32b382f","layer":"pathway","assetCode":"SNA476","name":null,"type":"REGIONAL","status":"ACTIVE","nearCommunities":[{"communityCode":"HIL","intersectsCommunity":false,"distanceToCommunityM":398}],"sourceDatasetId":"qndb-27qm","surface":"ASPHALT","operationalStatus":"OPEN","greenway":"NO","transCanadaTrail":"NO"},"geometry":{"type":"LineString","coordinates":[[-114.10706008922627,51.04525630283114],[-114.10706363880696,51.04523690680137]]}},{"type":"Feature","id":"pathway-364ad928ebd8","properties":{"id":"pathway-364ad928ebd8","layer":"pathway","assetCode":"BRD774","name":null,"type":"LOCAL","status":"ACTIVE","nearCommunities":[{"communityCode":"BRD","intersectsCommunity":true,"distanceToCommunityM":0}],"sourceDatasetId":"qndb-27qm","surface":"ASPHALT","operationalStatus":"OPEN","greenway":"NO","transCanadaTrail":"NO"},"geometry":{"type":"LineString","coordinates":[[-114.04351647537067,51.05139003351665],[-114.04336779066413,51.05144433995937],[-114.04324100163188,51.05154450547934]]}},{"type":"Feature","id":"pathway-f5aaa80660cb","properties":{"id":"pathway-f5aaa80660cb","layer":"pathway","assetCode":"ALB824","name":null,"type":"REGIONAL","status":"ACTIVE","nearCommunities":[{"communityCode":"BRD","intersectsCommunity":false,"distanceToCommunityM":371}],"sourceDatasetId":"qndb-27qm","surface":"ASPHALT","operationalStatus":"OPEN","greenway":"NO","transCanadaTrail":"NO"},"geometry":{"type":"LineString","coordinates":[[-114.00788387981808,51.0404174859801],[-114.00860369459068,51.03989119379949]]}},{"type":"Feature","id":"pathway-716dc0916894","properties":{"id":"pathway-716dc0916894","layer":"pathway","assetCode":"DNW134","name":null,"type":"LOCAL","status":"ACTIVE","nearCommunities":[{"communityCode":"HIL","intersectsCommunity":false,"distanceToCommunityM":145},{"communityCode":"BLN","intersectsCommunity":false,"distanceToCommunityM":205}],"sourceDatasetId":"qndb-27qm","surface":"ASPHALT","operationalStatus":"OPEN","greenway":"NO","transCanadaTrail":"NO"},"geometry":{"type":"LineString","coordinates":[[-114.09110397464956,51.04659870785752],[-114.09136165336149,51.04665895728029]]}},{"type":"Feature","id":"pathway-128537defb83","properties":{"id":"pathway-128537defb83","layer":"pathway","assetCode":"DNW134","name":null,"type":"LOCAL","status":"ACTIVE","nearCommunities":[{"communityCode":"HIL","intersectsCommunity":false,"distanceToCommunityM":134},{"communityCode":"BLN","intersectsCommunity":false,"distanceToCommunityM":171}],"sourceDatasetId":"qndb-27qm","surface":"ASPHALT","operationalStatus":"OPEN","greenway":"NO","transCanadaTrail":"NO"},"geometry":{"type":"LineString","coordinates":[[-114.09249394859683,51.04633089798242],[-114.09246244657817,51.04647528273523],[-114.0922986379633,51.04659626388018]]}},{"type":"Feature","id":"pathway-626fee546a97","properties":{"id":"pathway-626fee546a97","layer":"pathway","assetCode":"DNW134","name":null,"type":"LOCAL","status":"ACTIVE","nearCommunities":[{"communityCode":"HIL","intersectsCommunity":false,"distanceToCommunityM":134},{"communityCode":"BLN","intersectsCommunity":false,"distanceToCommunityM":196}],"sourceDatasetId":"qndb-27qm","surface":"ASPHALT","operationalStatus":"OPEN","greenway":"NO","transCanadaTrail":"NO"},"geometry":{"type":"LineString","coordinates":[[-114.09229865638135,51.04659620273545],[-114.09219005909227,51.04655255159516],[-114.09195915657557,51.046549154679546]]}},{"type":"Feature","id":"pathway-1e6e67a84252","properties":{"id":"pathway-1e6e67a84252","layer":"pathway","assetCode":null,"name":null,"type":"LOCAL","status":"ACTIVE","nearCommunities":[{"communityCode":"SSD","intersectsCommunity":false,"distanceToCommunityM":176}],"sourceDatasetId":"qndb-27qm","surface":"ASPHALT","operationalStatus":"OPEN","greenway":"NO","transCanadaTrail":"NO"},"geometry":{"type":"LineString","coordinates":[[-114.06741418369572,51.053923340290254],[-114.06740642993351,51.05371592854169],[-114.06744477841589,51.053709993881476]]}},{"type":"Feature","id":"pathway-236f9d160378","properties":{"id":"pathway-236f9d160378","layer":"pathway","assetCode":"CHN115","name":null,"type":"LOCAL","status":"ACTIVE","nearCommunities":[{"communityCode":"SSD","intersectsCommunity":false,"distanceToCommunityM":82}],"sourceDatasetId":"qndb-27qm","surface":"ASPHALT","operationalStatus":"OPEN","greenway":"NO","transCanadaTrail":"NO"},"geometry":{"type":"LineString","coordinates":[[-114.06415409659843,51.0518082412532],[-114.06378450594066,51.051753135149774],[-114.06316495166558,51.0517728372611]]}},{"type":"Feature","id":"pathway-6e9b18d4321f","properties":{"id":"pathway-6e9b18d4321f","layer":"pathway","assetCode":"ALB824","name":null,"type":"REGIONAL","status":"ACTIVE","nearCommunities":[{"communityCode":"BRD","intersectsCommunity":true,"distanceToCommunityM":0}],"sourceDatasetId":"qndb-27qm","surface":"ASPHALT","operationalStatus":"OPEN","greenway":"NO","transCanadaTrail":"NO"},"geometry":{"type":"LineString","coordinates":[[-114.01303155822936,51.04482578356934],[-114.01252824225054,51.04471328354982],[-114.01195002602871,51.044444123160744]]}},{"type":"Feature","id":"pathway-3b220c54570c","properties":{"id":"pathway-3b220c54570c","layer":"pathway","assetCode":"SSD479","name":null,"type":"LOCAL","status":"ACTIVE","nearCommunities":[{"communityCode":"HIL","intersectsCommunity":false,"distanceToCommunityM":131},{"communityCode":"SSD","intersectsCommunity":true,"distanceToCommunityM":0}],"sourceDatasetId":"qndb-27qm","surface":"INTERLOCKING BRICK","operationalStatus":"OPEN","greenway":"NO","transCanadaTrail":"NO"},"geometry":{"type":"LineString","coordinates":[[-114.08409854981235,51.05710686872268],[-114.08404690380652,51.057072872602205]]}},{"type":"Feature","id":"pathway-2b3ea797b602","properties":{"id":"pathway-2b3ea797b602","layer":"pathway","assetCode":"SSD495","name":null,"type":"REGIONAL","status":"ACTIVE","nearCommunities":[{"communityCode":"SSD","intersectsCommunity":true,"distanceToCommunityM":0}],"sourceDatasetId":"qndb-27qm","surface":"ASPHALT","operationalStatus":"OPEN","greenway":"NO","transCanadaTrail":"NO"},"geometry":{"type":"LineString","coordinates":[[-114.0743669842453,51.05708180068534],[-114.07494308663466,51.05689147555468],[-114.07585304534213,51.056411714249606]]}},{"type":"Feature","id":"pathway-228a9d56c250","properties":{"id":"pathway-228a9d56c250","layer":"pathway","assetCode":"SSD495","name":null,"type":"REGIONAL","status":"ACTIVE","nearCommunities":[{"communityCode":"SSD","intersectsCommunity":true,"distanceToCommunityM":0}],"sourceDatasetId":"qndb-27qm","surface":"ASPHALT","operationalStatus":"OPEN","greenway":"NO","transCanadaTrail":"NO"},"geometry":{"type":"LineString","coordinates":[[-114.07585304534213,51.056411714249606],[-114.07638748281279,51.05611005158241],[-114.0767129640444,51.056151245063305]]}},{"type":"Feature","id":"pathway-23b1add3b98d","properties":{"id":"pathway-23b1add3b98d","layer":"pathway","assetCode":"DNW134","name":null,"type":"LOCAL","status":"ACTIVE","nearCommunities":[{"communityCode":"HIL","intersectsCommunity":false,"distanceToCommunityM":159},{"communityCode":"BLN","intersectsCommunity":false,"distanceToCommunityM":171}],"sourceDatasetId":"qndb-27qm","surface":"ASPHALT","operationalStatus":"OPEN","greenway":"NO","transCanadaTrail":"NO"},"geometry":{"type":"LineString","coordinates":[[-114.0923731655863,51.04633096473501],[-114.09249396838153,51.04633080717047]]}},{"type":"Feature","id":"pathway-f81eaa300501","properties":{"id":"pathway-f81eaa300501","layer":"pathway","assetCode":"BRD852","name":null,"type":"LOCAL","status":"ACTIVE","nearCommunities":[{"communityCode":"BRD","intersectsCommunity":true,"distanceToCommunityM":0}],"sourceDatasetId":"qndb-27qm","surface":"CONCRETE","operationalStatus":"OPEN","greenway":"NO","transCanadaTrail":"NO"},"geometry":{"type":"LineString","coordinates":[[-114.03934053435027,51.05029368673056],[-114.03882492413553,51.050292348862065]]}},{"type":"Feature","id":"pathway-bf3a759e2b96","properties":{"id":"pathway-bf3a759e2b96","layer":"pathway","assetCode":"BRD774","name":null,"type":"LOCAL","status":"ACTIVE","nearCommunities":[{"communityCode":"BRD","intersectsCommunity":true,"distanceToCommunityM":0}],"sourceDatasetId":"qndb-27qm","surface":"ASPHALT","operationalStatus":"OPEN","greenway":"NO","transCanadaTrail":"NO"},"geometry":{"type":"LineString","coordinates":[[-114.04448884179233,51.051623943239626],[-114.04430319623816,51.0515773391108],[-114.04416916243021,51.05162552710658]]}},{"type":"Feature","id":"pathway-72e90d848058","properties":{"id":"pathway-72e90d848058","layer":"pathway","assetCode":"HIL557","name":null,"type":"LOCAL","status":"ACTIVE","nearCommunities":[{"communityCode":"HIL","intersectsCommunity":true,"distanceToCommunityM":0},{"communityCode":"SSD","intersectsCommunity":false,"distanceToCommunityM":47}],"sourceDatasetId":"qndb-27qm","surface":"INTERLOCKING BRICK","operationalStatus":"OPEN","greenway":"NO","transCanadaTrail":"NO"},"geometry":{"type":"LineString","coordinates":[[-114.08617433645766,51.06040567392844],[-114.08616946374684,51.06067407522265],[-114.08621255172265,51.06073572724914]]}},{"type":"Feature","id":"pathway-7cd84831d206","properties":{"id":"pathway-7cd84831d206","layer":"pathway","assetCode":"HIL495","name":null,"type":"REGIONAL","status":"ACTIVE","nearCommunities":[{"communityCode":"HIL","intersectsCommunity":true,"distanceToCommunityM":0}],"sourceDatasetId":"qndb-27qm","surface":"ASPHALT","operationalStatus":"OPEN","greenway":"NO","transCanadaTrail":"NO"},"geometry":{"type":"LineString","coordinates":[[-114.09404111925461,51.048850930571334],[-114.09392424274641,51.04879931832333],[-114.09352973411762,51.04889027541775],[-114.09310721536168,51.049039067340104],[-114.09260793494866,51.049272528101966]]}},{"type":"Feature","id":"pathway-03ed642d96b4","properties":{"id":"pathway-03ed642d96b4","layer":"pathway","assetCode":"RAM023","name":null,"type":"LOCAL","status":"ACTIVE","nearCommunities":[{"communityCode":"BLN","intersectsCommunity":false,"distanceToCommunityM":258}],"sourceDatasetId":"qndb-27qm","surface":"ASPHALT","operationalStatus":"OPEN","greenway":"NO","transCanadaTrail":"NO"},"geometry":{"type":"LineString","coordinates":[[-114.04600195539771,51.03523578050268],[-114.045937761179,51.03528595686158]]}},{"type":"Feature","id":"pathway-cdae49360b6b","properties":{"id":"pathway-cdae49360b6b","layer":"pathway","assetCode":"RAM023","name":null,"type":"LOCAL","status":"ACTIVE","nearCommunities":[{"communityCode":"BLN","intersectsCommunity":false,"distanceToCommunityM":244}],"sourceDatasetId":"qndb-27qm","surface":"ASPHALT","operationalStatus":"OPEN","greenway":"NO","transCanadaTrail":"NO"},"geometry":{"type":"LineString","coordinates":[[-114.04600195539771,51.03523578050268],[-114.04615499059786,51.035309018078365],[-114.04614895882212,51.03539582187262],[-114.04621021219612,51.03546523807915]]}},{"type":"Feature","id":"pathway-d7147241c00b","properties":{"id":"pathway-d7147241c00b","layer":"pathway","assetCode":"RAM023","name":null,"type":"LOCAL","status":"ACTIVE","nearCommunities":[{"communityCode":"BLN","intersectsCommunity":false,"distanceToCommunityM":193}],"sourceDatasetId":"qndb-27qm","surface":"ASPHALT","operationalStatus":"OPEN","greenway":"NO","transCanadaTrail":"NO"},"geometry":{"type":"LineString","coordinates":[[-114.04681552499213,51.03504642370422],[-114.04692156720706,51.034978142692694]]}},{"type":"Feature","id":"pathway-6d14a00a5eb7","properties":{"id":"pathway-6d14a00a5eb7","layer":"pathway","assetCode":"CHN115","name":null,"type":"LOCAL","status":"ACTIVE","nearCommunities":[{"communityCode":"SSD","intersectsCommunity":false,"distanceToCommunityM":129}],"sourceDatasetId":"qndb-27qm","surface":"ASPHALT","operationalStatus":"OPEN","greenway":"NO","transCanadaTrail":"NO"},"geometry":{"type":"LineString","coordinates":[[-114.06445358674443,51.05180914986351],[-114.06469158337786,51.05182273670166]]}},{"type":"Feature","id":"pathway-bb7221eec62c","properties":{"id":"pathway-bb7221eec62c","layer":"pathway","assetCode":"CHN115","name":null,"type":"LOCAL","status":"ACTIVE","nearCommunities":[{"communityCode":"SSD","intersectsCommunity":false,"distanceToCommunityM":52}],"sourceDatasetId":"qndb-27qm","surface":"ASPHALT","operationalStatus":"OPEN","greenway":"NO","transCanadaTrail":"NO"},"geometry":{"type":"LineString","coordinates":[[-114.06322552927058,51.05209387246783],[-114.0631433068127,51.05208461434929]]}},{"type":"Feature","id":"pathway-ec6b8e19a6ac","properties":{"id":"pathway-ec6b8e19a6ac","layer":"pathway","assetCode":"CHN115","name":null,"type":"LOCAL","status":"ACTIVE","nearCommunities":[{"communityCode":"SSD","intersectsCommunity":false,"distanceToCommunityM":74}],"sourceDatasetId":"qndb-27qm","surface":"ASPHALT","operationalStatus":"OPEN","greenway":"NO","transCanadaTrail":"NO"},"geometry":{"type":"LineString","coordinates":[[-114.06442631521274,51.052144539101505],[-114.06377760302291,51.052138591271564]]}},{"type":"Feature","id":"pathway-7d24ac46fa24","properties":{"id":"pathway-7d24ac46fa24","layer":"pathway","assetCode":"CHN115","name":null,"type":"LOCAL","status":"ACTIVE","nearCommunities":[{"communityCode":"SSD","intersectsCommunity":false,"distanceToCommunityM":94}],"sourceDatasetId":"qndb-27qm","surface":"ASPHALT","operationalStatus":"OPEN","greenway":"NO","transCanadaTrail":"NO"},"geometry":{"type":"LineString","coordinates":[[-114.06468841602366,51.05221413121524],[-114.06442631521274,51.052144539101505]]}},{"type":"Feature","id":"pathway-4df2b837e6fd","properties":{"id":"pathway-4df2b837e6fd","layer":"pathway","assetCode":"CHN115","name":null,"type":"LOCAL","status":"ACTIVE","nearCommunities":[{"communityCode":"SSD","intersectsCommunity":false,"distanceToCommunityM":94}],"sourceDatasetId":"qndb-27qm","surface":"ASPHALT","operationalStatus":"OPEN","greenway":"NO","transCanadaTrail":"NO"},"geometry":{"type":"LineString","coordinates":[[-114.06469158337786,51.05182273670166],[-114.06471918716625,51.051876652568374],[-114.06471756198162,51.0520849507446],[-114.06465945354608,51.052113624160725],[-114.0644675911068,51.05211097838452],[-114.06442631521274,51.052144539101505]]}},{"type":"Feature","id":"pathway-1068d2a4e023","properties":{"id":"pathway-1068d2a4e023","layer":"pathway","assetCode":"EAU120","name":null,"type":"LOCAL","status":"ACTIVE","nearCommunities":[{"communityCode":"SSD","intersectsCommunity":false,"distanceToCommunityM":20}],"sourceDatasetId":"qndb-27qm","surface":"ASPHALT","operationalStatus":"OPEN","greenway":"NO","transCanadaTrail":"NO"},"geometry":{"type":"LineString","coordinates":[[-114.07679506633554,51.054069084207256],[-114.07714126363706,51.05389959958464],[-114.07735605293102,51.053890395097106]]}},{"type":"Feature","id":"pathway-7f78886de9e0","properties":{"id":"pathway-7f78886de9e0","layer":"pathway","assetCode":"ALB824","name":null,"type":"REGIONAL","status":"ACTIVE","nearCommunities":[{"communityCode":"BRD","intersectsCommunity":false,"distanceToCommunityM":326}],"sourceDatasetId":"qndb-27qm","surface":"ASPHALT","operationalStatus":"OPEN","greenway":"NO","transCanadaTrail":"NO"},"geometry":{"type":"LineString","coordinates":[[-114.00804047187961,51.041080484761416],[-114.00781523583599,51.040673535452854],[-114.00782102032402,51.04051786154565],[-114.00788387981808,51.0404174859801]]}},{"type":"Feature","id":"pathway-ecc56166f419","properties":{"id":"pathway-ecc56166f419","layer":"pathway","assetCode":"ING037","name":null,"type":"LOCAL","status":"ACTIVE","nearCommunities":[{"communityCode":"BRD","intersectsCommunity":false,"distanceToCommunityM":199}],"sourceDatasetId":"qndb-27qm","surface":"ASPHALT","operationalStatus":"OPEN","greenway":"NO","transCanadaTrail":"NO"},"geometry":{"type":"LineString","coordinates":[[-114.01764604104898,51.04173246808675],[-114.01744635754119,51.041818285333356]]}},{"type":"Feature","id":"pathway-a46595370e55","properties":{"id":"pathway-a46595370e55","layer":"pathway","assetCode":"EAU120","name":null,"type":"LOCAL","status":"ACTIVE","nearCommunities":[{"communityCode":"SSD","intersectsCommunity":false,"distanceToCommunityM":146}],"sourceDatasetId":"qndb-27qm","surface":"ASPHALT","operationalStatus":"OPEN","greenway":"NO","transCanadaTrail":"NO"},"geometry":{"type":"LineString","coordinates":[[-114.07168485338353,51.05510473803687],[-114.07172018436418,51.05497052953167],[-114.071830133123,51.05483731978769]]}},{"type":"Feature","id":"pathway-de88020d2dba","properties":{"id":"pathway-de88020d2dba","layer":"pathway","assetCode":"ING037","name":null,"type":"LOCAL","status":"ACTIVE","nearCommunities":[{"communityCode":"BRD","intersectsCommunity":false,"distanceToCommunityM":194}],"sourceDatasetId":"qndb-27qm","surface":"ASPHALT","operationalStatus":"OPEN","greenway":"NO","transCanadaTrail":"NO"},"geometry":{"type":"LineString","coordinates":[[-114.01744635754119,51.041818285333356],[-114.01742845861216,51.04185979092539]]}},{"type":"Feature","id":"pathway-cd608dc107e5","properties":{"id":"pathway-cd608dc107e5","layer":"pathway","assetCode":"ING037","name":null,"type":"LOCAL","status":"ACTIVE","nearCommunities":[{"communityCode":"BRD","intersectsCommunity":false,"distanceToCommunityM":212}],"sourceDatasetId":"qndb-27qm","surface":"ASPHALT","operationalStatus":"OPEN","greenway":"NO","transCanadaTrail":"NO"},"geometry":{"type":"LineString","coordinates":[[-114.01783120499687,51.041632791436854],[-114.01767816563624,51.04172207199426]]}},{"type":"Feature","id":"pathway-9aa163c95b60","properties":{"id":"pathway-9aa163c95b60","layer":"pathway","assetCode":"BRD852","name":null,"type":"LOCAL","status":"ACTIVE","nearCommunities":[{"communityCode":"BRD","intersectsCommunity":true,"distanceToCommunityM":0}],"sourceDatasetId":"qndb-27qm","surface":"CONCRETE","operationalStatus":"OPEN","greenway":"NO","transCanadaTrail":"NO"},"geometry":{"type":"LineString","coordinates":[[-114.03707440641425,51.050367262239654],[-114.03706187704516,51.05053359589548]]}},{"type":"Feature","id":"pathway-93a88274b488","properties":{"id":"pathway-93a88274b488","layer":"pathway","assetCode":"SSD495","name":null,"type":"REGIONAL","status":"ACTIVE","nearCommunities":[{"communityCode":"SSD","intersectsCommunity":true,"distanceToCommunityM":0}],"sourceDatasetId":"qndb-27qm","surface":"ASPHALT","operationalStatus":"OPEN","greenway":"NO","transCanadaTrail":"NO"},"geometry":{"type":"LineString","coordinates":[[-114.07763003258704,51.055675276830314],[-114.07758424435664,51.05564405627472]]}},{"type":"Feature","id":"pathway-996d283a04d1","properties":{"id":"pathway-996d283a04d1","layer":"pathway","assetCode":"BRD774","name":null,"type":"LOCAL","status":"ACTIVE","nearCommunities":[{"communityCode":"BRD","intersectsCommunity":true,"distanceToCommunityM":0}],"sourceDatasetId":"qndb-27qm","surface":"ASPHALT","operationalStatus":"OPEN","greenway":"NO","transCanadaTrail":"NO"},"geometry":{"type":"LineString","coordinates":[[-114.04324100163188,51.05154450547934],[-114.04321164932064,51.05184836716719]]}},{"type":"Feature","id":"pathway-82e65c9f979e","properties":{"id":"pathway-82e65c9f979e","layer":"pathway","assetCode":"HIL557","name":null,"type":"LOCAL","status":"ACTIVE","nearCommunities":[{"communityCode":"HIL","intersectsCommunity":true,"distanceToCommunityM":0},{"communityCode":"SSD","intersectsCommunity":false,"distanceToCommunityM":102}],"sourceDatasetId":"qndb-27qm","surface":"INTERLOCKING BRICK","operationalStatus":"OPEN","greenway":"NO","transCanadaTrail":"NO"},"geometry":{"type":"LineString","coordinates":[[-114.08643805347391,51.0613971719028],[-114.0863092556111,51.061287701392104],[-114.08611156337078,51.06091353095661]]}},{"type":"Feature","id":"pathway-c166ea64381c","properties":{"id":"pathway-c166ea64381c","layer":"pathway","assetCode":"BRD852","name":null,"type":"LOCAL","status":"ACTIVE","nearCommunities":[{"communityCode":"BRD","intersectsCommunity":true,"distanceToCommunityM":0}],"sourceDatasetId":"qndb-27qm","surface":"CONCRETE","operationalStatus":"OPEN","greenway":"NO","transCanadaTrail":"NO"},"geometry":{"type":"LineString","coordinates":[[-114.03728883300424,51.050352019373854],[-114.03746611927902,51.050316068507804],[-114.03746990630587,51.05022815497635]]}},{"type":"Feature","id":"pathway-bf64b26a13c5","properties":{"id":"pathway-bf64b26a13c5","layer":"pathway","assetCode":"HIL557","name":null,"type":"LOCAL","status":"ACTIVE","nearCommunities":[{"communityCode":"HIL","intersectsCommunity":true,"distanceToCommunityM":0},{"communityCode":"SSD","intersectsCommunity":false,"distanceToCommunityM":11}],"sourceDatasetId":"qndb-27qm","surface":"INTERLOCKING BRICK","operationalStatus":"OPEN","greenway":"NO","transCanadaTrail":"NO"},"geometry":{"type":"LineString","coordinates":[[-114.08619952780661,51.059733471256514],[-114.08615350883679,51.05976689387212],[-114.08616961020934,51.05992376865602]]}},{"type":"Feature","id":"pathway-65b122b22c3d","properties":{"id":"pathway-65b122b22c3d","layer":"pathway","assetCode":"HIL557","name":null,"type":"LOCAL","status":"ACTIVE","nearCommunities":[{"communityCode":"HIL","intersectsCommunity":true,"distanceToCommunityM":0},{"communityCode":"SSD","intersectsCommunity":false,"distanceToCommunityM":8}],"sourceDatasetId":"qndb-27qm","surface":"INTERLOCKING BRICK","operationalStatus":"OPEN","greenway":"NO","transCanadaTrail":"NO"},"geometry":{"type":"LineString","coordinates":[[-114.08611322977715,51.05968938369051],[-114.08618658930797,51.059694324308445],[-114.08619952780661,51.059733471256514]]}},{"type":"Feature","id":"pathway-266f134badc5","properties":{"id":"pathway-266f134badc5","layer":"pathway","assetCode":"RDL550","name":null,"type":"LOCAL","status":"ACTIVE","nearCommunities":[{"communityCode":"HIL","intersectsCommunity":false,"distanceToCommunityM":64},{"communityCode":"SSD","intersectsCommunity":true,"distanceToCommunityM":0}],"sourceDatasetId":"qndb-27qm","surface":"ASPHALT","operationalStatus":"OPEN","greenway":"NO","transCanadaTrail":"NO"},"geometry":{"type":"LineString","coordinates":[[-114.08507404173814,51.05941969093497],[-114.08508560819578,51.05933345319441]]}},{"type":"Feature","id":"pathway-ae4ca2d8aa2d","properties":{"id":"pathway-ae4ca2d8aa2d","layer":"pathway","assetCode":"CRE496","name":null,"type":"LOCAL","status":"ACTIVE","nearCommunities":[{"communityCode":"SSD","intersectsCommunity":false,"distanceToCommunityM":353},{"communityCode":"BRD","intersectsCommunity":false,"distanceToCommunityM":394}],"sourceDatasetId":"qndb-27qm","surface":"ASPHALT","operationalStatus":"OPEN","greenway":"NO","transCanadaTrail":"NO"},"geometry":{"type":"LineString","coordinates":[[-114.05748786782287,51.05336291796972],[-114.0573440388201,51.05319930468328]]}},{"type":"Feature","id":"pathway-dbaaaef87e54","properties":{"id":"pathway-dbaaaef87e54","layer":"pathway","assetCode":"CRE496","name":null,"type":"LOCAL","status":"ACTIVE","nearCommunities":[{"communityCode":"BRD","intersectsCommunity":false,"distanceToCommunityM":330}],"sourceDatasetId":"qndb-27qm","surface":"ASPHALT","operationalStatus":"OPEN","greenway":"NO","transCanadaTrail":"NO"},"geometry":{"type":"LineString","coordinates":[[-114.05652995907221,51.05269648720134],[-114.05642414190383,51.052675835900025]]}},{"type":"Feature","id":"pathway-85f682682577","properties":{"id":"pathway-85f682682577","layer":"pathway","assetCode":"HOU605","name":null,"type":"LOCAL","status":"ACTIVE","nearCommunities":[{"communityCode":"HIL","intersectsCommunity":false,"distanceToCommunityM":253}],"sourceDatasetId":"qndb-27qm","surface":"ASPHALT","operationalStatus":"OPEN","greenway":"NO","transCanadaTrail":"NO"},"geometry":{"type":"LineString","coordinates":[[-114.1018020912295,51.0619392208447],[-114.10184045714792,51.06205002694584],[-114.10200997816112,51.062241588275555],[-114.10202108111525,51.06234401362141]]}},{"type":"Feature","id":"pathway-ce477fe66ed6","properties":{"id":"pathway-ce477fe66ed6","layer":"pathway","assetCode":"HOU605","name":null,"type":"LOCAL","status":"ACTIVE","nearCommunities":[{"communityCode":"HIL","intersectsCommunity":false,"distanceToCommunityM":299}],"sourceDatasetId":"qndb-27qm","surface":"ASPHALT","operationalStatus":"OPEN","greenway":"NO","transCanadaTrail":"NO"},"geometry":{"type":"LineString","coordinates":[[-114.10202108111525,51.06234401362141],[-114.10155377432969,51.062385853202436]]}},{"type":"Feature","id":"pathway-945c2da2ef2d","properties":{"id":"pathway-945c2da2ef2d","layer":"pathway","assetCode":"CRE876","name":null,"type":"LOCAL","status":"ACTIVE","nearCommunities":[{"communityCode":"SSD","intersectsCommunity":false,"distanceToCommunityM":87}],"sourceDatasetId":"qndb-27qm","surface":"ASPHALT","operationalStatus":"OPEN","greenway":"NO","transCanadaTrail":"NO"},"geometry":{"type":"LineString","coordinates":[[-114.06017318240659,51.056484082148486],[-114.06147267800313,51.05648676182368]]}},{"type":"Feature","id":"pathway-ca1cbb3db262","properties":{"id":"pathway-ca1cbb3db262","layer":"pathway","assetCode":"ING029","name":null,"type":"REGIONAL","status":"ACTIVE","nearCommunities":[{"communityCode":"BRD","intersectsCommunity":false,"distanceToCommunityM":228},{"communityCode":"BLN","intersectsCommunity":false,"distanceToCommunityM":51}],"sourceDatasetId":"qndb-27qm","surface":"ASPHALT","operationalStatus":"OPEN","greenway":"NO","transCanadaTrail":"NO"},"geometry":{"type":"LineString","coordinates":[[-114.04208452426394,51.04317920310101],[-114.04174487847547,51.0430946982268]]}},{"type":"Feature","id":"pathway-aa9ea622122a","properties":{"id":"pathway-aa9ea622122a","layer":"pathway","assetCode":"BRD890","name":null,"type":"REGIONAL","status":"ACTIVE","nearCommunities":[{"communityCode":"BRD","intersectsCommunity":true,"distanceToCommunityM":0}],"sourceDatasetId":"qndb-27qm","surface":"ASPHALT","operationalStatus":"OPEN","greenway":"NO","transCanadaTrail":"NO"},"geometry":{"type":"LineString","coordinates":[[-114.0286752352671,51.05227471411747],[-114.02847953070776,51.052277270097505],[-114.02820572688664,51.05236731011766]]}},{"type":"Feature","id":"pathway-85de0447bad7","properties":{"id":"pathway-85de0447bad7","layer":"pathway","assetCode":"CHN113","name":null,"type":"REGIONAL","status":"ACTIVE","nearCommunities":[{"communityCode":"SSD","intersectsCommunity":false,"distanceToCommunityM":40}],"sourceDatasetId":"qndb-27qm","surface":"ASPHALT","operationalStatus":"OPEN","greenway":"NO","transCanadaTrail":"NO"},"geometry":{"type":"LineString","coordinates":[[-114.06497361784298,51.05319189295726],[-114.06495635335689,51.05283688317067]]}},{"type":"Feature","id":"pathway-250cb5307d77","properties":{"id":"pathway-250cb5307d77","layer":"pathway","assetCode":"CHN113","name":null,"type":"REGIONAL","status":"ACTIVE","nearCommunities":[{"communityCode":"SSD","intersectsCommunity":false,"distanceToCommunityM":41}],"sourceDatasetId":"qndb-27qm","surface":"ASPHALT","operationalStatus":"OPEN","greenway":null,"transCanadaTrail":null},"geometry":{"type":"LineString","coordinates":[[-114.0649561191163,51.05323632538988],[-114.06497361784298,51.05319189295726]]}},{"type":"Feature","id":"pathway-0a47853f67d1","properties":{"id":"pathway-0a47853f67d1","layer":"pathway","assetCode":"CRE871","name":null,"type":"REGIONAL","status":"ACTIVE","nearCommunities":[{"communityCode":"SSD","intersectsCommunity":false,"distanceToCommunityM":236}],"sourceDatasetId":"qndb-27qm","surface":"ASPHALT","operationalStatus":"OPEN","greenway":"NO","transCanadaTrail":"NO"},"geometry":{"type":"LineString","coordinates":[[-114.06756452752747,51.06235743515425],[-114.06755993773442,51.061747497835796]]}},{"type":"Feature","id":"pathway-5b5413054f88","properties":{"id":"pathway-5b5413054f88","layer":"pathway","assetCode":"CRE871","name":null,"type":"REGIONAL","status":"ACTIVE","nearCommunities":[{"communityCode":"SSD","intersectsCommunity":false,"distanceToCommunityM":201}],"sourceDatasetId":"qndb-27qm","surface":"ASPHALT","operationalStatus":"OPEN","greenway":"NO","transCanadaTrail":"NO"},"geometry":{"type":"LineString","coordinates":[[-114.06751103576649,51.06169940687847],[-114.067510315088,51.061247044266395]]}},{"type":"Feature","id":"pathway-a162906d1958","properties":{"id":"pathway-a162906d1958","layer":"pathway","assetCode":"ALB635","name":null,"type":"LOCAL","status":"ACTIVE","nearCommunities":[{"communityCode":"BRD","intersectsCommunity":false,"distanceToCommunityM":346}],"sourceDatasetId":"qndb-27qm","surface":"ASPHALT","operationalStatus":"OPEN","greenway":"NO","transCanadaTrail":"NO"},"geometry":{"type":"LineString","coordinates":[[-114.00639101615123,51.04419844739063],[-114.00703016153659,51.04428317669224]]}},{"type":"Feature","id":"pathway-ad356b7092e1","properties":{"id":"pathway-ad356b7092e1","layer":"pathway","assetCode":"CRE871","name":null,"type":"REGIONAL","status":"ACTIVE","nearCommunities":[{"communityCode":"SSD","intersectsCommunity":false,"distanceToCommunityM":163}],"sourceDatasetId":"qndb-27qm","surface":"ASPHALT","operationalStatus":"OPEN","greenway":"NO","transCanadaTrail":"NO"},"geometry":{"type":"LineString","coordinates":[[-114.067510315088,51.061247044266395],[-114.06751658514406,51.06079214518035],[-114.06745294204667,51.06072528769594]]}},{"type":"Feature","id":"pathway-e7380f5e4095","properties":{"id":"pathway-e7380f5e4095","layer":"pathway","assetCode":"ALB635","name":null,"type":"LOCAL","status":"ACTIVE","nearCommunities":[{"communityCode":"BRD","intersectsCommunity":false,"distanceToCommunityM":391}],"sourceDatasetId":"qndb-27qm","surface":"ASPHALT","operationalStatus":"OPEN","greenway":"NO","transCanadaTrail":"NO"},"geometry":{"type":"LineString","coordinates":[[-114.0062669183966,51.04418100620037],[-114.00639101615123,51.04419844739063]]}},{"type":"Feature","id":"pathway-b81fe9826e6e","properties":{"id":"pathway-b81fe9826e6e","layer":"pathway","assetCode":"HOU605","name":null,"type":"LOCAL","status":"ACTIVE","nearCommunities":[{"communityCode":"HIL","intersectsCommunity":false,"distanceToCommunityM":254}],"sourceDatasetId":"qndb-27qm","surface":"ASPHALT","operationalStatus":"OPEN","greenway":"NO","transCanadaTrail":"NO"},"geometry":{"type":"LineString","coordinates":[[-114.10202108111525,51.06234401362141],[-114.10242701011975,51.06231695111214],[-114.10249635115815,51.062232761939754],[-114.10257868657047,51.06202515688746],[-114.10270535919409,51.06194567281857],[-114.10357524286657,51.06192360596921],[-114.10363200502701,51.06198984577853]]}},{"type":"Feature","id":"pathway-80bec25ba125","properties":{"id":"pathway-80bec25ba125","layer":"pathway","assetCode":"ING012","name":null,"type":"REGIONAL","status":"ACTIVE","nearCommunities":[{"communityCode":"BRD","intersectsCommunity":false,"distanceToCommunityM":8}],"sourceDatasetId":"qndb-27qm","surface":"ASPHALT","operationalStatus":"OPEN","greenway":"NO","transCanadaTrail":"YES"},"geometry":{"type":"LineString","coordinates":[[-114.03286606988263,51.0430483053016],[-114.03315948277755,51.04306788297802]]}},{"type":"Feature","id":"pathway-985e7516cd21","properties":{"id":"pathway-985e7516cd21","layer":"pathway","assetCode":"DNW134","name":null,"type":"LOCAL","status":"ACTIVE","nearCommunities":[{"communityCode":"HIL","intersectsCommunity":false,"distanceToCommunityM":170},{"communityCode":"BLN","intersectsCommunity":false,"distanceToCommunityM":117}],"sourceDatasetId":"qndb-27qm","surface":"ASPHALT","operationalStatus":"OPEN","greenway":"NO","transCanadaTrail":"NO"},"geometry":{"type":"LineString","coordinates":[[-114.09215799394791,51.04583729707322],[-114.09220268806921,51.04587477328605],[-114.09221057326971,51.045943164554934],[-114.09221336086797,51.04604494411856],[-114.0921722289358,51.04614757279349],[-114.09220606282388,51.04628380888667]]}},{"type":"Feature","id":"pathway-f0f588eb16a7","properties":{"id":"pathway-f0f588eb16a7","layer":"pathway","assetCode":"DNW134","name":null,"type":"LOCAL","status":"ACTIVE","nearCommunities":[{"communityCode":"HIL","intersectsCommunity":false,"distanceToCommunityM":178},{"communityCode":"BLN","intersectsCommunity":false,"distanceToCommunityM":109}],"sourceDatasetId":"qndb-27qm","surface":"ASPHALT","operationalStatus":"OPEN","greenway":"NO","transCanadaTrail":"NO"},"geometry":{"type":"LineString","coordinates":[[-114.09257542756237,51.045779010374595],[-114.0927233327615,51.045881452510045],[-114.0929692949825,51.0459705988957],[-114.09305593048973,51.04605025000973]]}},{"type":"Feature","id":"pathway-4fa82f4d55f1","properties":{"id":"pathway-4fa82f4d55f1","layer":"pathway","assetCode":"DNW134","name":null,"type":"LOCAL","status":"ACTIVE","nearCommunities":[{"communityCode":"HIL","intersectsCommunity":false,"distanceToCommunityM":219},{"communityCode":"BLN","intersectsCommunity":false,"distanceToCommunityM":104}],"sourceDatasetId":"qndb-27qm","surface":"ASPHALT","operationalStatus":"OPEN","greenway":"NO","transCanadaTrail":"NO"},"geometry":{"type":"LineString","coordinates":[[-114.09126540351257,51.04588706612047],[-114.09159434769052,51.045742588302126],[-114.09177021252637,51.04570883773633],[-114.09195238174091,51.045729050914844],[-114.09215799394791,51.04583729707322]]}},{"type":"Feature","id":"pathway-8250a9884f59","properties":{"id":"pathway-8250a9884f59","layer":"pathway","assetCode":"ING037","name":null,"type":"REGIONAL","status":"ACTIVE","nearCommunities":[{"communityCode":"BRD","intersectsCommunity":false,"distanceToCommunityM":211}],"sourceDatasetId":"qndb-27qm","surface":"ASPHALT","operationalStatus":"OPEN","greenway":"NO","transCanadaTrail":"YES"},"geometry":{"type":"LineString","coordinates":[[-114.01267656039713,51.04042541858699],[-114.01264073283724,51.04047917751499]]}},{"type":"Feature","id":"pathway-071cceb3834d","properties":{"id":"pathway-071cceb3834d","layer":"pathway","assetCode":"ING037","name":null,"type":"REGIONAL","status":"ACTIVE","nearCommunities":[{"communityCode":"BRD","intersectsCommunity":false,"distanceToCommunityM":217}],"sourceDatasetId":"qndb-27qm","surface":"ASPHALT","operationalStatus":"OPEN","greenway":"NO","transCanadaTrail":"YES"},"geometry":{"type":"LineString","coordinates":[[-114.01229600747826,51.03977133517705],[-114.01223196638098,51.04002895729637],[-114.0122431567858,51.04010393595263],[-114.01233657463787,51.040195552258176],[-114.01265028807435,51.04037469502888],[-114.01267656039713,51.04042541858699]]}},{"type":"Feature","id":"pathway-634229bf25f6","properties":{"id":"pathway-634229bf25f6","layer":"pathway","assetCode":"ALB824","name":null,"type":"REGIONAL","status":"ACTIVE","nearCommunities":[{"communityCode":"BRD","intersectsCommunity":false,"distanceToCommunityM":240}],"sourceDatasetId":"qndb-27qm","surface":"ASPHALT","operationalStatus":"OPEN","greenway":"NO","transCanadaTrail":"NO"},"geometry":{"type":"LineString","coordinates":[[-114.00877475229386,51.0424543398381],[-114.00845458999798,51.04206355440246],[-114.00828141525332,51.04176318461395]]}},{"type":"Feature","id":"pathway-a9db0d836468","properties":{"id":"pathway-a9db0d836468","layer":"pathway","assetCode":"EAU120","name":null,"type":"LOCAL","status":"ACTIVE","nearCommunities":[{"communityCode":"SSD","intersectsCommunity":false,"distanceToCommunityM":75}],"sourceDatasetId":"qndb-27qm","surface":"ASPHALT","operationalStatus":"OPEN","greenway":"NO","transCanadaTrail":"NO"},"geometry":{"type":"LineString","coordinates":[[-114.0753124079888,51.05435184247128],[-114.07542098398126,51.05430804017381],[-114.07569482504333,51.054273338139744]]}},{"type":"Feature","id":"pathway-b31d09ab07af","properties":{"id":"pathway-b31d09ab07af","layer":"pathway","assetCode":"EAU000","name":null,"type":"LOCAL","status":"ACTIVE","nearCommunities":[{"communityCode":"SSD","intersectsCommunity":false,"distanceToCommunityM":34}],"sourceDatasetId":"qndb-27qm","surface":"ASPHALT","operationalStatus":"OPEN","greenway":"NO","transCanadaTrail":"NO"},"geometry":{"type":"LineString","coordinates":[[-114.07665265587035,51.05416533083249],[-114.07661777739943,51.05425098348045]]}},{"type":"Feature","id":"pathway-635addc99a57","properties":{"id":"pathway-635addc99a57","layer":"pathway","assetCode":"EAU120","name":null,"type":"LOCAL","status":"ACTIVE","nearCommunities":[{"communityCode":"SSD","intersectsCommunity":false,"distanceToCommunityM":59}],"sourceDatasetId":"qndb-27qm","surface":"ASPHALT","operationalStatus":"OPEN","greenway":"NO","transCanadaTrail":"NO"},"geometry":{"type":"LineString","coordinates":[[-114.0761339243799,51.054241979993314],[-114.07585712333442,51.054215074830566],[-114.07569482504333,51.054273338139744]]}},{"type":"Feature","id":"pathway-da71cd116131","properties":{"id":"pathway-da71cd116131","layer":"pathway","assetCode":"EAU120","name":null,"type":"LOCAL","status":"ACTIVE","nearCommunities":[{"communityCode":"SSD","intersectsCommunity":false,"distanceToCommunityM":127}],"sourceDatasetId":"qndb-27qm","surface":"ASPHALT","operationalStatus":"OPEN","greenway":"NO","transCanadaTrail":"NO"},"geometry":{"type":"LineString","coordinates":[[-114.07350616161102,51.054712055183714],[-114.0732064829557,51.05457644365745]]}},{"type":"Feature","id":"pathway-a9d99753941e","properties":{"id":"pathway-a9d99753941e","layer":"pathway","assetCode":"EAU120","name":null,"type":"LOCAL","status":"ACTIVE","nearCommunities":[{"communityCode":"SSD","intersectsCommunity":false,"distanceToCommunityM":55}],"sourceDatasetId":"qndb-27qm","surface":"ASPHALT","operationalStatus":"OPEN","greenway":"NO","transCanadaTrail":"NO"},"geometry":{"type":"LineString","coordinates":[[-114.07569482504333,51.054273338139744],[-114.07572150746317,51.054451499800585],[-114.07567301930159,51.0545133723819],[-114.07558578752612,51.054538106502115],[-114.07541354336149,51.05450253935836],[-114.0753124079888,51.05435184247128]]}},{"type":"Feature","id":"pathway-9f8bfe9ff579","properties":{"id":"pathway-9f8bfe9ff579","layer":"pathway","assetCode":"ING037","name":null,"type":"REGIONAL","status":"ACTIVE","nearCommunities":[{"communityCode":"BRD","intersectsCommunity":false,"distanceToCommunityM":138}],"sourceDatasetId":"qndb-27qm","surface":"ASPHALT","operationalStatus":"OPEN","greenway":"NO","transCanadaTrail":"YES"},"geometry":{"type":"LineString","coordinates":[[-114.0125364081531,51.04059305728809],[-114.01240560404139,51.04080060387259],[-114.01249700843833,51.04095464769706],[-114.01255260666608,51.04113087747728]]}},{"type":"Feature","id":"pathway-9260df71216f","properties":{"id":"pathway-9260df71216f","layer":"pathway","assetCode":"EAU120","name":null,"type":"LOCAL","status":"ACTIVE","nearCommunities":[{"communityCode":"SSD","intersectsCommunity":false,"distanceToCommunityM":142}],"sourceDatasetId":"qndb-27qm","surface":"ASPHALT","operationalStatus":"OPEN","greenway":"NO","transCanadaTrail":"NO"},"geometry":{"type":"LineString","coordinates":[[-114.06800935281883,51.05475461468837],[-114.06756209333713,51.054697089048894]]}},{"type":"Feature","id":"pathway-574fef15421e","properties":{"id":"pathway-574fef15421e","layer":"pathway","assetCode":"EAU120","name":null,"type":"LOCAL","status":"ACTIVE","nearCommunities":[{"communityCode":"SSD","intersectsCommunity":false,"distanceToCommunityM":189}],"sourceDatasetId":"qndb-27qm","surface":"ASPHALT","operationalStatus":"OPEN","greenway":"NO","transCanadaTrail":"NO"},"geometry":{"type":"LineString","coordinates":[[-114.07192401836667,51.05463193956944],[-114.0710952407764,51.05466460372254],[-114.07066712473099,51.05476564527523]]}},{"type":"Feature","id":"pathway-d0ca1f33e96c","properties":{"id":"pathway-d0ca1f33e96c","layer":"pathway","assetCode":"EAU120","name":null,"type":"LOCAL","status":"ACTIVE","nearCommunities":[{"communityCode":"SSD","intersectsCommunity":false,"distanceToCommunityM":209}],"sourceDatasetId":"qndb-27qm","surface":"ASPHALT","operationalStatus":"OPEN","greenway":"NO","transCanadaTrail":"NO"},"geometry":{"type":"LineString","coordinates":[[-114.07066712473099,51.05476564527523],[-114.07035016265294,51.05478190829092]]}},{"type":"Feature","id":"pathway-f7f4fd4f8f40","properties":{"id":"pathway-f7f4fd4f8f40","layer":"pathway","assetCode":"EAU120","name":null,"type":"LOCAL","status":"ACTIVE","nearCommunities":[{"communityCode":"SSD","intersectsCommunity":false,"distanceToCommunityM":127}],"sourceDatasetId":"qndb-27qm","surface":"ASPHALT","operationalStatus":"OPEN","greenway":"NO","transCanadaTrail":"NO"},"geometry":{"type":"LineString","coordinates":[[-114.07374607852867,51.0545523014863],[-114.07350616161102,51.054712055183714]]}},{"type":"Feature","id":"pathway-b0a46863972a","properties":{"id":"pathway-b0a46863972a","layer":"pathway","assetCode":"EAU120","name":null,"type":"LOCAL","status":"ACTIVE","nearCommunities":[{"communityCode":"SSD","intersectsCommunity":false,"distanceToCommunityM":86}],"sourceDatasetId":"qndb-27qm","surface":"ASPHALT","operationalStatus":"OPEN","greenway":"NO","transCanadaTrail":"NO"},"geometry":{"type":"LineString","coordinates":[[-114.07374607852867,51.0545523014863],[-114.07476156764827,51.05448339475308],[-114.0753124079888,51.05435184247128]]}},{"type":"Feature","id":"pathway-7650c8020b0e","properties":{"id":"pathway-7650c8020b0e","layer":"pathway","assetCode":"EAU120","name":null,"type":"LOCAL","status":"ACTIVE","nearCommunities":[{"communityCode":"SSD","intersectsCommunity":false,"distanceToCommunityM":151}],"sourceDatasetId":"qndb-27qm","surface":"ASPHALT","operationalStatus":"OPEN","greenway":"NO","transCanadaTrail":"NO"},"geometry":{"type":"LineString","coordinates":[[-114.0732064829557,51.05457644365745],[-114.07192401836667,51.05463193956944]]}},{"type":"Feature","id":"pathway-f4f409a3075e","properties":{"id":"pathway-f4f409a3075e","layer":"pathway","assetCode":"EAU120","name":null,"type":"LOCAL","status":"ACTIVE","nearCommunities":[{"communityCode":"SSD","intersectsCommunity":false,"distanceToCommunityM":49}],"sourceDatasetId":"qndb-27qm","surface":"ASPHALT","operationalStatus":"OPEN","greenway":"NO","transCanadaTrail":"NO"},"geometry":{"type":"LineString","coordinates":[[-114.07653132237525,51.054099940003624],[-114.0761339243799,51.054241979993314]]}},{"type":"Feature","id":"pathway-077e624301c6","properties":{"id":"pathway-077e624301c6","layer":"pathway","assetCode":"EAU120","name":null,"type":"LOCAL","status":"ACTIVE","nearCommunities":[{"communityCode":"SSD","intersectsCommunity":false,"distanceToCommunityM":43}],"sourceDatasetId":"qndb-27qm","surface":"ASPHALT","operationalStatus":"OPEN","greenway":"NO","transCanadaTrail":"NO"},"geometry":{"type":"LineString","coordinates":[[-114.07664213240648,51.054104079981876],[-114.07653132237525,51.054099940003624]]}},{"type":"Feature","id":"pathway-b13ff6c3ce83","properties":{"id":"pathway-b13ff6c3ce83","layer":"pathway","assetCode":"DNE116","name":null,"type":"LOCAL","status":"ACTIVE","nearCommunities":[{"communityCode":"BRD","intersectsCommunity":false,"distanceToCommunityM":70},{"communityCode":"BLN","intersectsCommunity":false,"distanceToCommunityM":313}],"sourceDatasetId":"qndb-27qm","surface":"ASPHALT","operationalStatus":"OPEN","greenway":"NO","transCanadaTrail":"NO"},"geometry":{"type":"LineString","coordinates":[[-114.0463959378359,51.04629808660378],[-114.04636416500718,51.0463975804757]]}},{"type":"Feature","id":"pathway-d3c25d8d09de","properties":{"id":"pathway-d3c25d8d09de","layer":"pathway","assetCode":"DNE200","name":null,"type":"REGIONAL","status":"ACTIVE","nearCommunities":[{"communityCode":"BRD","intersectsCommunity":false,"distanceToCommunityM":86},{"communityCode":"BLN","intersectsCommunity":false,"distanceToCommunityM":311}],"sourceDatasetId":"qndb-27qm","surface":"ASPHALT","operationalStatus":"OPEN","greenway":"NO","transCanadaTrail":"NO"},"geometry":{"type":"LineString","coordinates":[[-114.04659014067346,51.04632443826416],[-114.04714063666002,51.046305943207315]]}},{"type":"Feature","id":"pathway-ec3a084e0676","properties":{"id":"pathway-ec3a084e0676","layer":"pathway","assetCode":"DNE200","name":null,"type":"REGIONAL","status":"ACTIVE","nearCommunities":[{"communityCode":"BRD","intersectsCommunity":false,"distanceToCommunityM":80},{"communityCode":"BLN","intersectsCommunity":false,"distanceToCommunityM":313}],"sourceDatasetId":"qndb-27qm","surface":"ASPHALT","operationalStatus":"OPEN","greenway":"NO","transCanadaTrail":"NO"},"geometry":{"type":"LineString","coordinates":[[-114.0463959378359,51.04629808660378],[-114.04659014067346,51.04632443826416]]}},{"type":"Feature","id":"pathway-5276319879eb","properties":{"id":"pathway-5276319879eb","layer":"pathway","assetCode":"DNE116","name":null,"type":"LOCAL","status":"ACTIVE","nearCommunities":[{"communityCode":"BRD","intersectsCommunity":false,"distanceToCommunityM":76},{"communityCode":"BLN","intersectsCommunity":false,"distanceToCommunityM":315}],"sourceDatasetId":"qndb-27qm","surface":"ASPHALT","operationalStatus":"OPEN","greenway":"NO","transCanadaTrail":"NO"},"geometry":{"type":"LineString","coordinates":[[-114.04659014067346,51.04632443826416],[-114.04655640938014,51.04642454966414]]}},{"type":"Feature","id":"pathway-c51813ca9ca5","properties":{"id":"pathway-c51813ca9ca5","layer":"pathway","assetCode":"ING037","name":null,"type":"LOCAL","status":"ACTIVE","nearCommunities":[{"communityCode":"BRD","intersectsCommunity":false,"distanceToCommunityM":182}],"sourceDatasetId":"qndb-27qm","surface":"ASPHALT","operationalStatus":"OPEN","greenway":"NO","transCanadaTrail":"NO"},"geometry":{"type":"LineString","coordinates":[[-114.01655271034132,51.04178696651375],[-114.0164036939894,51.04172406565199]]}},{"type":"Feature","id":"pathway-9f471141ad84","properties":{"id":"pathway-9f471141ad84","layer":"pathway","assetCode":"ING036","name":null,"type":"REGIONAL","status":"ACTIVE","nearCommunities":[{"communityCode":"BRD","intersectsCommunity":false,"distanceToCommunityM":11}],"sourceDatasetId":"qndb-27qm","surface":"ASPHALT","operationalStatus":"OPEN","greenway":"NO","transCanadaTrail":"YES"},"geometry":{"type":"LineString","coordinates":[[-114.02215906470363,51.04273520055138],[-114.02062416221221,51.0430687130122]]}},{"type":"Feature","id":"pathway-f00663e5335f","properties":{"id":"pathway-f00663e5335f","layer":"pathway","assetCode":"REN691","name":null,"type":"REGIONAL","status":"ACTIVE","nearCommunities":[{"communityCode":"BRD","intersectsCommunity":false,"distanceToCommunityM":266}],"sourceDatasetId":"qndb-27qm","surface":"ASPHALT","operationalStatus":"OPEN","greenway":"NO","transCanadaTrail":"YES"},"geometry":{"type":"LineString","coordinates":[[-114.02347396348645,51.05472097656128],[-114.02353318243594,51.05527046202417],[-114.02358160008218,51.055408834572724]]}},{"type":"Feature","id":"pathway-72f2477f0f94","properties":{"id":"pathway-72f2477f0f94","layer":"pathway","assetCode":"REN691","name":null,"type":"REGIONAL","status":"ACTIVE","nearCommunities":[{"communityCode":"BRD","intersectsCommunity":true,"distanceToCommunityM":0}],"sourceDatasetId":"qndb-27qm","surface":"ASPHALT","operationalStatus":"OPEN","greenway":"NO","transCanadaTrail":"YES"},"geometry":{"type":"LineString","coordinates":[[-114.02161123430494,51.052326610249544],[-114.02165740238944,51.052471004496844]]}},{"type":"Feature","id":"pathway-01a32670a750","properties":{"id":"pathway-01a32670a750","layer":"pathway","assetCode":"ING037","name":null,"type":"LOCAL","status":"ACTIVE","nearCommunities":[{"communityCode":"BRD","intersectsCommunity":false,"distanceToCommunityM":182}],"sourceDatasetId":"qndb-27qm","surface":"ASPHALT","operationalStatus":"OPEN","greenway":"NO","transCanadaTrail":"NO"},"geometry":{"type":"LineString","coordinates":[[-114.01687397561523,51.041871740545204],[-114.01655271034132,51.04178696651375]]}},{"type":"Feature","id":"pathway-2809e3cb3211","properties":{"id":"pathway-2809e3cb3211","layer":"pathway","assetCode":"BLN011","name":null,"type":"REGIONAL","status":"ACTIVE","nearCommunities":[{"communityCode":"BRD","intersectsCommunity":false,"distanceToCommunityM":368},{"communityCode":"BLN","intersectsCommunity":true,"distanceToCommunityM":0}],"sourceDatasetId":"qndb-27qm","surface":"ASPHALT","operationalStatus":"OPEN","greenway":"NO","transCanadaTrail":"NO"},"geometry":{"type":"LineString","coordinates":[[-114.04391932504353,51.04238432256507],[-114.0440793920101,51.04218545156742],[-114.04441075693092,51.04188152872499],[-114.04486052905185,51.041559187209934],[-114.04487043918706,51.04149685035642]]}},{"type":"Feature","id":"pathway-d0c40c0fa0df","properties":{"id":"pathway-d0c40c0fa0df","layer":"pathway","assetCode":"WHL495","name":null,"type":"REGIONAL","status":"ACTIVE","nearCommunities":[{"communityCode":"HIL","intersectsCommunity":false,"distanceToCommunityM":392}],"sourceDatasetId":"qndb-27qm","surface":"ASPHALT","operationalStatus":"OPEN","greenway":"NO","transCanadaTrail":"YES"},"geometry":{"type":"LineString","coordinates":[[-114.10891357382222,51.048891297476786],[-114.10880500038428,51.04891560464495]]}},{"type":"Feature","id":"pathway-640f2a4f69db","properties":{"id":"pathway-640f2a4f69db","layer":"pathway","assetCode":"ERL246","name":null,"type":"REGIONAL","status":"ACTIVE","nearCommunities":[{"communityCode":"BLN","intersectsCommunity":false,"distanceToCommunityM":357}],"sourceDatasetId":"qndb-27qm","surface":"ASPHALT","operationalStatus":"OPEN","greenway":"NO","transCanadaTrail":"YES"},"geometry":{"type":"LineString","coordinates":[[-114.06462230741163,51.033343999095365],[-114.06420692777364,51.03298222150978],[-114.06409028536365,51.03265764938475]]}},{"type":"Feature","id":"pathway-871aeaccd7ad","properties":{"id":"pathway-871aeaccd7ad","layer":"pathway","assetCode":"ERL246","name":null,"type":"REGIONAL","status":"ACTIVE","nearCommunities":[{"communityCode":"BLN","intersectsCommunity":false,"distanceToCommunityM":371}],"sourceDatasetId":"qndb-27qm","surface":"ASPHALT","operationalStatus":"OPEN","greenway":"NO","transCanadaTrail":"YES"},"geometry":{"type":"LineString","coordinates":[[-114.06409028536365,51.03265764938475],[-114.06390590154145,51.032140026867204],[-114.06372068725034,51.03192349021439]]}},{"type":"Feature","id":"pathway-a3302d7df06f","properties":{"id":"pathway-a3302d7df06f","layer":"pathway","assetCode":"RAM415","name":null,"type":"REGIONAL","status":"ACTIVE","nearCommunities":[{"communityCode":"BRD","intersectsCommunity":false,"distanceToCommunityM":387},{"communityCode":"BLN","intersectsCommunity":false,"distanceToCommunityM":5}],"sourceDatasetId":"qndb-27qm","surface":"ASPHALT","operationalStatus":"OPEN","greenway":"NO","transCanadaTrail":"YES"},"geometry":{"type":"LineString","coordinates":[[-114.0442848791445,51.04126846283885],[-114.0439570454241,51.04139889555822],[-114.04368782953702,51.04156236701984],[-114.04333079295063,51.041976097109405]]}},{"type":"Feature","id":"pathway-98b7a6b3321a","properties":{"id":"pathway-98b7a6b3321a","layer":"pathway","assetCode":"BLN011","name":null,"type":"REGIONAL","status":"ACTIVE","nearCommunities":[{"communityCode":"BLN","intersectsCommunity":true,"distanceToCommunityM":0}],"sourceDatasetId":"qndb-27qm","surface":"ASPHALT","operationalStatus":"OPEN","greenway":"NO","transCanadaTrail":"NO"},"geometry":{"type":"LineString","coordinates":[[-114.0457070890028,51.04108670823366],[-114.04574932417825,51.041034520655806],[-114.04648917064631,51.040616866562175]]}},{"type":"Feature","id":"pathway-6db2bac8effb","properties":{"id":"pathway-6db2bac8effb","layer":"pathway","assetCode":"BLN011","name":null,"type":"REGIONAL","status":"ACTIVE","nearCommunities":[{"communityCode":"BLN","intersectsCommunity":true,"distanceToCommunityM":0}],"sourceDatasetId":"qndb-27qm","surface":"ASPHALT","operationalStatus":"OPEN","greenway":"NO","transCanadaTrail":"NO"},"geometry":{"type":"LineString","coordinates":[[-114.04648917064631,51.040616866562175],[-114.0469342830739,51.04036771690925],[-114.0472224371058,51.04012033442679]]}},{"type":"Feature","id":"pathway-189bbbeb7bb4","properties":{"id":"pathway-189bbbeb7bb4","layer":"pathway","assetCode":"BLN011","name":null,"type":"REGIONAL","status":"ACTIVE","nearCommunities":[{"communityCode":"BLN","intersectsCommunity":true,"distanceToCommunityM":0}],"sourceDatasetId":"qndb-27qm","surface":"ASPHALT","operationalStatus":"OPEN","greenway":"NO","transCanadaTrail":"NO"},"geometry":{"type":"LineString","coordinates":[[-114.0472224371058,51.04012033442679],[-114.04793666973295,51.03960915577171]]}},{"type":"Feature","id":"pathway-3a72ce8d5010","properties":{"id":"pathway-3a72ce8d5010","layer":"pathway","assetCode":"BLN011","name":null,"type":"REGIONAL","status":"ACTIVE","nearCommunities":[{"communityCode":"BLN","intersectsCommunity":true,"distanceToCommunityM":0}],"sourceDatasetId":"qndb-27qm","surface":"ASPHALT","operationalStatus":"OPEN","greenway":"NO","transCanadaTrail":"NO"},"geometry":{"type":"LineString","coordinates":[[-114.04793666973295,51.03960915577171],[-114.04844222498474,51.0392212404293],[-114.04858628113394,51.03906946973992]]}},{"type":"Feature","id":"pathway-f7426de0fca0","properties":{"id":"pathway-f7426de0fca0","layer":"pathway","assetCode":null,"name":null,"type":"REGIONAL","status":"ACTIVE","nearCommunities":[{"communityCode":"BLN","intersectsCommunity":false,"distanceToCommunityM":8}],"sourceDatasetId":"qndb-27qm","surface":"ASPHALT","operationalStatus":"OPEN","greenway":"NO","transCanadaTrail":"YES"},"geometry":{"type":"LineString","coordinates":[[-114.0495283372666,51.03524545599215],[-114.04957140153516,51.0348234148783],[-114.04944909724853,51.03424079247963]]}},{"type":"Feature","id":"pathway-17abd08a01b1","properties":{"id":"pathway-17abd08a01b1","layer":"pathway","assetCode":"SNA678","name":null,"type":"REGIONAL","status":"ACTIVE","nearCommunities":[{"communityCode":"HIL","intersectsCommunity":false,"distanceToCommunityM":219},{"communityCode":"BLN","intersectsCommunity":false,"distanceToCommunityM":160}],"sourceDatasetId":"qndb-27qm","surface":"CONCRETE","operationalStatus":"OPEN","greenway":"NO","transCanadaTrail":"NO"},"geometry":{"type":"LineString","coordinates":[[-114.09671177368871,51.045554223138915],[-114.09727953556585,51.04556601396556]]}},{"type":"Feature","id":"pathway-530185ea4545","properties":{"id":"pathway-530185ea4545","layer":"pathway","assetCode":"ERL246","name":null,"type":"LOCAL","status":"ACTIVE","nearCommunities":[{"communityCode":"BLN","intersectsCommunity":false,"distanceToCommunityM":220}],"sourceDatasetId":"qndb-27qm","surface":"ASPHALT","operationalStatus":"OPEN","greenway":"NO","transCanadaTrail":"NO"},"geometry":{"type":"LineString","coordinates":[[-114.06452211245913,51.03500207190798],[-114.06426631621369,51.03515264731083]]}},{"type":"Feature","id":"pathway-9ded95282be4","properties":{"id":"pathway-9ded95282be4","layer":"pathway","assetCode":"ERL246","name":null,"type":"REGIONAL","status":"ACTIVE","nearCommunities":[{"communityCode":"BLN","intersectsCommunity":false,"distanceToCommunityM":383}],"sourceDatasetId":"qndb-27qm","surface":"ASPHALT","operationalStatus":"OPEN","greenway":"NO","transCanadaTrail":"NO"},"geometry":{"type":"LineString","coordinates":[[-114.06718215874596,51.03430649605725],[-114.06706234307464,51.034394054021014]]}},{"type":"Feature","id":"pathway-d6eb82903c32","properties":{"id":"pathway-d6eb82903c32","layer":"pathway","assetCode":"ERL246","name":null,"type":"LOCAL","status":"ACTIVE","nearCommunities":[{"communityCode":"BLN","intersectsCommunity":false,"distanceToCommunityM":315}],"sourceDatasetId":"qndb-27qm","surface":"ASPHALT","operationalStatus":"OPEN","greenway":"NO","transCanadaTrail":"NO"},"geometry":{"type":"LineString","coordinates":[[-114.06424304922159,51.03363795191893],[-114.06416654478839,51.03359756344036]]}},{"type":"Feature","id":"pathway-1716eeeb3efb","properties":{"id":"pathway-1716eeeb3efb","layer":"pathway","assetCode":"EAU131","name":null,"type":"REGIONAL","status":"ACTIVE","nearCommunities":[{"communityCode":"SSD","intersectsCommunity":false,"distanceToCommunityM":76}],"sourceDatasetId":"qndb-27qm","surface":"CONCRETE","operationalStatus":"OPEN","greenway":"NO","transCanadaTrail":"NO"},"geometry":{"type":"LineString","coordinates":[[-114.07835250966511,51.05239419138913],[-114.07831783739294,51.05270684661644]]}},{"type":"Feature","id":"pathway-3fe432dc8ba3","properties":{"id":"pathway-3fe432dc8ba3","layer":"pathway","assetCode":"EAU131","name":null,"type":"REGIONAL","status":"ACTIVE","nearCommunities":[{"communityCode":"SSD","intersectsCommunity":false,"distanceToCommunityM":68}],"sourceDatasetId":"qndb-27qm","surface":"CONCRETE","operationalStatus":"OPEN","greenway":"NO","transCanadaTrail":"NO"},"geometry":{"type":"LineString","coordinates":[[-114.07831628447559,51.05273325856248],[-114.07830735498486,51.0528089022711]]}},{"type":"Feature","id":"pathway-4be29f74b625","properties":{"id":"pathway-4be29f74b625","layer":"pathway","assetCode":"EAU131","name":null,"type":"REGIONAL","status":"ACTIVE","nearCommunities":[{"communityCode":"SSD","intersectsCommunity":false,"distanceToCommunityM":48}],"sourceDatasetId":"qndb-27qm","surface":"CONCRETE","operationalStatus":"OPEN","greenway":"NO","transCanadaTrail":"NO"},"geometry":{"type":"LineString","coordinates":[[-114.07830735498486,51.0528089022711],[-114.07827154932278,51.053059623532754]]}},{"type":"Feature","id":"pathway-1855973ed9f4","properties":{"id":"pathway-1855973ed9f4","layer":"pathway","assetCode":"EAU131","name":null,"type":"REGIONAL","status":"ACTIVE","nearCommunities":[{"communityCode":"SSD","intersectsCommunity":false,"distanceToCommunityM":10}],"sourceDatasetId":"qndb-27qm","surface":"CONCRETE","operationalStatus":"OPEN","greenway":"NO","transCanadaTrail":"NO"},"geometry":{"type":"LineString","coordinates":[[-114.07825020139346,51.05338026434003],[-114.07826924926353,51.05347543565538]]}},{"type":"Feature","id":"pathway-6dec76b59eb1","properties":{"id":"pathway-6dec76b59eb1","layer":"pathway","assetCode":"ERL246","name":null,"type":"LOCAL","status":"ACTIVE","nearCommunities":[{"communityCode":"BLN","intersectsCommunity":false,"distanceToCommunityM":295}],"sourceDatasetId":"qndb-27qm","surface":"ASPHALT","operationalStatus":"OPEN","greenway":"NO","transCanadaTrail":"NO"},"geometry":{"type":"LineString","coordinates":[[-114.06530483341594,51.03497716886133],[-114.06544429828145,51.03485031020951]]}},{"type":"Feature","id":"pathway-b71427dd6d06","properties":{"id":"pathway-b71427dd6d06","layer":"pathway","assetCode":"DNW133","name":null,"type":"REGIONAL","status":"ACTIVE","nearCommunities":[{"communityCode":"HIL","intersectsCommunity":true,"distanceToCommunityM":0},{"communityCode":"SSD","intersectsCommunity":false,"distanceToCommunityM":4}],"sourceDatasetId":"qndb-27qm","surface":"INTERLOCKING BRICK","operationalStatus":"OPEN","greenway":"NO","transCanadaTrail":"NO"},"geometry":{"type":"LineString","coordinates":[[-114.0840809084032,51.0504673593144],[-114.08447470556524,51.050239044669766],[-114.08449214825154,51.050202914037726],[-114.08443449801057,51.05009279109136]]}},{"type":"Feature","id":"pathway-a50286f4a893","properties":{"id":"pathway-a50286f4a893","layer":"pathway","assetCode":"DNW133","name":null,"type":"REGIONAL","status":"ACTIVE","nearCommunities":[{"communityCode":"HIL","intersectsCommunity":false,"distanceToCommunityM":12},{"communityCode":"SSD","intersectsCommunity":false,"distanceToCommunityM":50}],"sourceDatasetId":"qndb-27qm","surface":"INTERLOCKING BRICK","operationalStatus":"OPEN","greenway":"NO","transCanadaTrail":"NO"},"geometry":{"type":"LineString","coordinates":[[-114.08464161767624,51.05004664535164],[-114.08443449801057,51.05009279109136]]}},{"type":"Feature","id":"pathway-75b57b25dfc5","properties":{"id":"pathway-75b57b25dfc5","layer":"pathway","assetCode":"ERL246","name":null,"type":"LOCAL","status":"ACTIVE","nearCommunities":[{"communityCode":"BLN","intersectsCommunity":false,"distanceToCommunityM":346}],"sourceDatasetId":"qndb-27qm","surface":"ASPHALT","operationalStatus":"OPEN","greenway":"NO","transCanadaTrail":"NO"},"geometry":{"type":"LineString","coordinates":[[-114.06544345549106,51.03373164771531],[-114.06507997108847,51.03378150288457]]}},{"type":"Feature","id":"pathway-1ae7c5750a41","properties":{"id":"pathway-1ae7c5750a41","layer":"pathway","assetCode":"ING029","name":null,"type":"REGIONAL","status":"ACTIVE","nearCommunities":[{"communityCode":"BRD","intersectsCommunity":false,"distanceToCommunityM":228},{"communityCode":"BLN","intersectsCommunity":false,"distanceToCommunityM":74}],"sourceDatasetId":"qndb-27qm","surface":"ASPHALT","operationalStatus":"OPEN","greenway":"NO","transCanadaTrail":"NO"},"geometry":{"type":"LineString","coordinates":[[-114.04174487847547,51.0430946982268],[-114.04179138753439,51.0430229992481]]}},{"type":"Feature","id":"pathway-1d70dbdac9d9","properties":{"id":"pathway-1d70dbdac9d9","layer":"pathway","assetCode":"ERL246","name":null,"type":"LOCAL","status":"ACTIVE","nearCommunities":[{"communityCode":"BLN","intersectsCommunity":false,"distanceToCommunityM":350}],"sourceDatasetId":"qndb-27qm","surface":"ASPHALT","operationalStatus":"OPEN","greenway":"NO","transCanadaTrail":"NO"},"geometry":{"type":"LineString","coordinates":[[-114.06670192515422,51.03469736948115],[-114.06667157568609,51.03446228595737]]}},{"type":"Feature","id":"pathway-9d69c0a5b9ea","properties":{"id":"pathway-9d69c0a5b9ea","layer":"pathway","assetCode":"ERL246","name":null,"type":"LOCAL","status":"ACTIVE","nearCommunities":[{"communityCode":"BLN","intersectsCommunity":false,"distanceToCommunityM":348}],"sourceDatasetId":"qndb-27qm","surface":"ASPHALT","operationalStatus":"OPEN","greenway":"NO","transCanadaTrail":"NO"},"geometry":{"type":"LineString","coordinates":[[-114.06632220923403,51.0347101244843],[-114.06652041561867,51.034594124971086]]}},{"type":"Feature","id":"pathway-d9845df7eb6a","properties":{"id":"pathway-d9845df7eb6a","layer":"pathway","assetCode":"ERL246","name":null,"type":"LOCAL","status":"ACTIVE","nearCommunities":[{"communityCode":"BLN","intersectsCommunity":false,"distanceToCommunityM":295}],"sourceDatasetId":"qndb-27qm","surface":"ASPHALT","operationalStatus":"OPEN","greenway":"NO","transCanadaTrail":"NO"},"geometry":{"type":"LineString","coordinates":[[-114.06474664702897,51.034006203459484],[-114.06482394250882,51.03407623661797],[-114.06471843509921,51.0342419815892]]}},{"type":"Feature","id":"pathway-7909a8eb68b8","properties":{"id":"pathway-7909a8eb68b8","layer":"pathway","assetCode":"ERL246","name":null,"type":"REGIONAL","status":"ACTIVE","nearCommunities":[{"communityCode":"BLN","intersectsCommunity":false,"distanceToCommunityM":10}],"sourceDatasetId":"qndb-27qm","surface":"ASPHALT","operationalStatus":"OPEN","greenway":"NO","transCanadaTrail":"YES"},"geometry":{"type":"LineString","coordinates":[[-114.06160870613219,51.03566675845904],[-114.06153247101538,51.03574546880602],[-114.06140616296378,51.03573543255985]]}},{"type":"Feature","id":"pathway-549ab3b2b668","properties":{"id":"pathway-549ab3b2b668","layer":"pathway","assetCode":"ERL246","name":null,"type":"LOCAL","status":"ACTIVE","nearCommunities":[{"communityCode":"BLN","intersectsCommunity":false,"distanceToCommunityM":308}],"sourceDatasetId":"qndb-27qm","surface":"ASPHALT","operationalStatus":"OPEN","greenway":"NO","transCanadaTrail":"NO"},"geometry":{"type":"LineString","coordinates":[[-114.06454203561087,51.03390759388912],[-114.06474664702897,51.034006203459484]]}},{"type":"Feature","id":"pathway-50cf12810cd1","properties":{"id":"pathway-50cf12810cd1","layer":"pathway","assetCode":"HIL498","name":null,"type":"REGIONAL","status":"ACTIVE","nearCommunities":[{"communityCode":"HIL","intersectsCommunity":true,"distanceToCommunityM":0}],"sourceDatasetId":"qndb-27qm","surface":"ASPHALT","operationalStatus":"OPEN","greenway":"NO","transCanadaTrail":"NO"},"geometry":{"type":"LineString","coordinates":[[-114.09814916604374,51.048693221062074],[-114.09667050326203,51.04871918771916]]}},{"type":"Feature","id":"pathway-31ae379db3a9","properties":{"id":"pathway-31ae379db3a9","layer":"pathway","assetCode":"HIL498","name":null,"type":"REGIONAL","status":"ACTIVE","nearCommunities":[{"communityCode":"HIL","intersectsCommunity":true,"distanceToCommunityM":0}],"sourceDatasetId":"qndb-27qm","surface":"ASPHALT","operationalStatus":"OPEN","greenway":"NO","transCanadaTrail":"NO"},"geometry":{"type":"LineString","coordinates":[[-114.09667050326203,51.04871918771916],[-114.0952989735588,51.048750520417],[-114.09520523864634,51.04878519108172]]}},{"type":"Feature","id":"pathway-5660eb2f9a0c","properties":{"id":"pathway-5660eb2f9a0c","layer":"pathway","assetCode":"HIL495","name":null,"type":"REGIONAL","status":"ACTIVE","nearCommunities":[{"communityCode":"HIL","intersectsCommunity":true,"distanceToCommunityM":0},{"communityCode":"SSD","intersectsCommunity":false,"distanceToCommunityM":169}],"sourceDatasetId":"qndb-27qm","surface":"ASPHALT","operationalStatus":"OPEN","greenway":"NO","transCanadaTrail":"YES"},"geometry":{"type":"LineString","coordinates":[[-114.08894893137324,51.051102826748796],[-114.08830017999199,51.051229318635876],[-114.0881576029493,51.05121091641382],[-114.0878250708011,51.051083913587206]]}},{"type":"Feature","id":"pathway-51bc9237270d","properties":{"id":"pathway-51bc9237270d","layer":"pathway","assetCode":"CRE495","name":null,"type":"REGIONAL","status":"ACTIVE","nearCommunities":[{"communityCode":"SSD","intersectsCommunity":false,"distanceToCommunityM":99}],"sourceDatasetId":"qndb-27qm","surface":"ASPHALT","operationalStatus":"OPEN","greenway":"NO","transCanadaTrail":"YES"},"geometry":{"type":"LineString","coordinates":[[-114.0611165879001,51.05323773977688],[-114.05999601438998,51.05292933281604]]}},{"type":"Feature","id":"pathway-85f459aa729c","properties":{"id":"pathway-85f459aa729c","layer":"pathway","assetCode":"CRE495","name":null,"type":"REGIONAL","status":"ACTIVE","nearCommunities":[{"communityCode":"BRD","intersectsCommunity":false,"distanceToCommunityM":48}],"sourceDatasetId":"qndb-27qm","surface":"ASPHALT","operationalStatus":"OPEN","greenway":"NO","transCanadaTrail":"YES"},"geometry":{"type":"LineString","coordinates":[[-114.05348376831483,51.05105048032189],[-114.05246798901705,51.05068388216943]]}},{"type":"Feature","id":"pathway-a99242bac5cc","properties":{"id":"pathway-a99242bac5cc","layer":"pathway","assetCode":"CRE495","name":null,"type":"REGIONAL","status":"ACTIVE","nearCommunities":[{"communityCode":"BRD","intersectsCommunity":false,"distanceToCommunityM":272}],"sourceDatasetId":"qndb-27qm","surface":"ASPHALT","operationalStatus":"OPEN","greenway":"NO","transCanadaTrail":"YES"},"geometry":{"type":"LineString","coordinates":[[-114.05670091717947,51.05194501104909],[-114.05559240335295,51.05169011673323]]}},{"type":"Feature","id":"pathway-ac34fad44dd1","properties":{"id":"pathway-ac34fad44dd1","layer":"pathway","assetCode":"CRE495","name":null,"type":"REGIONAL","status":"ACTIVE","nearCommunities":[{"communityCode":"BRD","intersectsCommunity":false,"distanceToCommunityM":198}],"sourceDatasetId":"qndb-27qm","surface":"ASPHALT","operationalStatus":"OPEN","greenway":"NO","transCanadaTrail":"YES"},"geometry":{"type":"LineString","coordinates":[[-114.05559240335295,51.05169011673323],[-114.05453792827142,51.05136558825371]]}},{"type":"Feature","id":"pathway-47f679405ac6","properties":{"id":"pathway-47f679405ac6","layer":"pathway","assetCode":"CRE495","name":null,"type":"REGIONAL","status":"ACTIVE","nearCommunities":[{"communityCode":"BRD","intersectsCommunity":false,"distanceToCommunityM":124}],"sourceDatasetId":"qndb-27qm","surface":"ASPHALT","operationalStatus":"OPEN","greenway":"NO","transCanadaTrail":"YES"},"geometry":{"type":"LineString","coordinates":[[-114.05453792827142,51.05136558825371],[-114.0539930738626,51.05125219761754],[-114.05348376831483,51.05105048032189]]}},{"type":"Feature","id":"pathway-1589389250a0","properties":{"id":"pathway-1589389250a0","layer":"pathway","assetCode":"HIL495","name":null,"type":"REGIONAL","status":"ACTIVE","nearCommunities":[{"communityCode":"HIL","intersectsCommunity":true,"distanceToCommunityM":0}],"sourceDatasetId":"qndb-27qm","surface":"ASPHALT","operationalStatus":"OPEN","greenway":"NO","transCanadaTrail":"YES"},"geometry":{"type":"LineString","coordinates":[[-114.09214114077248,51.05009435497016],[-114.09197823302071,51.05025722071165],[-114.09177236315558,51.05040212612418],[-114.09125833576489,51.05060746018874]]}},{"type":"Feature","id":"pathway-be8655b69d22","properties":{"id":"pathway-be8655b69d22","layer":"pathway","assetCode":"HIL495","name":null,"type":"REGIONAL","status":"ACTIVE","nearCommunities":[{"communityCode":"HIL","intersectsCommunity":true,"distanceToCommunityM":0},{"communityCode":"SSD","intersectsCommunity":false,"distanceToCommunityM":324}],"sourceDatasetId":"qndb-27qm","surface":"ASPHALT","operationalStatus":"OPEN","greenway":"NO","transCanadaTrail":"YES"},"geometry":{"type":"LineString","coordinates":[[-114.09125833576489,51.05060746018874],[-114.09010859603674,51.05086437780228]]}},{"type":"Feature","id":"pathway-8794014a87dc","properties":{"id":"pathway-8794014a87dc","layer":"pathway","assetCode":"HIL495","name":null,"type":"REGIONAL","status":"ACTIVE","nearCommunities":[{"communityCode":"HIL","intersectsCommunity":true,"distanceToCommunityM":0},{"communityCode":"SSD","intersectsCommunity":false,"distanceToCommunityM":239}],"sourceDatasetId":"qndb-27qm","surface":"ASPHALT","operationalStatus":"OPEN","greenway":"NO","transCanadaTrail":"YES"},"geometry":{"type":"LineString","coordinates":[[-114.09010859603674,51.05086437780228],[-114.08894893137324,51.051102826748796]]}},{"type":"Feature","id":"pathway-bc005c39d513","properties":{"id":"pathway-bc005c39d513","layer":"pathway","assetCode":"ERL246","name":null,"type":"LOCAL","status":"ACTIVE","nearCommunities":[{"communityCode":"BLN","intersectsCommunity":false,"distanceToCommunityM":73}],"sourceDatasetId":"qndb-27qm","surface":"ASPHALT","operationalStatus":"OPEN","greenway":"NO","transCanadaTrail":"NO"},"geometry":{"type":"LineString","coordinates":[[-114.0631820806562,51.035563888416014],[-114.06261768202039,51.03549497470792],[-114.06191715519965,51.03524990083339]]}},{"type":"Feature","id":"pathway-ea106af288f4","properties":{"id":"pathway-ea106af288f4","layer":"pathway","assetCode":"ERL246","name":null,"type":"LOCAL","status":"ACTIVE","nearCommunities":[{"communityCode":"BLN","intersectsCommunity":false,"distanceToCommunityM":296}],"sourceDatasetId":"qndb-27qm","surface":"ASPHALT","operationalStatus":"OPEN","greenway":"NO","transCanadaTrail":"NO"},"geometry":{"type":"LineString","coordinates":[[-114.06544429828145,51.03485031020951],[-114.06523962078663,51.034843394659994]]}},{"type":"Feature","id":"pathway-6b63ec37b139","properties":{"id":"pathway-6b63ec37b139","layer":"pathway","assetCode":"BLN011","name":null,"type":"LOCAL","status":"ACTIVE","nearCommunities":[{"communityCode":"BLN","intersectsCommunity":true,"distanceToCommunityM":0}],"sourceDatasetId":"qndb-27qm","surface":"ASPHALT","operationalStatus":"OPEN","greenway":"NO","transCanadaTrail":"NO"},"geometry":{"type":"LineString","coordinates":[[-114.04872624405057,51.03911753536077],[-114.04858628113394,51.03906946973992]]}},{"type":"Feature","id":"pathway-11c621b5f913","properties":{"id":"pathway-11c621b5f913","layer":"pathway","assetCode":"EAU131","name":null,"type":"REGIONAL","status":"ACTIVE","nearCommunities":[{"communityCode":"SSD","intersectsCommunity":false,"distanceToCommunityM":171}],"sourceDatasetId":"qndb-27qm","surface":"ASPHALT","operationalStatus":"OPEN","greenway":"NO","transCanadaTrail":"NO"},"geometry":{"type":"LineString","coordinates":[[-114.07333045108805,51.053763548732206],[-114.07397430179658,51.05381412283887],[-114.07463182758958,51.053704548077675]]}},{"type":"Feature","id":"pathway-a7ce1ae29366","properties":{"id":"pathway-a7ce1ae29366","layer":"pathway","assetCode":"EAU131","name":null,"type":"REGIONAL","status":"ACTIVE","nearCommunities":[{"communityCode":"SSD","intersectsCommunity":false,"distanceToCommunityM":143}],"sourceDatasetId":"qndb-27qm","surface":"ASPHALT","operationalStatus":"OPEN","greenway":"NO","transCanadaTrail":"NO"},"geometry":{"type":"LineString","coordinates":[[-114.07463182758958,51.053704548077675],[-114.07523404617221,51.05359710972005],[-114.07580082808528,51.05336851968953]]}},{"type":"Feature","id":"pathway-a9948a5ac4e3","properties":{"id":"pathway-a9948a5ac4e3","layer":"pathway","assetCode":"ERL246","name":null,"type":"REGIONAL","status":"ACTIVE","nearCommunities":[{"communityCode":"BLN","intersectsCommunity":false,"distanceToCommunityM":252}],"sourceDatasetId":"qndb-27qm","surface":"ASPHALT","operationalStatus":"OPEN","greenway":"NO","transCanadaTrail":"YES"},"geometry":{"type":"LineString","coordinates":[[-114.06509208960878,51.035575623654346],[-114.06554096268204,51.03551085696072],[-114.065598231277,51.03546087598961]]}},{"type":"Feature","id":"pathway-5c3bef95f1e9","properties":{"id":"pathway-5c3bef95f1e9","layer":"pathway","assetCode":null,"name":null,"type":"REGIONAL","status":"ACTIVE","nearCommunities":[{"communityCode":"SSD","intersectsCommunity":false,"distanceToCommunityM":1}],"sourceDatasetId":"qndb-27qm","surface":"ASPHALT","operationalStatus":"OPEN","greenway":"NO","transCanadaTrail":"YES"},"geometry":{"type":"LineString","coordinates":[[-114.0623565047274,51.05350998673809],[-114.06250523900462,51.053547523883864]]}},{"type":"Feature","id":"pathway-03aef4c8cb9d","properties":{"id":"pathway-03aef4c8cb9d","layer":"pathway","assetCode":"SSD495","name":null,"type":"REGIONAL","status":"ACTIVE","nearCommunities":[{"communityCode":"HIL","intersectsCommunity":false,"distanceToCommunityM":177},{"communityCode":"SSD","intersectsCommunity":true,"distanceToCommunityM":0}],"sourceDatasetId":"qndb-27qm","surface":"ASPHALT","operationalStatus":"OPEN","greenway":"NO","transCanadaTrail":"YES"},"geometry":{"type":"LineString","coordinates":[[-114.082213319511,51.052877599525175],[-114.0826209643163,51.0526781331033],[-114.08328818370569,51.0524245278561]]}},{"type":"Feature","id":"pathway-ea9f00ba0c5e","properties":{"id":"pathway-ea9f00ba0c5e","layer":"pathway","assetCode":"HIL495","name":null,"type":"REGIONAL","status":"ACTIVE","nearCommunities":[{"communityCode":"HIL","intersectsCommunity":true,"distanceToCommunityM":0}],"sourceDatasetId":"qndb-27qm","surface":"ASPHALT","operationalStatus":"OPEN","greenway":"NO","transCanadaTrail":"YES"},"geometry":{"type":"LineString","coordinates":[[-114.09306476196805,51.04945761077005],[-114.09214114077248,51.05009435497016]]}},{"type":"Feature","id":"pathway-be18c9f6738c","properties":{"id":"pathway-be18c9f6738c","layer":"pathway","assetCode":"SSD495","name":null,"type":"REGIONAL","status":"ACTIVE","nearCommunities":[{"communityCode":"HIL","intersectsCommunity":false,"distanceToCommunityM":258},{"communityCode":"SSD","intersectsCommunity":true,"distanceToCommunityM":0}],"sourceDatasetId":"qndb-27qm","surface":"ASPHALT","operationalStatus":"OPEN","greenway":"NO","transCanadaTrail":"YES"},"geometry":{"type":"LineString","coordinates":[[-114.08125761373522,51.05343486645529],[-114.082213319511,51.052877599525175]]}},{"type":"Feature","id":"pathway-72610a7ef910","properties":{"id":"pathway-72610a7ef910","layer":"pathway","assetCode":"HIL498","name":null,"type":"REGIONAL","status":"ACTIVE","nearCommunities":[{"communityCode":"HIL","intersectsCommunity":true,"distanceToCommunityM":0}],"sourceDatasetId":"qndb-27qm","surface":"ASPHALT","operationalStatus":"OPEN","greenway":"NO","transCanadaTrail":"YES"},"geometry":{"type":"LineString","coordinates":[[-114.09824107233233,51.04879304222015],[-114.09687937608139,51.04882622899011]]}},{"type":"Feature","id":"pathway-856fe7067348","properties":{"id":"pathway-856fe7067348","layer":"pathway","assetCode":"HIL498","name":null,"type":"REGIONAL","status":"ACTIVE","nearCommunities":[{"communityCode":"HIL","intersectsCommunity":true,"distanceToCommunityM":0}],"sourceDatasetId":"qndb-27qm","surface":"ASPHALT","operationalStatus":"OPEN","greenway":"NO","transCanadaTrail":"YES"},"geometry":{"type":"LineString","coordinates":[[-114.09687937608139,51.04882622899011],[-114.09552461711326,51.04882929930925]]}},{"type":"Feature","id":"pathway-7639e441c483","properties":{"id":"pathway-7639e441c483","layer":"pathway","assetCode":"CRE495","name":null,"type":"REGIONAL","status":"ACTIVE","nearCommunities":[{"communityCode":"SSD","intersectsCommunity":false,"distanceToCommunityM":178}],"sourceDatasetId":"qndb-27qm","surface":"ASPHALT","operationalStatus":"OPEN","greenway":"NO","transCanadaTrail":"YES"},"geometry":{"type":"LineString","coordinates":[[-114.05999601438998,51.05292933281604],[-114.05912127380792,51.05269042270251],[-114.05890813845315,51.052589703390595]]}},{"type":"Feature","id":"pathway-c1a023655699","properties":{"id":"pathway-c1a023655699","layer":"pathway","assetCode":"RAM415","name":null,"type":"REGIONAL","status":"ACTIVE","nearCommunities":[{"communityCode":"BRD","intersectsCommunity":false,"distanceToCommunityM":284},{"communityCode":"BLN","intersectsCommunity":false,"distanceToCommunityM":14}],"sourceDatasetId":"qndb-27qm","surface":"ASPHALT","operationalStatus":"OPEN","greenway":"NO","transCanadaTrail":"YES"},"geometry":{"type":"LineString","coordinates":[[-114.04333079295063,51.041976097109405],[-114.04309289425193,51.042255945700305],[-114.04279576719533,51.042856584583724]]}},{"type":"Feature","id":"pathway-c293d189e8f5","properties":{"id":"pathway-c293d189e8f5","layer":"pathway","assetCode":"HOU605","name":null,"type":"LOCAL","status":"ACTIVE","nearCommunities":[{"communityCode":"HIL","intersectsCommunity":false,"distanceToCommunityM":282}],"sourceDatasetId":"qndb-27qm","surface":"ASPHALT","operationalStatus":"OPEN","greenway":"NO","transCanadaTrail":"NO"},"geometry":{"type":"LineString","coordinates":[[-114.10197494328575,51.062202440793406],[-114.10198663456656,51.062198030131185]]}},{"type":"Feature","id":"pathway-0cfee13f995f","properties":{"id":"pathway-0cfee13f995f","layer":"pathway","assetCode":"HOU605","name":null,"type":"LOCAL","status":"ACTIVE","nearCommunities":[{"communityCode":"HIL","intersectsCommunity":false,"distanceToCommunityM":281}],"sourceDatasetId":"qndb-27qm","surface":"ASPHALT","operationalStatus":"OPEN","greenway":"NO","transCanadaTrail":"NO"},"geometry":{"type":"LineString","coordinates":[[-114.1019575362868,51.062182476349115],[-114.10193603693338,51.062189392902965]]}},{"type":"Feature","id":"pathway-a7764520f4e0","properties":{"id":"pathway-a7764520f4e0","layer":"pathway","assetCode":"SNA811","name":null,"type":"REGIONAL","status":"ACTIVE","nearCommunities":[{"communityCode":"HIL","intersectsCommunity":false,"distanceToCommunityM":392}],"sourceDatasetId":"qndb-27qm","surface":"ASPHALT","operationalStatus":"OPEN","greenway":"NO","transCanadaTrail":"NO"},"geometry":{"type":"LineString","coordinates":[[-114.10742914917641,51.045468657700155],[-114.10726715319389,51.045461351335135]]}},{"type":"Feature","id":"pathway-a8717d1a8a5b","properties":{"id":"pathway-a8717d1a8a5b","layer":"pathway","assetCode":"BRD853","name":null,"type":"REGIONAL","status":"ACTIVE","nearCommunities":[{"communityCode":"BRD","intersectsCommunity":true,"distanceToCommunityM":0}],"sourceDatasetId":"qndb-27qm","surface":"ASPHALT","operationalStatus":"OPEN","greenway":"NO","transCanadaTrail":"NO"},"geometry":{"type":"LineString","coordinates":[[-114.0393362579931,51.049277806917644],[-114.03931328262134,51.04931575399003],[-114.03934806699634,51.04940073834974]]}},{"type":"Feature","id":"pathway-0a21450b0864","properties":{"id":"pathway-0a21450b0864","layer":"pathway","assetCode":"CRE871","name":null,"type":"REGIONAL","status":"ACTIVE","nearCommunities":[{"communityCode":"SSD","intersectsCommunity":false,"distanceToCommunityM":281}],"sourceDatasetId":"qndb-27qm","surface":"ASPHALT","operationalStatus":"OPEN","greenway":"NO","transCanadaTrail":"NO"},"geometry":{"type":"LineString","coordinates":[[-114.06750739960819,51.062396000741224],[-114.06756452752747,51.06235743515425]]}},{"type":"Feature","id":"pathway-815a9d32568e","properties":{"id":"pathway-815a9d32568e","layer":"pathway","assetCode":"CRE871","name":null,"type":"REGIONAL","status":"ACTIVE","nearCommunities":[{"communityCode":"SSD","intersectsCommunity":false,"distanceToCommunityM":235}],"sourceDatasetId":"qndb-27qm","surface":"ASPHALT","operationalStatus":"OPEN","greenway":"NO","transCanadaTrail":"NO"},"geometry":{"type":"LineString","coordinates":[[-114.06755993773442,51.061747497835796],[-114.06751103576649,51.06169940687847]]}},{"type":"Feature","id":"pathway-964afb3341fe","properties":{"id":"pathway-964afb3341fe","layer":"pathway","assetCode":"ING014","name":null,"type":"LOCAL","status":"ACTIVE","nearCommunities":[{"communityCode":"BRD","intersectsCommunity":false,"distanceToCommunityM":138},{"communityCode":"BLN","intersectsCommunity":false,"distanceToCommunityM":182}],"sourceDatasetId":"qndb-27qm","surface":"CONCRETE","operationalStatus":"OPEN","greenway":"NO","transCanadaTrail":"NO"},"geometry":{"type":"LineString","coordinates":[[-114.04031089193205,51.04361252942432],[-114.04028889075258,51.04356273118004]]}},{"type":"Feature","id":"pathway-441853dda7e3","properties":{"id":"pathway-441853dda7e3","layer":"pathway","assetCode":"ING014","name":null,"type":"LOCAL","status":"ACTIVE","nearCommunities":[{"communityCode":"BRD","intersectsCommunity":false,"distanceToCommunityM":102},{"communityCode":"BLN","intersectsCommunity":false,"distanceToCommunityM":163}],"sourceDatasetId":"qndb-27qm","surface":"CONCRETE","operationalStatus":"OPEN","greenway":"NO","transCanadaTrail":"NO"},"geometry":{"type":"LineString","coordinates":[[-114.0405201543456,51.04401288143243],[-114.04064860881526,51.043818489550304],[-114.04065304579152,51.043714878614225],[-114.04052122700548,51.043642141695926],[-114.04033148644697,51.0436041025335]]}},{"type":"Feature","id":"pathway-2af39695633a","properties":{"id":"pathway-2af39695633a","layer":"pathway","assetCode":"ING014","name":null,"type":"LOCAL","status":"ACTIVE","nearCommunities":[{"communityCode":"BRD","intersectsCommunity":false,"distanceToCommunityM":138},{"communityCode":"BLN","intersectsCommunity":false,"distanceToCommunityM":180}],"sourceDatasetId":"qndb-27qm","surface":"CONCRETE","operationalStatus":"OPEN","greenway":"NO","transCanadaTrail":"NO"},"geometry":{"type":"LineString","coordinates":[[-114.04033148644697,51.0436041025335],[-114.04031089193205,51.04361252942432]]}},{"type":"Feature","id":"pathway-e1365ecfc7b2","properties":{"id":"pathway-e1365ecfc7b2","layer":"pathway","assetCode":"ING014","name":null,"type":"LOCAL","status":"ACTIVE","nearCommunities":[{"communityCode":"BRD","intersectsCommunity":false,"distanceToCommunityM":140},{"communityCode":"BLN","intersectsCommunity":false,"distanceToCommunityM":180}],"sourceDatasetId":"qndb-27qm","surface":"CONCRETE","operationalStatus":"OPEN","greenway":"NO","transCanadaTrail":"NO"},"geometry":{"type":"LineString","coordinates":[[-114.04033148644697,51.0436041025335],[-114.04028889075258,51.04356273118004]]}},{"type":"Feature","id":"pathway-b1821b57eb67","properties":{"id":"pathway-b1821b57eb67","layer":"pathway","assetCode":"ING014","name":null,"type":"LOCAL","status":"ACTIVE","nearCommunities":[{"communityCode":"BRD","intersectsCommunity":false,"distanceToCommunityM":102},{"communityCode":"BLN","intersectsCommunity":false,"distanceToCommunityM":183}],"sourceDatasetId":"qndb-27qm","surface":"ASPHALT","operationalStatus":"OPEN","greenway":"NO","transCanadaTrail":"NO"},"geometry":{"type":"LineString","coordinates":[[-114.04030277277,51.043632992861674],[-114.04010623629921,51.0439140696944]]}},{"type":"Feature","id":"pathway-852baa85e578","properties":{"id":"pathway-852baa85e578","layer":"pathway","assetCode":"ING014","name":null,"type":"LOCAL","status":"ACTIVE","nearCommunities":[{"communityCode":"BRD","intersectsCommunity":false,"distanceToCommunityM":143},{"communityCode":"BLN","intersectsCommunity":false,"distanceToCommunityM":182}],"sourceDatasetId":"qndb-27qm","surface":"CONCRETE","operationalStatus":"OPEN","greenway":"NO","transCanadaTrail":"NO"},"geometry":{"type":"LineString","coordinates":[[-114.04028889075258,51.04356273118004],[-114.04015940518534,51.043437985629964],[-114.04020600465543,51.04333242202249]]}},{"type":"Feature","id":"pathway-8e158b7878d2","properties":{"id":"pathway-8e158b7878d2","layer":"pathway","assetCode":"ING014","name":null,"type":"LOCAL","status":"ACTIVE","nearCommunities":[{"communityCode":"BRD","intersectsCommunity":false,"distanceToCommunityM":185},{"communityCode":"BLN","intersectsCommunity":false,"distanceToCommunityM":174}],"sourceDatasetId":"qndb-27qm","surface":"CONCRETE","operationalStatus":"OPEN","greenway":"NO","transCanadaTrail":"NO"},"geometry":{"type":"LineString","coordinates":[[-114.0402940673611,51.04317986734351],[-114.0403230417332,51.04313456076841]]}},{"type":"Feature","id":"pathway-070d880a0cc7","properties":{"id":"pathway-070d880a0cc7","layer":"pathway","assetCode":"ING014","name":null,"type":"LOCAL","status":"ACTIVE","nearCommunities":[{"communityCode":"BRD","intersectsCommunity":false,"distanceToCommunityM":136},{"communityCode":"BLN","intersectsCommunity":false,"distanceToCommunityM":182}],"sourceDatasetId":"qndb-27qm","surface":"CONCRETE","operationalStatus":"OPEN","greenway":"NO","transCanadaTrail":"NO"},"geometry":{"type":"LineString","coordinates":[[-114.04031089193205,51.04361252942432],[-114.04030277277,51.043632992861674]]}},{"type":"Feature","id":"pathway-22a8bf02c2d4","properties":{"id":"pathway-22a8bf02c2d4","layer":"pathway","assetCode":"ING014","name":null,"type":"LOCAL","status":"ACTIVE","nearCommunities":[{"communityCode":"BRD","intersectsCommunity":false,"distanceToCommunityM":167},{"communityCode":"BLN","intersectsCommunity":false,"distanceToCommunityM":176}],"sourceDatasetId":"qndb-27qm","surface":"CONCRETE","operationalStatus":"OPEN","greenway":"NO","transCanadaTrail":"NO"},"geometry":{"type":"LineString","coordinates":[[-114.04020600465543,51.04333242202249],[-114.0402940673611,51.04317986734351]]}},{"type":"Feature","id":"pathway-82f9810c61fb","properties":{"id":"pathway-82f9810c61fb","layer":"pathway","assetCode":"BRD853","name":null,"type":"REGIONAL","status":"ACTIVE","nearCommunities":[{"communityCode":"BRD","intersectsCommunity":true,"distanceToCommunityM":0}],"sourceDatasetId":"qndb-27qm","surface":"ASPHALT","operationalStatus":"OPEN","greenway":"NO","transCanadaTrail":"NO"},"geometry":{"type":"LineString","coordinates":[[-114.03934806699634,51.04940073834974],[-114.03934053435027,51.05029368673056]]}},{"type":"Feature","id":"pathway-6ae2e3ed3224","properties":{"id":"pathway-6ae2e3ed3224","layer":"pathway","assetCode":"SSD678","name":null,"type":"LOCAL","status":"ACTIVE","nearCommunities":[{"communityCode":"HIL","intersectsCommunity":false,"distanceToCommunityM":312},{"communityCode":"SSD","intersectsCommunity":true,"distanceToCommunityM":0}],"sourceDatasetId":"qndb-27qm","surface":"OTHER","operationalStatus":"OPEN","greenway":"NO","transCanadaTrail":"NO"},"geometry":{"type":"LineString","coordinates":[[-114.08148361555288,51.05846236510861],[-114.08151881210985,51.05839463903389]]}},{"type":"Feature","id":"pathway-814c616b4603","properties":{"id":"pathway-814c616b4603","layer":"pathway","assetCode":"BRD874","name":null,"type":"LOCAL","status":"ACTIVE","nearCommunities":[{"communityCode":"BRD","intersectsCommunity":true,"distanceToCommunityM":0}],"sourceDatasetId":"qndb-27qm","surface":"ASPHALT","operationalStatus":"OPEN","greenway":"NO","transCanadaTrail":"NO"},"geometry":{"type":"LineString","coordinates":[[-114.04442728769286,51.05124788607534],[-114.04448938403577,51.05127884553847]]}},{"type":"Feature","id":"pathway-494672726cae","properties":{"id":"pathway-494672726cae","layer":"pathway","assetCode":"BRD774","name":null,"type":"LOCAL","status":"ACTIVE","nearCommunities":[{"communityCode":"BRD","intersectsCommunity":true,"distanceToCommunityM":0}],"sourceDatasetId":"qndb-27qm","surface":"ASPHALT","operationalStatus":"OPEN","greenway":"NO","transCanadaTrail":"NO"},"geometry":{"type":"LineString","coordinates":[[-114.04501321423479,51.05133829898864],[-114.0452699659864,51.05135846176745]]}},{"type":"Feature","id":"pathway-a4d044aafe95","properties":{"id":"pathway-a4d044aafe95","layer":"pathway","assetCode":"BRD774","name":null,"type":"LOCAL","status":"ACTIVE","nearCommunities":[{"communityCode":"BRD","intersectsCommunity":true,"distanceToCommunityM":0}],"sourceDatasetId":"qndb-27qm","surface":"ASPHALT","operationalStatus":"OPEN","greenway":"NO","transCanadaTrail":"NO"},"geometry":{"type":"LineString","coordinates":[[-114.04442728769286,51.05124788607534],[-114.04421611728395,51.05124856306682]]}},{"type":"Feature","id":"pathway-d5a296a6e470","properties":{"id":"pathway-d5a296a6e470","layer":"pathway","assetCode":null,"name":null,"type":"LOCAL","status":"ACTIVE","nearCommunities":[{"communityCode":"BRD","intersectsCommunity":true,"distanceToCommunityM":0}],"sourceDatasetId":"qndb-27qm","surface":"ASPHALT","operationalStatus":"OPEN","greenway":"NO","transCanadaTrail":"NO"},"geometry":{"type":"LineString","coordinates":[[-114.04583506429935,51.051685231029744],[-114.04553271267666,51.05167256042206]]}},{"type":"Feature","id":"pathway-8079ab8b5dfd","properties":{"id":"pathway-8079ab8b5dfd","layer":"pathway","assetCode":"RDL550","name":null,"type":"REGIONAL","status":"ACTIVE","nearCommunities":[{"communityCode":"HIL","intersectsCommunity":false,"distanceToCommunityM":11},{"communityCode":"SSD","intersectsCommunity":true,"distanceToCommunityM":0}],"sourceDatasetId":"qndb-27qm","surface":"ASPHALT","operationalStatus":"OPEN","greenway":"NO","transCanadaTrail":"NO"},"geometry":{"type":"LineString","coordinates":[[-114.08529055138585,51.0595829912994],[-114.08585026193354,51.05959459182193]]}},{"type":"Feature","id":"pathway-261db3f43676","properties":{"id":"pathway-261db3f43676","layer":"pathway","assetCode":"SSD495","name":null,"type":"REGIONAL","status":"ACTIVE","nearCommunities":[{"communityCode":"SSD","intersectsCommunity":true,"distanceToCommunityM":0}],"sourceDatasetId":"qndb-27qm","surface":"ASPHALT","operationalStatus":"OPEN","greenway":"NO","transCanadaTrail":"YES"},"geometry":{"type":"LineString","coordinates":[[-114.0767129640444,51.056151245063305],[-114.07606301432226,51.05656041964344]]}},{"type":"Feature","id":"pathway-bf96ae7d3b67","properties":{"id":"pathway-bf96ae7d3b67","layer":"pathway","assetCode":"SSD495","name":null,"type":"REGIONAL","status":"ACTIVE","nearCommunities":[{"communityCode":"SSD","intersectsCommunity":true,"distanceToCommunityM":0}],"sourceDatasetId":"qndb-27qm","surface":"ASPHALT","operationalStatus":"OPEN","greenway":"NO","transCanadaTrail":"NO"},"geometry":{"type":"LineString","coordinates":[[-114.07788086658297,51.05519160696858],[-114.078316909374,51.054982737071036]]}},{"type":"Feature","id":"pathway-21c9cb50029c","properties":{"id":"pathway-21c9cb50029c","layer":"pathway","assetCode":"SSD495","name":null,"type":"REGIONAL","status":"ACTIVE","nearCommunities":[{"communityCode":"SSD","intersectsCommunity":true,"distanceToCommunityM":0}],"sourceDatasetId":"qndb-27qm","surface":"ASPHALT","operationalStatus":"OPEN","greenway":"NO","transCanadaTrail":"YES"},"geometry":{"type":"LineString","coordinates":[[-114.07758424435664,51.05564405627472],[-114.07775913109971,51.05552758704308]]}},{"type":"Feature","id":"pathway-e666b817187b","properties":{"id":"pathway-e666b817187b","layer":"pathway","assetCode":"BRD496","name":null,"type":"REGIONAL","status":"ACTIVE","nearCommunities":[{"communityCode":"BRD","intersectsCommunity":true,"distanceToCommunityM":0}],"sourceDatasetId":"qndb-27qm","surface":"ASPHALT","operationalStatus":"OPEN","greenway":"NO","transCanadaTrail":"NO"},"geometry":{"type":"LineString","coordinates":[[-114.03215544810486,51.04891800827585],[-114.03224237047205,51.04916081662543],[-114.03237369971055,51.049396922455024]]}},{"type":"Feature","id":"pathway-1f566f4a3afe","properties":{"id":"pathway-1f566f4a3afe","layer":"pathway","assetCode":"BRD498","name":null,"type":"REGIONAL","status":"ACTIVE","nearCommunities":[{"communityCode":"BRD","intersectsCommunity":true,"distanceToCommunityM":0}],"sourceDatasetId":"qndb-27qm","surface":"ASPHALT","operationalStatus":"OPEN","greenway":"NO","transCanadaTrail":"NO"},"geometry":{"type":"LineString","coordinates":[[-114.03207975921981,51.04863796311657],[-114.03215544810486,51.04891800827585]]}},{"type":"Feature","id":"pathway-6ed5c869299c","properties":{"id":"pathway-6ed5c869299c","layer":"pathway","assetCode":"BRD496","name":null,"type":"REGIONAL","status":"ACTIVE","nearCommunities":[{"communityCode":"BRD","intersectsCommunity":true,"distanceToCommunityM":0}],"sourceDatasetId":"qndb-27qm","surface":"ASPHALT","operationalStatus":"OPEN","greenway":"NO","transCanadaTrail":"NO"},"geometry":{"type":"LineString","coordinates":[[-114.03237369971055,51.049396922455024],[-114.03239347318573,51.04971258490815]]}},{"type":"Feature","id":"pathway-e3fcccccdadd","properties":{"id":"pathway-e3fcccccdadd","layer":"pathway","assetCode":"BRD002","name":null,"type":"REGIONAL","status":"ACTIVE","nearCommunities":[{"communityCode":"BRD","intersectsCommunity":true,"distanceToCommunityM":0}],"sourceDatasetId":"qndb-27qm","surface":"ASPHALT","operationalStatus":"OPEN","greenway":"NO","transCanadaTrail":"NO"},"geometry":{"type":"LineString","coordinates":[[-114.03239347318573,51.04971258490815],[-114.03260283460561,51.04961114146994],[-114.03293116972934,51.049532141207095],[-114.03349661400807,51.04950706550367]]}},{"type":"Feature","id":"pathway-525eebcd3b4e","properties":{"id":"pathway-525eebcd3b4e","layer":"pathway","assetCode":"BRD496","name":null,"type":"REGIONAL","status":"ACTIVE","nearCommunities":[{"communityCode":"BRD","intersectsCommunity":true,"distanceToCommunityM":0}],"sourceDatasetId":"qndb-27qm","surface":"ASPHALT","operationalStatus":"OPEN","greenway":"NO","transCanadaTrail":"NO"},"geometry":{"type":"LineString","coordinates":[[-114.03239347318573,51.04971258490815],[-114.03234551899433,51.04984899659705],[-114.03239692105643,51.04996505499779],[-114.03286208878868,51.05023608671226]]}},{"type":"Feature","id":"pathway-bfc7052fa904","properties":{"id":"pathway-bfc7052fa904","layer":"pathway","assetCode":"ALB635","name":null,"type":"LOCAL","status":"ACTIVE","nearCommunities":[{"communityCode":"BRD","intersectsCommunity":false,"distanceToCommunityM":397}],"sourceDatasetId":"qndb-27qm","surface":"ASPHALT","operationalStatus":"OPEN","greenway":"NO","transCanadaTrail":"NO"},"geometry":{"type":"LineString","coordinates":[[-114.00647942413894,51.04284060778783],[-114.00644260677393,51.04279490206739]]}},{"type":"Feature","id":"pathway-82e1a836d956","properties":{"id":"pathway-82e1a836d956","layer":"pathway","assetCode":"REN791","name":null,"type":"LOCAL","status":"ACTIVE","nearCommunities":[{"communityCode":"BRD","intersectsCommunity":false,"distanceToCommunityM":195}],"sourceDatasetId":"qndb-27qm","surface":"ASPHALT","operationalStatus":"OPEN","greenway":"NO","transCanadaTrail":"NO"},"geometry":{"type":"LineString","coordinates":[[-114.04450034819483,51.05979334115061],[-114.04459890031666,51.05972716359476]]}},{"type":"Feature","id":"pathway-536026256e75","properties":{"id":"pathway-536026256e75","layer":"pathway","assetCode":"ING037","name":null,"type":"REGIONAL","status":"ACTIVE","nearCommunities":[{"communityCode":"BRD","intersectsCommunity":false,"distanceToCommunityM":145}],"sourceDatasetId":"qndb-27qm","surface":"ASPHALT","operationalStatus":"OPEN","greenway":"NO","transCanadaTrail":"NO"},"geometry":{"type":"LineString","coordinates":[[-114.01518163750096,51.04166764397581],[-114.01501175532472,51.04173125752637]]}},{"type":"Feature","id":"pathway-23183879c4b5","properties":{"id":"pathway-23183879c4b5","layer":"pathway","assetCode":"BRD495","name":null,"type":"REGIONAL","status":"ACTIVE","nearCommunities":[{"communityCode":"BRD","intersectsCommunity":true,"distanceToCommunityM":0}],"sourceDatasetId":"qndb-27qm","surface":"CONCRETE","operationalStatus":"OPEN","greenway":"NO","transCanadaTrail":"YES"},"geometry":{"type":"LineString","coordinates":[[-114.05039603113197,51.049927274691385],[-114.05012355186268,51.049849784453144]]}},{"type":"Feature","id":"pathway-e40a1c176b6c","properties":{"id":"pathway-e40a1c176b6c","layer":"pathway","assetCode":"CRE876","name":null,"type":"LOCAL","status":"ACTIVE","nearCommunities":[{"communityCode":"SSD","intersectsCommunity":false,"distanceToCommunityM":181}],"sourceDatasetId":"qndb-27qm","surface":"ASPHALT","operationalStatus":"OPEN","greenway":"NO","transCanadaTrail":"NO"},"geometry":{"type":"LineString","coordinates":[[-114.06190500330408,51.058167716382286],[-114.06184183223678,51.05839503673861]]}},{"type":"Feature","id":"pathway-61b145517c41","properties":{"id":"pathway-61b145517c41","layer":"pathway","assetCode":"CRE876","name":null,"type":"LOCAL","status":"ACTIVE","nearCommunities":[{"communityCode":"SSD","intersectsCommunity":false,"distanceToCommunityM":181}],"sourceDatasetId":"qndb-27qm","surface":"ASPHALT","operationalStatus":"OPEN","greenway":"NO","transCanadaTrail":"NO"},"geometry":{"type":"LineString","coordinates":[[-114.06190500330408,51.058167716382286],[-114.06207254288108,51.05835550355061],[-114.06211199099948,51.058610474003714]]}},{"type":"Feature","id":"pathway-5acc386fa9d8","properties":{"id":"pathway-5acc386fa9d8","layer":"pathway","assetCode":"RDL560","name":null,"type":"REGIONAL","status":"ACTIVE","nearCommunities":[{"communityCode":"HIL","intersectsCommunity":false,"distanceToCommunityM":275},{"communityCode":"SSD","intersectsCommunity":false,"distanceToCommunityM":34}],"sourceDatasetId":"qndb-27qm","surface":"ASPHALT","operationalStatus":"OPEN","greenway":"NO","transCanadaTrail":"NO"},"geometry":{"type":"LineString","coordinates":[[-114.0820140030674,51.05963830978752],[-114.08206898971443,51.059474493924036]]}},{"type":"Feature","id":"pathway-9ec7fcad3122","properties":{"id":"pathway-9ec7fcad3122","layer":"pathway","assetCode":"CRE876","name":null,"type":"LOCAL","status":"ACTIVE","nearCommunities":[{"communityCode":"SSD","intersectsCommunity":false,"distanceToCommunityM":152}],"sourceDatasetId":"qndb-27qm","surface":"ASPHALT","operationalStatus":"OPEN","greenway":"NO","transCanadaTrail":"NO"},"geometry":{"type":"LineString","coordinates":[[-114.06025801654974,51.05604701148195],[-114.06013242584866,51.05610352798212]]}},{"type":"Feature","id":"pathway-077eb1807be2","properties":{"id":"pathway-077eb1807be2","layer":"pathway","assetCode":"SSD560","name":null,"type":"REGIONAL","status":"ACTIVE","nearCommunities":[{"communityCode":"SSD","intersectsCommunity":true,"distanceToCommunityM":0}],"sourceDatasetId":"qndb-27qm","surface":"ASPHALT","operationalStatus":"OPEN","greenway":"NO","transCanadaTrail":"NO"},"geometry":{"type":"LineString","coordinates":[[-114.06258527482933,51.0559262810842],[-114.0634986343192,51.05666774572681]]}},{"type":"Feature","id":"pathway-c2373afe5194","properties":{"id":"pathway-c2373afe5194","layer":"pathway","assetCode":"BRD495","name":null,"type":"REGIONAL","status":"ACTIVE","nearCommunities":[{"communityCode":"BRD","intersectsCommunity":true,"distanceToCommunityM":0}],"sourceDatasetId":"qndb-27qm","surface":"ASPHALT","operationalStatus":"OPEN","greenway":"NO","transCanadaTrail":"YES"},"geometry":{"type":"LineString","coordinates":[[-114.03704264882768,51.04768221801256],[-114.03628570764127,51.0475887123589]]}},{"type":"Feature","id":"pathway-063d0535893a","properties":{"id":"pathway-063d0535893a","layer":"pathway","assetCode":"SSD495","name":null,"type":"REGIONAL","status":"ACTIVE","nearCommunities":[{"communityCode":"SSD","intersectsCommunity":true,"distanceToCommunityM":0}],"sourceDatasetId":"qndb-27qm","surface":"ASPHALT","operationalStatus":"OPEN","greenway":"NO","transCanadaTrail":"YES"},"geometry":{"type":"LineString","coordinates":[[-114.06304147552027,51.05384638862265],[-114.0630124286884,51.053774339092534],[-114.0628844412824,51.05369397339589],[-114.06250523900462,51.053547523883864]]}},{"type":"Feature","id":"pathway-1cd377c38833","properties":{"id":"pathway-1cd377c38833","layer":"pathway","assetCode":"SSD495","name":null,"type":"REGIONAL","status":"ACTIVE","nearCommunities":[{"communityCode":"SSD","intersectsCommunity":true,"distanceToCommunityM":0}],"sourceDatasetId":"qndb-27qm","surface":"ASPHALT","operationalStatus":"OPEN","greenway":"NO","transCanadaTrail":"YES"},"geometry":{"type":"LineString","coordinates":[[-114.06945333154012,51.05739168835889],[-114.06889950678391,51.057361493336636]]}},{"type":"Feature","id":"pathway-3e7e1195ea2f","properties":{"id":"pathway-3e7e1195ea2f","layer":"pathway","assetCode":"BRD494","name":null,"type":"REGIONAL","status":"ACTIVE","nearCommunities":[{"communityCode":"BRD","intersectsCommunity":true,"distanceToCommunityM":0}],"sourceDatasetId":"qndb-27qm","surface":"ASPHALT","operationalStatus":"OPEN","greenway":"NO","transCanadaTrail":"YES"},"geometry":{"type":"LineString","coordinates":[[-114.05193063740549,51.05034396174322],[-114.05167329391351,51.05026381642787],[-114.0512412801153,51.05018813333691]]}},{"type":"Feature","id":"pathway-c219176dcf6e","properties":{"id":"pathway-c219176dcf6e","layer":"pathway","assetCode":"SSD495","name":null,"type":"REGIONAL","status":"ACTIVE","nearCommunities":[{"communityCode":"HIL","intersectsCommunity":false,"distanceToCommunityM":131},{"communityCode":"SSD","intersectsCommunity":true,"distanceToCommunityM":0}],"sourceDatasetId":"qndb-27qm","surface":"ASPHALT","operationalStatus":"OPEN","greenway":"NO","transCanadaTrail":"YES"},"geometry":{"type":"LineString","coordinates":[[-114.08384143679066,51.05219791312555],[-114.08372045137894,51.05222313331386],[-114.08328566484099,51.052425311756835]]}},{"type":"Feature","id":"pathway-c733aa574de5","properties":{"id":"pathway-c733aa574de5","layer":"pathway","assetCode":"EAU120","name":null,"type":"LOCAL","status":"ACTIVE","nearCommunities":[{"communityCode":"SSD","intersectsCommunity":false,"distanceToCommunityM":170}],"sourceDatasetId":"qndb-27qm","surface":"ASPHALT","operationalStatus":"OPEN","greenway":"NO","transCanadaTrail":"NO"},"geometry":{"type":"LineString","coordinates":[[-114.07192401836667,51.05463193956944],[-114.07191179265611,51.054713696900556],[-114.071830133123,51.05483731978769]]}},{"type":"Feature","id":"pathway-73e9875d8d84","properties":{"id":"pathway-73e9875d8d84","layer":"pathway","assetCode":"HOU542","name":null,"type":"LOCAL","status":"ACTIVE","nearCommunities":[{"communityCode":"HIL","intersectsCommunity":false,"distanceToCommunityM":328}],"sourceDatasetId":"qndb-27qm","surface":"ASPHALT","operationalStatus":"OPEN","greenway":"NO","transCanadaTrail":"NO"},"geometry":{"type":"LineString","coordinates":[[-114.09942402284618,51.064362907871505],[-114.0997783796906,51.06427401059682]]}},{"type":"Feature","id":"pathway-324d64669cde","properties":{"id":"pathway-324d64669cde","layer":"pathway","assetCode":"HOU542","name":null,"type":"REGIONAL","status":"ACTIVE","nearCommunities":[{"communityCode":"HIL","intersectsCommunity":false,"distanceToCommunityM":328}],"sourceDatasetId":"qndb-27qm","surface":"ASPHALT","operationalStatus":"OPEN","greenway":"NO","transCanadaTrail":"NO"},"geometry":{"type":"LineString","coordinates":[[-114.09942402284618,51.064362907871505],[-114.09993298403707,51.06458794108131]]}},{"type":"Feature","id":"pathway-94a4bda43728","properties":{"id":"pathway-94a4bda43728","layer":"pathway","assetCode":"HOU542","name":null,"type":"REGIONAL","status":"ACTIVE","nearCommunities":[{"communityCode":"HIL","intersectsCommunity":false,"distanceToCommunityM":52}],"sourceDatasetId":"qndb-27qm","surface":"ASPHALT","operationalStatus":"OPEN","greenway":"NO","transCanadaTrail":"NO"},"geometry":{"type":"LineString","coordinates":[[-114.09574816864682,51.064096520864986],[-114.09555348551076,51.064094460606725],[-114.09546855575923,51.064132910648595]]}},{"type":"Feature","id":"pathway-405a0913908c","properties":{"id":"pathway-405a0913908c","layer":"pathway","assetCode":"HOU542","name":null,"type":"REGIONAL","status":"ACTIVE","nearCommunities":[{"communityCode":"HIL","intersectsCommunity":false,"distanceToCommunityM":364}],"sourceDatasetId":"qndb-27qm","surface":"ASPHALT","operationalStatus":"OPEN","greenway":"NO","transCanadaTrail":"NO"},"geometry":{"type":"LineString","coordinates":[[-114.10044619655625,51.064743786454656],[-114.09993298403707,51.06458794108131]]}},{"type":"Feature","id":"pathway-e4c7879c6824","properties":{"id":"pathway-e4c7879c6824","layer":"pathway","assetCode":"SNA897","name":null,"type":"LOCAL","status":"ACTIVE","nearCommunities":[{"communityCode":"BLN","intersectsCommunity":false,"distanceToCommunityM":327}],"sourceDatasetId":"qndb-27qm","surface":"INTERLOCKING BRICK","operationalStatus":"OPEN","greenway":"NO","transCanadaTrail":"NO"},"geometry":{"type":"LineString","coordinates":[[-114.09938011028554,51.04271018873699],[-114.0996364092768,51.04268870260195],[-114.09974223563022,51.04261233799809],[-114.09977011746795,51.0425436289971]]}},{"type":"Feature","id":"pathway-a1f3a9fcf35a","properties":{"id":"pathway-a1f3a9fcf35a","layer":"pathway","assetCode":"SSD560","name":null,"type":"REGIONAL","status":"ACTIVE","nearCommunities":[{"communityCode":"SSD","intersectsCommunity":true,"distanceToCommunityM":0}],"sourceDatasetId":"qndb-27qm","surface":"ASPHALT","operationalStatus":"OPEN","greenway":"NO","transCanadaTrail":"NO"},"geometry":{"type":"LineString","coordinates":[[-114.06468920630083,51.05778549614393],[-114.0651250788048,51.057972150265044],[-114.06627087073726,51.0582691044542]]}},{"type":"Feature","id":"pathway-b62b1a73b9b3","properties":{"id":"pathway-b62b1a73b9b3","layer":"pathway","assetCode":"RDL560","name":null,"type":"REGIONAL","status":"ACTIVE","nearCommunities":[{"communityCode":"HIL","intersectsCommunity":false,"distanceToCommunityM":102},{"communityCode":"SSD","intersectsCommunity":true,"distanceToCommunityM":0}],"sourceDatasetId":"qndb-27qm","surface":"ASPHALT","operationalStatus":"OPEN","greenway":"NO","transCanadaTrail":"NO"},"geometry":{"type":"LineString","coordinates":[[-114.0845411659083,51.059523065488726],[-114.08428078649081,51.05937767141741],[-114.08401339342346,51.05916464770056]]}},{"type":"Feature","id":"pathway-c53381b10274","properties":{"id":"pathway-c53381b10274","layer":"pathway","assetCode":"ALB824","name":null,"type":"REGIONAL","status":"ACTIVE","nearCommunities":[{"communityCode":"BRD","intersectsCommunity":false,"distanceToCommunityM":50}],"sourceDatasetId":"qndb-27qm","surface":"ASPHALT","operationalStatus":"OPEN","greenway":"NO","transCanadaTrail":"NO"},"geometry":{"type":"LineString","coordinates":[[-114.01128860241334,51.04412191774686],[-114.01052920718762,51.043751974757114],[-114.00990599775561,51.04335564395895]]}},{"type":"Feature","id":"pathway-3a6c11e9b4ab","properties":{"id":"pathway-3a6c11e9b4ab","layer":"pathway","assetCode":"SSD495","name":null,"type":"REGIONAL","status":"ACTIVE","nearCommunities":[{"communityCode":"HIL","intersectsCommunity":false,"distanceToCommunityM":370},{"communityCode":"SSD","intersectsCommunity":true,"distanceToCommunityM":0}],"sourceDatasetId":"qndb-27qm","surface":"CONCRETE","operationalStatus":"OPEN","greenway":"NO","transCanadaTrail":"NO"},"geometry":{"type":"LineString","coordinates":[[-114.08063336579089,51.05377640113828],[-114.08053874809912,51.053796163748395]]}},{"type":"Feature","id":"pathway-23ef8db93f54","properties":{"id":"pathway-23ef8db93f54","layer":"pathway","assetCode":"HIL495","name":null,"type":"REGIONAL","status":"ACTIVE","nearCommunities":[{"communityCode":"HIL","intersectsCommunity":true,"distanceToCommunityM":0},{"communityCode":"SSD","intersectsCommunity":false,"distanceToCommunityM":314}],"sourceDatasetId":"qndb-27qm","surface":"ASPHALT","operationalStatus":"OPEN","greenway":"NO","transCanadaTrail":"NO"},"geometry":{"type":"LineString","coordinates":[[-114.08976080742971,51.050591339749786],[-114.09027799307196,51.050509900850024],[-114.09173210435242,51.05015499687315]]}},{"type":"Feature","id":"pathway-a98f4cab5702","properties":{"id":"pathway-a98f4cab5702","layer":"pathway","assetCode":"HIL495","name":null,"type":"REGIONAL","status":"ACTIVE","nearCommunities":[{"communityCode":"HIL","intersectsCommunity":true,"distanceToCommunityM":0},{"communityCode":"SSD","intersectsCommunity":false,"distanceToCommunityM":169}],"sourceDatasetId":"qndb-27qm","surface":"ASPHALT","operationalStatus":"OPEN","greenway":"NO","transCanadaTrail":"NO"},"geometry":{"type":"LineString","coordinates":[[-114.0878250708011,51.051083913587206],[-114.08800405347762,51.051010978370996],[-114.0884962487404,51.050929442117635],[-114.0890920415461,51.050733038657036],[-114.08976080742971,51.050591339749786]]}},{"type":"Feature","id":"pathway-73813cc0d88a","properties":{"id":"pathway-73813cc0d88a","layer":"pathway","assetCode":"BRD098","name":null,"type":"REGIONAL","status":"ACTIVE","nearCommunities":[{"communityCode":"BRD","intersectsCommunity":true,"distanceToCommunityM":0}],"sourceDatasetId":"qndb-27qm","surface":"ASPHALT","operationalStatus":"OPEN","greenway":"NO","transCanadaTrail":"YES"},"geometry":{"type":"LineString","coordinates":[[-114.02073119425577,51.04992471738722],[-114.02100433196344,51.05072983150097]]}},{"type":"Feature","id":"pathway-479c17548237","properties":{"id":"pathway-479c17548237","layer":"pathway","assetCode":"BRD098","name":null,"type":"REGIONAL","status":"ACTIVE","nearCommunities":[{"communityCode":"BRD","intersectsCommunity":true,"distanceToCommunityM":0}],"sourceDatasetId":"qndb-27qm","surface":"ASPHALT","operationalStatus":"OPEN","greenway":"NO","transCanadaTrail":"YES"},"geometry":{"type":"LineString","coordinates":[[-114.02100433196344,51.05072983150097],[-114.02105700712058,51.05091762364517],[-114.02132605025211,51.051527483531856]]}},{"type":"Feature","id":"pathway-d608c52c05c6","properties":{"id":"pathway-d608c52c05c6","layer":"pathway","assetCode":"BRD098","name":null,"type":"REGIONAL","status":"ACTIVE","nearCommunities":[{"communityCode":"BRD","intersectsCommunity":true,"distanceToCommunityM":0}],"sourceDatasetId":"qndb-27qm","surface":"ASPHALT","operationalStatus":"OPEN","greenway":"NO","transCanadaTrail":"YES"},"geometry":{"type":"LineString","coordinates":[[-114.02132605025211,51.051527483531856],[-114.02152014423527,51.05197646301211],[-114.02161119866847,51.05232665520474]]}},{"type":"Feature","id":"pathway-f41e95303020","properties":{"id":"pathway-f41e95303020","layer":"pathway","assetCode":"BRD099","name":null,"type":"REGIONAL","status":"ACTIVE","nearCommunities":[{"communityCode":"BRD","intersectsCommunity":true,"distanceToCommunityM":0}],"sourceDatasetId":"qndb-27qm","surface":"ASPHALT","operationalStatus":"OPEN","greenway":"NO","transCanadaTrail":"YES"},"geometry":{"type":"LineString","coordinates":[[-114.03080089593702,51.04673552405224],[-114.0304776215633,51.04675644699013],[-114.02963636363582,51.04661836172067],[-114.02904563334587,51.04655947804987]]}},{"type":"Feature","id":"pathway-473076b6c9ad","properties":{"id":"pathway-473076b6c9ad","layer":"pathway","assetCode":"ALB635","name":null,"type":"REGIONAL","status":"ACTIVE","nearCommunities":[{"communityCode":"BRD","intersectsCommunity":false,"distanceToCommunityM":279}],"sourceDatasetId":"qndb-27qm","surface":"ASPHALT","operationalStatus":"OPEN","greenway":"NO","transCanadaTrail":"NO"},"geometry":{"type":"LineString","coordinates":[[-114.00795663220806,51.04453831605219],[-114.00768334694673,51.044503671722815],[-114.00703016153659,51.04428317669224]]}},{"type":"Feature","id":"pathway-e83535cce9f3","properties":{"id":"pathway-e83535cce9f3","layer":"pathway","assetCode":"ING029","name":null,"type":"REGIONAL","status":"ACTIVE","nearCommunities":[{"communityCode":"BRD","intersectsCommunity":false,"distanceToCommunityM":229},{"communityCode":"BLN","intersectsCommunity":false,"distanceToCommunityM":3}],"sourceDatasetId":"qndb-27qm","surface":"ASPHALT","operationalStatus":"OPEN","greenway":"NO","transCanadaTrail":"YES"},"geometry":{"type":"LineString","coordinates":[[-114.04277105690221,51.04316579830344],[-114.04272819405506,51.043238985936696],[-114.04267237627658,51.043264694499406],[-114.0424348987042,51.043288118315864]]}},{"type":"Feature","id":"pathway-457e1bde82b3","properties":{"id":"pathway-457e1bde82b3","layer":"pathway","assetCode":"MNI415","name":null,"type":"REGIONAL","status":"ACTIVE","nearCommunities":[{"communityCode":"BLN","intersectsCommunity":false,"distanceToCommunityM":3}],"sourceDatasetId":"qndb-27qm","surface":"ASPHALT","operationalStatus":"OPEN","greenway":"NO","transCanadaTrail":"YES"},"geometry":{"type":"LineString","coordinates":[[-114.05192241454446,51.0300156019473],[-114.05210039328476,51.030012828507665]]}},{"type":"Feature","id":"pathway-521195f5e8dc","properties":{"id":"pathway-521195f5e8dc","layer":"pathway","assetCode":"ERL246","name":null,"type":"LOCAL","status":"ACTIVE","nearCommunities":[{"communityCode":"BLN","intersectsCommunity":false,"distanceToCommunityM":242}],"sourceDatasetId":"qndb-27qm","surface":"ASPHALT","operationalStatus":"OPEN","greenway":"NO","transCanadaTrail":"NO"},"geometry":{"type":"LineString","coordinates":[[-114.06452211245913,51.03500207190798],[-114.06466941547275,51.03483625726964],[-114.06474212738628,51.03468148184528],[-114.06475000958383,51.03447424396489],[-114.0646752884288,51.0342771850647],[-114.06471843509921,51.0342419815892]]}},{"type":"Feature","id":"pathway-546608edc034","properties":{"id":"pathway-546608edc034","layer":"pathway","assetCode":"ING029","name":null,"type":"REGIONAL","status":"ACTIVE","nearCommunities":[{"communityCode":"BRD","intersectsCommunity":false,"distanceToCommunityM":228},{"communityCode":"BLN","intersectsCommunity":false,"distanceToCommunityM":29}],"sourceDatasetId":"qndb-27qm","surface":"ASPHALT","operationalStatus":"OPEN","greenway":"NO","transCanadaTrail":"NO"},"geometry":{"type":"LineString","coordinates":[[-114.0424348987042,51.043288118315864],[-114.04208452426394,51.04317920310101]]}},{"type":"Feature","id":"pathway-6618a1cd12a2","properties":{"id":"pathway-6618a1cd12a2","layer":"pathway","assetCode":"RAM415","name":null,"type":"REGIONAL","status":"ACTIVE","nearCommunities":[{"communityCode":"BRD","intersectsCommunity":false,"distanceToCommunityM":278},{"communityCode":"BLN","intersectsCommunity":false,"distanceToCommunityM":15}],"sourceDatasetId":"qndb-27qm","surface":"ASPHALT","operationalStatus":"OPEN","greenway":"NO","transCanadaTrail":"NO"},"geometry":{"type":"LineString","coordinates":[[-114.04209113928194,51.04270208844327],[-114.04279504191304,51.04285718626265]]}},{"type":"Feature","id":"pathway-229a6ef927b3","properties":{"id":"pathway-229a6ef927b3","layer":"pathway","assetCode":"RAM415","name":null,"type":"REGIONAL","status":"ACTIVE","nearCommunities":[{"communityCode":"BLN","intersectsCommunity":false,"distanceToCommunityM":1}],"sourceDatasetId":"qndb-27qm","surface":"ASPHALT","operationalStatus":"OPEN","greenway":"NO","transCanadaTrail":"YES"},"geometry":{"type":"LineString","coordinates":[[-114.04998234988888,51.03133542921572],[-114.05028676377606,51.03106949315534]]}},{"type":"Feature","id":"pathway-689ca0f5857f","properties":{"id":"pathway-689ca0f5857f","layer":"pathway","assetCode":"ALB824","name":null,"type":"REGIONAL","status":"ACTIVE","nearCommunities":[{"communityCode":"BRD","intersectsCommunity":false,"distanceToCommunityM":284}],"sourceDatasetId":"qndb-27qm","surface":"ASPHALT","operationalStatus":"OPEN","greenway":"NO","transCanadaTrail":"NO"},"geometry":{"type":"LineString","coordinates":[[-114.00828141525332,51.04176318461395],[-114.00804047187961,51.041080484761416]]}},{"type":"Feature","id":"pathway-c6a7210112bb","properties":{"id":"pathway-c6a7210112bb","layer":"pathway","assetCode":"ERL246","name":null,"type":"LOCAL","status":"ACTIVE","nearCommunities":[{"communityCode":"BLN","intersectsCommunity":false,"distanceToCommunityM":386}],"sourceDatasetId":"qndb-27qm","surface":"ASPHALT","operationalStatus":"OPEN","greenway":"NO","transCanadaTrail":"NO"},"geometry":{"type":"LineString","coordinates":[[-114.06358150511387,51.03192891761932],[-114.06366420249441,51.03182483866975]]}},{"type":"Feature","id":"pathway-7f5a5f3f5ba4","properties":{"id":"pathway-7f5a5f3f5ba4","layer":"pathway","assetCode":"ERL246","name":null,"type":"LOCAL","status":"ACTIVE","nearCommunities":[{"communityCode":"BLN","intersectsCommunity":false,"distanceToCommunityM":21}],"sourceDatasetId":"qndb-27qm","surface":"ASPHALT","operationalStatus":"OPEN","greenway":"NO","transCanadaTrail":"NO"},"geometry":{"type":"LineString","coordinates":[[-114.06160870613219,51.03566675845904],[-114.06139294776669,51.035594398445]]}},{"type":"Feature","id":"pathway-ac7c73f6b2ae","properties":{"id":"pathway-ac7c73f6b2ae","layer":"pathway","assetCode":"BRD774","name":null,"type":"LOCAL","status":"ACTIVE","nearCommunities":[{"communityCode":"BRD","intersectsCommunity":true,"distanceToCommunityM":0}],"sourceDatasetId":"qndb-27qm","surface":"ASPHALT","operationalStatus":"OPEN","greenway":"NO","transCanadaTrail":"NO"},"geometry":{"type":"LineString","coordinates":[[-114.0452699659864,51.05135846176745],[-114.04555703406709,51.051305300975685]]}},{"type":"Feature","id":"pathway-67dec50f3ec8","properties":{"id":"pathway-67dec50f3ec8","layer":"pathway","assetCode":"CRE495","name":null,"type":"REGIONAL","status":"ACTIVE","nearCommunities":[{"communityCode":"SSD","intersectsCommunity":false,"distanceToCommunityM":12}],"sourceDatasetId":"qndb-27qm","surface":"ASPHALT","operationalStatus":"OPEN","greenway":"NO","transCanadaTrail":"YES"},"geometry":{"type":"LineString","coordinates":[[-114.06192851076175,51.05341580513222],[-114.0623565047274,51.05350998673809]]}},{"type":"Feature","id":"pathway-3f40312defdb","properties":{"id":"pathway-3f40312defdb","layer":"pathway","assetCode":"CRE495","name":null,"type":"REGIONAL","status":"ACTIVE","nearCommunities":[{"communityCode":"BRD","intersectsCommunity":true,"distanceToCommunityM":0}],"sourceDatasetId":"qndb-27qm","surface":"ASPHALT","operationalStatus":"OPEN","greenway":"NO","transCanadaTrail":"YES"},"geometry":{"type":"LineString","coordinates":[[-114.05246798901705,51.05068388216943],[-114.05215851796453,51.05043245671323],[-114.05193063740549,51.05034396174322]]}},{"type":"Feature","id":"pathway-befef25487d9","properties":{"id":"pathway-befef25487d9","layer":"pathway","assetCode":"CRE495","name":null,"type":"REGIONAL","status":"ACTIVE","nearCommunities":[{"communityCode":"SSD","intersectsCommunity":false,"distanceToCommunityM":62}],"sourceDatasetId":"qndb-27qm","surface":"ASPHALT","operationalStatus":"OPEN","greenway":"NO","transCanadaTrail":"YES"},"geometry":{"type":"LineString","coordinates":[[-114.0611165879001,51.05323773977688],[-114.06164429243657,51.0533872925444]]}},{"type":"Feature","id":"pathway-defc291dac9f","properties":{"id":"pathway-defc291dac9f","layer":"pathway","assetCode":"SSD495","name":null,"type":"REGIONAL","status":"ACTIVE","nearCommunities":[{"communityCode":"SSD","intersectsCommunity":true,"distanceToCommunityM":0}],"sourceDatasetId":"qndb-27qm","surface":"ASPHALT","operationalStatus":"OPEN","greenway":"NO","transCanadaTrail":"YES"},"geometry":{"type":"LineString","coordinates":[[-114.06526004432304,51.056196372516325],[-114.06487920857097,51.05586764359048],[-114.06413372788822,51.05511890406953]]}},{"type":"Feature","id":"pathway-0bf0a284d57c","properties":{"id":"pathway-0bf0a284d57c","layer":"pathway","assetCode":"CRE495","name":null,"type":"REGIONAL","status":"ACTIVE","nearCommunities":[{"communityCode":"SSD","intersectsCommunity":false,"distanceToCommunityM":14}],"sourceDatasetId":"qndb-27qm","surface":"ASPHALT","operationalStatus":"OPEN","greenway":"NO","transCanadaTrail":"NO"},"geometry":{"type":"LineString","coordinates":[[-114.06164429243657,51.0533872925444],[-114.0623240224738,51.053644653893265]]}},{"type":"Feature","id":"pathway-c601c05126ce","properties":{"id":"pathway-c601c05126ce","layer":"pathway","assetCode":"SSD495","name":null,"type":"REGIONAL","status":"ACTIVE","nearCommunities":[{"communityCode":"SSD","intersectsCommunity":true,"distanceToCommunityM":0}],"sourceDatasetId":"qndb-27qm","surface":"ASPHALT","operationalStatus":"OPEN","greenway":"NO","transCanadaTrail":"YES"},"geometry":{"type":"LineString","coordinates":[[-114.06413372788822,51.05511890406953],[-114.06393483553774,51.05491239873583],[-114.06389408187066,51.05478751607232],[-114.06377307303697,51.05464232088661]]}},{"type":"Feature","id":"pathway-e3d4fd0d5755","properties":{"id":"pathway-e3d4fd0d5755","layer":"pathway","assetCode":"SSD560","name":null,"type":"REGIONAL","status":"ACTIVE","nearCommunities":[{"communityCode":"SSD","intersectsCommunity":true,"distanceToCommunityM":0}],"sourceDatasetId":"qndb-27qm","surface":"ASPHALT","operationalStatus":"OPEN","greenway":"NO","transCanadaTrail":"NO"},"geometry":{"type":"LineString","coordinates":[[-114.0686397359313,51.058735428158066],[-114.06996960980923,51.05914623905937]]}},{"type":"Feature","id":"pathway-0355cd5a1ebb","properties":{"id":"pathway-0355cd5a1ebb","layer":"pathway","assetCode":"SSD560","name":null,"type":"REGIONAL","status":"ACTIVE","nearCommunities":[{"communityCode":"SSD","intersectsCommunity":true,"distanceToCommunityM":0}],"sourceDatasetId":"qndb-27qm","surface":"ASPHALT","operationalStatus":"OPEN","greenway":"NO","transCanadaTrail":"NO"},"geometry":{"type":"LineString","coordinates":[[-114.06797184274357,51.05855867704974],[-114.0686397359313,51.058735428158066]]}},{"type":"Feature","id":"pathway-03706db533b4","properties":{"id":"pathway-03706db533b4","layer":"pathway","assetCode":"BRD774","name":null,"type":"REGIONAL","status":"ACTIVE","nearCommunities":[{"communityCode":"BRD","intersectsCommunity":true,"distanceToCommunityM":0}],"sourceDatasetId":"qndb-27qm","surface":"ASPHALT","operationalStatus":"OPEN","greenway":"NO","transCanadaTrail":"NO"},"geometry":{"type":"LineString","coordinates":[[-114.04133853775421,51.051250124116365],[-114.04094011531154,51.05117227579844]]}},{"type":"Feature","id":"pathway-41394b752fa0","properties":{"id":"pathway-41394b752fa0","layer":"pathway","assetCode":"BRD874","name":null,"type":"LOCAL","status":"ACTIVE","nearCommunities":[{"communityCode":"BRD","intersectsCommunity":true,"distanceToCommunityM":0}],"sourceDatasetId":"qndb-27qm","surface":"ASPHALT","operationalStatus":"OPEN","greenway":"NO","transCanadaTrail":"NO"},"geometry":{"type":"LineString","coordinates":[[-114.04448938403577,51.05127884553847],[-114.04501321423479,51.05133829898864]]}},{"type":"Feature","id":"pathway-42f076a28274","properties":{"id":"pathway-42f076a28274","layer":"pathway","assetCode":"HIL498","name":null,"type":"REGIONAL","status":"ACTIVE","nearCommunities":[{"communityCode":"HIL","intersectsCommunity":false,"distanceToCommunityM":96}],"sourceDatasetId":"qndb-27qm","surface":"ASPHALT","operationalStatus":"OPEN","greenway":"NO","transCanadaTrail":"YES"},"geometry":{"type":"LineString","coordinates":[[-114.10456941871148,51.04896724667675],[-114.10552510119122,51.04898938079887]]}},{"type":"Feature","id":"pathway-b5d61cdc9b24","properties":{"id":"pathway-b5d61cdc9b24","layer":"pathway","assetCode":"HIL498","name":null,"type":"REGIONAL","status":"ACTIVE","nearCommunities":[{"communityCode":"HIL","intersectsCommunity":true,"distanceToCommunityM":0}],"sourceDatasetId":"qndb-27qm","surface":"ASPHALT","operationalStatus":"OPEN","greenway":"NO","transCanadaTrail":"YES"},"geometry":{"type":"LineString","coordinates":[[-114.10161610034706,51.048771599250365],[-114.10281008603637,51.04884131418056]]}},{"type":"Feature","id":"pathway-e8111889b065","properties":{"id":"pathway-e8111889b065","layer":"pathway","assetCode":"HIL498","name":null,"type":"REGIONAL","status":"ACTIVE","nearCommunities":[{"communityCode":"HIL","intersectsCommunity":true,"distanceToCommunityM":0}],"sourceDatasetId":"qndb-27qm","surface":"ASPHALT","operationalStatus":"OPEN","greenway":"NO","transCanadaTrail":"YES"},"geometry":{"type":"LineString","coordinates":[[-114.10281008603637,51.04884131418056],[-114.10456941871148,51.04896724667675]]}},{"type":"Feature","id":"pathway-b33d6b2b0b47","properties":{"id":"pathway-b33d6b2b0b47","layer":"pathway","assetCode":"BRD495","name":null,"type":"REGIONAL","status":"ACTIVE","nearCommunities":[{"communityCode":"BRD","intersectsCommunity":true,"distanceToCommunityM":0}],"sourceDatasetId":"qndb-27qm","surface":"ASPHALT","operationalStatus":"OPEN","greenway":"NO","transCanadaTrail":"NO"},"geometry":{"type":"LineString","coordinates":[[-114.05012355186268,51.049849784453144],[-114.05016683496231,51.04996744678788]]}},{"type":"Feature","id":"pathway-753d95a31eb2","properties":{"id":"pathway-753d95a31eb2","layer":"pathway","assetCode":"BRD495","name":null,"type":"REGIONAL","status":"ACTIVE","nearCommunities":[{"communityCode":"BRD","intersectsCommunity":true,"distanceToCommunityM":0}],"sourceDatasetId":"qndb-27qm","surface":"ASPHALT","operationalStatus":"OPEN","greenway":"NO","transCanadaTrail":"YES"},"geometry":{"type":"LineString","coordinates":[[-114.04449936519335,51.04893188696394],[-114.04551832630577,51.04909764631683]]}},{"type":"Feature","id":"pathway-e645ddb72ad8","properties":{"id":"pathway-e645ddb72ad8","layer":"pathway","assetCode":"ING012","name":null,"type":"REGIONAL","status":"ACTIVE","nearCommunities":[{"communityCode":"BRD","intersectsCommunity":false,"distanceToCommunityM":9}],"sourceDatasetId":"qndb-27qm","surface":"ASPHALT","operationalStatus":"OPEN","greenway":"NO","transCanadaTrail":"YES"},"geometry":{"type":"LineString","coordinates":[[-114.03689894834545,51.04393797815754],[-114.03614777340734,51.04382900020076],[-114.03524701534913,51.04361263978111]]}},{"type":"Feature","id":"pathway-c760f7ff953c","properties":{"id":"pathway-c760f7ff953c","layer":"pathway","assetCode":"ING012","name":null,"type":"REGIONAL","status":"ACTIVE","nearCommunities":[{"communityCode":"BRD","intersectsCommunity":false,"distanceToCommunityM":9},{"communityCode":"BLN","intersectsCommunity":false,"distanceToCommunityM":262}],"sourceDatasetId":"qndb-27qm","surface":"ASPHALT","operationalStatus":"OPEN","greenway":"NO","transCanadaTrail":"YES"},"geometry":{"type":"LineString","coordinates":[[-114.04010464591317,51.04479725587752],[-114.03847473977156,51.0444016720652]]}},{"type":"Feature","id":"pathway-5db082acc2f8","properties":{"id":"pathway-5db082acc2f8","layer":"pathway","assetCode":"ING012","name":null,"type":"REGIONAL","status":"ACTIVE","nearCommunities":[{"communityCode":"BRD","intersectsCommunity":false,"distanceToCommunityM":9},{"communityCode":"BLN","intersectsCommunity":false,"distanceToCommunityM":333}],"sourceDatasetId":"qndb-27qm","surface":"ASPHALT","operationalStatus":"OPEN","greenway":"NO","transCanadaTrail":"YES"},"geometry":{"type":"LineString","coordinates":[[-114.03847473977156,51.0444016720652],[-114.03689894834545,51.04393797815754]]}},{"type":"Feature","id":"pathway-f0ea093d179b","properties":{"id":"pathway-f0ea093d179b","layer":"pathway","assetCode":"ING012","name":null,"type":"REGIONAL","status":"ACTIVE","nearCommunities":[{"communityCode":"BRD","intersectsCommunity":false,"distanceToCommunityM":7}],"sourceDatasetId":"qndb-27qm","surface":"ASPHALT","operationalStatus":"OPEN","greenway":"NO","transCanadaTrail":"YES"},"geometry":{"type":"LineString","coordinates":[[-114.03524701534913,51.04361263978111],[-114.03494242213597,51.043617417589395],[-114.03452013233077,51.04346202065664],[-114.03366438012104,51.04323427799345]]}},{"type":"Feature","id":"pathway-bd535d487925","properties":{"id":"pathway-bd535d487925","layer":"pathway","assetCode":"ING037","name":null,"type":"REGIONAL","status":"ACTIVE","nearCommunities":[{"communityCode":"BRD","intersectsCommunity":false,"distanceToCommunityM":49}],"sourceDatasetId":"qndb-27qm","surface":"ASPHALT","operationalStatus":"OPEN","greenway":"NO","transCanadaTrail":"YES"},"geometry":{"type":"LineString","coordinates":[[-114.01282832144092,51.0412282612463],[-114.01286622763395,51.04126954874635],[-114.01289303674005,51.041427732823465],[-114.01295663828655,51.04155849231841],[-114.01373572286789,51.04217543556502]]}},{"type":"Feature","id":"pathway-d94a46921ba9","properties":{"id":"pathway-d94a46921ba9","layer":"pathway","assetCode":"SSD560","name":null,"type":"LOCAL","status":"ACTIVE","nearCommunities":[{"communityCode":"SSD","intersectsCommunity":true,"distanceToCommunityM":0}],"sourceDatasetId":"qndb-27qm","surface":"ASPHALT","operationalStatus":"OPEN","greenway":"NO","transCanadaTrail":"NO"},"geometry":{"type":"LineString","coordinates":[[-114.06629609802417,51.05744002366383],[-114.06562673840277,51.05706108935313],[-114.0652388376234,51.05674439834683]]}},{"type":"Feature","id":"pathway-dfee29eedcb2","properties":{"id":"pathway-dfee29eedcb2","layer":"pathway","assetCode":"SSD560","name":null,"type":"LOCAL","status":"ACTIVE","nearCommunities":[{"communityCode":"SSD","intersectsCommunity":true,"distanceToCommunityM":0}],"sourceDatasetId":"qndb-27qm","surface":"ASPHALT","operationalStatus":"OPEN","greenway":"NO","transCanadaTrail":"NO"},"geometry":{"type":"LineString","coordinates":[[-114.0652388376234,51.05674439834683],[-114.06465408387585,51.0562050022704],[-114.06442103468477,51.05593255104589]]}},{"type":"Feature","id":"pathway-2bc0d78f9dd4","properties":{"id":"pathway-2bc0d78f9dd4","layer":"pathway","assetCode":"DNW134","name":null,"type":"LOCAL","status":"ACTIVE","nearCommunities":[{"communityCode":"HIL","intersectsCommunity":false,"distanceToCommunityM":161},{"communityCode":"BLN","intersectsCommunity":false,"distanceToCommunityM":166}],"sourceDatasetId":"qndb-27qm","surface":"ASPHALT","operationalStatus":"OPEN","greenway":"NO","transCanadaTrail":"NO"},"geometry":{"type":"LineString","coordinates":[[-114.09206596006511,51.046375066231356],[-114.09213302514351,51.046364617658305],[-114.09220514064258,51.04628119360185]]}},{"type":"Feature","id":"pathway-6a5421f3a49e","properties":{"id":"pathway-6a5421f3a49e","layer":"pathway","assetCode":"CHN114","name":null,"type":"REGIONAL","status":"ACTIVE","nearCommunities":[{"communityCode":"SSD","intersectsCommunity":false,"distanceToCommunityM":378},{"communityCode":"BRD","intersectsCommunity":false,"distanceToCommunityM":381}],"sourceDatasetId":"qndb-27qm","surface":"ASPHALT","operationalStatus":"OPEN","greenway":"NO","transCanadaTrail":"YES"},"geometry":{"type":"LineString","coordinates":[[-114.05769201384184,51.05082818667456],[-114.05776331000565,51.050852889386405]]}},{"type":"Feature","id":"pathway-1c20e67d4908","properties":{"id":"pathway-1c20e67d4908","layer":"pathway","assetCode":"CHN114","name":null,"type":"REGIONAL","status":"ACTIVE","nearCommunities":[{"communityCode":"SSD","intersectsCommunity":false,"distanceToCommunityM":107}],"sourceDatasetId":"qndb-27qm","surface":"ASPHALT","operationalStatus":"OPEN","greenway":"NO","transCanadaTrail":"NO"},"geometry":{"type":"LineString","coordinates":[[-114.06010909021084,51.05140257620637],[-114.06060585478812,51.05158384018535],[-114.06121575575413,51.05172729230569],[-114.06137582481648,51.05181312314894]]}},{"type":"Feature","id":"pathway-1bafd1c3c5f6","properties":{"id":"pathway-1bafd1c3c5f6","layer":"pathway","assetCode":"CHN114","name":null,"type":"REGIONAL","status":"ACTIVE","nearCommunities":[{"communityCode":"BRD","intersectsCommunity":false,"distanceToCommunityM":6}],"sourceDatasetId":"qndb-27qm","surface":"ASPHALT","operationalStatus":"OPEN","greenway":"NO","transCanadaTrail":"YES"},"geometry":{"type":"LineString","coordinates":[[-114.05323044090247,51.04976897670848],[-114.05262508850905,51.04955872132763]]}},{"type":"Feature","id":"pathway-b81cd82f4aab","properties":{"id":"pathway-b81cd82f4aab","layer":"pathway","assetCode":"CHN114","name":null,"type":"LOCAL","status":"ACTIVE","nearCommunities":[{"communityCode":"SSD","intersectsCommunity":false,"distanceToCommunityM":384},{"communityCode":"BRD","intersectsCommunity":false,"distanceToCommunityM":345}],"sourceDatasetId":"qndb-27qm","surface":"CONCRETE","operationalStatus":"OPEN","greenway":"NO","transCanadaTrail":"NO"},"geometry":{"type":"LineString","coordinates":[[-114.0572226889062,51.05069604188865],[-114.0574193064968,51.05079837438902],[-114.05769201384184,51.05082818667456]]}},{"type":"Feature","id":"pathway-951b6e557e93","properties":{"id":"pathway-951b6e557e93","layer":"pathway","assetCode":"CHN114","name":null,"type":"LOCAL","status":"ACTIVE","nearCommunities":[{"communityCode":"SSD","intersectsCommunity":false,"distanceToCommunityM":236}],"sourceDatasetId":"qndb-27qm","surface":"ASPHALT","operationalStatus":"OPEN","greenway":"NO","transCanadaTrail":"NO"},"geometry":{"type":"LineString","coordinates":[[-114.05975023624077,51.05121578293175],[-114.0598273751463,51.05117777807113]]}},{"type":"Feature","id":"pathway-d2a7371d9c40","properties":{"id":"pathway-d2a7371d9c40","layer":"pathway","assetCode":"ERL246","name":null,"type":"LOCAL","status":"ACTIVE","nearCommunities":[{"communityCode":"BLN","intersectsCommunity":false,"distanceToCommunityM":252}],"sourceDatasetId":"qndb-27qm","surface":"ASPHALT","operationalStatus":"OPEN","greenway":"NO","transCanadaTrail":"NO"},"geometry":{"type":"LineString","coordinates":[[-114.0651225677181,51.035315639326946],[-114.06509205132429,51.03557577470343]]}},{"type":"Feature","id":"pathway-5d45212ce7df","properties":{"id":"pathway-5d45212ce7df","layer":"pathway","assetCode":"BRD099","name":null,"type":"REGIONAL","status":"ACTIVE","nearCommunities":[{"communityCode":"BRD","intersectsCommunity":true,"distanceToCommunityM":0}],"sourceDatasetId":"qndb-27qm","surface":"ASPHALT","operationalStatus":"OPEN","greenway":"NO","transCanadaTrail":"YES"},"geometry":{"type":"LineString","coordinates":[[-114.03472694191949,51.047435611641504],[-114.0336765493288,51.04732465582362]]}},{"type":"Feature","id":"pathway-56edb871bd06","properties":{"id":"pathway-56edb871bd06","layer":"pathway","assetCode":"BRD099","name":null,"type":"REGIONAL","status":"ACTIVE","nearCommunities":[{"communityCode":"BRD","intersectsCommunity":true,"distanceToCommunityM":0}],"sourceDatasetId":"qndb-27qm","surface":"ASPHALT","operationalStatus":"OPEN","greenway":"NO","transCanadaTrail":"YES"},"geometry":{"type":"LineString","coordinates":[[-114.0336765493288,51.04732465582362],[-114.03342404701489,51.04729756044207],[-114.03269609096021,51.047085943145944]]}},{"type":"Feature","id":"pathway-fe4f7317b39c","properties":{"id":"pathway-fe4f7317b39c","layer":"pathway","assetCode":"BRD495","name":null,"type":"REGIONAL","status":"ACTIVE","nearCommunities":[{"communityCode":"BRD","intersectsCommunity":true,"distanceToCommunityM":0}],"sourceDatasetId":"qndb-27qm","surface":"ASPHALT","operationalStatus":"OPEN","greenway":"NO","transCanadaTrail":"NO"},"geometry":{"type":"LineString","coordinates":[[-114.04261002560925,51.04868870149568],[-114.04200494411575,51.048759652588004],[-114.04151011401117,51.048759138959824]]}},{"type":"Feature","id":"pathway-f38fe1e099a3","properties":{"id":"pathway-f38fe1e099a3","layer":"pathway","assetCode":"SNA476","name":null,"type":"REGIONAL","status":"ACTIVE","nearCommunities":[{"communityCode":"HIL","intersectsCommunity":false,"distanceToCommunityM":382}],"sourceDatasetId":"qndb-27qm","surface":"ASPHALT","operationalStatus":"OPEN","greenway":"NO","transCanadaTrail":"NO"},"geometry":{"type":"LineString","coordinates":[[-114.10726715319389,51.045461351335135],[-114.10706793969551,51.04545236536387],[-114.10703711568529,51.0454217826488],[-114.10706008922627,51.04525630283114]]}},{"type":"Feature","id":"pathway-5c530b220d26","properties":{"id":"pathway-5c530b220d26","layer":"pathway","assetCode":"BRD887","name":null,"type":"LOCAL","status":"ACTIVE","nearCommunities":[{"communityCode":"BRD","intersectsCommunity":true,"distanceToCommunityM":0}],"sourceDatasetId":"qndb-27qm","surface":"ASPHALT","operationalStatus":"OPEN","greenway":"NO","transCanadaTrail":"NO"},"geometry":{"type":"LineString","coordinates":[[-114.0332210629048,51.05522815978873],[-114.03340693988577,51.055288271393124],[-114.03414372790675,51.05564027110437]]}},{"type":"Feature","id":"pathway-a47bd9dffe2c","properties":{"id":"pathway-a47bd9dffe2c","layer":"pathway","assetCode":"BRD887","name":null,"type":"LOCAL","status":"ACTIVE","nearCommunities":[{"communityCode":"BRD","intersectsCommunity":true,"distanceToCommunityM":0}],"sourceDatasetId":"qndb-27qm","surface":"ASPHALT","operationalStatus":"OPEN","greenway":"NO","transCanadaTrail":"NO"},"geometry":{"type":"LineString","coordinates":[[-114.03414372790675,51.05564027110437],[-114.03504394977269,51.05606847972426]]}},{"type":"Feature","id":"pathway-b7f252d304fb","properties":{"id":"pathway-b7f252d304fb","layer":"pathway","assetCode":"ING037","name":null,"type":"LOCAL","status":"ACTIVE","nearCommunities":[{"communityCode":"BRD","intersectsCommunity":false,"distanceToCommunityM":13}],"sourceDatasetId":"qndb-27qm","surface":"FLAGSTONE","operationalStatus":"OPEN","greenway":"NO","transCanadaTrail":"NO"},"geometry":{"type":"LineString","coordinates":[[-114.01492077310253,51.0428645405781],[-114.01482785468284,51.042909491194365],[-114.01473508342892,51.04305031275507],[-114.01455700954659,51.0430888668747],[-114.01452861198545,51.04313004789212]]}},{"type":"Feature","id":"pathway-a2c85437d4a7","properties":{"id":"pathway-a2c85437d4a7","layer":"pathway","assetCode":"ING037","name":null,"type":"REGIONAL","status":"ACTIVE","nearCommunities":[{"communityCode":"BRD","intersectsCommunity":false,"distanceToCommunityM":79}],"sourceDatasetId":"qndb-27qm","surface":"ASPHALT","operationalStatus":"OPEN","greenway":"NO","transCanadaTrail":"NO"},"geometry":{"type":"LineString","coordinates":[[-114.01441043707246,51.04218397997584],[-114.01451217145107,51.042144082621654]]}},{"type":"Feature","id":"pathway-a8ec4dc94bce","properties":{"id":"pathway-a8ec4dc94bce","layer":"pathway","assetCode":"CHN114","name":null,"type":"REGIONAL","status":"ACTIVE","nearCommunities":[{"communityCode":"BRD","intersectsCommunity":false,"distanceToCommunityM":295}],"sourceDatasetId":"qndb-27qm","surface":"ASPHALT","operationalStatus":"OPEN","greenway":"NO","transCanadaTrail":"YES"},"geometry":{"type":"LineString","coordinates":[[-114.05649580418276,51.05062931146327],[-114.0572226889062,51.05069604188865]]}},{"type":"Feature","id":"pathway-1f4688dbbfb9","properties":{"id":"pathway-1f4688dbbfb9","layer":"pathway","assetCode":"CHN114","name":null,"type":"REGIONAL","status":"ACTIVE","nearCommunities":[{"communityCode":"SSD","intersectsCommunity":false,"distanceToCommunityM":384},{"communityCode":"BRD","intersectsCommunity":false,"distanceToCommunityM":345}],"sourceDatasetId":"qndb-27qm","surface":"ASPHALT","operationalStatus":"OPEN","greenway":"NO","transCanadaTrail":"YES"},"geometry":{"type":"LineString","coordinates":[[-114.0572226889062,51.05069604188865],[-114.05769201384184,51.05082818667456]]}},{"type":"Feature","id":"pathway-0485c7061414","properties":{"id":"pathway-0485c7061414","layer":"pathway","assetCode":"CHN114","name":null,"type":"REGIONAL","status":"ACTIVE","nearCommunities":[{"communityCode":"BRD","intersectsCommunity":false,"distanceToCommunityM":37}],"sourceDatasetId":"qndb-27qm","surface":"ASPHALT","operationalStatus":"OPEN","greenway":"NO","transCanadaTrail":"NO"},"geometry":{"type":"LineString","coordinates":[[-114.05323044090247,51.04976897670848],[-114.05312890748962,51.0495761330458]]}},{"type":"Feature","id":"pathway-8271f0ba0490","properties":{"id":"pathway-8271f0ba0490","layer":"pathway","assetCode":"CHN114","name":null,"type":"REGIONAL","status":"ACTIVE","nearCommunities":[{"communityCode":"SSD","intersectsCommunity":false,"distanceToCommunityM":243}],"sourceDatasetId":"qndb-27qm","surface":"ASPHALT","operationalStatus":"OPEN","greenway":"NO","transCanadaTrail":"YES"},"geometry":{"type":"LineString","coordinates":[[-114.0589743969885,51.051119345941814],[-114.05930676970495,51.051230039047624],[-114.05959433015384,51.05128582325402]]}},{"type":"Feature","id":"pathway-650ceb141705","properties":{"id":"pathway-650ceb141705","layer":"pathway","assetCode":"CHN114","name":null,"type":"LOCAL","status":"ACTIVE","nearCommunities":[{"communityCode":"SSD","intersectsCommunity":false,"distanceToCommunityM":205}],"sourceDatasetId":"qndb-27qm","surface":"ASPHALT","operationalStatus":"OPEN","greenway":"NO","transCanadaTrail":"NO"},"geometry":{"type":"LineString","coordinates":[[-114.06010909021084,51.05140257620637],[-114.0601071058461,51.0512457829578]]}},{"type":"Feature","id":"pathway-8022c6ddacdb","properties":{"id":"pathway-8022c6ddacdb","layer":"pathway","assetCode":"CHN114","name":null,"type":"REGIONAL","status":"ACTIVE","nearCommunities":[{"communityCode":"BRD","intersectsCommunity":false,"distanceToCommunityM":48}],"sourceDatasetId":"qndb-27qm","surface":"ASPHALT","operationalStatus":"OPEN","greenway":"NO","transCanadaTrail":"YES"},"geometry":{"type":"LineString","coordinates":[[-114.05497855721303,51.05026418822287],[-114.05447513686852,51.05017167154071],[-114.0537822257458,51.04991784568995],[-114.05323044090247,51.04976897670848]]}},{"type":"Feature","id":"pathway-f12f8e56f021","properties":{"id":"pathway-f12f8e56f021","layer":"pathway","assetCode":"CHN114","name":null,"type":"REGIONAL","status":"ACTIVE","nearCommunities":[{"communityCode":"BRD","intersectsCommunity":false,"distanceToCommunityM":259}],"sourceDatasetId":"qndb-27qm","surface":"ASPHALT","operationalStatus":"OPEN","greenway":"NO","transCanadaTrail":"YES"},"geometry":{"type":"LineString","coordinates":[[-114.05599794311495,51.050531767108254],[-114.05649580418276,51.05062931146327]]}},{"type":"Feature","id":"pathway-21dfd03dff94","properties":{"id":"pathway-21dfd03dff94","layer":"pathway","assetCode":"CHN114","name":null,"type":"REGIONAL","status":"ACTIVE","nearCommunities":[{"communityCode":"SSD","intersectsCommunity":false,"distanceToCommunityM":340},{"communityCode":"BRD","intersectsCommunity":false,"distanceToCommunityM":387}],"sourceDatasetId":"qndb-27qm","surface":"ASPHALT","operationalStatus":"OPEN","greenway":"NO","transCanadaTrail":"YES"},"geometry":{"type":"LineString","coordinates":[[-114.05776331000565,51.050852889386405],[-114.05829510644229,51.05094627851943]]}},{"type":"Feature","id":"pathway-71fa81ce565d","properties":{"id":"pathway-71fa81ce565d","layer":"pathway","assetCode":"CHN114","name":null,"type":"REGIONAL","status":"ACTIVE","nearCommunities":[{"communityCode":"SSD","intersectsCommunity":false,"distanceToCommunityM":221}],"sourceDatasetId":"qndb-27qm","surface":"ASPHALT","operationalStatus":"OPEN","greenway":"NO","transCanadaTrail":"YES"},"geometry":{"type":"LineString","coordinates":[[-114.05959433015384,51.05128582325402],[-114.05989498746696,51.05134507996419]]}},{"type":"Feature","id":"pathway-e4cccb78f3d3","properties":{"id":"pathway-e4cccb78f3d3","layer":"pathway","assetCode":"ERL245","name":null,"type":"REGIONAL","status":"ACTIVE","nearCommunities":[{"communityCode":"BLN","intersectsCommunity":false,"distanceToCommunityM":14}],"sourceDatasetId":"qndb-27qm","surface":"ASPHALT","operationalStatus":"OPEN","greenway":"NO","transCanadaTrail":"NO"},"geometry":{"type":"LineString","coordinates":[[-114.05943137348974,51.03402496431807],[-114.05947507150749,51.03397760835419],[-114.05953858361984,51.033982055608334],[-114.05958015999194,51.034149286032246]]}},{"type":"Feature","id":"pathway-04136be07eba","properties":{"id":"pathway-04136be07eba","layer":"pathway","assetCode":"ERL246","name":null,"type":"LOCAL","status":"ACTIVE","nearCommunities":[{"communityCode":"BLN","intersectsCommunity":false,"distanceToCommunityM":342}],"sourceDatasetId":"qndb-27qm","surface":"ASPHALT","operationalStatus":"OPEN","greenway":"NO","transCanadaTrail":"NO"},"geometry":{"type":"LineString","coordinates":[[-114.06461818221193,51.03352296935335],[-114.06462230741163,51.033343999095365]]}},{"type":"Feature","id":"pathway-b8f5e20f4281","properties":{"id":"pathway-b8f5e20f4281","layer":"pathway","assetCode":"BRD774","name":null,"type":"LOCAL","status":"ACTIVE","nearCommunities":[{"communityCode":"BRD","intersectsCommunity":true,"distanceToCommunityM":0}],"sourceDatasetId":"qndb-27qm","surface":"ASPHALT","operationalStatus":"OPEN","greenway":"NO","transCanadaTrail":"NO"},"geometry":{"type":"LineString","coordinates":[[-114.04553271267666,51.05167256042206],[-114.04496519008637,51.051666386631815],[-114.04448884179233,51.051623943239626]]}},{"type":"Feature","id":"pathway-3909fef14486","properties":{"id":"pathway-3909fef14486","layer":"pathway","assetCode":"BRD887","name":null,"type":"LOCAL","status":"ACTIVE","nearCommunities":[{"communityCode":"BRD","intersectsCommunity":true,"distanceToCommunityM":0}],"sourceDatasetId":"qndb-27qm","surface":"ASPHALT","operationalStatus":"OPEN","greenway":"NO","transCanadaTrail":"NO"},"geometry":{"type":"LineString","coordinates":[[-114.03144816260694,51.05513036744212],[-114.03165841762882,51.055064302786924],[-114.03174650471412,51.05498229986493],[-114.03182163561453,51.05484810790059],[-114.03192175890742,51.054790654283295],[-114.03206663677214,51.0547863355222],[-114.03224535856764,51.054875077797675]]}},{"type":"Feature","id":"pathway-1cc2940825f7","properties":{"id":"pathway-1cc2940825f7","layer":"pathway","assetCode":"BRD887","name":null,"type":"LOCAL","status":"ACTIVE","nearCommunities":[{"communityCode":"BRD","intersectsCommunity":true,"distanceToCommunityM":0}],"sourceDatasetId":"qndb-27qm","surface":"ASPHALT","operationalStatus":"OPEN","greenway":"NO","transCanadaTrail":"NO"},"geometry":{"type":"LineString","coordinates":[[-114.03224535856764,51.054875077797675],[-114.03278967838935,51.05511704823028],[-114.0332210629048,51.05522815978873]]}},{"type":"Feature","id":"pathway-02c93dae1257","properties":{"id":"pathway-02c93dae1257","layer":"pathway","assetCode":"REN691","name":null,"type":"REGIONAL","status":"ACTIVE","nearCommunities":[{"communityCode":"BRD","intersectsCommunity":false,"distanceToCommunityM":371}],"sourceDatasetId":"qndb-27qm","surface":"ASPHALT","operationalStatus":"OPEN","greenway":"NO","transCanadaTrail":"NO"},"geometry":{"type":"LineString","coordinates":[[-114.02548214560132,51.0556710199237],[-114.02521602388211,51.05592764395471]]}},{"type":"Feature","id":"pathway-de787eabe5ee","properties":{"id":"pathway-de787eabe5ee","layer":"pathway","assetCode":"ING037","name":null,"type":"REGIONAL","status":"ACTIVE","nearCommunities":[{"communityCode":"BRD","intersectsCommunity":false,"distanceToCommunityM":17}],"sourceDatasetId":"qndb-27qm","surface":"ASPHALT","operationalStatus":"OPEN","greenway":"NO","transCanadaTrail":"YES"},"geometry":{"type":"LineString","coordinates":[[-114.01554429362585,51.04311926079109],[-114.01492077310253,51.0428645405781]]}},{"type":"Feature","id":"pathway-db0db6fd1b16","properties":{"id":"pathway-db0db6fd1b16","layer":"pathway","assetCode":"ING037","name":null,"type":"REGIONAL","status":"ACTIVE","nearCommunities":[{"communityCode":"BRD","intersectsCommunity":false,"distanceToCommunityM":129}],"sourceDatasetId":"qndb-27qm","surface":"ASPHALT","operationalStatus":"OPEN","greenway":"NO","transCanadaTrail":"YES"},"geometry":{"type":"LineString","coordinates":[[-114.01255260666608,51.04113087747728],[-114.01282832144092,51.0412282612463]]}},{"type":"Feature","id":"pathway-eb1aaa6851f3","properties":{"id":"pathway-eb1aaa6851f3","layer":"pathway","assetCode":"CHN115","name":null,"type":"LOCAL","status":"ACTIVE","nearCommunities":[{"communityCode":"SSD","intersectsCommunity":false,"distanceToCommunityM":134}],"sourceDatasetId":"qndb-27qm","surface":"ASPHALT","operationalStatus":"OPEN","greenway":"NO","transCanadaTrail":"NO"},"geometry":{"type":"LineString","coordinates":[[-114.06487120422533,51.05178857688685],[-114.06469158337786,51.05182273670166]]}},{"type":"Feature","id":"pathway-a0f7a90a108f","properties":{"id":"pathway-a0f7a90a108f","layer":"pathway","assetCode":"BRD099","name":null,"type":"REGIONAL","status":"ACTIVE","nearCommunities":[{"communityCode":"BRD","intersectsCommunity":true,"distanceToCommunityM":0}],"sourceDatasetId":"qndb-27qm","surface":"ASPHALT","operationalStatus":"OPEN","greenway":"NO","transCanadaTrail":"YES"},"geometry":{"type":"LineString","coordinates":[[-114.03503694742025,51.04746386194222],[-114.03472694191949,51.047435611641504]]}},{"type":"Feature","id":"pathway-dc06aeb67424","properties":{"id":"pathway-dc06aeb67424","layer":"pathway","assetCode":"BRD098","name":null,"type":"REGIONAL","status":"ACTIVE","nearCommunities":[{"communityCode":"BRD","intersectsCommunity":true,"distanceToCommunityM":0}],"sourceDatasetId":"qndb-27qm","surface":"ASPHALT","operationalStatus":"OPEN","greenway":"NO","transCanadaTrail":"NO"},"geometry":{"type":"LineString","coordinates":[[-114.02096884812377,51.04907106097477],[-114.02094457411386,51.049292073252886],[-114.02088744929797,51.049311783561016],[-114.02082287287152,51.04928139093053],[-114.02077260937459,51.04903303980618],[-114.02057665676749,51.048986675791234]]}},{"type":"Feature","id":"pathway-c01eeab3375c","properties":{"id":"pathway-c01eeab3375c","layer":"pathway","assetCode":"ING037","name":null,"type":"REGIONAL","status":"ACTIVE","nearCommunities":[{"communityCode":"BRD","intersectsCommunity":false,"distanceToCommunityM":14}],"sourceDatasetId":"qndb-27qm","surface":"ASPHALT","operationalStatus":"OPEN","greenway":"NO","transCanadaTrail":"YES"},"geometry":{"type":"LineString","coordinates":[[-114.01744095008004,51.04343570602635],[-114.0168287973672,51.04342503775475],[-114.0163325863714,51.043353887870644],[-114.01554429362585,51.04311926079109]]}},{"type":"Feature","id":"pathway-5febd81ececa","properties":{"id":"pathway-5febd81ececa","layer":"pathway","assetCode":"MNI415","name":null,"type":"REGIONAL","status":"ACTIVE","nearCommunities":[{"communityCode":"BLN","intersectsCommunity":false,"distanceToCommunityM":22}],"sourceDatasetId":"qndb-27qm","surface":"ASPHALT","operationalStatus":"OPEN","greenway":"NO","transCanadaTrail":"NO"},"geometry":{"type":"LineString","coordinates":[[-114.05105039318585,51.02999032576261],[-114.0503068557812,51.029916266948774]]}},{"type":"Feature","id":"pathway-e27e4b463a80","properties":{"id":"pathway-e27e4b463a80","layer":"pathway","assetCode":"ERL246","name":null,"type":"LOCAL","status":"ACTIVE","nearCommunities":[{"communityCode":"BLN","intersectsCommunity":false,"distanceToCommunityM":308}],"sourceDatasetId":"qndb-27qm","surface":"ASPHALT","operationalStatus":"OPEN","greenway":"NO","transCanadaTrail":"NO"},"geometry":{"type":"LineString","coordinates":[[-114.06454221945006,51.033907536253174],[-114.06453195237157,51.03375018981452],[-114.06461818221193,51.03352296935335]]}},{"type":"Feature","id":"pathway-f1b3f137dcf7","properties":{"id":"pathway-f1b3f137dcf7","layer":"pathway","assetCode":"BRD895","name":null,"type":"REGIONAL","status":"ACTIVE","nearCommunities":[{"communityCode":"BRD","intersectsCommunity":true,"distanceToCommunityM":0}],"sourceDatasetId":"qndb-27qm","surface":"ASPHALT","operationalStatus":"OPEN","greenway":"NO","transCanadaTrail":"NO"},"geometry":{"type":"LineString","coordinates":[[-114.03156456618935,51.04836694173628],[-114.03165634295323,51.04834332966798]]}},{"type":"Feature","id":"pathway-6d93d54633cc","properties":{"id":"pathway-6d93d54633cc","layer":"pathway","assetCode":"CHN114","name":null,"type":"LOCAL","status":"ACTIVE","nearCommunities":[{"communityCode":"SSD","intersectsCommunity":false,"distanceToCommunityM":238}],"sourceDatasetId":"qndb-27qm","surface":"ASPHALT","operationalStatus":"OPEN","greenway":"NO","transCanadaTrail":"NO"},"geometry":{"type":"LineString","coordinates":[[-114.05959433015384,51.05128582325402],[-114.05975023624077,51.05121578293175]]}},{"type":"Feature","id":"pathway-27128d685861","properties":{"id":"pathway-27128d685861","layer":"pathway","assetCode":"CHN114","name":null,"type":"REGIONAL","status":"ACTIVE","nearCommunities":[{"communityCode":"BRD","intersectsCommunity":false,"distanceToCommunityM":213}],"sourceDatasetId":"qndb-27qm","surface":"ASPHALT","operationalStatus":"OPEN","greenway":"NO","transCanadaTrail":"YES"},"geometry":{"type":"LineString","coordinates":[[-114.05599794311495,51.050531767108254],[-114.05542070865978,51.05032099944247]]}},{"type":"Feature","id":"pathway-0fe04b5770ae","properties":{"id":"pathway-0fe04b5770ae","layer":"pathway","assetCode":"CHN114","name":null,"type":"REGIONAL","status":"ACTIVE","nearCommunities":[{"communityCode":"BRD","intersectsCommunity":false,"distanceToCommunityM":182}],"sourceDatasetId":"qndb-27qm","surface":"ASPHALT","operationalStatus":"OPEN","greenway":"NO","transCanadaTrail":"YES"},"geometry":{"type":"LineString","coordinates":[[-114.05542070865978,51.05032099944247],[-114.05497855721303,51.05026418822287]]}},{"type":"Feature","id":"pathway-1763f795d5f9","properties":{"id":"pathway-1763f795d5f9","layer":"pathway","assetCode":"CHN114","name":null,"type":"REGIONAL","status":"ACTIVE","nearCommunities":[{"communityCode":"SSD","intersectsCommunity":false,"distanceToCommunityM":205}],"sourceDatasetId":"qndb-27qm","surface":"ASPHALT","operationalStatus":"OPEN","greenway":"NO","transCanadaTrail":"YES"},"geometry":{"type":"LineString","coordinates":[[-114.05989498746696,51.05134507996419],[-114.06010909021084,51.05140257620637]]}},{"type":"Feature","id":"pathway-a547f8059193","properties":{"id":"pathway-a547f8059193","layer":"pathway","assetCode":"CHN114","name":null,"type":"REGIONAL","status":"ACTIVE","nearCommunities":[{"communityCode":"SSD","intersectsCommunity":false,"distanceToCommunityM":290}],"sourceDatasetId":"qndb-27qm","surface":"ASPHALT","operationalStatus":"OPEN","greenway":"NO","transCanadaTrail":"YES"},"geometry":{"type":"LineString","coordinates":[[-114.05829510644229,51.05094627851943],[-114.05859660790144,51.05100052458187],[-114.0589743969885,51.051119345941814]]}},{"type":"Feature","id":"pathway-ae313dc87c80","properties":{"id":"pathway-ae313dc87c80","layer":"pathway","assetCode":"CHN114","name":null,"type":"LOCAL","status":"ACTIVE","nearCommunities":[{"communityCode":"SSD","intersectsCommunity":false,"distanceToCommunityM":155}],"sourceDatasetId":"qndb-27qm","surface":"ASPHALT","operationalStatus":"OPEN","greenway":"NO","transCanadaTrail":"NO"},"geometry":{"type":"LineString","coordinates":[[-114.06034724202895,51.05149316160238],[-114.06061389598058,51.05152691848005],[-114.06074654303998,51.0516148697981]]}},{"type":"Feature","id":"pathway-c2121c0bfba5","properties":{"id":"pathway-c2121c0bfba5","layer":"pathway","assetCode":"CHN114","name":null,"type":"LOCAL","status":"ACTIVE","nearCommunities":[{"communityCode":"BRD","intersectsCommunity":false,"distanceToCommunityM":209}],"sourceDatasetId":"qndb-27qm","surface":"ASPHALT","operationalStatus":"OPEN","greenway":"NO","transCanadaTrail":"NO"},"geometry":{"type":"LineString","coordinates":[[-114.05542070865978,51.05032099944247],[-114.05543000029861,51.0502060604987]]}},{"type":"Feature","id":"pathway-1aea3760b7fe","properties":{"id":"pathway-1aea3760b7fe","layer":"pathway","assetCode":"CHN114","name":null,"type":"LOCAL","status":"ACTIVE","nearCommunities":[{"communityCode":"BRD","intersectsCommunity":false,"distanceToCommunityM":182}],"sourceDatasetId":"qndb-27qm","surface":"ASPHALT","operationalStatus":"OPEN","greenway":"NO","transCanadaTrail":"NO"},"geometry":{"type":"LineString","coordinates":[[-114.05497855721303,51.05026418822287],[-114.05512426017539,51.05013841716605]]}},{"type":"Feature","id":"pathway-e29968c7b59a","properties":{"id":"pathway-e29968c7b59a","layer":"pathway","assetCode":"MNI415","name":null,"type":"REGIONAL","status":"ACTIVE","nearCommunities":[{"communityCode":"BLN","intersectsCommunity":false,"distanceToCommunityM":10}],"sourceDatasetId":"qndb-27qm","surface":"ASPHALT","operationalStatus":"OPEN","greenway":"NO","transCanadaTrail":"NO"},"geometry":{"type":"LineString","coordinates":[[-114.05116374591631,51.03007930624574],[-114.05105039318585,51.02999032576261]]}},{"type":"Feature","id":"pathway-c86246a1b9df","properties":{"id":"pathway-c86246a1b9df","layer":"pathway","assetCode":"MNI415","name":null,"type":"REGIONAL","status":"ACTIVE","nearCommunities":[{"communityCode":"BLN","intersectsCommunity":false,"distanceToCommunityM":11}],"sourceDatasetId":"qndb-27qm","surface":"ASPHALT","operationalStatus":"OPEN","greenway":"NO","transCanadaTrail":"YES"},"geometry":{"type":"LineString","coordinates":[[-114.05358077419719,51.030320087982005],[-114.05416254937062,51.03056910213988],[-114.05463953538681,51.03067767412823]]}},{"type":"Feature","id":"pathway-0b5cfac304f8","properties":{"id":"pathway-0b5cfac304f8","layer":"pathway","assetCode":"ING037","name":null,"type":"REGIONAL","status":"ACTIVE","nearCommunities":[{"communityCode":"BRD","intersectsCommunity":false,"distanceToCommunityM":49}],"sourceDatasetId":"qndb-27qm","surface":"ASPHALT","operationalStatus":"OPEN","greenway":"NO","transCanadaTrail":"NO"},"geometry":{"type":"LineString","coordinates":[[-114.01407734877371,51.04218020442618],[-114.01373572286789,51.04217543556502]]}},{"type":"Feature","id":"pathway-8bcfa02d49d7","properties":{"id":"pathway-8bcfa02d49d7","layer":"pathway","assetCode":"ING012","name":null,"type":"REGIONAL","status":"ACTIVE","nearCommunities":[{"communityCode":"BRD","intersectsCommunity":false,"distanceToCommunityM":11},{"communityCode":"BLN","intersectsCommunity":false,"distanceToCommunityM":217}],"sourceDatasetId":"qndb-27qm","surface":"ASPHALT","operationalStatus":"OPEN","greenway":"NO","transCanadaTrail":"YES"},"geometry":{"type":"LineString","coordinates":[[-114.04091310294646,51.04471901490997],[-114.04055315998438,51.04485232145509],[-114.04033235262045,51.04484795513295],[-114.04010464591317,51.04479725587752]]}},{"type":"Feature","id":"pathway-dce5aba06c65","properties":{"id":"pathway-dce5aba06c65","layer":"pathway","assetCode":"MNI415","name":null,"type":"REGIONAL","status":"ACTIVE","nearCommunities":[{"communityCode":"BLN","intersectsCommunity":false,"distanceToCommunityM":3}],"sourceDatasetId":"qndb-27qm","surface":"ASPHALT","operationalStatus":"OPEN","greenway":"NO","transCanadaTrail":"YES"},"geometry":{"type":"LineString","coordinates":[[-114.05210039328476,51.030012828507665],[-114.05253348028093,51.030007062778516],[-114.05275523147739,51.03003869852565],[-114.05308046630722,51.03012108711053],[-114.05358077419719,51.030320087982005]]}},{"type":"Feature","id":"pathway-53e29bfe02bd","properties":{"id":"pathway-53e29bfe02bd","layer":"pathway","assetCode":"DNW134","name":null,"type":"LOCAL","status":"ACTIVE","nearCommunities":[{"communityCode":"HIL","intersectsCommunity":false,"distanceToCommunityM":162},{"communityCode":"BLN","intersectsCommunity":false,"distanceToCommunityM":166}],"sourceDatasetId":"qndb-27qm","surface":"ASPHALT","operationalStatus":"OPEN","greenway":"NO","transCanadaTrail":"NO"},"geometry":{"type":"LineString","coordinates":[[-114.09220606282388,51.04628380888667],[-114.0923731655863,51.04633096473501]]}},{"type":"Feature","id":"pathway-ace011dd467f","properties":{"id":"pathway-ace011dd467f","layer":"pathway","assetCode":"HOU562","name":null,"type":"LOCAL","status":"ACTIVE","nearCommunities":[{"communityCode":"HIL","intersectsCommunity":false,"distanceToCommunityM":236}],"sourceDatasetId":"qndb-27qm","surface":"ASPHALT","operationalStatus":"OPEN","greenway":"NO","transCanadaTrail":"NO"},"geometry":{"type":"LineString","coordinates":[[-114.09864991861815,51.062194386928574],[-114.09841088983251,51.06213959745771],[-114.09809576850408,51.06215371277077]]}},{"type":"Feature","id":"pathway-06814f5d50e2","properties":{"id":"pathway-06814f5d50e2","layer":"pathway","assetCode":"HOU562","name":null,"type":"LOCAL","status":"ACTIVE","nearCommunities":[{"communityCode":"HIL","intersectsCommunity":false,"distanceToCommunityM":227}],"sourceDatasetId":"qndb-27qm","surface":"ASPHALT","operationalStatus":"OPEN","greenway":"NO","transCanadaTrail":"NO"},"geometry":{"type":"LineString","coordinates":[[-114.09796787154792,51.06214242737149],[-114.09809577278386,51.062153712767184]]}},{"type":"Feature","id":"pathway-c079dc01ccdb","properties":{"id":"pathway-c079dc01ccdb","layer":"pathway","assetCode":"HOU562","name":null,"type":"LOCAL","status":"ACTIVE","nearCommunities":[{"communityCode":"HIL","intersectsCommunity":false,"distanceToCommunityM":228}],"sourceDatasetId":"qndb-27qm","surface":"ASPHALT","operationalStatus":"OPEN","greenway":"NO","transCanadaTrail":"NO"},"geometry":{"type":"LineString","coordinates":[[-114.09809576850408,51.06215371277077],[-114.09798314987165,51.06219758890379]]}},{"type":"Feature","id":"pathway-7019aa4153f8","properties":{"id":"pathway-7019aa4153f8","layer":"pathway","assetCode":"REN786","name":null,"type":"REGIONAL","status":"ACTIVE","nearCommunities":[{"communityCode":"BRD","intersectsCommunity":false,"distanceToCommunityM":256}],"sourceDatasetId":"qndb-27qm","surface":"ASPHALT","operationalStatus":"OPEN","greenway":"NO","transCanadaTrail":"NO"},"geometry":{"type":"LineString","coordinates":[[-114.03165883286503,51.05882979109814],[-114.031097537078,51.058815382034425],[-114.0307051692324,51.058840768424915],[-114.03001774908914,51.05896835096293]]}},{"type":"Feature","id":"pathway-3083c85ffc2e","properties":{"id":"pathway-3083c85ffc2e","layer":"pathway","assetCode":"REN786","name":null,"type":"REGIONAL","status":"ACTIVE","nearCommunities":[{"communityCode":"BRD","intersectsCommunity":false,"distanceToCommunityM":364}],"sourceDatasetId":"qndb-27qm","surface":"ASPHALT","operationalStatus":"OPEN","greenway":"NO","transCanadaTrail":"NO"},"geometry":{"type":"LineString","coordinates":[[-114.03001774908914,51.05896835096293],[-114.02952750820182,51.05907786475885]]}},{"type":"Feature","id":"pathway-cd1dc885a98e","properties":{"id":"pathway-cd1dc885a98e","layer":"pathway","assetCode":"SSD560","name":null,"type":"REGIONAL","status":"ACTIVE","nearCommunities":[{"communityCode":"SSD","intersectsCommunity":true,"distanceToCommunityM":0}],"sourceDatasetId":"qndb-27qm","surface":"ASPHALT","operationalStatus":"OPEN","greenway":"NO","transCanadaTrail":"NO"},"geometry":{"type":"LineString","coordinates":[[-114.07383337694391,51.06133616336646],[-114.07490563352418,51.06136893998017]]}},{"type":"Feature","id":"pathway-d71361af84b4","properties":{"id":"pathway-d71361af84b4","layer":"pathway","assetCode":"SSD560","name":null,"type":"REGIONAL","status":"ACTIVE","nearCommunities":[{"communityCode":"SSD","intersectsCommunity":true,"distanceToCommunityM":0}],"sourceDatasetId":"qndb-27qm","surface":"ASPHALT","operationalStatus":"OPEN","greenway":"NO","transCanadaTrail":"NO"},"geometry":{"type":"LineString","coordinates":[[-114.07490563352418,51.06136893998017],[-114.07596815561519,51.061446395534055]]}},{"type":"Feature","id":"pathway-cefc9a0379ef","properties":{"id":"pathway-cefc9a0379ef","layer":"pathway","assetCode":"WHL493","name":null,"type":"LOCAL","status":"ACTIVE","nearCommunities":[{"communityCode":"HIL","intersectsCommunity":false,"distanceToCommunityM":66}],"sourceDatasetId":"qndb-27qm","surface":"ASPHALT","operationalStatus":"OPEN","greenway":"NO","transCanadaTrail":"NO"},"geometry":{"type":"LineString","coordinates":[[-114.10413765084613,51.058504397850506],[-114.10412444905866,51.058529354271826],[-114.10345019940064,51.05851499045364]]}},{"type":"Feature","id":"pathway-3492ca159ebf","properties":{"id":"pathway-3492ca159ebf","layer":"pathway","assetCode":"WHL493","name":null,"type":"LOCAL","status":"ACTIVE","nearCommunities":[{"communityCode":"HIL","intersectsCommunity":false,"distanceToCommunityM":66}],"sourceDatasetId":"qndb-27qm","surface":"ASPHALT","operationalStatus":"OPEN","greenway":"NO","transCanadaTrail":"NO"},"geometry":{"type":"LineString","coordinates":[[-114.10345019940064,51.05851499045364],[-114.10345279360426,51.05840079001174]]}},{"type":"Feature","id":"pathway-3af228329627","properties":{"id":"pathway-3af228329627","layer":"pathway","assetCode":"WHL493","name":null,"type":"LOCAL","status":"ACTIVE","nearCommunities":[{"communityCode":"HIL","intersectsCommunity":false,"distanceToCommunityM":6}],"sourceDatasetId":"qndb-27qm","surface":"ASPHALT","operationalStatus":"OPEN","greenway":"NO","transCanadaTrail":"NO"},"geometry":{"type":"LineString","coordinates":[[-114.10345019940064,51.05851499045364],[-114.10288443884627,51.05849940179541],[-114.10259230403527,51.05858891833515]]}},{"type":"Feature","id":"pathway-97b4b05d627b","properties":{"id":"pathway-97b4b05d627b","layer":"pathway","assetCode":"CRE876","name":null,"type":"LOCAL","status":"ACTIVE","nearCommunities":[{"communityCode":"SSD","intersectsCommunity":false,"distanceToCommunityM":148}],"sourceDatasetId":"qndb-27qm","surface":"ASPHALT","operationalStatus":"OPEN","greenway":"NO","transCanadaTrail":"NO"},"geometry":{"type":"LineString","coordinates":[[-114.06168683654545,51.05753205668169],[-114.06187280876617,51.05773607164879],[-114.06190500330408,51.058167716382286]]}},{"type":"Feature","id":"pathway-3946981e70f6","properties":{"id":"pathway-3946981e70f6","layer":"pathway","assetCode":"REN691","name":null,"type":"REGIONAL","status":"ACTIVE","nearCommunities":[{"communityCode":"BRD","intersectsCommunity":false,"distanceToCommunityM":15}],"sourceDatasetId":"qndb-27qm","surface":"ASPHALT","operationalStatus":"OPEN","greenway":"NO","transCanadaTrail":"YES"},"geometry":{"type":"LineString","coordinates":[[-114.02165740238944,51.052471004496844],[-114.02187138000639,51.05317602934448],[-114.02198730358016,51.05344854803537]]}},{"type":"Feature","id":"pathway-068ed4a15b46","properties":{"id":"pathway-068ed4a15b46","layer":"pathway","assetCode":"REN691","name":null,"type":"REGIONAL","status":"ACTIVE","nearCommunities":[{"communityCode":"BRD","intersectsCommunity":false,"distanceToCommunityM":228}],"sourceDatasetId":"qndb-27qm","surface":"ASPHALT","operationalStatus":"OPEN","greenway":"NO","transCanadaTrail":"YES"},"geometry":{"type":"LineString","coordinates":[[-114.02343942307193,51.05438018687874],[-114.02347396348645,51.05472097656128]]}},{"type":"Feature","id":"pathway-32f37db5ef29","properties":{"id":"pathway-32f37db5ef29","layer":"pathway","assetCode":"REN787","name":null,"type":"LOCAL","status":"ACTIVE","nearCommunities":[{"communityCode":"BRD","intersectsCommunity":false,"distanceToCommunityM":138}],"sourceDatasetId":"qndb-27qm","surface":"ASPHALT","operationalStatus":"OPEN","greenway":"NO","transCanadaTrail":"NO"},"geometry":{"type":"LineString","coordinates":[[-114.04957170987925,51.05849319695588],[-114.04953684598192,51.0586009255706],[-114.04939451872747,51.05874500278706],[-114.04862351167822,51.05935076963615],[-114.04844927593523,51.05952966801032]]}},{"type":"Feature","id":"pathway-5b4a37e275d5","properties":{"id":"pathway-5b4a37e275d5","layer":"pathway","assetCode":"BRD774","name":null,"type":"REGIONAL","status":"ACTIVE","nearCommunities":[{"communityCode":"BRD","intersectsCommunity":true,"distanceToCommunityM":0}],"sourceDatasetId":"qndb-27qm","surface":"ASPHALT","operationalStatus":"OPEN","greenway":"NO","transCanadaTrail":"NO"},"geometry":{"type":"LineString","coordinates":[[-114.0440513499055,51.05163217182129],[-114.04389517246605,51.05148392441873],[-114.04351647537067,51.05139003351665]]}},{"type":"Feature","id":"pathway-9bd6e65d99a5","properties":{"id":"pathway-9bd6e65d99a5","layer":"pathway","assetCode":"SSD560","name":null,"type":"REGIONAL","status":"ACTIVE","nearCommunities":[{"communityCode":"SSD","intersectsCommunity":true,"distanceToCommunityM":0}],"sourceDatasetId":"qndb-27qm","surface":"ASPHALT","operationalStatus":"OPEN","greenway":"NO","transCanadaTrail":"NO"},"geometry":{"type":"LineString","coordinates":[[-114.07048835591416,51.059641458288624],[-114.07038771344061,51.059477756955644],[-114.07003938590155,51.05929562426519],[-114.06996960980923,51.05914623905937]]}},{"type":"Feature","id":"pathway-9d175a235cd5","properties":{"id":"pathway-9d175a235cd5","layer":"pathway","assetCode":"ALB635","name":null,"type":"REGIONAL","status":"ACTIVE","nearCommunities":[{"communityCode":"BRD","intersectsCommunity":false,"distanceToCommunityM":105}],"sourceDatasetId":"qndb-27qm","surface":"ASPHALT","operationalStatus":"OPEN","greenway":"NO","transCanadaTrail":"NO"},"geometry":{"type":"LineString","coordinates":[[-114.0120176076326,51.046012919811794],[-114.01168341026909,51.04590385971226],[-114.01093287861703,51.04580015666534],[-114.01064533230686,51.04570136448394]]}},{"type":"Feature","id":"pathway-62b3678a3ae6","properties":{"id":"pathway-62b3678a3ae6","layer":"pathway","assetCode":"ALB635","name":null,"type":"REGIONAL","status":"ACTIVE","nearCommunities":[{"communityCode":"BRD","intersectsCommunity":false,"distanceToCommunityM":76}],"sourceDatasetId":"qndb-27qm","surface":"ASPHALT","operationalStatus":"OPEN","greenway":"NO","transCanadaTrail":"NO"},"geometry":{"type":"LineString","coordinates":[[-114.01326982558645,51.04620952910814],[-114.01301069389125,51.04631891561822],[-114.01250188776275,51.04625710562045],[-114.0123133367047,51.04620014332886],[-114.0120176076326,51.046012919811794]]}},{"type":"Feature","id":"pathway-7d43fb707da4","properties":{"id":"pathway-7d43fb707da4","layer":"pathway","assetCode":"ALB635","name":null,"type":"REGIONAL","status":"ACTIVE","nearCommunities":[{"communityCode":"BRD","intersectsCommunity":false,"distanceToCommunityM":131}],"sourceDatasetId":"qndb-27qm","surface":"ASPHALT","operationalStatus":"OPEN","greenway":"NO","transCanadaTrail":"NO"},"geometry":{"type":"LineString","coordinates":[[-114.01064533230686,51.04570136448394],[-114.00943935810668,51.045165383413924]]}},{"type":"Feature","id":"pathway-0fe16e5e09bb","properties":{"id":"pathway-0fe16e5e09bb","layer":"pathway","assetCode":"ALB635","name":null,"type":"REGIONAL","status":"ACTIVE","nearCommunities":[{"communityCode":"BRD","intersectsCommunity":false,"distanceToCommunityM":177}],"sourceDatasetId":"qndb-27qm","surface":"ASPHALT","operationalStatus":"OPEN","greenway":"NO","transCanadaTrail":"NO"},"geometry":{"type":"LineString","coordinates":[[-114.00943935810668,51.045165383413924],[-114.00852788685371,51.044665638712594],[-114.00830422244407,51.04457995928685]]}},{"type":"Feature","id":"pathway-8449131bb5b3","properties":{"id":"pathway-8449131bb5b3","layer":"pathway","assetCode":"ING037","name":null,"type":"REGIONAL","status":"ACTIVE","nearCommunities":[{"communityCode":"BRD","intersectsCommunity":false,"distanceToCommunityM":288}],"sourceDatasetId":"qndb-27qm","surface":"ASPHALT","operationalStatus":"OPEN","greenway":"NO","transCanadaTrail":"YES"},"geometry":{"type":"LineString","coordinates":[[-114.01306822137128,51.03879589321882],[-114.0127973579903,51.03901712835891],[-114.01240037584327,51.03941447907668],[-114.01229600747826,51.03977133517705]]}},{"type":"Feature","id":"pathway-510dec0c11a6","properties":{"id":"pathway-510dec0c11a6","layer":"pathway","assetCode":"EAU120","name":null,"type":"LOCAL","status":"ACTIVE","nearCommunities":[{"communityCode":"SSD","intersectsCommunity":false,"distanceToCommunityM":80}],"sourceDatasetId":"qndb-27qm","surface":"ASPHALT","operationalStatus":"OPEN","greenway":"NO","transCanadaTrail":"NO"},"geometry":{"type":"LineString","coordinates":[[-114.07358546146173,51.055190480373696],[-114.07311386234281,51.05520079984672]]}},{"type":"Feature","id":"pathway-afff3de9e4a2","properties":{"id":"pathway-afff3de9e4a2","layer":"pathway","assetCode":"ALB824","name":null,"type":"REGIONAL","status":"ACTIVE","nearCommunities":[{"communityCode":"BRD","intersectsCommunity":false,"distanceToCommunityM":374}],"sourceDatasetId":"qndb-27qm","surface":"ASPHALT","operationalStatus":"OPEN","greenway":"NO","transCanadaTrail":"NO"},"geometry":{"type":"LineString","coordinates":[[-114.00860369459068,51.03989119379949],[-114.00886375153648,51.03967532439868],[-114.00917383590487,51.03933249159153]]}},{"type":"Feature","id":"pathway-f0b273116612","properties":{"id":"pathway-f0b273116612","layer":"pathway","assetCode":"REN691","name":null,"type":"REGIONAL","status":"ACTIVE","nearCommunities":[{"communityCode":"BRD","intersectsCommunity":false,"distanceToCommunityM":343}],"sourceDatasetId":"qndb-27qm","surface":"ASPHALT","operationalStatus":"OPEN","greenway":"NO","transCanadaTrail":"YES"},"geometry":{"type":"LineString","coordinates":[[-114.02358160008218,51.055408834572724],[-114.02377487940983,51.05571630844861],[-114.0238254815789,51.05592471027359]]}},{"type":"Feature","id":"pathway-6d28aa735692","properties":{"id":"pathway-6d28aa735692","layer":"pathway","assetCode":"CRE876","name":null,"type":"LOCAL","status":"ACTIVE","nearCommunities":[{"communityCode":"SSD","intersectsCommunity":false,"distanceToCommunityM":87}],"sourceDatasetId":"qndb-27qm","surface":"ASPHALT","operationalStatus":"OPEN","greenway":"NO","transCanadaTrail":"NO"},"geometry":{"type":"LineString","coordinates":[[-114.06147267800313,51.05648676182368],[-114.06148604670537,51.05706533917429]]}},{"type":"Feature","id":"pathway-13479bdc7466","properties":{"id":"pathway-13479bdc7466","layer":"pathway","assetCode":"CRE876","name":null,"type":"LOCAL","status":"ACTIVE","nearCommunities":[{"communityCode":"SSD","intersectsCommunity":false,"distanceToCommunityM":126}],"sourceDatasetId":"qndb-27qm","surface":"ASPHALT","operationalStatus":"OPEN","greenway":"NO","transCanadaTrail":"NO"},"geometry":{"type":"LineString","coordinates":[[-114.06148604670537,51.05706533917429],[-114.06148627830144,51.057240208784876],[-114.06168683654545,51.05753205668169]]}},{"type":"Feature","id":"pathway-471617c0aff8","properties":{"id":"pathway-471617c0aff8","layer":"pathway","assetCode":"EAU131","name":null,"type":"REGIONAL","status":"ACTIVE","nearCommunities":[{"communityCode":"HIL","intersectsCommunity":false,"distanceToCommunityM":398},{"communityCode":"SSD","intersectsCommunity":false,"distanceToCommunityM":62}],"sourceDatasetId":"qndb-27qm","surface":"CONCRETE","operationalStatus":"OPEN","greenway":"NO","transCanadaTrail":"NO"},"geometry":{"type":"LineString","coordinates":[[-114.07929346714552,51.05237914991702],[-114.07831628447559,51.05273325856248]]}},{"type":"Feature","id":"pathway-c152450647df","properties":{"id":"pathway-c152450647df","layer":"pathway","assetCode":"BRD774","name":null,"type":"REGIONAL","status":"ACTIVE","nearCommunities":[{"communityCode":"BRD","intersectsCommunity":true,"distanceToCommunityM":0}],"sourceDatasetId":"qndb-27qm","surface":"ASPHALT","operationalStatus":"OPEN","greenway":"NO","transCanadaTrail":"NO"},"geometry":{"type":"LineString","coordinates":[[-114.04087556204536,51.05114553957984],[-114.04064153541096,51.051027937612666]]}},{"type":"Feature","id":"pathway-0581f0e6525e","properties":{"id":"pathway-0581f0e6525e","layer":"pathway","assetCode":"ALB635","name":null,"type":"LOCAL","status":"ACTIVE","nearCommunities":[{"communityCode":"BRD","intersectsCommunity":false,"distanceToCommunityM":373}],"sourceDatasetId":"qndb-27qm","surface":"ASPHALT","operationalStatus":"OPEN","greenway":"NO","transCanadaTrail":"NO"},"geometry":{"type":"LineString","coordinates":[[-114.00664233689868,51.04347086180647],[-114.00676839946854,51.043269644523825]]}},{"type":"Feature","id":"pathway-d1a74a9d5530","properties":{"id":"pathway-d1a74a9d5530","layer":"pathway","assetCode":"RDL560","name":null,"type":"REGIONAL","status":"ACTIVE","nearCommunities":[{"communityCode":"HIL","intersectsCommunity":false,"distanceToCommunityM":178},{"communityCode":"SSD","intersectsCommunity":false,"distanceToCommunityM":1}],"sourceDatasetId":"qndb-27qm","surface":"ASPHALT","operationalStatus":"OPEN","greenway":"NO","transCanadaTrail":"NO"},"geometry":{"type":"LineString","coordinates":[[-114.08211701275275,51.05942575933073],[-114.08228213861983,51.05934591435334],[-114.08262082496304,51.05933046935782],[-114.08346183662772,51.05945767324169]]}},{"type":"Feature","id":"pathway-0449537efa26","properties":{"id":"pathway-0449537efa26","layer":"pathway","assetCode":"REN678","name":null,"type":"REGIONAL","status":"ACTIVE","nearCommunities":[{"communityCode":"BRD","intersectsCommunity":false,"distanceToCommunityM":249}],"sourceDatasetId":"qndb-27qm","surface":"ASPHALT","operationalStatus":"OPEN","greenway":"NO","transCanadaTrail":"NO"},"geometry":{"type":"LineString","coordinates":[[-114.03181976629519,51.05886584109202],[-114.03165883286503,51.05882979109814]]}},{"type":"Feature","id":"pathway-23bc0898b87c","properties":{"id":"pathway-23bc0898b87c","layer":"pathway","assetCode":"EAU131","name":null,"type":"LOCAL","status":"ACTIVE","nearCommunities":[{"communityCode":"HIL","intersectsCommunity":false,"distanceToCommunityM":156},{"communityCode":"SSD","intersectsCommunity":false,"distanceToCommunityM":119}],"sourceDatasetId":"qndb-27qm","surface":"ASPHALT","operationalStatus":"OPEN","greenway":"NO","transCanadaTrail":"NO"},"geometry":{"type":"LineString","coordinates":[[-114.08195986075832,51.05084124186673],[-114.08097893211084,51.05080084523224]]}},{"type":"Feature","id":"pathway-0ba40e631d36","properties":{"id":"pathway-0ba40e631d36","layer":"pathway","assetCode":"EAU131","name":null,"type":"LOCAL","status":"ACTIVE","nearCommunities":[{"communityCode":"HIL","intersectsCommunity":false,"distanceToCommunityM":146},{"communityCode":"SSD","intersectsCommunity":false,"distanceToCommunityM":101}],"sourceDatasetId":"qndb-27qm","surface":"ASPHALT","operationalStatus":"OPEN","greenway":"NO","transCanadaTrail":"NO"},"geometry":{"type":"LineString","coordinates":[[-114.0821596225717,51.05095233239419],[-114.08195986075832,51.05084124186673]]}},{"type":"Feature","id":"pathway-bd82b0f6f914","properties":{"id":"pathway-bd82b0f6f914","layer":"pathway","assetCode":"BRD887","name":null,"type":"LOCAL","status":"ACTIVE","nearCommunities":[{"communityCode":"BRD","intersectsCommunity":true,"distanceToCommunityM":0}],"sourceDatasetId":"qndb-27qm","surface":"ASPHALT","operationalStatus":"OPEN","greenway":"NO","transCanadaTrail":"NO"},"geometry":{"type":"LineString","coordinates":[[-114.03505252968411,51.05607988150518],[-114.03505619046165,51.05648306375503]]}},{"type":"Feature","id":"pathway-9bc84e8a5633","properties":{"id":"pathway-9bc84e8a5633","layer":"pathway","assetCode":"REN691","name":null,"type":"REGIONAL","status":"ACTIVE","nearCommunities":[{"communityCode":"BRD","intersectsCommunity":false,"distanceToCommunityM":357}],"sourceDatasetId":"qndb-27qm","surface":"ASPHALT","operationalStatus":"OPEN","greenway":"NO","transCanadaTrail":"NO"},"geometry":{"type":"LineString","coordinates":[[-114.02551839175197,51.05553854405012],[-114.02554472546753,51.0555534054913],[-114.02548214560132,51.0556710199237]]}},{"type":"Feature","id":"pathway-13631994ac91","properties":{"id":"pathway-13631994ac91","layer":"pathway","assetCode":"REN691","name":null,"type":"REGIONAL","status":"ACTIVE","nearCommunities":[{"communityCode":"BRD","intersectsCommunity":false,"distanceToCommunityM":339}],"sourceDatasetId":"qndb-27qm","surface":"ASPHALT","operationalStatus":"OPEN","greenway":"NO","transCanadaTrail":"NO"},"geometry":{"type":"LineString","coordinates":[[-114.02551839175197,51.05553854405012],[-114.02557717292261,51.05537701026687]]}},{"type":"Feature","id":"pathway-f44b191d7c30","properties":{"id":"pathway-f44b191d7c30","layer":"pathway","assetCode":"EAU131","name":null,"type":"REGIONAL","status":"ACTIVE","nearCommunities":[{"communityCode":"SSD","intersectsCommunity":false,"distanceToCommunityM":294}],"sourceDatasetId":"qndb-27qm","surface":"ASPHALT","operationalStatus":"OPEN","greenway":"NO","transCanadaTrail":"NO"},"geometry":{"type":"LineString","coordinates":[[-114.0700457670977,51.05381987196079],[-114.07096952556819,51.053846594945455]]}},{"type":"Feature","id":"pathway-4ba4418225e9","properties":{"id":"pathway-4ba4418225e9","layer":"pathway","assetCode":"EAU131","name":null,"type":"REGIONAL","status":"ACTIVE","nearCommunities":[{"communityCode":"SSD","intersectsCommunity":false,"distanceToCommunityM":219}],"sourceDatasetId":"qndb-27qm","surface":"ASPHALT","operationalStatus":"OPEN","greenway":"NO","transCanadaTrail":"NO"},"geometry":{"type":"LineString","coordinates":[[-114.07178928783867,51.053850449861926],[-114.07208806360944,51.05377676872168],[-114.0728478068414,51.053817684570305],[-114.07333045108805,51.053763548732206]]}},{"type":"Feature","id":"pathway-df23f6e559f8","properties":{"id":"pathway-df23f6e559f8","layer":"pathway","assetCode":"EAU131","name":null,"type":"LOCAL","status":"ACTIVE","nearCommunities":[{"communityCode":"HIL","intersectsCommunity":false,"distanceToCommunityM":84},{"communityCode":"SSD","intersectsCommunity":false,"distanceToCommunityM":58}],"sourceDatasetId":"qndb-27qm","surface":"ASPHALT","operationalStatus":"OPEN","greenway":"NO","transCanadaTrail":"NO"},"geometry":{"type":"LineString","coordinates":[[-114.0830326157929,51.050825652576464],[-114.0829667349729,51.050742926459506],[-114.08286229619014,51.05070994442489]]}},{"type":"Feature","id":"pathway-df463e087863","properties":{"id":"pathway-df463e087863","layer":"pathway","assetCode":"CRE495","name":null,"type":"REGIONAL","status":"ACTIVE","nearCommunities":[{"communityCode":"SSD","intersectsCommunity":false,"distanceToCommunityM":42}],"sourceDatasetId":"qndb-27qm","surface":"ASPHALT","operationalStatus":"OPEN","greenway":"NO","transCanadaTrail":"YES"},"geometry":{"type":"LineString","coordinates":[[-114.06164529580371,51.05338778824781],[-114.06192851076175,51.05341580513222]]}},{"type":"Feature","id":"pathway-c90b78733186","properties":{"id":"pathway-c90b78733186","layer":"pathway","assetCode":"ING037","name":null,"type":"REGIONAL","status":"ACTIVE","nearCommunities":[{"communityCode":"BRD","intersectsCommunity":false,"distanceToCommunityM":64}],"sourceDatasetId":"qndb-27qm","surface":"ASPHALT","operationalStatus":"OPEN","greenway":"NO","transCanadaTrail":"NO"},"geometry":{"type":"LineString","coordinates":[[-114.01407734877371,51.04218020442618],[-114.01441043707246,51.04218397997584]]}},{"type":"Feature","id":"pathway-ac319e6353c8","properties":{"id":"pathway-ac319e6353c8","layer":"pathway","assetCode":"ING037","name":null,"type":"REGIONAL","status":"ACTIVE","nearCommunities":[{"communityCode":"BRD","intersectsCommunity":false,"distanceToCommunityM":169}],"sourceDatasetId":"qndb-27qm","surface":"ASPHALT","operationalStatus":"OPEN","greenway":"NO","transCanadaTrail":"NO"},"geometry":{"type":"LineString","coordinates":[[-114.0164036939894,51.04172406565199],[-114.01625604680811,51.04182368807989]]}},{"type":"Feature","id":"pathway-66cd9649b4f9","properties":{"id":"pathway-66cd9649b4f9","layer":"pathway","assetCode":"BNK858","name":null,"type":"LOCAL","status":"ACTIVE","nearCommunities":[{"communityCode":"BLN","intersectsCommunity":false,"distanceToCommunityM":330}],"sourceDatasetId":"qndb-27qm","surface":"ASPHALT","operationalStatus":"OPEN","greenway":"NO","transCanadaTrail":"NO"},"geometry":{"type":"LineString","coordinates":[[-114.09912112716894,51.03670574177701],[-114.0990430910999,51.03667378195641],[-114.09902357324576,51.036619660432706]]}},{"type":"Feature","id":"pathway-81ebb1825367","properties":{"id":"pathway-81ebb1825367","layer":"pathway","assetCode":"EAU131","name":null,"type":"LOCAL","status":"ACTIVE","nearCommunities":[{"communityCode":"HIL","intersectsCommunity":false,"distanceToCommunityM":279},{"communityCode":"SSD","intersectsCommunity":false,"distanceToCommunityM":53}],"sourceDatasetId":"qndb-27qm","surface":"CONCRETE","operationalStatus":"OPEN","greenway":"NO","transCanadaTrail":"NO"},"geometry":{"type":"LineString","coordinates":[[-114.08077180586866,51.05204027062325],[-114.08078165171608,51.051865749009025]]}},{"type":"Feature","id":"pathway-590a5e0d1c36","properties":{"id":"pathway-590a5e0d1c36","layer":"pathway","assetCode":"EAU131","name":null,"type":"LOCAL","status":"ACTIVE","nearCommunities":[{"communityCode":"HIL","intersectsCommunity":false,"distanceToCommunityM":282},{"communityCode":"SSD","intersectsCommunity":false,"distanceToCommunityM":81}],"sourceDatasetId":"qndb-27qm","surface":"CONCRETE","operationalStatus":"OPEN","greenway":"NO","transCanadaTrail":"NO"},"geometry":{"type":"LineString","coordinates":[[-114.08053861513066,51.05172539025711],[-114.08064962196747,51.051790057708835]]}},{"type":"Feature","id":"pathway-1fdd20a33dd2","properties":{"id":"pathway-1fdd20a33dd2","layer":"pathway","assetCode":"EAU131","name":null,"type":"LOCAL","status":"ACTIVE","nearCommunities":[{"communityCode":"HIL","intersectsCommunity":false,"distanceToCommunityM":91},{"communityCode":"SSD","intersectsCommunity":false,"distanceToCommunityM":68}],"sourceDatasetId":"qndb-27qm","surface":"ASPHALT","operationalStatus":"OPEN","greenway":"NO","transCanadaTrail":"NO"},"geometry":{"type":"LineString","coordinates":[[-114.08285527166075,51.05083529314941],[-114.08286229619014,51.05070994442489]]}},{"type":"Feature","id":"pathway-1e2e30cc3616","properties":{"id":"pathway-1e2e30cc3616","layer":"pathway","assetCode":"EAU131","name":null,"type":"LOCAL","status":"ACTIVE","nearCommunities":[{"communityCode":"HIL","intersectsCommunity":false,"distanceToCommunityM":98},{"communityCode":"SSD","intersectsCommunity":false,"distanceToCommunityM":57}],"sourceDatasetId":"qndb-27qm","surface":"ASPHALT","operationalStatus":"OPEN","greenway":"NO","transCanadaTrail":"NO"},"geometry":{"type":"LineString","coordinates":[[-114.08265626867185,51.051192028579635],[-114.08283158273784,51.05100141938887],[-114.08285602052406,51.05086571384979]]}},{"type":"Feature","id":"pathway-abdfd9895b73","properties":{"id":"pathway-abdfd9895b73","layer":"pathway","assetCode":"RDL550","name":null,"type":"LOCAL","status":"ACTIVE","nearCommunities":[{"communityCode":"HIL","intersectsCommunity":false,"distanceToCommunityM":49},{"communityCode":"SSD","intersectsCommunity":true,"distanceToCommunityM":0}],"sourceDatasetId":"qndb-27qm","surface":"ASPHALT","operationalStatus":"OPEN","greenway":"NO","transCanadaTrail":"NO"},"geometry":{"type":"LineString","coordinates":[[-114.08529108062375,51.05958299091324],[-114.08530194262089,51.05952502811063]]}},{"type":"Feature","id":"pathway-ab5ebf3bd4ee","properties":{"id":"pathway-ab5ebf3bd4ee","layer":"pathway","assetCode":"HIL494","name":null,"type":"REGIONAL","status":"ACTIVE","nearCommunities":[{"communityCode":"HIL","intersectsCommunity":true,"distanceToCommunityM":0}],"sourceDatasetId":"qndb-27qm","surface":"ASPHALT","operationalStatus":"OPEN","greenway":"NO","transCanadaTrail":"NO"},"geometry":{"type":"LineString","coordinates":[[-114.09502068022024,51.050120790578475],[-114.09503024406057,51.0498571266815],[-114.09486976354778,51.04953561716732]]}},{"type":"Feature","id":"pathway-02c6620f8e56","properties":{"id":"pathway-02c6620f8e56","layer":"pathway","assetCode":"DNW134","name":null,"type":"LOCAL","status":"ACTIVE","nearCommunities":[{"communityCode":"HIL","intersectsCommunity":false,"distanceToCommunityM":159},{"communityCode":"BLN","intersectsCommunity":false,"distanceToCommunityM":138}],"sourceDatasetId":"qndb-27qm","surface":"ASPHALT","operationalStatus":"OPEN","greenway":"NO","transCanadaTrail":"NO"},"geometry":{"type":"LineString","coordinates":[[-114.09249396838153,51.04633080717047],[-114.0926631035505,51.04628061836856],[-114.09305593048973,51.04605025000973]]}},{"type":"Feature","id":"pathway-b7b7717bd5cb","properties":{"id":"pathway-b7b7717bd5cb","layer":"pathway","assetCode":"ALB635","name":null,"type":"LOCAL","status":"ACTIVE","nearCommunities":[{"communityCode":"BRD","intersectsCommunity":false,"distanceToCommunityM":373}],"sourceDatasetId":"qndb-27qm","surface":"ASPHALT","operationalStatus":"OPEN","greenway":"NO","transCanadaTrail":"NO"},"geometry":{"type":"LineString","coordinates":[[-114.00676839946854,51.043269644523825],[-114.00676361311828,51.04319673445112],[-114.00656729804967,51.04299652625586],[-114.00647942413894,51.04284060778783]]}},{"type":"Feature","id":"pathway-97df0297c5ac","properties":{"id":"pathway-97df0297c5ac","layer":"pathway","assetCode":"ING037","name":null,"type":"REGIONAL","status":"ACTIVE","nearCommunities":[{"communityCode":"BRD","intersectsCommunity":false,"distanceToCommunityM":166}],"sourceDatasetId":"qndb-27qm","surface":"ASPHALT","operationalStatus":"OPEN","greenway":"NO","transCanadaTrail":"NO"},"geometry":{"type":"LineString","coordinates":[[-114.01625604680811,51.04182368807989],[-114.01608846895432,51.041810437920056],[-114.01587304825023,51.041717491911676]]}},{"type":"Feature","id":"pathway-a91b9dbc61d2","properties":{"id":"pathway-a91b9dbc61d2","layer":"pathway","assetCode":"BRD852","name":null,"type":"LOCAL","status":"ACTIVE","nearCommunities":[{"communityCode":"BRD","intersectsCommunity":true,"distanceToCommunityM":0}],"sourceDatasetId":"qndb-27qm","surface":"CONCRETE","operationalStatus":"OPEN","greenway":"NO","transCanadaTrail":"NO"},"geometry":{"type":"LineString","coordinates":[[-114.0370738000977,51.05036705387035],[-114.03709743065336,51.05026257318495]]}},{"type":"Feature","id":"pathway-213f2881500d","properties":{"id":"pathway-213f2881500d","layer":"pathway","assetCode":"CRE876","name":null,"type":"LOCAL","status":"ACTIVE","nearCommunities":[{"communityCode":"SSD","intersectsCommunity":false,"distanceToCommunityM":67}],"sourceDatasetId":"qndb-27qm","surface":"ASPHALT","operationalStatus":"OPEN","greenway":"NO","transCanadaTrail":"NO"},"geometry":{"type":"LineString","coordinates":[[-114.06148328752943,51.05558504810998],[-114.06121777802376,51.055648782523804],[-114.06025801654974,51.05604701148195]]}},{"type":"Feature","id":"pathway-029decbb85e2","properties":{"id":"pathway-029decbb85e2","layer":"pathway","assetCode":"SSD560","name":null,"type":"REGIONAL","status":"ACTIVE","nearCommunities":[{"communityCode":"SSD","intersectsCommunity":true,"distanceToCommunityM":0}],"sourceDatasetId":"qndb-27qm","surface":"ASPHALT","operationalStatus":"OPEN","greenway":"NO","transCanadaTrail":"NO"},"geometry":{"type":"LineString","coordinates":[[-114.0634986343192,51.05666774572681],[-114.064039020709,51.05705502092744],[-114.06432616470886,51.05743279626819],[-114.06454889576128,51.057647511477796]]}},{"type":"Feature","id":"pathway-1b9d9df6864c","properties":{"id":"pathway-1b9d9df6864c","layer":"pathway","assetCode":"BRD774","name":null,"type":"REGIONAL","status":"ACTIVE","nearCommunities":[{"communityCode":"BRD","intersectsCommunity":true,"distanceToCommunityM":0}],"sourceDatasetId":"qndb-27qm","surface":"ASPHALT","operationalStatus":"OPEN","greenway":"NO","transCanadaTrail":"NO"},"geometry":{"type":"LineString","coordinates":[[-114.0421987235351,51.05113184189153],[-114.04133853775421,51.051250124116365]]}},{"type":"Feature","id":"pathway-ae10ab82554c","properties":{"id":"pathway-ae10ab82554c","layer":"pathway","assetCode":"BRD874","name":null,"type":"LOCAL","status":"ACTIVE","nearCommunities":[{"communityCode":"BRD","intersectsCommunity":true,"distanceToCommunityM":0}],"sourceDatasetId":"qndb-27qm","surface":"ASPHALT","operationalStatus":"OPEN","greenway":"NO","transCanadaTrail":"NO"},"geometry":{"type":"LineString","coordinates":[[-114.04439145277297,51.05117769624212],[-114.04442728769286,51.05124788607534]]}},{"type":"Feature","id":"pathway-25b1ea341f4c","properties":{"id":"pathway-25b1ea341f4c","layer":"pathway","assetCode":"ING037","name":null,"type":"REGIONAL","status":"ACTIVE","nearCommunities":[{"communityCode":"BRD","intersectsCommunity":false,"distanceToCommunityM":172}],"sourceDatasetId":"qndb-27qm","surface":"ASPHALT","operationalStatus":"OPEN","greenway":"NO","transCanadaTrail":"NO"},"geometry":{"type":"LineString","coordinates":[[-114.01587304825023,51.041717491911676],[-114.01563025658407,51.041614934643675]]}},{"type":"Feature","id":"pathway-db34c6ab91aa","properties":{"id":"pathway-db34c6ab91aa","layer":"pathway","assetCode":"ING037","name":null,"type":"REGIONAL","status":"ACTIVE","nearCommunities":[{"communityCode":"BRD","intersectsCommunity":false,"distanceToCommunityM":128}],"sourceDatasetId":"qndb-27qm","surface":"ASPHALT","operationalStatus":"OPEN","greenway":"NO","transCanadaTrail":"NO"},"geometry":{"type":"LineString","coordinates":[[-114.01481783307855,51.04182440696563],[-114.01487176130435,51.04179115786428]]}},{"type":"Feature","id":"pathway-7e992a6db412","properties":{"id":"pathway-7e992a6db412","layer":"pathway","assetCode":"ING037","name":null,"type":"REGIONAL","status":"ACTIVE","nearCommunities":[{"communityCode":"BRD","intersectsCommunity":false,"distanceToCommunityM":93}],"sourceDatasetId":"qndb-27qm","surface":"ASPHALT","operationalStatus":"OPEN","greenway":"NO","transCanadaTrail":"NO"},"geometry":{"type":"LineString","coordinates":[[-114.01455792984729,51.042103197000394],[-114.01481783307855,51.04182440696563]]}},{"type":"Feature","id":"pathway-b085ed7519c4","properties":{"id":"pathway-b085ed7519c4","layer":"pathway","assetCode":"BRD774","name":null,"type":"LOCAL","status":"ACTIVE","nearCommunities":[{"communityCode":"BRD","intersectsCommunity":true,"distanceToCommunityM":0}],"sourceDatasetId":"qndb-27qm","surface":"ASPHALT","operationalStatus":"OPEN","greenway":"NO","transCanadaTrail":"NO"},"geometry":{"type":"LineString","coordinates":[[-114.04321164932064,51.05184836716719],[-114.04308772353336,51.052116833439854],[-114.04147089228127,51.052114305130594]]}},{"type":"Feature","id":"pathway-d00264982827","properties":{"id":"pathway-d00264982827","layer":"pathway","assetCode":"BRD774","name":null,"type":"LOCAL","status":"ACTIVE","nearCommunities":[{"communityCode":"BRD","intersectsCommunity":true,"distanceToCommunityM":0}],"sourceDatasetId":"qndb-27qm","surface":"ASPHALT","operationalStatus":"OPEN","greenway":"NO","transCanadaTrail":"NO"},"geometry":{"type":"LineString","coordinates":[[-114.04133926809183,51.05125022634092],[-114.04134963492542,51.051009217173046]]}},{"type":"Feature","id":"pathway-63a782d007a0","properties":{"id":"pathway-63a782d007a0","layer":"pathway","assetCode":"BRD852","name":null,"type":"LOCAL","status":"ACTIVE","nearCommunities":[{"communityCode":"BRD","intersectsCommunity":true,"distanceToCommunityM":0}],"sourceDatasetId":"qndb-27qm","surface":"CONCRETE","operationalStatus":"OPEN","greenway":"NO","transCanadaTrail":"NO"},"geometry":{"type":"LineString","coordinates":[[-114.03882496683102,51.05038265063354],[-114.03870820168216,51.050412715041126],[-114.03862527263246,51.05047557166052],[-114.0385951018258,51.05058522390269],[-114.03862309146615,51.050656801630204]]}},{"type":"Feature","id":"pathway-36e8b9df12f1","properties":{"id":"pathway-36e8b9df12f1","layer":"pathway","assetCode":"BRD852","name":null,"type":"LOCAL","status":"ACTIVE","nearCommunities":[{"communityCode":"BRD","intersectsCommunity":true,"distanceToCommunityM":0}],"sourceDatasetId":"qndb-27qm","surface":"CONCRETE","operationalStatus":"OPEN","greenway":"NO","transCanadaTrail":"NO"},"geometry":{"type":"LineString","coordinates":[[-114.03862309146615,51.050656801630204],[-114.03869772031413,51.05072255116266],[-114.03880167719677,51.050745473757424]]}},{"type":"Feature","id":"pathway-b5a3fe261fe6","properties":{"id":"pathway-b5a3fe261fe6","layer":"pathway","assetCode":"BRD852","name":null,"type":"LOCAL","status":"ACTIVE","nearCommunities":[{"communityCode":"BRD","intersectsCommunity":true,"distanceToCommunityM":0}],"sourceDatasetId":"qndb-27qm","surface":"CONCRETE","operationalStatus":"OPEN","greenway":"NO","transCanadaTrail":"NO"},"geometry":{"type":"LineString","coordinates":[[-114.03880169718451,51.05074549802304],[-114.03890664100298,51.05072740997405],[-114.03899443999443,51.050653465405155],[-114.03902240798,51.05055762201336],[-114.03898579405374,51.050478431162375]]}},{"type":"Feature","id":"pathway-fc34f5f5ecac","properties":{"id":"pathway-fc34f5f5ecac","layer":"pathway","assetCode":"BRD852","name":null,"type":"LOCAL","status":"ACTIVE","nearCommunities":[{"communityCode":"BRD","intersectsCommunity":true,"distanceToCommunityM":0}],"sourceDatasetId":"qndb-27qm","surface":"CONCRETE","operationalStatus":"OPEN","greenway":"NO","transCanadaTrail":"NO"},"geometry":{"type":"LineString","coordinates":[[-114.03898579405374,51.050478431162375],[-114.03882496683102,51.05038265063354]]}},{"type":"Feature","id":"pathway-488a4023b8be","properties":{"id":"pathway-488a4023b8be","layer":"pathway","assetCode":"BRD852","name":null,"type":"LOCAL","status":"ACTIVE","nearCommunities":[{"communityCode":"BRD","intersectsCommunity":true,"distanceToCommunityM":0}],"sourceDatasetId":"qndb-27qm","surface":"CONCRETE","operationalStatus":"OPEN","greenway":"NO","transCanadaTrail":"NO"},"geometry":{"type":"LineString","coordinates":[[-114.03880461701145,51.05057005898797],[-114.03862309146615,51.050656801630204]]}},{"type":"Feature","id":"pathway-7c3d685cc1ce","properties":{"id":"pathway-7c3d685cc1ce","layer":"pathway","assetCode":"RDL550","name":null,"type":"LOCAL","status":"ACTIVE","nearCommunities":[{"communityCode":"HIL","intersectsCommunity":false,"distanceToCommunityM":58},{"communityCode":"SSD","intersectsCommunity":true,"distanceToCommunityM":0}],"sourceDatasetId":"qndb-27qm","surface":"ASPHALT","operationalStatus":"OPEN","greenway":"NO","transCanadaTrail":"NO"},"geometry":{"type":"LineString","coordinates":[[-114.08516670199424,51.059545438079766],[-114.08507404173814,51.05941969093497]]}},{"type":"Feature","id":"pathway-94b6ec6f93b6","properties":{"id":"pathway-94b6ec6f93b6","layer":"pathway","assetCode":"SNA678","name":null,"type":"REGIONAL","status":"ACTIVE","nearCommunities":[{"communityCode":"HIL","intersectsCommunity":false,"distanceToCommunityM":222},{"communityCode":"BLN","intersectsCommunity":false,"distanceToCommunityM":216}],"sourceDatasetId":"qndb-27qm","surface":"CONCRETE","operationalStatus":"OPEN","greenway":"NO","transCanadaTrail":"NO"},"geometry":{"type":"LineString","coordinates":[[-114.09758284634306,51.04557291875199],[-114.09790112966117,51.04558182481047]]}},{"type":"Feature","id":"pathway-97de15766e4d","properties":{"id":"pathway-97de15766e4d","layer":"pathway","assetCode":"BRD852","name":null,"type":"LOCAL","status":"ACTIVE","nearCommunities":[{"communityCode":"BRD","intersectsCommunity":true,"distanceToCommunityM":0}],"sourceDatasetId":"qndb-27qm","surface":"CONCRETE","operationalStatus":"OPEN","greenway":"NO","transCanadaTrail":"NO"},"geometry":{"type":"LineString","coordinates":[[-114.03706187704516,51.05053359589548],[-114.03721633106096,51.05057715956802]]}},{"type":"Feature","id":"pathway-8a713df342c3","properties":{"id":"pathway-8a713df342c3","layer":"pathway","assetCode":"SSD560","name":null,"type":"LOCAL","status":"ACTIVE","nearCommunities":[{"communityCode":"SSD","intersectsCommunity":true,"distanceToCommunityM":0}],"sourceDatasetId":"qndb-27qm","surface":"ASPHALT","operationalStatus":"OPEN","greenway":"NO","transCanadaTrail":"NO"},"geometry":{"type":"LineString","coordinates":[[-114.06850343967075,51.0584421378204],[-114.06837895998866,51.05843411277101]]}},{"type":"Feature","id":"pathway-2a49283efcea","properties":{"id":"pathway-2a49283efcea","layer":"pathway","assetCode":"HIL498","name":null,"type":"REGIONAL","status":"ACTIVE","nearCommunities":[{"communityCode":"HIL","intersectsCommunity":true,"distanceToCommunityM":0}],"sourceDatasetId":"qndb-27qm","surface":"ASPHALT","operationalStatus":"OPEN","greenway":"NO","transCanadaTrail":"NO"},"geometry":{"type":"LineString","coordinates":[[-114.10161610034706,51.048771599250365],[-114.09986656038323,51.048688469774106]]}},{"type":"Feature","id":"pathway-ea4aef54f009","properties":{"id":"pathway-ea4aef54f009","layer":"pathway","assetCode":"HIL498","name":null,"type":"REGIONAL","status":"ACTIVE","nearCommunities":[{"communityCode":"HIL","intersectsCommunity":true,"distanceToCommunityM":0}],"sourceDatasetId":"qndb-27qm","surface":"ASPHALT","operationalStatus":"OPEN","greenway":"NO","transCanadaTrail":"NO"},"geometry":{"type":"LineString","coordinates":[[-114.09986656038323,51.048688469774106],[-114.09937059300881,51.048674349799064],[-114.09844699442421,51.0487414926548],[-114.09814916604374,51.048693221062074]]}},{"type":"Feature","id":"pathway-b4707c8b934a","properties":{"id":"pathway-b4707c8b934a","layer":"pathway","assetCode":"ING036","name":null,"type":"LOCAL","status":"ACTIVE","nearCommunities":[{"communityCode":"BRD","intersectsCommunity":false,"distanceToCommunityM":46}],"sourceDatasetId":"qndb-27qm","surface":"ASPHALT","operationalStatus":"OPEN","greenway":"NO","transCanadaTrail":"NO"},"geometry":{"type":"LineString","coordinates":[[-114.02237387388766,51.0423220003237],[-114.02204794687451,51.04198213512796],[-114.02177853859945,51.041818696474145],[-114.02150404961799,51.04176209217438],[-114.0210486048709,51.0418294470892]]}},{"type":"Feature","id":"pathway-37eeadd6573a","properties":{"id":"pathway-37eeadd6573a","layer":"pathway","assetCode":"ING036","name":null,"type":"LOCAL","status":"ACTIVE","nearCommunities":[{"communityCode":"BRD","intersectsCommunity":false,"distanceToCommunityM":61}],"sourceDatasetId":"qndb-27qm","surface":"ASPHALT","operationalStatus":"OPEN","greenway":"NO","transCanadaTrail":"NO"},"geometry":{"type":"LineString","coordinates":[[-114.0210486048709,51.0418294470892],[-114.02079361347336,51.04194999117534],[-114.020614138442,51.04212969905008],[-114.02035010966446,51.04253118381799],[-114.02025609904065,51.04279497969006],[-114.02026470326966,51.04284337983677]]}},{"type":"Feature","id":"pathway-fccb6ac17a0e","properties":{"id":"pathway-fccb6ac17a0e","layer":"pathway","assetCode":"CRE495","name":null,"type":"REGIONAL","status":"ACTIVE","nearCommunities":[{"communityCode":"BRD","intersectsCommunity":false,"distanceToCommunityM":15}],"sourceDatasetId":"qndb-27qm","surface":"ASPHALT","operationalStatus":"OPEN","greenway":"NO","transCanadaTrail":"NO"},"geometry":{"type":"LineString","coordinates":[[-114.05224433383636,51.05063198937991],[-114.05204865867,51.05052747134144]]}},{"type":"Feature","id":"pathway-07807425a875","properties":{"id":"pathway-07807425a875","layer":"pathway","assetCode":"CRE495","name":null,"type":"REGIONAL","status":"ACTIVE","nearCommunities":[{"communityCode":"BRD","intersectsCommunity":false,"distanceToCommunityM":31}],"sourceDatasetId":"qndb-27qm","surface":"ASPHALT","operationalStatus":"OPEN","greenway":"NO","transCanadaTrail":"NO"},"geometry":{"type":"LineString","coordinates":[[-114.05246798901705,51.05068388216943],[-114.05224372915676,51.05063203190189]]}},{"type":"Feature","id":"pathway-b2f241285884","properties":{"id":"pathway-b2f241285884","layer":"pathway","assetCode":"BRD774","name":null,"type":"LOCAL","status":"ACTIVE","nearCommunities":[{"communityCode":"BRD","intersectsCommunity":true,"distanceToCommunityM":0}],"sourceDatasetId":"qndb-27qm","surface":"ASPHALT","operationalStatus":"OPEN","greenway":"NO","transCanadaTrail":"NO"},"geometry":{"type":"LineString","coordinates":[[-114.0414590330515,51.05142461422016],[-114.041406849853,51.05129949487084],[-114.04133926809183,51.05125022634092]]}},{"type":"Feature","id":"pathway-eb5e13d005d5","properties":{"id":"pathway-eb5e13d005d5","layer":"pathway","assetCode":"BRD774","name":null,"type":"REGIONAL","status":"ACTIVE","nearCommunities":[{"communityCode":"BRD","intersectsCommunity":true,"distanceToCommunityM":0}],"sourceDatasetId":"qndb-27qm","surface":"ASPHALT","operationalStatus":"OPEN","greenway":"NO","transCanadaTrail":"NO"},"geometry":{"type":"LineString","coordinates":[[-114.04351647537067,51.05139003351665],[-114.04316137088735,51.051319878132205]]}},{"type":"Feature","id":"pathway-770bf753bbae","properties":{"id":"pathway-770bf753bbae","layer":"pathway","assetCode":"BRD774","name":null,"type":"LOCAL","status":"ACTIVE","nearCommunities":[{"communityCode":"BRD","intersectsCommunity":true,"distanceToCommunityM":0}],"sourceDatasetId":"qndb-27qm","surface":"ASPHALT","operationalStatus":"OPEN","greenway":"NO","transCanadaTrail":"NO"},"geometry":{"type":"LineString","coordinates":[[-114.04324100163188,51.05154450547934],[-114.04316137088735,51.051319878132205]]}},{"type":"Feature","id":"pathway-392cb1b8b5b3","properties":{"id":"pathway-392cb1b8b5b3","layer":"pathway","assetCode":"RAM415","name":null,"type":"REGIONAL","status":"ACTIVE","nearCommunities":[{"communityCode":"BLN","intersectsCommunity":false,"distanceToCommunityM":5}],"sourceDatasetId":"qndb-27qm","surface":"ASPHALT","operationalStatus":"OPEN","greenway":"NO","transCanadaTrail":"YES"},"geometry":{"type":"LineString","coordinates":[[-114.04944909724853,51.03424079247963],[-114.04930772410935,51.03373203593647],[-114.04923963996914,51.03324360291821]]}},{"type":"Feature","id":"pathway-16efd8162ef6","properties":{"id":"pathway-16efd8162ef6","layer":"pathway","assetCode":"RAM415","name":null,"type":"REGIONAL","status":"ACTIVE","nearCommunities":[{"communityCode":"BLN","intersectsCommunity":false,"distanceToCommunityM":4}],"sourceDatasetId":"qndb-27qm","surface":"ASPHALT","operationalStatus":"OPEN","greenway":"NO","transCanadaTrail":"YES"},"geometry":{"type":"LineString","coordinates":[[-114.04923963996914,51.03324360291821],[-114.04918219828606,51.03294609329249],[-114.04917530411832,51.03263404571298],[-114.04941116830541,51.032268627849454]]}},{"type":"Feature","id":"pathway-779fb5c1f4eb","properties":{"id":"pathway-779fb5c1f4eb","layer":"pathway","assetCode":"HIL495","name":null,"type":"REGIONAL","status":"ACTIVE","nearCommunities":[{"communityCode":"HIL","intersectsCommunity":true,"distanceToCommunityM":0}],"sourceDatasetId":"qndb-27qm","surface":"ASPHALT","operationalStatus":"OPEN","greenway":"NO","transCanadaTrail":"NO"},"geometry":{"type":"LineString","coordinates":[[-114.09260793494866,51.049272528101966],[-114.09228265161958,51.049503240655305],[-114.09189000959256,51.050019610708404],[-114.09173210435242,51.05015499687315]]}},{"type":"Feature","id":"pathway-194db931f20c","properties":{"id":"pathway-194db931f20c","layer":"pathway","assetCode":"RAM415","name":null,"type":"REGIONAL","status":"ACTIVE","nearCommunities":[{"communityCode":"BLN","intersectsCommunity":false,"distanceToCommunityM":5}],"sourceDatasetId":"qndb-27qm","surface":"ASPHALT","operationalStatus":"OPEN","greenway":"NO","transCanadaTrail":"YES"},"geometry":{"type":"LineString","coordinates":[[-114.04941116830541,51.032268627849454],[-114.04951808027477,51.032003927859755],[-114.04998234988888,51.03133542921572]]}},{"type":"Feature","id":"pathway-8b02336839af","properties":{"id":"pathway-8b02336839af","layer":"pathway","assetCode":"BLN011","name":null,"type":"REGIONAL","status":"ACTIVE","nearCommunities":[{"communityCode":"BRD","intersectsCommunity":false,"distanceToCommunityM":261},{"communityCode":"BLN","intersectsCommunity":true,"distanceToCommunityM":0}],"sourceDatasetId":"qndb-27qm","surface":"ASPHALT","operationalStatus":"OPEN","greenway":"NO","transCanadaTrail":"NO"},"geometry":{"type":"LineString","coordinates":[[-114.04329605365682,51.04326925935566],[-114.04359207414605,51.04289455780634],[-114.04391932504353,51.04238432256507]]}},{"type":"Feature","id":"pathway-92d60e01c070","properties":{"id":"pathway-92d60e01c070","layer":"pathway","assetCode":"CRE495","name":null,"type":"REGIONAL","status":"ACTIVE","nearCommunities":[{"communityCode":"BRD","intersectsCommunity":false,"distanceToCommunityM":4}],"sourceDatasetId":"qndb-27qm","surface":"ASPHALT","operationalStatus":"OPEN","greenway":"NO","transCanadaTrail":"NO"},"geometry":{"type":"LineString","coordinates":[[-114.05204865867,51.05052747134144],[-114.05197378728889,51.05046042872433],[-114.05197144307073,51.05040991740093]]}},{"type":"Feature","id":"pathway-0851909ad31b","properties":{"id":"pathway-0851909ad31b","layer":"pathway","assetCode":"BRD494","name":null,"type":"REGIONAL","status":"ACTIVE","nearCommunities":[{"communityCode":"BRD","intersectsCommunity":true,"distanceToCommunityM":0}],"sourceDatasetId":"qndb-27qm","surface":"ASPHALT","operationalStatus":"OPEN","greenway":"NO","transCanadaTrail":"NO"},"geometry":{"type":"LineString","coordinates":[[-114.05160482909042,51.05074129096367],[-114.05138452197538,51.050403239525224]]}},{"type":"Feature","id":"pathway-a2e35b03d4f8","properties":{"id":"pathway-a2e35b03d4f8","layer":"pathway","assetCode":"SSD678","name":null,"type":"REGIONAL","status":"ACTIVE","nearCommunities":[{"communityCode":"SSD","intersectsCommunity":true,"distanceToCommunityM":0}],"sourceDatasetId":"qndb-27qm","surface":"CONCRETE","operationalStatus":"OPEN","greenway":"NO","transCanadaTrail":"NO"},"geometry":{"type":"LineString","coordinates":[[-114.07001551213543,51.05900451662833],[-114.0699872117309,51.0580261039874]]}},{"type":"Feature","id":"pathway-10da6edbedc4","properties":{"id":"pathway-10da6edbedc4","layer":"pathway","assetCode":"BRD774","name":null,"type":"LOCAL","status":"ACTIVE","nearCommunities":[{"communityCode":"BRD","intersectsCommunity":true,"distanceToCommunityM":0}],"sourceDatasetId":"qndb-27qm","surface":"ASPHALT","operationalStatus":"OPEN","greenway":"NO","transCanadaTrail":"NO"},"geometry":{"type":"LineString","coordinates":[[-114.04693433912844,51.051882255853016],[-114.04713821916798,51.05190765158187]]}},{"type":"Feature","id":"pathway-e8761dbe8268","properties":{"id":"pathway-e8761dbe8268","layer":"pathway","assetCode":"BRD852","name":null,"type":"LOCAL","status":"ACTIVE","nearCommunities":[{"communityCode":"BRD","intersectsCommunity":true,"distanceToCommunityM":0}],"sourceDatasetId":"qndb-27qm","surface":"CONCRETE","operationalStatus":"OPEN","greenway":"NO","transCanadaTrail":"NO"},"geometry":{"type":"LineString","coordinates":[[-114.03721633106096,51.05057715956802],[-114.03731743134225,51.050480915706466],[-114.03728883300424,51.050352019373854]]}},{"type":"Feature","id":"pathway-22e47277472a","properties":{"id":"pathway-22e47277472a","layer":"pathway","assetCode":"CRE496","name":null,"type":"LOCAL","status":"ACTIVE","nearCommunities":[{"communityCode":"SSD","intersectsCommunity":false,"distanceToCommunityM":363},{"communityCode":"BRD","intersectsCommunity":false,"distanceToCommunityM":353}],"sourceDatasetId":"qndb-27qm","surface":"ASPHALT","operationalStatus":"OPEN","greenway":"NO","transCanadaTrail":"NO"},"geometry":{"type":"LineString","coordinates":[[-114.0573440388201,51.05319930468328],[-114.0571342631989,51.05304927547339],[-114.0567592191468,51.05295410961488]]}},{"type":"Feature","id":"pathway-2e401525ef9d","properties":{"id":"pathway-2e401525ef9d","layer":"pathway","assetCode":"CRE496","name":null,"type":"LOCAL","status":"ACTIVE","nearCommunities":[{"communityCode":"BRD","intersectsCommunity":false,"distanceToCommunityM":310}],"sourceDatasetId":"qndb-27qm","surface":"ASPHALT","operationalStatus":"OPEN","greenway":"NO","transCanadaTrail":"NO"},"geometry":{"type":"LineString","coordinates":[[-114.05645151804758,51.05259925901962],[-114.05630467056125,51.05251266083969],[-114.05623365387082,51.052495243280056],[-114.0561385506678,51.052522137698766]]}},{"type":"Feature","id":"pathway-cc9cab4e63d4","properties":{"id":"pathway-cc9cab4e63d4","layer":"pathway","assetCode":"HIL495","name":null,"type":"REGIONAL","status":"ACTIVE","nearCommunities":[{"communityCode":"HIL","intersectsCommunity":true,"distanceToCommunityM":0},{"communityCode":"SSD","intersectsCommunity":false,"distanceToCommunityM":146}],"sourceDatasetId":"qndb-27qm","surface":"ASPHALT","operationalStatus":"OPEN","greenway":"NO","transCanadaTrail":"YES"},"geometry":{"type":"LineString","coordinates":[[-114.0878250708011,51.051083913587206],[-114.0877124203788,51.0510512971511],[-114.08741752892782,51.051049801932265]]}},{"type":"Feature","id":"pathway-2a792345b825","properties":{"id":"pathway-2a792345b825","layer":"pathway","assetCode":"SSD495","name":null,"type":"REGIONAL","status":"ACTIVE","nearCommunities":[{"communityCode":"HIL","intersectsCommunity":false,"distanceToCommunityM":374},{"communityCode":"SSD","intersectsCommunity":true,"distanceToCommunityM":0}],"sourceDatasetId":"qndb-27qm","surface":"ASPHALT","operationalStatus":"OPEN","greenway":"NO","transCanadaTrail":"YES"},"geometry":{"type":"LineString","coordinates":[[-114.07968868648165,51.05433180284771],[-114.0805753119942,51.053823898807074]]}},{"type":"Feature","id":"pathway-3424dab78318","properties":{"id":"pathway-3424dab78318","layer":"pathway","assetCode":"SSD495","name":null,"type":"REGIONAL","status":"ACTIVE","nearCommunities":[{"communityCode":"SSD","intersectsCommunity":true,"distanceToCommunityM":0}],"sourceDatasetId":"qndb-27qm","surface":"ASPHALT","operationalStatus":"OPEN","greenway":"NO","transCanadaTrail":"YES"},"geometry":{"type":"LineString","coordinates":[[-114.07173822438203,51.05743111811185],[-114.07128323976421,51.05744669695492],[-114.07066519626008,51.0574159381426]]}},{"type":"Feature","id":"pathway-4897695a819a","properties":{"id":"pathway-4897695a819a","layer":"pathway","assetCode":"HIL495","name":null,"type":"REGIONAL","status":"ACTIVE","nearCommunities":[{"communityCode":"HIL","intersectsCommunity":true,"distanceToCommunityM":0},{"communityCode":"SSD","intersectsCommunity":false,"distanceToCommunityM":164}],"sourceDatasetId":"qndb-27qm","surface":"ASPHALT","operationalStatus":"OPEN","greenway":"NO","transCanadaTrail":"NO"},"geometry":{"type":"LineString","coordinates":[[-114.0878250708011,51.051083913587206],[-114.0877810970961,51.051119736514686]]}},{"type":"Feature","id":"pathway-db4c0ca8e9cf","properties":{"id":"pathway-db4c0ca8e9cf","layer":"pathway","assetCode":"CRE495","name":null,"type":"LOCAL","status":"ACTIVE","nearCommunities":[{"communityCode":"BRD","intersectsCommunity":false,"distanceToCommunityM":17}],"sourceDatasetId":"qndb-27qm","surface":"ASPHALT","operationalStatus":"OPEN","greenway":"NO","transCanadaTrail":"NO"},"geometry":{"type":"LineString","coordinates":[[-114.05203303062345,51.05064774373637],[-114.05224360217358,51.05063198970694]]}},{"type":"Feature","id":"pathway-fdfae80dd0dc","properties":{"id":"pathway-fdfae80dd0dc","layer":"pathway","assetCode":"BRD099","name":null,"type":"REGIONAL","status":"ACTIVE","nearCommunities":[{"communityCode":"BRD","intersectsCommunity":true,"distanceToCommunityM":0}],"sourceDatasetId":"qndb-27qm","surface":"ASPHALT","operationalStatus":"OPEN","greenway":"NO","transCanadaTrail":"NO"},"geometry":{"type":"LineString","coordinates":[[-114.03307721154367,51.04740469352435],[-114.03214594783849,51.047403050234024]]}},{"type":"Feature","id":"pathway-d9e92726bd18","properties":{"id":"pathway-d9e92726bd18","layer":"pathway","assetCode":"SSD495","name":null,"type":"REGIONAL","status":"ACTIVE","nearCommunities":[{"communityCode":"SSD","intersectsCommunity":true,"distanceToCommunityM":0}],"sourceDatasetId":"qndb-27qm","surface":"ASPHALT","operationalStatus":"OPEN","greenway":"NO","transCanadaTrail":"NO"},"geometry":{"type":"LineString","coordinates":[[-114.06304147552027,51.05384638862265],[-114.06266952076714,51.05378599253183]]}},{"type":"Feature","id":"pathway-4b7b5b34f405","properties":{"id":"pathway-4b7b5b34f405","layer":"pathway","assetCode":"CRE495","name":null,"type":"LOCAL","status":"ACTIVE","nearCommunities":[{"communityCode":"BRD","intersectsCommunity":false,"distanceToCommunityM":15}],"sourceDatasetId":"qndb-27qm","surface":"ASPHALT","operationalStatus":"OPEN","greenway":"NO","transCanadaTrail":"NO"},"geometry":{"type":"LineString","coordinates":[[-114.05203303062345,51.05064774373637],[-114.0520485717681,51.05052755947945]]}},{"type":"Feature","id":"pathway-5acb1d95c723","properties":{"id":"pathway-5acb1d95c723","layer":"pathway","assetCode":"CRE495","name":null,"type":"LOCAL","status":"ACTIVE","nearCommunities":[{"communityCode":"BRD","intersectsCommunity":false,"distanceToCommunityM":15}],"sourceDatasetId":"qndb-27qm","surface":"ASPHALT","operationalStatus":"OPEN","greenway":"NO","transCanadaTrail":"NO"},"geometry":{"type":"LineString","coordinates":[[-114.05199249326627,51.05067392546981],[-114.05203303062345,51.05064774373637]]}},{"type":"Feature","id":"pathway-562696644a51","properties":{"id":"pathway-562696644a51","layer":"pathway","assetCode":"REN890","name":null,"type":"REGIONAL","status":"ACTIVE","nearCommunities":[{"communityCode":"BRD","intersectsCommunity":false,"distanceToCommunityM":232}],"sourceDatasetId":"qndb-27qm","surface":"ASPHALT","operationalStatus":"OPEN","greenway":"NO","transCanadaTrail":"NO"},"geometry":{"type":"LineString","coordinates":[[-114.0278975681447,51.05537254739267],[-114.02777935066953,51.05528477657877],[-114.02753638412376,51.055224491492574]]}},{"type":"Feature","id":"pathway-cde80e57aacc","properties":{"id":"pathway-cde80e57aacc","layer":"pathway","assetCode":null,"name":null,"type":"REGIONAL","status":"ACTIVE","nearCommunities":[{"communityCode":"BRD","intersectsCommunity":false,"distanceToCommunityM":253},{"communityCode":"BLN","intersectsCommunity":false,"distanceToCommunityM":3}],"sourceDatasetId":"qndb-27qm","surface":"ASPHALT","operationalStatus":"OPEN","greenway":"NO","transCanadaTrail":"YES"},"geometry":{"type":"LineString","coordinates":[[-114.04280625613394,51.04301359727559],[-114.04277105690221,51.04316579830344]]}},{"type":"Feature","id":"pathway-96cf2b4fe348","properties":{"id":"pathway-96cf2b4fe348","layer":"pathway","assetCode":null,"name":null,"type":"REGIONAL","status":"ACTIVE","nearCommunities":[{"communityCode":"BRD","intersectsCommunity":false,"distanceToCommunityM":269},{"communityCode":"BLN","intersectsCommunity":false,"distanceToCommunityM":7}],"sourceDatasetId":"qndb-27qm","surface":"ASPHALT","operationalStatus":"OPEN","greenway":"NO","transCanadaTrail":"NO"},"geometry":{"type":"LineString","coordinates":[[-114.04280625613394,51.04301359727559],[-114.04276319184237,51.04295605265752],[-114.04212484193187,51.04276874239001],[-114.04209113928194,51.04270208844327]]}},{"type":"Feature","id":"pathway-08cbbd22f85b","properties":{"id":"pathway-08cbbd22f85b","layer":"pathway","assetCode":"RAM415","name":null,"type":"REGIONAL","status":"ACTIVE","nearCommunities":[{"communityCode":"BRD","intersectsCommunity":false,"distanceToCommunityM":277},{"communityCode":"BLN","intersectsCommunity":false,"distanceToCommunityM":67}],"sourceDatasetId":"qndb-27qm","surface":"ASPHALT","operationalStatus":"OPEN","greenway":"NO","transCanadaTrail":"NO"},"geometry":{"type":"LineString","coordinates":[[-114.04200143799672,51.04268930224747],[-114.04209113928194,51.04270208844327]]}},{"type":"Feature","id":"pathway-2b0c082b58be","properties":{"id":"pathway-2b0c082b58be","layer":"pathway","assetCode":null,"name":null,"type":"REGIONAL","status":"ACTIVE","nearCommunities":[{"communityCode":"BLN","intersectsCommunity":false,"distanceToCommunityM":5}],"sourceDatasetId":"qndb-27qm","surface":"ASPHALT","operationalStatus":"OPEN","greenway":"NO","transCanadaTrail":"YES"},"geometry":{"type":"LineString","coordinates":[[-114.04441657998143,51.04116205705796],[-114.0442848791445,51.04126846283885]]}},{"type":"Feature","id":"pathway-ae6be028fc09","properties":{"id":"pathway-ae6be028fc09","layer":"pathway","assetCode":"ERL245","name":null,"type":"REGIONAL","status":"ACTIVE","nearCommunities":[{"communityCode":"BLN","intersectsCommunity":false,"distanceToCommunityM":13}],"sourceDatasetId":"qndb-27qm","surface":"ASPHALT","operationalStatus":"OPEN","greenway":"NO","transCanadaTrail":"NO"},"geometry":{"type":"LineString","coordinates":[[-114.05958015999194,51.034149286032246],[-114.05961971979013,51.03427027958415]]}},{"type":"Feature","id":"pathway-0caf455cf0d2","properties":{"id":"pathway-0caf455cf0d2","layer":"pathway","assetCode":"ERL245","name":null,"type":"LOCAL","status":"ACTIVE","nearCommunities":[{"communityCode":"BLN","intersectsCommunity":false,"distanceToCommunityM":8}],"sourceDatasetId":"qndb-27qm","surface":"ASPHALT","operationalStatus":"OPEN","greenway":"NO","transCanadaTrail":"NO"},"geometry":{"type":"LineString","coordinates":[[-114.06097022568636,51.03555061761752],[-114.06116236930256,51.035591518563514]]}},{"type":"Feature","id":"pathway-7957f37369c2","properties":{"id":"pathway-7957f37369c2","layer":"pathway","assetCode":"ERL245","name":null,"type":"REGIONAL","status":"ACTIVE","nearCommunities":[{"communityCode":"BLN","intersectsCommunity":false,"distanceToCommunityM":9}],"sourceDatasetId":"qndb-27qm","surface":"ASPHALT","operationalStatus":"OPEN","greenway":"NO","transCanadaTrail":"YES"},"geometry":{"type":"LineString","coordinates":[[-114.05961971979013,51.03427027958415],[-114.06015692871225,51.034858977646174],[-114.06025903636606,51.03493407215583]]}},{"type":"Feature","id":"pathway-507d9d800241","properties":{"id":"pathway-507d9d800241","layer":"pathway","assetCode":"ERL245","name":null,"type":"REGIONAL","status":"ACTIVE","nearCommunities":[{"communityCode":"BLN","intersectsCommunity":false,"distanceToCommunityM":3}],"sourceDatasetId":"qndb-27qm","surface":"ASPHALT","operationalStatus":"OPEN","greenway":"NO","transCanadaTrail":"YES"},"geometry":{"type":"LineString","coordinates":[[-114.0611381332558,51.03571350055153],[-114.06103822984178,51.03566790822374],[-114.06097080621832,51.03555079980656]]}},{"type":"Feature","id":"pathway-29032b5e3081","properties":{"id":"pathway-29032b5e3081","layer":"pathway","assetCode":"ERL245","name":null,"type":"REGIONAL","status":"ACTIVE","nearCommunities":[{"communityCode":"BLN","intersectsCommunity":false,"distanceToCommunityM":5}],"sourceDatasetId":"qndb-27qm","surface":"ASPHALT","operationalStatus":"OPEN","greenway":"NO","transCanadaTrail":"YES"},"geometry":{"type":"LineString","coordinates":[[-114.06025903636606,51.03493407215583],[-114.06036925660024,51.03501109248422],[-114.0605726398928,51.035284056267194],[-114.06078503686331,51.03545593426551],[-114.06097117070603,51.03555040946133]]}},{"type":"Feature","id":"pathway-18cd2ed5b8bf","properties":{"id":"pathway-18cd2ed5b8bf","layer":"pathway","assetCode":"ERL245","name":null,"type":"REGIONAL","status":"ACTIVE","nearCommunities":[{"communityCode":"BLN","intersectsCommunity":false,"distanceToCommunityM":2}],"sourceDatasetId":"qndb-27qm","surface":"ASPHALT","operationalStatus":"OPEN","greenway":"NO","transCanadaTrail":"YES"},"geometry":{"type":"LineString","coordinates":[[-114.05961971979013,51.03427027958415],[-114.05938156771309,51.03418402191704]]}},{"type":"Feature","id":"pathway-c4b10b3e46c7","properties":{"id":"pathway-c4b10b3e46c7","layer":"pathway","assetCode":"REN691","name":null,"type":"REGIONAL","status":"ACTIVE","nearCommunities":[{"communityCode":"BRD","intersectsCommunity":false,"distanceToCommunityM":124}],"sourceDatasetId":"qndb-27qm","surface":"ASPHALT","operationalStatus":"OPEN","greenway":"NO","transCanadaTrail":"YES"},"geometry":{"type":"LineString","coordinates":[[-114.02198730358016,51.05344854803537],[-114.0220143988826,51.05348919714464],[-114.02219761175526,51.05355901711094],[-114.02285386245497,51.05365221292028],[-114.0230571861218,51.05371702122894]]}},{"type":"Feature","id":"pathway-58380fa507f5","properties":{"id":"pathway-58380fa507f5","layer":"pathway","assetCode":"REN691","name":null,"type":"REGIONAL","status":"ACTIVE","nearCommunities":[{"communityCode":"BRD","intersectsCommunity":false,"distanceToCommunityM":154}],"sourceDatasetId":"qndb-27qm","surface":"ASPHALT","operationalStatus":"OPEN","greenway":"NO","transCanadaTrail":"YES"},"geometry":{"type":"LineString","coordinates":[[-114.0230571861218,51.05371702122894],[-114.02322073910662,51.0538006067255],[-114.0234025586555,51.05399781838385],[-114.02345984374365,51.05415051525291],[-114.02344122019514,51.05438001031989]]}},{"type":"Feature","id":"pathway-18e97f5298b4","properties":{"id":"pathway-18e97f5298b4","layer":"pathway","assetCode":"HIL056","name":null,"type":"LOCAL","status":"ACTIVE","nearCommunities":[{"communityCode":"HIL","intersectsCommunity":true,"distanceToCommunityM":0},{"communityCode":"SSD","intersectsCommunity":false,"distanceToCommunityM":204}],"sourceDatasetId":"qndb-27qm","surface":"ASPHALT","operationalStatus":"OPEN","greenway":"NO","transCanadaTrail":"NO"},"geometry":{"type":"LineString","coordinates":[[-114.08889114619991,51.05762466474475],[-114.08926962885215,51.057685639421514],[-114.09019926113886,51.0577028233872]]}},{"type":"Feature","id":"pathway-3bf3600b6fb0","properties":{"id":"pathway-3bf3600b6fb0","layer":"pathway","assetCode":"SNA178","name":null,"type":"REGIONAL","status":"ACTIVE","nearCommunities":[{"communityCode":"HIL","intersectsCommunity":false,"distanceToCommunityM":16},{"communityCode":"BLN","intersectsCommunity":false,"distanceToCommunityM":283}],"sourceDatasetId":"qndb-27qm","surface":"ASPHALT","operationalStatus":"OPEN","greenway":"NO","transCanadaTrail":"NO"},"geometry":{"type":"LineString","coordinates":[[-114.09526826441565,51.047398072866024],[-114.09470178188208,51.04739775651129]]}},{"type":"Feature","id":"pathway-2b147094fdba","properties":{"id":"pathway-2b147094fdba","layer":"pathway","assetCode":"SNA178","name":null,"type":"REGIONAL","status":"ACTIVE","nearCommunities":[{"communityCode":"HIL","intersectsCommunity":false,"distanceToCommunityM":30}],"sourceDatasetId":"qndb-27qm","surface":"ASPHALT","operationalStatus":"OPEN","greenway":"NO","transCanadaTrail":"NO"},"geometry":{"type":"LineString","coordinates":[[-114.09963309985297,51.04757973090501],[-114.10020492828568,51.04761764979299],[-114.10049268195043,51.047678495158806],[-114.1013957713707,51.04766629555529]]}},{"type":"Feature","id":"pathway-83a8d0912833","properties":{"id":"pathway-83a8d0912833","layer":"pathway","assetCode":"SNA178","name":null,"type":"REGIONAL","status":"ACTIVE","nearCommunities":[{"communityCode":"HIL","intersectsCommunity":false,"distanceToCommunityM":12},{"communityCode":"BLN","intersectsCommunity":false,"distanceToCommunityM":275}],"sourceDatasetId":"qndb-27qm","surface":"ASPHALT","operationalStatus":"OPEN","greenway":"NO","transCanadaTrail":"NO"},"geometry":{"type":"LineString","coordinates":[[-114.09607430199607,51.04738172871375],[-114.09528176173765,51.047305064888526]]}},{"type":"Feature","id":"pathway-56a6b632922b","properties":{"id":"pathway-56a6b632922b","layer":"pathway","assetCode":"SNA178","name":null,"type":"REGIONAL","status":"ACTIVE","nearCommunities":[{"communityCode":"HIL","intersectsCommunity":false,"distanceToCommunityM":10},{"communityCode":"BLN","intersectsCommunity":false,"distanceToCommunityM":285}],"sourceDatasetId":"qndb-27qm","surface":"ASPHALT","operationalStatus":"OPEN","greenway":"NO","transCanadaTrail":"NO"},"geometry":{"type":"LineString","coordinates":[[-114.09607430199607,51.04738172871375],[-114.09526826441565,51.047398072866024]]}},{"type":"Feature","id":"pathway-bd2c77830ad8","properties":{"id":"pathway-bd2c77830ad8","layer":"pathway","assetCode":"SNA178","name":null,"type":"REGIONAL","status":"ACTIVE","nearCommunities":[{"communityCode":"HIL","intersectsCommunity":false,"distanceToCommunityM":11},{"communityCode":"BLN","intersectsCommunity":false,"distanceToCommunityM":296}],"sourceDatasetId":"qndb-27qm","surface":"ASPHALT","operationalStatus":"OPEN","greenway":"NO","transCanadaTrail":"NO"},"geometry":{"type":"LineString","coordinates":[[-114.09607430199607,51.04738172871375],[-114.09785743263242,51.047479580554246]]}},{"type":"Feature","id":"pathway-0436a9e4cb70","properties":{"id":"pathway-0436a9e4cb70","layer":"pathway","assetCode":"SNA178","name":null,"type":"REGIONAL","status":"ACTIVE","nearCommunities":[{"communityCode":"HIL","intersectsCommunity":false,"distanceToCommunityM":10},{"communityCode":"BLN","intersectsCommunity":false,"distanceToCommunityM":365}],"sourceDatasetId":"qndb-27qm","surface":"ASPHALT","operationalStatus":"OPEN","greenway":"NO","transCanadaTrail":"NO"},"geometry":{"type":"LineString","coordinates":[[-114.09785743263242,51.047479580554246],[-114.09963309985297,51.04757973090501]]}},{"type":"Feature","id":"pathway-23dcc196f5b8","properties":{"id":"pathway-23dcc196f5b8","layer":"pathway","assetCode":"SNA178","name":null,"type":"REGIONAL","status":"ACTIVE","nearCommunities":[{"communityCode":"HIL","intersectsCommunity":false,"distanceToCommunityM":16},{"communityCode":"BLN","intersectsCommunity":false,"distanceToCommunityM":275}],"sourceDatasetId":"qndb-27qm","surface":"ASPHALT","operationalStatus":"OPEN","greenway":"NO","transCanadaTrail":"NO"},"geometry":{"type":"LineString","coordinates":[[-114.09526826441565,51.047398072866024],[-114.09528176173765,51.047305064888526]]}},{"type":"Feature","id":"pathway-59e58b2730da","properties":{"id":"pathway-59e58b2730da","layer":"pathway","assetCode":"SNA178","name":null,"type":"REGIONAL","status":"ACTIVE","nearCommunities":[{"communityCode":"HIL","intersectsCommunity":false,"distanceToCommunityM":26},{"communityCode":"BLN","intersectsCommunity":false,"distanceToCommunityM":260}],"sourceDatasetId":"qndb-27qm","surface":"ASPHALT","operationalStatus":"OPEN","greenway":"NO","transCanadaTrail":"NO"},"geometry":{"type":"LineString","coordinates":[[-114.09484858131846,51.04719136808409],[-114.09506253757016,51.04727766919055],[-114.09528176173765,51.047305064888526]]}},{"type":"Feature","id":"pathway-30aa32be50f4","properties":{"id":"pathway-30aa32be50f4","layer":"pathway","assetCode":"SNA178","name":null,"type":"REGIONAL","status":"ACTIVE","nearCommunities":[{"communityCode":"HIL","intersectsCommunity":false,"distanceToCommunityM":27}],"sourceDatasetId":"qndb-27qm","surface":"ASPHALT","operationalStatus":"OPEN","greenway":"NO","transCanadaTrail":"NO"},"geometry":{"type":"LineString","coordinates":[[-114.10495697019664,51.047766003456275],[-114.1043850560347,51.047720408187836],[-114.10380355082366,51.047716984974976],[-114.10315929566707,51.04761310906999]]}},{"type":"Feature","id":"pathway-ee3d71c5ca47","properties":{"id":"pathway-ee3d71c5ca47","layer":"pathway","assetCode":"HIL056","name":null,"type":"LOCAL","status":"ACTIVE","nearCommunities":[{"communityCode":"HIL","intersectsCommunity":true,"distanceToCommunityM":0},{"communityCode":"SSD","intersectsCommunity":false,"distanceToCommunityM":372}],"sourceDatasetId":"qndb-27qm","surface":"ASPHALT","operationalStatus":"OPEN","greenway":"NO","transCanadaTrail":"NO"},"geometry":{"type":"LineString","coordinates":[[-114.09144648187598,51.058040949959356],[-114.09132630263859,51.05834311810473],[-114.09131182700811,51.058659473857865],[-114.0913724266478,51.058766460733196],[-114.09154406581754,51.058912137796405]]}},{"type":"Feature","id":"pathway-e43e6e52ac9e","properties":{"id":"pathway-e43e6e52ac9e","layer":"pathway","assetCode":"HIL056","name":null,"type":"LOCAL","status":"ACTIVE","nearCommunities":[{"communityCode":"HIL","intersectsCommunity":true,"distanceToCommunityM":0},{"communityCode":"SSD","intersectsCommunity":false,"distanceToCommunityM":296}],"sourceDatasetId":"qndb-27qm","surface":"ASPHALT","operationalStatus":"OPEN","greenway":"NO","transCanadaTrail":"NO"},"geometry":{"type":"LineString","coordinates":[[-114.09019926113886,51.0577028233872],[-114.09053630066154,51.05770256282315],[-114.09089689678648,51.05765932831349],[-114.09107586864654,51.05768603588986],[-114.09149566731573,51.0576171614678]]}},{"type":"Feature","id":"pathway-9baff78c002c","properties":{"id":"pathway-9baff78c002c","layer":"pathway","assetCode":"HIL056","name":null,"type":"LOCAL","status":"ACTIVE","nearCommunities":[{"communityCode":"HIL","intersectsCommunity":true,"distanceToCommunityM":0},{"communityCode":"SSD","intersectsCommunity":false,"distanceToCommunityM":387}],"sourceDatasetId":"qndb-27qm","surface":"ASPHALT","operationalStatus":"OPEN","greenway":"NO","transCanadaTrail":"NO"},"geometry":{"type":"LineString","coordinates":[[-114.09158410795747,51.0575847211411],[-114.09149566731573,51.0576171614678]]}},{"type":"Feature","id":"pathway-bae5ce1cbde1","properties":{"id":"pathway-bae5ce1cbde1","layer":"pathway","assetCode":"HIL056","name":null,"type":"LOCAL","status":"ACTIVE","nearCommunities":[{"communityCode":"HIL","intersectsCommunity":true,"distanceToCommunityM":0},{"communityCode":"SSD","intersectsCommunity":false,"distanceToCommunityM":386}],"sourceDatasetId":"qndb-27qm","surface":"ASPHALT","operationalStatus":"OPEN","greenway":"NO","transCanadaTrail":"NO"},"geometry":{"type":"LineString","coordinates":[[-114.09149566731573,51.0576171614678],[-114.09149751479663,51.05775261705336]]}},{"type":"Feature","id":"pathway-07f254d00b36","properties":{"id":"pathway-07f254d00b36","layer":"pathway","assetCode":"ING678","name":null,"type":"REGIONAL","status":"ACTIVE","nearCommunities":[{"communityCode":"BRD","intersectsCommunity":false,"distanceToCommunityM":36}],"sourceDatasetId":"qndb-27qm","surface":"ASPHALT","operationalStatus":"OPEN","greenway":"NO","transCanadaTrail":"YES"},"geometry":{"type":"LineString","coordinates":[[-114.02501963898155,51.04199616306423],[-114.0250180078636,51.0411148724148],[-114.02506139630266,51.041055949764555]]}},{"type":"Feature","id":"pathway-918d2238902b","properties":{"id":"pathway-918d2238902b","layer":"pathway","assetCode":"HIL056","name":null,"type":"LOCAL","status":"ACTIVE","nearCommunities":[{"communityCode":"HIL","intersectsCommunity":true,"distanceToCommunityM":0},{"communityCode":"SSD","intersectsCommunity":false,"distanceToCommunityM":12}],"sourceDatasetId":"qndb-27qm","surface":"ASPHALT","operationalStatus":"OPEN","greenway":"NO","transCanadaTrail":"NO"},"geometry":{"type":"LineString","coordinates":[[-114.08614384476147,51.05761475187818],[-114.08635808075377,51.0578381401441]]}},{"type":"Feature","id":"pathway-314c1ce37b67","properties":{"id":"pathway-314c1ce37b67","layer":"pathway","assetCode":"HIL056","name":null,"type":"LOCAL","status":"ACTIVE","nearCommunities":[{"communityCode":"HIL","intersectsCommunity":true,"distanceToCommunityM":0},{"communityCode":"SSD","intersectsCommunity":false,"distanceToCommunityM":8}],"sourceDatasetId":"qndb-27qm","surface":"ASPHALT","operationalStatus":"OPEN","greenway":"NO","transCanadaTrail":"NO"},"geometry":{"type":"LineString","coordinates":[[-114.08644857930867,51.05835790528865],[-114.08609916931688,51.0583553440031]]}},{"type":"Feature","id":"pathway-7beef7362c2c","properties":{"id":"pathway-7beef7362c2c","layer":"pathway","assetCode":"HIL056","name":null,"type":"LOCAL","status":"ACTIVE","nearCommunities":[{"communityCode":"HIL","intersectsCommunity":true,"distanceToCommunityM":0},{"communityCode":"SSD","intersectsCommunity":false,"distanceToCommunityM":12}],"sourceDatasetId":"qndb-27qm","surface":"ASPHALT","operationalStatus":"OPEN","greenway":"NO","transCanadaTrail":"NO"},"geometry":{"type":"LineString","coordinates":[[-114.08654035995012,51.05772550085018],[-114.08614384335169,51.05761476086894]]}},{"type":"Feature","id":"pathway-82b5675f58e4","properties":{"id":"pathway-82b5675f58e4","layer":"pathway","assetCode":"SNA178","name":null,"type":"REGIONAL","status":"ACTIVE","nearCommunities":[{"communityCode":"HIL","intersectsCommunity":false,"distanceToCommunityM":250}],"sourceDatasetId":"qndb-27qm","surface":"ASPHALT","operationalStatus":"OPEN","greenway":"NO","transCanadaTrail":"NO"},"geometry":{"type":"LineString","coordinates":[[-114.10859136617059,51.04788942418653],[-114.10748876878635,51.0479466588622],[-114.10676945742374,51.047890423041856]]}},{"type":"Feature","id":"pathway-21b4c7819fea","properties":{"id":"pathway-21b4c7819fea","layer":"pathway","assetCode":"SNA178","name":null,"type":"REGIONAL","status":"ACTIVE","nearCommunities":[{"communityCode":"HIL","intersectsCommunity":false,"distanceToCommunityM":29}],"sourceDatasetId":"qndb-27qm","surface":"ASPHALT","operationalStatus":"OPEN","greenway":"NO","transCanadaTrail":"NO"},"geometry":{"type":"LineString","coordinates":[[-114.10315929566707,51.04761310906999],[-114.1032373477676,51.047565745177195],[-114.10360941047223,51.04757920979981],[-114.10384690520948,51.04753170225532],[-114.10443096257646,51.04728090593581],[-114.10446216876602,51.04725526090862],[-114.10444334429884,51.047225717693706]]}},{"type":"Feature","id":"pathway-308ce8c3573d","properties":{"id":"pathway-308ce8c3573d","layer":"pathway","assetCode":"SNA178","name":null,"type":"REGIONAL","status":"ACTIVE","nearCommunities":[{"communityCode":"HIL","intersectsCommunity":false,"distanceToCommunityM":29}],"sourceDatasetId":"qndb-27qm","surface":"ASPHALT","operationalStatus":"OPEN","greenway":"NO","transCanadaTrail":"NO"},"geometry":{"type":"LineString","coordinates":[[-114.1013957713707,51.04766629555529],[-114.10198698196606,51.04763975680689],[-114.1022776298609,51.04759417840754],[-114.10315929566707,51.04761310906999]]}},{"type":"Feature","id":"pathway-f671a18c2bab","properties":{"id":"pathway-f671a18c2bab","layer":"pathway","assetCode":"SNA178","name":null,"type":"REGIONAL","status":"ACTIVE","nearCommunities":[{"communityCode":"HIL","intersectsCommunity":false,"distanceToCommunityM":378}],"sourceDatasetId":"qndb-27qm","surface":"ASPHALT","operationalStatus":"OPEN","greenway":"NO","transCanadaTrail":"NO"},"geometry":{"type":"LineString","coordinates":[[-114.10890843930757,51.047834722555876],[-114.10859136617059,51.04788942418653]]}},{"type":"Feature","id":"pathway-4c5f36c791da","properties":{"id":"pathway-4c5f36c791da","layer":"pathway","assetCode":"SNA178","name":null,"type":"REGIONAL","status":"ACTIVE","nearCommunities":[{"communityCode":"HIL","intersectsCommunity":false,"distanceToCommunityM":124}],"sourceDatasetId":"qndb-27qm","surface":"ASPHALT","operationalStatus":"OPEN","greenway":"NO","transCanadaTrail":"NO"},"geometry":{"type":"LineString","coordinates":[[-114.10676945742374,51.047890423041856],[-114.10571095064277,51.047865046160936],[-114.10495697019664,51.047766003456275]]}},{"type":"Feature","id":"pathway-b4b193d1f3af","properties":{"id":"pathway-b4b193d1f3af","layer":"pathway","assetCode":"SNA809","name":null,"type":"REGIONAL","status":"ACTIVE","nearCommunities":[{"communityCode":"HIL","intersectsCommunity":false,"distanceToCommunityM":167}],"sourceDatasetId":"qndb-27qm","surface":"ASPHALT","operationalStatus":"OPEN","greenway":"NO","transCanadaTrail":"NO"},"geometry":{"type":"LineString","coordinates":[[-114.1049429377335,51.04685189244051],[-114.10628598741161,51.0462906391361]]}},{"type":"Feature","id":"pathway-47a1a5b22216","properties":{"id":"pathway-47a1a5b22216","layer":"pathway","assetCode":"SNA809","name":null,"type":"REGIONAL","status":"ACTIVE","nearCommunities":[{"communityCode":"HIL","intersectsCommunity":false,"distanceToCommunityM":115}],"sourceDatasetId":"qndb-27qm","surface":"ASPHALT","operationalStatus":"OPEN","greenway":"NO","transCanadaTrail":"NO"},"geometry":{"type":"LineString","coordinates":[[-114.1043553450202,51.0471409691808],[-114.10434534935166,51.047105479449336],[-114.10438856764424,51.04708229948897],[-114.10483892168394,51.046894239328644]]}},{"type":"Feature","id":"pathway-d9bec538685f","properties":{"id":"pathway-d9bec538685f","layer":"pathway","assetCode":"SNA809","name":null,"type":"REGIONAL","status":"ACTIVE","nearCommunities":[{"communityCode":"HIL","intersectsCommunity":false,"distanceToCommunityM":279}],"sourceDatasetId":"qndb-27qm","surface":"ASPHALT","operationalStatus":"OPEN","greenway":"NO","transCanadaTrail":"NO"},"geometry":{"type":"LineString","coordinates":[[-114.10628598741161,51.0462906391361],[-114.10715954715056,51.04592830405197],[-114.10730325475032,51.04581266310839],[-114.10733461833995,51.04561063856504]]}},{"type":"Feature","id":"pathway-0a75d4f669b0","properties":{"id":"pathway-0a75d4f669b0","layer":"pathway","assetCode":"DNW133","name":null,"type":"REGIONAL","status":"ACTIVE","nearCommunities":[{"communityCode":"HIL","intersectsCommunity":false,"distanceToCommunityM":19},{"communityCode":"BLN","intersectsCommunity":false,"distanceToCommunityM":276}],"sourceDatasetId":"qndb-27qm","surface":"ASPHALT","operationalStatus":"OPEN","greenway":"NO","transCanadaTrail":"NO"},"geometry":{"type":"LineString","coordinates":[[-114.09454262750775,51.047399427094696],[-114.0941307505352,51.04732384483958]]}},{"type":"Feature","id":"pathway-732d5c9beb92","properties":{"id":"pathway-732d5c9beb92","layer":"pathway","assetCode":"DNW133","name":null,"type":"REGIONAL","status":"ACTIVE","nearCommunities":[{"communityCode":"HIL","intersectsCommunity":false,"distanceToCommunityM":30},{"communityCode":"BLN","intersectsCommunity":false,"distanceToCommunityM":272}],"sourceDatasetId":"qndb-27qm","surface":"ASPHALT","operationalStatus":"OPEN","greenway":"NO","transCanadaTrail":"NO"},"geometry":{"type":"LineString","coordinates":[[-114.0941307505352,51.04732384483958],[-114.0939642311861,51.04728292272354]]}},{"type":"Feature","id":"pathway-2795b1dede47","properties":{"id":"pathway-2795b1dede47","layer":"pathway","assetCode":null,"name":null,"type":"REGIONAL","status":"ACTIVE","nearCommunities":[{"communityCode":"HIL","intersectsCommunity":false,"distanceToCommunityM":18},{"communityCode":"BLN","intersectsCommunity":false,"distanceToCommunityM":283}],"sourceDatasetId":"qndb-27qm","surface":"ASPHALT","operationalStatus":"OPEN","greenway":"NO","transCanadaTrail":"NO"},"geometry":{"type":"LineString","coordinates":[[-114.09470178188208,51.04739775651129],[-114.09454262750775,51.047399427094696]]}},{"type":"Feature","id":"pathway-80da556b3b89","properties":{"id":"pathway-80da556b3b89","layer":"pathway","assetCode":"BRD899","name":null,"type":"LOCAL","status":"ACTIVE","nearCommunities":[{"communityCode":"BRD","intersectsCommunity":true,"distanceToCommunityM":0}],"sourceDatasetId":"qndb-27qm","surface":"ASPHALT","operationalStatus":"OPEN","greenway":"NO","transCanadaTrail":"NO"},"geometry":{"type":"LineString","coordinates":[[-114.04856151803229,51.05061835967791],[-114.04829975490522,51.05046442560945],[-114.04837613476413,51.050611387708265],[-114.0483883118836,51.05070842674421]]}},{"type":"Feature","id":"amenity-6049d775e17e","properties":{"id":"amenity-6049d775e17e","layer":"amenity","assetCode":"RAM023","name":null,"type":"BIKE STAND","status":"ACTIVE","nearCommunities":[{"communityCode":"BLN","intersectsCommunity":false,"distanceToCommunityM":203}],"sourceDatasetId":"7v8c-cjjm","style":"NOT APPLICABLE"},"geometry":{"type":"Point","coordinates":[-114.04678045047214,51.034967854759586]}},{"type":"Feature","id":"amenity-05495f09f07c","properties":{"id":"amenity-05495f09f07c","layer":"amenity","assetCode":"DNE678","name":null,"type":"BIKE STAND","status":"ACTIVE","nearCommunities":[{"communityCode":"BRD","intersectsCommunity":false,"distanceToCommunityM":57}],"sourceDatasetId":"7v8c-cjjm","style":"NOT APPLICABLE"},"geometry":{"type":"Point","coordinates":[-114.05146828647642,51.04868933651288]}},{"type":"Feature","id":"amenity-545ae3f6de1b","properties":{"id":"amenity-545ae3f6de1b","layer":"amenity","assetCode":"DNE200","name":null,"type":"BIKE STAND","status":"ACTIVE","nearCommunities":[{"communityCode":"BRD","intersectsCommunity":false,"distanceToCommunityM":204},{"communityCode":"BLN","intersectsCommunity":false,"distanceToCommunityM":122}],"sourceDatasetId":"7v8c-cjjm","style":"UPRIGHT"},"geometry":{"type":"Point","coordinates":[-114.04459459997389,51.04452900069366]}},{"type":"Feature","id":"amenity-cd055d746788","properties":{"id":"amenity-cd055d746788","layer":"amenity","assetCode":"BRD774","name":null,"type":"BIKE STAND","status":"ACTIVE","nearCommunities":[{"communityCode":"BRD","intersectsCommunity":true,"distanceToCommunityM":0}],"sourceDatasetId":"7v8c-cjjm","style":"UPRIGHT"},"geometry":{"type":"Point","coordinates":[-114.0405603332842,51.05116058671738]}},{"type":"Feature","id":"amenity-16e822b28132","properties":{"id":"amenity-16e822b28132","layer":"amenity","assetCode":"ERL246","name":null,"type":"FLAG POLE","status":"ACTIVE","nearCommunities":[{"communityCode":"BLN","intersectsCommunity":false,"distanceToCommunityM":258}],"sourceDatasetId":"7v8c-cjjm","style":"NOT APPLICABLE"},"geometry":{"type":"Point","coordinates":[-114.06327411642319,51.033808251975884]}},{"type":"Feature","id":"amenity-408175a40c92","properties":{"id":"amenity-408175a40c92","layer":"amenity","assetCode":"RAM415","name":null,"type":"DOG BAG DISPENSER","status":"ACTIVE","nearCommunities":[{"communityCode":"BLN","intersectsCommunity":false,"distanceToCommunityM":104}],"sourceDatasetId":"7v8c-cjjm","style":"NOT APPLICABLE"},"geometry":{"type":"Point","coordinates":[-114.04818789995365,51.03569540128342]}},{"type":"Feature","id":"amenity-5d0b082d7748","properties":{"id":"amenity-5d0b082d7748","layer":"amenity","assetCode":"RAM415","name":null,"type":"DOG BAG DISPENSER","status":"ACTIVE","nearCommunities":[{"communityCode":"BLN","intersectsCommunity":false,"distanceToCommunityM":157}],"sourceDatasetId":"7v8c-cjjm","style":"NOT APPLICABLE"},"geometry":{"type":"Point","coordinates":[-114.04598189938974,51.03826000097757]}},{"type":"Feature","id":"amenity-0b338d3c50f8","properties":{"id":"amenity-0b338d3c50f8","layer":"amenity","assetCode":"BRD771","name":null,"type":"LITTLE LIBRARY","status":"ACTIVE","nearCommunities":[{"communityCode":"BRD","intersectsCommunity":true,"distanceToCommunityM":0}],"sourceDatasetId":"7v8c-cjjm","style":"NOT APPLICABLE"},"geometry":{"type":"Point","coordinates":[-114.04084328280157,51.05315122347753]}},{"type":"Feature","id":"amenity-5006137ed10e","properties":{"id":"amenity-5006137ed10e","layer":"amenity","assetCode":"ERL246","name":null,"type":"ELECTRIC PLUG IN","status":"ACTIVE","nearCommunities":[{"communityCode":"BLN","intersectsCommunity":false,"distanceToCommunityM":185}],"sourceDatasetId":"7v8c-cjjm","style":"NOT APPLICABLE"},"geometry":{"type":"Point","coordinates":[-114.06249635312061,51.03424679316807]}},{"type":"Feature","id":"amenity-4895f29b9085","properties":{"id":"amenity-4895f29b9085","layer":"amenity","assetCode":"BRD774","name":null,"type":"BIKE STAND","status":"ACTIVE","nearCommunities":[{"communityCode":"BRD","intersectsCommunity":true,"distanceToCommunityM":0}],"sourceDatasetId":"7v8c-cjjm","style":"UPRIGHT"},"geometry":{"type":"Point","coordinates":[-114.04373794175453,51.052336303443305]}},{"type":"Feature","id":"amenity-6c08acb94e20","properties":{"id":"amenity-6c08acb94e20","layer":"amenity","assetCode":"ERL246","name":null,"type":"FLAG POLE","status":"ACTIVE","nearCommunities":[{"communityCode":"BLN","intersectsCommunity":false,"distanceToCommunityM":121}],"sourceDatasetId":"7v8c-cjjm","style":"NOT APPLICABLE"},"geometry":{"type":"Point","coordinates":[-114.0619038774569,51.03468736711673]}},{"type":"Feature","id":"amenity-1c8290353715","properties":{"id":"amenity-1c8290353715","layer":"amenity","assetCode":"DNE116","name":null,"type":"DOG BAG DISPENSER","status":"ACTIVE","nearCommunities":[{"communityCode":"BRD","intersectsCommunity":false,"distanceToCommunityM":92},{"communityCode":"BLN","intersectsCommunity":false,"distanceToCommunityM":351}],"sourceDatasetId":"7v8c-cjjm","style":"NOT APPLICABLE"},"geometry":{"type":"Point","coordinates":[-114.04755835953083,51.04667426395508]}},{"type":"Feature","id":"amenity-c8ee8b7a88dc","properties":{"id":"amenity-c8ee8b7a88dc","layer":"amenity","assetCode":"BRD774","name":null,"type":"BIKE STAND","status":"ACTIVE","nearCommunities":[{"communityCode":"BRD","intersectsCommunity":true,"distanceToCommunityM":0}],"sourceDatasetId":"7v8c-cjjm","style":"UPRIGHT"},"geometry":{"type":"Point","coordinates":[-114.04116728781972,51.052287818797716]}},{"type":"Feature","id":"amenity-ae2f6d1f2b36","properties":{"id":"amenity-ae2f6d1f2b36","layer":"amenity","assetCode":"BRD774","name":null,"type":"BIKE STAND","status":"ACTIVE","nearCommunities":[{"communityCode":"BRD","intersectsCommunity":true,"distanceToCommunityM":0}],"sourceDatasetId":"7v8c-cjjm","style":"UPRIGHT"},"geometry":{"type":"Point","coordinates":[-114.04421009953131,51.05178899513307]}},{"type":"Feature","id":"amenity-8886503130b0","properties":{"id":"amenity-8886503130b0","layer":"amenity","assetCode":"BRD774","name":null,"type":"BIKE STAND","status":"ACTIVE","nearCommunities":[{"communityCode":"BRD","intersectsCommunity":true,"distanceToCommunityM":0}],"sourceDatasetId":"7v8c-cjjm","style":"UPRIGHT"},"geometry":{"type":"Point","coordinates":[-114.04422241905613,51.051788283880555]}},{"type":"Feature","id":"amenity-eccb6cb05b8b","properties":{"id":"amenity-eccb6cb05b8b","layer":"amenity","assetCode":"BRD899","name":null,"type":"OTHER EQUIPMENT","status":"ACTIVE","nearCommunities":[{"communityCode":"BRD","intersectsCommunity":true,"distanceToCommunityM":0}],"sourceDatasetId":"7v8c-cjjm","style":"NOT APPLICABLE"},"geometry":{"type":"Point","coordinates":[-114.04941045247797,51.05078730287837]}},{"type":"Feature","id":"amenity-ba55aa0b3611","properties":{"id":"amenity-ba55aa0b3611","layer":"amenity","assetCode":"BRD771","name":null,"type":"BIKE STAND","status":"ACTIVE","nearCommunities":[{"communityCode":"BRD","intersectsCommunity":true,"distanceToCommunityM":0}],"sourceDatasetId":"7v8c-cjjm","style":"UPRIGHT"},"geometry":{"type":"Point","coordinates":[-114.04077046252257,51.05318272011356]}},{"type":"Feature","id":"amenity-6ba887b5dcf8","properties":{"id":"amenity-6ba887b5dcf8","layer":"amenity","assetCode":"BRD852","name":null,"type":"LITTLE LIBRARY","status":"ACTIVE","nearCommunities":[{"communityCode":"BRD","intersectsCommunity":true,"distanceToCommunityM":0}],"sourceDatasetId":"7v8c-cjjm","style":"NOT APPLICABLE"},"geometry":{"type":"Point","coordinates":[-114.0369729914685,51.05060601290242]}},{"type":"Feature","id":"amenity-0edcd78a388f","properties":{"id":"amenity-0edcd78a388f","layer":"amenity","assetCode":"BRD771","name":null,"type":"BIKE STAND","status":"ACTIVE","nearCommunities":[{"communityCode":"BRD","intersectsCommunity":true,"distanceToCommunityM":0}],"sourceDatasetId":"7v8c-cjjm","style":"UPRIGHT"},"geometry":{"type":"Point","coordinates":[-114.04129758836027,51.053182620464206]}},{"type":"Feature","id":"amenity-c3d7aafe4d10","properties":{"id":"amenity-c3d7aafe4d10","layer":"amenity","assetCode":"BRD774","name":null,"type":"BIKE STAND","status":"ACTIVE","nearCommunities":[{"communityCode":"BRD","intersectsCommunity":true,"distanceToCommunityM":0}],"sourceDatasetId":"7v8c-cjjm","style":"NOT APPLICABLE"},"geometry":{"type":"Point","coordinates":[-114.0413980405771,51.05137553846486]}},{"type":"Feature","id":"amenity-ef67f470d213","properties":{"id":"amenity-ef67f470d213","layer":"amenity","assetCode":"DNE200","name":null,"type":"BIKE STAND","status":"ACTIVE","nearCommunities":[{"communityCode":"BRD","intersectsCommunity":false,"distanceToCommunityM":197},{"communityCode":"BLN","intersectsCommunity":false,"distanceToCommunityM":127}],"sourceDatasetId":"7v8c-cjjm","style":"UPRIGHT"},"geometry":{"type":"Point","coordinates":[-114.0445164136336,51.04456775018194]}},{"type":"Feature","id":"amenity-573fd43bef1b","properties":{"id":"amenity-573fd43bef1b","layer":"amenity","assetCode":"ERL246","name":null,"type":"FLAG POLE","status":"ACTIVE","nearCommunities":[{"communityCode":"BLN","intersectsCommunity":false,"distanceToCommunityM":145}],"sourceDatasetId":"7v8c-cjjm","style":"NOT APPLICABLE"},"geometry":{"type":"Point","coordinates":[-114.06217377985722,51.034557330948566]}},{"type":"Feature","id":"amenity-78239f5889d1","properties":{"id":"amenity-78239f5889d1","layer":"amenity","assetCode":"BRD899","name":null,"type":"BIKE STAND","status":"ACTIVE","nearCommunities":[{"communityCode":"BRD","intersectsCommunity":true,"distanceToCommunityM":0}],"sourceDatasetId":"7v8c-cjjm","style":"NOT APPLICABLE"},"geometry":{"type":"Point","coordinates":[-114.04843117605284,51.05075469438546]}},{"type":"Feature","id":"amenity-3795d804f3f0","properties":{"id":"amenity-3795d804f3f0","layer":"amenity","assetCode":"ERL246","name":null,"type":"FLAG POLE","status":"ACTIVE","nearCommunities":[{"communityCode":"BLN","intersectsCommunity":false,"distanceToCommunityM":256}],"sourceDatasetId":"7v8c-cjjm","style":"NOT APPLICABLE"},"geometry":{"type":"Point","coordinates":[-114.06327448063676,51.03383804651064]}},{"type":"Feature","id":"amenity-b801093d7550","properties":{"id":"amenity-b801093d7550","layer":"amenity","assetCode":"CHN114","name":null,"type":"BIKE STAND","status":"ACTIVE","nearCommunities":[{"communityCode":"SSD","intersectsCommunity":false,"distanceToCommunityM":101}],"sourceDatasetId":"7v8c-cjjm","style":"SPIRAL"},"geometry":{"type":"Point","coordinates":[-114.06138881807769,51.051883132784]}},{"type":"Feature","id":"amenity-461dbe753da7","properties":{"id":"amenity-461dbe753da7","layer":"amenity","assetCode":"ERL246","name":null,"type":"FLAG POLE","status":"ACTIVE","nearCommunities":[{"communityCode":"BLN","intersectsCommunity":false,"distanceToCommunityM":103}],"sourceDatasetId":"7v8c-cjjm","style":"NOT APPLICABLE"},"geometry":{"type":"Point","coordinates":[-114.06165216583523,51.03475478844812]}},{"type":"Feature","id":"amenity-e78ded032411","properties":{"id":"amenity-e78ded032411","layer":"amenity","assetCode":"DNE678","name":null,"type":"BIKE STAND","status":"ACTIVE","nearCommunities":[{"communityCode":"BRD","intersectsCommunity":false,"distanceToCommunityM":55}],"sourceDatasetId":"7v8c-cjjm","style":"NOT APPLICABLE"},"geometry":{"type":"Point","coordinates":[-114.05145246546867,51.04869932297513]}},{"type":"Feature","id":"amenity-5d9f2cbd3dcb","properties":{"id":"amenity-5d9f2cbd3dcb","layer":"amenity","assetCode":"BRD899","name":null,"type":"OTHER EQUIPMENT","status":"ACTIVE","nearCommunities":[{"communityCode":"BRD","intersectsCommunity":true,"distanceToCommunityM":0}],"sourceDatasetId":"7v8c-cjjm","style":"NOT APPLICABLE"},"geometry":{"type":"Point","coordinates":[-114.04932691306776,51.05087750419879]}},{"type":"Feature","id":"amenity-233485087c9f","properties":{"id":"amenity-233485087c9f","layer":"amenity","assetCode":"MNI211","name":null,"type":"ELECTRIC PLUG IN","status":"ACTIVE","nearCommunities":[{"communityCode":"BLN","intersectsCommunity":false,"distanceToCommunityM":213}],"sourceDatasetId":"7v8c-cjjm","style":"NOT APPLICABLE"},"geometry":{"type":"Point","coordinates":[-114.05665824780655,51.029960668896116]}},{"type":"Feature","id":"amenity-c03d97389455","properties":{"id":"amenity-c03d97389455","layer":"amenity","assetCode":"DNE200","name":null,"type":"BIKE STAND","status":"ACTIVE","nearCommunities":[{"communityCode":"BRD","intersectsCommunity":false,"distanceToCommunityM":285},{"communityCode":"BLN","intersectsCommunity":false,"distanceToCommunityM":145}],"sourceDatasetId":"7v8c-cjjm","style":"UPRIGHT"},"geometry":{"type":"Point","coordinates":[-114.04820130029911,51.04484310139126]}},{"type":"Feature","id":"amenity-55bfd6aa9463","properties":{"id":"amenity-55bfd6aa9463","layer":"amenity","assetCode":"MIS678","name":null,"type":"BIKE STAND","status":"ACTIVE","nearCommunities":[{"communityCode":"BLN","intersectsCommunity":false,"distanceToCommunityM":19}],"sourceDatasetId":"7v8c-cjjm","style":"NOT APPLICABLE"},"geometry":{"type":"Point","coordinates":[-114.06146843219312,51.03687087680998]}},{"type":"Feature","id":"amenity-f1814cf76dc6","properties":{"id":"amenity-f1814cf76dc6","layer":"amenity","assetCode":"ERL246","name":null,"type":"FLAG POLE","status":"ACTIVE","nearCommunities":[{"communityCode":"BLN","intersectsCommunity":false,"distanceToCommunityM":114}],"sourceDatasetId":"7v8c-cjjm","style":"NOT APPLICABLE"},"geometry":{"type":"Point","coordinates":[-114.0616496848,51.0346278275225]}},{"type":"Feature","id":"amenity-6dc63ca72b69","properties":{"id":"amenity-6dc63ca72b69","layer":"amenity","assetCode":"ERL246","name":null,"type":"ELECTRIC PLUG IN","status":"ACTIVE","nearCommunities":[{"communityCode":"BLN","intersectsCommunity":false,"distanceToCommunityM":143}],"sourceDatasetId":"7v8c-cjjm","style":"NOT APPLICABLE"},"geometry":{"type":"Point","coordinates":[-114.06243749581756,51.03471479145795]}},{"type":"Feature","id":"amenity-8f71d54d539f","properties":{"id":"amenity-8f71d54d539f","layer":"amenity","assetCode":"BRD852","name":null,"type":"BBQ","status":"ACTIVE","nearCommunities":[{"communityCode":"BRD","intersectsCommunity":true,"distanceToCommunityM":0}],"sourceDatasetId":"7v8c-cjjm","style":"NOT APPLICABLE"},"geometry":{"type":"Point","coordinates":[-114.03720530052777,51.05047216219878]}},{"type":"Feature","id":"amenity-ff5828aac863","properties":{"id":"amenity-ff5828aac863","layer":"amenity","assetCode":"BRD771","name":null,"type":"LITTLE LIBRARY","status":"ACTIVE","nearCommunities":[{"communityCode":"BRD","intersectsCommunity":true,"distanceToCommunityM":0}],"sourceDatasetId":"7v8c-cjjm","style":"NOT APPLICABLE"},"geometry":{"type":"Point","coordinates":[-114.04089283733204,51.053149432479515]}},{"type":"Feature","id":"amenity-367fa1f8841c","properties":{"id":"amenity-367fa1f8841c","layer":"amenity","assetCode":"DNE200","name":null,"type":"BIKE STAND","status":"ACTIVE","nearCommunities":[{"communityCode":"BRD","intersectsCommunity":false,"distanceToCommunityM":283},{"communityCode":"BLN","intersectsCommunity":false,"distanceToCommunityM":148}],"sourceDatasetId":"7v8c-cjjm","style":"UPRIGHT"},"geometry":{"type":"Point","coordinates":[-114.04819840003125,51.04486680132278]}},{"type":"Feature","id":"amenity-287174adf6ae","properties":{"id":"amenity-287174adf6ae","layer":"amenity","assetCode":"DNE678","name":null,"type":"BIKE STAND","status":"ACTIVE","nearCommunities":[{"communityCode":"BRD","intersectsCommunity":false,"distanceToCommunityM":61}],"sourceDatasetId":"7v8c-cjjm","style":"NOT APPLICABLE"},"geometry":{"type":"Point","coordinates":[-114.05151399283018,51.04866233550779]}},{"type":"Feature","id":"amenity-c0940e2d663c","properties":{"id":"amenity-c0940e2d663c","layer":"amenity","assetCode":"CRE495","name":null,"type":"BIKE STAND","status":"ACTIVE","nearCommunities":[{"communityCode":"SSD","intersectsCommunity":false,"distanceToCommunityM":324}],"sourceDatasetId":"7v8c-cjjm","style":"UPRIGHT"},"geometry":{"type":"Point","coordinates":[-114.05794654480884,51.052194766633974]}},{"type":"Feature","id":"amenity-277e79394ae1","properties":{"id":"amenity-277e79394ae1","layer":"amenity","assetCode":"CHN114","name":null,"type":"BIKE STAND","status":"ACTIVE","nearCommunities":[{"communityCode":"SSD","intersectsCommunity":false,"distanceToCommunityM":90}],"sourceDatasetId":"7v8c-cjjm","style":"SPIRAL"},"geometry":{"type":"Point","coordinates":[-114.061598010885,51.05187665081211]}},{"type":"Feature","id":"amenity-21d9e05915de","properties":{"id":"amenity-21d9e05915de","layer":"amenity","assetCode":"CHN114","name":null,"type":"BIKE STAND","status":"ACTIVE","nearCommunities":[{"communityCode":"SSD","intersectsCommunity":false,"distanceToCommunityM":102}],"sourceDatasetId":"7v8c-cjjm","style":"UPRIGHT"},"geometry":{"type":"Point","coordinates":[-114.06137302657227,51.051880117832845]}},{"type":"Feature","id":"amenity-77236238bcb9","properties":{"id":"amenity-77236238bcb9","layer":"amenity","assetCode":"ERL246","name":null,"type":"ELECTRIC PLUG IN","status":"ACTIVE","nearCommunities":[{"communityCode":"BLN","intersectsCommunity":false,"distanceToCommunityM":178}],"sourceDatasetId":"7v8c-cjjm","style":"NOT APPLICABLE"},"geometry":{"type":"Point","coordinates":[-114.06245629630293,51.034311030166165]}},{"type":"Feature","id":"amenity-acc7f7b87f67","properties":{"id":"amenity-acc7f7b87f67","layer":"amenity","assetCode":"ING012","name":null,"type":"BIKE STAND","status":"ACTIVE","nearCommunities":[{"communityCode":"BRD","intersectsCommunity":false,"distanceToCommunityM":40}],"sourceDatasetId":"7v8c-cjjm","style":"NOT APPLICABLE"},"geometry":{"type":"Point","coordinates":[-114.03313509253947,51.042806383864985]}},{"type":"Feature","id":"amenity-7f6d88d18c94","properties":{"id":"amenity-7f6d88d18c94","layer":"amenity","assetCode":"ING012","name":null,"type":"BIKE STAND","status":"ACTIVE","nearCommunities":[{"communityCode":"BRD","intersectsCommunity":false,"distanceToCommunityM":41}],"sourceDatasetId":"7v8c-cjjm","style":"NOT APPLICABLE"},"geometry":{"type":"Point","coordinates":[-114.03318226111918,51.04281529009944]}},{"type":"Feature","id":"amenity-d2d99edca8f4","properties":{"id":"amenity-d2d99edca8f4","layer":"amenity","assetCode":"BRD495","name":null,"type":"BIKE STAND","status":"ACTIVE","nearCommunities":[{"communityCode":"BRD","intersectsCommunity":true,"distanceToCommunityM":0}],"sourceDatasetId":"7v8c-cjjm","style":"UPRIGHT"},"geometry":{"type":"Point","coordinates":[-114.04028057128869,51.04864532050909]}},{"type":"Feature","id":"amenity-232a89c00dca","properties":{"id":"amenity-232a89c00dca","layer":"amenity","assetCode":"ERL246","name":null,"type":"ELECTRIC PLUG IN","status":"ACTIVE","nearCommunities":[{"communityCode":"BLN","intersectsCommunity":false,"distanceToCommunityM":174}],"sourceDatasetId":"7v8c-cjjm","style":"NOT APPLICABLE"},"geometry":{"type":"Point","coordinates":[-114.06243995357073,51.034356006528384]}},{"type":"Feature","id":"amenity-348e18423355","properties":{"id":"amenity-348e18423355","layer":"amenity","assetCode":"BRD774","name":null,"type":"BIKE STAND","status":"ACTIVE","nearCommunities":[{"communityCode":"BRD","intersectsCommunity":true,"distanceToCommunityM":0}],"sourceDatasetId":"7v8c-cjjm","style":"UPRIGHT"},"geometry":{"type":"Point","coordinates":[-114.04272089481148,51.052332443633624]}},{"type":"Feature","id":"amenity-8ece6d36e2f0","properties":{"id":"amenity-8ece6d36e2f0","layer":"amenity","assetCode":"MNI211","name":null,"type":"ELECTRIC PLUG IN","status":"ACTIVE","nearCommunities":[{"communityCode":"BLN","intersectsCommunity":false,"distanceToCommunityM":191}],"sourceDatasetId":"7v8c-cjjm","style":"NOT APPLICABLE"},"geometry":{"type":"Point","coordinates":[-114.05626626050429,51.02996513740355]}},{"type":"Feature","id":"amenity-6adbf3768d91","properties":{"id":"amenity-6adbf3768d91","layer":"amenity","assetCode":"BRD774","name":null,"type":"BIKE STAND","status":"ACTIVE","nearCommunities":[{"communityCode":"BRD","intersectsCommunity":true,"distanceToCommunityM":0}],"sourceDatasetId":"7v8c-cjjm","style":"NOT APPLICABLE"},"geometry":{"type":"Point","coordinates":[-114.04155759249437,51.051502733175624]}},{"type":"Feature","id":"amenity-693f35a859fa","properties":{"id":"amenity-693f35a859fa","layer":"amenity","assetCode":"ERL246","name":null,"type":"ELECTRIC PLUG IN","status":"ACTIVE","nearCommunities":[{"communityCode":"BLN","intersectsCommunity":false,"distanceToCommunityM":158}],"sourceDatasetId":"7v8c-cjjm","style":"NOT APPLICABLE"},"geometry":{"type":"Point","coordinates":[-114.06239272750123,51.03453353256732]}},{"type":"Feature","id":"amenity-918eebaa5616","properties":{"id":"amenity-918eebaa5616","layer":"amenity","assetCode":"BRD852","name":null,"type":"LITTLE LIBRARY","status":"ACTIVE","nearCommunities":[{"communityCode":"BRD","intersectsCommunity":true,"distanceToCommunityM":0}],"sourceDatasetId":"7v8c-cjjm","style":"NOT APPLICABLE"},"geometry":{"type":"Point","coordinates":[-114.03693389813115,51.05068310405693]}},{"type":"Feature","id":"amenity-aca170fdc02e","properties":{"id":"amenity-aca170fdc02e","layer":"amenity","assetCode":"BRD774","name":null,"type":"BIKE STAND","status":"ACTIVE","nearCommunities":[{"communityCode":"BRD","intersectsCommunity":true,"distanceToCommunityM":0}],"sourceDatasetId":"7v8c-cjjm","style":"UPRIGHT"},"geometry":{"type":"Point","coordinates":[-114.04055810268868,51.05117047079349]}},{"type":"Feature","id":"amenity-3449daf49fb1","properties":{"id":"amenity-3449daf49fb1","layer":"amenity","assetCode":"BRD495","name":null,"type":"BIKE STAND","status":"ACTIVE","nearCommunities":[{"communityCode":"BRD","intersectsCommunity":true,"distanceToCommunityM":0}],"sourceDatasetId":"7v8c-cjjm","style":"UPRIGHT"},"geometry":{"type":"Point","coordinates":[-114.04026623806712,51.04864357964271]}},{"type":"Feature","id":"amenity-01857b18b983","properties":{"id":"amenity-01857b18b983","layer":"amenity","assetCode":"DNE678","name":null,"type":"BIKE STAND","status":"ACTIVE","nearCommunities":[{"communityCode":"BRD","intersectsCommunity":false,"distanceToCommunityM":60}],"sourceDatasetId":"7v8c-cjjm","style":"NOT APPLICABLE"},"geometry":{"type":"Point","coordinates":[-114.05149758404033,51.048670843425064]}},{"type":"Feature","id":"amenity-371b6181935d","properties":{"id":"amenity-371b6181935d","layer":"amenity","assetCode":"ERL246","name":null,"type":"FLAG POLE","status":"ACTIVE","nearCommunities":[{"communityCode":"BLN","intersectsCommunity":false,"distanceToCommunityM":253}],"sourceDatasetId":"7v8c-cjjm","style":"NOT APPLICABLE"},"geometry":{"type":"Point","coordinates":[-114.06323886355935,51.03384991607848]}},{"type":"Feature","id":"amenity-177ca5d9ed81","properties":{"id":"amenity-177ca5d9ed81","layer":"amenity","assetCode":"ERL246","name":null,"type":"ELECTRIC PLUG IN","status":"ACTIVE","nearCommunities":[{"communityCode":"BLN","intersectsCommunity":false,"distanceToCommunityM":164}],"sourceDatasetId":"7v8c-cjjm","style":"NOT APPLICABLE"},"geometry":{"type":"Point","coordinates":[-114.06240834929326,51.034464425412104]}},{"type":"Feature","id":"amenity-751329582004","properties":{"id":"amenity-751329582004","layer":"amenity","assetCode":"DNE200","name":null,"type":"BIKE STAND","status":"ACTIVE","nearCommunities":[{"communityCode":"BRD","intersectsCommunity":false,"distanceToCommunityM":199},{"communityCode":"BLN","intersectsCommunity":false,"distanceToCommunityM":125}],"sourceDatasetId":"7v8c-cjjm","style":"UPRIGHT"},"geometry":{"type":"Point","coordinates":[-114.04454320724732,51.044555244243746]}},{"type":"Feature","id":"amenity-6533feed85ca","properties":{"id":"amenity-6533feed85ca","layer":"amenity","assetCode":"MNI211","name":null,"type":"ELECTRIC PLUG IN","status":"ACTIVE","nearCommunities":[{"communityCode":"BLN","intersectsCommunity":false,"distanceToCommunityM":167}],"sourceDatasetId":"7v8c-cjjm","style":"NOT APPLICABLE"},"geometry":{"type":"Point","coordinates":[-114.05592753252483,51.03003360776379]}},{"type":"Feature","id":"amenity-137f820d79fb","properties":{"id":"amenity-137f820d79fb","layer":"amenity","assetCode":"ERL246","name":null,"type":"ELECTRIC PLUG IN","status":"ACTIVE","nearCommunities":[{"communityCode":"BLN","intersectsCommunity":false,"distanceToCommunityM":149}],"sourceDatasetId":"7v8c-cjjm","style":"NOT APPLICABLE"},"geometry":{"type":"Point","coordinates":[-114.06239543867753,51.03463288583525]}},{"type":"Feature","id":"amenity-577fa363bf17","properties":{"id":"amenity-577fa363bf17","layer":"amenity","assetCode":"BRD774","name":null,"type":"BIKE STAND","status":"ACTIVE","nearCommunities":[{"communityCode":"BRD","intersectsCommunity":true,"distanceToCommunityM":0}],"sourceDatasetId":"7v8c-cjjm","style":"UPRIGHT"},"geometry":{"type":"Point","coordinates":[-114.04128153496663,51.05228566052553]}},{"type":"Feature","id":"amenity-1719d288f934","properties":{"id":"amenity-1719d288f934","layer":"amenity","assetCode":"BRD899","name":null,"type":"OTHER EQUIPMENT","status":"ACTIVE","nearCommunities":[{"communityCode":"BRD","intersectsCommunity":true,"distanceToCommunityM":0}],"sourceDatasetId":"7v8c-cjjm","style":"NOT APPLICABLE"},"geometry":{"type":"Point","coordinates":[-114.0496221945113,51.050825745832675]}},{"type":"Feature","id":"amenity-0a95ece096c0","properties":{"id":"amenity-0a95ece096c0","layer":"amenity","assetCode":"ERL246","name":null,"type":"FLAG POLE","status":"ACTIVE","nearCommunities":[{"communityCode":"BLN","intersectsCommunity":false,"distanceToCommunityM":134}],"sourceDatasetId":"7v8c-cjjm","style":"NOT APPLICABLE"},"geometry":{"type":"Point","coordinates":[-114.06213619396271,51.03467761041666]}},{"type":"Feature","id":"amenity-9f27eee296cc","properties":{"id":"amenity-9f27eee296cc","layer":"amenity","assetCode":"DNE116","name":null,"type":"DOG BAG DISPENSER","status":"ACTIVE","nearCommunities":[{"communityCode":"BRD","intersectsCommunity":false,"distanceToCommunityM":102},{"communityCode":"BLN","intersectsCommunity":false,"distanceToCommunityM":322}],"sourceDatasetId":"7v8c-cjjm","style":"NOT APPLICABLE"},"geometry":{"type":"Point","coordinates":[-114.04715442390561,51.04640106698104]}},{"type":"Feature","id":"amenity-cac52896bb85","properties":{"id":"amenity-cac52896bb85","layer":"amenity","assetCode":"BRD774","name":null,"type":"BIKE STAND","status":"ACTIVE","nearCommunities":[{"communityCode":"BRD","intersectsCommunity":true,"distanceToCommunityM":0}],"sourceDatasetId":"7v8c-cjjm","style":"UPRIGHT"},"geometry":{"type":"Point","coordinates":[-114.04350496071923,51.052334979004705]}},{"type":"Feature","id":"amenity-7decde880120","properties":{"id":"amenity-7decde880120","layer":"amenity","assetCode":"DNE200","name":null,"type":"FLAG POLE","status":"ACTIVE","nearCommunities":[{"communityCode":"BRD","intersectsCommunity":false,"distanceToCommunityM":182},{"communityCode":"BLN","intersectsCommunity":false,"distanceToCommunityM":167}],"sourceDatasetId":"7v8c-cjjm","style":"NOT APPLICABLE"},"geometry":{"type":"Point","coordinates":[-114.04529618063772,51.04495532073269]}},{"type":"Feature","id":"amenity-116f0a32cde2","properties":{"id":"amenity-116f0a32cde2","layer":"amenity","assetCode":"CHN114","name":null,"type":"BIKE STAND","status":"ACTIVE","nearCommunities":[{"communityCode":"SSD","intersectsCommunity":false,"distanceToCommunityM":92}],"sourceDatasetId":"7v8c-cjjm","style":"SPIRAL"},"geometry":{"type":"Point","coordinates":[-114.06157517589904,51.05186466336142]}},{"type":"Feature","id":"amenity-204003ccd51e","properties":{"id":"amenity-204003ccd51e","layer":"amenity","assetCode":"ERL246","name":null,"type":"ELECTRIC PLUG IN","status":"ACTIVE","nearCommunities":[{"communityCode":"BLN","intersectsCommunity":false,"distanceToCommunityM":167}],"sourceDatasetId":"7v8c-cjjm","style":"NOT APPLICABLE"},"geometry":{"type":"Point","coordinates":[-114.0624131930746,51.03442341518153]}},{"type":"Feature","id":"amenity-1c5d49630086","properties":{"id":"amenity-1c5d49630086","layer":"amenity","assetCode":"CHN114","name":null,"type":"BIKE STAND","status":"ACTIVE","nearCommunities":[{"communityCode":"SSD","intersectsCommunity":false,"distanceToCommunityM":88}],"sourceDatasetId":"7v8c-cjjm","style":"UPRIGHT"},"geometry":{"type":"Point","coordinates":[-114.06161776337547,51.05188517973894]}},{"type":"Feature","id":"amenity-301983024a7b","properties":{"id":"amenity-301983024a7b","layer":"amenity","assetCode":"ERL246","name":null,"type":"ELECTRIC PLUG IN","status":"ACTIVE","nearCommunities":[{"communityCode":"BLN","intersectsCommunity":false,"distanceToCommunityM":154}],"sourceDatasetId":"7v8c-cjjm","style":"NOT APPLICABLE"},"geometry":{"type":"Point","coordinates":[-114.06239902394012,51.03457624220439]}},{"type":"Feature","id":"amenity-f7601375a9d9","properties":{"id":"amenity-f7601375a9d9","layer":"amenity","assetCode":"BRD899","name":null,"type":"OTHER EQUIPMENT","status":"ACTIVE","nearCommunities":[{"communityCode":"BRD","intersectsCommunity":true,"distanceToCommunityM":0}],"sourceDatasetId":"7v8c-cjjm","style":"NOT APPLICABLE"},"geometry":{"type":"Point","coordinates":[-114.04903995105214,51.050720641886976]}},{"type":"Feature","id":"amenity-2678bc68ac09","properties":{"id":"amenity-2678bc68ac09","layer":"amenity","assetCode":"MNI061","name":null,"type":"BIKE STAND","status":"ACTIVE","nearCommunities":[{"communityCode":"BLN","intersectsCommunity":false,"distanceToCommunityM":305}],"sourceDatasetId":"7v8c-cjjm","style":"NOT APPLICABLE"},"geometry":{"type":"Point","coordinates":[-114.05831183290931,51.02976921603358]}},{"type":"Feature","id":"amenity-e9b89206f426","properties":{"id":"amenity-e9b89206f426","layer":"amenity","assetCode":"BRD495","name":null,"type":"BIKE STAND","status":"ACTIVE","nearCommunities":[{"communityCode":"BRD","intersectsCommunity":true,"distanceToCommunityM":0}],"sourceDatasetId":"7v8c-cjjm","style":"UPRIGHT"},"geometry":{"type":"Point","coordinates":[-114.04022499994184,51.04863529182869]}},{"type":"Feature","id":"amenity-a20c78815276","properties":{"id":"amenity-a20c78815276","layer":"amenity","assetCode":"MNI061","name":null,"type":"FLAG POLE","status":"ACTIVE","nearCommunities":[{"communityCode":"BLN","intersectsCommunity":false,"distanceToCommunityM":379}],"sourceDatasetId":"7v8c-cjjm","style":"NOT APPLICABLE"},"geometry":{"type":"Point","coordinates":[-114.05785793722752,51.02840268643856]}},{"type":"Feature","id":"amenity-2af30834f0d4","properties":{"id":"amenity-2af30834f0d4","layer":"amenity","assetCode":"BRD495","name":null,"type":"BIKE STAND","status":"ACTIVE","nearCommunities":[{"communityCode":"BRD","intersectsCommunity":true,"distanceToCommunityM":0}],"sourceDatasetId":"7v8c-cjjm","style":"UPRIGHT"},"geometry":{"type":"Point","coordinates":[-114.04024804887996,51.04863740007602]}},{"type":"Feature","id":"amenity-a30012a58201","properties":{"id":"amenity-a30012a58201","layer":"amenity","assetCode":"MNI211","name":null,"type":"ELECTRIC PLUG IN","status":"ACTIVE","nearCommunities":[{"communityCode":"BLN","intersectsCommunity":false,"distanceToCommunityM":214}],"sourceDatasetId":"7v8c-cjjm","style":"NOT APPLICABLE"},"geometry":{"type":"Point","coordinates":[-114.05693637247643,51.03013609378591]}},{"type":"Feature","id":"amenity-cf8e096b24f4","properties":{"id":"amenity-cf8e096b24f4","layer":"amenity","assetCode":"DNE200","name":null,"type":"BIKE STAND","status":"ACTIVE","nearCommunities":[{"communityCode":"BRD","intersectsCommunity":false,"distanceToCommunityM":202},{"communityCode":"BLN","intersectsCommunity":false,"distanceToCommunityM":123}],"sourceDatasetId":"7v8c-cjjm","style":"UPRIGHT"},"geometry":{"type":"Point","coordinates":[-114.04456820049809,51.04453610096639]}},{"type":"Feature","id":"amenity-6360c58bafe0","properties":{"id":"amenity-6360c58bafe0","layer":"amenity","assetCode":"BRD771","name":null,"type":"OTHER EQUIPMENT","status":"ACTIVE","nearCommunities":[{"communityCode":"BRD","intersectsCommunity":true,"distanceToCommunityM":0}],"sourceDatasetId":"7v8c-cjjm","style":"NOT APPLICABLE"},"geometry":{"type":"Point","coordinates":[-114.04094074308594,51.05312505626416]}},{"type":"Feature","id":"amenity-573025f5a7d4","properties":{"id":"amenity-573025f5a7d4","layer":"amenity","assetCode":"ERL246","name":null,"type":"FLAG POLE","status":"ACTIVE","nearCommunities":[{"communityCode":"BLN","intersectsCommunity":false,"distanceToCommunityM":129}],"sourceDatasetId":"7v8c-cjjm","style":"NOT APPLICABLE"},"geometry":{"type":"Point","coordinates":[-114.06187813087615,51.03457258614178]}},{"type":"Feature","id":"amenity-06f099be370f","properties":{"id":"amenity-06f099be370f","layer":"amenity","assetCode":"DNE678","name":null,"type":"BIKE STAND","status":"ACTIVE","nearCommunities":[{"communityCode":"BRD","intersectsCommunity":false,"distanceToCommunityM":58}],"sourceDatasetId":"7v8c-cjjm","style":"NOT APPLICABLE"},"geometry":{"type":"Point","coordinates":[-114.05148176427394,51.0486819383242]}},{"type":"Feature","id":"amenity-d7a187413bde","properties":{"id":"amenity-d7a187413bde","layer":"amenity","assetCode":"BRD899","name":null,"type":"OTHER EQUIPMENT","status":"ACTIVE","nearCommunities":[{"communityCode":"BRD","intersectsCommunity":true,"distanceToCommunityM":0}],"sourceDatasetId":"7v8c-cjjm","style":"NOT APPLICABLE"},"geometry":{"type":"Point","coordinates":[-114.0489984729588,51.05075039099775]}},{"type":"Feature","id":"amenity-a741bf64b761","properties":{"id":"amenity-a741bf64b761","layer":"amenity","assetCode":"BLN007","name":null,"type":"BIKE STAND","status":"ACTIVE","nearCommunities":[{"communityCode":"BLN","intersectsCommunity":true,"distanceToCommunityM":0}],"sourceDatasetId":"7v8c-cjjm","style":"UPRIGHT"},"geometry":{"type":"Point","coordinates":[-114.06881036656921,51.04116426676958]}},{"type":"Feature","id":"amenity-cee4eb0b38fb","properties":{"id":"amenity-cee4eb0b38fb","layer":"amenity","assetCode":"BLN008","name":null,"type":"ELECTRICAL PANEL","status":"ACTIVE","nearCommunities":[{"communityCode":"BLN","intersectsCommunity":true,"distanceToCommunityM":0}],"sourceDatasetId":"7v8c-cjjm","style":"NOT APPLICABLE"},"geometry":{"type":"Point","coordinates":[-114.06710412469707,51.03976730649946]}},{"type":"Feature","id":"amenity-2030c1c6d120","properties":{"id":"amenity-2030c1c6d120","layer":"amenity","assetCode":"BLN007","name":null,"type":"BIKE STAND","status":"ACTIVE","nearCommunities":[{"communityCode":"BLN","intersectsCommunity":true,"distanceToCommunityM":0}],"sourceDatasetId":"7v8c-cjjm","style":"NOT APPLICABLE"},"geometry":{"type":"Point","coordinates":[-114.07091022598343,51.04148405230802]}},{"type":"Feature","id":"amenity-3233415186b7","properties":{"id":"amenity-3233415186b7","layer":"amenity","assetCode":"BLN007","name":null,"type":"BIKE STAND","status":"ACTIVE","nearCommunities":[{"communityCode":"BLN","intersectsCommunity":true,"distanceToCommunityM":0}],"sourceDatasetId":"7v8c-cjjm","style":"NOT APPLICABLE"},"geometry":{"type":"Point","coordinates":[-114.07095354259548,51.04148506972806]}},{"type":"Feature","id":"amenity-cbc91125f4b3","properties":{"id":"amenity-cbc91125f4b3","layer":"amenity","assetCode":"EAU121","name":null,"type":"ELECTRIC PLUG IN","status":"ACTIVE","nearCommunities":[{"communityCode":"SSD","intersectsCommunity":false,"distanceToCommunityM":326}],"sourceDatasetId":"7v8c-cjjm","style":"NOT APPLICABLE"},"geometry":{"type":"Point","coordinates":[-114.06965862794851,51.05366111381656]}},{"type":"Feature","id":"amenity-5472cc2b4e71","properties":{"id":"amenity-5472cc2b4e71","layer":"amenity","assetCode":"BLN008","name":null,"type":"BIKE STAND","status":"ACTIVE","nearCommunities":[{"communityCode":"BLN","intersectsCommunity":true,"distanceToCommunityM":0}],"sourceDatasetId":"7v8c-cjjm","style":"UPRIGHT"},"geometry":{"type":"Point","coordinates":[-114.06740832487756,51.039813986880056]}},{"type":"Feature","id":"amenity-808fdd6fb94a","properties":{"id":"amenity-808fdd6fb94a","layer":"amenity","assetCode":"EAU121","name":null,"type":"BIKE STAND","status":"ACTIVE","nearCommunities":[{"communityCode":"SSD","intersectsCommunity":false,"distanceToCommunityM":312}],"sourceDatasetId":"7v8c-cjjm","style":"UPRIGHT"},"geometry":{"type":"Point","coordinates":[-114.06933779901007,51.053586561339024]}},{"type":"Feature","id":"amenity-23ef4b6a24fe","properties":{"id":"amenity-23ef4b6a24fe","layer":"amenity","assetCode":"BLN007","name":null,"type":"BIKE STAND","status":"ACTIVE","nearCommunities":[{"communityCode":"BLN","intersectsCommunity":true,"distanceToCommunityM":0}],"sourceDatasetId":"7v8c-cjjm","style":"NOT APPLICABLE"},"geometry":{"type":"Point","coordinates":[-114.0694166855917,51.040809829331]}},{"type":"Feature","id":"amenity-2bf22104dc98","properties":{"id":"amenity-2bf22104dc98","layer":"amenity","assetCode":"BLN007","name":null,"type":"FLAG POLE","status":"ACTIVE","nearCommunities":[{"communityCode":"BLN","intersectsCommunity":true,"distanceToCommunityM":0}],"sourceDatasetId":"7v8c-cjjm","style":"NOT APPLICABLE"},"geometry":{"type":"Point","coordinates":[-114.07089409637007,51.04116228424733]}},{"type":"Feature","id":"amenity-9d3be11caebb","properties":{"id":"amenity-9d3be11caebb","layer":"amenity","assetCode":"BLN007","name":null,"type":"BIKE STAND","status":"ACTIVE","nearCommunities":[{"communityCode":"BLN","intersectsCommunity":true,"distanceToCommunityM":0}],"sourceDatasetId":"7v8c-cjjm","style":"UPRIGHT"},"geometry":{"type":"Point","coordinates":[-114.06883000654742,51.041164484443314]}},{"type":"Feature","id":"amenity-26718315709e","properties":{"id":"amenity-26718315709e","layer":"amenity","assetCode":"EAU121","name":null,"type":"ELECTRIC PLUG IN","status":"ACTIVE","nearCommunities":[{"communityCode":"SSD","intersectsCommunity":false,"distanceToCommunityM":329}],"sourceDatasetId":"7v8c-cjjm","style":"NOT APPLICABLE"},"geometry":{"type":"Point","coordinates":[-114.06968004820968,51.05363894048891]}},{"type":"Feature","id":"amenity-d005519e7a27","properties":{"id":"amenity-d005519e7a27","layer":"amenity","assetCode":"BLN007","name":null,"type":"BIKE STAND","status":"ACTIVE","nearCommunities":[{"communityCode":"BLN","intersectsCommunity":true,"distanceToCommunityM":0}],"sourceDatasetId":"7v8c-cjjm","style":"NOT APPLICABLE"},"geometry":{"type":"Point","coordinates":[-114.06941538319782,51.04144215223425]}},{"type":"Feature","id":"amenity-0237c2661c37","properties":{"id":"amenity-0237c2661c37","layer":"amenity","assetCode":"BLN007","name":null,"type":"BIKE STAND","status":"ACTIVE","nearCommunities":[{"communityCode":"BLN","intersectsCommunity":true,"distanceToCommunityM":0}],"sourceDatasetId":"7v8c-cjjm","style":"NOT APPLICABLE"},"geometry":{"type":"Point","coordinates":[-114.07107030331325,51.040748769639315]}},{"type":"Feature","id":"amenity-dc6857663830","properties":{"id":"amenity-dc6857663830","layer":"amenity","assetCode":"BLN007","name":null,"type":"BIKE STAND","status":"ACTIVE","nearCommunities":[{"communityCode":"BLN","intersectsCommunity":true,"distanceToCommunityM":0}],"sourceDatasetId":"7v8c-cjjm","style":"UPRIGHT"},"geometry":{"type":"Point","coordinates":[-114.06883618981554,51.04116471004009]}},{"type":"Feature","id":"amenity-4d35354a7494","properties":{"id":"amenity-4d35354a7494","layer":"amenity","assetCode":"EAU121","name":null,"type":"ELECTRIC PLUG IN","status":"ACTIVE","nearCommunities":[{"communityCode":"SSD","intersectsCommunity":false,"distanceToCommunityM":318}],"sourceDatasetId":"7v8c-cjjm","style":"NOT APPLICABLE"},"geometry":{"type":"Point","coordinates":[-114.06968516832897,51.05383253196655]}},{"type":"Feature","id":"amenity-bacac3175b71","properties":{"id":"amenity-bacac3175b71","layer":"amenity","assetCode":"BLN007","name":null,"type":"BIKE STAND","status":"ACTIVE","nearCommunities":[{"communityCode":"BLN","intersectsCommunity":true,"distanceToCommunityM":0}],"sourceDatasetId":"7v8c-cjjm","style":"NOT APPLICABLE"},"geometry":{"type":"Point","coordinates":[-114.06938279967372,51.04144100021871]}},{"type":"Feature","id":"amenity-a668c39c33bd","properties":{"id":"amenity-a668c39c33bd","layer":"amenity","assetCode":"BLN007","name":null,"type":"BIKE STAND","status":"ACTIVE","nearCommunities":[{"communityCode":"BLN","intersectsCommunity":true,"distanceToCommunityM":0}],"sourceDatasetId":"7v8c-cjjm","style":"NOT APPLICABLE"},"geometry":{"type":"Point","coordinates":[-114.07112074189865,51.040795477517925]}},{"type":"Feature","id":"amenity-2fd394207ec7","properties":{"id":"amenity-2fd394207ec7","layer":"amenity","assetCode":"DNC070","name":null,"type":"ELECTRIC PLUG IN","status":"ACTIVE","nearCommunities":[{"communityCode":"BLN","intersectsCommunity":false,"distanceToCommunityM":207}],"sourceDatasetId":"7v8c-cjjm","style":"NOT APPLICABLE"},"geometry":{"type":"Point","coordinates":[-114.06906938921848,51.04599158254004]}},{"type":"Feature","id":"amenity-00a49f9aead2","properties":{"id":"amenity-00a49f9aead2","layer":"amenity","assetCode":"BLN007","name":null,"type":"BIKE STAND","status":"ACTIVE","nearCommunities":[{"communityCode":"BLN","intersectsCommunity":true,"distanceToCommunityM":0}],"sourceDatasetId":"7v8c-cjjm","style":"NOT APPLICABLE"},"geometry":{"type":"Point","coordinates":[-114.07090054655423,51.04148405818024]}},{"type":"Feature","id":"amenity-5077c1da8daa","properties":{"id":"amenity-5077c1da8daa","layer":"amenity","assetCode":"BLN007","name":null,"type":"BIKE STAND","status":"ACTIVE","nearCommunities":[{"communityCode":"BLN","intersectsCommunity":true,"distanceToCommunityM":0}],"sourceDatasetId":"7v8c-cjjm","style":"NOT APPLICABLE"},"geometry":{"type":"Point","coordinates":[-114.06942611621271,51.04144201820488]}},{"type":"Feature","id":"amenity-88bfb0671478","properties":{"id":"amenity-88bfb0671478","layer":"amenity","assetCode":"EAU121","name":null,"type":"BIKE STAND","status":"ACTIVE","nearCommunities":[{"communityCode":"SSD","intersectsCommunity":false,"distanceToCommunityM":343}],"sourceDatasetId":"7v8c-cjjm","style":"UPRIGHT"},"geometry":{"type":"Point","coordinates":[-114.06979375569415,51.0535202901416]}},{"type":"Feature","id":"amenity-1d76a4780188","properties":{"id":"amenity-1d76a4780188","layer":"amenity","assetCode":"BLN007","name":null,"type":"BIKE STAND","status":"ACTIVE","nearCommunities":[{"communityCode":"BLN","intersectsCommunity":true,"distanceToCommunityM":0}],"sourceDatasetId":"7v8c-cjjm","style":"UPRIGHT"},"geometry":{"type":"Point","coordinates":[-114.0688172770728,51.04116449193919]}},{"type":"Feature","id":"amenity-4ab12a4f3175","properties":{"id":"amenity-4ab12a4f3175","layer":"amenity","assetCode":"BLN007","name":null,"type":"BIKE STAND","status":"ACTIVE","nearCommunities":[{"communityCode":"BLN","intersectsCommunity":true,"distanceToCommunityM":0}],"sourceDatasetId":"7v8c-cjjm","style":"UPRIGHT"},"geometry":{"type":"Point","coordinates":[-114.06885928047824,51.04116580667106]}},{"type":"Feature","id":"amenity-5983d9920c3f","properties":{"id":"amenity-5983d9920c3f","layer":"amenity","assetCode":"BLN007","name":null,"type":"BIKE STAND","status":"ACTIVE","nearCommunities":[{"communityCode":"BLN","intersectsCommunity":true,"distanceToCommunityM":0}],"sourceDatasetId":"7v8c-cjjm","style":"NOT APPLICABLE"},"geometry":{"type":"Point","coordinates":[-114.06947328869065,51.04081099133418]}},{"type":"Feature","id":"amenity-5c3b256709eb","properties":{"id":"amenity-5c3b256709eb","layer":"amenity","assetCode":"BLN007","name":null,"type":"BIKE STAND","status":"ACTIVE","nearCommunities":[{"communityCode":"BLN","intersectsCommunity":true,"distanceToCommunityM":0}],"sourceDatasetId":"7v8c-cjjm","style":"UPRIGHT"},"geometry":{"type":"Point","coordinates":[-114.06884452180842,51.041164809413516]}},{"type":"Feature","id":"amenity-270c2bdf4f8b","properties":{"id":"amenity-270c2bdf4f8b","layer":"amenity","assetCode":"EAU121","name":null,"type":"BIKE STAND","status":"ACTIVE","nearCommunities":[{"communityCode":"SSD","intersectsCommunity":false,"distanceToCommunityM":339}],"sourceDatasetId":"7v8c-cjjm","style":"UPRIGHT"},"geometry":{"type":"Point","coordinates":[-114.06979787290668,51.05359104757339]}},{"type":"Feature","id":"amenity-3fdadc3addea","properties":{"id":"amenity-3fdadc3addea","layer":"amenity","assetCode":"BLN007","name":null,"type":"BIKE STAND","status":"ACTIVE","nearCommunities":[{"communityCode":"BLN","intersectsCommunity":true,"distanceToCommunityM":0}],"sourceDatasetId":"7v8c-cjjm","style":"NOT APPLICABLE"},"geometry":{"type":"Point","coordinates":[-114.06942997273906,51.04080997336516]}},{"type":"Feature","id":"amenity-e28c1db96071","properties":{"id":"amenity-e28c1db96071","layer":"amenity","assetCode":"EAU121","name":null,"type":"BIKE STAND","status":"ACTIVE","nearCommunities":[{"communityCode":"SSD","intersectsCommunity":false,"distanceToCommunityM":313}],"sourceDatasetId":"7v8c-cjjm","style":"UPRIGHT"},"geometry":{"type":"Point","coordinates":[-114.06959589950318,51.05382888498331]}},{"type":"Feature","id":"amenity-b6cb20c53553","properties":{"id":"amenity-b6cb20c53553","layer":"amenity","assetCode":"BLN007","name":null,"type":"BIKE STAND","status":"ACTIVE","nearCommunities":[{"communityCode":"BLN","intersectsCommunity":true,"distanceToCommunityM":0}],"sourceDatasetId":"7v8c-cjjm","style":"NOT APPLICABLE"},"geometry":{"type":"Point","coordinates":[-114.07117337774407,51.040798299718944]}},{"type":"Feature","id":"amenity-3c7388e2e5ce","properties":{"id":"amenity-3c7388e2e5ce","layer":"amenity","assetCode":"DNC070","name":null,"type":"ELECTRIC PLUG IN","status":"ACTIVE","nearCommunities":[{"communityCode":"BLN","intersectsCommunity":false,"distanceToCommunityM":232}],"sourceDatasetId":"7v8c-cjjm","style":"NOT APPLICABLE"},"geometry":{"type":"Point","coordinates":[-114.06854536051046,51.0462018561213]}},{"type":"Feature","id":"amenity-1d4b48af7d7e","properties":{"id":"amenity-1d4b48af7d7e","layer":"amenity","assetCode":"BLN007","name":null,"type":"BIKE STAND","status":"ACTIVE","nearCommunities":[{"communityCode":"BLN","intersectsCommunity":true,"distanceToCommunityM":0}],"sourceDatasetId":"7v8c-cjjm","style":"NOT APPLICABLE"},"geometry":{"type":"Point","coordinates":[-114.06946000154284,51.04081084730495]}},{"type":"Feature","id":"amenity-899a9d128f5c","properties":{"id":"amenity-899a9d128f5c","layer":"amenity","assetCode":"BLN007","name":null,"type":"BIKE STAND","status":"ACTIVE","nearCommunities":[{"communityCode":"BLN","intersectsCommunity":true,"distanceToCommunityM":0}],"sourceDatasetId":"7v8c-cjjm","style":"UPRIGHT"},"geometry":{"type":"Point","coordinates":[-114.0688517834922,51.041165301369524]}},{"type":"Feature","id":"amenity-88b5ca7ab037","properties":{"id":"amenity-88b5ca7ab037","layer":"amenity","assetCode":"BLN008","name":null,"type":"ELECTRICAL PANEL","status":"ACTIVE","nearCommunities":[{"communityCode":"BLN","intersectsCommunity":true,"distanceToCommunityM":0}],"sourceDatasetId":"7v8c-cjjm","style":"NOT APPLICABLE"},"geometry":{"type":"Point","coordinates":[-114.0680471656426,51.039768821693144]}},{"type":"Feature","id":"amenity-b8fad533443f","properties":{"id":"amenity-b8fad533443f","layer":"amenity","assetCode":"BLN008","name":null,"type":"BIKE STAND","status":"ACTIVE","nearCommunities":[{"communityCode":"BLN","intersectsCommunity":true,"distanceToCommunityM":0}],"sourceDatasetId":"7v8c-cjjm","style":"UPRIGHT"},"geometry":{"type":"Point","coordinates":[-114.06789226316589,51.04032877670361]}},{"type":"Feature","id":"amenity-cfbc8b1f3358","properties":{"id":"amenity-cfbc8b1f3358","layer":"amenity","assetCode":"EAU121","name":null,"type":"BIKE STAND","status":"ACTIVE","nearCommunities":[{"communityCode":"SSD","intersectsCommunity":false,"distanceToCommunityM":338}],"sourceDatasetId":"7v8c-cjjm","style":"UPRIGHT"},"geometry":{"type":"Point","coordinates":[-114.06979798589856,51.05361212929996]}},{"type":"Feature","id":"amenity-fc3290c604aa","properties":{"id":"amenity-fc3290c604aa","layer":"amenity","assetCode":"DNC070","name":null,"type":"ELECTRIC PLUG IN","status":"ACTIVE","nearCommunities":[{"communityCode":"BLN","intersectsCommunity":false,"distanceToCommunityM":252}],"sourceDatasetId":"7v8c-cjjm","style":"NOT APPLICABLE"},"geometry":{"type":"Point","coordinates":[-114.06944067059133,51.04640561479626]}},{"type":"Feature","id":"amenity-de1989f16534","properties":{"id":"amenity-de1989f16534","layer":"amenity","assetCode":"EAU121","name":null,"type":"BIKE STAND","status":"ACTIVE","nearCommunities":[{"communityCode":"SSD","intersectsCommunity":false,"distanceToCommunityM":342}],"sourceDatasetId":"7v8c-cjjm","style":"UPRIGHT"},"geometry":{"type":"Point","coordinates":[-114.06979469806146,51.05353802719708]}},{"type":"Feature","id":"amenity-b6e6b57f9c6a","properties":{"id":"amenity-b6e6b57f9c6a","layer":"amenity","assetCode":"BLN007","name":null,"type":"BIKE STAND","status":"ACTIVE","nearCommunities":[{"communityCode":"BLN","intersectsCommunity":true,"distanceToCommunityM":0}],"sourceDatasetId":"7v8c-cjjm","style":"NOT APPLICABLE"},"geometry":{"type":"Point","coordinates":[-114.07115130484694,51.04079688648668]}},{"type":"Feature","id":"amenity-f92abf3e129a","properties":{"id":"amenity-f92abf3e129a","layer":"amenity","assetCode":"BLN007","name":null,"type":"BIKE STAND","status":"ACTIVE","nearCommunities":[{"communityCode":"BLN","intersectsCommunity":true,"distanceToCommunityM":0}],"sourceDatasetId":"7v8c-cjjm","style":"NOT APPLICABLE"},"geometry":{"type":"Point","coordinates":[-114.06937206665894,51.041441134244096]}},{"type":"Feature","id":"amenity-965a2f2817bd","properties":{"id":"amenity-965a2f2817bd","layer":"amenity","assetCode":"BLN007","name":null,"type":"BIKE STAND","status":"ACTIVE","nearCommunities":[{"communityCode":"BLN","intersectsCommunity":true,"distanceToCommunityM":0}],"sourceDatasetId":"7v8c-cjjm","style":"NOT APPLICABLE"},"geometry":{"type":"Point","coordinates":[-114.07109074538563,51.04079335531019]}},{"type":"Feature","id":"amenity-bf268fde0967","properties":{"id":"amenity-bf268fde0967","layer":"amenity","assetCode":"BLN007","name":null,"type":"BIKE STAND","status":"ACTIVE","nearCommunities":[{"communityCode":"BLN","intersectsCommunity":true,"distanceToCommunityM":0}],"sourceDatasetId":"7v8c-cjjm","style":"UPRIGHT"},"geometry":{"type":"Point","coordinates":[-114.068823823619,51.04116448808437]}},{"type":"Feature","id":"amenity-6f435beb94c8","properties":{"id":"amenity-6f435beb94c8","layer":"amenity","assetCode":"BLN008","name":null,"type":"ELECTRICAL PANEL","status":"ACTIVE","nearCommunities":[{"communityCode":"BLN","intersectsCommunity":true,"distanceToCommunityM":0}],"sourceDatasetId":"7v8c-cjjm","style":"NOT APPLICABLE"},"geometry":{"type":"Point","coordinates":[-114.06739119452963,51.040003092381696]}},{"type":"Feature","id":"amenity-2bd13071e693","properties":{"id":"amenity-2bd13071e693","layer":"amenity","assetCode":"BLN007","name":null,"type":"BIKE STAND","status":"ACTIVE","nearCommunities":[{"communityCode":"BLN","intersectsCommunity":true,"distanceToCommunityM":0}],"sourceDatasetId":"7v8c-cjjm","style":"NOT APPLICABLE"},"geometry":{"type":"Point","coordinates":[-114.07104766543658,51.04074807051644]}},{"type":"Feature","id":"amenity-f3fece2514d6","properties":{"id":"amenity-f3fece2514d6","layer":"amenity","assetCode":"BLN007","name":null,"type":"ELECTRICAL PANEL","status":"ACTIVE","nearCommunities":[{"communityCode":"BLN","intersectsCommunity":true,"distanceToCommunityM":0}],"sourceDatasetId":"7v8c-cjjm","style":"NOT APPLICABLE"},"geometry":{"type":"Point","coordinates":[-114.0710837553301,51.04104955637483]}},{"type":"Feature","id":"amenity-0c47de4e8d0c","properties":{"id":"amenity-0c47de4e8d0c","layer":"amenity","assetCode":"DNC102","name":null,"type":"BIKE STAND","status":"ACTIVE","nearCommunities":[{"communityCode":"BLN","intersectsCommunity":false,"distanceToCommunityM":340}],"sourceDatasetId":"7v8c-cjjm","style":"UPRIGHT"},"geometry":{"type":"Point","coordinates":[-114.07035317453112,51.04722401833415]}},{"type":"Feature","id":"amenity-d90e170234a8","properties":{"id":"amenity-d90e170234a8","layer":"amenity","assetCode":"BLN007","name":null,"type":"BIKE STAND","status":"ACTIVE","nearCommunities":[{"communityCode":"BLN","intersectsCommunity":true,"distanceToCommunityM":0}],"sourceDatasetId":"7v8c-cjjm","style":"NOT APPLICABLE"},"geometry":{"type":"Point","coordinates":[-114.07094386316606,51.04148507560387]}},{"type":"Feature","id":"amenity-ab8e04af06a0","properties":{"id":"amenity-ab8e04af06a0","layer":"amenity","assetCode":"BLN007","name":null,"type":"BIKE STAND","status":"ACTIVE","nearCommunities":[{"communityCode":"BLN","intersectsCommunity":true,"distanceToCommunityM":0}],"sourceDatasetId":"7v8c-cjjm","style":"NOT APPLICABLE"},"geometry":{"type":"Point","coordinates":[-114.07109243177456,51.04074830489627]}},{"type":"Feature","id":"amenity-3c1a6f401d4e","properties":{"id":"amenity-3c1a6f401d4e","layer":"amenity","assetCode":"BLN008","name":null,"type":"BIKE STAND","status":"ACTIVE","nearCommunities":[{"communityCode":"BLN","intersectsCommunity":true,"distanceToCommunityM":0}],"sourceDatasetId":"7v8c-cjjm","style":"UPRIGHT"},"geometry":{"type":"Point","coordinates":[-114.06789112809487,51.040309240857425]}},{"type":"Feature","id":"amenity-73a0020e8539","properties":{"id":"amenity-73a0020e8539","layer":"amenity","assetCode":"ING032","name":null,"type":"DOG BAG DISPENSER","status":"ACTIVE","nearCommunities":[{"communityCode":"BRD","intersectsCommunity":false,"distanceToCommunityM":168}],"sourceDatasetId":"7v8c-cjjm","style":"NOT APPLICABLE"},"geometry":{"type":"Point","coordinates":[-114.02561863985719,51.04083520097331]}},{"type":"Feature","id":"amenity-389a92e8ba31","properties":{"id":"amenity-389a92e8ba31","layer":"amenity","assetCode":"ING037","name":null,"type":"BBQ","status":"ACTIVE","nearCommunities":[{"communityCode":"BRD","intersectsCommunity":false,"distanceToCommunityM":258}],"sourceDatasetId":"7v8c-cjjm","style":"NOT APPLICABLE"},"geometry":{"type":"Point","coordinates":[-114.01641373317538,51.0410027006697]}},{"type":"Feature","id":"amenity-a1ebcfee455b","properties":{"id":"amenity-a1ebcfee455b","layer":"amenity","assetCode":"ALB635","name":null,"type":"FLAG POLE","status":"ACTIVE","nearCommunities":[{"communityCode":"BRD","intersectsCommunity":false,"distanceToCommunityM":376}],"sourceDatasetId":"7v8c-cjjm","style":"NOT APPLICABLE"},"geometry":{"type":"Point","coordinates":[-114.00654899991427,51.044890800938234]}},{"type":"Feature","id":"amenity-eb6ee6775cd0","properties":{"id":"amenity-eb6ee6775cd0","layer":"amenity","assetCode":"ALB635","name":null,"type":"FLAG POLE","status":"ACTIVE","nearCommunities":[{"communityCode":"BRD","intersectsCommunity":false,"distanceToCommunityM":373}],"sourceDatasetId":"7v8c-cjjm","style":"NOT APPLICABLE"},"geometry":{"type":"Point","coordinates":[-114.00659269933583,51.04490390101705]}},{"type":"Feature","id":"amenity-83c761b165bf","properties":{"id":"amenity-83c761b165bf","layer":"amenity","assetCode":"ING037","name":null,"type":"BBQ","status":"ACTIVE","nearCommunities":[{"communityCode":"BRD","intersectsCommunity":false,"distanceToCommunityM":229}],"sourceDatasetId":"7v8c-cjjm","style":"NOT APPLICABLE"},"geometry":{"type":"Point","coordinates":[-114.01637436667818,51.041276801525875]}},{"type":"Feature","id":"amenity-098deb5da608","properties":{"id":"amenity-098deb5da608","layer":"amenity","assetCode":"ING030","name":null,"type":"BIKE STAND","status":"ACTIVE","nearCommunities":[{"communityCode":"BRD","intersectsCommunity":false,"distanceToCommunityM":159}],"sourceDatasetId":"7v8c-cjjm","style":"UPRIGHT"},"geometry":{"type":"Point","coordinates":[-114.02745243777825,51.04090427980611]}},{"type":"Feature","id":"amenity-132775554124","properties":{"id":"amenity-132775554124","layer":"amenity","assetCode":"ING037","name":null,"type":"BBQ","status":"ACTIVE","nearCommunities":[{"communityCode":"BRD","intersectsCommunity":false,"distanceToCommunityM":315}],"sourceDatasetId":"7v8c-cjjm","style":"NOT APPLICABLE"},"geometry":{"type":"Point","coordinates":[-114.01646396036496,51.04048656120852]}},{"type":"Feature","id":"amenity-4c4413c879ba","properties":{"id":"amenity-4c4413c879ba","layer":"amenity","assetCode":"ING037","name":null,"type":"WOOD BIN","status":"ACTIVE","nearCommunities":[{"communityCode":"BRD","intersectsCommunity":false,"distanceToCommunityM":257}],"sourceDatasetId":"7v8c-cjjm","style":"NOT APPLICABLE"},"geometry":{"type":"Point","coordinates":[-114.01623597614729,51.04098301369773]}},{"type":"Feature","id":"amenity-00ef68ca9a86","properties":{"id":"amenity-00ef68ca9a86","layer":"amenity","assetCode":"ING013","name":null,"type":"OTHER EQUIPMENT","status":"ACTIVE","nearCommunities":[{"communityCode":"BRD","intersectsCommunity":false,"distanceToCommunityM":352}],"sourceDatasetId":"7v8c-cjjm","style":"NOT APPLICABLE"},"geometry":{"type":"Point","coordinates":[-114.02836998992393,51.03918214780505]}},{"type":"Feature","id":"amenity-135c6ca8d493","properties":{"id":"amenity-135c6ca8d493","layer":"amenity","assetCode":"BRD890","name":null,"type":"DOG BAG DISPENSER","status":"ACTIVE","nearCommunities":[{"communityCode":"BRD","intersectsCommunity":true,"distanceToCommunityM":0}],"sourceDatasetId":"7v8c-cjjm","style":"NOT APPLICABLE"},"geometry":{"type":"Point","coordinates":[-114.0300101000138,51.05193727613301]}},{"type":"Feature","id":"amenity-32c23181ff13","properties":{"id":"amenity-32c23181ff13","layer":"amenity","assetCode":"ING013","name":null,"type":"OTHER EQUIPMENT","status":"ACTIVE","nearCommunities":[{"communityCode":"BRD","intersectsCommunity":false,"distanceToCommunityM":344}],"sourceDatasetId":"7v8c-cjjm","style":"NOT APPLICABLE"},"geometry":{"type":"Point","coordinates":[-114.02826665607651,51.039244015074395]}},{"type":"Feature","id":"amenity-68bb13ffd0f5","properties":{"id":"amenity-68bb13ffd0f5","layer":"amenity","assetCode":"ING013","name":null,"type":"BIKE STAND","status":"ACTIVE","nearCommunities":[{"communityCode":"BRD","intersectsCommunity":false,"distanceToCommunityM":348}],"sourceDatasetId":"7v8c-cjjm","style":"NOT APPLICABLE"},"geometry":{"type":"Point","coordinates":[-114.028136744095,51.03920604498557]}},{"type":"Feature","id":"amenity-d80e7c1a5ae6","properties":{"id":"amenity-d80e7c1a5ae6","layer":"amenity","assetCode":"ING011","name":null,"type":"DOG BAG DISPENSER","status":"ACTIVE","nearCommunities":[{"communityCode":"BRD","intersectsCommunity":false,"distanceToCommunityM":108}],"sourceDatasetId":"7v8c-cjjm","style":"NOT APPLICABLE"},"geometry":{"type":"Point","coordinates":[-114.02956879979354,51.041472981215755]}},{"type":"Feature","id":"amenity-156da4e27bc6","properties":{"id":"amenity-156da4e27bc6","layer":"amenity","assetCode":"ING037","name":null,"type":"TO BE IDENTIFIED","status":"ACTIVE","nearCommunities":[{"communityCode":"BRD","intersectsCommunity":false,"distanceToCommunityM":78}],"sourceDatasetId":"7v8c-cjjm","style":"SEA CAN"},"geometry":{"type":"Point","coordinates":[-114.01310106893851,51.041741694267316]}},{"type":"Feature","id":"amenity-bfbddeedb837","properties":{"id":"amenity-bfbddeedb837","layer":"amenity","assetCode":"ING037","name":null,"type":"BIKE STAND","status":"ACTIVE","nearCommunities":[{"communityCode":"BRD","intersectsCommunity":false,"distanceToCommunityM":304}],"sourceDatasetId":"7v8c-cjjm","style":"NOT APPLICABLE"},"geometry":{"type":"Point","coordinates":[-114.01319313735232,51.03967526737155]}},{"type":"Feature","id":"amenity-46fb663cc46d","properties":{"id":"amenity-46fb663cc46d","layer":"amenity","assetCode":"ING037","name":null,"type":"BBQ","status":"ACTIVE","nearCommunities":[{"communityCode":"BRD","intersectsCommunity":false,"distanceToCommunityM":274}],"sourceDatasetId":"7v8c-cjjm","style":"NOT APPLICABLE"},"geometry":{"type":"Point","coordinates":[-114.01690261522539,51.04096739391035]}},{"type":"Feature","id":"amenity-a52a2f0183ad","properties":{"id":"amenity-a52a2f0183ad","layer":"amenity","assetCode":"ING037","name":null,"type":"BBQ","status":"ACTIVE","nearCommunities":[{"communityCode":"BRD","intersectsCommunity":false,"distanceToCommunityM":252}],"sourceDatasetId":"7v8c-cjjm","style":"NOT APPLICABLE"},"geometry":{"type":"Point","coordinates":[-114.01678063656085,51.041152100277166]}},{"type":"Feature","id":"amenity-10ece3614f53","properties":{"id":"amenity-10ece3614f53","layer":"amenity","assetCode":"ING013","name":null,"type":"OTHER EQUIPMENT","status":"ACTIVE","nearCommunities":[{"communityCode":"BRD","intersectsCommunity":false,"distanceToCommunityM":331}],"sourceDatasetId":"7v8c-cjjm","style":"NOT APPLICABLE"},"geometry":{"type":"Point","coordinates":[-114.02834180930284,51.03937029735057]}},{"type":"Feature","id":"amenity-4142c9395755","properties":{"id":"amenity-4142c9395755","layer":"amenity","assetCode":"EAU120","name":null,"type":"FLAG POLE","status":"ACTIVE","nearCommunities":[{"communityCode":"SSD","intersectsCommunity":false,"distanceToCommunityM":157}],"sourceDatasetId":"7v8c-cjjm","style":"NOT APPLICABLE"},"geometry":{"type":"Point","coordinates":[-114.06977673198375,51.05535655387872]}},{"type":"Feature","id":"amenity-a53894e1ea04","properties":{"id":"amenity-a53894e1ea04","layer":"amenity","assetCode":"CRE876","name":null,"type":"OTHER EQUIPMENT","status":"ACTIVE","nearCommunities":[{"communityCode":"SSD","intersectsCommunity":false,"distanceToCommunityM":122}],"sourceDatasetId":"7v8c-cjjm","style":"CIGARETTE DISPOSAL"},"geometry":{"type":"Point","coordinates":[-114.06070572229395,51.055206806716996]}},{"type":"Feature","id":"amenity-1f44d236ecc5","properties":{"id":"amenity-1f44d236ecc5","layer":"amenity","assetCode":"SSD560","name":null,"type":"OTHER EQUIPMENT","status":"ACTIVE","nearCommunities":[{"communityCode":"SSD","intersectsCommunity":false,"distanceToCommunityM":6}],"sourceDatasetId":"7v8c-cjjm","style":"CIGARETTE DISPOSAL"},"geometry":{"type":"Point","coordinates":[-114.0676851152111,51.05900925140415]}},{"type":"Feature","id":"amenity-e94a2ac13133","properties":{"id":"amenity-e94a2ac13133","layer":"amenity","assetCode":"SSD560","name":null,"type":"FLAG POLE","status":"ACTIVE","nearCommunities":[{"communityCode":"SSD","intersectsCommunity":true,"distanceToCommunityM":0}],"sourceDatasetId":"7v8c-cjjm","style":"NOT APPLICABLE"},"geometry":{"type":"Point","coordinates":[-114.06510538618815,51.056555072925086]}},{"type":"Feature","id":"amenity-9b079a64cf6f","properties":{"id":"amenity-9b079a64cf6f","layer":"amenity","assetCode":"SSD560","name":null,"type":"OTHER EQUIPMENT","status":"ACTIVE","nearCommunities":[{"communityCode":"SSD","intersectsCommunity":false,"distanceToCommunityM":11}],"sourceDatasetId":"7v8c-cjjm","style":"CIGARETTE DISPOSAL"},"geometry":{"type":"Point","coordinates":[-114.06582550267204,51.058463250733794]}},{"type":"Feature","id":"amenity-0b59ce406b52","properties":{"id":"amenity-0b59ce406b52","layer":"amenity","assetCode":"EAU120","name":null,"type":"FLAG POLE","status":"ACTIVE","nearCommunities":[{"communityCode":"SSD","intersectsCommunity":false,"distanceToCommunityM":156}],"sourceDatasetId":"7v8c-cjjm","style":"NOT APPLICABLE"},"geometry":{"type":"Point","coordinates":[-114.06974541386705,51.05536109170112]}},{"type":"Feature","id":"amenity-90a24631bcfd","properties":{"id":"amenity-90a24631bcfd","layer":"amenity","assetCode":"BRD780","name":null,"type":"LITTLE LIBRARY","status":"ACTIVE","nearCommunities":[{"communityCode":"BRD","intersectsCommunity":true,"distanceToCommunityM":0}],"sourceDatasetId":"7v8c-cjjm","style":"NOT APPLICABLE"},"geometry":{"type":"Point","coordinates":[-114.038742083451,51.05594459748875]}},{"type":"Feature","id":"amenity-0c5bf32afb24","properties":{"id":"amenity-0c5bf32afb24","layer":"amenity","assetCode":"EAU120","name":null,"type":"FLAG POLE","status":"ACTIVE","nearCommunities":[{"communityCode":"SSD","intersectsCommunity":false,"distanceToCommunityM":157}],"sourceDatasetId":"7v8c-cjjm","style":"NOT APPLICABLE"},"geometry":{"type":"Point","coordinates":[-114.06967142745965,51.05534995710976]}},{"type":"Feature","id":"amenity-e882560842c3","properties":{"id":"amenity-e882560842c3","layer":"amenity","assetCode":"CRE876","name":null,"type":"OTHER EQUIPMENT","status":"ACTIVE","nearCommunities":[{"communityCode":"SSD","intersectsCommunity":false,"distanceToCommunityM":178}],"sourceDatasetId":"7v8c-cjjm","style":"ART GALLERY"},"geometry":{"type":"Point","coordinates":[-114.06194827937682,51.05815677005477]}},{"type":"Feature","id":"amenity-9411f143ada0","properties":{"id":"amenity-9411f143ada0","layer":"amenity","assetCode":"SSD560","name":null,"type":"OTHER EQUIPMENT","status":"ACTIVE","nearCommunities":[{"communityCode":"SSD","intersectsCommunity":false,"distanceToCommunityM":6}],"sourceDatasetId":"7v8c-cjjm","style":"CIGARETTE DISPOSAL"},"geometry":{"type":"Point","coordinates":[-114.06918185656797,51.05979923694584]}},{"type":"Feature","id":"amenity-58899ce2871f","properties":{"id":"amenity-58899ce2871f","layer":"amenity","assetCode":"CRE876","name":null,"type":"OTHER EQUIPMENT","status":"ACTIVE","nearCommunities":[{"communityCode":"SSD","intersectsCommunity":false,"distanceToCommunityM":170}],"sourceDatasetId":"7v8c-cjjm","style":"CIGARETTE DISPOSAL"},"geometry":{"type":"Point","coordinates":[-114.06073702297282,51.057099737066395]}},{"type":"Feature","id":"amenity-4c94386e6838","properties":{"id":"amenity-4c94386e6838","layer":"amenity","assetCode":"SSD560","name":null,"type":"OTHER EQUIPMENT","status":"ACTIVE","nearCommunities":[{"communityCode":"SSD","intersectsCommunity":false,"distanceToCommunityM":3}],"sourceDatasetId":"7v8c-cjjm","style":"CIGARETTE DISPOSAL"},"geometry":{"type":"Point","coordinates":[-114.0700649691078,51.060366585578855]}},{"type":"Feature","id":"amenity-ba9d50b13da6","properties":{"id":"amenity-ba9d50b13da6","layer":"amenity","assetCode":"BRD780","name":null,"type":"LITTLE LIBRARY","status":"ACTIVE","nearCommunities":[{"communityCode":"BRD","intersectsCommunity":true,"distanceToCommunityM":0}],"sourceDatasetId":"7v8c-cjjm","style":"NOT APPLICABLE"},"geometry":{"type":"Point","coordinates":[-114.03887800154203,51.05594975021451]}},{"type":"Feature","id":"amenity-dddff283134f","properties":{"id":"amenity-dddff283134f","layer":"amenity","assetCode":"CRE876","name":null,"type":"OTHER EQUIPMENT","status":"ACTIVE","nearCommunities":[{"communityCode":"SSD","intersectsCommunity":false,"distanceToCommunityM":158}],"sourceDatasetId":"7v8c-cjjm","style":"ART GALLERY"},"geometry":{"type":"Point","coordinates":[-114.06016346286157,51.05604166366055]}},{"type":"Feature","id":"amenity-0f748f7623ad","properties":{"id":"amenity-0f748f7623ad","layer":"amenity","assetCode":"CRE876","name":null,"type":"OTHER EQUIPMENT","status":"ACTIVE","nearCommunities":[{"communityCode":"SSD","intersectsCommunity":false,"distanceToCommunityM":153}],"sourceDatasetId":"7v8c-cjjm","style":"ART GALLERY"},"geometry":{"type":"Point","coordinates":[-114.06180614026198,51.057701831836106]}},{"type":"Feature","id":"amenity-08021d226970","properties":{"id":"amenity-08021d226970","layer":"amenity","assetCode":"CRE876","name":null,"type":"OTHER EQUIPMENT","status":"ACTIVE","nearCommunities":[{"communityCode":"SSD","intersectsCommunity":false,"distanceToCommunityM":158}],"sourceDatasetId":"7v8c-cjjm","style":"CIGARETTE DISPOSAL"},"geometry":{"type":"Point","coordinates":[-114.060178734745,51.056154479438]}},{"type":"Feature","id":"amenity-d1c0058feacc","properties":{"id":"amenity-d1c0058feacc","layer":"amenity","assetCode":"EAU120","name":null,"type":"BIKE STAND","status":"ACTIVE","nearCommunities":[{"communityCode":"SSD","intersectsCommunity":false,"distanceToCommunityM":149}],"sourceDatasetId":"7v8c-cjjm","style":"NOT APPLICABLE"},"geometry":{"type":"Point","coordinates":[-114.07157768467698,51.05509986116452]}},{"type":"Feature","id":"amenity-0eb10277a433","properties":{"id":"amenity-0eb10277a433","layer":"amenity","assetCode":"EAU120","name":null,"type":"BIKE STAND","status":"ACTIVE","nearCommunities":[{"communityCode":"SSD","intersectsCommunity":false,"distanceToCommunityM":91}],"sourceDatasetId":"7v8c-cjjm","style":"NOT APPLICABLE"},"geometry":{"type":"Point","coordinates":[-114.07106366442363,51.055814975137324]}},{"type":"Feature","id":"amenity-cb25e6c12502","properties":{"id":"amenity-cb25e6c12502","layer":"amenity","assetCode":"CRE871","name":null,"type":"OTHER EQUIPMENT","status":"ACTIVE","nearCommunities":[{"communityCode":"SSD","intersectsCommunity":false,"distanceToCommunityM":234}],"sourceDatasetId":"7v8c-cjjm","style":"CIGARETTE DISPOSAL"},"geometry":{"type":"Point","coordinates":[-114.06759473214008,51.06173866960501]}},{"type":"Feature","id":"amenity-27e1f750cafa","properties":{"id":"amenity-27e1f750cafa","layer":"amenity","assetCode":"CRE876","name":null,"type":"BIKE STAND","status":"ACTIVE","nearCommunities":[{"communityCode":"SSD","intersectsCommunity":false,"distanceToCommunityM":185}],"sourceDatasetId":"7v8c-cjjm","style":"UPRIGHT"},"geometry":{"type":"Point","coordinates":[-114.06036724399374,51.05703439090209]}},{"type":"Feature","id":"amenity-a31e761f29c5","properties":{"id":"amenity-a31e761f29c5","layer":"amenity","assetCode":"CRE876","name":null,"type":"OTHER EQUIPMENT","status":"ACTIVE","nearCommunities":[{"communityCode":"SSD","intersectsCommunity":false,"distanceToCommunityM":130}],"sourceDatasetId":"7v8c-cjjm","style":"ART GALLERY"},"geometry":{"type":"Point","coordinates":[-114.06140087566833,51.05705051765275]}},{"type":"Feature","id":"amenity-bb67da3c182c","properties":{"id":"amenity-bb67da3c182c","layer":"amenity","assetCode":"CRE876","name":null,"type":"OTHER EQUIPMENT","status":"ACTIVE","nearCommunities":[{"communityCode":"SSD","intersectsCommunity":false,"distanceToCommunityM":180}],"sourceDatasetId":"7v8c-cjjm","style":"ART GALLERY"},"geometry":{"type":"Point","coordinates":[-114.06021984246308,51.05682303062992]}},{"type":"Feature","id":"amenity-8f4b754dac29","properties":{"id":"amenity-8f4b754dac29","layer":"amenity","assetCode":"EAU120","name":null,"type":"BIKE STAND","status":"ACTIVE","nearCommunities":[{"communityCode":"SSD","intersectsCommunity":false,"distanceToCommunityM":150}],"sourceDatasetId":"7v8c-cjjm","style":"UPRIGHT"},"geometry":{"type":"Point","coordinates":[-114.07155390761608,51.055099400166085]}},{"type":"Feature","id":"amenity-4ca15a7b137c","properties":{"id":"amenity-4ca15a7b137c","layer":"amenity","assetCode":"CRE876","name":null,"type":"OTHER EQUIPMENT","status":"ACTIVE","nearCommunities":[{"communityCode":"SSD","intersectsCommunity":false,"distanceToCommunityM":54}],"sourceDatasetId":"7v8c-cjjm","style":"MINI ART GALLERY"},"geometry":{"type":"Point","coordinates":[-114.0616639459422,51.05583930170857]}},{"type":"Feature","id":"amenity-576d54d5e703","properties":{"id":"amenity-576d54d5e703","layer":"amenity","assetCode":"EAU120","name":null,"type":"BIKE STAND","status":"ACTIVE","nearCommunities":[{"communityCode":"SSD","intersectsCommunity":false,"distanceToCommunityM":201}],"sourceDatasetId":"7v8c-cjjm","style":"UPRIGHT"},"geometry":{"type":"Point","coordinates":[-114.07123443312695,51.05467870115908]}},{"type":"Feature","id":"amenity-ee00c879c64c","properties":{"id":"amenity-ee00c879c64c","layer":"amenity","assetCode":"CRE876","name":null,"type":"OTHER EQUIPMENT","status":"ACTIVE","nearCommunities":[{"communityCode":"SSD","intersectsCommunity":false,"distanceToCommunityM":76}],"sourceDatasetId":"7v8c-cjjm","style":"CIGARETTE DISPOSAL"},"geometry":{"type":"Point","coordinates":[-114.06135146421104,51.055501883379]}},{"type":"Feature","id":"amenity-ad5f0f571bc7","properties":{"id":"amenity-ad5f0f571bc7","layer":"amenity","assetCode":"EAU120","name":null,"type":"FLAG POLE","status":"ACTIVE","nearCommunities":[{"communityCode":"SSD","intersectsCommunity":false,"distanceToCommunityM":156}],"sourceDatasetId":"7v8c-cjjm","style":"NOT APPLICABLE"},"geometry":{"type":"Point","coordinates":[-114.0697080485583,51.055359449094595]}},{"type":"Feature","id":"amenity-76741753e7ae","properties":{"id":"amenity-76741753e7ae","layer":"amenity","assetCode":"DNW129","name":null,"type":"ELECTRIC PLUG IN","status":"ACTIVE","nearCommunities":[{"communityCode":"HIL","intersectsCommunity":false,"distanceToCommunityM":85},{"communityCode":"SSD","intersectsCommunity":false,"distanceToCommunityM":100}],"sourceDatasetId":"7v8c-cjjm","style":"NOT APPLICABLE"},"geometry":{"type":"Point","coordinates":[-114.08375382858183,51.04963049235591]}},{"type":"Feature","id":"amenity-24defcbc3447","properties":{"id":"amenity-24defcbc3447","layer":"amenity","assetCode":"BLN001","name":null,"type":"ELECTRIC PLUG IN","status":"ACTIVE","nearCommunities":[{"communityCode":"BLN","intersectsCommunity":true,"distanceToCommunityM":0}],"sourceDatasetId":"7v8c-cjjm","style":"NOT APPLICABLE"},"geometry":{"type":"Point","coordinates":[-114.08143939555613,51.03806608956372]}},{"type":"Feature","id":"amenity-a2b093d4c476","properties":{"id":"amenity-a2b093d4c476","layer":"amenity","assetCode":"EAU131","name":null,"type":"ELECTRIC PLUG IN","status":"ACTIVE","nearCommunities":[{"communityCode":"SSD","intersectsCommunity":false,"distanceToCommunityM":80}],"sourceDatasetId":"7v8c-cjjm","style":"NOT APPLICABLE"},"geometry":{"type":"Point","coordinates":[-114.07884611407981,51.0523889564728]}},{"type":"Feature","id":"amenity-36fc783499ea","properties":{"id":"amenity-36fc783499ea","layer":"amenity","assetCode":"DNC130","name":null,"type":"ELECTRIC PLUG IN","status":"ACTIVE","nearCommunities":[{"communityCode":"BLN","intersectsCommunity":false,"distanceToCommunityM":262}],"sourceDatasetId":"7v8c-cjjm","style":"NOT APPLICABLE"},"geometry":{"type":"Point","coordinates":[-114.07995590947193,51.04679760261937]}},{"type":"Feature","id":"amenity-12cdbdda3646","properties":{"id":"amenity-12cdbdda3646","layer":"amenity","assetCode":"DNW129","name":null,"type":"BIKE STAND","status":"ACTIVE","nearCommunities":[{"communityCode":"HIL","intersectsCommunity":false,"distanceToCommunityM":71},{"communityCode":"SSD","intersectsCommunity":false,"distanceToCommunityM":81}],"sourceDatasetId":"7v8c-cjjm","style":"NOT APPLICABLE"},"geometry":{"type":"Point","coordinates":[-114.08369207232981,51.049824496251176]}},{"type":"Feature","id":"amenity-00861be0dcc8","properties":{"id":"amenity-00861be0dcc8","layer":"amenity","assetCode":"EAU131","name":null,"type":"ELECTRIC PLUG IN","status":"ACTIVE","nearCommunities":[{"communityCode":"HIL","intersectsCommunity":false,"distanceToCommunityM":394},{"communityCode":"SSD","intersectsCommunity":false,"distanceToCommunityM":71}],"sourceDatasetId":"7v8c-cjjm","style":"NOT APPLICABLE"},"geometry":{"type":"Point","coordinates":[-114.07926095223448,51.052288306546096]}},{"type":"Feature","id":"amenity-6d101a16ccd6","properties":{"id":"amenity-6d101a16ccd6","layer":"amenity","assetCode":"EAU131","name":null,"type":"ELECTRIC PLUG IN","status":"ACTIVE","nearCommunities":[{"communityCode":"SSD","intersectsCommunity":false,"distanceToCommunityM":95}],"sourceDatasetId":"7v8c-cjjm","style":"NOT APPLICABLE"},"geometry":{"type":"Point","coordinates":[-114.07852814724536,51.052375006319124]}},{"type":"Feature","id":"amenity-8780e01150ba","properties":{"id":"amenity-8780e01150ba","layer":"amenity","assetCode":"DNC130","name":null,"type":"BIKE STAND","status":"ACTIVE","nearCommunities":[{"communityCode":"BLN","intersectsCommunity":false,"distanceToCommunityM":222}],"sourceDatasetId":"7v8c-cjjm","style":"UPRIGHT"},"geometry":{"type":"Point","coordinates":[-114.08082295256904,51.04645892493184]}},{"type":"Feature","id":"amenity-cc6f6a8b9406","properties":{"id":"amenity-cc6f6a8b9406","layer":"amenity","assetCode":"EAU131","name":null,"type":"ELECTRIC PLUG IN","status":"ACTIVE","nearCommunities":[{"communityCode":"SSD","intersectsCommunity":false,"distanceToCommunityM":74}],"sourceDatasetId":"7v8c-cjjm","style":"NOT APPLICABLE"},"geometry":{"type":"Point","coordinates":[-114.07886852590306,51.052450493086546]}},{"type":"Feature","id":"amenity-b51c5d5a5a4d","properties":{"id":"amenity-b51c5d5a5a4d","layer":"amenity","assetCode":"EAU131","name":null,"type":"ELECTRIC PLUG IN","status":"ACTIVE","nearCommunities":[{"communityCode":"SSD","intersectsCommunity":false,"distanceToCommunityM":78}],"sourceDatasetId":"7v8c-cjjm","style":"NOT APPLICABLE"},"geometry":{"type":"Point","coordinates":[-114.07858709505541,51.05254039198517]}},{"type":"Feature","id":"amenity-218e5cea883f","properties":{"id":"amenity-218e5cea883f","layer":"amenity","assetCode":"DNC130","name":null,"type":"BIKE STAND","status":"ACTIVE","nearCommunities":[{"communityCode":"BLN","intersectsCommunity":false,"distanceToCommunityM":221}],"sourceDatasetId":"7v8c-cjjm","style":"UPRIGHT"},"geometry":{"type":"Point","coordinates":[-114.08076822271353,51.04644837825395]}},{"type":"Feature","id":"amenity-357ef669df28","properties":{"id":"amenity-357ef669df28","layer":"amenity","assetCode":"EAU131","name":null,"type":"ELECTRIC PLUG IN","status":"ACTIVE","nearCommunities":[{"communityCode":"SSD","intersectsCommunity":false,"distanceToCommunityM":78}],"sourceDatasetId":"7v8c-cjjm","style":"NOT APPLICABLE"},"geometry":{"type":"Point","coordinates":[-114.07882820737402,51.05242031751237]}},{"type":"Feature","id":"amenity-4194b2858dbd","properties":{"id":"amenity-4194b2858dbd","layer":"amenity","assetCode":"DNC130","name":null,"type":"ELECTRIC PLUG IN","status":"ACTIVE","nearCommunities":[{"communityCode":"BLN","intersectsCommunity":false,"distanceToCommunityM":206}],"sourceDatasetId":"7v8c-cjjm","style":"NOT APPLICABLE"},"geometry":{"type":"Point","coordinates":[-114.08071307064073,51.046314675205586]}},{"type":"Feature","id":"amenity-1e3f6ef3148c","properties":{"id":"amenity-1e3f6ef3148c","layer":"amenity","assetCode":"EAU131","name":null,"type":"ELECTRIC PLUG IN","status":"ACTIVE","nearCommunities":[{"communityCode":"SSD","intersectsCommunity":false,"distanceToCommunityM":93}],"sourceDatasetId":"7v8c-cjjm","style":"NOT APPLICABLE"},"geometry":{"type":"Point","coordinates":[-114.07857674134208,51.052375086033344]}},{"type":"Feature","id":"amenity-a8fc78cd7e2d","properties":{"id":"amenity-a8fc78cd7e2d","layer":"amenity","assetCode":"EAU131","name":null,"type":"ELECTRIC PLUG IN","status":"ACTIVE","nearCommunities":[{"communityCode":"SSD","intersectsCommunity":false,"distanceToCommunityM":77}],"sourceDatasetId":"7v8c-cjjm","style":"NOT APPLICABLE"},"geometry":{"type":"Point","coordinates":[-114.07865174685473,51.052519546280934]}},{"type":"Feature","id":"amenity-1ce13fc4e563","properties":{"id":"amenity-1ce13fc4e563","layer":"amenity","assetCode":"EAU131","name":null,"type":"ELECTRIC PLUG IN","status":"ACTIVE","nearCommunities":[{"communityCode":"SSD","intersectsCommunity":false,"distanceToCommunityM":75}],"sourceDatasetId":"7v8c-cjjm","style":"NOT APPLICABLE"},"geometry":{"type":"Point","coordinates":[-114.07902027764149,51.05237035688852]}},{"type":"Feature","id":"amenity-a27a71127dd7","properties":{"id":"amenity-a27a71127dd7","layer":"amenity","assetCode":"DNC130","name":null,"type":"ELECTRIC PLUG IN","status":"ACTIVE","nearCommunities":[{"communityCode":"BLN","intersectsCommunity":false,"distanceToCommunityM":267}],"sourceDatasetId":"7v8c-cjjm","style":"NOT APPLICABLE"},"geometry":{"type":"Point","coordinates":[-114.07995862579081,51.04684041435808]}},{"type":"Feature","id":"amenity-d0be9964aba5","properties":{"id":"amenity-d0be9964aba5","layer":"amenity","assetCode":"EAU131","name":null,"type":"ELECTRIC PLUG IN","status":"ACTIVE","nearCommunities":[{"communityCode":"SSD","intersectsCommunity":false,"distanceToCommunityM":75}],"sourceDatasetId":"7v8c-cjjm","style":"NOT APPLICABLE"},"geometry":{"type":"Point","coordinates":[-114.07878810840435,51.05247327603666]}},{"type":"Feature","id":"amenity-dd841b5d0583","properties":{"id":"amenity-dd841b5d0583","layer":"amenity","assetCode":"EAU131","name":null,"type":"ELECTRIC PLUG IN","status":"ACTIVE","nearCommunities":[{"communityCode":"SSD","intersectsCommunity":false,"distanceToCommunityM":79}],"sourceDatasetId":"7v8c-cjjm","style":"NOT APPLICABLE"},"geometry":{"type":"Point","coordinates":[-114.07871925515327,51.05246653878268]}},{"type":"Feature","id":"amenity-268efd16c7e1","properties":{"id":"amenity-268efd16c7e1","layer":"amenity","assetCode":"DNC130","name":null,"type":"ELECTRIC PLUG IN","status":"ACTIVE","nearCommunities":[{"communityCode":"BLN","intersectsCommunity":false,"distanceToCommunityM":200}],"sourceDatasetId":"7v8c-cjjm","style":"NOT APPLICABLE"},"geometry":{"type":"Point","coordinates":[-114.08092381398485,51.04626457983397]}},{"type":"Feature","id":"amenity-3100780b741e","properties":{"id":"amenity-3100780b741e","layer":"amenity","assetCode":"EAU131","name":null,"type":"ELECTRIC PLUG IN","status":"ACTIVE","nearCommunities":[{"communityCode":"SSD","intersectsCommunity":false,"distanceToCommunityM":78}],"sourceDatasetId":"7v8c-cjjm","style":"NOT APPLICABLE"},"geometry":{"type":"Point","coordinates":[-114.07890651656831,51.05239074691891]}},{"type":"Feature","id":"amenity-bf48f89026a8","properties":{"id":"amenity-bf48f89026a8","layer":"amenity","assetCode":"EAU131","name":null,"type":"ELECTRIC PLUG IN","status":"ACTIVE","nearCommunities":[{"communityCode":"SSD","intersectsCommunity":false,"distanceToCommunityM":78}],"sourceDatasetId":"7v8c-cjjm","style":"NOT APPLICABLE"},"geometry":{"type":"Point","coordinates":[-114.07867589340704,51.05248964549494]}},{"type":"Feature","id":"amenity-dc5af3a234b2","properties":{"id":"amenity-dc5af3a234b2","layer":"amenity","assetCode":"EAU131","name":null,"type":"ELECTRIC PLUG IN","status":"ACTIVE","nearCommunities":[{"communityCode":"SSD","intersectsCommunity":false,"distanceToCommunityM":80}],"sourceDatasetId":"7v8c-cjjm","style":"NOT APPLICABLE"},"geometry":{"type":"Point","coordinates":[-114.07843691159354,51.05260148903019]}},{"type":"Feature","id":"amenity-ddc741e96c86","properties":{"id":"amenity-ddc741e96c86","layer":"amenity","assetCode":"EAU131","name":null,"type":"ELECTRIC PLUG IN","status":"ACTIVE","nearCommunities":[{"communityCode":"SSD","intersectsCommunity":false,"distanceToCommunityM":78}],"sourceDatasetId":"7v8c-cjjm","style":"NOT APPLICABLE"},"geometry":{"type":"Point","coordinates":[-114.0787827161421,51.0524408330645]}},{"type":"Feature","id":"amenity-ba8c9e99e2c3","properties":{"id":"amenity-ba8c9e99e2c3","layer":"amenity","assetCode":"DNC130","name":null,"type":"ELECTRIC PLUG IN","status":"ACTIVE","nearCommunities":[{"communityCode":"BLN","intersectsCommunity":false,"distanceToCommunityM":217}],"sourceDatasetId":"7v8c-cjjm","style":"NOT APPLICABLE"},"geometry":{"type":"Point","coordinates":[-114.08089813978287,51.04641771612345]}},{"type":"Feature","id":"amenity-6033e131a248","properties":{"id":"amenity-6033e131a248","layer":"amenity","assetCode":"DNW129","name":null,"type":"ELECTRIC PLUG IN","status":"ACTIVE","nearCommunities":[{"communityCode":"HIL","intersectsCommunity":false,"distanceToCommunityM":74},{"communityCode":"SSD","intersectsCommunity":false,"distanceToCommunityM":88}],"sourceDatasetId":"7v8c-cjjm","style":"NOT APPLICABLE"},"geometry":{"type":"Point","coordinates":[-114.08378650241907,51.04973285923671]}},{"type":"Feature","id":"amenity-e1013591138f","properties":{"id":"amenity-e1013591138f","layer":"amenity","assetCode":"EAU131","name":null,"type":"ELECTRIC PLUG IN","status":"ACTIVE","nearCommunities":[{"communityCode":"SSD","intersectsCommunity":false,"distanceToCommunityM":79}],"sourceDatasetId":"7v8c-cjjm","style":"NOT APPLICABLE"},"geometry":{"type":"Point","coordinates":[-114.07862063461867,51.05251262534805]}},{"type":"Feature","id":"amenity-e86b95a58dd0","properties":{"id":"amenity-e86b95a58dd0","layer":"amenity","assetCode":"EAU131","name":null,"type":"ELECTRIC PLUG IN","status":"ACTIVE","nearCommunities":[{"communityCode":"HIL","intersectsCommunity":false,"distanceToCommunityM":388},{"communityCode":"SSD","intersectsCommunity":false,"distanceToCommunityM":73}],"sourceDatasetId":"7v8c-cjjm","style":"NOT APPLICABLE"},"geometry":{"type":"Point","coordinates":[-114.0793126355697,51.05223492826844]}},{"type":"Feature","id":"amenity-0e4c4a5271be","properties":{"id":"amenity-0e4c4a5271be","layer":"amenity","assetCode":"DNW129","name":null,"type":"ELECTRIC PLUG IN","status":"ACTIVE","nearCommunities":[{"communityCode":"HIL","intersectsCommunity":false,"distanceToCommunityM":94},{"communityCode":"SSD","intersectsCommunity":false,"distanceToCommunityM":112}],"sourceDatasetId":"7v8c-cjjm","style":"NOT APPLICABLE"},"geometry":{"type":"Point","coordinates":[-114.08377369328478,51.04951845083211]}},{"type":"Feature","id":"amenity-a55d6787dcd0","properties":{"id":"amenity-a55d6787dcd0","layer":"amenity","assetCode":"DNC130","name":null,"type":"BIKE STAND","status":"ACTIVE","nearCommunities":[{"communityCode":"BLN","intersectsCommunity":false,"distanceToCommunityM":222}],"sourceDatasetId":"7v8c-cjjm","style":"UPRIGHT"},"geometry":{"type":"Point","coordinates":[-114.08081163018853,51.04645702963439]}},{"type":"Feature","id":"amenity-44d39036a4ed","properties":{"id":"amenity-44d39036a4ed","layer":"amenity","assetCode":"DNW129","name":null,"type":"BIKE STAND","status":"ACTIVE","nearCommunities":[{"communityCode":"HIL","intersectsCommunity":false,"distanceToCommunityM":72},{"communityCode":"SSD","intersectsCommunity":false,"distanceToCommunityM":81}],"sourceDatasetId":"7v8c-cjjm","style":"NOT APPLICABLE"},"geometry":{"type":"Point","coordinates":[-114.08367489362622,51.049823765099916]}},{"type":"Feature","id":"amenity-b9c3c30a0bf5","properties":{"id":"amenity-b9c3c30a0bf5","layer":"amenity","assetCode":"DNC130","name":null,"type":"ELECTRIC PLUG IN","status":"ACTIVE","nearCommunities":[{"communityCode":"BLN","intersectsCommunity":false,"distanceToCommunityM":205}],"sourceDatasetId":"7v8c-cjjm","style":"NOT APPLICABLE"},"geometry":{"type":"Point","coordinates":[-114.08086965310594,51.046310403826006]}},{"type":"Feature","id":"amenity-1cd8c3460ec2","properties":{"id":"amenity-1cd8c3460ec2","layer":"amenity","assetCode":"DNC130","name":null,"type":"ELECTRICAL PANEL","status":"ACTIVE","nearCommunities":[{"communityCode":"BLN","intersectsCommunity":false,"distanceToCommunityM":250}],"sourceDatasetId":"7v8c-cjjm","style":"NOT APPLICABLE"},"geometry":{"type":"Point","coordinates":[-114.08015005527146,51.04669352767142]}},{"type":"Feature","id":"amenity-200e354d637f","properties":{"id":"amenity-200e354d637f","layer":"amenity","assetCode":"DNC130","name":null,"type":"ELECTRIC PLUG IN","status":"ACTIVE","nearCommunities":[{"communityCode":"BLN","intersectsCommunity":false,"distanceToCommunityM":198}],"sourceDatasetId":"7v8c-cjjm","style":"NOT APPLICABLE"},"geometry":{"type":"Point","coordinates":[-114.08096671237071,51.04625206248733]}},{"type":"Feature","id":"amenity-181a1508c4ea","properties":{"id":"amenity-181a1508c4ea","layer":"amenity","assetCode":"DNC130","name":null,"type":"ELECTRIC PLUG IN","status":"ACTIVE","nearCommunities":[{"communityCode":"BLN","intersectsCommunity":false,"distanceToCommunityM":200}],"sourceDatasetId":"7v8c-cjjm","style":"NOT APPLICABLE"},"geometry":{"type":"Point","coordinates":[-114.08075920853365,51.046266477247755]}},{"type":"Feature","id":"amenity-7216ae63a930","properties":{"id":"amenity-7216ae63a930","layer":"amenity","assetCode":"BLN016","name":null,"type":"BIKE STAND","status":"ACTIVE","nearCommunities":[{"communityCode":"BLN","intersectsCommunity":true,"distanceToCommunityM":0}],"sourceDatasetId":"7v8c-cjjm","style":"UPRIGHT"},"geometry":{"type":"Point","coordinates":[-114.0838352162883,51.04120809877021]}},{"type":"Feature","id":"amenity-f3fcc30c89ed","properties":{"id":"amenity-f3fcc30c89ed","layer":"amenity","assetCode":"DNC130","name":null,"type":"BIKE STAND","status":"ACTIVE","nearCommunities":[{"communityCode":"BLN","intersectsCommunity":false,"distanceToCommunityM":221}],"sourceDatasetId":"7v8c-cjjm","style":"UPRIGHT"},"geometry":{"type":"Point","coordinates":[-114.08077916900884,51.04645051114445]}},{"type":"Feature","id":"amenity-fec87778e317","properties":{"id":"amenity-fec87778e317","layer":"amenity","assetCode":"EAU131","name":null,"type":"ELECTRIC PLUG IN","status":"ACTIVE","nearCommunities":[{"communityCode":"SSD","intersectsCommunity":false,"distanceToCommunityM":87}],"sourceDatasetId":"7v8c-cjjm","style":"NOT APPLICABLE"},"geometry":{"type":"Point","coordinates":[-114.07859510824086,51.0524318177149]}},{"type":"Feature","id":"amenity-aa0746358bdb","properties":{"id":"amenity-aa0746358bdb","layer":"amenity","assetCode":"EAU131","name":null,"type":"ELECTRIC PLUG IN","status":"ACTIVE","nearCommunities":[{"communityCode":"SSD","intersectsCommunity":false,"distanceToCommunityM":84}],"sourceDatasetId":"7v8c-cjjm","style":"NOT APPLICABLE"},"geometry":{"type":"Point","coordinates":[-114.07841279912903,51.052568929150496]}},{"type":"Feature","id":"amenity-b61a43404271","properties":{"id":"amenity-b61a43404271","layer":"amenity","assetCode":"EAU131","name":null,"type":"ELECTRIC PLUG IN","status":"ACTIVE","nearCommunities":[{"communityCode":"SSD","intersectsCommunity":false,"distanceToCommunityM":78}],"sourceDatasetId":"7v8c-cjjm","style":"NOT APPLICABLE"},"geometry":{"type":"Point","coordinates":[-114.07875674878433,51.05245420210037]}},{"type":"Feature","id":"amenity-41c48b38798c","properties":{"id":"amenity-41c48b38798c","layer":"amenity","assetCode":"EAU131","name":null,"type":"ELECTRIC PLUG IN","status":"ACTIVE","nearCommunities":[{"communityCode":"SSD","intersectsCommunity":false,"distanceToCommunityM":94}],"sourceDatasetId":"7v8c-cjjm","style":"NOT APPLICABLE"},"geometry":{"type":"Point","coordinates":[-114.07844213096978,51.05242112202279]}},{"type":"Feature","id":"amenity-26be0a265c79","properties":{"id":"amenity-26be0a265c79","layer":"amenity","assetCode":"DNC130","name":null,"type":"BIKE STAND","status":"ACTIVE","nearCommunities":[{"communityCode":"BLN","intersectsCommunity":false,"distanceToCommunityM":220}],"sourceDatasetId":"7v8c-cjjm","style":"UPRIGHT"},"geometry":{"type":"Point","coordinates":[-114.08073557249323,51.04644221677488]}},{"type":"Feature","id":"amenity-8ccbd497592f","properties":{"id":"amenity-8ccbd497592f","layer":"amenity","assetCode":"DNC130","name":null,"type":"BIKE STAND","status":"ACTIVE","nearCommunities":[{"communityCode":"BLN","intersectsCommunity":false,"distanceToCommunityM":220}],"sourceDatasetId":"7v8c-cjjm","style":"UPRIGHT"},"geometry":{"type":"Point","coordinates":[-114.08075765270542,51.046446125538985]}},{"type":"Feature","id":"amenity-a127fe0dc50c","properties":{"id":"amenity-a127fe0dc50c","layer":"amenity","assetCode":"EAU131","name":null,"type":"ELECTRIC PLUG IN","status":"ACTIVE","nearCommunities":[{"communityCode":"SSD","intersectsCommunity":false,"distanceToCommunityM":85}],"sourceDatasetId":"7v8c-cjjm","style":"NOT APPLICABLE"},"geometry":{"type":"Point","coordinates":[-114.0784201488374,51.05254610650558]}},{"type":"Feature","id":"amenity-7f5aec2e1cce","properties":{"id":"amenity-7f5aec2e1cce","layer":"amenity","assetCode":"EAU131","name":null,"type":"ELECTRIC PLUG IN","status":"ACTIVE","nearCommunities":[{"communityCode":"SSD","intersectsCommunity":false,"distanceToCommunityM":90}],"sourceDatasetId":"7v8c-cjjm","style":"NOT APPLICABLE"},"geometry":{"type":"Point","coordinates":[-114.07851996656534,51.05242763405714]}},{"type":"Feature","id":"amenity-d8ddad54af73","properties":{"id":"amenity-d8ddad54af73","layer":"amenity","assetCode":"EAU131","name":null,"type":"ELECTRIC PLUG IN","status":"ACTIVE","nearCommunities":[{"communityCode":"SSD","intersectsCommunity":false,"distanceToCommunityM":71}],"sourceDatasetId":"7v8c-cjjm","style":"NOT APPLICABLE"},"geometry":{"type":"Point","coordinates":[-114.07912252235592,51.05236567239789]}},{"type":"Feature","id":"amenity-f564b311d540","properties":{"id":"amenity-f564b311d540","layer":"amenity","assetCode":"DNC130","name":null,"type":"BIKE STAND","status":"ACTIVE","nearCommunities":[{"communityCode":"BLN","intersectsCommunity":false,"distanceToCommunityM":222}],"sourceDatasetId":"7v8c-cjjm","style":"UPRIGHT"},"geometry":{"type":"Point","coordinates":[-114.08084465775133,51.04646366638802]}},{"type":"Feature","id":"amenity-2e55a069cf53","properties":{"id":"amenity-2e55a069cf53","layer":"amenity","assetCode":"BLN016","name":null,"type":"BIKE STAND","status":"ACTIVE","nearCommunities":[{"communityCode":"BLN","intersectsCommunity":true,"distanceToCommunityM":0}],"sourceDatasetId":"7v8c-cjjm","style":"UPRIGHT"},"geometry":{"type":"Point","coordinates":[-114.0837828951582,51.04178128615524]}},{"type":"Feature","id":"amenity-488dcd3c46bb","properties":{"id":"amenity-488dcd3c46bb","layer":"amenity","assetCode":"DNC130","name":null,"type":"ELECTRIC PLUG IN","status":"ACTIVE","nearCommunities":[{"communityCode":"BLN","intersectsCommunity":false,"distanceToCommunityM":201}],"sourceDatasetId":"7v8c-cjjm","style":"NOT APPLICABLE"},"geometry":{"type":"Point","coordinates":[-114.08057195264516,51.046261254895384]}},{"type":"Feature","id":"amenity-0638d2d35e44","properties":{"id":"amenity-0638d2d35e44","layer":"amenity","assetCode":"DNC130","name":null,"type":"ELECTRIC PLUG IN","status":"ACTIVE","nearCommunities":[{"communityCode":"BLN","intersectsCommunity":false,"distanceToCommunityM":193}],"sourceDatasetId":"7v8c-cjjm","style":"NOT APPLICABLE"},"geometry":{"type":"Point","coordinates":[-114.08081758394879,51.04620281116708]}},{"type":"Feature","id":"amenity-d007420f8ee2","properties":{"id":"amenity-d007420f8ee2","layer":"amenity","assetCode":"DNC130","name":null,"type":"ELECTRIC PLUG IN","status":"ACTIVE","nearCommunities":[{"communityCode":"BLN","intersectsCommunity":false,"distanceToCommunityM":212}],"sourceDatasetId":"7v8c-cjjm","style":"NOT APPLICABLE"},"geometry":{"type":"Point","coordinates":[-114.08079947619173,51.04636813228147]}},{"type":"Feature","id":"amenity-dc4ede6f7a69","properties":{"id":"amenity-dc4ede6f7a69","layer":"amenity","assetCode":"EAU131","name":null,"type":"ELECTRIC PLUG IN","status":"ACTIVE","nearCommunities":[{"communityCode":"SSD","intersectsCommunity":false,"distanceToCommunityM":73}],"sourceDatasetId":"7v8c-cjjm","style":"NOT APPLICABLE"},"geometry":{"type":"Point","coordinates":[-114.07915281052028,51.05232678032879]}},{"type":"Feature","id":"amenity-67de8f1b38dc","properties":{"id":"amenity-67de8f1b38dc","layer":"amenity","assetCode":"EAU131","name":null,"type":"ELECTRIC PLUG IN","status":"ACTIVE","nearCommunities":[{"communityCode":"SSD","intersectsCommunity":false,"distanceToCommunityM":91}],"sourceDatasetId":"7v8c-cjjm","style":"NOT APPLICABLE"},"geometry":{"type":"Point","coordinates":[-114.0784856721669,51.05244170802675]}},{"type":"Feature","id":"amenity-1b52d8d751f9","properties":{"id":"amenity-1b52d8d751f9","layer":"amenity","assetCode":"EAU131","name":null,"type":"ELECTRIC PLUG IN","status":"ACTIVE","nearCommunities":[{"communityCode":"SSD","intersectsCommunity":false,"distanceToCommunityM":71}],"sourceDatasetId":"7v8c-cjjm","style":"NOT APPLICABLE"},"geometry":{"type":"Point","coordinates":[-114.07906258826806,51.05238682262068]}},{"type":"Feature","id":"amenity-ab0863efaf14","properties":{"id":"amenity-ab0863efaf14","layer":"amenity","assetCode":"DNC130","name":null,"type":"ELECTRICAL PANEL","status":"ACTIVE","nearCommunities":[{"communityCode":"BLN","intersectsCommunity":false,"distanceToCommunityM":223}],"sourceDatasetId":"7v8c-cjjm","style":"NOT APPLICABLE"},"geometry":{"type":"Point","coordinates":[-114.08021830844925,51.046450155770536]}},{"type":"Feature","id":"amenity-f1b49703dbcd","properties":{"id":"amenity-f1b49703dbcd","layer":"amenity","assetCode":"EAU131","name":null,"type":"ELECTRIC PLUG IN","status":"ACTIVE","nearCommunities":[{"communityCode":"SSD","intersectsCommunity":false,"distanceToCommunityM":82}],"sourceDatasetId":"7v8c-cjjm","style":"NOT APPLICABLE"},"geometry":{"type":"Point","coordinates":[-114.07879527791714,51.05238892962346]}},{"type":"Feature","id":"amenity-fe5500d07458","properties":{"id":"amenity-fe5500d07458","layer":"amenity","assetCode":"DNC130","name":null,"type":"ELECTRIC PLUG IN","status":"ACTIVE","nearCommunities":[{"communityCode":"BLN","intersectsCommunity":false,"distanceToCommunityM":198}],"sourceDatasetId":"7v8c-cjjm","style":"NOT APPLICABLE"},"geometry":{"type":"Point","coordinates":[-114.08073039842955,51.04624360389779]}},{"type":"Feature","id":"amenity-b729600c6cac","properties":{"id":"amenity-b729600c6cac","layer":"amenity","assetCode":"EAU131","name":null,"type":"ELECTRIC PLUG IN","status":"ACTIVE","nearCommunities":[{"communityCode":"SSD","intersectsCommunity":false,"distanceToCommunityM":81}],"sourceDatasetId":"7v8c-cjjm","style":"NOT APPLICABLE"},"geometry":{"type":"Point","coordinates":[-114.0786249980165,51.052483344683836]}},{"type":"Feature","id":"amenity-8162921637ae","properties":{"id":"amenity-8162921637ae","layer":"amenity","assetCode":"DNW129","name":null,"type":"ELECTRIC PLUG IN","status":"ACTIVE","nearCommunities":[{"communityCode":"HIL","intersectsCommunity":false,"distanceToCommunityM":85},{"communityCode":"SSD","intersectsCommunity":false,"distanceToCommunityM":101}],"sourceDatasetId":"7v8c-cjjm","style":"NOT APPLICABLE"},"geometry":{"type":"Point","coordinates":[-114.08378438047735,51.04961601497792]}},{"type":"Feature","id":"amenity-0ff686726606","properties":{"id":"amenity-0ff686726606","layer":"amenity","assetCode":"EAU131","name":null,"type":"ELECTRIC PLUG IN","status":"ACTIVE","nearCommunities":[{"communityCode":"SSD","intersectsCommunity":false,"distanceToCommunityM":85}],"sourceDatasetId":"7v8c-cjjm","style":"NOT APPLICABLE"},"geometry":{"type":"Point","coordinates":[-114.07863327775304,51.05243537175083]}},{"type":"Feature","id":"amenity-2a334b72683a","properties":{"id":"amenity-2a334b72683a","layer":"amenity","assetCode":"EAU131","name":null,"type":"ELECTRIC PLUG IN","status":"ACTIVE","nearCommunities":[{"communityCode":"SSD","intersectsCommunity":false,"distanceToCommunityM":75}],"sourceDatasetId":"7v8c-cjjm","style":"NOT APPLICABLE"},"geometry":{"type":"Point","coordinates":[-114.07895856794678,51.052390778292846]}},{"type":"Feature","id":"amenity-67dad363e7fe","properties":{"id":"amenity-67dad363e7fe","layer":"amenity","assetCode":"DNW129","name":null,"type":"BIKE STAND","status":"ACTIVE","nearCommunities":[{"communityCode":"HIL","intersectsCommunity":false,"distanceToCommunityM":68},{"communityCode":"SSD","intersectsCommunity":false,"distanceToCommunityM":80}],"sourceDatasetId":"7v8c-cjjm","style":"NOT APPLICABLE"},"geometry":{"type":"Point","coordinates":[-114.08378330550472,51.04980674360177]}},{"type":"Feature","id":"amenity-6ef54ef01cd3","properties":{"id":"amenity-6ef54ef01cd3","layer":"amenity","assetCode":"DNC130","name":null,"type":"BIKE STAND","status":"ACTIVE","nearCommunities":[{"communityCode":"BLN","intersectsCommunity":false,"distanceToCommunityM":220}],"sourceDatasetId":"7v8c-cjjm","style":"UPRIGHT"},"geometry":{"type":"Point","coordinates":[-114.08074670661843,51.04644411131078]}},{"type":"Feature","id":"amenity-40bc848b7808","properties":{"id":"amenity-40bc848b7808","layer":"amenity","assetCode":"EAU131","name":null,"type":"ELECTRIC PLUG IN","status":"ACTIVE","nearCommunities":[{"communityCode":"SSD","intersectsCommunity":false,"distanceToCommunityM":94}],"sourceDatasetId":"7v8c-cjjm","style":"NOT APPLICABLE"},"geometry":{"type":"Point","coordinates":[-114.07843103038037,51.052432274930304]}},{"type":"Feature","id":"amenity-d0b8ac3436e8","properties":{"id":"amenity-d0b8ac3436e8","layer":"amenity","assetCode":"EAU131","name":null,"type":"ELECTRIC PLUG IN","status":"ACTIVE","nearCommunities":[{"communityCode":"SSD","intersectsCommunity":false,"distanceToCommunityM":81}],"sourceDatasetId":"7v8c-cjjm","style":"NOT APPLICABLE"},"geometry":{"type":"Point","coordinates":[-114.07854615677338,51.052528268094186]}},{"type":"Feature","id":"amenity-b82c0be0357e","properties":{"id":"amenity-b82c0be0357e","layer":"amenity","assetCode":"DNC130","name":null,"type":"BIKE STAND","status":"ACTIVE","nearCommunities":[{"communityCode":"BLN","intersectsCommunity":false,"distanceToCommunityM":221}],"sourceDatasetId":"7v8c-cjjm","style":"UPRIGHT"},"geometry":{"type":"Point","coordinates":[-114.08078992583995,51.046452763728325]}},{"type":"Feature","id":"amenity-fddce6cacda9","properties":{"id":"amenity-fddce6cacda9","layer":"amenity","assetCode":"EAU131","name":null,"type":"ELECTRIC PLUG IN","status":"ACTIVE","nearCommunities":[{"communityCode":"SSD","intersectsCommunity":false,"distanceToCommunityM":74}],"sourceDatasetId":"7v8c-cjjm","style":"NOT APPLICABLE"},"geometry":{"type":"Point","coordinates":[-114.07889249760703,51.05243363286547]}},{"type":"Feature","id":"amenity-ed8cf5b95200","properties":{"id":"amenity-ed8cf5b95200","layer":"amenity","assetCode":"DNW129","name":null,"type":"BIKE STAND","status":"ACTIVE","nearCommunities":[{"communityCode":"HIL","intersectsCommunity":false,"distanceToCommunityM":69},{"communityCode":"SSD","intersectsCommunity":false,"distanceToCommunityM":81}],"sourceDatasetId":"7v8c-cjjm","style":"NOT APPLICABLE"},"geometry":{"type":"Point","coordinates":[-114.08376650911046,51.04979973016857]}},{"type":"Feature","id":"amenity-038a3ad1a493","properties":{"id":"amenity-038a3ad1a493","layer":"amenity","assetCode":"DNC130","name":null,"type":"BIKE STAND","status":"ACTIVE","nearCommunities":[{"communityCode":"BLN","intersectsCommunity":false,"distanceToCommunityM":222}],"sourceDatasetId":"7v8c-cjjm","style":"UPRIGHT"},"geometry":{"type":"Point","coordinates":[-114.08083352320283,51.04646153363385]}},{"type":"Feature","id":"amenity-19479bc09364","properties":{"id":"amenity-19479bc09364","layer":"amenity","assetCode":"DNC130","name":null,"type":"ELECTRIC PLUG IN","status":"ACTIVE","nearCommunities":[{"communityCode":"BLN","intersectsCommunity":false,"distanceToCommunityM":223}],"sourceDatasetId":"7v8c-cjjm","style":"NOT APPLICABLE"},"geometry":{"type":"Point","coordinates":[-114.08020925755444,51.046453016222024]}},{"type":"Feature","id":"amenity-9214023fa959","properties":{"id":"amenity-9214023fa959","layer":"amenity","assetCode":"EAU131","name":null,"type":"ELECTRIC PLUG IN","status":"ACTIVE","nearCommunities":[{"communityCode":"SSD","intersectsCommunity":false,"distanceToCommunityM":79}],"sourceDatasetId":"7v8c-cjjm","style":"NOT APPLICABLE"},"geometry":{"type":"Point","coordinates":[-114.07847405752294,51.05258501110699]}},{"type":"Feature","id":"amenity-d73ec120158e","properties":{"id":"amenity-d73ec120158e","layer":"amenity","assetCode":"EAU131","name":null,"type":"ELECTRIC PLUG IN","status":"ACTIVE","nearCommunities":[{"communityCode":"SSD","intersectsCommunity":false,"distanceToCommunityM":75}],"sourceDatasetId":"7v8c-cjjm","style":"NOT APPLICABLE"},"geometry":{"type":"Point","coordinates":[-114.07882606191923,51.05245458778295]}},{"type":"Feature","id":"amenity-adf8a15a1164","properties":{"id":"amenity-adf8a15a1164","layer":"amenity","assetCode":"EAU131","name":null,"type":"ELECTRIC PLUG IN","status":"ACTIVE","nearCommunities":[{"communityCode":"SSD","intersectsCommunity":false,"distanceToCommunityM":93}],"sourceDatasetId":"7v8c-cjjm","style":"NOT APPLICABLE"},"geometry":{"type":"Point","coordinates":[-114.07848625480693,51.05241428178891]}},{"type":"Feature","id":"amenity-558cc98ffa45","properties":{"id":"amenity-558cc98ffa45","layer":"amenity","assetCode":"DNC130","name":null,"type":"ELECTRIC PLUG IN","status":"ACTIVE","nearCommunities":[{"communityCode":"BLN","intersectsCommunity":false,"distanceToCommunityM":205}],"sourceDatasetId":"7v8c-cjjm","style":"NOT APPLICABLE"},"geometry":{"type":"Point","coordinates":[-114.08064891131092,51.04630728588406]}},{"type":"Feature","id":"amenity-3a5cd49cb0c7","properties":{"id":"amenity-3a5cd49cb0c7","layer":"amenity","assetCode":"BLN013","name":null,"type":"BIKE STAND","status":"ACTIVE","nearCommunities":[{"communityCode":"BLN","intersectsCommunity":true,"distanceToCommunityM":0}],"sourceDatasetId":"7v8c-cjjm","style":"NOT APPLICABLE"},"geometry":{"type":"Point","coordinates":[-114.08416240378676,51.03834913801977]}},{"type":"Feature","id":"amenity-73768603ff98","properties":{"id":"amenity-73768603ff98","layer":"amenity","assetCode":"BLN001","name":null,"type":"ELECTRIC PLUG IN","status":"ACTIVE","nearCommunities":[{"communityCode":"BLN","intersectsCommunity":true,"distanceToCommunityM":0}],"sourceDatasetId":"7v8c-cjjm","style":"NOT APPLICABLE"},"geometry":{"type":"Point","coordinates":[-114.07956570154025,51.037944988382115]}},{"type":"Feature","id":"amenity-f5871ae78336","properties":{"id":"amenity-f5871ae78336","layer":"amenity","assetCode":"EAU131","name":null,"type":"BIKE STAND","status":"ACTIVE","nearCommunities":[{"communityCode":"SSD","intersectsCommunity":false,"distanceToCommunityM":124}],"sourceDatasetId":"7v8c-cjjm","style":"NOT APPLICABLE"},"geometry":{"type":"Point","coordinates":[-114.07615296815472,51.05330305778288]}},{"type":"Feature","id":"amenity-8b703bf67672","properties":{"id":"amenity-8b703bf67672","layer":"amenity","assetCode":"EAU131","name":null,"type":"ELECTRIC PLUG IN","status":"ACTIVE","nearCommunities":[{"communityCode":"SSD","intersectsCommunity":false,"distanceToCommunityM":73}],"sourceDatasetId":"7v8c-cjjm","style":"NOT APPLICABLE"},"geometry":{"type":"Point","coordinates":[-114.0789203503162,51.052435271767806]}},{"type":"Feature","id":"amenity-356a0abb6c14","properties":{"id":"amenity-356a0abb6c14","layer":"amenity","assetCode":"EAU131","name":null,"type":"ELECTRIC PLUG IN","status":"ACTIVE","nearCommunities":[{"communityCode":"SSD","intersectsCommunity":false,"distanceToCommunityM":82}],"sourceDatasetId":"7v8c-cjjm","style":"NOT APPLICABLE"},"geometry":{"type":"Point","coordinates":[-114.0786720321808,51.05245499540925]}},{"type":"Feature","id":"amenity-a46e47221314","properties":{"id":"amenity-a46e47221314","layer":"amenity","assetCode":"EAU131","name":null,"type":"BIKE STAND","status":"ACTIVE","nearCommunities":[{"communityCode":"SSD","intersectsCommunity":false,"distanceToCommunityM":122}],"sourceDatasetId":"7v8c-cjjm","style":"NOT APPLICABLE"},"geometry":{"type":"Point","coordinates":[-114.07619162861279,51.053289950746134]}},{"type":"Feature","id":"amenity-dfc55c9937e7","properties":{"id":"amenity-dfc55c9937e7","layer":"amenity","assetCode":"DNC130","name":null,"type":"BIKE STAND","status":"ACTIVE","nearCommunities":[{"communityCode":"BLN","intersectsCommunity":false,"distanceToCommunityM":221}],"sourceDatasetId":"7v8c-cjjm","style":"UPRIGHT"},"geometry":{"type":"Point","coordinates":[-114.08080087213727,51.04645489661679]}},{"type":"Feature","id":"amenity-6d68c51afab5","properties":{"id":"amenity-6d68c51afab5","layer":"amenity","assetCode":"BLN016","name":null,"type":"BIKE STAND","status":"ACTIVE","nearCommunities":[{"communityCode":"BLN","intersectsCommunity":true,"distanceToCommunityM":0}],"sourceDatasetId":"7v8c-cjjm","style":"UPRIGHT"},"geometry":{"type":"Point","coordinates":[-114.08316128179717,51.04152207585537]}},{"type":"Feature","id":"amenity-ba94722efbe3","properties":{"id":"amenity-ba94722efbe3","layer":"amenity","assetCode":"BLN016","name":null,"type":"BIKE STAND","status":"ACTIVE","nearCommunities":[{"communityCode":"BLN","intersectsCommunity":true,"distanceToCommunityM":0}],"sourceDatasetId":"7v8c-cjjm","style":"UPRIGHT"},"geometry":{"type":"Point","coordinates":[-114.08388164504395,51.04183728073454]}},{"type":"Feature","id":"amenity-f59f26d15245","properties":{"id":"amenity-f59f26d15245","layer":"amenity","assetCode":"EAU131","name":null,"type":"ELECTRIC PLUG IN","status":"ACTIVE","nearCommunities":[{"communityCode":"SSD","intersectsCommunity":false,"distanceToCommunityM":82}],"sourceDatasetId":"7v8c-cjjm","style":"NOT APPLICABLE"},"geometry":{"type":"Point","coordinates":[-114.07839607250305,51.05260672956844]}},{"type":"Feature","id":"amenity-238758f21840","properties":{"id":"amenity-238758f21840","layer":"amenity","assetCode":"EAU131","name":null,"type":"ELECTRIC PLUG IN","status":"ACTIVE","nearCommunities":[{"communityCode":"SSD","intersectsCommunity":false,"distanceToCommunityM":91}],"sourceDatasetId":"7v8c-cjjm","style":"NOT APPLICABLE"},"geometry":{"type":"Point","coordinates":[-114.07861624134027,51.052375151167915]}},{"type":"Feature","id":"amenity-339ce4a61693","properties":{"id":"amenity-339ce4a61693","layer":"amenity","assetCode":"DNC130","name":null,"type":"ELECTRIC PLUG IN","status":"ACTIVE","nearCommunities":[{"communityCode":"BLN","intersectsCommunity":false,"distanceToCommunityM":203}],"sourceDatasetId":"7v8c-cjjm","style":"NOT APPLICABLE"},"geometry":{"type":"Point","coordinates":[-114.08089461927648,51.04629195310278]}},{"type":"Feature","id":"amenity-e9b569daa57f","properties":{"id":"amenity-e9b569daa57f","layer":"amenity","assetCode":"DNC130","name":null,"type":"BIKE STAND","status":"ACTIVE","nearCommunities":[{"communityCode":"BLN","intersectsCommunity":false,"distanceToCommunityM":220}],"sourceDatasetId":"7v8c-cjjm","style":"UPRIGHT"},"geometry":{"type":"Point","coordinates":[-114.08072481608127,51.04644020241361]}},{"type":"Feature","id":"amenity-7cf987d429cd","properties":{"id":"amenity-7cf987d429cd","layer":"amenity","assetCode":"EAU131","name":null,"type":"ELECTRIC PLUG IN","status":"ACTIVE","nearCommunities":[{"communityCode":"SSD","intersectsCommunity":false,"distanceToCommunityM":81}],"sourceDatasetId":"7v8c-cjjm","style":"NOT APPLICABLE"},"geometry":{"type":"Point","coordinates":[-114.07857816289864,51.052503766667975]}},{"type":"Feature","id":"amenity-079c07723984","properties":{"id":"amenity-079c07723984","layer":"amenity","assetCode":"BLN004","name":null,"type":"BIKE STAND","status":"ACTIVE","nearCommunities":[{"communityCode":"BLN","intersectsCommunity":true,"distanceToCommunityM":0}],"sourceDatasetId":"7v8c-cjjm","style":"UPRIGHT"},"geometry":{"type":"Point","coordinates":[-114.08870063963585,51.03992058452461]}},{"type":"Feature","id":"amenity-e5b8086d209c","properties":{"id":"amenity-e5b8086d209c","layer":"amenity","assetCode":"DNW134","name":null,"type":"ELECTRIC PLUG IN","status":"ACTIVE","nearCommunities":[{"communityCode":"HIL","intersectsCommunity":false,"distanceToCommunityM":158},{"communityCode":"BLN","intersectsCommunity":false,"distanceToCommunityM":193}],"sourceDatasetId":"7v8c-cjjm","style":"NOT APPLICABLE"},"geometry":{"type":"Point","coordinates":[-114.09146047960446,51.04649904074645]}},{"type":"Feature","id":"amenity-47757d6aceb8","properties":{"id":"amenity-47757d6aceb8","layer":"amenity","assetCode":"SNA868","name":null,"type":"ELECTRIC PLUG IN","status":"ACTIVE","nearCommunities":[{"communityCode":"HIL","intersectsCommunity":false,"distanceToCommunityM":382},{"communityCode":"BLN","intersectsCommunity":false,"distanceToCommunityM":235}],"sourceDatasetId":"7v8c-cjjm","style":"NOT APPLICABLE"},"geometry":{"type":"Point","coordinates":[-114.09807242548374,51.044153937692315]}},{"type":"Feature","id":"amenity-f2172e221b48","properties":{"id":"amenity-f2172e221b48","layer":"amenity","assetCode":"WHL493","name":null,"type":"ELECTRIC PLUG IN","status":"ACTIVE","nearCommunities":[{"communityCode":"HIL","intersectsCommunity":false,"distanceToCommunityM":31}],"sourceDatasetId":"7v8c-cjjm","style":"NOT APPLICABLE"},"geometry":{"type":"Point","coordinates":[-114.10293979981356,51.05777073482877]}},{"type":"Feature","id":"amenity-742f885f9a79","properties":{"id":"amenity-742f885f9a79","layer":"amenity","assetCode":"DNW134","name":null,"type":"ELECTRIC PLUG IN","status":"ACTIVE","nearCommunities":[{"communityCode":"HIL","intersectsCommunity":false,"distanceToCommunityM":175},{"communityCode":"BLN","intersectsCommunity":false,"distanceToCommunityM":137}],"sourceDatasetId":"7v8c-cjjm","style":"NOT APPLICABLE"},"geometry":{"type":"Point","coordinates":[-114.09323309289047,51.04604832256509]}},{"type":"Feature","id":"amenity-415b859d322d","properties":{"id":"amenity-415b859d322d","layer":"amenity","assetCode":"WHL493","name":null,"type":"ELECTRIC PLUG IN","status":"ACTIVE","nearCommunities":[{"communityCode":"HIL","intersectsCommunity":false,"distanceToCommunityM":50}],"sourceDatasetId":"7v8c-cjjm","style":"NOT APPLICABLE"},"geometry":{"type":"Point","coordinates":[-114.10322303306731,51.05807370097469]}},{"type":"Feature","id":"amenity-0e6f26b04ee1","properties":{"id":"amenity-0e6f26b04ee1","layer":"amenity","assetCode":"DNW134","name":null,"type":"ELECTRIC PLUG IN","status":"ACTIVE","nearCommunities":[{"communityCode":"HIL","intersectsCommunity":false,"distanceToCommunityM":178},{"communityCode":"BLN","intersectsCommunity":false,"distanceToCommunityM":172}],"sourceDatasetId":"7v8c-cjjm","style":"NOT APPLICABLE"},"geometry":{"type":"Point","coordinates":[-114.09141803955096,51.04631562136952]}},{"type":"Feature","id":"amenity-770eb41b5ca6","properties":{"id":"amenity-770eb41b5ca6","layer":"amenity","assetCode":"BLN004","name":null,"type":"BIKE STAND","status":"ACTIVE","nearCommunities":[{"communityCode":"BLN","intersectsCommunity":true,"distanceToCommunityM":0}],"sourceDatasetId":"7v8c-cjjm","style":"UPRIGHT"},"geometry":{"type":"Point","coordinates":[-114.0887534228401,51.03989003506463]}},{"type":"Feature","id":"amenity-55ff73c1deed","properties":{"id":"amenity-55ff73c1deed","layer":"amenity","assetCode":"WHL493","name":null,"type":"BIKE STAND","status":"ACTIVE","nearCommunities":[{"communityCode":"HIL","intersectsCommunity":false,"distanceToCommunityM":133}],"sourceDatasetId":"7v8c-cjjm","style":"UPRIGHT"},"geometry":{"type":"Point","coordinates":[-114.10440719957134,51.057731801502605]}},{"type":"Feature","id":"amenity-5365b2ef78e7","properties":{"id":"amenity-5365b2ef78e7","layer":"amenity","assetCode":"DNW134","name":null,"type":"ELECTRIC PLUG IN","status":"ACTIVE","nearCommunities":[{"communityCode":"HIL","intersectsCommunity":false,"distanceToCommunityM":168},{"communityCode":"BLN","intersectsCommunity":false,"distanceToCommunityM":184}],"sourceDatasetId":"7v8c-cjjm","style":"NOT APPLICABLE"},"geometry":{"type":"Point","coordinates":[-114.09143339954792,51.0464159815205]}},{"type":"Feature","id":"amenity-47df4d9dd128","properties":{"id":"amenity-47df4d9dd128","layer":"amenity","assetCode":"BLN004","name":null,"type":"BIKE STAND","status":"ACTIVE","nearCommunities":[{"communityCode":"BLN","intersectsCommunity":true,"distanceToCommunityM":0}],"sourceDatasetId":"7v8c-cjjm","style":"UPRIGHT"},"geometry":{"type":"Point","coordinates":[-114.08869371043912,51.040045700930406]}},{"type":"Feature","id":"amenity-64999d0aa397","properties":{"id":"amenity-64999d0aa397","layer":"amenity","assetCode":"DNW134","name":null,"type":"ELECTRIC PLUG IN","status":"ACTIVE","nearCommunities":[{"communityCode":"HIL","intersectsCommunity":false,"distanceToCommunityM":178},{"communityCode":"BLN","intersectsCommunity":false,"distanceToCommunityM":169}],"sourceDatasetId":"7v8c-cjjm","style":"NOT APPLICABLE"},"geometry":{"type":"Point","coordinates":[-114.09158540439759,51.04628847350083]}},{"type":"Feature","id":"amenity-1f71bd0667b0","properties":{"id":"amenity-1f71bd0667b0","layer":"amenity","assetCode":"SNA897","name":null,"type":"BIKE STAND","status":"ACTIVE","nearCommunities":[{"communityCode":"BLN","intersectsCommunity":false,"distanceToCommunityM":352}],"sourceDatasetId":"7v8c-cjjm","style":"UPRIGHT"},"geometry":{"type":"Point","coordinates":[-114.09973443691618,51.042714647883905]}},{"type":"Feature","id":"amenity-afed488fc510","properties":{"id":"amenity-afed488fc510","layer":"amenity","assetCode":"WHL472","name":null,"type":"ELECTRIC PLUG IN","status":"ACTIVE","nearCommunities":[{"communityCode":"HIL","intersectsCommunity":false,"distanceToCommunityM":377}],"sourceDatasetId":"7v8c-cjjm","style":"NOT APPLICABLE"},"geometry":{"type":"Point","coordinates":[-114.10858279950774,51.04960660096398]}},{"type":"Feature","id":"amenity-ce94e303eece","properties":{"id":"amenity-ce94e303eece","layer":"amenity","assetCode":"DNW234","name":null,"type":"FLAG POLE","status":"ACTIVE","nearCommunities":[{"communityCode":"HIL","intersectsCommunity":false,"distanceToCommunityM":120},{"communityCode":"BLN","intersectsCommunity":false,"distanceToCommunityM":344}],"sourceDatasetId":"7v8c-cjjm","style":"NOT APPLICABLE"},"geometry":{"type":"Point","coordinates":[-114.08886808142361,51.047783563328416]}},{"type":"Feature","id":"amenity-ea8f62146be4","properties":{"id":"amenity-ea8f62146be4","layer":"amenity","assetCode":"DNW134","name":null,"type":"ELECTRIC PLUG IN","status":"ACTIVE","nearCommunities":[{"communityCode":"HIL","intersectsCommunity":false,"distanceToCommunityM":175},{"communityCode":"BLN","intersectsCommunity":false,"distanceToCommunityM":171}],"sourceDatasetId":"7v8c-cjjm","style":"NOT APPLICABLE"},"geometry":{"type":"Point","coordinates":[-114.09160815613676,51.04630849828053]}},{"type":"Feature","id":"amenity-09c297166923","properties":{"id":"amenity-09c297166923","layer":"amenity","assetCode":"DNW134","name":null,"type":"ELECTRIC PLUG IN","status":"ACTIVE","nearCommunities":[{"communityCode":"HIL","intersectsCommunity":false,"distanceToCommunityM":270},{"communityCode":"BLN","intersectsCommunity":false,"distanceToCommunityM":115}],"sourceDatasetId":"7v8c-cjjm","style":"NOT APPLICABLE"},"geometry":{"type":"Point","coordinates":[-114.08998415779894,51.04575662605103]}},{"type":"Feature","id":"amenity-9398c8078f62","properties":{"id":"amenity-9398c8078f62","layer":"amenity","assetCode":"BLN004","name":null,"type":"DOG EQUIPMENT","status":"ACTIVE","nearCommunities":[{"communityCode":"BLN","intersectsCommunity":true,"distanceToCommunityM":0}],"sourceDatasetId":"7v8c-cjjm","style":"NOT APPLICABLE"},"geometry":{"type":"Point","coordinates":[-114.08831881354668,51.040075739079285]}},{"type":"Feature","id":"amenity-b217eb958297","properties":{"id":"amenity-b217eb958297","layer":"amenity","assetCode":"DNW134","name":null,"type":"ELECTRIC PLUG IN","status":"ACTIVE","nearCommunities":[{"communityCode":"HIL","intersectsCommunity":false,"distanceToCommunityM":182},{"communityCode":"BLN","intersectsCommunity":false,"distanceToCommunityM":164}],"sourceDatasetId":"7v8c-cjjm","style":"NOT APPLICABLE"},"geometry":{"type":"Point","coordinates":[-114.09159622045343,51.046248920987274]}},{"type":"Feature","id":"amenity-288bef533c03","properties":{"id":"amenity-288bef533c03","layer":"amenity","assetCode":"SNA868","name":null,"type":"ELECTRIC PLUG IN","status":"ACTIVE","nearCommunities":[{"communityCode":"HIL","intersectsCommunity":false,"distanceToCommunityM":389},{"communityCode":"BLN","intersectsCommunity":false,"distanceToCommunityM":220}],"sourceDatasetId":"7v8c-cjjm","style":"NOT APPLICABLE"},"geometry":{"type":"Point","coordinates":[-114.09785494903417,51.04408003735123]}},{"type":"Feature","id":"amenity-6e4eea86f1a5","properties":{"id":"amenity-6e4eea86f1a5","layer":"amenity","assetCode":"SNA868","name":null,"type":"ELECTRIC PLUG IN","status":"ACTIVE","nearCommunities":[{"communityCode":"HIL","intersectsCommunity":false,"distanceToCommunityM":384},{"communityCode":"BLN","intersectsCommunity":false,"distanceToCommunityM":220}],"sourceDatasetId":"7v8c-cjjm","style":"NOT APPLICABLE"},"geometry":{"type":"Point","coordinates":[-114.09785489031623,51.04411917781523]}},{"type":"Feature","id":"amenity-3a4917df656e","properties":{"id":"amenity-3a4917df656e","layer":"amenity","assetCode":"BLN004","name":null,"type":"BIKE STAND","status":"ACTIVE","nearCommunities":[{"communityCode":"BLN","intersectsCommunity":true,"distanceToCommunityM":0}],"sourceDatasetId":"7v8c-cjjm","style":"UPRIGHT"},"geometry":{"type":"Point","coordinates":[-114.08873997210675,51.040078844257046]}},{"type":"Feature","id":"amenity-9b4458bb3e08","properties":{"id":"amenity-9b4458bb3e08","layer":"amenity","assetCode":"DNW134","name":null,"type":"FLAG POLE","status":"ACTIVE","nearCommunities":[{"communityCode":"HIL","intersectsCommunity":false,"distanceToCommunityM":161},{"communityCode":"BLN","intersectsCommunity":false,"distanceToCommunityM":199}],"sourceDatasetId":"7v8c-cjjm","style":"NOT APPLICABLE"},"geometry":{"type":"Point","coordinates":[-114.0911978426483,51.04654607528298]}},{"type":"Feature","id":"amenity-2899c525d776","properties":{"id":"amenity-2899c525d776","layer":"amenity","assetCode":"WHL472","name":null,"type":"ELECTRIC PLUG IN","status":"ACTIVE","nearCommunities":[{"communityCode":"HIL","intersectsCommunity":false,"distanceToCommunityM":366}],"sourceDatasetId":"7v8c-cjjm","style":"NOT APPLICABLE"},"geometry":{"type":"Point","coordinates":[-114.10842353388345,51.04964306821406]}},{"type":"Feature","id":"amenity-e28d894ef9f0","properties":{"id":"amenity-e28d894ef9f0","layer":"amenity","assetCode":"WHL493","name":null,"type":"ELECTRIC PLUG IN","status":"ACTIVE","nearCommunities":[{"communityCode":"HIL","intersectsCommunity":false,"distanceToCommunityM":31}],"sourceDatasetId":"7v8c-cjjm","style":"NOT APPLICABLE"},"geometry":{"type":"Point","coordinates":[-114.10294420024127,51.05815146788386]}},{"type":"Feature","id":"amenity-ca03be9cb75e","properties":{"id":"amenity-ca03be9cb75e","layer":"amenity","assetCode":"DNW134","name":null,"type":"ELECTRIC PLUG IN","status":"ACTIVE","nearCommunities":[{"communityCode":"HIL","intersectsCommunity":false,"distanceToCommunityM":159},{"communityCode":"BLN","intersectsCommunity":false,"distanceToCommunityM":191}],"sourceDatasetId":"7v8c-cjjm","style":"NOT APPLICABLE"},"geometry":{"type":"Point","coordinates":[-114.09151948523086,51.046482406704186]}},{"type":"Feature","id":"amenity-1791fb133394","properties":{"id":"amenity-1791fb133394","layer":"amenity","assetCode":"BLN004","name":null,"type":"BIKE STAND","status":"ACTIVE","nearCommunities":[{"communityCode":"BLN","intersectsCommunity":true,"distanceToCommunityM":0}],"sourceDatasetId":"7v8c-cjjm","style":"UPRIGHT"},"geometry":{"type":"Point","coordinates":[-114.08854180246061,51.040115745519834]}},{"type":"Feature","id":"amenity-8b7034ba9913","properties":{"id":"amenity-8b7034ba9913","layer":"amenity","assetCode":"WHL493","name":null,"type":"BIKE STAND","status":"ACTIVE","nearCommunities":[{"communityCode":"HIL","intersectsCommunity":false,"distanceToCommunityM":66}],"sourceDatasetId":"7v8c-cjjm","style":"NOT APPLICABLE"},"geometry":{"type":"Point","coordinates":[-114.10344112481722,51.05854028295614]}},{"type":"Feature","id":"amenity-82967ff57e03","properties":{"id":"amenity-82967ff57e03","layer":"amenity","assetCode":"DNW234","name":null,"type":"FLAG POLE","status":"ACTIVE","nearCommunities":[{"communityCode":"HIL","intersectsCommunity":false,"distanceToCommunityM":114},{"communityCode":"BLN","intersectsCommunity":false,"distanceToCommunityM":350}],"sourceDatasetId":"7v8c-cjjm","style":"NOT APPLICABLE"},"geometry":{"type":"Point","coordinates":[-114.08885209663613,51.04784446742069]}},{"type":"Feature","id":"amenity-2a94f0c4cc68","properties":{"id":"amenity-2a94f0c4cc68","layer":"amenity","assetCode":"WHL472","name":null,"type":"ELECTRIC PLUG IN","status":"ACTIVE","nearCommunities":[{"communityCode":"HIL","intersectsCommunity":false,"distanceToCommunityM":382}],"sourceDatasetId":"7v8c-cjjm","style":"NOT APPLICABLE"},"geometry":{"type":"Point","coordinates":[-114.10866010070481,51.0496177680859]}},{"type":"Feature","id":"amenity-db9451e3df33","properties":{"id":"amenity-db9451e3df33","layer":"amenity","assetCode":"DNW234","name":null,"type":"FLAG POLE","status":"ACTIVE","nearCommunities":[{"communityCode":"HIL","intersectsCommunity":false,"distanceToCommunityM":108},{"communityCode":"BLN","intersectsCommunity":false,"distanceToCommunityM":357}],"sourceDatasetId":"7v8c-cjjm","style":"NOT APPLICABLE"},"geometry":{"type":"Point","coordinates":[-114.08884147986707,51.04790536743002]}},{"type":"Feature","id":"amenity-2934f7803cde","properties":{"id":"amenity-2934f7803cde","layer":"amenity","assetCode":"DNW134","name":null,"type":"ELECTRIC PLUG IN","status":"ACTIVE","nearCommunities":[{"communityCode":"HIL","intersectsCommunity":false,"distanceToCommunityM":173},{"communityCode":"BLN","intersectsCommunity":false,"distanceToCommunityM":173}],"sourceDatasetId":"7v8c-cjjm","style":"NOT APPLICABLE"},"geometry":{"type":"Point","coordinates":[-114.09161036374017,51.046328010563634]}},{"type":"Feature","id":"amenity-ae39d006c33a","properties":{"id":"amenity-ae39d006c33a","layer":"amenity","assetCode":"BLN004","name":null,"type":"DOG EQUIPMENT","status":"ACTIVE","nearCommunities":[{"communityCode":"BLN","intersectsCommunity":true,"distanceToCommunityM":0}],"sourceDatasetId":"7v8c-cjjm","style":"NOT APPLICABLE"},"geometry":{"type":"Point","coordinates":[-114.08801475302465,51.03998157166135]}},{"type":"Feature","id":"amenity-33ac69503026","properties":{"id":"amenity-33ac69503026","layer":"amenity","assetCode":"SNA868","name":null,"type":"ELECTRIC PLUG IN","status":"ACTIVE","nearCommunities":[{"communityCode":"BLN","intersectsCommunity":false,"distanceToCommunityM":221}],"sourceDatasetId":"7v8c-cjjm","style":"NOT APPLICABLE"},"geometry":{"type":"Point","coordinates":[-114.0978642555844,51.043931228737016]}},{"type":"Feature","id":"amenity-d328631775a4","properties":{"id":"amenity-d328631775a4","layer":"amenity","assetCode":"HOU605","name":null,"type":"OTHER EQUIPMENT","status":"ACTIVE","nearCommunities":[{"communityCode":"HIL","intersectsCommunity":false,"distanceToCommunityM":265}],"sourceDatasetId":"7v8c-cjjm","style":"NOT APPLICABLE"},"geometry":{"type":"Point","coordinates":[-114.10199010716737,51.06204686694048]}},{"type":"Feature","id":"amenity-03fe8ee1b3ad","properties":{"id":"amenity-03fe8ee1b3ad","layer":"amenity","assetCode":"HOU605","name":null,"type":"OTHER EQUIPMENT","status":"ACTIVE","nearCommunities":[{"communityCode":"HIL","intersectsCommunity":false,"distanceToCommunityM":261}],"sourceDatasetId":"7v8c-cjjm","style":"NOT APPLICABLE"},"geometry":{"type":"Point","coordinates":[-114.10197756018079,51.06200591987261]}},{"type":"Feature","id":"amenity-c35ed35f6eab","properties":{"id":"amenity-c35ed35f6eab","layer":"amenity","assetCode":"BLN004","name":null,"type":"BIKE STAND","status":"ACTIVE","nearCommunities":[{"communityCode":"BLN","intersectsCommunity":true,"distanceToCommunityM":0}],"sourceDatasetId":"7v8c-cjjm","style":"UPRIGHT"},"geometry":{"type":"Point","coordinates":[-114.08796928140598,51.04001366241876]}},{"type":"Feature","id":"amenity-cdcbace48805","properties":{"id":"amenity-cdcbace48805","layer":"amenity","assetCode":"BLN004","name":null,"type":"DOG EQUIPMENT","status":"ACTIVE","nearCommunities":[{"communityCode":"BLN","intersectsCommunity":true,"distanceToCommunityM":0}],"sourceDatasetId":"7v8c-cjjm","style":"NOT APPLICABLE"},"geometry":{"type":"Point","coordinates":[-114.08801958328743,51.0399427979607]}},{"type":"Feature","id":"amenity-0f7cf1739905","properties":{"id":"amenity-0f7cf1739905","layer":"amenity","assetCode":"SNA868","name":null,"type":"ELECTRIC PLUG IN","status":"ACTIVE","nearCommunities":[{"communityCode":"HIL","intersectsCommunity":false,"distanceToCommunityM":399},{"communityCode":"BLN","intersectsCommunity":false,"distanceToCommunityM":221}],"sourceDatasetId":"7v8c-cjjm","style":"NOT APPLICABLE"},"geometry":{"type":"Point","coordinates":[-114.09786545141482,51.043988465390996]}},{"type":"Feature","id":"amenity-95dcbea2ed57","properties":{"id":"amenity-95dcbea2ed57","layer":"amenity","assetCode":"SNA868","name":null,"type":"ELECTRIC PLUG IN","status":"ACTIVE","nearCommunities":[{"communityCode":"HIL","intersectsCommunity":false,"distanceToCommunityM":378},{"communityCode":"BLN","intersectsCommunity":false,"distanceToCommunityM":235}],"sourceDatasetId":"7v8c-cjjm","style":"NOT APPLICABLE"},"geometry":{"type":"Point","coordinates":[-114.09806911852786,51.044187728392345]}},{"type":"Feature","id":"amenity-f6212995f124","properties":{"id":"amenity-f6212995f124","layer":"amenity","assetCode":"DNW134","name":null,"type":"ELECTRIC PLUG IN","status":"ACTIVE","nearCommunities":[{"communityCode":"HIL","intersectsCommunity":false,"distanceToCommunityM":226},{"communityCode":"BLN","intersectsCommunity":false,"distanceToCommunityM":161}],"sourceDatasetId":"7v8c-cjjm","style":"NOT APPLICABLE"},"geometry":{"type":"Point","coordinates":[-114.09001830449641,51.046173968808745]}},{"type":"Feature","id":"amenity-753a79edb583","properties":{"id":"amenity-753a79edb583","layer":"amenity","assetCode":"WHL493","name":null,"type":"ELECTRIC PLUG IN","status":"ACTIVE","nearCommunities":[{"communityCode":"HIL","intersectsCommunity":false,"distanceToCommunityM":20}],"sourceDatasetId":"7v8c-cjjm","style":"NOT APPLICABLE"},"geometry":{"type":"Point","coordinates":[-114.10278373403224,51.057948900898886]}},{"type":"Feature","id":"amenity-97e4d471abf5","properties":{"id":"amenity-97e4d471abf5","layer":"amenity","assetCode":"DNW134","name":null,"type":"ELECTRIC PLUG IN","status":"ACTIVE","nearCommunities":[{"communityCode":"HIL","intersectsCommunity":false,"distanceToCommunityM":175},{"communityCode":"BLN","intersectsCommunity":false,"distanceToCommunityM":171}],"sourceDatasetId":"7v8c-cjjm","style":"NOT APPLICABLE"},"geometry":{"type":"Point","coordinates":[-114.0915978833505,51.04630824203348]}},{"type":"Feature","id":"amenity-ffcb4d04a5cb","properties":{"id":"amenity-ffcb4d04a5cb","layer":"amenity","assetCode":"WHL472","name":null,"type":"ELECTRIC PLUG IN","status":"ACTIVE","nearCommunities":[{"communityCode":"HIL","intersectsCommunity":false,"distanceToCommunityM":372}],"sourceDatasetId":"7v8c-cjjm","style":"NOT APPLICABLE"},"geometry":{"type":"Point","coordinates":[-114.10851433390535,51.04960893445389]}},{"type":"Feature","id":"amenity-689b3f148720","properties":{"id":"amenity-689b3f148720","layer":"amenity","assetCode":"BLN004","name":null,"type":"DOG EQUIPMENT","status":"ACTIVE","nearCommunities":[{"communityCode":"BLN","intersectsCommunity":true,"distanceToCommunityM":0}],"sourceDatasetId":"7v8c-cjjm","style":"NOT APPLICABLE"},"geometry":{"type":"Point","coordinates":[-114.08838366084899,51.040052142326736]}},{"type":"Feature","id":"amenity-fe98244d519d","properties":{"id":"amenity-fe98244d519d","layer":"amenity","assetCode":"HIL495","name":null,"type":"BIKE STAND","status":"ACTIVE","nearCommunities":[{"communityCode":"HIL","intersectsCommunity":true,"distanceToCommunityM":0},{"communityCode":"SSD","intersectsCommunity":false,"distanceToCommunityM":315}],"sourceDatasetId":"7v8c-cjjm","style":"NOT APPLICABLE"},"geometry":{"type":"Point","coordinates":[-114.08996999959473,51.05086340130479]}},{"type":"Feature","id":"amenity-3462fae2878d","properties":{"id":"amenity-3462fae2878d","layer":"amenity","assetCode":"SNA868","name":null,"type":"ELECTRIC PLUG IN","status":"ACTIVE","nearCommunities":[{"communityCode":"HIL","intersectsCommunity":false,"distanceToCommunityM":394},{"communityCode":"BLN","intersectsCommunity":false,"distanceToCommunityM":221}],"sourceDatasetId":"7v8c-cjjm","style":"NOT APPLICABLE"},"geometry":{"type":"Point","coordinates":[-114.09786034093445,51.044031996178106]}}]}
