{"type":"FeatureCollection","metadata":{"title":"Community District Boundaries","datasetId":"surr-xmvs","publisher":"The City of Calgary","sourceUrl":"https://data.calgary.ca/d/surr-xmvs","queryUrls":["https://data.calgary.ca/resource/surr-xmvs.json?%24limit=1000&%24order=comm_code"],"retrievedAt":"2026-09-13T20:08:19.444858+00:00","sourceUpdatedAt":"2026-09-01T17:31:11+00:00","updateFrequency":"Irregular","description":"Community district boundaries for the City of Calgary","scope":"All published Calgary community boundaries, including industrial, park and residual areas.","licenseUrl":"https://data.calgary.ca/d/Open-Data-Terms/u45n-7awa","schema":[{"field":"class","label":"CLASS","sourceType":"text","description":""},{"field":"class_code","label":"CLASS_CODE","sourceType":"number","description":""},{"field":"comm_code","label":"COMM_CODE","sourceType":"text","description":""},{"field":"name","label":"NAME","sourceType":"text","description":""},{"field":"sector","label":"SECTOR","sourceType":"text","description":""},{"field":"srg","label":"SRG","sourceType":"text","description":""},{"field":"comm_structure","label":"COMM_STRUCTURE","sourceType":"text","description":""},{"field":"created_dt","label":"CREATED_DT","sourceType":"date","description":""},{"field":"modified_dt","label":"MODIFIED_DT","sourceType":"date","description":""},{"field":"multipolygon","label":"MULTIPOLYGON","sourceType":"multipolygon","description":""}],"displayMapUrl":"https://data.calgary.ca/Base-Maps/Community-Boundaries/ab7m-fwn6","geometryProcessing":"Display geometry simplified with topology preservation, tolerance 0.000035 degrees; centroid, bounds and water feature membership use original source geometry."},"features":[{"type":"Feature","id":"01B","properties":{"class":"Residual Sub Area","class_code":"4","comm_code":"01B","name":"01B","sector":"NORTHWEST","srg":"N/A","comm_structure":"UNDEVELOPED","created_dt":"2016-12-21T16:14:00.000Z","modified_dt":"2023-06-01T12:33:37.000Z","label":"01B","centroid":[-114.2418096,51.1032117],"bounds":[-114.2576233,51.096941,-114.2244548,51.1087245]},"geometry":{"type":"Polygon","coordinates":[[[-114.2318082,51.0988813],[-114.231031,51.0998234],[-114.2299925,51.1008201],[-114.2259303,51.1043596],[-114.2251427,51.105314],[-114.2248743,51.1057403],[-114.2244548,51.106632],[-114.2269131,51.1069239],[-114.2312075,51.1068999],[-114.2441085,51.1072063],[-114.2576118,51.1087235],[-114.2576233,51.1022097],[-114.2552567,51.1017472],[-114.2545473,51.101669],[-114.2537349,51.1014557],[-114.2526573,51.1013106],[-114.251449,51.1009993],[-114.250692,51.1007114],[-114.2495209,51.1004191],[-114.2493471,51.1003315],[-114.249386,51.1002234],[-114.2492705,51.1000938],[-114.2482158,51.0999228],[-114.2469891,51.0994309],[-114.2461704,51.09898],[-114.2452104,51.0981835],[-114.2449917,51.0981599],[-114.2432721,51.0975527],[-114.2416201,51.0973594],[-114.2399885,51.0970953],[-114.2387116,51.0970304],[-114.2383319,51.096941],[-114.2346985,51.0970933],[-114.2345472,51.0970318],[-114.2344569,51.0970842],[-114.2332819,51.097034],[-114.2329979,51.0975344],[-114.2325999,51.0976464],[-114.2318082,51.0988813]]]}},{"type":"Feature","id":"01C","properties":{"class":"Residual Sub Area","class_code":"4","comm_code":"01C","name":"01C","sector":"WEST","srg":"FUTURE","comm_structure":"OTHER","created_dt":"2021-10-07T10:43:06.000Z","modified_dt":"2024-02-20T17:21:07.000Z","label":"01C","centroid":[-114.2380014,51.0853857],"bounds":[-114.2458752,51.0814636,-114.2284504,51.0885531]},"geometry":{"type":"Polygon","coordinates":[[[-114.2342998,51.0814636],[-114.2284504,51.0814734],[-114.228451,51.0819523],[-114.228555,51.0821436],[-114.2323589,51.088523],[-114.2458739,51.0885531],[-114.2458752,51.0815334],[-114.241882,51.0815434],[-114.2418908,51.0850489],[-114.2342176,51.0851181],[-114.2342221,51.0816935],[-114.2342998,51.0814636]]]}},{"type":"Feature","id":"01F","properties":{"class":"Residual Sub Area","class_code":"4","comm_code":"01F","name":"01F","sector":"NORTHWEST","srg":"FUTURE","comm_structure":"UNDEVELOPED","created_dt":"2016-12-21T16:14:03.000Z","modified_dt":"2022-07-25T09:24:41.000Z","label":"01F","centroid":[-114.2629757,51.1164562],"bounds":[-114.2690785,51.1097451,-114.2576088,51.1249647]},"geometry":{"type":"Polygon","coordinates":[[[-114.2644296,51.1231089],[-114.2644338,51.1249646],[-114.2647212,51.1249647],[-114.2647198,51.1227114],[-114.2690781,51.122712],[-114.2690774,51.1199458],[-114.2647181,51.1199442],[-114.2647146,51.1162454],[-114.2623004,51.1167686],[-114.261453,51.1168538],[-114.2603758,51.1167563],[-114.2588611,51.1163264],[-114.2593802,51.1151378],[-114.2600878,51.1152975],[-114.2609106,51.1155685],[-114.2614432,51.1156205],[-114.2646904,51.1149507],[-114.2657426,51.1148757],[-114.266811,51.115014],[-114.2677652,51.1153621],[-114.2684469,51.1158378],[-114.2687668,51.1162213],[-114.2689394,51.1166154],[-114.2690699,51.1166151],[-114.2690744,51.1105633],[-114.268931,51.1105633],[-114.2682126,51.1102683],[-114.2645051,51.1101544],[-114.261002,51.1097451],[-114.2598379,51.1097456],[-114.2598404,51.1119638],[-114.2576088,51.1119648],[-114.2576147,51.1162601],[-114.2576838,51.1162594],[-114.2576861,51.1227102],[-114.2634467,51.1227112],[-114.2634461,51.1231111],[-114.2644296,51.1231089]]]}},{"type":"Feature","id":"01H","properties":{"class":"Residual Sub Area","class_code":"4","comm_code":"01H","name":"01H","sector":"WEST","srg":"FUTURE","comm_structure":"OTHER","created_dt":"2016-12-21T16:13:50.000Z","modified_dt":"2025-12-18T12:33:03.000Z","label":"01H","centroid":[-114.2801257,51.0938696],"bounds":[-114.2923233,51.0885848,-114.2690679,51.1007056]},"geometry":{"type":"Polygon","coordinates":[[[-114.2715792,51.0937955],[-114.2703469,51.0933765],[-114.269898,51.0932797],[-114.2696361,51.0933159],[-114.2694337,51.093504],[-114.2692826,51.0935571],[-114.2690744,51.0935542],[-114.2690706,51.100606],[-114.2699165,51.1004889],[-114.2700201,51.1005752],[-114.2702584,51.1005838],[-114.270454,51.1006907],[-114.2706422,51.100703],[-114.2713259,51.1006148],[-114.2717509,51.1004273],[-114.2719351,51.1004022],[-114.2751496,51.1002763],[-114.277826,51.1003816],[-114.2808354,51.1006037],[-114.2808372,51.0961213],[-114.2922946,51.0961303],[-114.2923219,51.0886109],[-114.2690835,51.0885848],[-114.2690836,51.088865],[-114.2702444,51.0888655],[-114.2704542,51.0890934],[-114.2708654,51.0894024],[-114.2710283,51.0893352],[-114.271339,51.0893707],[-114.271504,51.0895292],[-114.2724213,51.0900363],[-114.2733162,51.0904292],[-114.2735514,51.0906279],[-114.2735937,51.0908364],[-114.2731855,51.0910173],[-114.2731549,51.0911703],[-114.2727749,51.0912534],[-114.2730686,51.0918323],[-114.2729867,51.0926292],[-114.2730233,51.0929014],[-114.2734219,51.093769],[-114.2738386,51.0944832],[-114.274292,51.0948026],[-114.2737868,51.0946686],[-114.2735737,51.0945547],[-114.2732858,51.0946275],[-114.273194,51.0947079],[-114.2729154,51.0947353],[-114.2725858,51.0946596],[-114.2725607,51.094332],[-114.2724196,51.0940862],[-114.2721192,51.0939762],[-114.2717419,51.0941615],[-114.2715566,51.0941217],[-114.2715792,51.0937955]]]}},{"type":"Feature","id":"01K","properties":{"class":"Residual Sub Area","class_code":"4","comm_code":"01K","name":"01K","sector":"NORTHWEST","srg":"N/A","comm_structure":"UNDEVELOPED","created_dt":"2020-06-23T17:11:14.000Z","modified_dt":"2026-02-02T14:52:30.000Z","label":"01K","centroid":[-114.2227136,51.1687616],"bounds":[-114.2344693,51.1540918,-114.2109622,51.1833656]},"geometry":{"type":"Polygon","coordinates":[[[-114.2343797,51.1542526],[-114.2341943,51.1541113],[-114.2323116,51.1541586],[-114.2213486,51.154152],[-114.220187,51.1540918],[-114.2201426,51.1542408],[-114.2115715,51.1542331],[-114.2114762,51.1546972],[-114.2110554,51.1556757],[-114.2109622,51.15633],[-114.2110077,51.1686905],[-114.2109846,51.1832123],[-114.2111288,51.1833656],[-114.2183994,51.1833624],[-114.21941,51.1832997],[-114.2343969,51.1832992],[-114.2343952,51.1776948],[-114.2344693,51.1776948],[-114.2344687,51.1759064],[-114.2343947,51.1759065],[-114.2343925,51.1686947],[-114.2344666,51.1686945],[-114.2344658,51.1652697],[-114.2344603,51.1614688],[-114.2343862,51.1614689],[-114.2343797,51.1542526]]]}},{"type":"Feature","id":"02B","properties":{"class":"Residual Sub Area","class_code":"4","comm_code":"02B","name":"02B","sector":"NORTH","srg":"FUTURE","comm_structure":"UNDEVELOPED","created_dt":"2016-12-21T16:13:56.000Z","modified_dt":"2026-02-02T14:40:35.000Z","label":"02B","centroid":[-114.1993529,51.1759572],"bounds":[-114.2110077,51.1686905,-114.1876958,51.1832162]},"geometry":{"type":"Polygon","coordinates":[[[-114.2110077,51.1686905],[-114.187712,51.1687105],[-114.1876958,51.1832162],[-114.2109846,51.1832123],[-114.2110077,51.1686905]]]}},{"type":"Feature","id":"02C","properties":{"class":"Residual Sub Area","class_code":"4","comm_code":"02C","name":"02C","sector":"NORTH","srg":"FUTURE","comm_structure":"UNDEVELOPED","created_dt":"2020-06-23T16:59:41.000Z","modified_dt":"2026-02-02T14:41:38.000Z","label":"02C","centroid":[-114.1808154,51.1752872],"bounds":[-114.187712,51.1687021,-114.16552,51.1832231]},"geometry":{"type":"Polygon","coordinates":[[[-114.1659511,51.1690547],[-114.1669998,51.1696661],[-114.1681607,51.1700875],[-114.1689569,51.1702736],[-114.1716362,51.1706929],[-114.1730187,51.1710751],[-114.1740043,51.171537],[-114.1746736,51.1719782],[-114.1751849,51.1724368],[-114.1755757,51.1729168],[-114.1758951,51.1735102],[-114.1760744,51.1742882],[-114.1760606,51.1832178],[-114.1784875,51.1831642],[-114.1876958,51.1832162],[-114.187712,51.1687105],[-114.16552,51.1687021],[-114.1659511,51.1690547]]]}},{"type":"Feature","id":"02E","properties":{"class":"Residual Sub Area","class_code":"4","comm_code":"02E","name":"02E","sector":"NORTHWEST","srg":"FUTURE","comm_structure":"OTHER","created_dt":"2020-06-23T16:53:23.000Z","modified_dt":"2026-02-02T14:48:58.000Z","label":"02E","centroid":[-114.1993594,51.1614397],"bounds":[-114.2115719,51.1541169,-114.187712,51.1687105]},"geometry":{"type":"Polygon","coordinates":[[[-114.2109622,51.15633],[-114.2110554,51.1556757],[-114.2114762,51.1546972],[-114.2115715,51.1542331],[-114.2044406,51.1542483],[-114.2044025,51.1541169],[-114.2036467,51.154164],[-114.1877172,51.1541948],[-114.187712,51.1687105],[-114.2110077,51.1686905],[-114.2109622,51.15633]]]}},{"type":"Feature","id":"02F","properties":{"class":"Residual Sub Area","class_code":"4","comm_code":"02F","name":"02F","sector":"NORTHWEST","srg":"N/A","comm_structure":"OTHER","created_dt":"2020-06-24T08:44:49.000Z","modified_dt":"2026-02-02T14:59:43.000Z","label":"02F","centroid":[-114.1756989,51.160017],"bounds":[-114.1877223,51.1508562,-114.162288,51.1687105]},"geometry":{"type":"Polygon","coordinates":[[[-114.1723323,51.1514838],[-114.1655525,51.1519501],[-114.1641583,51.1538523],[-114.1636942,51.1545812],[-114.1629941,51.1559124],[-114.1624708,51.1573175],[-114.1623307,51.1580158],[-114.1623106,51.1589343],[-114.1624513,51.1599878],[-114.1632209,51.1638863],[-114.1635302,51.1650903],[-114.1642932,51.1669547],[-114.1648167,51.1678555],[-114.1651925,51.1683653],[-114.16552,51.1687021],[-114.187712,51.1687105],[-114.1877001,51.1508562],[-114.1781935,51.1511778],[-114.1723323,51.1514838]]]}},{"type":"Feature","id":"02K","properties":{"class":"Residual Sub Area","class_code":"4","comm_code":"02K","name":"02K","sector":"NORTH","srg":"FUTURE","comm_structure":"UNDEVELOPED","created_dt":"2016-12-21T16:14:01.000Z","modified_dt":"2026-08-27T22:07:33.000Z","label":"02K","centroid":[-114.1994384,51.1904881],"bounds":[-114.2112383,51.1832123,-114.1876958,51.1977662]},"geometry":{"type":"Polygon","coordinates":[[[-114.2111414,51.1834232],[-114.2109846,51.1832123],[-114.1876958,51.1832162],[-114.1876967,51.1977521],[-114.2111753,51.1977662],[-114.2111642,51.1905341],[-114.2112383,51.1905341],[-114.2112208,51.1869182],[-114.2111463,51.1869187],[-114.2111414,51.1834232]]]}},{"type":"Feature","id":"02L","properties":{"class":"Residual Sub Area","class_code":"4","comm_code":"02L","name":"02L","sector":"NORTH","srg":"FUTURE","comm_structure":"OTHER","created_dt":"2016-12-21T16:13:51.000Z","modified_dt":"2026-08-27T21:49:18.000Z","label":"02L","centroid":[-114.1120681,51.2050777],"bounds":[-114.1295484,51.1977969,-114.0945835,51.2123425]},"geometry":{"type":"Polygon","coordinates":[[[-114.0945941,51.2123425],[-114.1295484,51.2122704],[-114.1295466,51.1977969],[-114.0945835,51.1978715],[-114.0945941,51.2123425]]]}},{"type":"Feature","id":"03W","properties":{"class":"Residual Sub Area","class_code":"4","comm_code":"03W","name":"03W","sector":"NORTH","srg":"FUTURE","comm_structure":"OTHER","created_dt":"2016-12-21T16:13:54.000Z","modified_dt":"2026-08-27T21:47:30.000Z","label":"03W","centroid":[-114.0425835,51.2013366],"bounds":[-114.0945941,51.1834238,-114.0026756,51.2124321]},"geometry":{"type":"Polygon","coordinates":[[[-114.0341973,51.1834238],[-114.0026763,51.1834446],[-114.0026765,51.2052514],[-114.0132915,51.2052466],[-114.0133048,51.2124321],[-114.0945941,51.2123425],[-114.0945835,51.1978715],[-114.0713275,51.1979933],[-114.0284454,51.197994],[-114.0341973,51.1834238]]]}},{"type":"Feature","id":"05D","properties":{"class":"Residual Sub Area","class_code":"4","comm_code":"05D","name":"05D","sector":"NORTHEAST","srg":"N/A","comm_structure":"UNDEVELOPED","created_dt":"2016-12-21T16:13:59.000Z","modified_dt":"2020-12-02T11:37:00.000Z","label":"05D","centroid":[-113.958568,51.1796405],"bounds":[-113.9707913,51.1756459,-113.9467214,51.1835559]},"geometry":{"type":"Polygon","coordinates":[[[-113.9467214,51.1756459],[-113.9467603,51.1835532],[-113.9707146,51.1835525],[-113.9707121,51.1805247],[-113.9707913,51.1802918],[-113.9694971,51.1756645],[-113.9467214,51.1756459]]]}},{"type":"Feature","id":"05E","properties":{"class":"Residual Sub Area","class_code":"4","comm_code":"05E","name":"05E","sector":"NORTHEAST","srg":"FUTURE","comm_structure":"UNDEVELOPED","created_dt":"2016-12-21T16:13:56.000Z","modified_dt":"2022-07-25T09:26:20.000Z","label":"05E","centroid":[-113.92465,51.1738852],"bounds":[-113.9467603,51.1543138,-113.91172,51.1835532]},"geometry":{"type":"Polygon","coordinates":[[[-113.9117215,51.1835304],[-113.9467603,51.1835532],[-113.9467214,51.1756459],[-113.9381453,51.1756199],[-113.934945,51.1757161],[-113.9304144,51.176147],[-113.9252887,51.1767372],[-113.9236538,51.1768503],[-113.9217412,51.1768667],[-113.9201418,51.1766421],[-113.9184116,51.1760758],[-113.9166863,51.1752217],[-113.9154438,51.1741855],[-113.9146824,51.1729137],[-113.9144263,51.171999],[-113.9144022,51.1717265],[-113.91458,51.1707028],[-113.9147195,51.1702959],[-113.9152685,51.1693779],[-113.918492,51.1651275],[-113.9195656,51.1634662],[-113.920499,51.1613227],[-113.9210398,51.159754],[-113.9211887,51.1586836],[-113.9212739,51.1543145],[-113.9117327,51.1543486],[-113.9117215,51.1835304]]]}},{"type":"Feature","id":"05F","properties":{"class":"Residual Sub Area","class_code":"4","comm_code":"05F","name":"05F","sector":"NORTHEAST","srg":"FUTURE","comm_structure":"UNDEVELOPED","created_dt":"2016-12-21T16:13:51.000Z","modified_dt":"2022-07-25T09:27:18.000Z","label":"05F","centroid":[-113.9165102,51.1470419],"bounds":[-113.9212923,51.1397695,-113.9117327,51.1543487]},"geometry":{"type":"Polygon","coordinates":[[[-113.9117327,51.1543486],[-113.9212739,51.1543145],[-113.9212923,51.1397695],[-113.9117422,51.1397699],[-113.9117327,51.1543486]]]}},{"type":"Feature","id":"05G","properties":{"class":"Residual Sub Area","class_code":"4","comm_code":"05G","name":"05G","sector":"NORTHEAST","srg":"N/A","comm_structure":"UNDEVELOPED","created_dt":"2019-02-14T11:59:14.000Z","modified_dt":"2019-11-15T08:54:21.000Z","label":"05G","centroid":[-113.9165068,51.1362006],"bounds":[-113.9212853,51.1326261,-113.9117422,51.13977]},"geometry":{"type":"Polygon","coordinates":[[[-113.9117446,51.1326261],[-113.9117422,51.1397699],[-113.9212853,51.1397695],[-113.921269,51.1326329],[-113.9117446,51.1326261]]]}},{"type":"Feature","id":"06A","properties":{"class":"Residual Sub Area","class_code":"4","comm_code":"06A","name":"06A","sector":"WEST","srg":"FUTURE","comm_structure":"OTHER","created_dt":"2016-12-21T16:13:56.000Z","modified_dt":"2024-12-12T15:06:25.000Z","label":"06A","centroid":[-114.2307009,51.055123],"bounds":[-114.2344221,51.0198398,-114.2252911,51.0743246]},"geometry":{"type":"Polygon","coordinates":[[[-114.2255358,51.0743246],[-114.2343557,51.0743136],[-114.2343484,51.0668552],[-114.2344221,51.0668551],[-114.2344164,51.0604789],[-114.2343424,51.0604328],[-114.2343419,51.0598544],[-114.2344159,51.0599005],[-114.2344214,51.0524321],[-114.2343482,51.0524325],[-114.2343163,51.0451985],[-114.2343257,51.0377155],[-114.2344048,51.0377155],[-114.2343972,51.030565],[-114.2343233,51.0305653],[-114.2343217,51.029042],[-114.2340331,51.0288073],[-114.234032,51.0249749],[-114.2338843,51.0249749],[-114.2338987,51.0202384],[-114.2343323,51.0199943],[-114.2343331,51.0198398],[-114.2316356,51.0210399],[-114.2299766,51.0218902],[-114.2292831,51.0223892],[-114.228078,51.0235263],[-114.2298564,51.0245018],[-114.23102,51.0253955],[-114.2320599,51.026558],[-114.2326054,51.0273885],[-114.2328477,51.0279052],[-114.2331135,51.0287562],[-114.2332273,51.0296382],[-114.2332443,51.0326036],[-114.2331351,51.0352283],[-114.2330098,51.0368314],[-114.232827,51.0381325],[-114.2324122,51.0401968],[-114.2321974,51.0407855],[-114.2315345,51.0419437],[-114.2297281,51.0443437],[-114.2282638,51.0465973],[-114.2277193,51.0478747],[-114.2273509,51.049187],[-114.2261141,51.0560136],[-114.2257466,51.0594951],[-114.2256575,51.0611109],[-114.2256565,51.0653927],[-114.2256024,51.067006],[-114.225308,51.0707167],[-114.2252911,51.0717523],[-114.2253457,51.0728337],[-114.2255358,51.0743246]]]}},{"type":"Feature","id":"06B","properties":{"class":"Residual Sub Area","class_code":"4","comm_code":"06B","name":"06B","sector":"WEST","srg":"FUTURE","comm_structure":"UNDEVELOPED","created_dt":"2017-10-16T08:53:31.000Z","modified_dt":"2024-12-12T15:06:59.000Z","label":"06B","centroid":[-114.2304421,51.0776964],"bounds":[-114.2343648,51.0743136,-114.2255358,51.0819523]},"geometry":{"type":"Polygon","coordinates":[[[-114.2343557,51.0743136],[-114.2255358,51.0743246],[-114.2260325,51.0765347],[-114.2264809,51.0779917],[-114.2271399,51.0795403],[-114.228451,51.0819523],[-114.2284504,51.0814734],[-114.2342998,51.0814636],[-114.2343621,51.0813943],[-114.2343557,51.0743136]]]}},{"type":"Feature","id":"06C","properties":{"class":"Residual Sub Area","class_code":"4","comm_code":"06C","name":"06C","sector":"WEST","srg":"FUTURE","comm_structure":"UNDEVELOPED","created_dt":"2016-12-21T16:13:53.000Z","modified_dt":"2024-12-12T15:04:14.000Z","label":"06C","centroid":[-114.2262463,51.0821693],"bounds":[-114.2323589,51.0743246,-114.2225944,51.088523]},"geometry":{"type":"Polygon","coordinates":[[[-114.2323589,51.088523],[-114.228555,51.0821436],[-114.2271399,51.0795403],[-114.2264809,51.0779917],[-114.2262505,51.0772869],[-114.2258276,51.0757389],[-114.2255358,51.0743246],[-114.2225944,51.0743269],[-114.2225994,51.0815267],[-114.2241386,51.0815249],[-114.2241406,51.0870665],[-114.2288714,51.0881451],[-114.2304599,51.0883831],[-114.2323589,51.088523]]]}},{"type":"Feature","id":"09D","properties":{"class":"Residual Sub Area","class_code":"4","comm_code":"09D","name":"09D","sector":"CENTRE","srg":"N/A","comm_structure":"UNDEVELOPED","created_dt":"2016-12-21T16:13:52.000Z","modified_dt":"2023-04-17T09:34:35.000Z","label":"09D","centroid":[-114.0113678,51.0118508],"bounds":[-114.0199482,51.0083972,-114.004921,51.015568]},"geometry":{"type":"Polygon","coordinates":[[[-114.0199482,51.0086122],[-114.0173987,51.0083972],[-114.016734,51.0084075],[-114.0155171,51.0085395],[-114.0141128,51.0088407],[-114.0128186,51.0092486],[-114.0117319,51.0096844],[-114.0105963,51.0102213],[-114.011079,51.008702],[-114.0079253,51.0087004],[-114.0080994,51.0097067],[-114.0081204,51.0102001],[-114.0080504,51.0106215],[-114.0085382,51.0114598],[-114.0073451,51.0124093],[-114.0065597,51.0131649],[-114.005441,51.0145271],[-114.004921,51.0153886],[-114.0066101,51.0155625],[-114.0121585,51.015568],[-114.0121805,51.0154736],[-114.0119917,51.0152307],[-114.0122647,51.01454],[-114.0125348,51.0142451],[-114.0126595,51.0139544],[-114.0127831,51.0138625],[-114.0130133,51.0134908],[-114.0135495,51.0129947],[-114.0137914,51.012337],[-114.0146521,51.011435],[-114.0152497,51.0110369],[-114.015771,51.0108001],[-114.0162681,51.0106761],[-114.0167607,51.0106682],[-114.0177715,51.0100853],[-114.0184046,51.0096127],[-114.0196967,51.008843],[-114.0199482,51.0086122]]]}},{"type":"Feature","id":"09H","properties":{"class":"Residual Sub Area","class_code":"4","comm_code":"09H","name":"09H","sector":"EAST","srg":"N/A","comm_structure":"UNDEVELOPED","created_dt":"2016-12-21T16:13:54.000Z","modified_dt":"2023-06-01T17:07:19.000Z","label":"09H","centroid":[-114.0151548,51.0058987],"bounds":[-114.0225223,51.0025226,-114.0079528,51.0102213]},"geometry":{"type":"Polygon","coordinates":[[[-114.0180795,51.0084275],[-114.0199482,51.0086122],[-114.0200587,51.0085215],[-114.0206145,51.0079319],[-114.0213651,51.0069443],[-114.0219311,51.0063505],[-114.0220539,51.00607],[-114.0220186,51.0059767],[-114.0221492,51.0053863],[-114.0224477,51.0049003],[-114.0225223,51.0046755],[-114.0197463,51.0033187],[-114.0188071,51.0029515],[-114.0172725,51.0026124],[-114.0156913,51.0025262],[-114.0099498,51.002752],[-114.0107553,51.0032742],[-114.0100593,51.0051706],[-114.0097011,51.0058165],[-114.0091884,51.0057321],[-114.0079528,51.0087004],[-114.011079,51.008702],[-114.0105963,51.0102213],[-114.0122089,51.0094822],[-114.0141128,51.0088407],[-114.01489,51.0086546],[-114.0160961,51.0084617],[-114.016734,51.0084075],[-114.0180795,51.0084275]]]}},{"type":"Feature","id":"09O","properties":{"class":"Residual Sub Area","class_code":"4","comm_code":"09O","name":"09O","sector":"EAST","srg":"FUTURE","comm_structure":"UNDEVELOPED","created_dt":"2018-04-12T07:45:13.000Z","modified_dt":"2024-12-12T13:26:37.000Z","label":"09O","centroid":[-113.875275,51.0537324],"bounds":[-113.8886616,51.0452097,-113.8655519,51.059946]},"geometry":{"type":"Polygon","coordinates":[[[-113.8770428,51.059946],[-113.8886546,51.0599427],[-113.8886616,51.0524399],[-113.8770491,51.0524417],[-113.8770488,51.0452116],[-113.8655617,51.0452097],[-113.8655519,51.0596741],[-113.8770431,51.059672],[-113.8770428,51.059946]]]}},{"type":"Feature","id":"09P","properties":{"class":"Residual Sub Area","class_code":"4","comm_code":"09P","name":"09P","sector":"EAST","srg":"FUTURE","comm_structure":"UNDEVELOPED","created_dt":"2016-12-21T16:13:50.000Z","modified_dt":"2024-12-12T13:34:36.000Z","label":"09P","centroid":[-113.8864263,51.025501],"bounds":[-113.9119873,51.0159014,-113.8655667,51.0378454]},"geometry":{"type":"Polygon","coordinates":[[[-113.8655698,51.016101],[-113.8655667,51.0378454],[-113.8886744,51.0378349],[-113.8886755,51.030561],[-113.9003643,51.0305594],[-113.9003643,51.0304667],[-113.9090013,51.0304604],[-113.9090012,51.0305447],[-113.9119842,51.0305421],[-113.9119869,51.0159014],[-113.9117673,51.0160899],[-113.8655698,51.016101]]]}},{"type":"Feature","id":"09Q","properties":{"class":"Residual Sub Area","class_code":"4","comm_code":"09Q","name":"09Q","sector":"EAST","srg":"N/A","comm_structure":"OTHER","created_dt":"2016-12-21T16:13:58.000Z","modified_dt":"2023-07-31T19:04:44.000Z","label":"09Q","centroid":[-113.9343329,51.0252215],"bounds":[-113.9583722,51.0146957,-113.9119842,51.0378219]},"geometry":{"type":"Polygon","coordinates":[[[-113.9213204,51.0377557],[-113.946959,51.0378219],[-113.9469394,51.0332959],[-113.94679,51.033216],[-113.9467904,51.0305435],[-113.9559557,51.0305372],[-113.955963,51.016165],[-113.9563926,51.0161641],[-113.9583722,51.01688],[-113.9583426,51.0148067],[-113.9483058,51.0148946],[-113.9394285,51.0146957],[-113.9357694,51.0147317],[-113.9287568,51.0150601],[-113.9195014,51.0157123],[-113.9156064,51.0158593],[-113.9119869,51.0159014],[-113.9119842,51.0305564],[-113.9212839,51.0305549],[-113.9213204,51.0377557]]]}},{"type":"Feature","id":"10D","properties":{"class":"Residual Sub Area","class_code":"4","comm_code":"10D","name":"10D","sector":"NORTHEAST","srg":"FUTURE","comm_structure":"UNDEVELOPED","created_dt":"2016-12-21T16:14:03.000Z","modified_dt":"2024-12-12T09:28:14.000Z","label":"10D","centroid":[-113.9154141,51.1038702],"bounds":[-113.920341,51.0962087,-113.9117484,51.1106434]},"geometry":{"type":"Polygon","coordinates":[[[-113.9185434,51.0967541],[-113.9168915,51.0966677],[-113.9126257,51.0962485],[-113.9117497,51.0962087],[-113.9117484,51.1106432],[-113.920341,51.1106434],[-113.919337,51.1062391],[-113.9187748,51.1029608],[-113.9184979,51.0990364],[-113.9185434,51.0967541]]]}},{"type":"Feature","id":"10E","properties":{"class":"Residual Sub Area","class_code":"4","comm_code":"10E","name":"10E","sector":"NORTHEAST","srg":"FUTURE","comm_structure":"UNDEVELOPED","created_dt":"2016-12-21T16:13:54.000Z","modified_dt":"2024-12-12T09:30:24.000Z","label":"10E","centroid":[-113.9159055,51.0809898],"bounds":[-113.9207306,51.0668404,-113.9117496,51.0967541]},"geometry":{"type":"Polygon","coordinates":[[[-113.9190377,51.0901023],[-113.9193838,51.0877854],[-113.9203505,51.0834434],[-113.920524,51.0822642],[-113.920704,51.0801366],[-113.9207243,51.0777684],[-113.9204909,51.0744095],[-113.9204725,51.0668404],[-113.9117534,51.0668498],[-113.9117497,51.0962087],[-113.9126257,51.0962485],[-113.9168915,51.0966677],[-113.9185434,51.0967541],[-113.9188722,51.0915995],[-113.9190377,51.0901023]]]}},{"type":"Feature","id":"11B","properties":{"class":"Residual Sub Area","class_code":"4","comm_code":"11B","name":"11B","sector":"SOUTH","srg":"N/A","comm_structure":"UNDEVELOPED","created_dt":"2023-10-03T12:12:59.000Z","modified_dt":"2024-02-21T12:32:39.000Z","label":"11B","centroid":[-114.1602876,50.9861043],"bounds":[-114.187732,50.9504792,-114.1412914,51.0113003]},"geometry":{"type":"Polygon","coordinates":[[[-114.1642139,50.984784],[-114.1642338,50.9948557],[-114.1649421,50.9948638],[-114.164751,50.9965823],[-114.1651,50.9968067],[-114.1651914,50.9971483],[-114.1648121,50.9975824],[-114.1630877,51.0003143],[-114.1626029,51.0004536],[-114.1611284,51.0004616],[-114.1597291,51.0003383],[-114.1595708,51.0010241],[-114.1623966,51.0014699],[-114.1628488,51.0017022],[-114.1629861,51.0019341],[-114.1629603,51.0023843],[-114.1627139,51.0031786],[-114.1624399,51.0035808],[-114.1621434,51.003851],[-114.1617783,51.0040854],[-114.160145,51.004801],[-114.1596661,51.0050945],[-114.1592825,51.0054841],[-114.1589261,51.0062992],[-114.1585037,51.0068234],[-114.1578623,51.0072501],[-114.157055,51.007544],[-114.1563342,51.0076668],[-114.1540743,51.00788],[-114.1467546,51.0080957],[-114.1453961,51.0080591],[-114.1449764,51.0080329],[-114.1441593,51.0078369],[-114.1434593,51.0074999],[-114.1425675,51.0062978],[-114.1424574,51.0058256],[-114.1429041,51.0047725],[-114.1434657,51.0040098],[-114.1442589,51.0032812],[-114.1428355,51.0027815],[-114.1413074,51.0024256],[-114.1412914,51.0086138],[-114.141401,51.008614],[-114.1413953,51.0086501],[-114.154476,51.0086514],[-114.1564757,51.0085334],[-114.15934,51.0082263],[-114.1632033,51.0078998],[-114.166766,51.0076772],[-114.1680807,51.0076355],[-114.1690414,51.0076825],[-114.1700207,51.0078072],[-114.1732341,51.0084959],[-114.1787504,51.0091861],[-114.1816713,51.0097008],[-114.1855062,51.0106204],[-114.1877285,51.0113003],[-114.187732,51.0086703],[-114.1857094,51.0086682],[-114.1757647,51.0065501],[-114.1755679,51.0054309],[-114.1744576,51.0054013],[-114.1744122,51.0057338],[-114.1741492,51.0063154],[-114.169959,51.0052465],[-114.1696262,51.0048872],[-114.1695114,51.0037298],[-114.1696419,51.0027041],[-114.170526,51.0020312],[-114.1713099,51.0021015],[-114.1717727,51.0009967],[-114.1729292,50.9997901],[-114.1717453,50.9978911],[-114.1742561,50.9952758],[-114.1754249,50.990524],[-114.1724759,50.9899494],[-114.1693088,50.9889653],[-114.1686077,50.9872768],[-114.1676834,50.9855797],[-114.1670355,50.9846203],[-114.1653987,50.9827237],[-114.1640775,50.9770666],[-114.1610069,50.9740391],[-114.1585963,50.9736285],[-114.1521588,50.9670632],[-114.1469344,50.9607268],[-114.1463561,50.959885],[-114.1458617,50.9590222],[-114.1452296,50.9575463],[-114.145213,50.9526919],[-114.1463671,50.9511995],[-114.1463076,50.9504792],[-114.1412918,50.9504854],[-114.1412954,50.9599126],[-114.1465178,50.9665655],[-114.1508002,50.9717414],[-114.1510566,50.9721353],[-114.1512539,50.9725742],[-114.1513985,50.9733536],[-114.1512916,50.9741355],[-114.1509022,50.9749938],[-114.1507836,50.9753838],[-114.1507503,50.9757803],[-114.1508007,50.9765113],[-114.1506906,50.9767535],[-114.150494,50.9769727],[-114.1502216,50.9771569],[-114.1498414,50.9773137],[-114.1489546,50.9775078],[-114.1461818,50.9775433],[-114.1461601,50.9722625],[-114.1460997,50.9717047],[-114.1459531,50.9712414],[-114.145505,50.9705077],[-114.1425938,50.9672535],[-114.1412957,50.9655628],[-114.1412958,50.9663434],[-114.142375,50.9676779],[-114.1450487,50.9706559],[-114.1453212,50.9710511],[-114.1455115,50.971465],[-114.1456166,50.9718909],[-114.1456514,50.9724155],[-114.1456689,50.977544],[-114.1448032,50.9775449],[-114.1448038,50.9777892],[-114.1412997,50.9777928],[-114.1413,50.9784221],[-114.1448055,50.9784183],[-114.1448058,50.9785513],[-114.1495399,50.9785426],[-114.1509398,50.9784608],[-114.1537057,50.9780969],[-114.1564362,50.9781683],[-114.1615216,50.9841974],[-114.162092,50.9847019],[-114.1642139,50.984784]]]}},{"type":"Feature","id":"12A","properties":{"class":"Residual Sub Area","class_code":"4","comm_code":"12A","name":"12A","sector":"SOUTHEAST","srg":"FUTURE","comm_structure":"UNDEVELOPED","created_dt":"2016-12-21T16:13:52.000Z","modified_dt":"2024-02-21T09:01:09.000Z","label":"12A","centroid":[-113.8917396,50.9642331],"bounds":[-113.9209018,50.9505467,-113.8655392,50.9795791]},"geometry":{"type":"Polygon","coordinates":[[[-113.9209018,50.9656654],[-113.9205307,50.9505471],[-113.8655876,50.9505467],[-113.8655392,50.9794887],[-113.8694607,50.9794887],[-113.8694607,50.9795791],[-113.8703698,50.9795791],[-113.8703698,50.9794887],[-113.9017751,50.9794869],[-113.9084279,50.9733292],[-113.908858,50.9730204],[-113.9091747,50.9729064],[-113.9117755,50.9721663],[-113.9124916,50.9720384],[-113.9203336,50.9732145],[-113.9208196,50.9678055],[-113.9209018,50.9656654]]]}},{"type":"Feature","id":"12B","properties":{"class":"Residual Sub Area","class_code":"4","comm_code":"12B","name":"12B","sector":"SOUTHEAST","srg":"FUTURE","comm_structure":"UNDEVELOPED","created_dt":"2016-12-21T16:13:59.000Z","modified_dt":"2024-02-21T09:03:14.000Z","label":"12B","centroid":[-113.8963427,50.9401704],"bounds":[-113.9205307,50.9278854,-113.8655876,50.9505697]},"geometry":{"type":"Polygon","coordinates":[[[-113.9205307,50.9505471],[-113.9201172,50.9339305],[-113.9200099,50.9322918],[-113.9198753,50.9313608],[-113.9196813,50.9302898],[-113.9192991,50.9287797],[-113.8888474,50.9287857],[-113.8888386,50.9278914],[-113.877142,50.9278854],[-113.8771372,50.9445339],[-113.8729461,50.9432472],[-113.8656029,50.9432464],[-113.8655876,50.9505467],[-113.9205307,50.9505471]]]}},{"type":"Feature","id":"12C","properties":{"class":"Residual Sub Area","class_code":"4","comm_code":"12C","name":"12C","sector":"SOUTHEAST","srg":"FUTURE","comm_structure":"UNDEVELOPED","created_dt":"2018-10-10T11:11:53.000Z","modified_dt":"2024-01-03T15:26:18.000Z","label":"12C","centroid":[-113.9033891,50.9251906],"bounds":[-113.9192991,50.9214361,-113.8887276,50.9287857]},"geometry":{"type":"Polygon","coordinates":[[[-113.9192991,50.9287797],[-113.918801,50.9272165],[-113.9179335,50.925118],[-113.9168474,50.9230371],[-113.9158379,50.9214361],[-113.8887276,50.9214762],[-113.8887304,50.9216124],[-113.8888803,50.9216124],[-113.8889768,50.9278914],[-113.8888386,50.9278914],[-113.8888474,50.9287857],[-113.9192991,50.9287797]]]}},{"type":"Feature","id":"12J","properties":{"class":"Residual Sub Area","class_code":"4","comm_code":"12J","name":"12J","sector":"SOUTHEAST","srg":"FUTURE","comm_structure":"UNDEVELOPED","created_dt":"2016-12-21T16:13:57.000Z","modified_dt":"2024-01-03T09:48:56.000Z","label":"12J","centroid":[-113.8829553,50.8831658],"bounds":[-113.9071403,50.8554705,-113.8599194,50.9071862]},"geometry":{"type":"Polygon","coordinates":[[[-113.9071389,50.906851],[-113.9071103,50.9051236],[-113.9069913,50.903505],[-113.9064327,50.899992],[-113.906276,50.8983856],[-113.9061862,50.8848899],[-113.9058661,50.8849975],[-113.9057843,50.8554705],[-113.9038756,50.8564966],[-113.903305,50.8568965],[-113.9026193,50.8572586],[-113.9021494,50.8576217],[-113.9008788,50.8588342],[-113.9007438,50.8591303],[-113.9002132,50.8593857],[-113.9001998,50.8594607],[-113.9002508,50.8594809],[-113.9001512,50.8595325],[-113.8989324,50.8597609],[-113.8982716,50.8598231],[-113.8963637,50.8602033],[-113.8951494,50.8602533],[-113.8951409,50.8605212],[-113.8944505,50.860372],[-113.8944531,50.8602875],[-113.8928845,50.8604046],[-113.8912947,50.8604125],[-113.8892825,50.8602897],[-113.8882846,50.8603391],[-113.8865627,50.860214],[-113.8857036,50.8602552],[-113.8821676,50.8599386],[-113.879907,50.8594961],[-113.8792744,50.8592816],[-113.8785876,50.8588982],[-113.8782319,50.8588125],[-113.8747814,50.8590326],[-113.8741229,50.8591425],[-113.873187,50.8591942],[-113.871447,50.8591261],[-113.8698308,50.8589679],[-113.8678503,50.8587185],[-113.8662117,50.858388],[-113.8613995,50.8571617],[-113.8607646,50.8572653],[-113.8605605,50.8574345],[-113.8603456,50.8577835],[-113.8599194,50.8577506],[-113.8600125,50.905543],[-113.860153,50.9063646],[-113.8601443,50.9071862],[-113.8922898,50.9071108],[-113.9047548,50.9067916],[-113.9071389,50.906851]]]}},{"type":"Feature","id":"12K","properties":{"class":"Residual Sub Area","class_code":"4","comm_code":"12K","name":"12K","sector":"SOUTHEAST","srg":"N/A","comm_structure":"UNDEVELOPED","created_dt":"2016-12-21T16:13:53.000Z","modified_dt":"2024-02-21T08:58:12.000Z","label":"12K","centroid":[-113.9127922,50.9762553],"bounds":[-113.9203336,50.9720384,-113.9017751,50.9795729]},"geometry":{"type":"Polygon","coordinates":[[[-113.9202747,50.9795674],[-113.9201288,50.977001],[-113.9201915,50.9747955],[-113.9203336,50.9732145],[-113.9124916,50.9720384],[-113.9117755,50.9721663],[-113.9091747,50.9729064],[-113.9086166,50.9731676],[-113.9017751,50.9794869],[-113.9024377,50.9794866],[-113.9027344,50.9792126],[-113.9116488,50.9792088],[-113.9116487,50.9794827],[-113.9117917,50.979478],[-113.9117921,50.9795729],[-113.9202747,50.9795674]]]}},{"type":"Feature","id":"12L","properties":{"class":"Residual Sub Area","class_code":"4","comm_code":"12L","name":"12L","sector":"SOUTHEAST","srg":"FUTURE","comm_structure":"UNDEVELOPED","created_dt":"2018-10-10T11:11:32.000Z","modified_dt":"2024-01-03T15:16:42.000Z","label":"12L","centroid":[-113.8715237,50.9143622],"bounds":[-113.8829868,50.9071394,-113.8600196,50.9215744]},"geometry":{"type":"Polygon","coordinates":[[[-113.8829286,50.9071394],[-113.8601443,50.9071862],[-113.8600196,50.9084854],[-113.8600345,50.9142021],[-113.8601082,50.9142018],[-113.860126,50.921574],[-113.8829868,50.9215654],[-113.8829286,50.9071394]]]}},{"type":"Feature","id":"13A","properties":{"class":"Residual Sub Area","class_code":"4","comm_code":"13A","name":"13A","sector":"SOUTH","srg":"FUTURE","comm_structure":"UNDEVELOPED","created_dt":"2016-12-21T16:14:01.000Z","modified_dt":"2024-12-12T21:32:17.000Z","label":"13A","centroid":[-114.1981921,50.9141377],"bounds":[-114.2098075,50.9068169,-114.1865499,50.9214631]},"geometry":{"type":"Polygon","coordinates":[[[-114.2098075,50.9068169],[-114.1865663,50.9068228],[-114.1866083,50.9177305],[-114.1865499,50.9214536],[-114.2097828,50.9214631],[-114.2098075,50.9068169]]]}},{"type":"Feature","id":"13C","properties":{"class":"Residual Sub Area","class_code":"4","comm_code":"13C","name":"13C","sector":"SOUTH","srg":"FUTURE","comm_structure":"UNDEVELOPED","created_dt":"2016-12-21T16:14:01.000Z","modified_dt":"2024-12-12T21:32:12.000Z","label":"13C","centroid":[-114.1749892,50.9141314],"bounds":[-114.1866083,50.9067858,-114.1633933,50.9214561]},"geometry":{"type":"Polygon","coordinates":[[[-114.1865499,50.9214536],[-114.1866083,50.9177305],[-114.1865663,50.9068228],[-114.1634144,50.9067858],[-114.1633933,50.9214559],[-114.1865499,50.9214536]]]}},{"type":"Feature","id":"13E","properties":{"class":"Residual Sub Area","class_code":"4","comm_code":"13E","name":"13E","sector":"SOUTH","srg":"FUTURE","comm_structure":"UNDEVELOPED","created_dt":"2016-12-21T16:13:55.000Z","modified_dt":"2024-12-12T21:25:31.000Z","label":"13E","centroid":[-114.1981984,50.8994003],"bounds":[-114.209833,50.8919739,-114.1865663,50.9068231]},"geometry":{"type":"Polygon","coordinates":[[[-114.1865663,50.9068228],[-114.2098075,50.9068169],[-114.209833,50.8919739],[-114.1869003,50.8919856],[-114.1865827,50.8920232],[-114.1865663,50.9068228]]]}},{"type":"Feature","id":"13F","properties":{"class":"Residual Sub Area","class_code":"4","comm_code":"13F","name":"13F","sector":"SOUTH","srg":"FUTURE","comm_structure":"UNDEVELOPED","created_dt":"2016-12-21T16:13:56.000Z","modified_dt":"2024-12-12T21:26:56.000Z","label":"13F","centroid":[-114.1750114,50.8994247],"bounds":[-114.1865827,50.8920232,-114.1634135,50.9068228]},"geometry":{"type":"Polygon","coordinates":[[[-114.1865663,50.9068228],[-114.1865827,50.8920232],[-114.1862616,50.8920612],[-114.1673707,50.8920236],[-114.1673709,50.8920686],[-114.1634135,50.8920597],[-114.1634644,50.8994006],[-114.1634144,50.9067858],[-114.1865663,50.9068228]]]}},{"type":"Feature","id":"13G","properties":{"class":"Residual Sub Area","class_code":"4","comm_code":"13G","name":"13G","sector":"SOUTH","srg":"FUTURE","comm_structure":"UNDEVELOPED","created_dt":"2016-12-21T16:13:59.000Z","modified_dt":"2024-12-12T21:28:51.000Z","label":"13G","centroid":[-114.1419363,50.8975297],"bounds":[-114.1634644,50.8848734,-114.1149042,50.9067858]},"geometry":{"type":"Polygon","coordinates":[[[-114.1401823,50.9067361],[-114.1403085,50.9066387],[-114.1488368,50.9066541],[-114.1490179,50.9067554],[-114.1634144,50.9067858],[-114.1634644,50.8994006],[-114.1634135,50.8920597],[-114.1598906,50.8920526],[-114.1598905,50.8920067],[-114.1407037,50.8919496],[-114.1406327,50.8919046],[-114.1406327,50.8915038],[-114.1405336,50.8915037],[-114.1405339,50.888401],[-114.1230529,50.8884222],[-114.1230562,50.8848734],[-114.1149042,50.8848772],[-114.1264645,50.8995929],[-114.1281802,50.9019139],[-114.1287468,50.9029011],[-114.1293477,50.9042549],[-114.1295942,50.9052325],[-114.1297152,50.9067102],[-114.1401823,50.9067361]]]}},{"type":"Feature","id":"13H","properties":{"class":"Residual Sub Area","class_code":"4","comm_code":"13H","name":"13H","sector":"SOUTH","srg":"N/A","comm_structure":"UNDEVELOPED","created_dt":"2016-12-21T16:13:55.000Z","modified_dt":"2024-12-12T21:17:14.000Z","label":"13H","centroid":[-114.1131967,50.8911916],"bounds":[-114.1202404,50.8848769,-114.1054025,50.8941011]},"geometry":{"type":"Polygon","coordinates":[[[-114.1054025,50.8913903],[-114.1054039,50.8941011],[-114.108975,50.8937792],[-114.113818,50.8931025],[-114.1154127,50.8927938],[-114.1202404,50.8916712],[-114.1149042,50.8848772],[-114.1142063,50.8848769],[-114.1161416,50.8893431],[-114.1158573,50.8893421],[-114.1125886,50.8913861],[-114.1054025,50.8913903]]]}},{"type":"Feature","id":"13I","properties":{"class":"Residual Sub Area","class_code":"4","comm_code":"13I","name":"13I","sector":"SOUTH","srg":"N/A","comm_structure":"UNDEVELOPED","created_dt":"2016-12-21T16:13:59.000Z","modified_dt":"2024-02-21T11:33:48.000Z","label":"13I","centroid":[-114.0993973,50.8926462],"bounds":[-114.1054041,50.888498,-114.0934804,50.8941713]},"geometry":{"type":"Polygon","coordinates":[[[-114.1054039,50.8941011],[-114.1054025,50.8913903],[-114.0952953,50.8913956],[-114.0950935,50.891194],[-114.094466,50.8911943],[-114.0942124,50.888981],[-114.0942136,50.888498],[-114.0940018,50.8884981],[-114.0940142,50.8888965],[-114.093871,50.8894202],[-114.0939132,50.8901549],[-114.0938597,50.8909777],[-114.0934804,50.8938756],[-114.0978063,50.8940757],[-114.1019188,50.8941713],[-114.1054039,50.8941011]]]}},{"type":"Feature","id":"13J","properties":{"class":"Residual Sub Area","class_code":"4","comm_code":"13J","name":"13J","sector":"SOUTH","srg":"FUTURE","comm_structure":"OTHER","created_dt":"2023-08-03T15:48:49.000Z","modified_dt":"2024-02-21T09:30:56.000Z","label":"13J","centroid":[-114.088204,50.8740772],"bounds":[-114.0941314,50.8704073,-114.0824184,50.8776997]},"geometry":{"type":"Polygon","coordinates":[[[-114.0941314,50.8776869],[-114.0941239,50.874118],[-114.0938382,50.8741179],[-114.0938399,50.8704174],[-114.0824445,50.8704073],[-114.0824184,50.8776997],[-114.0941314,50.8776869]]]}},{"type":"Feature","id":"13M","properties":{"class":"Residual Sub Area","class_code":"4","comm_code":"13M","name":"13M","sector":"SOUTH","srg":"FUTURE","comm_structure":"UNDEVELOPED","created_dt":"2019-02-26T15:08:37.000Z","modified_dt":"2024-02-21T09:37:52.000Z","label":"13M","centroid":[-114.0427296,50.8546964],"bounds":[-114.0606066,50.8485272,-114.0234734,50.8639575]},"geometry":{"type":"Polygon","coordinates":[[[-114.0329599,50.8600389],[-114.0334711,50.8600774],[-114.0340815,50.8599577],[-114.0345067,50.8599685],[-114.0347401,50.8602065],[-114.0350022,50.8602869],[-114.0351179,50.8605394],[-114.0350113,50.8606994],[-114.0351779,50.8608687],[-114.036156,50.8615008],[-114.0368738,50.8618086],[-114.0370476,50.8619738],[-114.0371438,50.862229],[-114.0375436,50.8623751],[-114.0378159,50.8623894],[-114.037907,50.8623128],[-114.037875,50.8622279],[-114.0374919,50.8621333],[-114.0374151,50.8620446],[-114.0374457,50.8619695],[-114.037991,50.862062],[-114.0382356,50.8619394],[-114.0382071,50.8618577],[-114.0378286,50.86174],[-114.0375931,50.861554],[-114.0375252,50.8613942],[-114.0376188,50.8612355],[-114.0380205,50.8612859],[-114.0384328,50.8614639],[-114.039337,50.8615655],[-114.0398074,50.8617151],[-114.0401102,50.8617181],[-114.0402297,50.8617893],[-114.0402872,50.8620839],[-114.040074,50.8623461],[-114.0400556,50.862428],[-114.0401115,50.8625112],[-114.0402425,50.8625336],[-114.0408886,50.8623033],[-114.0410169,50.8623088],[-114.0410773,50.8623774],[-114.0409054,50.8626247],[-114.0405957,50.8628792],[-114.0395471,50.8631106],[-114.0395716,50.8634815],[-114.0399152,50.863656],[-114.0405515,50.8632851],[-114.0406794,50.8632706],[-114.0407986,50.863308],[-114.0410211,50.8635119],[-114.0410901,50.8635984],[-114.0411048,50.8638403],[-114.0412855,50.8639575],[-114.0420089,50.8637424],[-114.0423658,50.8635767],[-114.0423428,50.8634973],[-114.0421204,50.8633772],[-114.0420658,50.8632722],[-114.0424248,50.8627798],[-114.0428074,50.8626838],[-114.0429303,50.8626022],[-114.0429578,50.862369],[-114.0430396,50.8622864],[-114.0443658,50.8618696],[-114.0446165,50.8618933],[-114.0452881,50.8623135],[-114.0456853,50.8624395],[-114.0460674,50.8624383],[-114.0462084,50.8622957],[-114.0464694,50.862243],[-114.0466998,50.8623218],[-114.0466643,50.862396],[-114.046752,50.8624155],[-114.046879,50.8624092],[-114.0470881,50.8622951],[-114.0477745,50.862401],[-114.0477863,50.8624572],[-114.0479792,50.8624391],[-114.0481157,50.8624977],[-114.0482025,50.8628492],[-114.048556,50.862854],[-114.0490176,50.8626538],[-114.0494524,50.8628001],[-114.0496025,50.8626383],[-114.0494622,50.862598],[-114.0494759,50.8625274],[-114.049895,50.8624562],[-114.0501098,50.8625136],[-114.0504374,50.8624909],[-114.0504895,50.8621911],[-114.0507416,50.8621308],[-114.0508932,50.8621619],[-114.0509226,50.8621333],[-114.05087,50.8620849],[-114.0510231,50.8620185],[-114.0509805,50.8619095],[-114.0508251,50.8617349],[-114.0507284,50.8617271],[-114.0506503,50.861592],[-114.0506903,50.8614782],[-114.0509722,50.8614238],[-114.0510529,50.8611828],[-114.0510112,50.8612015],[-114.051058,50.8610857],[-114.0510083,50.8610328],[-114.0509841,50.8606909],[-114.0508847,50.8603522],[-114.0509078,50.8601765],[-114.0508147,50.859958],[-114.0508329,50.8594811],[-114.050894,50.8592908],[-114.0513777,50.8588646],[-114.052269,50.8589197],[-114.0524123,50.8590305],[-114.0524496,50.8592339],[-114.0525851,50.8593119],[-114.052862,50.8591815],[-114.053012,50.8589044],[-114.0531926,50.8587415],[-114.0535269,50.8586906],[-114.0539187,50.8587108],[-114.0539871,50.8587865],[-114.0539819,50.8589421],[-114.0536514,50.8589285],[-114.0535887,50.8589761],[-114.053918,50.8592476],[-114.0535014,50.8593182],[-114.0534848,50.8594309],[-114.0536793,50.859519],[-114.053857,50.8594893],[-114.0539175,50.8596108],[-114.0542615,50.8597066],[-114.054596,50.8599013],[-114.0546835,50.8600362],[-114.0549433,50.8601697],[-114.0552334,50.8602496],[-114.0553536,50.8602001],[-114.0553236,50.8601231],[-114.0553735,50.8600915],[-114.0554422,50.8601152],[-114.0554476,50.8602112],[-114.0555161,50.8602254],[-114.056081,50.8601375],[-114.0567822,50.8602112],[-114.057167,50.8601617],[-114.0575695,50.8598933],[-114.0576805,50.8595943],[-114.0579506,50.8592734],[-114.0579498,50.85902],[-114.0581962,50.8587804],[-114.0581819,50.8586089],[-114.0580929,50.858519],[-114.057986,50.8585776],[-114.0577857,50.8585485],[-114.0577744,50.8584392],[-114.0577649,50.8585277],[-114.0577146,50.8585262],[-114.0575899,50.8584155],[-114.057666,50.8583525],[-114.0575986,50.858207],[-114.0574595,50.8580763],[-114.0572902,50.8580792],[-114.057209,50.8583229],[-114.0570548,50.8584276],[-114.0566029,50.8584132],[-114.0563611,50.8582],[-114.0563902,50.858074],[-114.0565232,50.8580134],[-114.0567181,50.8580845],[-114.0570271,50.8579788],[-114.0570911,50.8578801],[-114.0570184,50.8578207],[-114.0571711,50.8577051],[-114.0568458,50.8575944],[-114.0569273,50.8573462],[-114.0568084,50.8574591],[-114.0566031,50.8571464],[-114.0562251,50.8571969],[-114.0560795,50.8570585],[-114.0562479,50.8569135],[-114.0562694,50.8568137],[-114.0557485,50.8564183],[-114.0558483,50.8562752],[-114.0557546,50.8561065],[-114.0560716,50.8558772],[-114.0560474,50.8557365],[-114.0558908,50.8556083],[-114.0563579,50.8554158],[-114.0567472,50.8554371],[-114.0571808,50.8552717],[-114.0581345,50.8552541],[-114.0585684,50.8551006],[-114.0585861,50.85505],[-114.0584427,50.8549396],[-114.0584092,50.8548467],[-114.0582953,50.8548084],[-114.0583138,50.8547436],[-114.058489,50.854668],[-114.0587197,50.8546674],[-114.0589489,50.8545545],[-114.0591915,50.8542949],[-114.0593313,50.854239],[-114.0593032,50.8541712],[-114.0593503,50.8540756],[-114.0592866,50.8540085],[-114.0591002,50.8539894],[-114.0587422,50.854057],[-114.0583675,50.853996],[-114.0581764,50.854049],[-114.0581228,50.8541507],[-114.0578182,50.8542041],[-114.0573681,50.8540201],[-114.0569681,50.8541737],[-114.0567691,50.854164],[-114.0567609,50.8539605],[-114.0568337,50.8538358],[-114.0567319,50.8536573],[-114.05664,50.8535765],[-114.0562504,50.8535278],[-114.0561045,50.8534231],[-114.056209,50.8532275],[-114.0562236,50.8529747],[-114.0565416,50.8527673],[-114.056893,50.8523165],[-114.0567707,50.8521624],[-114.0564299,50.8520139],[-114.0562741,50.8518049],[-114.0562734,50.8516558],[-114.0563578,50.8514591],[-114.0566204,50.8513522],[-114.0565167,50.8510515],[-114.056628,50.8509774],[-114.0567853,50.8511252],[-114.0568555,50.8511127],[-114.0571124,50.850667],[-114.0572731,50.8506344],[-114.057422,50.8507098],[-114.0576901,50.8507124],[-114.0580909,50.8505831],[-114.0582053,50.8503417],[-114.0578209,50.8501312],[-114.0578235,50.8498431],[-114.0579618,50.849655],[-114.0581163,50.8496336],[-114.0582607,50.8495269],[-114.0582689,50.8494001],[-114.0584157,50.8492631],[-114.0585155,50.8489972],[-114.0586222,50.8489635],[-114.0589283,50.8491211],[-114.059248,50.8491204],[-114.0596995,50.8492848],[-114.0597957,50.8493965],[-114.0599531,50.8493953],[-114.0601505,50.8490976],[-114.0600948,50.8488544],[-114.0605142,50.8486125],[-114.060601,50.8486155],[-114.0606066,50.8485272],[-114.047671,50.848539],[-114.0476705,50.8487663],[-114.0362598,50.8487728],[-114.0248981,50.8487764],[-114.0248479,50.8487313],[-114.0248486,50.8485505],[-114.0234734,50.8485469],[-114.0326639,50.8598976],[-114.0329599,50.8600389]]]}},{"type":"Feature","id":"13N","properties":{"class":"Residual Sub Area","class_code":"4","comm_code":"13N","name":"13N","sector":"SOUTH","srg":"N/A","comm_structure":"OTHER","created_dt":"2023-10-03T12:13:18.000Z","modified_dt":"2024-03-26T14:52:19.000Z","label":"13N","centroid":[-114.1427574,50.9384489],"bounds":[-114.1463076,50.9237199,-114.1412818,50.9504854]},"geometry":{"type":"Polygon","coordinates":[[[-114.1412918,50.9504854],[-114.1463076,50.9504792],[-114.1462833,50.9501846],[-114.1443016,50.9489513],[-114.1440798,50.9416987],[-114.1438775,50.9399118],[-114.1436059,50.9381483],[-114.1435728,50.9370097],[-114.1449394,50.937319],[-114.1459438,50.9366161],[-114.1444934,50.9362105],[-114.1438117,50.9358542],[-114.1440718,50.9341404],[-114.1444231,50.9310235],[-114.1440333,50.9282555],[-114.1433551,50.9272509],[-114.1430118,50.9262645],[-114.142513,50.9253051],[-114.1420397,50.924609],[-114.1412818,50.9237199],[-114.1412918,50.9504854]]]}},{"type":"Feature","id":"ABB","properties":{"class":"Residential","class_code":"1","comm_code":"ABB","name":"ABBEYDALE","sector":"NORTHEAST","srg":"ESTABLISHED","comm_structure":"2000s","created_dt":"2016-12-21T16:10:01.000Z","modified_dt":"2024-12-12T11:43:44.000Z","label":"Abbeydale","centroid":[-113.9285826,51.0591949],"bounds":[-113.9351526,51.0473615,-113.9204725,51.0669793]},"geometry":{"type":"Polygon","coordinates":[[[-113.9351526,51.0473615],[-113.9204825,51.0566078],[-113.9204725,51.0668404],[-113.9257712,51.066831],[-113.9351333,51.0669793],[-113.9351526,51.0473615]]]}},{"type":"Feature","id":"ABP","properties":{"class":"Residential","class_code":"1","comm_code":"ABP","name":"AURORA BUSINESS PARK","sector":"NORTH","srg":"DEVELOPING","comm_structure":"BUILDING OUT","created_dt":"2016-12-21T16:12:14.000Z","modified_dt":"2026-01-21T23:13:34.000Z","label":"Aurora Business Park","centroid":[-114.0564831,51.1362893],"bounds":[-114.0714583,51.1255983,-114.0418625,51.1469399]},"geometry":{"type":"Polygon","coordinates":[[[-114.0692319,51.1423765],[-114.0702869,51.1415718],[-114.0709422,51.1408652],[-114.0711889,51.140452],[-114.0714349,51.1396499],[-114.0714583,51.1343017],[-114.0684109,51.1331898],[-114.0625066,51.1312648],[-114.0591167,51.130574],[-114.0571753,51.1300094],[-114.0558396,51.1294035],[-114.0539174,51.1284208],[-114.0504205,51.1263998],[-114.0492987,51.1259296],[-114.0480082,51.1255983],[-114.0479332,51.1296968],[-114.0478534,51.1305652],[-114.0476732,51.1313798],[-114.047278,51.1324476],[-114.0444707,51.1385749],[-114.0438622,51.1400724],[-114.0433696,51.1415975],[-114.0418625,51.1469399],[-114.0429209,51.1469369],[-114.0430965,51.1465838],[-114.0434321,51.1461373],[-114.0444251,51.14515],[-114.0466674,51.1435352],[-114.0478606,51.1429214],[-114.0480982,51.1429212],[-114.0480979,51.1425899],[-114.0500855,51.1422535],[-114.0536778,51.1413019],[-114.0551661,51.1411151],[-114.0576416,51.1411286],[-114.0605287,51.1413188],[-114.0637158,51.1416661],[-114.0664024,51.1416709],[-114.0677969,51.1418838],[-114.0685374,51.1420986],[-114.0692319,51.1423765]]]}},{"type":"Feature","id":"ABR","properties":{"class":"Residential","class_code":"1","comm_code":"ABR","name":"AMBLERIDGE","sector":"NORTH","srg":"DEVELOPING","comm_structure":"2000s","created_dt":"2024-05-13T08:15:35.000Z","modified_dt":"2026-08-27T21:52:48.000Z","label":"Ambleridge","centroid":[-114.1337894,51.1920436],"bounds":[-114.1602264,51.1831596,-114.1179169,51.1978343]},"geometry":{"type":"Polygon","coordinates":[[[-114.1310522,51.1831991],[-114.1179198,51.1831596],[-114.1179169,51.1978342],[-114.1413218,51.1977572],[-114.1413233,51.1968533],[-114.1525311,51.1968349],[-114.152535,51.1977388],[-114.1602264,51.1977254],[-114.1599671,51.1970924],[-114.1598805,51.1970375],[-114.1598471,51.1968744],[-114.1595815,51.1964019],[-114.1594646,51.1960589],[-114.1593278,51.1959708],[-114.1590847,51.1959246],[-114.1590117,51.195843],[-114.1590612,51.1956797],[-114.1594413,51.1955773],[-114.1594472,51.1954379],[-114.1589553,51.1952029],[-114.1585591,51.19512],[-114.1582443,51.1951241],[-114.1582807,51.1948665],[-114.1581527,51.1945761],[-114.1581846,51.1943249],[-114.1581331,51.1942437],[-114.1582465,51.1940594],[-114.1582291,51.1938514],[-114.1577467,51.1934885],[-114.1569826,51.193425],[-114.1569104,51.1932617],[-114.1575534,51.1931011],[-114.1573994,51.1929523],[-114.1572709,51.1929437],[-114.1570891,51.1930801],[-114.1567379,51.1931662],[-114.1564339,51.1931775],[-114.1563236,51.1931122],[-114.1563173,51.1930442],[-114.1564894,51.1928551],[-114.1563793,51.1926611],[-114.1562552,51.192564],[-114.1562729,51.1924713],[-114.1564184,51.1923238],[-114.1564288,51.1921653],[-114.1568379,51.1920491],[-114.1568411,51.191994],[-114.1567617,51.1919499],[-114.1562905,51.1918442],[-114.1558306,51.1919524],[-114.1548962,51.192031],[-114.1548523,51.1920836],[-114.1548733,51.1921792],[-114.154756,51.1921889],[-114.1547103,51.1923004],[-114.1552162,51.1924729],[-114.1551577,51.1925867],[-114.1550502,51.1926108],[-114.154341,51.1925474],[-114.153766,51.1924198],[-114.1530543,51.1924563],[-114.1523429,51.192002],[-114.1522289,51.1918831],[-114.1522506,51.191721],[-114.151699,51.1913873],[-114.1513624,51.1912589],[-114.1506905,51.1911544],[-114.1494311,51.1906031],[-114.1492791,51.19062],[-114.1491105,51.1904827],[-114.1485839,51.1904167],[-114.1484357,51.1903328],[-114.1480831,51.190338],[-114.1466947,51.1906495],[-114.1462592,51.1909008],[-114.1462063,51.1909978],[-114.1462414,51.1911056],[-114.1461855,51.1911787],[-114.1459649,51.1912568],[-114.1457202,51.1911764],[-114.1459194,51.1911048],[-114.1457408,51.1909518],[-114.1454352,51.1909337],[-114.1452802,51.1908307],[-114.1450498,51.1909533],[-114.1447296,51.1910286],[-114.1441394,51.1909055],[-114.1439779,51.1910877],[-114.1437249,51.1908722],[-114.1433101,51.1907086],[-114.1429094,51.1908243],[-114.1427213,51.1905683],[-114.1429919,51.190479],[-114.143001,51.1903609],[-114.1423978,51.1900471],[-114.141646,51.1900071],[-114.1412743,51.1899112],[-114.1409971,51.1899028],[-114.1402952,51.1896606],[-114.1400081,51.1898001],[-114.1399161,51.1899064],[-114.1398455,51.1901366],[-114.1396859,51.190197],[-114.1392257,51.1900391],[-114.1390673,51.1898587],[-114.1391038,51.1896442],[-114.1390234,51.1895719],[-114.1385049,51.18954],[-114.1379142,51.1896405],[-114.1377017,51.1896261],[-114.1375945,51.1895693],[-114.137501,51.1893969],[-114.1372942,51.1893184],[-114.1370737,51.1890696],[-114.1369776,51.1890322],[-114.1366169,51.1891106],[-114.1364621,51.1890014],[-114.1363003,51.1887388],[-114.1359102,51.1885499],[-114.1348954,51.1885357],[-114.1348643,51.1884563],[-114.134931,51.1883544],[-114.1351331,51.1881844],[-114.1353223,51.1881347],[-114.135401,51.187928],[-114.1355543,51.1878065],[-114.1359246,51.1879082],[-114.1360308,51.1881139],[-114.1366475,51.1884382],[-114.1367658,51.1884374],[-114.136848,51.1883312],[-114.1368579,51.1880826],[-114.1366534,51.1879163],[-114.1361982,51.1878086],[-114.1360436,51.1875003],[-114.1356816,51.1870734],[-114.1354734,51.1869364],[-114.1352321,51.1868956],[-114.1350346,51.1869526],[-114.1347595,51.1870933],[-114.1346306,51.187282],[-114.1344562,51.1873882],[-114.1343212,51.1873622],[-114.1340136,51.1871623],[-114.1339589,51.1870838],[-114.1340144,51.1869752],[-114.1339452,51.1868837],[-114.1335683,51.1867613],[-114.132983,51.1862208],[-114.1329055,51.1860559],[-114.132755,51.1859272],[-114.1327568,51.185709],[-114.1326818,51.1855998],[-114.1322357,51.1855867],[-114.1321753,51.1855343],[-114.1321948,51.1854574],[-114.1320798,51.1854245],[-114.1317735,51.185105],[-114.1312998,51.1848607],[-114.1310848,51.1845766],[-114.1306442,51.1842908],[-114.1306177,51.1841792],[-114.1306756,51.1839211],[-114.1309986,51.1837152],[-114.131095,51.1835711],[-114.1310522,51.1831991]]]}},{"type":"Feature","id":"ACA","properties":{"class":"Residential","class_code":"1","comm_code":"ACA","name":"ACADIA","sector":"SOUTH","srg":"ESTABLISHED","comm_structure":"1960s/1970s","created_dt":"2016-12-21T16:10:25.000Z","modified_dt":"2023-03-02T15:44:52.000Z","label":"Acadia","centroid":[-114.0543276,50.9713785],"bounds":[-114.0716111,50.9640488,-114.0265077,50.9807949]},"geometry":{"type":"Polygon","coordinates":[[[-114.0716111,50.9650463],[-114.0651356,50.9650057],[-114.0641905,50.9648858],[-114.0609774,50.9641864],[-114.0597281,50.9640618],[-114.0454365,50.9640488],[-114.0444169,50.9640878],[-114.0430549,50.9643484],[-114.0335171,50.9674375],[-114.0265077,50.9697957],[-114.0266839,50.9698992],[-114.026521,50.9699395],[-114.0268366,50.9700972],[-114.0277169,50.9701526],[-114.0277709,50.9701824],[-114.0277588,50.9702424],[-114.0271808,50.9702894],[-114.0271426,50.9704021],[-114.0270393,50.9704073],[-114.0270499,50.9704425],[-114.0272461,50.9706489],[-114.0283123,50.9708993],[-114.0289078,50.9708595],[-114.0291376,50.9706491],[-114.0298181,50.9704908],[-114.0309405,50.9704272],[-114.0320367,50.9704451],[-114.0331726,50.970663],[-114.0339213,50.9710516],[-114.0354314,50.9720592],[-114.03565,50.9723143],[-114.0363972,50.9727953],[-114.0369777,50.9733546],[-114.0372826,50.9738191],[-114.0375156,50.9739173],[-114.0375625,50.9740089],[-114.0375321,50.9740682],[-114.040746,50.9740672],[-114.0418249,50.9747286],[-114.0422658,50.9748167],[-114.0426884,50.9746981],[-114.0438555,50.9738122],[-114.0445262,50.9736022],[-114.0477029,50.9773443],[-114.048506,50.978443],[-114.0500373,50.9807949],[-114.0541642,50.9797198],[-114.0554194,50.9795706],[-114.0715762,50.9795746],[-114.0716111,50.9650463]]]}},{"type":"Feature","id":"ALB","properties":{"class":"Residential","class_code":"1","comm_code":"ALB","name":"ALBERT PARK/RADISSON HEIGHTS","sector":"EAST","srg":"ESTABLISHED","comm_structure":"1950s","created_dt":"2016-12-21T16:10:10.000Z","modified_dt":"2025-12-18T00:15:03.000Z","label":"Albert Park/Radisson Heights","centroid":[-113.9958499,51.0429499],"bounds":[-114.0175382,51.0369564,-113.9816288,51.052123]},"geometry":{"type":"Polygon","coordinates":[[[-114.0137963,51.0374583],[-114.010903,51.0370472],[-114.0096574,51.0369564],[-114.0068406,51.0370287],[-114.0006004,51.0370677],[-113.9977019,51.0371883],[-113.9946672,51.0377138],[-113.9935811,51.0378177],[-113.9816295,51.0378293],[-113.9816295,51.0481528],[-113.9817108,51.052123],[-113.9831777,51.0519526],[-113.9846857,51.0517011],[-113.9860905,51.0513725],[-113.9872719,51.0509995],[-113.9891436,51.0501794],[-113.9949756,51.0469374],[-113.9960921,51.0463983],[-113.9971073,51.0460077],[-113.9984426,51.0456197],[-114.0006439,51.0452308],[-114.0018898,51.0451293],[-114.0034441,51.0451244],[-114.0048581,51.0452282],[-114.0063819,51.0454507],[-114.0078446,51.0457733],[-114.0088402,51.0460618],[-114.0129109,51.047511],[-114.0142019,51.0478988],[-114.0158491,51.0481682],[-114.0175382,51.0482438],[-114.0169236,51.0474401],[-114.0164384,51.0470012],[-114.0158413,51.0465806],[-114.0147136,51.0460006],[-114.0119171,51.0448423],[-114.0122313,51.0423634],[-114.011455,51.0423137],[-114.0111393,51.0421331],[-114.0107498,51.0412937],[-114.0104196,51.0408731],[-114.0103574,51.0405974],[-114.0108947,51.040336],[-114.0112199,51.0400014],[-114.0114958,51.0398414],[-114.0115856,51.0397115],[-114.0120875,51.0394152],[-114.012431,51.0389704],[-114.0128593,51.0387817],[-114.0134254,51.0383193],[-114.0137048,51.0379787],[-114.0137963,51.0374583]]]}},{"type":"Feature","id":"ALP","properties":{"class":"Residential","class_code":"1","comm_code":"ALP","name":"ALPINE PARK","sector":"SOUTH","srg":"DEVELOPING","comm_structure":"BUILDING OUT","created_dt":"2016-12-21T16:14:02.000Z","modified_dt":"2024-12-12T21:31:18.000Z","label":"Alpine Park","centroid":[-114.1466765,50.9142903],"bounds":[-114.1634144,50.9066387,-114.1297069,50.9274614]},"geometry":{"type":"Polygon","coordinates":[[[-114.1344652,50.9215765],[-114.136578,50.9228112],[-114.1381366,50.9238233],[-114.138773,50.9243763],[-114.1393919,50.9250508],[-114.139926,50.9257678],[-114.140707,50.9273003],[-114.1412832,50.9274614],[-114.1412804,50.9214328],[-114.1633933,50.9214559],[-114.1634144,50.9067858],[-114.1490179,50.9067554],[-114.1488368,50.9066541],[-114.1403085,50.9066387],[-114.1401823,50.9067361],[-114.1297152,50.9067102],[-114.1297139,50.9095479],[-114.1299051,50.9124827],[-114.1302694,50.9152265],[-114.1307629,50.917424],[-114.1312571,50.9184981],[-114.131862,50.9193561],[-114.1324119,50.9199844],[-114.1331687,50.9206725],[-114.1344652,50.9215765]]]}},{"type":"Feature","id":"ALT","properties":{"class":"Residential","class_code":"1","comm_code":"ALT","name":"ALTADORE","sector":"CENTRE","srg":"ESTABLISHED","comm_structure":"INNER CITY","created_dt":"2016-12-21T16:10:10.000Z","modified_dt":"2026-02-15T00:24:07.000Z","label":"Altadore","centroid":[-114.1017531,51.0151353],"bounds":[-114.1180057,51.0087168,-114.0857233,51.0232049]},"geometry":{"type":"Polygon","coordinates":[[[-114.094701,51.0201385],[-114.0947019,51.0232049],[-114.1125049,51.0231827],[-114.1125057,51.0221866],[-114.1109711,51.0221894],[-114.1109458,51.0210619],[-114.1092359,51.0210586],[-114.1091922,51.0163284],[-114.1093267,51.0158279],[-114.1093382,51.0111834],[-114.1151102,51.0111905],[-114.1151098,51.0111005],[-114.1180057,51.0110942],[-114.1179902,51.0087312],[-114.0857247,51.0087227],[-114.0859408,51.009231],[-114.0860705,51.009386],[-114.0863845,51.0096362],[-114.087263,51.0101516],[-114.0879471,51.0104503],[-114.0890571,51.0107957],[-114.0899622,51.0112548],[-114.0906638,51.0118519],[-114.0911215,51.0120076],[-114.091479,51.0120587],[-114.0928423,51.0125657],[-114.0932453,51.0127769],[-114.093528,51.0130116],[-114.0936548,51.0132651],[-114.0936748,51.01357],[-114.0933107,51.0141764],[-114.0930621,51.0147287],[-114.0931566,51.0148016],[-114.0930567,51.0151674],[-114.0924807,51.0158373],[-114.0919783,51.0161736],[-114.0918638,51.0169098],[-114.0921394,51.0169325],[-114.0923546,51.0170528],[-114.0924042,51.017139],[-114.0922874,51.0175808],[-114.0930141,51.0179211],[-114.0940714,51.0201198],[-114.094701,51.0201385]]]}},{"type":"Feature","id":"APP","properties":{"class":"Residential","class_code":"1","comm_code":"APP","name":"APPLEWOOD PARK","sector":"EAST","srg":"ESTABLISHED","comm_structure":"2000s","created_dt":"2016-12-21T16:10:30.000Z","modified_dt":"2024-12-12T11:39:30.000Z","label":"Applewood Park","centroid":[-113.9273015,51.0452098],"bounds":[-113.9351634,51.0377557,-113.920459,51.0566078]},"geometry":{"type":"Polygon","coordinates":[[[-113.9351526,51.0473615],[-113.9351622,51.0378133],[-113.9213204,51.0377557],[-113.9212468,51.0461782],[-113.9206088,51.0511385],[-113.9204955,51.052425],[-113.9204825,51.0566078],[-113.9351526,51.0473615]]]}},{"type":"Feature","id":"ARB","properties":{"class":"Residential","class_code":"1","comm_code":"ARB","name":"ARBOUR LAKE","sector":"NORTHWEST","srg":"ESTABLISHED","comm_structure":"2000s","created_dt":"2020-06-23T16:43:05.000Z","modified_dt":"2026-02-02T14:45:57.000Z","label":"Arbour Lake","centroid":[-114.2036378,51.1335042],"bounds":[-114.2276993,51.1205941,-114.1819328,51.1446229]},"geometry":{"type":"Polygon","coordinates":[[[-114.1899982,51.1433339],[-114.1926612,51.1428772],[-114.1938313,51.1427523],[-114.19521,51.1427047],[-114.1967856,51.1427812],[-114.1979175,51.1429166],[-114.1995237,51.14325],[-114.2006264,51.14358],[-114.2034971,51.1446229],[-114.2051423,51.1428518],[-114.2061965,51.1418272],[-114.2071008,51.1411359],[-114.2083451,51.1403725],[-114.2097029,51.1396328],[-114.2114013,51.1389637],[-114.2180072,51.1367396],[-114.2198942,51.1360463],[-114.2214033,51.1353775],[-114.2229873,51.1345895],[-114.2247967,51.1335158],[-114.2261908,51.1325617],[-114.2276993,51.1311673],[-114.2021094,51.1205941],[-114.1860732,51.1355752],[-114.185599,51.1361088],[-114.1851854,51.136685],[-114.1842552,51.1385322],[-114.1836993,51.139456],[-114.1829766,51.14028],[-114.1819328,51.141166],[-114.1848866,51.1425674],[-114.1862618,51.1430479],[-114.1870593,51.1432255],[-114.1881927,51.1433595],[-114.18902,51.1433838],[-114.1899982,51.1433339]]]}},{"type":"Feature","id":"ASP","properties":{"class":"Residential","class_code":"1","comm_code":"ASP","name":"ASPEN WOODS","sector":"WEST","srg":"DEVELOPING","comm_structure":"BUILDING OUT","created_dt":"2016-12-21T16:10:03.000Z","modified_dt":"2024-09-23T23:53:21.000Z","label":"Aspen Woods","centroid":[-114.2103485,51.0440938],"bounds":[-114.2326728,51.0377864,-114.1874958,51.0526578]},"geometry":{"type":"Polygon","coordinates":[[[-114.2326728,51.0389726],[-114.2310801,51.0389044],[-114.2271312,51.0385309],[-114.2267464,51.0384613],[-114.2260588,51.0382338],[-114.2232121,51.0378586],[-114.2167576,51.037864],[-114.2109661,51.0379683],[-114.2035517,51.0379756],[-114.1969508,51.0379547],[-114.1935049,51.0377864],[-114.1907682,51.0379298],[-114.1875608,51.037935],[-114.1875638,51.0445986],[-114.1874958,51.0452219],[-114.1876669,51.0452218],[-114.1876672,51.0461381],[-114.1905605,51.0461336],[-114.1905621,51.0472754],[-114.190828,51.0473448],[-114.1915093,51.0478432],[-114.192208,51.0479966],[-114.1933146,51.0486846],[-114.1938659,51.0488405],[-114.1963652,51.0488356],[-114.1963655,51.0491188],[-114.1964722,51.0493245],[-114.1968467,51.0494958],[-114.19731,51.0494956],[-114.197685,51.0493237],[-114.1977909,51.049117],[-114.1977905,51.0488327],[-114.2109663,51.0488083],[-114.2109704,51.0525401],[-114.2266887,51.0526554],[-114.2273509,51.049187],[-114.2277193,51.0478747],[-114.2279721,51.0472189],[-114.2282638,51.0465973],[-114.2287717,51.0457601],[-114.2297281,51.0443437],[-114.2315345,51.0419437],[-114.2318738,51.0413744],[-114.2321974,51.0407855],[-114.2324122,51.0401968],[-114.2326728,51.0389726]]]}},{"type":"Feature","id":"AUB","properties":{"class":"Residential","class_code":"1","comm_code":"AUB","name":"AUBURN BAY","sector":"SOUTHEAST","srg":"COMPLETE","comm_structure":"2000s","created_dt":"2016-12-21T16:10:06.000Z","modified_dt":"2024-06-20T15:07:45.000Z","label":"Auburn Bay","centroid":[-113.9577521,50.8930627],"bounds":[-113.9753288,50.8804362,-113.9416718,50.9049675]},"geometry":{"type":"Polygon","coordinates":[[[-113.9461103,50.9022458],[-113.9472354,50.9049675],[-113.9539349,50.9038359],[-113.9753288,50.9000708],[-113.9752371,50.8979006],[-113.9750777,50.8967187],[-113.9748187,50.8958073],[-113.974133,50.8944338],[-113.9658149,50.8804362],[-113.9573202,50.8824575],[-113.9532798,50.883321],[-113.9491837,50.8840318],[-113.9416718,50.8851744],[-113.9421231,50.8863714],[-113.9424258,50.8879163],[-113.9424967,50.888773],[-113.9425212,50.8928123],[-113.9426752,50.8942145],[-113.9429615,50.8956307],[-113.9434287,50.8971478],[-113.9441956,50.898897],[-113.9461103,50.9022458]]]}},{"type":"Feature","id":"AYB","properties":{"class":"Industrial","class_code":"2","comm_code":"AYB","name":"ALYTH/BONNYBROOK","sector":"CENTRE","srg":"N/A","comm_structure":"EMPLOYMENT","created_dt":"2016-12-21T16:12:11.000Z","modified_dt":"2025-12-18T12:14:40.000Z","label":"Alyth/Bonnybrook","centroid":[-114.0252218,51.0233086],"bounds":[-114.0499945,51.0078932,-114.0110253,51.0378342]},"geometry":{"type":"Polygon","coordinates":[[[-114.0221543,51.0300665],[-114.0221516,51.0319496],[-114.0235139,51.0319473],[-114.0236938,51.0318992],[-114.0238626,51.0317699],[-114.0243118,51.0318828],[-114.0244695,51.0320219],[-114.0244908,51.033588],[-114.0246773,51.0337772],[-114.025312,51.0340429],[-114.0251581,51.0342143],[-114.0251576,51.0376893],[-114.0252912,51.0377412],[-114.0276841,51.0377431],[-114.0279114,51.0378336],[-114.0356436,51.037828],[-114.0355271,51.0375148],[-114.0354555,51.0370286],[-114.0355071,51.0361678],[-114.0357755,51.0353998],[-114.0362709,51.03465],[-114.0367738,51.0341356],[-114.0367754,51.0345799],[-114.0377457,51.0345812],[-114.0395497,51.032966],[-114.0410713,51.0329679],[-114.0410993,51.032208],[-114.0412272,51.032165],[-114.0419365,51.0321653],[-114.0419239,51.0310062],[-114.0417728,51.0308071],[-114.0414461,51.0306263],[-114.0416546,51.0303079],[-114.0482653,51.0300835],[-114.0493855,51.0303244],[-114.049895,51.0300776],[-114.0499834,51.0299206],[-114.0499945,51.0297064],[-114.0489055,51.0296642],[-114.047999,51.0295181],[-114.0428787,51.0280716],[-114.0411638,51.0296257],[-114.0410151,51.0299477],[-114.0410355,51.0303945],[-114.0369899,51.0305821],[-114.0369031,51.0305087],[-114.0364314,51.0299991],[-114.0351677,51.0289083],[-114.0347895,51.0284227],[-114.0345835,51.0277995],[-114.0336427,51.023614],[-114.033083,51.0220217],[-114.0264275,51.0088604],[-114.0257489,51.0078932],[-114.0244046,51.0083774],[-114.022965,51.0086592],[-114.0212698,51.008726],[-114.0199482,51.0086122],[-114.0196967,51.008843],[-114.0184046,51.0096127],[-114.0177715,51.0100853],[-114.0167607,51.0106682],[-114.0160087,51.0107239],[-114.0153483,51.0109831],[-114.0146521,51.011435],[-114.0137914,51.012337],[-114.0135495,51.0129947],[-114.0131173,51.0133761],[-114.0127831,51.0138625],[-114.0126595,51.0139544],[-114.0125348,51.0142451],[-114.0122647,51.01454],[-114.0119917,51.0152307],[-114.0121805,51.0154736],[-114.0121564,51.0156761],[-114.012471,51.0161516],[-114.0126167,51.0165299],[-114.0126934,51.0178152],[-114.0128463,51.0184919],[-114.0128201,51.0197188],[-114.0126984,51.0203733],[-114.0121315,51.0217367],[-114.0117231,51.0224662],[-114.0115977,51.0228522],[-114.0114715,51.02297],[-114.0111595,51.0231065],[-114.0110253,51.0232581],[-114.0116578,51.0232588],[-114.0115123,51.0242269],[-114.0114999,51.0268806],[-114.0118056,51.0266612],[-114.0118032,51.0268303],[-114.0124387,51.0263742],[-114.0178854,51.0263784],[-114.0178845,51.0270306],[-114.0190146,51.0270313],[-114.0191978,51.027135],[-114.0191558,51.0271989],[-114.0191537,51.0289466],[-114.0214085,51.0289476],[-114.0214074,51.0300659],[-114.0221543,51.0300665]]]}},{"type":"Feature","id":"BDO","properties":{"class":"Residential","class_code":"1","comm_code":"BDO","name":"BONAVISTA DOWNS","sector":"SOUTH","srg":"ESTABLISHED","comm_structure":"1960s/1970s","created_dt":"2016-12-21T16:10:26.000Z","modified_dt":"2024-12-12T13:42:30.000Z","label":"Bonavista Downs","centroid":[-114.0309449,50.9448737],"bounds":[-114.0368194,50.9378486,-114.02622,50.950814]},"geometry":{"type":"Polygon","coordinates":[[[-114.032974,50.9379605],[-114.0322975,50.9378486],[-114.0317929,50.9386386],[-114.0312182,50.939346],[-114.0307064,50.9398701],[-114.0275945,50.9427011],[-114.0268876,50.9435458],[-114.0266799,50.9439068],[-114.0263425,50.9448553],[-114.02622,50.947031],[-114.0263403,50.9485666],[-114.0264536,50.9492231],[-114.0268669,50.950814],[-114.0272973,50.9503265],[-114.0282452,50.9496539],[-114.0291932,50.9492013],[-114.0302961,50.9487976],[-114.0324826,50.9483202],[-114.0344759,50.9482341],[-114.0368194,50.9482372],[-114.0351254,50.945366],[-114.0352444,50.9427107],[-114.0347662,50.9425873],[-114.0347426,50.9417371],[-114.0346814,50.941699],[-114.0336265,50.9417833],[-114.0329438,50.9382962],[-114.032974,50.9379605]]]}},{"type":"Feature","id":"BED","properties":{"class":"Residential","class_code":"1","comm_code":"BED","name":"BEDDINGTON HEIGHTS","sector":"NORTH","srg":"ESTABLISHED","comm_structure":"1960s/1970s","created_dt":"2016-12-21T16:10:21.000Z","modified_dt":"2020-10-22T10:50:08.000Z","label":"Beddington Heights","centroid":[-114.0792294,51.1296329],"bounds":[-114.1063071,51.1250637,-114.0478277,51.1382378]},"geometry":{"type":"Polygon","coordinates":[[[-114.0625066,51.1312648],[-114.0684109,51.1331898],[-114.0714583,51.1343017],[-114.0734174,51.1351845],[-114.0754906,51.136244],[-114.0763431,51.1365905],[-114.0814929,51.1382378],[-114.0822845,51.1372605],[-114.0829151,51.1368089],[-114.0909568,51.1325677],[-114.0917625,51.1322818],[-114.0922108,51.1321873],[-114.0931755,51.1321095],[-114.1020511,51.1320925],[-114.1063071,51.1316263],[-114.1058598,51.130148],[-114.1056166,51.1296724],[-114.1050532,51.1289592],[-114.1043058,51.1283071],[-114.1027542,51.1274605],[-114.097191,51.1251595],[-114.0734681,51.1252805],[-114.072979,51.1252005],[-114.0578346,51.1251667],[-114.0569685,51.1253202],[-114.0565367,51.1255007],[-114.055417,51.1262578],[-114.0543174,51.1256184],[-114.0538613,51.1251346],[-114.0517488,51.1251449],[-114.0516412,51.1250737],[-114.0508892,51.1250637],[-114.0502676,51.1251183],[-114.04783,51.1251146],[-114.0478277,51.1252099],[-114.0480092,51.1252094],[-114.0480082,51.1255983],[-114.0492987,51.1259296],[-114.0504205,51.1263998],[-114.0539174,51.1284208],[-114.0558396,51.1294035],[-114.0571753,51.1300094],[-114.0591167,51.130574],[-114.0625066,51.1312648]]]}},{"type":"Feature","id":"BEL","properties":{"class":"Residential","class_code":"1","comm_code":"BEL","name":"BEL-AIRE","sector":"CENTRE","srg":"ESTABLISHED","comm_structure":"1960s/1970s","created_dt":"2016-12-21T16:10:32.000Z","modified_dt":"2023-03-08T09:54:53.000Z","label":"Bel-Aire","centroid":[-114.0885767,50.9994076],"bounds":[-114.094738,50.9975054,-114.0818425,51.0013931]},"geometry":{"type":"Polygon","coordinates":[[[-114.094738,50.9975128],[-114.0831818,50.9975196],[-114.0831566,50.9998056],[-114.0830685,51.0001691],[-114.0828952,51.0004922],[-114.0825799,51.0008618],[-114.0818425,51.001389],[-114.0929727,51.0013931],[-114.0928018,51.00101],[-114.0927938,51.0008054],[-114.0929227,51.0005724],[-114.0932138,51.0002675],[-114.0938822,50.9999687],[-114.0944862,50.999943],[-114.0946291,50.9999969],[-114.0947361,50.9999434],[-114.094738,50.9975128]]]}},{"type":"Feature","id":"BLM","properties":{"class":"Residential","class_code":"1","comm_code":"BLM","name":"BELMONT","sector":"SOUTH","srg":"DEVELOPING","comm_structure":"BUILDING OUT","created_dt":"2019-02-26T15:07:21.000Z","modified_dt":"2024-02-21T09:44:04.000Z","label":"Belmont","centroid":[-114.0550252,50.8683965],"bounds":[-114.0709088,50.8598976,-114.0326639,50.8774833]},"geometry":{"type":"Polygon","coordinates":[[[-114.04465,50.8755531],[-114.04581,50.8751936],[-114.0476379,50.8741304],[-114.0485976,50.8737865],[-114.0542397,50.8722863],[-114.0554875,50.8721337],[-114.0569428,50.8721334],[-114.0580806,50.8722698],[-114.0590288,50.8724857],[-114.0599624,50.8727968],[-114.0606339,50.8730999],[-114.0617362,50.8737656],[-114.0644244,50.8758416],[-114.0653063,50.8763418],[-114.0660965,50.8766844],[-114.0670187,50.8769968],[-114.0679282,50.8772285],[-114.0694174,50.877429],[-114.0708563,50.8774833],[-114.0708374,50.8704122],[-114.0709088,50.8631053],[-114.0544066,50.8631049],[-114.0533751,50.8631971],[-114.0523506,50.8633941],[-114.0499683,50.8641548],[-114.048937,50.8639375],[-114.0477847,50.8633995],[-114.0477745,50.862401],[-114.0470881,50.8622951],[-114.046879,50.8624092],[-114.046752,50.8624155],[-114.0466643,50.862396],[-114.0466998,50.8623218],[-114.0464694,50.862243],[-114.0462084,50.8622957],[-114.0460674,50.8624383],[-114.0456853,50.8624395],[-114.0452881,50.8623135],[-114.0444944,50.861855],[-114.0430396,50.8622864],[-114.0429578,50.862369],[-114.0429303,50.8626022],[-114.0428074,50.8626838],[-114.0424248,50.8627798],[-114.0420658,50.8632722],[-114.0421204,50.8633772],[-114.0423428,50.8634973],[-114.0423658,50.8635767],[-114.0420089,50.8637424],[-114.0412855,50.8639575],[-114.0411048,50.8638403],[-114.0410901,50.8635984],[-114.0410211,50.8635119],[-114.0407986,50.863308],[-114.0406794,50.8632706],[-114.0405515,50.8632851],[-114.0399152,50.863656],[-114.0395716,50.8634815],[-114.0395471,50.8631106],[-114.0405957,50.8628792],[-114.0409054,50.8626247],[-114.0410773,50.8623774],[-114.0410169,50.8623088],[-114.0408886,50.8623033],[-114.0402425,50.8625336],[-114.0401115,50.8625112],[-114.0400556,50.862428],[-114.040074,50.8623461],[-114.0402872,50.8620839],[-114.0402297,50.8617893],[-114.0401102,50.8617181],[-114.0398074,50.8617151],[-114.039337,50.8615655],[-114.0384328,50.8614639],[-114.0380205,50.8612859],[-114.0376188,50.8612355],[-114.0375252,50.8613942],[-114.0375931,50.861554],[-114.0378286,50.86174],[-114.0382071,50.8618577],[-114.0382356,50.8619394],[-114.037991,50.862062],[-114.0374457,50.8619695],[-114.0374151,50.8620446],[-114.0374919,50.8621333],[-114.037875,50.8622279],[-114.037907,50.8623128],[-114.0378159,50.8623894],[-114.0375436,50.8623751],[-114.0371438,50.862229],[-114.0370476,50.8619738],[-114.0368738,50.8618086],[-114.036156,50.8615008],[-114.0351779,50.8608687],[-114.0350113,50.8606994],[-114.0351179,50.8605394],[-114.0350022,50.8602869],[-114.0347401,50.8602065],[-114.0345067,50.8599685],[-114.0342222,50.8599455],[-114.0332804,50.8600726],[-114.0329599,50.8600389],[-114.0326639,50.8598976],[-114.0380704,50.8665567],[-114.0400085,50.8691537],[-114.0440024,50.8756939],[-114.04465,50.8755531]]]}},{"type":"Feature","id":"BLN","properties":{"class":"Residential","class_code":"1","comm_code":"BLN","name":"BELTLINE","sector":"CENTRE","srg":"ESTABLISHED","comm_structure":"CENTRE CITY","created_dt":"2016-12-21T16:10:33.000Z","modified_dt":"2023-01-19T23:31:06.000Z","label":"Beltline","centroid":[-114.0680982,51.0399512],"bounds":[-114.0947178,51.0300309,-114.0428136,51.0448585]},"geometry":{"type":"Polygon","coordinates":[[[-114.0947062,51.0378345],[-114.0611297,51.037838],[-114.0612815,51.0357698],[-114.0610182,51.0356974],[-114.0602781,51.0352029],[-114.0592934,51.0341203],[-114.0586791,51.0336416],[-114.0583652,51.033315],[-114.0576304,51.032776],[-114.0568737,51.0324465],[-114.0564515,51.0323373],[-114.0547145,51.0314853],[-114.0541282,51.0310731],[-114.0538299,51.030778],[-114.053589,51.0306562],[-114.0534213,51.0304962],[-114.0534484,51.0303717],[-114.0533563,51.0303033],[-114.0526126,51.0300497],[-114.0513986,51.0300745],[-114.0513069,51.030098],[-114.0507696,51.0305385],[-114.0504481,51.0308699],[-114.0499264,51.0316908],[-114.0495779,51.0321047],[-114.0492441,51.032796],[-114.0492444,51.0329235],[-114.0493672,51.0331613],[-114.0493253,51.0334231],[-114.049404,51.0337954],[-114.049697,51.0345803],[-114.0497524,51.0348952],[-114.0496757,51.0350547],[-114.0497474,51.03529],[-114.0496482,51.0359438],[-114.0496651,51.0363028],[-114.0494001,51.0368795],[-114.0493514,51.0372626],[-114.0490226,51.0378397],[-114.0484378,51.0384698],[-114.0483503,51.038638],[-114.0480936,51.0387907],[-114.0472341,51.039538],[-114.0464045,51.040002],[-114.0462128,51.0402881],[-114.0459145,51.0403223],[-114.0453488,51.0405814],[-114.0450978,51.0408273],[-114.0441257,51.0414231],[-114.0436769,51.0418327],[-114.0436524,51.0419457],[-114.0432533,51.0424382],[-114.0428136,51.0431782],[-114.0441694,51.0433967],[-114.0450966,51.0434511],[-114.0947178,51.0448585],[-114.0947062,51.0378345]]]}},{"type":"Feature","id":"BNF","properties":{"class":"Residential","class_code":"1","comm_code":"BNF","name":"BANFF TRAIL","sector":"CENTRE","srg":"ESTABLISHED","comm_structure":"1950s","created_dt":"2016-12-21T16:10:03.000Z","modified_dt":"2025-09-10T09:31:57.000Z","label":"Banff Trail","centroid":[-114.113273,51.0741517],"bounds":[-114.1257146,51.066977,-114.1045707,51.0836071]},"geometry":{"type":"Polygon","coordinates":[[[-114.1176422,51.0804306],[-114.120498,51.081871],[-114.12364,51.0827078],[-114.124113,51.0829733],[-114.1242902,51.0832115],[-114.1249277,51.0836071],[-114.1257146,51.0830698],[-114.1243441,51.0817455],[-114.1206606,51.07709],[-114.1192657,51.0755941],[-114.1187316,51.0748403],[-114.118431,51.0742805],[-114.1180502,51.0732371],[-114.117949,51.0725632],[-114.1179617,51.0669852],[-114.1063149,51.066977],[-114.1063148,51.0678506],[-114.1045707,51.0678522],[-114.1045883,51.0742846],[-114.106314,51.0742842],[-114.1063137,51.077053],[-114.1151069,51.0814347],[-114.1153156,51.0814195],[-114.1161058,51.0807843],[-114.1166963,51.0810812],[-114.1168288,51.0810782],[-114.1176422,51.0804306]]]}},{"type":"Feature","id":"BNK","properties":{"class":"Residential","class_code":"1","comm_code":"BNK","name":"BANKVIEW","sector":"CENTRE","srg":"ESTABLISHED","comm_structure":"INNER CITY","created_dt":"2016-12-21T16:10:18.000Z","modified_dt":"2023-01-17T23:57:42.000Z","label":"Bankview","centroid":[-114.1006659,51.0340725],"bounds":[-114.1072185,51.0304341,-114.094704,51.0378345]},"geometry":{"type":"Polygon","coordinates":[[[-114.0947062,51.0378345],[-114.1063251,51.037831],[-114.1062871,51.0338554],[-114.1062144,51.033636],[-114.1058282,51.0332024],[-114.1072185,51.0329659],[-114.1072101,51.0304341],[-114.094704,51.0304424],[-114.0947062,51.0378345]]]}},{"type":"Feature","id":"BOW","properties":{"class":"Residential","class_code":"1","comm_code":"BOW","name":"BOWNESS","sector":"NORTHWEST","srg":"ESTABLISHED","comm_structure":"1950s","created_dt":"2016-12-21T16:10:16.000Z","modified_dt":"2024-12-12T14:31:47.000Z","label":"Bowness","centroid":[-114.1961256,51.0875126],"bounds":[-114.2334828,51.067772,-114.1667394,51.0989341]},"geometry":{"type":"Polygon","coordinates":[[[-114.2325999,51.0976464],[-114.2331887,51.0964947],[-114.2334828,51.0956589],[-114.2294455,51.0953821],[-114.2256699,51.0949266],[-114.2256679,51.0945054],[-114.2226114,51.0945074],[-114.2226117,51.0947093],[-114.2222576,51.0945189],[-114.2219748,51.094727],[-114.2128661,51.0898206],[-114.212301,51.0902372],[-114.2119871,51.0900679],[-114.2123765,51.089781],[-114.2101436,51.0885778],[-114.2119532,51.0868077],[-114.2121152,51.0865187],[-114.2122599,51.0858944],[-114.2127174,51.0859497],[-114.2127184,51.0840853],[-114.2093142,51.0831766],[-114.206605,51.0825613],[-114.2049939,51.0822719],[-114.2033992,51.0820586],[-114.2021178,51.0819656],[-114.196656,51.0819102],[-114.1950027,51.0817737],[-114.1940412,51.081624],[-114.1931467,51.0814137],[-114.1891839,51.0803307],[-114.1892492,51.079707],[-114.1894854,51.0792475],[-114.1895028,51.0790724],[-114.189404,51.078734],[-114.1889845,51.0782222],[-114.1887039,51.0775319],[-114.1864433,51.0747827],[-114.1855527,51.0738808],[-114.1842621,51.072728],[-114.1829127,51.0716684],[-114.1814454,51.0706836],[-114.1791638,51.0693274],[-114.1779642,51.0687146],[-114.1758882,51.067772],[-114.1759241,51.0720056],[-114.1760493,51.0721275],[-114.1760153,51.0721928],[-114.17626,51.072315],[-114.1776752,51.073487],[-114.1783284,51.0740974],[-114.1785429,51.0743808],[-114.1789018,51.0751105],[-114.178996,51.0754282],[-114.1789681,51.0760176],[-114.1788387,51.0763017],[-114.1781532,51.0769725],[-114.177578,51.0776587],[-114.1763808,51.0783532],[-114.1752861,51.0788128],[-114.1744279,51.0790302],[-114.1727713,51.0792301],[-114.172204,51.0794579],[-114.1712244,51.0797138],[-114.1706571,51.0799446],[-114.1705417,51.0800659],[-114.1691637,51.0807488],[-114.1682648,51.0813513],[-114.1679993,51.0814093],[-114.1673909,51.0817445],[-114.1669867,51.0821789],[-114.1668377,51.082436],[-114.1667564,51.0827777],[-114.1667394,51.0831504],[-114.1668101,51.0834426],[-114.1671685,51.0837897],[-114.1674436,51.0839542],[-114.1677383,51.0839827],[-114.1689187,51.0842993],[-114.1701061,51.0845391],[-114.170604,51.0845769],[-114.171252,51.0848198],[-114.1723681,51.0849641],[-114.1728884,51.0851308],[-114.1730958,51.0851069],[-114.1731886,51.085275],[-114.1734029,51.0853619],[-114.1738274,51.085457],[-114.1751682,51.0859731],[-114.1767318,51.0864454],[-114.1774267,51.0867241],[-114.179331,51.0876772],[-114.1794959,51.0878074],[-114.181876,51.0887648],[-114.1828609,51.0892268],[-114.1832643,51.0893241],[-114.1844373,51.0898204],[-114.186133,51.090428],[-114.1864044,51.0907804],[-114.1865509,51.0911615],[-114.1868655,51.0917257],[-114.1873463,51.0924529],[-114.1876867,51.0931514],[-114.1877698,51.0935124],[-114.1878461,51.0936715],[-114.1879719,51.0937664],[-114.1881364,51.0942522],[-114.188406,51.0944761],[-114.1884525,51.0946285],[-114.1887163,51.0950016],[-114.1890389,51.0952611],[-114.1893894,51.0956564],[-114.1894696,51.0958646],[-114.1903924,51.0964576],[-114.1907894,51.0965913],[-114.1917948,51.0971855],[-114.1925143,51.0974512],[-114.1931075,51.0976023],[-114.1947293,51.0978883],[-114.1974579,51.0980131],[-114.1984493,51.0979188],[-114.199759,51.0978839],[-114.2006553,51.0976553],[-114.2021127,51.0975168],[-114.204002,51.0971989],[-114.2073269,51.0980496],[-114.2087081,51.098223],[-114.209946,51.0982827],[-114.2110924,51.0984645],[-114.2148492,51.0985946],[-114.2149988,51.0987024],[-114.2148928,51.0987567],[-114.2138262,51.0987062],[-114.2136774,51.0987284],[-114.2136524,51.098778],[-114.2150088,51.0987886],[-114.2151871,51.0987218],[-114.2150899,51.0986244],[-114.2152079,51.0985851],[-114.2162142,51.0986015],[-114.2163189,51.0987416],[-114.216423,51.0987544],[-114.216479,51.0987001],[-114.2164596,51.0986126],[-114.2165121,51.0985943],[-114.2171169,51.0985284],[-114.2174947,51.0985278],[-114.2177043,51.0986872],[-114.2177159,51.0985291],[-114.2184011,51.0985123],[-114.2188557,51.0985463],[-114.2190719,51.0987413],[-114.2191142,51.0987069],[-114.2190529,51.0985859],[-114.2190924,51.0985583],[-114.2199984,51.0984644],[-114.2202242,51.0984833],[-114.2202843,51.0986636],[-114.2204597,51.0987471],[-114.220507,51.0987135],[-114.2203532,51.0985711],[-114.2203713,51.0985153],[-114.220715,51.098555],[-114.221168,51.0984841],[-114.2215449,51.0986075],[-114.2217074,51.0987558],[-114.2217691,51.0987081],[-114.2216915,51.0986145],[-114.2218749,51.0985597],[-114.2225348,51.0985479],[-114.2228812,51.098624],[-114.2230959,51.0987629],[-114.2231377,51.0987454],[-114.2230507,51.0986058],[-114.2239231,51.0986366],[-114.2240745,51.0986737],[-114.2242113,51.0987948],[-114.224304,51.0986442],[-114.225737,51.0986204],[-114.2260281,51.0986877],[-114.2286919,51.0989341],[-114.2295549,51.0987341],[-114.2304511,51.0983345],[-114.232068,51.0977225],[-114.2325999,51.0976464]]]}},{"type":"Feature","id":"BRA","properties":{"class":"Residential","class_code":"1","comm_code":"BRA","name":"BRAESIDE","sector":"SOUTH","srg":"ESTABLISHED","comm_structure":"1960s/1970s","created_dt":"2016-12-21T16:10:15.000Z","modified_dt":"2023-06-01T16:44:37.000Z","label":"Braeside","centroid":[-114.106358,50.9559583],"bounds":[-114.1179816,50.9504748,-114.0947718,50.961544]},"geometry":{"type":"Polygon","coordinates":[[[-114.0947947,50.9504748],[-114.0947718,50.9594916],[-114.0948474,50.9601273],[-114.095215,50.961544],[-114.0971709,50.9614449],[-114.1063659,50.961412],[-114.1085177,50.9613221],[-114.1179686,50.9613086],[-114.1179802,50.9505025],[-114.1120472,50.9505694],[-114.0986931,50.950557],[-114.0947947,50.9504748]]]}},{"type":"Feature","id":"BRD","properties":{"class":"Residential","class_code":"1","comm_code":"BRD","name":"BRIDGELAND/RIVERSIDE","sector":"CENTRE","srg":"ESTABLISHED","comm_structure":"INNER CITY","created_dt":"2016-12-21T16:10:14.000Z","modified_dt":"2023-07-24T11:37:49.000Z","label":"Bridgeland/Riverside","centroid":[-114.0344258,51.049898],"bounds":[-114.0542133,51.0423154,-114.0119171,51.0587995]},"geometry":{"type":"Polygon","coordinates":[[[-114.0189411,51.0523389],[-114.0301894,51.0523448],[-114.0302743,51.0525036],[-114.0306626,51.0527782],[-114.0309251,51.0531752],[-114.0316024,51.0538704],[-114.0317396,51.0540841],[-114.0317583,51.0543158],[-114.0316427,51.054873],[-114.0312105,51.0552996],[-114.0317132,51.0552099],[-114.0322003,51.055253],[-114.0338135,51.0560591],[-114.0339759,51.0562288],[-114.0340432,51.0565774],[-114.034147,51.0565571],[-114.0342675,51.0567527],[-114.0345149,51.0569573],[-114.0350444,51.0571588],[-114.0347155,51.0575728],[-114.0359763,51.0579553],[-114.0383845,51.0585723],[-114.0390438,51.0587995],[-114.0394587,51.0585871],[-114.0397562,51.0585066],[-114.0421014,51.058397],[-114.0450972,51.057804],[-114.0468572,51.0572135],[-114.0470041,51.0571215],[-114.0482113,51.0571944],[-114.0484342,51.057298],[-114.0503928,51.0571769],[-114.0504257,51.0572126],[-114.0515395,51.0571724],[-114.0530771,51.0572068],[-114.0533225,51.0570853],[-114.0542133,51.0570902],[-114.0520481,51.0553728],[-114.0518313,51.0551216],[-114.0517288,51.0548602],[-114.0517077,51.0509449],[-114.0518667,51.0504482],[-114.0525985,51.0496111],[-114.0511573,51.0491788],[-114.0497464,51.0484984],[-114.0482936,51.0479142],[-114.047845,51.0477891],[-114.0456733,51.0468522],[-114.0429077,51.046051],[-114.0423267,51.0457074],[-114.0417481,51.0455192],[-114.041608,51.0453661],[-114.0406798,51.045032],[-114.0398042,51.044815],[-114.0390316,51.0446951],[-114.0367627,51.0439901],[-114.0365404,51.0440183],[-114.0351865,51.0437606],[-114.0316878,51.0428083],[-114.0301588,51.0425409],[-114.0286215,51.0423434],[-114.024261,51.0423154],[-114.0238433,51.0423557],[-114.0231141,51.0425355],[-114.0219799,51.0429151],[-114.0215454,51.0429864],[-114.0213015,51.0431141],[-114.0201846,51.0434777],[-114.0192959,51.0436774],[-114.0183132,51.0438163],[-114.0174843,51.0436235],[-114.0164036,51.0435199],[-114.0152858,51.0432139],[-114.0144693,51.0432445],[-114.0140277,51.0430206],[-114.0137363,51.0427684],[-114.0132433,51.0424982],[-114.0122313,51.0423634],[-114.0119171,51.0448423],[-114.0151282,51.0461887],[-114.0158413,51.0465806],[-114.0164384,51.0470012],[-114.0171392,51.0476779],[-114.0176855,51.0484942],[-114.0179142,51.0490457],[-114.0189411,51.0523389]]]}},{"type":"Feature","id":"BRE","properties":{"class":"Residential","class_code":"1","comm_code":"BRE","name":"BRENTWOOD","sector":"NORTHWEST","srg":"ESTABLISHED","comm_structure":"1960s/1970s","created_dt":"2016-12-21T16:10:06.000Z","modified_dt":"2023-01-17T22:29:53.000Z","label":"Brentwood","centroid":[-114.1327365,51.0956664],"bounds":[-114.1494438,51.0830698,-114.115486,51.1090747]},"geometry":{"type":"Polygon","coordinates":[[[-114.1494438,51.0980297],[-114.1382964,51.0913953],[-114.1375568,51.0908818],[-114.1356887,51.0892306],[-114.1349369,51.0886828],[-114.1307142,51.0864246],[-114.1288784,51.0853789],[-114.1268907,51.0840324],[-114.1257146,51.0830698],[-114.1182804,51.0881661],[-114.1179244,51.0885315],[-114.115486,51.0916211],[-114.1196855,51.0926284],[-114.1210617,51.0932924],[-114.1262219,51.0955651],[-114.1257525,51.0959825],[-114.1256065,51.0964841],[-114.1257846,51.0969481],[-114.1289685,51.0994778],[-114.1292453,51.0998557],[-114.1294137,51.1002214],[-114.1294737,51.1005437],[-114.1293892,51.1011647],[-114.1290659,51.1017379],[-114.1285233,51.1022285],[-114.1271777,51.1031366],[-114.1314707,51.1054761],[-114.1401148,51.1090747],[-114.1404093,51.1084287],[-114.1406298,51.1076357],[-114.1407301,51.1065731],[-114.1407584,51.1053839],[-114.1408445,51.1049987],[-114.1413444,51.1039041],[-114.1416199,51.1035233],[-114.1423695,51.1028625],[-114.1436123,51.1020564],[-114.1494438,51.0980297]]]}},{"type":"Feature","id":"BRI","properties":{"class":"Residential","class_code":"1","comm_code":"BRI","name":"BRIDLEWOOD","sector":"SOUTH","srg":"ESTABLISHED","comm_structure":"2000s","created_dt":"2016-12-21T16:10:04.000Z","modified_dt":"2025-01-22T08:18:08.000Z","label":"Bridlewood","centroid":[-114.1116736,50.9000578],"bounds":[-114.1297152,50.8916712,-114.0932463,50.9067807]},"geometry":{"type":"Polygon","coordinates":[[[-114.0989137,50.9041864],[-114.0989754,50.9052206],[-114.1001381,50.9052871],[-114.1011049,50.9054525],[-114.1021295,50.9057523],[-114.1033568,50.9062656],[-114.103951,50.9064547],[-114.105053,50.9066846],[-114.1058941,50.9067673],[-114.1297152,50.9067102],[-114.1295942,50.9052325],[-114.1293477,50.9042549],[-114.1287468,50.9029011],[-114.1281802,50.9019139],[-114.1264645,50.8995929],[-114.1202404,50.8916712],[-114.1154127,50.8927938],[-114.113818,50.8931025],[-114.108975,50.8937792],[-114.1061354,50.8940574],[-114.1041143,50.8941584],[-114.1019188,50.8941713],[-114.0978063,50.8940757],[-114.0934804,50.8938756],[-114.0932679,50.8954481],[-114.0932623,50.8964974],[-114.0934268,50.8974198],[-114.093751,50.8983133],[-114.094291,50.8992558],[-114.0950714,50.9001816],[-114.0956721,50.9006993],[-114.0975612,50.9021276],[-114.0982051,50.9027628],[-114.0985421,50.9032678],[-114.0988177,50.903861],[-114.0989137,50.9041864]]]}},{"type":"Feature","id":"BRT","properties":{"class":"Residential","class_code":"1","comm_code":"BRT","name":"BRITANNIA","sector":"CENTRE","srg":"ESTABLISHED","comm_structure":"1950s","created_dt":"2016-12-21T16:10:31.000Z","modified_dt":"2023-03-08T09:51:24.000Z","label":"Britannia","centroid":[-114.0847623,51.0127517],"bounds":[-114.0928584,51.0087227,-114.0785094,51.0165787]},"geometry":{"type":"Polygon","coordinates":[[[-114.0928584,51.0125728],[-114.091479,51.0120587],[-114.0911215,51.0120076],[-114.0906638,51.0118519],[-114.0899622,51.0112548],[-114.089277,51.010898],[-114.0887641,51.0106748],[-114.0879471,51.0104503],[-114.087263,51.0101516],[-114.0863845,51.0096362],[-114.0860705,51.009386],[-114.0859408,51.009231],[-114.0857247,51.0087227],[-114.0813863,51.0087228],[-114.0813924,51.0110179],[-114.081352,51.0112234],[-114.0811554,51.0115305],[-114.079913,51.0126135],[-114.0797292,51.0128489],[-114.0787885,51.0154274],[-114.0785094,51.016527],[-114.0791161,51.0165787],[-114.0792315,51.0160359],[-114.0797912,51.0160833],[-114.0798512,51.0158077],[-114.0807138,51.0158819],[-114.0814353,51.0162335],[-114.0823613,51.0164881],[-114.0832779,51.0164257],[-114.0843817,51.0159385],[-114.0848088,51.0159425],[-114.0851672,51.015595],[-114.0864059,51.0151914],[-114.0864964,51.0153178],[-114.087249,51.0154156],[-114.0875776,51.0153017],[-114.0928584,51.0125728]]]}},{"type":"Feature","id":"BUR","properties":{"class":"Industrial","class_code":"2","comm_code":"BUR","name":"BURNS INDUSTRIAL","sector":"CENTRE","srg":"N/A","comm_structure":"EMPLOYMENT","created_dt":"2016-12-21T16:12:12.000Z","modified_dt":"2025-12-18T10:33:17.000Z","label":"Burns Industrial","centroid":[-114.0367513,51.000361],"bounds":[-114.0521629,50.9870585,-114.0199482,51.0103714]},"geometry":{"type":"Polygon","coordinates":[[[-114.0260711,51.0077312],[-114.02686,51.0072422],[-114.0273664,51.0068153],[-114.0280831,51.0059546],[-114.0328974,51.005833],[-114.0324286,51.0066164],[-114.0324819,51.0067107],[-114.0332279,51.0068539],[-114.0342922,51.0069247],[-114.0373093,51.0066046],[-114.0373114,51.0071881],[-114.037497,51.0071879],[-114.0376055,51.00696],[-114.037957,51.0067946],[-114.0389502,51.0068506],[-114.0387568,51.0087876],[-114.0388702,51.0092743],[-114.0390378,51.0095266],[-114.0394555,51.0098948],[-114.0398286,51.0100939],[-114.040433,51.010289],[-114.0410447,51.0103678],[-114.0417335,51.010341],[-114.0475463,51.0095045],[-114.0486653,51.0094021],[-114.0487733,51.0071158],[-114.0487794,51.0001965],[-114.0488557,50.9996269],[-114.049059,50.9990298],[-114.0494027,50.9984179],[-114.0521629,50.994175],[-114.0455276,50.9944771],[-114.0423695,50.9944131],[-114.0395762,50.9941487],[-114.0382813,50.9939675],[-114.0357279,50.9934002],[-114.0331448,50.9925069],[-114.0314619,50.9916692],[-114.0302662,50.9909524],[-114.0290114,50.9901239],[-114.0251777,50.9870585],[-114.023183,50.988684],[-114.0229626,50.9889225],[-114.022801,50.9892761],[-114.0227302,50.9896833],[-114.0227863,50.9901559],[-114.0228829,50.9903811],[-114.0230259,50.9911364],[-114.0233684,50.9920685],[-114.0236157,50.9925341],[-114.0243978,50.993248],[-114.0258101,50.9940343],[-114.0269424,50.994567],[-114.0279186,50.9951821],[-114.0280683,50.9954359],[-114.0287175,50.9957065],[-114.0296635,50.9964952],[-114.0301802,50.9971006],[-114.0301795,50.9977214],[-114.0302595,50.9981118],[-114.0301616,50.998635],[-114.0298968,50.9993125],[-114.0288805,51.0006028],[-114.0283739,51.0010708],[-114.0278707,51.0014348],[-114.0261528,51.0019054],[-114.0250186,51.002369],[-114.0238734,51.0029492],[-114.0233613,51.0033881],[-114.0231029,51.0037311],[-114.0230178,51.0039806],[-114.0226592,51.0044534],[-114.022498,51.0047092],[-114.0224477,51.0049003],[-114.022203,51.0052566],[-114.0220186,51.0059767],[-114.0220539,51.00607],[-114.0219311,51.0063505],[-114.0213651,51.0069443],[-114.0206145,51.0079319],[-114.0199482,51.0086122],[-114.0216794,51.008731],[-114.0225473,51.0087002],[-114.0233827,51.0086002],[-114.0240721,51.008467],[-114.0250953,51.0081642],[-114.0260711,51.0077312]]]}},{"type":"Feature","id":"BVD","properties":{"class":"Residential","class_code":"1","comm_code":"BVD","name":"BELVEDERE","sector":"EAST","srg":"DEVELOPING","comm_structure":"BUILDING OUT","created_dt":"2017-01-26T14:30:56.000Z","modified_dt":"2024-12-12T13:33:55.000Z","label":"Belvedere","centroid":[-113.9047705,51.0377398],"bounds":[-113.9213204,51.0304604,-113.8886679,51.0452123]},"geometry":{"type":"Polygon","coordinates":[[[-113.8886679,51.0452123],[-113.9119091,51.0451952],[-113.9118015,51.0442797],[-113.9212822,51.0442668],[-113.9213204,51.0377557],[-113.9212839,51.0305549],[-113.9090012,51.0305447],[-113.9090013,51.0304604],[-113.9003643,51.0304667],[-113.9003643,51.0305594],[-113.8886755,51.030561],[-113.8886679,51.0452123]]]}},{"type":"Feature","id":"BYV","properties":{"class":"Residential","class_code":"1","comm_code":"BYV","name":"BAYVIEW","sector":"SOUTH","srg":"ESTABLISHED","comm_structure":"1960s/1970s","created_dt":"2016-12-21T16:10:24.000Z","modified_dt":"2023-04-13T13:59:55.000Z","label":"Bayview","centroid":[-114.1085388,50.973702],"bounds":[-114.1179485,50.9722205,-114.095117,50.9770625]},"geometry":{"type":"Polygon","coordinates":[[[-114.1179467,50.9722205],[-114.095117,50.9722569],[-114.0951224,50.974916],[-114.0965281,50.9745423],[-114.0990476,50.9745388],[-114.0992403,50.9741298],[-114.1011477,50.9734419],[-114.1063534,50.973432],[-114.1112967,50.9750674],[-114.1128145,50.9750656],[-114.1140722,50.9770625],[-114.1166781,50.9770581],[-114.116677,50.9751959],[-114.1179485,50.9751932],[-114.1179467,50.9722205]]]}},{"type":"Feature","id":"CAM","properties":{"class":"Residential","class_code":"1","comm_code":"CAM","name":"CAMBRIAN HEIGHTS","sector":"CENTRE","srg":"ESTABLISHED","comm_structure":"1950s","created_dt":"2016-12-21T16:10:30.000Z","modified_dt":"2023-03-06T21:47:02.000Z","label":"Cambrian Heights","centroid":[-114.0879077,51.0850099],"bounds":[-114.0947597,51.0777391,-114.0794342,51.0909527]},"geometry":{"type":"Polygon","coordinates":[[[-114.0854745,51.0791897],[-114.0848042,51.0787623],[-114.0838877,51.0777391],[-114.0832073,51.0777393],[-114.0824768,51.0786204],[-114.082475,51.0795142],[-114.0806906,51.0795146],[-114.0806894,51.0799131],[-114.0799711,51.0799154],[-114.0794342,51.0800719],[-114.079691,51.0803131],[-114.0799274,51.0807128],[-114.0799384,51.0815143],[-114.0860868,51.0815158],[-114.0845688,51.0832099],[-114.0831389,51.0862603],[-114.0831206,51.0872332],[-114.0797798,51.0872333],[-114.079778,51.0877811],[-114.0799205,51.0880014],[-114.0799182,51.0887921],[-114.0853638,51.0888009],[-114.0898934,51.0909527],[-114.0908435,51.0903636],[-114.0922121,51.0899065],[-114.0935069,51.0897028],[-114.0947353,51.0897123],[-114.0947579,51.0830518],[-114.0927751,51.0830444],[-114.09244,51.0829519],[-114.0860005,51.0788624],[-114.0854745,51.0791897]]]}},{"type":"Feature","id":"CAN","properties":{"class":"Residential","class_code":"1","comm_code":"CAN","name":"CANYON MEADOWS","sector":"SOUTH","srg":"ESTABLISHED","comm_structure":"1960s/1970s","created_dt":"2024-04-02T10:49:33.000Z","modified_dt":"2024-04-02T11:10:22.000Z","label":"Canyon Meadows","centroid":[-114.081495,50.9422611],"bounds":[-114.0947947,50.9314518,-114.0683377,50.950476]},"geometry":{"type":"Polygon","coordinates":[[[-114.0947947,50.9504748],[-114.094786,50.9431966],[-114.0943359,50.9409938],[-114.0943814,50.9408266],[-114.0945907,50.9405231],[-114.0945146,50.9404306],[-114.0945133,50.9376709],[-114.0931588,50.9376335],[-114.0935011,50.9373287],[-114.0945128,50.936698],[-114.0945169,50.9347125],[-114.0930857,50.9347106],[-114.0917492,50.9352503],[-114.0911533,50.9366046],[-114.0918919,50.9369407],[-114.0915556,50.9372925],[-114.0907136,50.937686],[-114.0890003,50.9378333],[-114.0889807,50.9379089],[-114.0883537,50.9377729],[-114.0882558,50.9376818],[-114.0878782,50.9375786],[-114.0870665,50.9370847],[-114.0869393,50.9367767],[-114.0865722,50.9365919],[-114.0862921,50.9356333],[-114.0863664,50.9352584],[-114.0860878,50.9352206],[-114.085267,50.9353866],[-114.0836663,50.9351055],[-114.0834769,50.9355622],[-114.0834782,50.9350802],[-114.083238,50.9346405],[-114.0826231,50.9340823],[-114.0811653,50.93403],[-114.0799699,50.9342103],[-114.0790882,50.9340215],[-114.0789048,50.934186],[-114.0783546,50.9339778],[-114.0775577,50.9337827],[-114.0732075,50.9331504],[-114.073209,50.932289],[-114.0726861,50.9322883],[-114.0718221,50.93192],[-114.0718212,50.9326473],[-114.0708513,50.9318668],[-114.0706106,50.9323341],[-114.0687232,50.9314518],[-114.0685415,50.9320175],[-114.0683897,50.9328798],[-114.0683377,50.9337042],[-114.0683921,50.9345117],[-114.0704509,50.9446761],[-114.0711012,50.950476],[-114.0947947,50.9504748]]]}},{"type":"Feature","id":"CAP","properties":{"class":"Residential","class_code":"1","comm_code":"CAP","name":"CAPITOL HILL","sector":"CENTRE","srg":"ESTABLISHED","comm_structure":"1950s","created_dt":"2016-12-21T16:10:17.000Z","modified_dt":"2023-03-06T22:34:32.000Z","label":"Capitol Hill","centroid":[-114.0953845,51.0715856],"bounds":[-114.1063149,51.0669193,-114.0845907,51.0784248]},"geometry":{"type":"Polygon","coordinates":[[[-114.0947319,51.0754196],[-114.0947312,51.0742865],[-114.0978306,51.074286],[-114.0978266,51.0747019],[-114.0983626,51.0747017],[-114.0983643,51.0755788],[-114.0984274,51.0755788],[-114.0984259,51.0766034],[-114.0989846,51.0766033],[-114.0989838,51.077058],[-114.1042073,51.0770686],[-114.104206,51.0778625],[-114.1054015,51.0778624],[-114.1054006,51.0784248],[-114.1063135,51.0784246],[-114.106314,51.0742842],[-114.1045883,51.0742846],[-114.1045707,51.0678522],[-114.1063148,51.0678506],[-114.1063149,51.066977],[-114.0848984,51.066922],[-114.0848976,51.071808],[-114.0845907,51.0732302],[-114.0846164,51.0769101],[-114.0846605,51.0773046],[-114.0848205,51.0777134],[-114.0854527,51.077584],[-114.0876292,51.0762303],[-114.088205,51.0760239],[-114.0882062,51.0752406],[-114.0884224,51.0749201],[-114.0899502,51.0737487],[-114.0910045,51.0738091],[-114.0921916,51.0745146],[-114.0945351,51.0752368],[-114.0947319,51.0754196]]]}},{"type":"Feature","id":"CAR","properties":{"class":"Residential","class_code":"1","comm_code":"CAR","name":"CARRINGTON","sector":"NORTH","srg":"DEVELOPING","comm_structure":"BUILDING OUT","created_dt":"2016-12-21T16:10:28.000Z","modified_dt":"2026-08-27T21:58:13.000Z","label":"Carrington","centroid":[-114.0850382,51.1840027],"bounds":[-114.0946009,51.1735039,-114.0691636,51.1979402]},"geometry":{"type":"Polygon","coordinates":[[[-114.0946009,51.1833238],[-114.0945565,51.1800367],[-114.0942846,51.1785805],[-114.0940507,51.1777825],[-114.0939052,51.1774825],[-114.0930111,51.1762675],[-114.0929059,51.1754153],[-114.0924404,51.1740057],[-114.0911545,51.1742339],[-114.0885475,51.174536],[-114.0872092,51.1746051],[-114.0847411,51.1745972],[-114.0691636,51.1735039],[-114.0692716,51.1747525],[-114.0694053,51.1754836],[-114.0696588,51.1762663],[-114.0713045,51.178985],[-114.0713187,51.1833761],[-114.0829587,51.1833459],[-114.0829585,51.1979402],[-114.0945835,51.1978715],[-114.0946009,51.1833238]]]}},{"type":"Feature","id":"CAS","properties":{"class":"Residential","class_code":"1","comm_code":"CAS","name":"CASTLERIDGE","sector":"NORTHEAST","srg":"ESTABLISHED","comm_structure":"1980s/1990s","created_dt":"2016-12-21T16:10:09.000Z","modified_dt":"2020-10-22T10:55:22.000Z","label":"Castleridge","centroid":[-113.9592783,51.1062981],"bounds":[-113.9698304,51.0998917,-113.9469424,51.11063]},"geometry":{"type":"Polygon","coordinates":[[[-113.9582709,51.1003488],[-113.9579287,51.1011783],[-113.9576767,51.1015901],[-113.9568313,51.1025153],[-113.9562563,51.1029662],[-113.9497996,51.1066453],[-113.9482803,51.107566],[-113.9478069,51.108049],[-113.9475615,51.108416],[-113.9471063,51.1097667],[-113.9469424,51.11063],[-113.9653162,51.1106184],[-113.9653548,51.1094873],[-113.9655427,51.109096],[-113.9664483,51.1084241],[-113.9691807,51.1067317],[-113.9695309,51.1064324],[-113.9697584,51.1060861],[-113.9698304,51.1057415],[-113.9697805,51.1043097],[-113.9695348,51.1038628],[-113.9689946,51.1034744],[-113.9619677,51.10043],[-113.9613866,51.100226],[-113.9604964,51.1000454],[-113.9583701,51.0998917],[-113.9582709,51.1003488]]]}},{"type":"Feature","id":"CED","properties":{"class":"Residential","class_code":"1","comm_code":"CED","name":"CEDARBRAE","sector":"SOUTH","srg":"ESTABLISHED","comm_structure":"1960s/1970s","created_dt":"2016-12-21T16:10:10.000Z","modified_dt":"2024-02-21T11:59:18.000Z","label":"Cedarbrae","centroid":[-114.1299122,50.9563382],"bounds":[-114.1412963,50.950495,-114.1179686,50.9659172]},"geometry":{"type":"Polygon","coordinates":[[[-114.1412949,50.9517235],[-114.140441,50.9517893],[-114.1399149,50.9517581],[-114.1392387,50.9516522],[-114.1352012,50.9506737],[-114.1331168,50.950495],[-114.1179802,50.9505025],[-114.1179686,50.9613086],[-114.133205,50.9613314],[-114.1341217,50.9614314],[-114.1348788,50.9616418],[-114.1351847,50.9617792],[-114.1364817,50.9625816],[-114.1371956,50.962939],[-114.1390227,50.9634192],[-114.1396198,50.9636481],[-114.1400281,50.96396],[-114.1401742,50.9641573],[-114.1407446,50.9651626],[-114.1412957,50.9659172],[-114.1412949,50.9517235]]]}},{"type":"Feature","id":"CGR","properties":{"class":"Residential","class_code":"1","comm_code":"CGR","name":"COUGAR RIDGE","sector":"WEST","srg":"ESTABLISHED","comm_structure":"2000s","created_dt":"2016-12-21T16:10:11.000Z","modified_dt":"2025-01-22T08:18:28.000Z","label":"Cougar Ridge","centroid":[-114.2087448,51.0711167],"bounds":[-114.2256024,51.0646772,-114.1875404,51.0790979]},"geometry":{"type":"Polygon","coordinates":[[[-114.2255321,51.0743067],[-114.2253457,51.0728337],[-114.2252911,51.0717523],[-114.225308,51.0707167],[-114.2256024,51.067006],[-114.1933256,51.0670164],[-114.1920045,51.066818],[-114.1905933,51.066369],[-114.190021,51.0660896],[-114.1876127,51.0646772],[-114.1876116,51.065787],[-114.1875418,51.0657913],[-114.1875408,51.0669394],[-114.1878274,51.0669393],[-114.1878226,51.0689224],[-114.1906769,51.0689241],[-114.1906628,51.0707303],[-114.1935391,51.0707282],[-114.1935377,51.0725358],[-114.1964055,51.0725256],[-114.1964028,51.0742959],[-114.1994401,51.0742955],[-114.1994393,51.0743862],[-114.2020837,51.0743871],[-114.2038797,51.0755754],[-114.2063911,51.0767369],[-114.2108311,51.0790979],[-114.2108333,51.0764905],[-114.2109764,51.0764906],[-114.2109789,51.075413],[-114.2168523,51.0761296],[-114.219883,51.0762033],[-114.2202833,51.0762865],[-114.2203471,51.0761198],[-114.2225962,51.0761144],[-114.2225944,51.0743269],[-114.2255321,51.0743067]]]}},{"type":"Feature","id":"CHA","properties":{"class":"Residential","class_code":"1","comm_code":"CHA","name":"CHAPARRAL","sector":"SOUTH","srg":"ESTABLISHED","comm_structure":"2010s","created_dt":"2020-10-08T09:10:23.000Z","modified_dt":"2025-01-22T08:18:19.000Z","label":"Chaparral","centroid":[-114.0273526,50.885145],"bounds":[-114.0545396,50.8756939,-114.001827,50.8936658]},"geometry":{"type":"Polygon","coordinates":[[[-114.0152511,50.8777572],[-114.0042831,50.8777242],[-114.0037456,50.8776144],[-114.0018307,50.8776112],[-114.001827,50.8864028],[-114.007728,50.8883058],[-114.0121997,50.8936658],[-114.0138335,50.8933832],[-114.0159792,50.8931033],[-114.0187919,50.8928821],[-114.0204989,50.8928163],[-114.0545396,50.8927966],[-114.0440024,50.8756939],[-114.0412892,50.8763478],[-114.0385264,50.8765614],[-114.0345591,50.8776053],[-114.0335508,50.8777482],[-114.0231916,50.87773],[-114.022507,50.8777872],[-114.0202362,50.8782907],[-114.0186251,50.8783766],[-114.0169443,50.8781668],[-114.0152511,50.8777572]]]}},{"type":"Feature","id":"CHK","properties":{"class":"Residential","class_code":"1","comm_code":"CHK","name":"CHINOOK PARK","sector":"SOUTH","srg":"ESTABLISHED","comm_structure":"1950s","created_dt":"2016-12-21T16:10:05.000Z","modified_dt":"2023-01-16T00:09:34.000Z","label":"Chinook Park","centroid":[-114.0892536,50.9827935],"bounds":[-114.0948535,50.9795795,-114.0831579,50.9868902]},"geometry":{"type":"Polygon","coordinates":[[[-114.094853,50.9795832],[-114.0831627,50.9795795],[-114.0831673,50.9860209],[-114.0836902,50.9859761],[-114.0845341,50.9854871],[-114.0849481,50.9853897],[-114.0863751,50.9853815],[-114.0894805,50.9855555],[-114.0901846,50.9857123],[-114.0925922,50.9868439],[-114.0929931,50.9868891],[-114.0948493,50.9868902],[-114.094853,50.9795832]]]}},{"type":"Feature","id":"CHN","properties":{"class":"Residential","class_code":"1","comm_code":"CHN","name":"CHINATOWN","sector":"CENTRE","srg":"ESTABLISHED","comm_structure":"CENTRE CITY","created_dt":"2016-12-21T16:10:15.000Z","modified_dt":"2023-02-22T00:03:45.000Z","label":"Chinatown","centroid":[-114.0636588,51.051835],"bounds":[-114.0676335,51.0492027,-114.0577168,51.056458]},"geometry":{"type":"Polygon","coordinates":[[[-114.0577168,51.051016],[-114.0600881,51.05153],[-114.0627007,51.0524548],[-114.0634951,51.05281],[-114.0643371,51.0530664],[-114.0643905,51.0530966],[-114.0643066,51.0535827],[-114.0643437,51.0536693],[-114.0648986,51.0543808],[-114.0657411,51.0552521],[-114.0659014,51.0554706],[-114.0659015,51.0555573],[-114.0661193,51.0557434],[-114.0669366,51.0562177],[-114.0674724,51.056458],[-114.0674993,51.0523073],[-114.0676335,51.050426],[-114.0627082,51.0502841],[-114.062775,51.0493429],[-114.0578527,51.0492027],[-114.0577168,51.051016]]]}},{"type":"Feature","id":"CHR","properties":{"class":"Residential","class_code":"1","comm_code":"CHR","name":"CHRISTIE PARK","sector":"WEST","srg":"ESTABLISHED","comm_structure":"1980s/1990s","created_dt":"2016-12-21T16:10:18.000Z","modified_dt":"2023-04-12T23:20:13.000Z","label":"Christie Park","centroid":[-114.1779944,51.0398997],"bounds":[-114.1875638,51.0363896,-114.1644934,51.0452229]},"geometry":{"type":"Polygon","coordinates":[[[-114.1874958,51.0452219],[-114.1875638,51.0445986],[-114.1875608,51.037935],[-114.1856501,51.0379029],[-114.1830276,51.0377077],[-114.1810554,51.0373972],[-114.1765151,51.0364839],[-114.1753341,51.0363919],[-114.1742604,51.036414],[-114.1729827,51.0365829],[-114.1716127,51.0369337],[-114.1677606,51.0385532],[-114.1660874,51.0393867],[-114.1655943,51.039555],[-114.1645291,51.0397596],[-114.1644934,51.0409011],[-114.1669253,51.0408977],[-114.1673938,51.0411208],[-114.1675244,51.0412751],[-114.1675246,51.0414807],[-114.1677021,51.0414806],[-114.1676975,51.0415545],[-114.1717846,51.04156],[-114.1723058,51.041374],[-114.1723058,51.0415243],[-114.1723927,51.0414989],[-114.1723927,51.0413443],[-114.1729137,51.0411657],[-114.1729138,51.041425],[-114.1731166,51.0413963],[-114.1732006,51.0414596],[-114.1732005,51.0411921],[-114.1760191,51.0414513],[-114.1776296,51.0410384],[-114.1813303,51.0424767],[-114.1821151,51.0433926],[-114.1829885,51.0437523],[-114.1839781,51.0439277],[-114.1859203,51.0440502],[-114.1866045,51.0443624],[-114.1866015,51.0452218],[-114.1874958,51.0452219]]]}},{"type":"Feature","id":"CHV","properties":{"class":"Residential","class_code":"1","comm_code":"CHV","name":"COUNTRY HILLS VILLAGE","sector":"NORTH","srg":"ESTABLISHED","comm_structure":"2000s","created_dt":"2016-12-21T16:10:34.000Z","modified_dt":"2025-01-22T08:18:38.000Z","label":"Country Hills Village","centroid":[-114.0609255,51.1577526],"bounds":[-114.0707853,51.1532631,-114.0524902,51.1631581]},"geometry":{"type":"Polygon","coordinates":[[[-114.0631773,51.1541671],[-114.052497,51.1542272],[-114.0525078,51.1580237],[-114.0526034,51.1585792],[-114.052794,51.1591944],[-114.0531653,51.1599529],[-114.0535054,51.1604859],[-114.0538597,51.1609263],[-114.0548486,51.1618877],[-114.0563828,51.1631581],[-114.0593331,51.1618216],[-114.0603584,51.1614125],[-114.0627995,51.1608148],[-114.0650544,51.1605071],[-114.0664253,51.1604307],[-114.0683602,51.1604148],[-114.0707853,51.160177],[-114.0698597,51.1565787],[-114.0696157,51.15604],[-114.0689267,51.1551372],[-114.0666078,51.1532631],[-114.0650754,51.1538598],[-114.0642372,51.1540424],[-114.0631773,51.1541671]]]}},{"type":"Feature","id":"CHW","properties":{"class":"Residential","class_code":"1","comm_code":"CHW","name":"CHARLESWOOD","sector":"NORTHWEST","srg":"ESTABLISHED","comm_structure":"1950s","created_dt":"2016-12-21T16:10:10.000Z","modified_dt":"2025-09-10T09:31:36.000Z","label":"Charleswood","centroid":[-114.1166664,51.0899158],"bounds":[-114.1294737,51.077053,-114.1063133,51.1031366]},"geometry":{"type":"Polygon","coordinates":[[[-114.120498,51.081871],[-114.1176422,51.0804306],[-114.1168288,51.0810782],[-114.1166963,51.0810812],[-114.1161058,51.0807843],[-114.1153156,51.0814195],[-114.1151069,51.0814347],[-114.1063137,51.077053],[-114.1063133,51.0795889],[-114.1063832,51.079857],[-114.1064989,51.0800506],[-114.1067451,51.0802903],[-114.1085897,51.0816639],[-114.1100808,51.0835169],[-114.1102761,51.0836667],[-114.1093511,51.0871369],[-114.1063452,51.0927473],[-114.1110848,51.0938559],[-114.1125243,51.0944305],[-114.1134198,51.0949253],[-114.1187778,51.0983945],[-114.1271777,51.1031366],[-114.1285233,51.1022285],[-114.1290659,51.1017379],[-114.1293892,51.1011647],[-114.1294737,51.1005437],[-114.1294137,51.1002214],[-114.1292453,51.0998557],[-114.1289685,51.0994778],[-114.1257846,51.0969481],[-114.1256065,51.0964841],[-114.1257525,51.0959825],[-114.1262219,51.0955651],[-114.1210617,51.0932924],[-114.1196855,51.0926284],[-114.115486,51.0916211],[-114.1179244,51.0885315],[-114.1182804,51.0881661],[-114.1249277,51.0836071],[-114.1242902,51.0832115],[-114.124113,51.0829733],[-114.12364,51.0827078],[-114.120498,51.081871]]]}},{"type":"Feature","id":"CIA","properties":{"class":"Industrial","class_code":"2","comm_code":"CIA","name":"CALGARY INTERNATIONAL AIRPORT","sector":"NORTHEAST","srg":"N/A","comm_structure":"OTHER","created_dt":"2016-12-21T16:12:17.000Z","modified_dt":"2025-12-18T13:03:17.000Z","label":"Calgary International Airport","centroid":[-114.0069304,51.1205017],"bounds":[-114.0431925,51.0928038,-113.9815551,51.1543227]},"geometry":{"type":"Polygon","coordinates":[[[-114.0133473,51.0941845],[-114.0115806,51.0941826],[-114.0115178,51.0945058],[-114.0113958,51.0947685],[-114.0110113,51.0951286],[-114.0105856,51.0953372],[-114.0087903,51.095889],[-114.0081248,51.0961791],[-114.0016979,51.0961772],[-114.0016996,51.0969803],[-114.0000245,51.0969804],[-114.0000248,51.0978296],[-113.998497,51.0978301],[-113.9984969,51.098323],[-113.9973079,51.0983233],[-113.9973076,51.0960437],[-113.981765,51.0960089],[-113.9817466,51.0985746],[-113.9815592,51.0997719],[-113.9815551,51.101539],[-113.9816385,51.106683],[-113.9816885,51.1232798],[-113.9816727,51.1543121],[-113.9939463,51.1543207],[-113.9939424,51.1533338],[-114.0017832,51.1533265],[-114.0016932,51.1433796],[-114.001759,51.1415739],[-114.0017459,51.1395774],[-114.0223965,51.1394795],[-114.0250828,51.1396],[-114.0250928,51.1325181],[-114.0400578,51.1324715],[-114.0420743,51.1302569],[-114.0431925,51.1250413],[-114.0365456,51.1181184],[-114.036549,51.1167203],[-114.0295788,51.1101101],[-114.0364359,51.1057347],[-114.0364516,51.1000355],[-114.0317798,51.1000338],[-114.0317816,51.0985884],[-114.0325667,51.0980779],[-114.0329154,51.0977356],[-114.0333891,51.0977437],[-114.034313,51.0974144],[-114.0346578,51.0973471],[-114.0364757,51.0973351],[-114.0364926,51.0960997],[-114.0314338,51.0960952],[-114.0298729,51.0960075],[-114.0297187,51.0961889],[-114.0266369,51.0961879],[-114.0266366,51.0965303],[-114.0248269,51.0965297],[-114.0248592,51.0932729],[-114.0237521,51.0929555],[-114.022769,51.0928293],[-114.0133555,51.0928051],[-114.0133473,51.0941845]]]}},{"type":"Feature","id":"CIT","properties":{"class":"Residential","class_code":"1","comm_code":"CIT","name":"CITADEL","sector":"NORTHWEST","srg":"ESTABLISHED","comm_structure":"1980s/1990s","created_dt":"2020-06-24T08:43:39.000Z","modified_dt":"2026-02-02T15:10:30.000Z","label":"Citadel","centroid":[-114.1802138,51.145367],"bounds":[-114.2034971,51.1371381,-114.1643809,51.1519501]},"geometry":{"type":"Polygon","coordinates":[[[-114.1665474,51.1504484],[-114.1655525,51.1519501],[-114.175992,51.1512796],[-114.1888509,51.1507962],[-114.189829,51.15071],[-114.191688,51.1504331],[-114.1934132,51.1500787],[-114.195215,51.1495825],[-114.1964556,51.1491415],[-114.198321,51.1483527],[-114.1999555,51.1474772],[-114.2013383,51.1465572],[-114.2020149,51.146032],[-114.2034971,51.1446229],[-114.2006264,51.14358],[-114.1995237,51.14325],[-114.1979175,51.1429166],[-114.1965137,51.1427556],[-114.19521,51.1427047],[-114.1938313,51.1427523],[-114.1926612,51.1428772],[-114.1903823,51.1432879],[-114.1894397,51.1433703],[-114.1881927,51.1433595],[-114.1870593,51.1432255],[-114.1862618,51.1430479],[-114.185271,51.1427316],[-114.1770633,51.138839],[-114.1757951,51.1383049],[-114.1741546,51.1377799],[-114.1729278,51.1375064],[-114.1713792,51.137255],[-114.1694259,51.1371403],[-114.1676034,51.1371924],[-114.1662074,51.1373429],[-114.1649946,51.1375519],[-114.1643809,51.1376827],[-114.1665111,51.1405547],[-114.1662086,51.1411883],[-114.1657998,51.1417706],[-114.1653085,51.1422851],[-114.1645688,51.1428641],[-114.1645689,51.1468625],[-114.1679842,51.1468647],[-114.1676262,51.1480954],[-114.167162,51.1492585],[-114.1665474,51.1504484]]]}},{"type":"Feature","id":"CLI","properties":{"class":"Residential","class_code":"1","comm_code":"CLI","name":"CLIFF BUNGALOW","sector":"CENTRE","srg":"ESTABLISHED","comm_structure":"INNER CITY","created_dt":"2016-12-21T16:10:15.000Z","modified_dt":"2023-06-12T23:49:43.000Z","label":"Cliff Bungalow","centroid":[-114.074328,51.0340039],"bounds":[-114.0783091,51.0285461,-114.0715228,51.037838]},"geometry":{"type":"Polygon","coordinates":[[[-114.0769537,51.0340702],[-114.0769056,51.0315881],[-114.0764009,51.0312406],[-114.0758086,51.0305544],[-114.0753218,51.0301827],[-114.0750025,51.0300472],[-114.074577,51.0300747],[-114.0744892,51.0299624],[-114.0733372,51.0299625],[-114.0733337,51.0285461],[-114.072744,51.0287654],[-114.0715277,51.0288638],[-114.0715317,51.037838],[-114.0783091,51.0378374],[-114.078306,51.0351826],[-114.077117,51.0351749],[-114.0763179,51.0350002],[-114.0766521,51.0345492],[-114.0767256,51.0345492],[-114.0767822,51.0344703],[-114.0769537,51.0340702]]]}},{"type":"Feature","id":"CNS","properties":{"class":"Residential","class_code":"1","comm_code":"CNS","name":"CORNERSTONE","sector":"NORTHEAST","srg":"DEVELOPING","comm_structure":"2000s","created_dt":"2016-12-21T16:10:36.000Z","modified_dt":"2020-12-02T11:37:01.000Z","label":"Cornerstone","centroid":[-113.932711,51.1584657],"bounds":[-113.9467673,51.1380397,-113.9144022,51.1768667]},"geometry":{"type":"Polygon","coordinates":[[[-113.9184116,51.1760758],[-113.9201418,51.1766421],[-113.9217412,51.1768667],[-113.9236538,51.1768503],[-113.9252887,51.1767372],[-113.9304144,51.176147],[-113.934945,51.1757161],[-113.9381453,51.1756199],[-113.94411,51.1756364],[-113.944763,51.1718423],[-113.9451086,51.1709921],[-113.9461123,51.1693172],[-113.9464427,51.1680215],[-113.9465705,51.1672016],[-113.9465989,51.1652505],[-113.9467254,51.1652505],[-113.9467657,51.1397613],[-113.9356224,51.1397656],[-113.9346207,51.139695],[-113.9338001,51.1395921],[-113.9327141,51.1393601],[-113.9315852,51.1390206],[-113.9292369,51.1380397],[-113.9292443,51.1397675],[-113.9212923,51.1397695],[-113.9212739,51.1543145],[-113.9211887,51.1586836],[-113.9210398,51.159754],[-113.920499,51.1613227],[-113.9195656,51.1634662],[-113.918492,51.1651275],[-113.9152685,51.1693779],[-113.9147195,51.1702959],[-113.91458,51.1707028],[-113.9144022,51.1717265],[-113.9144263,51.171999],[-113.9146824,51.1729137],[-113.9154438,51.1741855],[-113.9166863,51.1752217],[-113.9184116,51.1760758]]]}},{"type":"Feature","id":"COA","properties":{"class":"Residential","class_code":"1","comm_code":"COA","name":"COACH HILL","sector":"WEST","srg":"ESTABLISHED","comm_structure":"1980s/1990s","created_dt":"2016-12-21T16:10:27.000Z","modified_dt":"2023-04-13T00:07:41.000Z","label":"Coach Hill","centroid":[-114.1814416,51.056539],"bounds":[-114.1892551,51.0519636,-114.1686023,51.0648216]},"geometry":{"type":"Polygon","coordinates":[[[-114.1747124,51.0570273],[-114.174978,51.0574575],[-114.1752964,51.0576787],[-114.1769046,51.0584768],[-114.1769703,51.0584241],[-114.1777757,51.0588233],[-114.1783371,51.0592039],[-114.1830941,51.0615959],[-114.1878239,51.0648216],[-114.1878202,51.0609449],[-114.1876625,51.0609452],[-114.1876739,51.0596994],[-114.1892547,51.0597005],[-114.1892425,51.0525814],[-114.1861668,51.0526396],[-114.1848779,51.0526034],[-114.1837465,51.0525139],[-114.1806235,51.0520445],[-114.179303,51.0519636],[-114.1786897,51.0519834],[-114.1777215,51.0520866],[-114.1766528,51.052279],[-114.1697977,51.0537771],[-114.1686023,51.053927],[-114.1689613,51.0549019],[-114.169065,51.055058],[-114.1693667,51.0552692],[-114.1729955,51.0565999],[-114.1737724,51.0569415],[-114.1742279,51.0570404],[-114.1747124,51.0570273]]]}},{"type":"Feature","id":"COL","properties":{"class":"Residential","class_code":"1","comm_code":"COL","name":"COLLINGWOOD","sector":"NORTHWEST","srg":"ESTABLISHED","comm_structure":"1950s","created_dt":"2016-12-21T16:10:29.000Z","modified_dt":"2023-03-06T22:34:21.000Z","label":"Collingwood","centroid":[-114.1014991,51.0840088],"bounds":[-114.1102761,51.074286,-114.0947312,51.0927473]},"geometry":{"type":"Polygon","coordinates":[[[-114.1042073,51.0770686],[-114.0989838,51.077058],[-114.0989846,51.0766033],[-114.0984259,51.0766034],[-114.0984274,51.0755788],[-114.0983643,51.0755788],[-114.0983626,51.0747017],[-114.0978266,51.0747019],[-114.0978306,51.074286],[-114.0947312,51.0742865],[-114.0947353,51.0897123],[-114.0961224,51.0899315],[-114.0979054,51.0903898],[-114.1026388,51.0918663],[-114.1063452,51.0927473],[-114.1093511,51.0871369],[-114.1102761,51.0836667],[-114.1100808,51.0835169],[-114.1085897,51.0816639],[-114.1067451,51.0802903],[-114.1064989,51.0800506],[-114.1063832,51.079857],[-114.1063133,51.0795889],[-114.1063135,51.0784246],[-114.1054006,51.0784248],[-114.1054015,51.0778624],[-114.104206,51.0778625],[-114.1042073,51.0770686]]]}},{"type":"Feature","id":"COP","properties":{"class":"Major Park","class_code":"3","comm_code":"COP","name":"CANADA OLYMPIC PARK","sector":"WEST","srg":"N/A","comm_structure":"OTHER","created_dt":"2016-12-21T16:12:57.000Z","modified_dt":"2023-04-13T00:46:15.000Z","label":"Canada Olympic Park","centroid":[-114.217658,51.08079],"bounds":[-114.2241406,51.075413,-114.2103792,51.0870665]},"geometry":{"type":"Polygon","coordinates":[[[-114.2241406,51.0870665],[-114.2241386,51.0815249],[-114.2225994,51.0815267],[-114.2225962,51.0761144],[-114.2203471,51.0761198],[-114.2202833,51.0762865],[-114.219883,51.0762033],[-114.2168523,51.0761296],[-114.2109789,51.075413],[-114.2109764,51.0764906],[-114.2108333,51.0764905],[-114.2108296,51.0812513],[-114.2107673,51.0812306],[-114.2103792,51.0814089],[-114.2122686,51.0816938],[-114.2127123,51.0818877],[-114.2128716,51.0820215],[-114.2130443,51.0823343],[-114.2131526,51.0829488],[-114.2133698,51.0833505],[-114.2127188,51.0835699],[-114.2127184,51.0840853],[-114.2155189,51.084911],[-114.2241406,51.0870665]]]}},{"type":"Feature","id":"COR","properties":{"class":"Residential","class_code":"1","comm_code":"COR","name":"CORAL SPRINGS","sector":"NORTHEAST","srg":"ESTABLISHED","comm_structure":"2000s","created_dt":"2016-12-21T16:10:22.000Z","modified_dt":"2024-12-12T11:06:11.000Z","label":"Coral Springs","centroid":[-113.9271595,51.1033455],"bounds":[-113.9351432,51.0960628,-113.9184979,51.1106465]},"geometry":{"type":"Polygon","coordinates":[[[-113.9351432,51.096088],[-113.9296,51.0960649],[-113.9229106,51.0966057],[-113.9203033,51.0967498],[-113.9185434,51.0967541],[-113.9184979,51.0990364],[-113.9187748,51.1029608],[-113.919337,51.1062391],[-113.920341,51.1106434],[-113.9351314,51.1106465],[-113.9350332,51.1105508],[-113.9351432,51.096088]]]}},{"type":"Feature","id":"COU","properties":{"class":"Residential","class_code":"1","comm_code":"COU","name":"COUNTRY HILLS","sector":"NORTH","srg":"ESTABLISHED","comm_structure":"1980s/1990s","created_dt":"2016-12-21T16:10:25.000Z","modified_dt":"2026-01-21T12:03:11.000Z","label":"Country Hills","centroid":[-114.0767671,51.1438776],"bounds":[-114.0947743,51.1343017,-114.063289,51.1532631]},"geometry":{"type":"Polygon","coordinates":[[[-114.0654914,51.1451797],[-114.0643801,51.1461617],[-114.0640609,51.1465722],[-114.0636048,51.1473559],[-114.0634121,51.1478953],[-114.0633299,51.1483738],[-114.063289,51.1488],[-114.0633312,51.1493393],[-114.0634701,51.1499133],[-114.063692,51.1504699],[-114.0640659,51.15107],[-114.0650484,51.1521133],[-114.0666078,51.1532631],[-114.0674522,51.1527218],[-114.0699594,51.1506434],[-114.070828,51.1500129],[-114.0720772,51.1492722],[-114.0736389,51.1485538],[-114.0746045,51.1482076],[-114.0761157,51.1477958],[-114.082262,51.1466015],[-114.0831986,51.1462958],[-114.0847969,51.145669],[-114.0885159,51.1447783],[-114.090205,51.1452213],[-114.091517,51.1461594],[-114.0923778,51.1465435],[-114.0923797,51.1471868],[-114.0918146,51.1474584],[-114.0936345,51.1482528],[-114.0940814,51.1490159],[-114.094769,51.1492127],[-114.0947743,51.1461102],[-114.0921272,51.1434486],[-114.0915869,51.1429796],[-114.0902844,51.1420133],[-114.0884626,51.1409775],[-114.0872669,51.1404456],[-114.0814929,51.1382378],[-114.0759124,51.1364272],[-114.0734174,51.1351845],[-114.0714583,51.1343017],[-114.0714534,51.1393208],[-114.0713594,51.1400031],[-114.0711889,51.140452],[-114.0709422,51.1408652],[-114.0702869,51.1415718],[-114.0654914,51.1451797]]]}},{"type":"Feature","id":"COV","properties":{"class":"Residential","class_code":"1","comm_code":"COV","name":"COVENTRY HILLS","sector":"NORTH","srg":"ESTABLISHED","comm_structure":"2000s","created_dt":"2016-12-21T16:10:28.000Z","modified_dt":"2026-01-19T23:41:30.000Z","label":"Coventry Hills","centroid":[-114.0511468,51.1658724],"bounds":[-114.0711932,51.1542272,-114.0364733,51.1756424]},"geometry":{"type":"Polygon","coordinates":[[[-114.0691636,51.1735039],[-114.0690788,51.1724088],[-114.0689331,51.1716321],[-114.0684913,51.1703321],[-114.0680521,51.1694642],[-114.0679324,51.1691105],[-114.0678637,51.1687213],[-114.0678631,51.1680682],[-114.0679848,51.1675524],[-114.0683879,51.1667102],[-114.068828,51.1661013],[-114.070396,51.1642436],[-114.0704218,51.1643055],[-114.0710011,51.1632362],[-114.071151,51.162749],[-114.0711818,51.1618221],[-114.0707853,51.160177],[-114.0683602,51.1604148],[-114.0664253,51.1604307],[-114.0650544,51.1605071],[-114.0627995,51.1608148],[-114.0603584,51.1614125],[-114.0593331,51.1618216],[-114.0563828,51.1631581],[-114.0548486,51.1618877],[-114.0538597,51.1609263],[-114.0531653,51.1599529],[-114.052794,51.1591944],[-114.0526034,51.1585792],[-114.0525078,51.1580237],[-114.052497,51.1542272],[-114.0397916,51.1542708],[-114.0385553,51.158501],[-114.0381849,51.1593675],[-114.0364849,51.162716],[-114.0364733,51.1756333],[-114.0416021,51.1756134],[-114.0431551,51.1755323],[-114.0459294,51.17528],[-114.0491384,51.1748108],[-114.0553196,51.1736794],[-114.0575817,51.1733604],[-114.0598113,51.1731594],[-114.062046,51.1730923],[-114.0634699,51.173125],[-114.0691636,51.1735039]]]}},{"type":"Feature","id":"CPF","properties":{"class":"Residential","class_code":"1","comm_code":"CPF","name":"COPPERFIELD","sector":"SOUTHEAST","srg":"ESTABLISHED","comm_structure":"2020s","created_dt":"2016-12-21T16:10:24.000Z","modified_dt":"2026-04-23T15:13:03.000Z","label":"Copperfield","centroid":[-113.9270132,50.9151673],"bounds":[-113.9519155,50.9049675,-113.9070843,50.9287819]},"geometry":{"type":"Polygon","coordinates":[[[-113.9519155,50.912773],[-113.9509201,50.9120816],[-113.9502212,50.9114544],[-113.9495923,50.9107562],[-113.949136,50.9100957],[-113.9487104,50.9092096],[-113.9481991,50.9074174],[-113.9472354,50.9049675],[-113.9400694,50.9061372],[-113.9357583,50.9066414],[-113.9331642,50.9068148],[-113.9296547,50.906861],[-113.9252136,50.9067796],[-113.9216737,50.906631],[-113.9177096,50.9063882],[-113.9159169,50.9064617],[-113.9135043,50.9069292],[-113.9123255,50.9070245],[-113.9101307,50.9070295],[-113.9071389,50.906851],[-113.9070843,50.9081463],[-113.907272,50.9093673],[-113.9074017,50.9097433],[-113.90916,50.9135768],[-113.9094512,50.9140507],[-113.9098772,50.9145862],[-113.9133342,50.9182474],[-113.9141498,50.9191789],[-113.9156691,50.9211796],[-113.9168474,50.9230371],[-113.9179335,50.925118],[-113.918801,50.9272165],[-113.9192991,50.9287797],[-113.9351981,50.9287819],[-113.9351589,50.9262779],[-113.9351167,50.9258763],[-113.9349989,50.9254886],[-113.9347996,50.9251043],[-113.9345082,50.9247127],[-113.933089,50.9232682],[-113.9326802,50.9227754],[-113.9324032,50.9222889],[-113.9322441,50.9217402],[-113.9322147,50.919354],[-113.9322868,50.9188035],[-113.932444,50.9183197],[-113.9326467,50.9179255],[-113.9329293,50.9175321],[-113.9333498,50.917084],[-113.9347728,50.9157476],[-113.9354827,50.9152309],[-113.9363788,50.9147655],[-113.937679,50.9143419],[-113.9386761,50.9141655],[-113.9396587,50.9140947],[-113.9478354,50.9140842],[-113.9488779,50.9140277],[-113.9498203,50.9138317],[-113.9504822,50.9136017],[-113.9510491,50.9133287],[-113.9519155,50.912773]]]}},{"type":"Feature","id":"CRA","properties":{"class":"Residential","class_code":"1","comm_code":"CRA","name":"CRANSTON","sector":"SOUTHEAST","srg":"COMPLETE","comm_structure":"BUILDING OUT","created_dt":"2016-12-21T16:10:23.000Z","modified_dt":"2024-12-12T20:43:36.000Z","label":"Cranston","centroid":[-113.9794762,50.8776469],"bounds":[-113.9980718,50.8538838,-113.9619647,50.9000708]},"geometry":{"type":"Polygon","coordinates":[[[-113.997662,50.8952475],[-113.997821,50.8951469],[-113.997753,50.895018],[-113.9976432,50.8948942],[-113.9974215,50.894899],[-113.9976437,50.8946222],[-113.9978141,50.8945993],[-113.997862,50.8943899],[-113.9979734,50.8942995],[-113.9979602,50.8940095],[-113.9980718,50.8935482],[-113.9978553,50.8930424],[-113.9977388,50.8925018],[-113.9975696,50.8923373],[-113.9971099,50.8922074],[-113.9970299,50.8920503],[-113.9970299,50.8919294],[-113.997217,50.8916791],[-113.9971644,50.8916306],[-113.9971356,50.891421],[-113.9967941,50.8908149],[-113.9963206,50.8903491],[-113.9964027,50.890157],[-113.9963515,50.8900559],[-113.9963616,50.8896707],[-113.996012,50.889088],[-113.9953474,50.8885191],[-113.9949161,50.8886108],[-113.9949143,50.8882937],[-113.9947016,50.8888328],[-113.9939509,50.8891552],[-113.9937172,50.889663],[-113.9936365,50.8896941],[-113.993028,50.8895443],[-113.9928875,50.8892605],[-113.9924991,50.8890502],[-113.9922165,50.8889674],[-113.9922627,50.8884413],[-113.9917554,50.888373],[-113.9917208,50.8887925],[-113.9916222,50.8889358],[-113.9912742,50.8888904],[-113.9913846,50.8885882],[-113.9912256,50.8883253],[-113.9911735,50.8881129],[-113.9913926,50.888047],[-113.9916961,50.8877226],[-113.9918934,50.8876146],[-113.9921319,50.887621],[-113.9920891,50.8877036],[-113.99251,50.8877872],[-113.9932153,50.8881899],[-113.9931175,50.8878695],[-113.9939801,50.8870694],[-113.9937497,50.8863961],[-113.993574,50.8862484],[-113.9934199,50.8859844],[-113.9928051,50.8856021],[-113.9927078,50.885311],[-113.9924288,50.8851064],[-113.9917813,50.8848467],[-113.9949204,50.8848414],[-113.9944432,50.8837589],[-113.9941957,50.8829433],[-113.9942655,50.8827205],[-113.994445,50.882514],[-113.9942523,50.8811541],[-113.9943225,50.8801436],[-113.9944911,50.879352],[-113.9944284,50.8790231],[-113.9944956,50.8785676],[-113.994427,50.8780309],[-113.9943335,50.8777411],[-113.9943927,50.8774313],[-113.994323,50.8760933],[-113.9942228,50.8755845],[-113.9941631,50.8755897],[-113.9940963,50.8754947],[-113.9941367,50.8753373],[-113.9942269,50.8752838],[-113.9941441,50.8748146],[-113.9939638,50.8741661],[-113.9932837,50.8730853],[-113.9931094,50.8726222],[-113.9930381,50.8725834],[-113.9928357,50.8721746],[-113.9928271,50.8720087],[-113.9926764,50.8719148],[-113.9924681,50.8716703],[-113.992332,50.8714037],[-113.992379,50.8712188],[-113.9925024,50.8711533],[-113.9926259,50.871227],[-113.9927995,50.8711949],[-113.9928931,50.8712942],[-113.9930069,50.8712093],[-113.9930232,50.8712723],[-113.9931381,50.8713213],[-113.9930887,50.8713321],[-113.9931978,50.8713737],[-113.9931637,50.8714604],[-113.9932568,50.8714244],[-113.9931765,50.871482],[-113.9932993,50.871454],[-113.9932114,50.8715028],[-113.993304,50.8715278],[-113.9932845,50.8715928],[-113.9933627,50.8715608],[-113.9933412,50.871602],[-113.9933918,50.8716243],[-113.9933339,50.8716349],[-113.9934218,50.8716402],[-113.9934008,50.8716902],[-113.9934817,50.8717295],[-113.9935687,50.8720019],[-113.9940033,50.8724814],[-113.9939757,50.8726213],[-113.9940693,50.8729108],[-113.9941648,50.8731194],[-113.9942878,50.8731746],[-113.9942486,50.8729704],[-113.9941604,50.8729673],[-113.994079,50.8728734],[-113.9941281,50.8727887],[-113.9940449,50.872739],[-113.9941194,50.8726834],[-113.9940193,50.8725042],[-113.9940522,50.8724788],[-113.9939793,50.8724415],[-113.9940038,50.8724076],[-113.9938134,50.8720916],[-113.9936167,50.8719707],[-113.993619,50.8719298],[-113.993711,50.8720025],[-113.9937622,50.871983],[-113.993647,50.8718615],[-113.9937366,50.8717934],[-113.9935143,50.8715475],[-113.9934617,50.8713618],[-113.993041,50.8710394],[-113.9929741,50.870853],[-113.9927582,50.8706242],[-113.9925316,50.8704927],[-113.9925627,50.8704262],[-113.9924717,50.8702927],[-113.992209,50.8701167],[-113.9922407,50.8700952],[-113.9921389,50.8700385],[-113.9921147,50.8699464],[-113.9918567,50.8697245],[-113.9916286,50.869614],[-113.991601,50.8695774],[-113.9916562,50.8695684],[-113.9914439,50.8694229],[-113.9912303,50.8693807],[-113.9905952,50.8690244],[-113.9905852,50.8689511],[-113.9906387,50.8689165],[-113.9905049,50.8688687],[-113.9901541,50.8684367],[-113.9901483,50.868356],[-113.9902449,50.8683266],[-113.9899633,50.8682176],[-113.989755,50.8678663],[-113.98901,50.8672733],[-113.9890339,50.8672008],[-113.9889682,50.8671194],[-113.9886066,50.866869],[-113.9880104,50.8659612],[-113.9877748,50.8657208],[-113.987389,50.8647721],[-113.9867451,50.8638815],[-113.9865871,50.8634043],[-113.9867188,50.8631738],[-113.9862253,50.8623889],[-113.9860305,50.8618685],[-113.9853225,50.8607096],[-113.9851996,50.8604223],[-113.9845876,50.8596246],[-113.9838978,50.8589585],[-113.9829253,50.8583407],[-113.9787268,50.8565729],[-113.9762056,50.8552836],[-113.973916,50.8543681],[-113.9721143,50.8538838],[-113.9731988,50.8552648],[-113.9705779,50.8545505],[-113.9694056,50.8567136],[-113.9686836,50.857829],[-113.9674337,50.8595825],[-113.9646892,50.8629769],[-113.9639496,50.8640729],[-113.9631992,50.8654156],[-113.9625953,50.8668949],[-113.9622501,50.8680773],[-113.9620418,50.8692623],[-113.9619825,50.8699708],[-113.9619745,50.871333],[-113.9622218,50.8731283],[-113.9624458,50.8740008],[-113.9628853,50.8752269],[-113.9633852,50.8762811],[-113.974133,50.8944338],[-113.9748187,50.8958073],[-113.974981,50.8963168],[-113.9751774,50.8972932],[-113.9752935,50.8987576],[-113.9753288,50.9000708],[-113.9973908,50.896239],[-113.997662,50.8952475]]]}},{"type":"Feature","id":"CRE","properties":{"class":"Residential","class_code":"1","comm_code":"CRE","name":"CRESCENT HEIGHTS","sector":"CENTRE","srg":"ESTABLISHED","comm_structure":"INNER CITY","created_dt":"2016-12-21T16:10:34.000Z","modified_dt":"2026-03-20T00:39:28.000Z","label":"Crescent Heights","centroid":[-114.0610265,51.0596616],"bounds":[-114.0716154,51.0496111,-114.0517077,51.0669337]},"geometry":{"type":"Polygon","coordinates":[[[-114.0716154,51.0615285],[-114.0713965,51.0612502],[-114.0691958,51.059723],[-114.0673492,51.0587515],[-114.066998,51.0587496],[-114.0651773,51.0581338],[-114.0624233,51.0559878],[-114.0625681,51.052408],[-114.0600881,51.05153],[-114.0569461,51.0508396],[-114.0550867,51.050512],[-114.0548492,51.050398],[-114.0547008,51.0504163],[-114.0544591,51.0503534],[-114.05295,51.0497956],[-114.0525985,51.0496111],[-114.0518667,51.0504482],[-114.0517077,51.0509449],[-114.0517426,51.0549195],[-114.052007,51.0553357],[-114.0540583,51.0569336],[-114.054291,51.0572278],[-114.0543207,51.0593251],[-114.0543678,51.0596109],[-114.0545574,51.0599948],[-114.0552275,51.0609579],[-114.0562476,51.0638255],[-114.056277,51.0641335],[-114.0561795,51.0669337],[-114.0715472,51.0669283],[-114.0715427,51.0615854],[-114.0716154,51.0615285]]]}},{"type":"Feature","id":"CRM","properties":{"class":"Residential","class_code":"1","comm_code":"CRM","name":"CRESTMONT","sector":"WEST","srg":"DEVELOPING","comm_structure":"2000s","created_dt":"2016-12-21T16:10:31.000Z","modified_dt":"2024-02-21T13:15:08.000Z","label":"Crestmont","centroid":[-114.268833,51.0848179],"bounds":[-114.2923219,51.0788074,-114.2458739,51.0886109]},"geometry":{"type":"Polygon","coordinates":[[[-114.2923219,51.0886109],[-114.2923182,51.08151],[-114.2690988,51.0815279],[-114.2691031,51.0797947],[-114.2680701,51.0795991],[-114.2672067,51.0790336],[-114.2670645,51.079624],[-114.2670654,51.0809007],[-114.2649751,51.0809011],[-114.2616746,51.0793355],[-114.2595938,51.0791935],[-114.2582925,51.0788074],[-114.258294,51.0815532],[-114.2458752,51.0815334],[-114.2458739,51.0885531],[-114.2923219,51.0886109]]]}},{"type":"Feature","id":"CSC","properties":{"class":"Residential","class_code":"1","comm_code":"CSC","name":"CITYSCAPE","sector":"NORTHEAST","srg":"DEVELOPING","comm_structure":"BUILDING OUT","created_dt":"2016-12-21T16:10:08.000Z","modified_dt":"2016-12-21T16:10:08.000Z","label":"Cityscape","centroid":[-113.9596418,51.1465246],"bounds":[-113.9700373,51.1397565,-113.9467657,51.1543201]},"geometry":{"type":"Polygon","coordinates":[[[-113.9525138,51.1543143],[-113.9700262,51.1543201],[-113.9700373,51.139765],[-113.9467657,51.1397613],[-113.9467666,51.1469956],[-113.9525129,51.1469929],[-113.9525138,51.1543143]]]}},{"type":"Feature","id":"CUR","properties":{"class":"Residential","class_code":"1","comm_code":"CUR","name":"CURRIE BARRACKS","sector":"WEST","srg":"ESTABLISHED","comm_structure":"BUILDING OUT","created_dt":"2016-12-21T16:10:17.000Z","modified_dt":"2023-04-13T13:48:44.000Z","label":"Currie Barracks","centroid":[-114.1246958,51.0172265],"bounds":[-114.1353006,51.009852,-114.1179291,51.0216085]},"geometry":{"type":"Polygon","coordinates":[[[-114.1308894,51.0215926],[-114.1317323,51.0209916],[-114.1343613,51.0181498],[-114.1353006,51.0172109],[-114.1315217,51.0158392],[-114.1317468,51.0156088],[-114.1308107,51.0153952],[-114.1223891,51.0123299],[-114.121704,51.0119653],[-114.1218948,51.0118145],[-114.117993,51.009852],[-114.1180653,51.0147969],[-114.1179291,51.0176207],[-114.1179396,51.0216085],[-114.1308894,51.0215926]]]}},{"type":"Feature","id":"DAL","properties":{"class":"Residential","class_code":"1","comm_code":"DAL","name":"DALHOUSIE","sector":"NORTHWEST","srg":"ESTABLISHED","comm_structure":"1960s/1970s","created_dt":"2016-12-21T16:10:09.000Z","modified_dt":"2023-01-17T22:30:12.000Z","label":"Dalhousie","centroid":[-114.1582849,51.1094193],"bounds":[-114.1783491,51.0980297,-114.1401148,51.1208037]},"geometry":{"type":"Polygon","coordinates":[[[-114.1783491,51.1106613],[-114.1625516,51.1040354],[-114.1610065,51.1034585],[-114.1576624,51.1023392],[-114.1556749,51.1015341],[-114.1532748,51.1003448],[-114.1494438,51.0980297],[-114.1436123,51.1020564],[-114.1423695,51.1028625],[-114.1416199,51.1035233],[-114.1413444,51.1039041],[-114.1408445,51.1049987],[-114.1407584,51.1053839],[-114.1407301,51.1065731],[-114.1406298,51.1076357],[-114.1404093,51.1084287],[-114.1401148,51.1090747],[-114.1513198,51.1136994],[-114.1559279,51.11583],[-114.1638611,51.1190876],[-114.1649851,51.1196437],[-114.1666798,51.1208037],[-114.1683978,51.1193164],[-114.1712675,51.117313],[-114.1752784,51.1140442],[-114.177251,51.1120369],[-114.1783491,51.1106613]]]}},{"type":"Feature","id":"DBC","properties":{"class":"Industrial","class_code":"2","comm_code":"DBC","name":"DEERFOOT BUSINESS CENTRE","sector":"NORTHEAST","srg":"N/A","comm_structure":"EMPLOYMENT","created_dt":"2016-12-21T16:12:12.000Z","modified_dt":"2016-12-21T16:12:12.000Z","label":"Deerfoot Business Centre","centroid":[-114.0409428,51.1145379],"bounds":[-114.0471037,51.1033796,-114.0295788,51.1324715]},"geometry":{"type":"Polygon","coordinates":[[[-114.0364359,51.1057347],[-114.0295788,51.1101101],[-114.036549,51.1167203],[-114.0365456,51.1181184],[-114.0431925,51.1250413],[-114.0420743,51.1302569],[-114.0400578,51.1324715],[-114.0441337,51.1324604],[-114.0451049,51.1311196],[-114.0453589,51.1305899],[-114.0457011,51.1297534],[-114.0459106,51.1290077],[-114.0460315,51.1281504],[-114.0460539,51.1272533],[-114.0458578,51.1239915],[-114.0459113,51.1223276],[-114.0462888,51.1193236],[-114.0464837,51.1185828],[-114.04696,51.1155469],[-114.0471037,51.1125724],[-114.0470489,51.1091883],[-114.0468867,51.1076959],[-114.0466211,51.1061623],[-114.0462292,51.1045399],[-114.0461113,51.1041996],[-114.0420568,51.1041515],[-114.0420577,51.1033819],[-114.0398306,51.1033796],[-114.0398282,51.1042214],[-114.0382749,51.1042203],[-114.0382748,51.1043003],[-114.0364414,51.104298],[-114.0364359,51.1057347]]]}},{"type":"Feature","id":"DDG","properties":{"class":"Residential","class_code":"1","comm_code":"DDG","name":"DOUGLASDALE/GLEN","sector":"SOUTHEAST","srg":"ESTABLISHED","comm_structure":"1980s/1990s","created_dt":"2016-12-21T16:10:34.000Z","modified_dt":"2025-12-18T23:20:30.000Z","label":"Douglasdale/Glen","centroid":[-114.0025075,50.9478318],"bounds":[-114.0252915,50.9319046,-113.975499,50.9649977]},"geometry":{"type":"Polygon","coordinates":[[[-113.9826116,50.9450347],[-113.9835447,50.9454129],[-113.984889,50.9458638],[-113.9860101,50.9461686],[-113.9874565,50.946472],[-113.9892155,50.9467218],[-113.9969178,50.9474637],[-113.9988125,50.9477297],[-114.0008242,50.9480991],[-114.0041928,50.948897],[-114.0029062,50.9514212],[-114.0025964,50.9518053],[-114.0016161,50.9526675],[-114.0011996,50.9531239],[-114.0008222,50.9537542],[-114.0006322,50.9544071],[-114.0006198,50.9549972],[-114.0007302,50.9555091],[-114.0015132,50.9570825],[-114.0016623,50.9576598],[-114.0016775,50.964996],[-114.0247839,50.9649952],[-114.0246357,50.9644862],[-114.0242318,50.9640479],[-114.0239492,50.9635394],[-114.0239179,50.9634528],[-114.0240128,50.9634515],[-114.0238486,50.9631264],[-114.0238215,50.9625987],[-114.0239185,50.962364],[-114.0239142,50.9620101],[-114.0240567,50.9615387],[-114.0243077,50.9615175],[-114.0244954,50.9618069],[-114.024703,50.9614436],[-114.0249397,50.9612902],[-114.0252548,50.9612056],[-114.0252873,50.9608605],[-114.0243752,50.9591673],[-114.0245601,50.9588542],[-114.0243799,50.9586456],[-114.0240617,50.9580742],[-114.0240157,50.9577988],[-114.0240867,50.9572038],[-114.024032,50.9568109],[-114.0237404,50.9566181],[-114.0230298,50.9556733],[-114.0229339,50.9554052],[-114.0224081,50.9548441],[-114.0217654,50.9542676],[-114.0214427,50.9538479],[-114.0211466,50.9532244],[-114.0208691,50.9521133],[-114.0209315,50.9515782],[-114.0211945,50.9511064],[-114.0228125,50.9509283],[-114.0229621,50.950865],[-114.0230997,50.9506275],[-114.0235104,50.9505145],[-114.0233211,50.950303],[-114.0232365,50.9500278],[-114.0217461,50.9487245],[-114.0214299,50.948381],[-114.0211939,50.9479729],[-114.0206906,50.9474531],[-114.0188877,50.9460574],[-114.0186005,50.9457399],[-114.0156316,50.9436399],[-114.0139491,50.9422814],[-114.0134121,50.9418055],[-114.0133576,50.9416748],[-114.0131226,50.9416115],[-114.0126791,50.9412991],[-114.0123228,50.9409658],[-114.0120649,50.9408942],[-114.0118283,50.9407535],[-114.011422,50.9404162],[-114.0113408,50.940256],[-114.0097053,50.9392049],[-114.0086853,50.9388032],[-114.0086096,50.9387069],[-114.0083782,50.9386018],[-114.0071341,50.9383426],[-114.0060365,50.9380036],[-114.00195,50.9375239],[-114.0011663,50.93733],[-114.0002279,50.9369546],[-113.9986017,50.9361824],[-113.9981882,50.935812],[-113.9975003,50.9353298],[-113.996057,50.9346112],[-113.9951821,50.9340672],[-113.9942986,50.9339297],[-113.9932412,50.933623],[-113.9928195,50.9334655],[-113.9922752,50.9331643],[-113.9920364,50.9329051],[-113.9918414,50.9324595],[-113.9918134,50.9319046],[-113.975499,50.9319297],[-113.9755311,50.9365597],[-113.975596,50.9373999],[-113.9758039,50.9383983],[-113.9760011,50.9389772],[-113.9764474,50.9399267],[-113.9772893,50.9411797],[-113.9781043,50.9420858],[-113.9787848,50.9427062],[-113.9795197,50.9432828],[-113.9807339,50.9440831],[-113.9826116,50.9450347]]]}},{"type":"Feature","id":"DIA","properties":{"class":"Residential","class_code":"1","comm_code":"DIA","name":"DIAMOND COVE","sector":"SOUTH","srg":"ESTABLISHED","comm_structure":"1980s/1990s","created_dt":"2016-12-21T16:10:27.000Z","modified_dt":"2024-03-26T14:52:19.000Z","label":"Diamond Cove","centroid":[-114.0219173,50.9463338],"bounds":[-114.0292464,50.9388369,-114.0131186,50.9536021]},"geometry":{"type":"Polygon","coordinates":[[[-114.0212697,50.9510775],[-114.0211556,50.9511627],[-114.0209028,50.951677],[-114.0208661,50.9520804],[-114.0209643,50.9525167],[-114.0220431,50.9526484],[-114.0234703,50.9529289],[-114.0245934,50.9532242],[-114.0255801,50.9536021],[-114.0260984,50.9521728],[-114.0264077,50.9515126],[-114.0268669,50.950814],[-114.0264536,50.9492231],[-114.0263403,50.9485666],[-114.02622,50.947031],[-114.0262891,50.9453039],[-114.0263425,50.9448553],[-114.0264936,50.9443307],[-114.0268876,50.9435458],[-114.027273,50.9430401],[-114.0292464,50.9411884],[-114.02848,50.9407872],[-114.0281995,50.9410063],[-114.0274495,50.94121],[-114.0264516,50.9419472],[-114.0257074,50.9426465],[-114.025205,50.9432334],[-114.0243004,50.944571],[-114.0240459,50.9448357],[-114.0236189,50.9450866],[-114.0231047,50.9452444],[-114.0226122,50.9452999],[-114.0220699,50.9452684],[-114.021592,50.9451537],[-114.021046,50.9448779],[-114.0186389,50.9431287],[-114.0152457,50.9401086],[-114.0131186,50.9388369],[-114.0131226,50.9416115],[-114.0133576,50.9416748],[-114.0134121,50.9418055],[-114.0139491,50.9422814],[-114.0156316,50.9436399],[-114.0185548,50.9457043],[-114.0188877,50.9460574],[-114.0206254,50.9473951],[-114.0211939,50.9479729],[-114.0214299,50.948381],[-114.0217461,50.9487245],[-114.0232162,50.9500013],[-114.0233211,50.950303],[-114.0235104,50.9505145],[-114.0230997,50.9506275],[-114.0229621,50.950865],[-114.0228125,50.9509283],[-114.0224842,50.950996],[-114.0212697,50.9510775]]]}},{"type":"Feature","id":"DIS","properties":{"class":"Residential","class_code":"1","comm_code":"DIS","name":"DISCOVERY RIDGE","sector":"WEST","srg":"ESTABLISHED","comm_structure":"2000s","created_dt":"2016-12-21T16:10:32.000Z","modified_dt":"2024-02-20T12:00:14.000Z","label":"Discovery Ridge","centroid":[-114.2155882,51.014253],"bounds":[-114.234387,51.0086703,-114.1877285,51.0235263]},"geometry":{"type":"Polygon","coordinates":[[[-114.2343331,51.0198398],[-114.234387,51.0087194],[-114.187732,51.0086703],[-114.1877285,51.0113003],[-114.1891129,51.0117681],[-114.1955864,51.01417],[-114.2085425,51.0186911],[-114.2147612,51.0207938],[-114.2164149,51.0212592],[-114.2189467,51.0217324],[-114.2248329,51.0225482],[-114.2265203,51.0229787],[-114.228078,51.0235263],[-114.2292831,51.0223892],[-114.2299766,51.0218902],[-114.2316356,51.0210399],[-114.2343331,51.0198398]]]}},{"type":"Feature","id":"DNC","properties":{"class":"Residential","class_code":"1","comm_code":"DNC","name":"DOWNTOWN COMMERCIAL CORE","sector":"CENTRE","srg":"ESTABLISHED","comm_structure":"CENTRE CITY","created_dt":"2016-12-21T16:10:33.000Z","modified_dt":"2023-01-19T23:32:29.000Z","label":"Downtown Commercial Core","centroid":[-114.0699792,51.0472043],"bounds":[-114.0838252,51.0437549,-114.0553874,51.0508074]},"geometry":{"type":"Polygon","coordinates":[[[-114.0809164,51.0508074],[-114.0810683,51.0507189],[-114.0819701,51.0507443],[-114.0830029,51.050419],[-114.0831781,51.0504242],[-114.0832042,51.0499222],[-114.0834982,51.0499306],[-114.083459,51.049754],[-114.0835303,51.0489874],[-114.0837748,51.0480335],[-114.083777,51.0475649],[-114.083647,51.0470815],[-114.0838252,51.0445505],[-114.05578,51.0437549],[-114.0553874,51.0490975],[-114.062775,51.0493429],[-114.0627082,51.0502841],[-114.0809164,51.0508074]]]}},{"type":"Feature","id":"DNE","properties":{"class":"Residential","class_code":"1","comm_code":"DNE","name":"DOWNTOWN EAST VILLAGE","sector":"CENTRE","srg":"ESTABLISHED","comm_structure":"CENTRE CITY","created_dt":"2016-12-21T16:10:18.000Z","modified_dt":"2023-01-19T23:33:26.000Z","label":"Downtown East Village","centroid":[-114.0502428,51.0462846],"bounds":[-114.0578527,51.0431782,-114.0406798,51.051016]},"geometry":{"type":"Polygon","coordinates":[[[-114.05489,51.0504091],[-114.0549353,51.050476],[-114.0550867,51.050512],[-114.0577168,51.051016],[-114.0578527,51.0492027],[-114.0553874,51.0490975],[-114.05578,51.0437549],[-114.0446985,51.0434358],[-114.0438217,51.0433534],[-114.0428136,51.0431782],[-114.0424615,51.0436606],[-114.0415759,51.0445933],[-114.0412544,51.0448137],[-114.0406798,51.045032],[-114.041608,51.0453661],[-114.0417481,51.0455192],[-114.0423267,51.0457074],[-114.0431053,51.0461251],[-114.0456733,51.0468522],[-114.047845,51.0477891],[-114.0482936,51.0479142],[-114.0497464,51.0484984],[-114.0511573,51.0491788],[-114.0524954,51.0495673],[-114.05295,51.0497956],[-114.0544591,51.0503534],[-114.05489,51.0504091]]]}},{"type":"Feature","id":"DNW","properties":{"class":"Residential","class_code":"1","comm_code":"DNW","name":"DOWNTOWN WEST END","sector":"CENTRE","srg":"ESTABLISHED","comm_structure":"CENTRE CITY","created_dt":"2016-12-21T16:10:12.000Z","modified_dt":"2023-01-19T23:24:56.000Z","label":"Downtown West End","centroid":[-114.0883379,51.0469643],"bounds":[-114.0947298,51.0445505,-114.0831754,51.0514013]},"geometry":{"type":"Polygon","coordinates":[[[-114.0947178,51.0448585],[-114.0838252,51.0445505],[-114.083647,51.0470815],[-114.083777,51.0475649],[-114.0837748,51.0480335],[-114.0835303,51.0489874],[-114.083459,51.049754],[-114.0834982,51.0499306],[-114.0832042,51.0499222],[-114.0831915,51.0501011],[-114.0832073,51.0507794],[-114.0834144,51.0514013],[-114.0839875,51.0508795],[-114.0840641,51.0505497],[-114.0843801,51.0502922],[-114.0846226,51.0501721],[-114.0897791,51.0487173],[-114.090855,51.0483091],[-114.0912825,51.0480387],[-114.0914862,51.0480595],[-114.0923227,51.0478148],[-114.0927908,51.0477865],[-114.0938629,51.0475712],[-114.0939594,51.0476117],[-114.0947161,51.0475562],[-114.0947178,51.0448585]]]}},{"type":"Feature","id":"DOV","properties":{"class":"Residential","class_code":"1","comm_code":"DOV","name":"DOVER","sector":"EAST","srg":"ESTABLISHED","comm_structure":"1960s/1970s","created_dt":"2016-12-21T16:10:28.000Z","modified_dt":"2023-07-24T11:25:24.000Z","label":"Dover","centroid":[-113.9910007,51.023349],"bounds":[-114.0128501,51.0145271,-113.9630669,51.0306218]},"geometry":{"type":"Polygon","coordinates":[[[-113.9859565,51.0153042],[-113.9630669,51.0297534],[-113.9640707,51.0304025],[-113.9641467,51.0303549],[-113.9643302,51.0304965],[-113.9643311,51.0306213],[-113.96577,51.0306218],[-113.96577,51.0305554],[-114.0042147,51.0305003],[-114.0040714,51.0304281],[-114.0038363,51.0300853],[-114.0037208,51.0297395],[-114.0037096,51.0295143],[-114.0033744,51.0290403],[-114.0033969,51.0288341],[-114.0032261,51.0286416],[-114.0029678,51.027967],[-114.0029203,51.0276558],[-114.0030469,51.027189],[-114.0033348,51.0268663],[-114.0041393,51.0262957],[-114.006018,51.0256915],[-114.0065841,51.0257409],[-114.0069173,51.0255248],[-114.0073664,51.025349],[-114.0076926,51.0249448],[-114.0083214,51.0245635],[-114.0100085,51.0239103],[-114.0104936,51.0235597],[-114.0108335,51.0234409],[-114.0111595,51.0231065],[-114.011556,51.0229109],[-114.0117231,51.0224662],[-114.0121315,51.0217367],[-114.0125198,51.0208303],[-114.0127804,51.0201123],[-114.0128201,51.0197188],[-114.0128463,51.0184919],[-114.0126934,51.0178152],[-114.0126167,51.0165299],[-114.012471,51.0161516],[-114.0121564,51.0156761],[-114.0121585,51.015568],[-114.0066101,51.0155625],[-114.004921,51.0153886],[-114.005441,51.0145271],[-114.0045864,51.0148084],[-114.0032899,51.0150914],[-114.0013097,51.015295],[-113.9973191,51.0154184],[-113.9915292,51.0154297],[-113.9859565,51.0153042]]]}},{"type":"Feature","id":"DRG","properties":{"class":"Residential","class_code":"1","comm_code":"DRG","name":"DEER RIDGE","sector":"SOUTH","srg":"ESTABLISHED","comm_structure":"1980s/1990s","created_dt":"2016-12-21T16:10:16.000Z","modified_dt":"2022-12-23T10:45:26.000Z","label":"Deer Ridge","centroid":[-114.020298,50.9270856],"bounds":[-114.0322942,50.9202847,-114.0108712,50.9328765]},"geometry":{"type":"Polygon","coordinates":[[[-114.0129777,50.9328765],[-114.018587,50.9318255],[-114.0193124,50.9317473],[-114.0271138,50.9318334],[-114.0284663,50.9317044],[-114.0322942,50.9311618],[-114.0321204,50.9305481],[-114.0318992,50.9300135],[-114.0310626,50.9285131],[-114.0301605,50.9272781],[-114.0292037,50.9262438],[-114.0273241,50.9246376],[-114.0257429,50.9234576],[-114.0244727,50.9225644],[-114.0218642,50.9208908],[-114.0212728,50.9212347],[-114.0208316,50.9212343],[-114.0180493,50.9220514],[-114.0169554,50.9213221],[-114.0156182,50.920956],[-114.0154046,50.9208466],[-114.0147972,50.9202847],[-114.0127265,50.9210316],[-114.0128171,50.9211805],[-114.0108712,50.9262758],[-114.0129777,50.9328765]]]}},{"type":"Feature","id":"DRN","properties":{"class":"Residential","class_code":"1","comm_code":"DRN","name":"DEER RUN","sector":"SOUTH","srg":"ESTABLISHED","comm_structure":"1980s/1990s","created_dt":"2016-12-21T16:10:24.000Z","modified_dt":"2024-04-15T16:38:42.000Z","label":"Deer Run","centroid":[-114.0091893,50.9206805],"bounds":[-114.0218642,50.9074766,-113.9963396,50.9384672]},"geometry":{"type":"Polygon","coordinates":[[[-114.0118735,50.9381274],[-114.0120282,50.9381339],[-114.0120284,50.9384672],[-114.0127658,50.9384669],[-114.0129233,50.9383086],[-114.0131185,50.9383086],[-114.0131176,50.9333149],[-114.0108712,50.9262758],[-114.0128171,50.9211805],[-114.0127265,50.9210316],[-114.0147972,50.9202847],[-114.0154046,50.9208466],[-114.0156182,50.920956],[-114.0169554,50.9213221],[-114.0180493,50.9220514],[-114.0208316,50.9212343],[-114.0212728,50.9212347],[-114.0218642,50.9208908],[-114.0204624,50.9199822],[-114.0194475,50.9191225],[-114.0173063,50.9167255],[-114.016515,50.9155408],[-114.0160276,50.9145474],[-114.0158364,50.9139746],[-114.0156365,50.9139744],[-114.0145211,50.9079858],[-114.0120171,50.9074766],[-114.0115991,50.9084689],[-114.0107764,50.9093585],[-114.0073274,50.91132],[-114.0058959,50.9126922],[-114.0058499,50.9132394],[-114.0119376,50.9134435],[-114.0118581,50.9144004],[-114.0150023,50.9145064],[-114.0153559,50.914994],[-114.0132812,50.9156839],[-114.0042591,50.9153818],[-113.9986464,50.9172256],[-113.9963718,50.9189007],[-113.9963396,50.9210922],[-114.0028391,50.9229769],[-114.0078852,50.9266457],[-114.0087204,50.9292636],[-114.0076886,50.9334776],[-114.0090126,50.9346211],[-114.0102805,50.9362273],[-114.0112964,50.9381908],[-114.011495,50.938434],[-114.0118735,50.9381274]]]}},{"type":"Feature","id":"EAG","properties":{"class":"Residential","class_code":"1","comm_code":"EAG","name":"EAGLE RIDGE","sector":"SOUTH","srg":"ESTABLISHED","comm_structure":"1960s/1970s","created_dt":"2016-12-21T16:10:18.000Z","modified_dt":"2023-07-24T13:34:22.000Z","label":"Eagle Ridge","centroid":[-114.0977006,50.9878116],"bounds":[-114.1037808,50.9832795,-114.0948493,50.9942225]},"geometry":{"type":"Polygon","coordinates":[[[-114.095815,50.9942225],[-114.0989583,50.993257],[-114.0994753,50.9922741],[-114.0991916,50.991968],[-114.0990485,50.9915942],[-114.0987869,50.9911923],[-114.0989129,50.9906725],[-114.0988266,50.9902742],[-114.0984289,50.989361],[-114.0987468,50.9888371],[-114.0987732,50.9885354],[-114.0961987,50.9885344],[-114.0962805,50.9882295],[-114.0962589,50.9879648],[-114.0958691,50.987193],[-114.0958051,50.9868909],[-114.100622,50.9868946],[-114.1006221,50.9865009],[-114.1018491,50.9861421],[-114.1031887,50.9850912],[-114.1037808,50.9841891],[-114.1006223,50.9841872],[-114.1006219,50.9832844],[-114.0948535,50.9832795],[-114.0948627,50.9888959],[-114.0951096,50.991396],[-114.095162,50.9941546],[-114.095815,50.9942225]]]}},{"type":"Feature","id":"EAU","properties":{"class":"Residential","class_code":"1","comm_code":"EAU","name":"EAU CLAIRE","sector":"CENTRE","srg":"ESTABLISHED","comm_structure":"CENTRE CITY","created_dt":"2016-12-21T16:10:23.000Z","modified_dt":"2023-02-22T00:03:38.000Z","label":"Eau Claire","centroid":[-114.0734613,51.0530873],"bounds":[-114.0834144,51.050419,-114.0674724,51.0568085]},"geometry":{"type":"Polygon","coordinates":[[[-114.0809164,51.0508074],[-114.0676335,51.050426],[-114.0674993,51.0523073],[-114.0674724,51.056458],[-114.0683623,51.056705],[-114.0699094,51.0568085],[-114.0704076,51.0567781],[-114.0712402,51.0566778],[-114.0737057,51.0560101],[-114.0767498,51.0546199],[-114.0770382,51.0543991],[-114.0771833,51.0543695],[-114.0774942,51.0541053],[-114.0777462,51.0537913],[-114.0785314,51.0535028],[-114.0802296,51.0525982],[-114.0805403,51.0526307],[-114.081001,51.0525195],[-114.0818015,51.0522017],[-114.0823498,51.0520599],[-114.0827943,51.051873],[-114.0834144,51.0514013],[-114.0832329,51.0509285],[-114.0831781,51.0504242],[-114.0830029,51.050419],[-114.0819701,51.0507443],[-114.0810683,51.0507189],[-114.0809164,51.0508074]]]}},{"type":"Feature","id":"EDG","properties":{"class":"Residential","class_code":"1","comm_code":"EDG","name":"EDGEMONT","sector":"NORTHWEST","srg":"ESTABLISHED","comm_structure":"1980s/1990s","created_dt":"2016-12-21T16:10:21.000Z","modified_dt":"2020-10-22T10:29:23.000Z","label":"Edgemont","centroid":[-114.1446429,51.1273971],"bounds":[-114.1666798,51.1090747,-114.1212553,51.1426378]},"geometry":{"type":"Polygon","coordinates":[[[-114.1213185,51.1386583],[-114.1216169,51.1397525],[-114.1222538,51.1410212],[-114.1229739,51.1419241],[-114.1237577,51.1426378],[-114.1301352,51.1408255],[-114.1363798,51.1393094],[-114.1375339,51.1390757],[-114.139596,51.1387598],[-114.1416328,51.1385776],[-114.1437398,51.1385159],[-114.1489369,51.1387746],[-114.1596254,51.1387683],[-114.1605064,51.1386826],[-114.1613824,51.1385246],[-114.1643809,51.1376827],[-114.1636284,51.1366937],[-114.1628658,51.1359642],[-114.1621085,51.1349794],[-114.1613159,51.1338029],[-114.1608679,51.1329608],[-114.1605359,51.1320977],[-114.1602952,51.1310944],[-114.1602301,51.1302985],[-114.1603179,51.1290818],[-114.1605832,51.1279095],[-114.160936,51.1269822],[-114.1613749,51.1261574],[-114.1619058,51.1253566],[-114.1625171,51.1245672],[-114.1631888,51.1238448],[-114.1638386,51.1233618],[-114.1666798,51.1208037],[-114.1649851,51.1196437],[-114.1638611,51.1190876],[-114.1559279,51.11583],[-114.1513198,51.1136994],[-114.1401148,51.1090747],[-114.1395293,51.1100102],[-114.1388902,51.110747],[-114.1353026,51.1139616],[-114.1348975,51.1144101],[-114.1345686,51.1148565],[-114.1340255,51.1159213],[-114.1338252,51.1169076],[-114.1338536,51.1179557],[-114.134463,51.1222435],[-114.134516,51.1229815],[-114.1343169,51.1244299],[-114.1341116,51.1251587],[-114.1337959,51.1258163],[-114.1331821,51.1268027],[-114.1323348,51.1277894],[-114.1315987,51.1284697],[-114.130536,51.129284],[-114.1291778,51.1301343],[-114.1250981,51.1322173],[-114.1240128,51.1329596],[-114.1231705,51.1336985],[-114.1222668,51.1347776],[-114.1216554,51.1358957],[-114.1214648,51.1364303],[-114.1212964,51.1372246],[-114.121259,51.1380395],[-114.1213185,51.1386583]]]}},{"type":"Feature","id":"EFI","properties":{"class":"Industrial","class_code":"2","comm_code":"EFI","name":"EASTFIELD","sector":"EAST","srg":"N/A","comm_structure":"EMPLOYMENT","created_dt":"2016-12-21T16:12:11.000Z","modified_dt":"2023-07-24T11:16:42.000Z","label":"Eastfield","centroid":[-113.9701442,51.0118622],"bounds":[-113.981685,51.0087705,-113.9583426,51.0151416]},"geometry":{"type":"Polygon","coordinates":[[[-113.9816365,51.0151416],[-113.981685,51.0087705],[-113.9584842,51.0087991],[-113.9584754,51.0109426],[-113.9583426,51.0148067],[-113.9620288,51.014824],[-113.9689008,51.01496],[-113.9770856,51.0149677],[-113.9816365,51.0151416]]]}},{"type":"Feature","id":"EFV","properties":{"class":"Industrial","class_code":"2","comm_code":"EFV","name":"EAST FAIRVIEW INDUSTRIAL","sector":"SOUTH","srg":"N/A","comm_structure":"EMPLOYMENT","created_dt":"2016-12-21T16:12:17.000Z","modified_dt":"2023-03-02T15:54:10.000Z","label":"East Fairview Industrial","centroid":[-114.0403638,50.9846028],"bounds":[-114.0493026,50.9736022,-114.0252044,50.9944771]},"geometry":{"type":"Polygon","coordinates":[[[-114.0493026,50.9796687],[-114.048506,50.978443],[-114.0477029,50.9773443],[-114.0445262,50.9736022],[-114.0438555,50.9738122],[-114.0426884,50.9746981],[-114.0422658,50.9748167],[-114.0418249,50.9747286],[-114.040746,50.9740672],[-114.0375321,50.9740682],[-114.0374597,50.9741523],[-114.0374865,50.9742454],[-114.0378953,50.9745917],[-114.0383403,50.9751365],[-114.0378941,50.9755826],[-114.0370169,50.9759909],[-114.0368434,50.9761443],[-114.0365186,50.9767316],[-114.0361629,50.977186],[-114.0358012,50.9778669],[-114.0351577,50.9786244],[-114.0348184,50.9789174],[-114.0342886,50.9791982],[-114.0332653,50.9799055],[-114.0331198,50.9800976],[-114.0326303,50.9804686],[-114.0319909,50.9806346],[-114.0315591,50.9808488],[-114.0312456,50.9811036],[-114.0308763,50.981451],[-114.0302468,50.9822168],[-114.0298556,50.9829045],[-114.0297942,50.983212],[-114.0296856,50.9832974],[-114.0293878,50.983335],[-114.0293008,50.9834066],[-114.029213,50.9835661],[-114.0291732,50.9838807],[-114.0288027,50.9840503],[-114.0284862,50.9842887],[-114.0283214,50.9845079],[-114.0279737,50.9847541],[-114.0275278,50.9852092],[-114.0264668,50.9860469],[-114.0259357,50.9866317],[-114.0256699,50.9867958],[-114.0253854,50.9868837],[-114.0252044,50.9870375],[-114.0352234,50.9871213],[-114.0350305,50.9882726],[-114.0349843,50.9892036],[-114.0349873,50.9931622],[-114.0357279,50.9934002],[-114.0382813,50.9939675],[-114.0409231,50.9942925],[-114.0423695,50.9944131],[-114.0455276,50.9944771],[-114.0485199,50.9943653],[-114.0485297,50.9912429],[-114.0483835,50.9909868],[-114.0484014,50.9859008],[-114.0483348,50.9857657],[-114.0481505,50.9856042],[-114.0482964,50.9853607],[-114.0484636,50.9847163],[-114.0484882,50.9818294],[-114.048502,50.9816817],[-114.0486978,50.9813724],[-114.0482891,50.9813729],[-114.047947,50.9810341],[-114.047946,50.9800505],[-114.0482782,50.9797693],[-114.0482784,50.9796683],[-114.0493026,50.9796687]]]}},{"type":"Feature","id":"EPK","properties":{"class":"Residential","class_code":"1","comm_code":"EPK","name":"ELBOW PARK","sector":"CENTRE","srg":"ESTABLISHED","comm_structure":"INNER CITY","created_dt":"2016-12-21T16:10:24.000Z","modified_dt":"2026-02-15T00:23:43.000Z","label":"Elbow Park","centroid":[-114.0830057,51.0212796],"bounds":[-114.0947021,51.0125728,-114.0684553,51.0301268]},"geometry":{"type":"Polygon","coordinates":[[[-114.094701,51.0201385],[-114.0940714,51.0201198],[-114.0930141,51.0179211],[-114.0922874,51.0175808],[-114.0924042,51.017139],[-114.0923546,51.0170528],[-114.0921394,51.0169325],[-114.0918638,51.0169098],[-114.0919783,51.0161736],[-114.0924807,51.0158373],[-114.0930223,51.015229],[-114.0931566,51.0148016],[-114.0930621,51.0147287],[-114.0933107,51.0141764],[-114.0936748,51.01357],[-114.0936548,51.0132651],[-114.093528,51.0130116],[-114.0932453,51.0127769],[-114.0928584,51.0125728],[-114.0875776,51.0153017],[-114.087249,51.0154156],[-114.0864964,51.0153178],[-114.0864059,51.0151914],[-114.0851672,51.015595],[-114.0848088,51.0159425],[-114.0843817,51.0159385],[-114.0832779,51.0164257],[-114.0823613,51.0164881],[-114.0814353,51.0162335],[-114.0807138,51.0158819],[-114.0798512,51.0158077],[-114.0797912,51.0160833],[-114.0792315,51.0160359],[-114.0791161,51.0165787],[-114.0785094,51.016527],[-114.0781058,51.0172911],[-114.0780016,51.0176123],[-114.0770037,51.0173818],[-114.0749571,51.017135],[-114.0743518,51.0171448],[-114.0734501,51.0172927],[-114.0724424,51.0175596],[-114.0714085,51.0179154],[-114.0701495,51.0182009],[-114.0695643,51.0182691],[-114.0690419,51.0184324],[-114.068546,51.0187911],[-114.0684553,51.0192409],[-114.0685459,51.0195998],[-114.0687518,51.0198449],[-114.0695881,51.0204087],[-114.0700488,51.0205752],[-114.071763,51.0209414],[-114.0727235,51.0212301],[-114.0727665,51.0213077],[-114.073126,51.0214297],[-114.0738863,51.0218947],[-114.0749893,51.0227435],[-114.076131,51.0232035],[-114.0766077,51.0234704],[-114.0770279,51.0238682],[-114.0774648,51.0247523],[-114.0775423,51.0253703],[-114.0773712,51.0262672],[-114.0769454,51.0270641],[-114.0766932,51.0273093],[-114.0751886,51.0273532],[-114.0746983,51.0275053],[-114.0743851,51.0276919],[-114.0741531,51.0279432],[-114.0740505,51.028161],[-114.0738351,51.0283462],[-114.0733337,51.0285461],[-114.0733372,51.0299625],[-114.0744892,51.0299624],[-114.074577,51.0300747],[-114.0750025,51.0300472],[-114.0752115,51.0301268],[-114.075434,51.0299324],[-114.077391,51.0298728],[-114.0773913,51.02978],[-114.079101,51.0297817],[-114.0791013,51.0297136],[-114.0802426,51.0295457],[-114.0810482,51.0292876],[-114.0812891,51.0291211],[-114.0816138,51.0287773],[-114.0815032,51.0287453],[-114.0818091,51.0283606],[-114.0818088,51.028225],[-114.0823904,51.0282257],[-114.0823906,51.0276076],[-114.0831118,51.0276089],[-114.0831245,51.0273276],[-114.0831792,51.0272404],[-114.0834633,51.0270637],[-114.0843063,51.027227],[-114.0846866,51.0271663],[-114.0857934,51.025707],[-114.0859641,51.0255694],[-114.086296,51.025468],[-114.0867022,51.0254652],[-114.0879186,51.0256253],[-114.0881968,51.0245793],[-114.0901696,51.0241666],[-114.0908473,51.0240787],[-114.0918653,51.0240221],[-114.0947021,51.0240176],[-114.094701,51.0201385]]]}},{"type":"Feature","id":"ERI","properties":{"class":"Residential","class_code":"1","comm_code":"ERI","name":"ERIN WOODS","sector":"EAST","srg":"ESTABLISHED","comm_structure":"1980s/1990s","created_dt":"2016-12-21T16:10:13.000Z","modified_dt":"2023-07-24T11:23:59.000Z","label":"Erin Woods","centroid":[-113.9683698,51.0197407],"bounds":[-113.9816365,51.0148067,-113.9583426,51.0271594]},"geometry":{"type":"Polygon","coordinates":[[[-113.9671781,51.0271594],[-113.9816244,51.0180399],[-113.9816365,51.0151416],[-113.9770856,51.0149677],[-113.9689008,51.01496],[-113.9620288,51.014824],[-113.9583426,51.0148067],[-113.958404,51.0241245],[-113.9598065,51.0241347],[-113.9605265,51.0242629],[-113.9636603,51.0255965],[-113.9636607,51.0271574],[-113.9671781,51.0271594]]]}},{"type":"Feature","id":"ERL","properties":{"class":"Residential","class_code":"1","comm_code":"ERL","name":"ERLTON","sector":"CENTRE","srg":"ESTABLISHED","comm_structure":"INNER CITY","created_dt":"2016-12-21T16:10:26.000Z","modified_dt":"2025-12-18T12:30:37.000Z","label":"Erlton","centroid":[-114.0622789,51.0294423],"bounds":[-114.0673205,51.0227411,-114.0590041,51.0358936]},"geometry":{"type":"Polygon","coordinates":[[[-114.0594199,51.0232714],[-114.0590639,51.0247174],[-114.0590041,51.0251835],[-114.0593346,51.0274759],[-114.0596992,51.0287051],[-114.0596743,51.0326386],[-114.059581,51.0333009],[-114.0592692,51.0340979],[-114.0602781,51.0352029],[-114.0610182,51.0356974],[-114.0612075,51.0357591],[-114.0622179,51.0358863],[-114.0635353,51.0358783],[-114.0643919,51.0357768],[-114.0652145,51.0355813],[-114.0655119,51.0356227],[-114.0655769,51.0355613],[-114.0655586,51.0354965],[-114.0660941,51.0353247],[-114.0664225,51.035124],[-114.0664208,51.0350688],[-114.066655,51.0349604],[-114.0667046,51.0348342],[-114.0672349,51.0344032],[-114.0673205,51.0342186],[-114.0673044,51.0339759],[-114.0666738,51.0335638],[-114.0653428,51.0334787],[-114.0649574,51.0333717],[-114.0645549,51.0330991],[-114.0642005,51.0327014],[-114.0640789,51.0324752],[-114.0637641,51.0317692],[-114.0636418,51.031317],[-114.0634847,51.031096],[-114.0633948,51.0306834],[-114.0632514,51.0304634],[-114.0630188,51.0298015],[-114.0630435,51.0296392],[-114.0632059,51.0293353],[-114.0637461,51.0288855],[-114.0637485,51.027069],[-114.0638788,51.0270691],[-114.0638799,51.0260411],[-114.0641693,51.0260412],[-114.0660842,51.0246573],[-114.0660865,51.0237461],[-114.0658588,51.0237461],[-114.0658589,51.0236899],[-114.0656523,51.0236488],[-114.0656527,51.0232709],[-114.0662647,51.0232707],[-114.0659836,51.023024],[-114.0656932,51.0228952],[-114.064719,51.0227411],[-114.064399,51.0231809],[-114.0642222,51.0232748],[-114.0612729,51.0232798],[-114.0607249,51.0233611],[-114.0602903,51.0233608],[-114.0602903,51.0232703],[-114.0594199,51.0232714]]]}},{"type":"Feature","id":"ESH","properties":{"class":"Industrial","class_code":"2","comm_code":"ESH","name":"EAST SHEPARD INDUSTRIAL","sector":"SOUTHEAST","srg":"N/A","comm_structure":"EMPLOYMENT","created_dt":"2016-12-21T16:12:15.000Z","modified_dt":"2025-12-18T23:19:57.000Z","label":"East Shepard Industrial","centroid":[-113.9479702,50.9492035],"bounds":[-113.9819888,50.9287402,-113.9192991,50.973893]},"geometry":{"type":"Polygon","coordinates":[[[-113.9819888,50.9447479],[-113.9801573,50.9437244],[-113.979175,50.9430225],[-113.9784422,50.9424107],[-113.9772893,50.9411797],[-113.9764474,50.9399267],[-113.9760011,50.9389772],[-113.9758039,50.9383983],[-113.975596,50.9373999],[-113.9755311,50.9365597],[-113.975499,50.9319297],[-113.9651458,50.9320072],[-113.9628983,50.9319238],[-113.9605397,50.9316895],[-113.9581457,50.9313726],[-113.9566093,50.9310193],[-113.9557409,50.9306934],[-113.9537044,50.9295584],[-113.9528888,50.9292244],[-113.9514503,50.9288675],[-113.9502083,50.9287495],[-113.9192991,50.9287797],[-113.9196813,50.9302898],[-113.9198753,50.9313608],[-113.9200099,50.9322918],[-113.9201172,50.9339305],[-113.9208898,50.9645517],[-113.9209018,50.9656654],[-113.9208196,50.9678055],[-113.9203336,50.9732145],[-113.9246944,50.9738832],[-113.9255083,50.9738409],[-113.9258851,50.9737602],[-113.9297905,50.9721785],[-113.9305519,50.9719269],[-113.9311924,50.9718654],[-113.9333246,50.9718666],[-113.9339501,50.9718194],[-113.941238,50.9701393],[-113.9475173,50.967131],[-113.9507511,50.9653865],[-113.9511809,50.9650442],[-113.9523803,50.9634844],[-113.9528552,50.9631325],[-113.9565804,50.9622716],[-113.9596377,50.9633191],[-113.9607863,50.9635966],[-113.9620076,50.9638075],[-113.9796196,50.9652255],[-113.9808626,50.9653725],[-113.981807,50.9655711],[-113.9817787,50.9638646],[-113.9814316,50.9605999],[-113.9814083,50.948154],[-113.9814277,50.946828],[-113.981541,50.9458528],[-113.9819888,50.9447479]]]}},{"type":"Feature","id":"EVE","properties":{"class":"Residential","class_code":"1","comm_code":"EVE","name":"EVERGREEN","sector":"SOUTH","srg":"ESTABLISHED","comm_structure":"2000s","created_dt":"2024-04-02T10:50:34.000Z","modified_dt":"2025-01-22T08:19:01.000Z","label":"Evergreen","centroid":[-114.1142415,50.9169569],"bounds":[-114.140707,50.9052206,-114.0948172,50.9322017]},"geometry":{"type":"Polygon","coordinates":[[[-114.1109956,50.9213494],[-114.1139317,50.9213516],[-114.1139354,50.9225304],[-114.1178338,50.9241509],[-114.1187708,50.9242797],[-114.1189814,50.9247674],[-114.1206841,50.9249012],[-114.1227034,50.9249333],[-114.1235024,50.9250628],[-114.1236197,50.9253688],[-114.1244502,50.9254402],[-114.1255643,50.9247291],[-114.1264935,50.9246102],[-114.1294764,50.9251923],[-114.1312982,50.9247696],[-114.1341314,50.924313],[-114.138297,50.9262785],[-114.1403428,50.9271984],[-114.140707,50.9273003],[-114.139926,50.9257678],[-114.1393919,50.9250508],[-114.138773,50.9243763],[-114.1381366,50.9238233],[-114.136578,50.9228112],[-114.1344652,50.9215765],[-114.1331687,50.9206725],[-114.1324119,50.9199844],[-114.131862,50.9193561],[-114.1312571,50.9184981],[-114.1309754,50.9179623],[-114.1306156,50.9169172],[-114.1302694,50.9152265],[-114.1300211,50.9135247],[-114.1297868,50.9109922],[-114.1297139,50.9095479],[-114.1297152,50.9067102],[-114.1058941,50.9067673],[-114.105053,50.9066846],[-114.103951,50.9064547],[-114.1033568,50.9062656],[-114.1021295,50.9057523],[-114.1011049,50.9054525],[-114.1001381,50.9052871],[-114.0989754,50.9052206],[-114.0990279,50.9079045],[-114.0991656,50.9083566],[-114.0998457,50.9094435],[-114.1000532,50.9100179],[-114.1000348,50.918644],[-114.09987,50.9191539],[-114.099524,50.9197008],[-114.0989258,50.9202616],[-114.0983018,50.9206517],[-114.0977086,50.920919],[-114.0968086,50.9211848],[-114.0958014,50.9213386],[-114.0948314,50.9213572],[-114.0948172,50.9310384],[-114.0949596,50.9310429],[-114.0956116,50.9314531],[-114.0973695,50.9321364],[-114.0998927,50.9322017],[-114.0999367,50.9311068],[-114.1000949,50.9306295],[-114.1001202,50.9303775],[-114.1004473,50.9299343],[-114.1012212,50.9293148],[-114.1017195,50.9292484],[-114.10265,50.9281713],[-114.1034746,50.927519],[-114.1038623,50.9243904],[-114.1044775,50.9237574],[-114.1055417,50.9235718],[-114.1060134,50.92314],[-114.1060132,50.9224215],[-114.1096098,50.9224207],[-114.109609,50.9214347],[-114.1109955,50.9214334],[-114.1109956,50.9213494]]]}},{"type":"Feature","id":"EVN","properties":{"class":"Residential","class_code":"1","comm_code":"EVN","name":"EVANSTON","sector":"NORTH","srg":"COMPLETE","comm_structure":"2010s","created_dt":"2016-12-21T16:10:03.000Z","modified_dt":"2026-08-27T21:55:03.000Z","label":"Evanston","centroid":[-114.1127412,51.17251],"bounds":[-114.1319714,51.1567744,-114.0924404,51.1833238]},"geometry":{"type":"Polygon","coordinates":[[[-114.0929059,51.1754153],[-114.0930111,51.1762675],[-114.0937404,51.1772277],[-114.0940507,51.1777825],[-114.0944644,51.1794078],[-114.0945942,51.1807334],[-114.0946009,51.1833238],[-114.1161123,51.1832381],[-114.1179198,51.1831596],[-114.1290132,51.183193],[-114.1283604,51.1827669],[-114.1283345,51.1826111],[-114.1279303,51.1822467],[-114.1274115,51.1812666],[-114.1271391,51.180952],[-114.126923,51.1804766],[-114.1267642,51.1799391],[-114.126413,51.1797969],[-114.1258624,51.1799345],[-114.1252413,51.1799836],[-114.1249463,51.1798901],[-114.1248257,51.1796479],[-114.1248268,51.1793727],[-114.124896,51.1792442],[-114.125227,51.1792047],[-114.1256012,51.1790705],[-114.1258873,51.1787322],[-114.1258915,51.1774766],[-114.1257915,51.1773353],[-114.125456,51.1762571],[-114.1251236,51.1762237],[-114.1246008,51.1758605],[-114.1241518,51.1753458],[-114.124409,51.1750297],[-114.1247065,51.1750636],[-114.124928,51.1748289],[-114.1248079,51.1746091],[-114.1243817,51.1745833],[-114.1241657,51.1742906],[-114.1241754,51.1740409],[-114.123786,51.1740066],[-114.1238054,51.1738823],[-114.123914,51.1738002],[-114.1242644,51.1737319],[-114.1242472,51.1736023],[-114.1238033,51.1734203],[-114.1236795,51.1731329],[-114.1240161,51.1731317],[-114.1240176,51.1699863],[-114.1217261,51.1681058],[-114.1319714,51.1680393],[-114.1314461,51.1671989],[-114.1308448,51.1664348],[-114.1297701,51.1651463],[-114.1287871,51.1641544],[-114.1265153,51.1620892],[-114.1246388,51.1606548],[-114.122288,51.159101],[-114.1210019,51.1583817],[-114.1197019,51.1578882],[-114.1161055,51.1567744],[-114.1143994,51.1577657],[-114.112809,51.1587743],[-114.1115521,51.1596936],[-114.1105807,51.160509],[-114.1098247,51.1612284],[-114.1086135,51.1624747],[-114.1079455,51.1632772],[-114.1052237,51.1671442],[-114.1046074,51.1678819],[-114.1030967,51.1693185],[-114.1021491,51.1700445],[-114.1011052,51.1707329],[-114.1000971,51.1713154],[-114.0988968,51.1719207],[-114.0964115,51.1729351],[-114.0951746,51.1733289],[-114.0924404,51.1740057],[-114.0929059,51.1754153]]]}},{"type":"Feature","id":"EYA","properties":{"class":"Residential","class_code":"1","comm_code":"EYA","name":"ELBOYA","sector":"CENTRE","srg":"ESTABLISHED","comm_structure":"1950s","created_dt":"2016-12-21T16:10:14.000Z","modified_dt":"2023-01-18T00:48:45.000Z","label":"Elboya","centroid":[-114.0743925,51.0123333],"bounds":[-114.0813924,51.0087168,-114.0658452,51.0178795]},"geometry":{"type":"Polygon","coordinates":[[[-114.0678096,51.0087168],[-114.0658452,51.0128837],[-114.0704477,51.0128866],[-114.071191,51.0129796],[-114.0716722,51.0131247],[-114.0716724,51.0135984],[-114.0715355,51.0135985],[-114.0715311,51.0178795],[-114.0729619,51.0174161],[-114.0744286,51.0171394],[-114.0757021,51.017209],[-114.0770037,51.0173818],[-114.0780016,51.0176123],[-114.0781058,51.0172911],[-114.0785566,51.0164068],[-114.0787885,51.0154274],[-114.0797292,51.0128489],[-114.079913,51.0126135],[-114.0811554,51.0115305],[-114.081352,51.0112234],[-114.0813924,51.0110179],[-114.0813863,51.0087228],[-114.0678096,51.0087168]]]}},{"type":"Feature","id":"FAI","properties":{"class":"Residential","class_code":"1","comm_code":"FAI","name":"FAIRVIEW","sector":"SOUTH","srg":"ESTABLISHED","comm_structure":"1950s","created_dt":"2016-12-21T16:10:32.000Z","modified_dt":"2023-03-06T19:21:47.000Z","label":"Fairview","centroid":[-114.0603313,50.984366],"bounds":[-114.0715762,50.9795706,-114.0500373,50.9912071]},"geometry":{"type":"Polygon","coordinates":[[[-114.0715762,50.9795746],[-114.0554194,50.9795706],[-114.0541642,50.9797198],[-114.0500373,50.9807949],[-114.0528509,50.9850736],[-114.0532931,50.9859298],[-114.0535044,50.9866301],[-114.0535921,50.9873072],[-114.0536161,50.9906869],[-114.0569297,50.9912071],[-114.0599366,50.9912068],[-114.0633446,50.9894001],[-114.0638066,50.9893994],[-114.0637676,50.9885518],[-114.0636133,50.988303],[-114.064878,50.9879406],[-114.0671326,50.9861218],[-114.0679264,50.9851228],[-114.0690546,50.9830814],[-114.0697833,50.9820227],[-114.071571,50.9835697],[-114.0715762,50.9795746]]]}},{"type":"Feature","id":"FAL","properties":{"class":"Residential","class_code":"1","comm_code":"FAL","name":"FALCONRIDGE","sector":"NORTHEAST","srg":"ESTABLISHED","comm_structure":"1980s/1990s","created_dt":"2016-12-21T16:10:04.000Z","modified_dt":"2024-12-12T11:16:46.000Z","label":"Falconridge","centroid":[-113.9450536,51.1024199],"bounds":[-113.958407,51.0960615,-113.9350332,51.1106516]},"geometry":{"type":"Polygon","coordinates":[[[-113.958407,51.099291],[-113.9583632,51.0960615],[-113.9351432,51.096088],[-113.9350332,51.1105508],[-113.9351314,51.1106465],[-113.9469424,51.11063],[-113.9471063,51.1097667],[-113.9473496,51.1089567],[-113.9475615,51.108416],[-113.9480307,51.1077926],[-113.9487191,51.1072746],[-113.9553971,51.1034937],[-113.9562563,51.1029662],[-113.9568313,51.1025153],[-113.9576767,51.1015901],[-113.9579287,51.1011783],[-113.9582709,51.1003488],[-113.9583701,51.0998917],[-113.958407,51.099291]]]}},{"type":"Feature","id":"FHI","properties":{"class":"Industrial","class_code":"2","comm_code":"FHI","name":"FOOTHILLS","sector":"EAST","srg":"N/A","comm_structure":"EMPLOYMENT","created_dt":"2016-12-21T16:12:18.000Z","modified_dt":"2024-12-12T13:16:23.000Z","label":"Foothills","centroid":[-113.9758534,50.9950515],"bounds":[-114.0056207,50.9790947,-113.9584842,51.0109907]},"geometry":{"type":"Polygon","coordinates":[[[-113.9829113,50.9791453],[-113.9802782,50.9792547],[-113.978643,50.9794431],[-113.9771249,50.9795377],[-113.9585205,50.9795493],[-113.9584842,51.0087991],[-113.9926233,51.0087551],[-113.9930174,51.0089816],[-113.9932621,51.0092071],[-113.9934846,51.0095628],[-113.9935491,51.0098481],[-113.9935115,51.0101625],[-113.9933568,51.0104875],[-113.9931705,51.0106991],[-113.9927854,51.0109907],[-114.0041513,51.0037543],[-114.0048147,51.0033936],[-114.0056207,51.0030984],[-114.0055382,51.0029726],[-113.9997718,51.0026567],[-113.9988842,51.0024988],[-113.9978786,51.002161],[-113.9926532,50.9994081],[-113.9915578,50.9984077],[-113.9903627,50.9966036],[-113.9885035,50.995831],[-113.9878326,50.995491],[-113.9870395,50.9949632],[-113.9864599,50.9944438],[-113.985851,50.9936522],[-113.9854793,50.9927736],[-113.9853895,50.9922492],[-113.9853934,50.9917217],[-113.9856078,50.9908539],[-113.987486,50.986792],[-113.9887624,50.9846249],[-113.9885793,50.984582],[-113.9887531,50.984326],[-113.9892081,50.9838494],[-113.9896357,50.9835307],[-113.992652,50.9817694],[-113.9930783,50.9812303],[-113.9927918,50.9790947],[-113.9829113,50.9791453]]]}},{"type":"Feature","id":"FHT","properties":{"class":"Residential","class_code":"1","comm_code":"FHT","name":"FOREST HEIGHTS","sector":"EAST","srg":"ESTABLISHED","comm_structure":"1960s/1970s","created_dt":"2016-12-21T16:10:27.000Z","modified_dt":"2023-07-24T11:32:04.000Z","label":"Forest Heights","centroid":[-113.9687723,51.0490663],"bounds":[-113.9817108,51.0451646,-113.9552291,51.0533352]},"geometry":{"type":"Polygon","coordinates":[[[-113.9587833,51.052871],[-113.9721672,51.0528416],[-113.975537,51.0527406],[-113.9778841,51.0525507],[-113.9817108,51.052123],[-113.9816288,51.0451646],[-113.9582249,51.0451829],[-113.9558414,51.0493372],[-113.9555268,51.0499572],[-113.9553169,51.0505773],[-113.9552641,51.0508966],[-113.9552322,51.0516065],[-113.9552945,51.0520947],[-113.9554614,51.0526754],[-113.9557539,51.0533352],[-113.9587833,51.052871]]]}},{"type":"Feature","id":"FLI","properties":{"class":"Industrial","class_code":"2","comm_code":"FLI","name":"FOREST LAWN INDUSTRIAL","sector":"EAST","srg":"N/A","comm_structure":"EMPLOYMENT","created_dt":"2016-12-21T16:12:11.000Z","modified_dt":"2023-07-24T11:25:29.000Z","label":"Forest Lawn Industrial","centroid":[-113.9569109,51.0311391],"bounds":[-113.9671781,51.0161641,-113.94679,51.0378269]},"geometry":{"type":"Polygon","coordinates":[[[-113.9671781,51.0271594],[-113.9636607,51.0271574],[-113.9636603,51.0255965],[-113.9605265,51.0242629],[-113.9598065,51.0241347],[-113.958404,51.0241245],[-113.9583722,51.01688],[-113.9563926,51.0161641],[-113.955963,51.016165],[-113.9559557,51.0305372],[-113.9467904,51.0305435],[-113.94679,51.033216],[-113.9469394,51.0332959],[-113.946959,51.0378219],[-113.9643473,51.0378269],[-113.9643302,51.0304965],[-113.9641467,51.0303549],[-113.9640707,51.0304025],[-113.9630669,51.0297534],[-113.9671781,51.0271594]]]}},{"type":"Feature","id":"FLN","properties":{"class":"Residential","class_code":"1","comm_code":"FLN","name":"FOREST LAWN","sector":"EAST","srg":"ESTABLISHED","comm_structure":"1950s","created_dt":"2016-12-21T16:10:05.000Z","modified_dt":"2023-03-08T10:30:56.000Z","label":"Forest Lawn","centroid":[-113.9712796,51.0383967],"bounds":[-113.9816302,51.0305267,-113.9582249,51.0451829]},"geometry":{"type":"Polygon","coordinates":[[[-113.958225,51.0451829],[-113.9816288,51.0451646],[-113.9816302,51.0305267],[-113.96577,51.0305554],[-113.96577,51.0306218],[-113.9643311,51.0306213],[-113.9643473,51.0378269],[-113.9584028,51.0378255],[-113.9584207,51.0444296],[-113.9583365,51.0449178],[-113.958225,51.0451829]]]}},{"type":"Feature","id":"FPK","properties":{"class":"Major Park","class_code":"3","comm_code":"FPK","name":"FISH CREEK PARK","comm_structure":"PARKS","created_dt":"2024-04-02T10:51:43.000Z","modified_dt":"2024-12-12T20:50:37.000Z","label":"Fish Creek Park","centroid":[-114.0438009,50.9171563],"bounds":[-114.1412859,50.8776112,-113.9885289,50.9416115]},"geometry":{"type":"Polygon","coordinates":[[[-114.001827,50.8864028],[-114.0018307,50.8776112],[-113.9943715,50.8776155],[-113.9943335,50.8777411],[-113.994427,50.8780309],[-113.9944956,50.8785676],[-113.9944284,50.8790231],[-113.9944911,50.879352],[-113.9943225,50.8801436],[-113.9942523,50.8811541],[-113.994445,50.882514],[-113.9942655,50.8827205],[-113.9941957,50.8829433],[-113.9944432,50.8837589],[-113.9949204,50.8848414],[-113.9917813,50.8848467],[-113.9924288,50.8851064],[-113.9927078,50.885311],[-113.9928051,50.8856021],[-113.9934199,50.8859844],[-113.993574,50.8862484],[-113.9937497,50.8863961],[-113.9939801,50.8870694],[-113.9931175,50.8878695],[-113.9932153,50.8881899],[-113.99251,50.8877872],[-113.9920891,50.8877036],[-113.9921319,50.887621],[-113.9918934,50.8876146],[-113.9916961,50.8877226],[-113.9913926,50.888047],[-113.9911735,50.8881129],[-113.9912256,50.8883253],[-113.9913846,50.8885882],[-113.9912742,50.8888904],[-113.9916222,50.8889358],[-113.9917208,50.8887925],[-113.9917554,50.888373],[-113.9922627,50.8884413],[-113.9922165,50.8889674],[-113.9924991,50.8890502],[-113.9928875,50.8892605],[-113.993028,50.8895443],[-113.9936365,50.8896941],[-113.9937172,50.889663],[-113.9939509,50.8891552],[-113.9947016,50.8888328],[-113.9949143,50.8882937],[-113.9949161,50.8886108],[-113.9953474,50.8885191],[-113.996012,50.889088],[-113.9963616,50.8896707],[-113.9963515,50.8900559],[-113.9964027,50.890157],[-113.9963206,50.8903491],[-113.9967941,50.8908149],[-113.9971356,50.891421],[-113.9971644,50.8916306],[-113.997217,50.8916791],[-113.9970299,50.8919294],[-113.9971099,50.8922074],[-113.9975696,50.8923373],[-113.9977388,50.8925018],[-113.9978553,50.8930424],[-113.9980718,50.8935482],[-113.9979602,50.8940095],[-113.9979734,50.8942995],[-113.997862,50.8943899],[-113.9978141,50.8945993],[-113.9976437,50.8946222],[-113.9974215,50.894899],[-113.9976432,50.8948942],[-113.997821,50.8951469],[-113.997662,50.8952475],[-113.9972416,50.896777],[-113.9975367,50.8976791],[-113.997413,50.8977956],[-113.9973243,50.8981126],[-113.9975869,50.8983852],[-113.9976505,50.8986555],[-113.9975152,50.8989237],[-113.9971241,50.8991891],[-113.9969795,50.8994571],[-113.9971168,50.8994586],[-113.9974637,50.8997848],[-113.9984414,50.9001339],[-113.9987017,50.9003778],[-113.9987749,50.900906],[-113.9989389,50.901165],[-113.9989669,50.9017658],[-113.9987175,50.9020024],[-113.9986119,50.9025547],[-113.9983407,50.9027461],[-113.9986526,50.9030543],[-113.9995298,50.9033948],[-113.9997718,50.9033895],[-113.9996869,50.9036611],[-113.9997598,50.9041991],[-113.9998744,50.9044663],[-113.9997901,50.904738],[-114.0000132,50.9050069],[-114.0000116,50.9053008],[-114.000232,50.9055344],[-114.0007078,50.9063226],[-114.0008257,50.9065817],[-114.0007488,50.9067053],[-114.0009684,50.9071888],[-114.001074,50.9072345],[-113.9999424,50.9083803],[-113.9989028,50.9092011],[-113.9982727,50.9092354],[-113.9982975,50.9094536],[-113.9981835,50.9096354],[-113.9975373,50.9100063],[-113.9972317,50.9099606],[-113.9971727,50.9099941],[-113.9973551,50.9102667],[-113.9969478,50.9104699],[-113.9969755,50.9107572],[-113.9966095,50.9112503],[-113.9965743,50.9114194],[-113.9960795,50.9117582],[-113.9959955,50.9118942],[-113.9958169,50.911943],[-113.9957624,50.91212],[-113.9954529,50.9125019],[-113.9944918,50.9128917],[-113.9942554,50.9130489],[-113.9938955,50.9130833],[-113.9939146,50.9132288],[-113.9930101,50.9138187],[-113.9928886,50.9140454],[-113.9933341,50.9140451],[-113.9947956,50.9146866],[-113.9939825,50.915356],[-113.9933982,50.9160719],[-113.9932477,50.9166817],[-113.9930084,50.9171023],[-113.9926695,50.9175432],[-113.9925197,50.917934],[-113.9924191,50.9179228],[-113.9923731,50.9177617],[-113.9924512,50.9174575],[-113.9923339,50.9174272],[-113.9921749,50.9175431],[-113.9913948,50.9185059],[-113.9910989,50.9187892],[-113.9910335,50.9189643],[-113.9903846,50.9192383],[-113.9900466,50.9196053],[-113.9895199,50.9204087],[-113.9889797,50.9215595],[-113.9888604,50.9222857],[-113.9887127,50.9224668],[-113.9886852,50.9227759],[-113.9885744,50.922968],[-113.9885313,50.923221],[-113.9885507,50.9235204],[-113.9887284,50.9237985],[-113.9890482,50.9241246],[-113.9901189,50.9249923],[-113.9905386,50.9251264],[-113.9906157,50.92547],[-113.9911057,50.9257821],[-113.9908572,50.9257777],[-113.9908665,50.9258339],[-113.9921597,50.9270362],[-113.9925599,50.9274719],[-113.9928013,50.9278485],[-113.9928388,50.9282821],[-113.9925776,50.9289277],[-113.9927575,50.9289147],[-113.9922878,50.9293491],[-113.9918959,50.9298996],[-113.9917522,50.9302704],[-113.9917422,50.9306075],[-113.991641,50.9309984],[-113.9918121,50.931893],[-113.9918414,50.9324595],[-113.9920746,50.9329622],[-113.9922752,50.9331643],[-113.9930231,50.9335474],[-113.9942986,50.9339297],[-113.9951821,50.9340672],[-113.996057,50.9346112],[-113.9975003,50.9353298],[-113.9981882,50.935812],[-113.9986017,50.9361824],[-114.0002279,50.9369546],[-114.0011663,50.93733],[-114.001903,50.9375149],[-114.0033159,50.9377117],[-114.0057816,50.9379525],[-114.0071812,50.9383544],[-114.0083783,50.9386018],[-114.0086096,50.9387069],[-114.0086853,50.9388032],[-114.0097053,50.9392049],[-114.0105516,50.9397217],[-114.0113408,50.940256],[-114.0113907,50.9403829],[-114.011662,50.9406382],[-114.0120184,50.940871],[-114.012375,50.9409981],[-114.0126791,50.9412991],[-114.0131226,50.9416115],[-114.0131185,50.9383086],[-114.0129233,50.9383086],[-114.0127658,50.9384669],[-114.0120284,50.9384672],[-114.0120282,50.9381339],[-114.0118395,50.9381195],[-114.011495,50.938434],[-114.0112964,50.9381908],[-114.0102805,50.9362273],[-114.0090126,50.9346211],[-114.0076886,50.9334776],[-114.0087204,50.9292636],[-114.0078852,50.9266457],[-114.0028391,50.9229769],[-113.9963396,50.9210922],[-113.9963718,50.9189007],[-113.9986464,50.9172256],[-114.0042591,50.9153818],[-114.0132812,50.9156839],[-114.0153559,50.914994],[-114.0150023,50.9145064],[-114.0118581,50.9144004],[-114.0119376,50.9134435],[-114.0058499,50.9132394],[-114.0058959,50.9126922],[-114.0073274,50.91132],[-114.0107764,50.9093585],[-114.0115991,50.9084689],[-114.0120171,50.9074766],[-114.0145211,50.9079858],[-114.0156365,50.9139744],[-114.0158364,50.9139746],[-114.016257,50.9150492],[-114.0168396,50.9160841],[-114.0173063,50.9167255],[-114.0184638,50.9180378],[-114.0190349,50.9178104],[-114.0183089,50.9170017],[-114.0172065,50.9154786],[-114.0170804,50.9151365],[-114.0170916,50.9148955],[-114.0176978,50.9120815],[-114.0178124,50.9105355],[-114.0185843,50.910893],[-114.019852,50.9110732],[-114.0205686,50.9113345],[-114.0214742,50.9111726],[-114.022291,50.9111955],[-114.0224919,50.9123682],[-114.0231483,50.9128391],[-114.0245205,50.9134363],[-114.0272532,50.9135275],[-114.0281221,50.9135054],[-114.0293423,50.9130511],[-114.0302077,50.9129273],[-114.0307909,50.9129601],[-114.0315717,50.9133022],[-114.0316833,50.9141128],[-114.0311578,50.9149366],[-114.0310724,50.9159379],[-114.0313792,50.9164692],[-114.0316261,50.9172534],[-114.0315086,50.9178387],[-114.0322462,50.9182696],[-114.0329384,50.9189407],[-114.0336672,50.9195442],[-114.0343402,50.9204635],[-114.0352738,50.9215217],[-114.0360837,50.9222806],[-114.0372534,50.922603],[-114.0375328,50.9233344],[-114.0377271,50.9235201],[-114.0381415,50.9236459],[-114.0394702,50.9242397],[-114.0401395,50.9246341],[-114.0408251,50.9247148],[-114.0427147,50.9251891],[-114.0435153,50.9260065],[-114.0436283,50.9264821],[-114.0442353,50.9269395],[-114.0447716,50.9271245],[-114.0450547,50.927457],[-114.0453437,50.9276575],[-114.0456867,50.9282481],[-114.0461742,50.9287354],[-114.0469752,50.9291814],[-114.0486679,50.9294375],[-114.0496862,50.9292157],[-114.0513339,50.929373],[-114.052213,50.9295882],[-114.0539948,50.9303997],[-114.0547356,50.9304644],[-114.0576446,50.929895],[-114.0595215,50.9300444],[-114.0602647,50.9300384],[-114.061255,50.9292995],[-114.0619208,50.9293116],[-114.0630838,50.9297056],[-114.0627986,50.9300426],[-114.0644103,50.929993],[-114.0658082,50.930096],[-114.0652891,50.930257],[-114.06636,50.9304798],[-114.0670521,50.9307059],[-114.0706106,50.9323341],[-114.0708513,50.9318668],[-114.0718212,50.9326473],[-114.0718221,50.93192],[-114.0726861,50.9322883],[-114.073209,50.932289],[-114.0732075,50.9331504],[-114.0775577,50.9337827],[-114.0783546,50.9339778],[-114.0789048,50.934186],[-114.0790882,50.9340215],[-114.0799699,50.9342103],[-114.0811653,50.93403],[-114.0826231,50.9340823],[-114.083238,50.9346405],[-114.0834782,50.9350802],[-114.0834769,50.9355622],[-114.0836663,50.9351055],[-114.085267,50.9353866],[-114.0860878,50.9352206],[-114.0863664,50.9352584],[-114.0862921,50.9356333],[-114.0865722,50.9365919],[-114.0869393,50.9367767],[-114.0870665,50.9370847],[-114.0878782,50.9375786],[-114.0882558,50.9376818],[-114.0883537,50.9377729],[-114.0889807,50.9379089],[-114.0890003,50.9378333],[-114.0907136,50.937686],[-114.0915556,50.9372925],[-114.0918919,50.9369407],[-114.0911533,50.9366046],[-114.0917492,50.9352503],[-114.0930857,50.9347106],[-114.0945169,50.9347125],[-114.0945128,50.936698],[-114.0935011,50.9373287],[-114.0931588,50.9376335],[-114.0945133,50.9376709],[-114.0945132,50.9374018],[-114.0998189,50.9374043],[-114.0998193,50.9387637],[-114.1006589,50.9384575],[-114.1006195,50.9382094],[-114.1007136,50.938124],[-114.1009023,50.9377193],[-114.1010531,50.9375956],[-114.1010769,50.9375006],[-114.1010228,50.9374049],[-114.1010696,50.9370226],[-114.1013357,50.9367244],[-114.101043,50.9363575],[-114.1010019,50.9359402],[-114.1014354,50.9359398],[-114.1021427,50.9361005],[-114.1029233,50.9361648],[-114.1036892,50.9361219],[-114.1048926,50.9359362],[-114.1048863,50.9358919],[-114.1054119,50.9357679],[-114.1062343,50.935406],[-114.106155,50.9352683],[-114.1068333,50.9349685],[-114.1070455,50.9345844],[-114.1073944,50.93463],[-114.1075686,50.9348392],[-114.1074787,50.9351601],[-114.1077611,50.9355368],[-114.1078111,50.9359329],[-114.1079369,50.9359327],[-114.1079631,50.9360697],[-114.1076632,50.9363122],[-114.1072974,50.9364815],[-114.1070677,50.9364818],[-114.107068,50.9366187],[-114.1075015,50.9366183],[-114.107567,50.9373138],[-114.1077862,50.9377598],[-114.1078562,50.9377391],[-114.108444,50.936713],[-114.1092122,50.9361108],[-114.1091839,50.9355334],[-114.1090379,50.9354652],[-114.1090179,50.9350566],[-114.1091047,50.9348246],[-114.1090773,50.9345622],[-114.1089348,50.9342455],[-114.1086658,50.9340975],[-114.1081213,50.9332471],[-114.1093552,50.9331262],[-114.1101839,50.9331147],[-114.1114129,50.9329054],[-114.1121022,50.9329209],[-114.113546,50.9326322],[-114.1140264,50.9322332],[-114.114584,50.9322844],[-114.1150447,50.932232],[-114.1152047,50.9316921],[-114.1156482,50.9319455],[-114.1159059,50.9323467],[-114.1160912,50.9324985],[-114.1165829,50.9327445],[-114.1170592,50.9331348],[-114.1176357,50.933289],[-114.1176358,50.9333545],[-114.1178457,50.9333542],[-114.1178459,50.9330801],[-114.1181317,50.9332212],[-114.118132,50.9327001],[-114.1185645,50.9327526],[-114.1187348,50.9335806],[-114.1192178,50.9337764],[-114.1191672,50.9339935],[-114.118885,50.9342739],[-114.1188849,50.9343523],[-114.1193783,50.9343536],[-114.119796,50.9342036],[-114.1196966,50.9341365],[-114.119931,50.9338027],[-114.1199437,50.9335775],[-114.1197776,50.9333332],[-114.1195205,50.9332083],[-114.119601,50.9328645],[-114.1202631,50.9328285],[-114.1205233,50.9325993],[-114.1195332,50.9322651],[-114.1194984,50.932018],[-114.1188961,50.9317708],[-114.1181327,50.9316484],[-114.1181348,50.9286907],[-114.1184959,50.9287966],[-114.1195284,50.9288212],[-114.119616,50.9291034],[-114.1195369,50.9296313],[-114.1196192,50.9307805],[-114.1196964,50.9310546],[-114.1204411,50.9319601],[-114.1213495,50.9323911],[-114.1216613,50.9326447],[-114.1218205,50.9325954],[-114.1223075,50.9327059],[-114.1233974,50.9327961],[-114.1242537,50.9330486],[-114.1245354,50.9334308],[-114.1254585,50.9336618],[-114.1255906,50.9338851],[-114.1256584,50.9338604],[-114.1256586,50.9335037],[-114.1268273,50.9332525],[-114.1268896,50.9333001],[-114.1271646,50.9330453],[-114.1275294,50.9328652],[-114.1279247,50.9323339],[-114.1282462,50.9321841],[-114.1282585,50.9318702],[-114.1283517,50.9317494],[-114.1294359,50.9322024],[-114.1308226,50.9325413],[-114.132109,50.9329643],[-114.1330587,50.9333855],[-114.1346142,50.9343541],[-114.1346758,50.9343155],[-114.1347943,50.9343911],[-114.1357224,50.9351994],[-114.1357226,50.9353965],[-114.1370287,50.9352781],[-114.1363406,50.9343247],[-114.1362458,50.9339985],[-114.136364,50.9339666],[-114.1355931,50.9334112],[-114.1355013,50.9329494],[-114.1366501,50.9328254],[-114.1371404,50.9331915],[-114.1384602,50.933319],[-114.1412859,50.9347614],[-114.1412832,50.9274614],[-114.1403428,50.9271984],[-114.1341314,50.924313],[-114.1312982,50.9247696],[-114.1294764,50.9251923],[-114.1264935,50.9246102],[-114.1255643,50.9247291],[-114.1244502,50.9254402],[-114.1236197,50.9253688],[-114.1235024,50.9250628],[-114.1227034,50.9249333],[-114.1206841,50.9249012],[-114.1189814,50.9247674],[-114.1187708,50.9242797],[-114.1178338,50.9241509],[-114.1139354,50.9225304],[-114.1139317,50.9213516],[-114.1109956,50.9213494],[-114.1109955,50.9214334],[-114.109609,50.9214347],[-114.1096098,50.9224207],[-114.1060132,50.9224215],[-114.1060134,50.92314],[-114.1055417,50.9235718],[-114.1044775,50.9237574],[-114.1038623,50.9243904],[-114.1034746,50.927519],[-114.10265,50.9281713],[-114.1017195,50.9292484],[-114.1012212,50.9293148],[-114.1004473,50.9299343],[-114.1001202,50.9303775],[-114.1000949,50.9306295],[-114.0999367,50.9311068],[-114.0998927,50.9322017],[-114.0973695,50.9321364],[-114.0956116,50.9314531],[-114.0949596,50.9310429],[-114.0946736,50.9310339],[-114.093777,50.9307643],[-114.0932501,50.9307239],[-114.0927069,50.9308037],[-114.0926115,50.9307453],[-114.0925045,50.9305321],[-114.0922956,50.9303847],[-114.0920695,50.9304965],[-114.0919913,50.9306873],[-114.091587,50.9306108],[-114.0915119,50.9303508],[-114.0912274,50.9303504],[-114.0911804,50.9302467],[-114.0905436,50.9297459],[-114.0891377,50.9290758],[-114.0891425,50.9290342],[-114.0889698,50.9289485],[-114.0889707,50.9286739],[-114.0846043,50.9286719],[-114.0844357,50.9286062],[-114.0838714,50.9285921],[-114.0832591,50.9281317],[-114.0832594,50.9280568],[-114.0827809,50.9286082],[-114.0812738,50.9283689],[-114.0808186,50.9283738],[-114.0807801,50.92831],[-114.0810453,50.9280469],[-114.0808612,50.9273237],[-114.0795475,50.927134],[-114.079327,50.9269088],[-114.0781755,50.9267635],[-114.0767945,50.9261914],[-114.0735933,50.9260101],[-114.07342,50.9268104],[-114.0728852,50.9279269],[-114.0720203,50.927771],[-114.071834,50.9275125],[-114.0718606,50.9264295],[-114.0706807,50.9261214],[-114.0702409,50.9259153],[-114.0699125,50.9255857],[-114.0698215,50.9253582],[-114.069817,50.9251236],[-114.0666767,50.9248055],[-114.0601135,50.9232357],[-114.0601163,50.921253],[-114.0541139,50.9212517],[-114.0527705,50.9201339],[-114.0501601,50.9197172],[-114.0477252,50.9186821],[-114.0465928,50.9179765],[-114.0459743,50.9169401],[-114.0461454,50.9155634],[-114.0432102,50.9137015],[-114.0420426,50.9137005],[-114.0408501,50.9131674],[-114.0405878,50.9122836],[-114.0391702,50.9112307],[-114.0385848,50.9106593],[-114.0387934,50.9105345],[-114.0373721,50.9089654],[-114.0354653,50.9079114],[-114.0349039,50.9077508],[-114.0339863,50.9078521],[-114.0332969,50.9077213],[-114.0327367,50.9074093],[-114.0318868,50.9067481],[-114.0309946,50.9063796],[-114.030125,50.9062221],[-114.0281623,50.9060787],[-114.0276199,50.9059086],[-114.0271509,50.9056221],[-114.0256587,50.9056629],[-114.0242923,50.9053505],[-114.0243001,50.9036498],[-114.0265795,50.9039439],[-114.0256591,50.903575],[-114.024934,50.9031212],[-114.0244249,50.9025772],[-114.0241528,50.9019892],[-114.0240932,50.9014902],[-114.0241026,50.8995131],[-114.024182,50.8977833],[-114.0245352,50.8958983],[-114.0234197,50.8958972],[-114.0229326,50.8954236],[-114.0208099,50.8943025],[-114.0191008,50.8942134],[-114.0188715,50.8935634],[-114.0185275,50.8929009],[-114.0149816,50.8932176],[-114.0121997,50.8936658],[-114.007728,50.8883058],[-114.001827,50.8864028]]]}},{"type":"Feature","id":"FRA","properties":{"class":"Industrial","class_code":"2","comm_code":"FRA","name":"FRANKLIN","sector":"NORTHEAST","srg":"N/A","comm_structure":"EMPLOYMENT","created_dt":"2016-12-21T16:12:16.000Z","modified_dt":"2025-12-18T00:17:03.000Z","label":"Franklin","centroid":[-113.987687,51.0588573],"bounds":[-113.9933084,51.0490803,-113.9817108,51.0669673]},"geometry":{"type":"Polygon","coordinates":[[[-113.993284,51.0669644],[-113.9932992,51.0508796],[-113.993206,51.0506005],[-113.992979,51.0503535],[-113.9911754,51.0490803],[-113.9883716,51.050555],[-113.9867186,51.0511863],[-113.9846857,51.0517011],[-113.9831777,51.0519526],[-113.9817108,51.052123],[-113.9817145,51.0669673],[-113.993284,51.0669644]]]}},{"type":"Feature","id":"FVI","properties":{"class":"Industrial","class_code":"2","comm_code":"FVI","name":"FAIRVIEW INDUSTRIAL","sector":"SOUTH","srg":"N/A","comm_structure":"EMPLOYMENT","created_dt":"2016-12-21T16:12:15.000Z","modified_dt":"2023-03-06T19:21:42.000Z","label":"Fairview Industrial","centroid":[-114.0597996,50.9894809],"bounds":[-114.071571,50.9796683,-114.047946,50.9943653]},"geometry":{"type":"Polygon","coordinates":[[[-114.0715509,50.9942375],[-114.071571,50.9835697],[-114.0697833,50.9820227],[-114.0690546,50.9830814],[-114.0679264,50.9851228],[-114.0671326,50.9861218],[-114.064878,50.9879406],[-114.0636133,50.988303],[-114.0637676,50.9885518],[-114.0638066,50.9893994],[-114.0633446,50.9894001],[-114.0599366,50.9912068],[-114.0569297,50.9912071],[-114.0536161,50.9906869],[-114.0535583,50.9869718],[-114.0534037,50.9862525],[-114.0530284,50.9853751],[-114.0493026,50.9796687],[-114.0482784,50.9796683],[-114.0482782,50.9797693],[-114.047946,50.9800505],[-114.047947,50.9810341],[-114.0482891,50.9813729],[-114.0486978,50.9813724],[-114.048502,50.9816817],[-114.0484882,50.9818294],[-114.0484636,50.9847163],[-114.0482964,50.9853607],[-114.0481505,50.9856042],[-114.0483348,50.9857657],[-114.0484014,50.9859008],[-114.0483835,50.9909868],[-114.0485297,50.9912429],[-114.0485199,50.9943653],[-114.056654,50.9939321],[-114.0590889,50.9938843],[-114.0625864,50.9939104],[-114.0679106,50.9942263],[-114.0715509,50.9942375]]]}},{"type":"Feature","id":"GAG","properties":{"class":"Residential","class_code":"1","comm_code":"GAG","name":"GARRISON GREEN","sector":"WEST","srg":"ESTABLISHED","comm_structure":"BUILDING OUT","created_dt":"2016-12-21T16:10:08.000Z","modified_dt":"2023-06-01T17:08:33.000Z","label":"Garrison Green","centroid":[-114.1240852,51.0030697],"bounds":[-114.1314584,51.0003098,-114.1179298,51.005814]},"geometry":{"type":"Polygon","coordinates":[[[-114.1270114,51.0050595],[-114.1270134,51.005814],[-114.1294174,51.0058107],[-114.1294363,51.005002],[-114.1296843,51.0044198],[-114.1302413,51.0039094],[-114.1314584,51.0033501],[-114.1305029,51.0025315],[-114.1298971,51.0021543],[-114.1291916,51.0018253],[-114.1279106,51.0014414],[-114.1266302,51.0012835],[-114.1235125,51.0012721],[-114.1220503,51.0011699],[-114.1180286,51.0003098],[-114.118067,51.0013347],[-114.1179298,51.0037589],[-114.1179735,51.0049797],[-114.1194453,51.0046755],[-114.1225173,51.0046607],[-114.122772,51.0045631],[-114.1258085,51.0045624],[-114.1258143,51.0050576],[-114.1270114,51.0050595]]]}},{"type":"Feature","id":"GAW","properties":{"class":"Residential","class_code":"1","comm_code":"GAW","name":"GARRISON WOODS","sector":"CENTRE","srg":"ESTABLISHED","comm_structure":"INNER CITY","created_dt":"2016-12-21T16:10:36.000Z","modified_dt":"2023-04-13T13:47:12.000Z","label":"Garrison Woods","centroid":[-114.1137878,51.016904],"bounds":[-114.1180653,51.0110942,-114.1091922,51.0231827]},"geometry":{"type":"Polygon","coordinates":[[[-114.1151102,51.0111905],[-114.1093382,51.0111834],[-114.1093267,51.0158279],[-114.1091922,51.0163284],[-114.1092359,51.0210586],[-114.1109458,51.0210619],[-114.1109711,51.0221894],[-114.1125057,51.0221866],[-114.1125049,51.0231827],[-114.1179376,51.0231754],[-114.1179291,51.0176207],[-114.1180653,51.0147969],[-114.1180057,51.0110942],[-114.1151098,51.0111005],[-114.1151102,51.0111905]]]}},{"type":"Feature","id":"GBK","properties":{"class":"Residential","class_code":"1","comm_code":"GBK","name":"GLENBROOK","sector":"WEST","srg":"ESTABLISHED","comm_structure":"1950s","created_dt":"2016-12-21T16:10:23.000Z","modified_dt":"2023-01-16T22:05:20.000Z","label":"Glenbrook","centroid":[-114.15383,51.0246934],"bounds":[-114.1652341,51.0178714,-114.1411456,51.0305302]},"geometry":{"type":"Polygon","coordinates":[[[-114.1452657,51.0211082],[-114.1411586,51.0224531],[-114.1411456,51.0285022],[-114.1411963,51.0300572],[-114.141739,51.0301152],[-114.1425583,51.0304253],[-114.1428599,51.0304728],[-114.1454078,51.0304951],[-114.1454048,51.0289427],[-114.1496608,51.0289498],[-114.1496622,51.0305062],[-114.1642586,51.0305302],[-114.16428,51.0227943],[-114.1643398,51.0222666],[-114.1650181,51.0194028],[-114.1652341,51.0180582],[-114.1626168,51.0178883],[-114.1611412,51.0178873],[-114.1554603,51.0184763],[-114.1534603,51.0187531],[-114.1452657,51.0211082]]]}},{"type":"Feature","id":"GBP","properties":{"class":"Industrial","class_code":"2","comm_code":"GBP","name":"GLENDEER BUSINESS PARK","sector":"SOUTH","srg":"N/A","comm_structure":"EMPLOYMENT","created_dt":"2016-12-21T16:12:12.000Z","modified_dt":"2024-12-12T13:02:36.000Z","label":"Glendeer Business Park","centroid":[-114.0315351,50.9892883],"bounds":[-114.0352234,50.9870375,-114.0251777,50.9931622]},"geometry":{"type":"Polygon","coordinates":[[[-114.0352234,50.9871213],[-114.0251777,50.9870585],[-114.0290114,50.9901239],[-114.0302662,50.9909524],[-114.0323329,50.9921346],[-114.0331448,50.9925069],[-114.0349873,50.9931622],[-114.0349843,50.9892036],[-114.0350305,50.9882726],[-114.0352234,50.9871213]]]}},{"type":"Feature","id":"GDL","properties":{"class":"Residential","class_code":"1","comm_code":"GDL","name":"GLENDALE","sector":"WEST","srg":"ESTABLISHED","comm_structure":"1950s","created_dt":"2016-12-21T16:10:12.000Z","modified_dt":"2023-01-16T22:07:59.000Z","label":"Glendale","centroid":[-114.1525221,51.0339864],"bounds":[-114.1645276,51.0289427,-114.1411963,51.0378136]},"geometry":{"type":"Polygon","coordinates":[[[-114.1412245,51.0378136],[-114.1591718,51.0377744],[-114.1645276,51.0378087],[-114.1642628,51.0354688],[-114.1642586,51.0305302],[-114.1496622,51.0305062],[-114.1496608,51.0289498],[-114.1454048,51.0289427],[-114.1454078,51.0304951],[-114.1428599,51.0304728],[-114.1425583,51.0304253],[-114.141739,51.0301152],[-114.1411963,51.0300572],[-114.1412245,51.0378136]]]}},{"type":"Feature","id":"GLA","properties":{"class":"Residential","class_code":"1","comm_code":"GLA","name":"GLAMORGAN","sector":"WEST","srg":"ESTABLISHED","comm_structure":"1950s","created_dt":"2016-12-21T16:10:14.000Z","modified_dt":"2024-01-03T00:26:30.000Z","label":"Glamorgan","centroid":[-114.1523846,51.0140491],"bounds":[-114.1653114,51.007794,-114.141131,51.0224531]},"geometry":{"type":"Polygon","coordinates":[[[-114.1645057,51.0088908],[-114.164938,51.007794],[-114.1609889,51.0080753],[-114.1564757,51.0085334],[-114.154476,51.0086514],[-114.1413953,51.0086501],[-114.141131,51.0108531],[-114.14118,51.0124556],[-114.1411586,51.0224531],[-114.1452657,51.0211082],[-114.1534603,51.0187531],[-114.1554603,51.0184763],[-114.1611412,51.0178873],[-114.1626168,51.0178883],[-114.1652341,51.0180582],[-114.1653114,51.0158296],[-114.1652634,51.013928],[-114.1649899,51.0119355],[-114.1644359,51.0098046],[-114.1644215,51.0093871],[-114.1645057,51.0088908]]]}},{"type":"Feature","id":"GLR","properties":{"class":"Residential","class_code":"1","comm_code":"GLR","name":"GLACIER RIDGE","sector":"NORTH","srg":"DEVELOPING","comm_structure":"2000s","created_dt":"2026-02-02T13:15:28.000Z","modified_dt":"2026-02-04T14:51:44.000Z","label":"Glacier Ridge","centroid":[-114.1658225,51.1894507],"bounds":[-114.1876967,51.1830987,-114.1306176,51.1977521]},"geometry":{"type":"Polygon","coordinates":[[[-114.1876958,51.1832162],[-114.1784875,51.1831642],[-114.1770732,51.183219],[-114.1590899,51.1832133],[-114.1569219,51.1831022],[-114.1411843,51.1831303],[-114.1411941,51.1886257],[-114.1404038,51.1882147],[-114.139537,51.1876377],[-114.1360827,51.1846584],[-114.1355818,51.1840856],[-114.1351134,51.183211],[-114.1310522,51.1831991],[-114.131095,51.1835711],[-114.1309986,51.1837152],[-114.1306936,51.1838951],[-114.1306176,51.1842016],[-114.1307343,51.184383],[-114.1311,51.1845901],[-114.1312739,51.1848407],[-114.1317613,51.1850959],[-114.1320798,51.1854245],[-114.1321948,51.1854574],[-114.1321753,51.1855343],[-114.1322357,51.1855867],[-114.1326818,51.1855998],[-114.1327568,51.185709],[-114.132755,51.1859272],[-114.1329055,51.1860559],[-114.132983,51.1862208],[-114.1335683,51.1867613],[-114.1339382,51.1868774],[-114.1340144,51.1869752],[-114.133979,51.1871327],[-114.1343212,51.1873622],[-114.1345042,51.1873762],[-114.1347595,51.1870933],[-114.1350346,51.1869526],[-114.1352321,51.1868956],[-114.1354734,51.1869364],[-114.1356816,51.1870734],[-114.1360436,51.1875003],[-114.1361982,51.1878086],[-114.1366534,51.1879163],[-114.1368579,51.1880826],[-114.136848,51.1883312],[-114.1367658,51.1884374],[-114.1366475,51.1884382],[-114.1360308,51.1881139],[-114.1359246,51.1879082],[-114.1355543,51.1878065],[-114.135401,51.187928],[-114.1353223,51.1881347],[-114.1351331,51.1881844],[-114.134931,51.1883544],[-114.1348643,51.1884563],[-114.1348954,51.1885357],[-114.1359102,51.1885499],[-114.1363003,51.1887388],[-114.1364621,51.1890014],[-114.1366169,51.1891106],[-114.1369776,51.1890322],[-114.1370737,51.1890696],[-114.1372942,51.1893184],[-114.137501,51.1893969],[-114.1375945,51.1895693],[-114.1377017,51.1896261],[-114.1379142,51.1896405],[-114.1385049,51.18954],[-114.1390243,51.1895722],[-114.1391038,51.1896442],[-114.1390864,51.1898916],[-114.1394021,51.1901354],[-114.1397896,51.1901725],[-114.1400081,51.1898001],[-114.1401896,51.1896793],[-114.140395,51.1896664],[-114.1409971,51.1899028],[-114.142472,51.1900698],[-114.143001,51.1903609],[-114.1429919,51.190479],[-114.1427213,51.1905683],[-114.1429094,51.1908243],[-114.1433101,51.1907086],[-114.1437249,51.1908722],[-114.1439779,51.1910877],[-114.1441394,51.1909055],[-114.1447296,51.1910286],[-114.1450498,51.1909533],[-114.1452802,51.1908307],[-114.1454352,51.1909337],[-114.1457408,51.1909518],[-114.1459194,51.1911048],[-114.1457202,51.1911764],[-114.1459649,51.1912568],[-114.1461855,51.1911787],[-114.1462414,51.1911056],[-114.1462063,51.1909978],[-114.1462592,51.1909008],[-114.1466947,51.1906495],[-114.1480831,51.190338],[-114.1484357,51.1903328],[-114.1485839,51.1904167],[-114.1491105,51.1904827],[-114.1492791,51.19062],[-114.1494311,51.1906031],[-114.1506905,51.1911544],[-114.1513624,51.1912589],[-114.151699,51.1913873],[-114.1522506,51.191721],[-114.1522289,51.1918831],[-114.1523429,51.192002],[-114.1530543,51.1924563],[-114.153766,51.1924198],[-114.154341,51.1925474],[-114.1550502,51.1926108],[-114.1551577,51.1925867],[-114.1552162,51.1924729],[-114.1547103,51.1923004],[-114.154756,51.1921889],[-114.1548733,51.1921792],[-114.1548523,51.1920836],[-114.1548962,51.192031],[-114.1558306,51.1919524],[-114.1562905,51.1918442],[-114.1567617,51.1919499],[-114.1568411,51.191994],[-114.1568379,51.1920491],[-114.1564288,51.1921653],[-114.1564184,51.1923238],[-114.1562729,51.1924713],[-114.1562552,51.192564],[-114.1563793,51.1926611],[-114.1564894,51.1928551],[-114.1563173,51.1930442],[-114.1563236,51.1931122],[-114.1564339,51.1931775],[-114.1567379,51.1931662],[-114.1570891,51.1930801],[-114.1572709,51.1929437],[-114.1573994,51.1929523],[-114.1575534,51.1931011],[-114.1569104,51.1932617],[-114.1569826,51.193425],[-114.1577467,51.1934885],[-114.1582291,51.1938514],[-114.1582465,51.1940594],[-114.1581331,51.1942437],[-114.1581846,51.1943249],[-114.1581527,51.1945761],[-114.1582807,51.1948665],[-114.1582443,51.1951241],[-114.1585591,51.19512],[-114.1589553,51.1952029],[-114.1594472,51.1954379],[-114.1594413,51.1955773],[-114.1590612,51.1956797],[-114.1590117,51.195843],[-114.1590847,51.1959246],[-114.1593278,51.1959708],[-114.1594646,51.1960589],[-114.1595815,51.1964019],[-114.1598471,51.1968744],[-114.1598805,51.1970375],[-114.1599671,51.1970924],[-114.1602264,51.1977254],[-114.1646867,51.1977177],[-114.1646157,51.1968932],[-114.1679581,51.1969287],[-114.167958,51.1977229],[-114.1876967,51.1977521],[-114.1876958,51.1832162]]]}},{"type":"Feature","id":"GPE","properties":{"class":"Industrial","class_code":"2","comm_code":"GPE","name":"GREAT PLAINS EAST","sector":"EAST","srg":"N/A","comm_structure":"EMPLOYMENT","created_dt":"2022-07-11T09:42:24.000Z","modified_dt":"2024-02-21T08:54:32.000Z","label":"Great Plains East","centroid":[-113.9164927,50.9870937],"bounds":[-113.9215656,50.9795674,-113.9117773,50.9943118]},"geometry":{"type":"Polygon","coordinates":[[[-113.9215656,50.9942151],[-113.9215643,50.9897197],[-113.9214147,50.9869907],[-113.9209372,50.9834888],[-113.9204643,50.9810822],[-113.9202747,50.9795674],[-113.9117921,50.9795729],[-113.9117773,50.9943118],[-113.9164028,50.9943085],[-113.9164307,50.9942182],[-113.9215656,50.9942151]]]}},{"type":"Feature","id":"GPI","properties":{"class":"Industrial","class_code":"2","comm_code":"GPI","name":"GREAT PLAINS","sector":"EAST","srg":"N/A","comm_structure":"EMPLOYMENT","created_dt":"2016-12-21T16:12:14.000Z","modified_dt":"2024-02-21T08:55:09.000Z","label":"Great Plains","centroid":[-113.9398578,50.9868586],"bounds":[-113.9585205,50.9795493,-113.9202747,50.9942541]},"geometry":{"type":"Polygon","coordinates":[[[-113.9344993,50.9795965],[-113.9202747,50.9795674],[-113.9204643,50.9810822],[-113.9209372,50.9834888],[-113.9214147,50.9869907],[-113.9215643,50.9897197],[-113.9215656,50.9942151],[-113.9549019,50.994247],[-113.9563776,50.9942423],[-113.9573982,50.9941305],[-113.9585069,50.9941159],[-113.9585205,50.9795493],[-113.9344993,50.9795965]]]}},{"type":"Feature","id":"GPK","properties":{"class":"Major Park","class_code":"3","comm_code":"GPK","name":"GLENMORE PARK","sector":"SOUTH","srg":"N/A","comm_structure":"PARKS","created_dt":"2016-12-21T16:12:58.000Z","modified_dt":"2024-02-21T12:09:18.000Z","label":"Glenmore Park","centroid":[-114.1232987,50.9880002],"bounds":[-114.1642338,50.9722205,-114.0857247,51.0087298]},"geometry":{"type":"Polygon","coordinates":[[[-114.1642139,50.984784],[-114.153303,50.9843952],[-114.1413007,50.9796655],[-114.1412999,50.9780387],[-114.1393288,50.9780307],[-114.1384678,50.977911],[-114.1379747,50.9777402],[-114.1354734,50.9765414],[-114.1345004,50.9762202],[-114.1336493,50.9760088],[-114.1325706,50.9758513],[-114.1300094,50.9756217],[-114.1283105,50.9752385],[-114.1268637,50.9746192],[-114.125053,50.9735249],[-114.1239142,50.9729849],[-114.1223195,50.9725044],[-114.1212037,50.9723148],[-114.1200826,50.9722292],[-114.1179467,50.9722205],[-114.1179485,50.9751932],[-114.116677,50.9751959],[-114.1166781,50.9770581],[-114.1140722,50.9770625],[-114.1128145,50.9750656],[-114.1112967,50.9750674],[-114.1063534,50.973432],[-114.1011477,50.9734419],[-114.0992403,50.9741298],[-114.0990476,50.9745388],[-114.0965281,50.9745423],[-114.0951224,50.974916],[-114.0951167,50.976688],[-114.0949063,50.9783315],[-114.094853,50.9795832],[-114.0948535,50.9832795],[-114.1006219,50.9832844],[-114.1006223,50.9841872],[-114.1037808,50.9841891],[-114.1031887,50.9850912],[-114.1018491,50.9861421],[-114.1006221,50.9865009],[-114.100622,50.9868946],[-114.0958051,50.9868909],[-114.0958691,50.987193],[-114.0962589,50.9879648],[-114.0962805,50.9882295],[-114.0961987,50.9885344],[-114.0987732,50.9885354],[-114.0987468,50.9888371],[-114.0984289,50.989361],[-114.0988266,50.9902742],[-114.0989129,50.9906725],[-114.0987869,50.9911923],[-114.0990485,50.9915942],[-114.0991916,50.991968],[-114.0994753,50.9922741],[-114.0989583,50.993257],[-114.095815,50.9942225],[-114.0947406,50.9941267],[-114.0947306,50.9999665],[-114.0938822,50.9999687],[-114.0936635,51.0000401],[-114.0932138,51.0002675],[-114.0929015,51.0006004],[-114.0927863,51.0008684],[-114.0928979,51.0012579],[-114.0931066,51.0015723],[-114.093368,51.001733],[-114.0936797,51.0018356],[-114.0939695,51.0020314],[-114.0949504,51.0028764],[-114.0953403,51.0031049],[-114.0954727,51.0032385],[-114.0953818,51.0032968],[-114.0956868,51.003477],[-114.096126,51.0038754],[-114.0963579,51.0039229],[-114.0968765,51.004391],[-114.0969499,51.0045859],[-114.0969847,51.0051236],[-114.096901,51.0053116],[-114.0963548,51.0058875],[-114.0958563,51.0063131],[-114.0954706,51.0064647],[-114.0949675,51.0064375],[-114.0946807,51.0062805],[-114.0939933,51.006038],[-114.0911783,51.0055652],[-114.0911658,51.0055296],[-114.0912626,51.0055065],[-114.0917775,51.0055571],[-114.0912816,51.0054069],[-114.0908187,51.0055916],[-114.0900387,51.0057618],[-114.0892629,51.0061797],[-114.0885164,51.0064125],[-114.0873799,51.006922],[-114.0869451,51.0072295],[-114.0863684,51.0075382],[-114.0858908,51.0079668],[-114.0857247,51.0087227],[-114.1064736,51.0087298],[-114.1064822,51.0013911],[-114.1091942,51.00139],[-114.1091976,50.9941396],[-114.1134446,50.9941395],[-114.1135758,50.9940491],[-114.1144482,50.994049],[-114.1146046,50.9941394],[-114.1179454,50.9941395],[-114.1179322,50.9905227],[-114.1352856,50.9905081],[-114.1352865,50.9941178],[-114.143001,50.9941091],[-114.1515356,50.9972487],[-114.1558809,50.9977224],[-114.1572651,50.9981813],[-114.1588283,50.9982828],[-114.1642334,50.9967793],[-114.1642139,50.984784]]]}},{"type":"Feature","id":"GRE","properties":{"class":"Residential","class_code":"1","comm_code":"GRE","name":"GREENWOOD/GREENBRIAR","sector":"NORTHWEST","srg":"DEVELOPING","comm_structure":"1960s/1970s","created_dt":"2016-12-21T16:10:11.000Z","modified_dt":"2024-01-02T23:15:02.000Z","label":"Greenwood/Greenbriar","centroid":[-114.2228953,51.0902895],"bounds":[-114.2338398,51.0840853,-114.2101436,51.0956589]},"geometry":{"type":"Polygon","coordinates":[[[-114.2334828,51.0956589],[-114.2336756,51.0948532],[-114.2338221,51.0936139],[-114.2338191,51.092614],[-114.2337482,51.0921295],[-114.2334153,51.0909284],[-114.2330858,51.0900383],[-114.2323589,51.088523],[-114.2299507,51.0883206],[-114.2273435,51.0878242],[-114.2190882,51.0858368],[-114.2155189,51.084911],[-114.2127184,51.0840853],[-114.2127174,51.0859497],[-114.2122599,51.0858944],[-114.2121152,51.0865187],[-114.2119532,51.0868077],[-114.2101436,51.0885778],[-114.2123765,51.089781],[-114.2119871,51.0900679],[-114.212301,51.0902372],[-114.2128661,51.0898206],[-114.2219748,51.094727],[-114.2222576,51.0945189],[-114.2226117,51.0947093],[-114.2226114,51.0945074],[-114.2256679,51.0945054],[-114.2256699,51.0949266],[-114.2294455,51.0953821],[-114.2334828,51.0956589]]]}},{"type":"Feature","id":"GRI","properties":{"class":"Industrial","class_code":"2","comm_code":"GRI","name":"GREENVIEW INDUSTRIAL PARK","sector":"CENTRE","srg":"N/A","comm_structure":"EMPLOYMENT","created_dt":"2016-12-21T16:12:17.000Z","modified_dt":"2023-01-12T13:59:29.000Z","label":"Greenview Industrial Park","centroid":[-114.0468837,51.0876468],"bounds":[-114.0599332,51.0769526,-114.0340678,51.0960974]},"geometry":{"type":"Polygon","coordinates":[[[-114.0408378,51.0960974],[-114.0539933,51.0960664],[-114.0539206,51.0945362],[-114.0537838,51.0942089],[-114.0526507,51.0925356],[-114.0525324,51.092249],[-114.0525179,51.090624],[-114.0598804,51.0906545],[-114.0599332,51.0836834],[-114.0546713,51.0836794],[-114.0546724,51.0832433],[-114.0527315,51.0832422],[-114.0525081,51.0834728],[-114.0524109,51.0836774],[-114.0474775,51.0836744],[-114.0475291,51.0820058],[-114.047398,51.0814834],[-114.0445968,51.081481],[-114.0413447,51.0782392],[-114.0411619,51.0783124],[-114.0397973,51.0769527],[-114.0359079,51.0769571],[-114.0383593,51.0814937],[-114.0340678,51.0814922],[-114.0365806,51.0838932],[-114.0372382,51.0847353],[-114.0377315,51.0855183],[-114.0382486,51.0865672],[-114.0386718,51.0877345],[-114.0390249,51.0890495],[-114.0393312,51.0905714],[-114.0398031,51.0935709],[-114.040015,51.0944574],[-114.0404617,51.0954473],[-114.0408378,51.0960974]]]}},{"type":"Feature","id":"GRV","properties":{"class":"Residential","class_code":"1","comm_code":"GRV","name":"GREENVIEW","sector":"CENTRE","srg":"ESTABLISHED","comm_structure":"1960s/1970s","created_dt":"2016-12-21T16:10:33.000Z","modified_dt":"2023-01-12T13:38:32.000Z","label":"Greenview","centroid":[-114.0563919,51.0957894],"bounds":[-114.0624604,51.0909392,-114.0525079,51.1033863]},"geometry":{"type":"Polygon","coordinates":[[[-114.0525167,51.0909392],[-114.0525118,51.0921358],[-114.0525696,51.0923662],[-114.0537838,51.0942089],[-114.0539663,51.0947898],[-114.0539933,51.0960664],[-114.0535137,51.1016817],[-114.0535853,51.1022022],[-114.0538108,51.1027117],[-114.0535538,51.1025917],[-114.0535517,51.1033863],[-114.0554367,51.1033854],[-114.055437,51.1022105],[-114.0561971,51.1001911],[-114.056888,51.1002749],[-114.0569257,51.0995147],[-114.0581876,51.0969156],[-114.0581943,51.0960707],[-114.0624597,51.0960749],[-114.0624604,51.0946346],[-114.0613341,51.0943374],[-114.0611907,51.0943436],[-114.0609906,51.0941635],[-114.0602713,51.0939708],[-114.0598889,51.0937342],[-114.0598967,51.0924374],[-114.0592978,51.0925525],[-114.0590736,51.0915637],[-114.0587162,51.0914396],[-114.057103,51.0914204],[-114.055514,51.090946],[-114.0525167,51.0909392]]]}},{"type":"Feature","id":"GTI","properties":{"class":"Industrial","class_code":"2","comm_code":"GTI","name":"GOLDEN TRIANGLE","sector":"EAST","srg":"N/A","comm_structure":"EMPLOYMENT","created_dt":"2016-12-21T16:12:17.000Z","modified_dt":"2023-07-24T11:22:31.000Z","label":"Golden Triangle","centroid":[-113.9862101,51.0119654],"bounds":[-113.9935491,51.0087551,-113.9816238,51.0180399]},"geometry":{"type":"Polygon","coordinates":[[[-113.9926233,51.0087551],[-113.981685,51.0087705],[-113.9816244,51.0180399],[-113.9930922,51.0107664],[-113.9933568,51.0104875],[-113.9934826,51.0102471],[-113.993548,51.0099612],[-113.9935178,51.009663],[-113.9933658,51.0093404],[-113.9931675,51.0091074],[-113.9926233,51.0087551]]]}},{"type":"Feature","id":"HAM","properties":{"class":"Residential","class_code":"1","comm_code":"HAM","name":"HAMPTONS","sector":"NORTHWEST","srg":"ESTABLISHED","comm_structure":"2000s","created_dt":"2020-06-23T17:06:43.000Z","modified_dt":"2026-02-02T15:10:53.000Z","label":"Hamptons","centroid":[-114.1490621,51.1451381],"bounds":[-114.1679842,51.1376827,-114.1237577,51.152522]},"geometry":{"type":"Polygon","coordinates":[[[-114.1655525,51.1519501],[-114.1665474,51.1504484],[-114.167162,51.1492585],[-114.1676262,51.1480954],[-114.1679842,51.1468647],[-114.1645689,51.1468625],[-114.1645688,51.1428641],[-114.1653085,51.1422851],[-114.1657998,51.1417706],[-114.1662086,51.1411883],[-114.1665111,51.1405547],[-114.1643809,51.1376827],[-114.1613824,51.1385246],[-114.1605064,51.1386826],[-114.1596254,51.1387683],[-114.1489369,51.1387746],[-114.1437398,51.1385159],[-114.1416328,51.1385776],[-114.139596,51.1387598],[-114.1375339,51.1390757],[-114.1363798,51.1393094],[-114.1301352,51.1408255],[-114.1237577,51.1426378],[-114.1244453,51.1431684],[-114.1252564,51.1436689],[-114.1269348,51.1444539],[-114.1341242,51.1468584],[-114.135361,51.1473709],[-114.1365565,51.1479894],[-114.1379898,51.148947],[-114.1391636,51.1500021],[-114.1400852,51.1511506],[-114.1407541,51.1524006],[-114.1491372,51.152522],[-114.1541687,51.1524849],[-114.1567654,51.1523987],[-114.1620652,51.1521693],[-114.1655525,51.1519501]]]}},{"type":"Feature","id":"HAR","properties":{"class":"Residential","class_code":"1","comm_code":"HAR","name":"HARVEST HILLS","sector":"NORTH","srg":"ESTABLISHED","comm_structure":"1980s/1990s","created_dt":"2016-12-21T16:10:01.000Z","modified_dt":"2026-01-21T23:12:41.000Z","label":"Harvest Hills","centroid":[-114.054114,51.1481398],"bounds":[-114.0692319,51.1410958,-114.0397916,51.1542708]},"geometry":{"type":"Polygon","coordinates":[[[-114.0692319,51.1423765],[-114.0685374,51.1420986],[-114.0677969,51.1418838],[-114.0664024,51.1416709],[-114.0637158,51.1416661],[-114.0596009,51.1412372],[-114.0576416,51.1411286],[-114.0555608,51.1410981],[-114.0545298,51.1411735],[-114.0536778,51.1413019],[-114.0500855,51.1422535],[-114.0480979,51.1425899],[-114.0480982,51.1429212],[-114.0478606,51.1429214],[-114.0466674,51.1435352],[-114.0444251,51.14515],[-114.0434321,51.1461373],[-114.0430965,51.1465838],[-114.0429209,51.1469369],[-114.0423075,51.1469381],[-114.0408344,51.1521617],[-114.0404033,51.1521135],[-114.0397916,51.1542708],[-114.0625041,51.1541951],[-114.0642372,51.1540424],[-114.0650754,51.1538598],[-114.0658087,51.1536115],[-114.0666078,51.1532631],[-114.0650484,51.1521133],[-114.0640659,51.15107],[-114.063692,51.1504699],[-114.0634701,51.1499133],[-114.0633312,51.1493393],[-114.063289,51.1488],[-114.0634121,51.1478953],[-114.0636048,51.1473559],[-114.0640609,51.1465722],[-114.0643801,51.1461617],[-114.0648654,51.1456868],[-114.0692319,51.1423765]]]}},{"type":"Feature","id":"HAW","properties":{"class":"Residential","class_code":"1","comm_code":"HAW","name":"HAWKWOOD","sector":"NORTHWEST","srg":"ESTABLISHED","comm_structure":"1980s/1990s","created_dt":"2020-06-23T16:43:03.000Z","modified_dt":"2023-06-27T13:02:45.000Z","label":"Hawkwood","centroid":[-114.1755935,51.1306066],"bounds":[-114.194489,51.1208037,-114.1602301,51.141166]},"geometry":{"type":"Polygon","coordinates":[[[-114.1681682,51.1371545],[-114.1706691,51.1371911],[-114.1721313,51.1373653],[-114.173449,51.137617],[-114.1749416,51.1380107],[-114.1757951,51.1383049],[-114.1770633,51.138839],[-114.1819328,51.141166],[-114.1829766,51.14028],[-114.1836993,51.139456],[-114.1842552,51.1385322],[-114.1851854,51.136685],[-114.185599,51.1361088],[-114.1860732,51.1355752],[-114.194489,51.1277104],[-114.1878502,51.1248835],[-114.1865252,51.1243657],[-114.1849679,51.1239615],[-114.1840836,51.1238096],[-114.1832578,51.1237376],[-114.1815327,51.1237336],[-114.1777037,51.1242661],[-114.1760158,51.1243153],[-114.175222,51.1242898],[-114.1734537,51.1240458],[-114.1716741,51.1236351],[-114.1706888,51.1233233],[-114.1697876,51.122888],[-114.1666798,51.1208037],[-114.1638386,51.1233618],[-114.162987,51.1240452],[-114.1619058,51.1253566],[-114.1613749,51.1261574],[-114.160733,51.1274702],[-114.1604169,51.1285472],[-114.1602349,51.129979],[-114.1602952,51.1310944],[-114.1606678,51.1324675],[-114.1609396,51.1331102],[-114.1613159,51.1338029],[-114.1621085,51.1349794],[-114.1628658,51.1359642],[-114.1636284,51.1366937],[-114.1643809,51.1376827],[-114.1668753,51.1372615],[-114.1681682,51.1371545]]]}},{"type":"Feature","id":"HAY","properties":{"class":"Residential","class_code":"1","comm_code":"HAY","name":"HAYSBORO","sector":"SOUTH","srg":"ESTABLISHED","comm_structure":"1950s","created_dt":"2016-12-21T16:10:27.000Z","modified_dt":"2023-03-02T23:56:45.000Z","label":"Haysboro","centroid":[-114.0833486,50.9723033],"bounds":[-114.0952429,50.96486,-114.0715762,50.9795832]},"geometry":{"type":"Polygon","coordinates":[[[-114.0952429,50.965073],[-114.0792155,50.9650714],[-114.0792069,50.9650304],[-114.0780576,50.9650302],[-114.0779722,50.96486],[-114.0758496,50.9650291],[-114.0716111,50.9650463],[-114.0715762,50.9795746],[-114.094853,50.9795832],[-114.0949063,50.9783315],[-114.0951167,50.976688],[-114.095117,50.9722569],[-114.0952429,50.965073]]]}},{"type":"Feature","id":"HID","properties":{"class":"Residential","class_code":"1","comm_code":"HID","name":"HIDDEN VALLEY","sector":"NORTH","srg":"ESTABLISHED","comm_structure":"1980s/1990s","created_dt":"2016-12-21T16:10:12.000Z","modified_dt":"2026-02-02T15:18:00.000Z","label":"Hidden Valley","centroid":[-114.1122,51.1510279],"bounds":[-114.1407541,51.142383,-114.0925525,51.1615047]},"geometry":{"type":"Polygon","coordinates":[[[-114.1161055,51.1567744],[-114.1191317,51.1553993],[-114.1212763,51.1546088],[-114.124125,51.1537459],[-114.1272185,51.1530818],[-114.1300144,51.152668],[-114.1329811,51.1523878],[-114.1361305,51.1523198],[-114.1407541,51.1524006],[-114.1400852,51.1511506],[-114.1391636,51.1500021],[-114.1379898,51.148947],[-114.1365565,51.1479894],[-114.135361,51.1473709],[-114.1341242,51.1468584],[-114.1269348,51.1444539],[-114.1252564,51.1436689],[-114.1244453,51.1431684],[-114.1237577,51.1426378],[-114.1193302,51.1439043],[-114.1177378,51.1442071],[-114.1160649,51.1443365],[-114.1145174,51.1443259],[-114.1127276,51.1441451],[-114.1040997,51.1426427],[-114.1023533,51.1424133],[-114.1013712,51.142383],[-114.0995842,51.1424425],[-114.0980593,51.1426294],[-114.0925525,51.1438529],[-114.0947743,51.1461102],[-114.094769,51.1492127],[-114.0953822,51.1493883],[-114.0960426,51.1491678],[-114.0965201,51.1497129],[-114.0973495,51.1501202],[-114.0971442,51.1506597],[-114.0972055,51.1510882],[-114.0979369,51.1511698],[-114.0988706,51.1518152],[-114.0982112,51.1523214],[-114.0984355,51.1525388],[-114.0985384,51.1527814],[-114.0991657,51.1528877],[-114.0993204,51.153006],[-114.0996524,51.1536621],[-114.0999075,51.1538334],[-114.100505,51.1538795],[-114.1008135,51.1540786],[-114.0947587,51.1540829],[-114.0947591,51.1542638],[-114.0946212,51.154264],[-114.0946162,51.1615047],[-114.1095639,51.1614843],[-114.1105807,51.160509],[-114.1115521,51.1596936],[-114.112809,51.1587743],[-114.1143994,51.1577657],[-114.1161055,51.1567744]]]}},{"type":"Feature","id":"HIF","properties":{"class":"Industrial","class_code":"2","comm_code":"HIF","name":"HIGHFIELD","sector":"CENTRE","srg":"N/A","comm_structure":"EMPLOYMENT","created_dt":"2016-12-21T16:12:15.000Z","modified_dt":"2025-12-18T10:33:09.000Z","label":"Highfield","centroid":[-114.0385375,51.0171363],"bounds":[-114.0486672,51.005833,-114.0257489,51.0305821]},"geometry":{"type":"Polygon","coordinates":[[[-114.0349884,51.0287101],[-114.0364314,51.0299991],[-114.0369899,51.0305821],[-114.0410355,51.0303945],[-114.0410239,51.0299059],[-114.0412277,51.0295517],[-114.046545,51.024779],[-114.0469891,51.0242426],[-114.0473749,51.0235344],[-114.0480815,51.0214454],[-114.0481246,51.0210904],[-114.0480462,51.0209861],[-114.0478379,51.0208977],[-114.0483522,51.0201845],[-114.0484656,51.0199123],[-114.0485521,51.0194672],[-114.0485851,51.0159714],[-114.0486602,51.0139503],[-114.0486653,51.0094021],[-114.0475463,51.0095045],[-114.0417335,51.010341],[-114.0411447,51.0103711],[-114.0406131,51.0103245],[-114.0400276,51.0101739],[-114.0395369,51.0099444],[-114.0391856,51.0096832],[-114.0388702,51.0092743],[-114.0387568,51.0087876],[-114.0389502,51.0068506],[-114.037957,51.0067946],[-114.0376055,51.00696],[-114.037497,51.0071879],[-114.0373114,51.0071881],[-114.0373093,51.0066046],[-114.0342922,51.0069247],[-114.0332279,51.0068539],[-114.0324819,51.0067107],[-114.0324286,51.0066164],[-114.0328974,51.005833],[-114.0280831,51.0059546],[-114.027582,51.0065925],[-114.0271148,51.007036],[-114.0263602,51.0075681],[-114.0257489,51.0078932],[-114.0264275,51.0088604],[-114.033083,51.0220217],[-114.0336427,51.023614],[-114.0347021,51.0282307],[-114.0349884,51.0287101]]]}},{"type":"Feature","id":"HIL","properties":{"class":"Residential","class_code":"1","comm_code":"HIL","name":"HILLHURST","sector":"CENTRE","srg":"ESTABLISHED","comm_structure":"INNER CITY","created_dt":"2016-12-21T16:10:12.000Z","modified_dt":"2023-01-17T15:07:29.000Z","label":"Hillhurst","centroid":[-114.0932593,51.0563211],"bounds":[-114.1031995,51.0474896,-114.0841211,51.0669391]},"geometry":{"type":"Polygon","coordinates":[[[-114.0947213,51.0596737],[-114.1025085,51.059661],[-114.1024802,51.0525156],[-114.1031147,51.0525149],[-114.1030924,51.0502132],[-114.1031548,51.0502131],[-114.1031498,51.0497506],[-114.1031995,51.0497505],[-114.1031955,51.0478766],[-114.1025358,51.0480754],[-114.1022372,51.0480999],[-114.1000478,51.0479742],[-114.0988458,51.0476437],[-114.098009,51.0475843],[-114.096064,51.0474899],[-114.0939594,51.0476117],[-114.0938629,51.0475712],[-114.0927908,51.0477865],[-114.0923227,51.0478148],[-114.0914862,51.0480595],[-114.0912825,51.0480387],[-114.090855,51.0483091],[-114.0902092,51.0485751],[-114.0846226,51.0501721],[-114.0841211,51.0504968],[-114.085658,51.0517508],[-114.0858307,51.0519769],[-114.0858962,51.0522133],[-114.0860053,51.0609276],[-114.0859406,51.0612151],[-114.0856859,51.0617068],[-114.0852184,51.0623605],[-114.0845185,51.0630759],[-114.0844094,51.0633436],[-114.0848481,51.0658837],[-114.0848984,51.066922],[-114.0947264,51.0669391],[-114.0947213,51.0596737]]]}},{"type":"Feature","id":"HIW","properties":{"class":"Residential","class_code":"1","comm_code":"HIW","name":"HIGHWOOD","sector":"CENTRE","srg":"ESTABLISHED","comm_structure":"1950s","created_dt":"2016-12-21T16:10:13.000Z","modified_dt":"2023-01-12T13:16:23.000Z","label":"Highwood","centroid":[-114.0792373,51.092261],"bounds":[-114.0898934,51.0873902,-114.071495,51.0973421]},"geometry":{"type":"Polygon","coordinates":[[[-114.0724926,51.0874169],[-114.0716235,51.0873942],[-114.071495,51.0960832],[-114.0724433,51.0960914],[-114.0735624,51.0962804],[-114.0744225,51.0963226],[-114.0763249,51.0959708],[-114.0769582,51.0959585],[-114.0791458,51.0964012],[-114.0803728,51.0964838],[-114.0808965,51.0965702],[-114.0820924,51.096857],[-114.083274,51.0973421],[-114.0840117,51.0960975],[-114.0845785,51.0954289],[-114.0898934,51.0909527],[-114.0853638,51.0888009],[-114.0794922,51.0887917],[-114.078025,51.0887163],[-114.0771466,51.0885964],[-114.0762456,51.0883951],[-114.0724926,51.0874169]]]}},{"type":"Feature","id":"HKS","properties":{"class":"Residential","class_code":"1","comm_code":"HKS","name":"HOTCHKISS","sector":"SOUTHEAST","srg":"DEVELOPING","comm_structure":"BUILDING OUT","created_dt":"2016-12-21T16:13:53.000Z","modified_dt":"2024-01-03T15:21:44.000Z","label":"Hotchkiss","centroid":[-113.8968488,50.9146697],"bounds":[-113.9158379,50.9067882,-113.8829286,50.9216124]},"geometry":{"type":"Polygon","coordinates":[[[-113.90916,50.9135768],[-113.9074017,50.9097433],[-113.907272,50.9093673],[-113.9070843,50.9081463],[-113.9071389,50.906851],[-113.9047548,50.9067916],[-113.8933621,50.9070954],[-113.8829286,50.9071394],[-113.8829868,50.9215654],[-113.8830802,50.9216119],[-113.8887304,50.9216124],[-113.8887276,50.9214762],[-113.9158379,50.9214361],[-113.9141498,50.9191789],[-113.9133342,50.9182474],[-113.9098772,50.9145862],[-113.9094512,50.9140507],[-113.90916,50.9135768]]]}},{"type":"Feature","id":"HOR","properties":{"class":"Industrial","class_code":"2","comm_code":"HOR","name":"HORIZON","sector":"NORTHEAST","srg":"N/A","comm_structure":"EMPLOYMENT","created_dt":"2016-12-21T16:12:14.000Z","modified_dt":"2024-12-12T23:43:59.000Z","label":"Horizon","centroid":[-113.9918949,51.0889473],"bounds":[-114.0017242,51.0814906,-113.9817182,51.0983233]},"geometry":{"type":"Polygon","coordinates":[[[-114.0016996,51.0969803],[-114.001637,51.0927926],[-114.0017064,51.0887103],[-114.0017242,51.0814922],[-113.9817182,51.0814954],[-113.981765,51.0960089],[-113.9973076,51.0960437],[-113.9973079,51.0983233],[-113.9984969,51.098323],[-113.998497,51.0978301],[-114.0000248,51.0978296],[-114.0000245,51.0969804],[-114.0016996,51.0969803]]]}},{"type":"Feature","id":"HOU","properties":{"class":"Residential","class_code":"1","comm_code":"HOU","name":"HOUNSFIELD HEIGHTS/BRIAR HILL","sector":"CENTRE","srg":"ESTABLISHED","comm_structure":"1950s","created_dt":"2016-12-21T16:10:20.000Z","modified_dt":"2023-04-04T00:19:59.000Z","label":"Hounsfield Heights/Briar Hill","centroid":[-114.1054144,51.0636317],"bounds":[-114.1179617,51.0593873,-114.0947213,51.0669852]},"geometry":{"type":"Polygon","coordinates":[[[-114.0947264,51.0669391],[-114.1179617,51.0669852],[-114.117957,51.06365],[-114.1164691,51.0633829],[-114.1166675,51.0632895],[-114.1167834,51.0631388],[-114.1167837,51.0629671],[-114.1166452,51.0627494],[-114.1160686,51.0622971],[-114.1141577,51.0610343],[-114.1118104,51.0610135],[-114.1073579,51.0602496],[-114.1063091,51.0602505],[-114.1061538,51.0598203],[-114.1057427,51.0593873],[-114.1055317,51.059579],[-114.1050891,51.0596567],[-114.0947213,51.0596737],[-114.0947264,51.0669391]]]}},{"type":"Feature","id":"HPK","properties":{"class":"Residential","class_code":"1","comm_code":"HPK","name":"HIGHLAND PARK","sector":"CENTRE","srg":"ESTABLISHED","comm_structure":"1950s","created_dt":"2016-12-21T16:10:33.000Z","modified_dt":"2023-01-12T13:57:24.000Z","label":"Highland Park","centroid":[-114.0650237,51.0879799],"bounds":[-114.0716235,51.081514,-114.0525167,51.0960832]},"geometry":{"type":"Polygon","coordinates":[[[-114.0715598,51.0815253],[-114.0546245,51.081514],[-114.0545094,51.0819895],[-114.0542594,51.0823189],[-114.0527315,51.0832422],[-114.0546724,51.0832433],[-114.0546713,51.0836794],[-114.0599332,51.0836834],[-114.0598804,51.0906545],[-114.0525179,51.090624],[-114.0525167,51.0909392],[-114.055514,51.090946],[-114.057103,51.0914204],[-114.0587162,51.0914396],[-114.0590736,51.0915637],[-114.0592978,51.0925525],[-114.0598967,51.0924374],[-114.0598889,51.0937342],[-114.0602713,51.0939708],[-114.0609906,51.0941635],[-114.0611907,51.0943436],[-114.0613341,51.0943374],[-114.0643697,51.095139],[-114.0667223,51.094769],[-114.0691335,51.0956729],[-114.0691336,51.0960811],[-114.071495,51.0960832],[-114.0716235,51.0873942],[-114.0715598,51.0815253]]]}},{"type":"Feature","id":"HSD","properties":{"class":"Residential","class_code":"1","comm_code":"HSD","name":"HOMESTEAD","sector":"NORTHEAST","srg":"DEVELOPING","comm_structure":"BUILDING OUT","created_dt":"2016-12-21T16:13:58.000Z","modified_dt":"2019-02-14T12:00:31.000Z","label":"Homestead","centroid":[-113.9164562,51.1217504],"bounds":[-113.9212845,51.1106432,-113.9117446,51.1326329]},"geometry":{"type":"Polygon","coordinates":[[[-113.921269,51.1326329],[-113.9212398,51.117073],[-113.9209238,51.1138413],[-113.9205946,51.1118381],[-113.920341,51.1106434],[-113.9117484,51.1106432],[-113.9117446,51.1326261],[-113.921269,51.1326329]]]}},{"type":"Feature","id":"HSN","properties":{"class":"Residential","class_code":"1","comm_code":"HSN","name":"HASKAYNE","sector":"NORTHWEST","srg":"DEVELOPING","comm_structure":"BUILDING OUT","created_dt":"2016-12-21T16:13:55.000Z","modified_dt":"2024-12-12T14:37:28.000Z","label":"Haskayne","centroid":[-114.2860653,51.1189267],"bounds":[-114.3158105,51.1002763,-114.2576087,51.1396845]},"geometry":{"type":"Polygon","coordinates":[[[-114.295426,51.1392055],[-114.2954247,51.1396328],[-114.3158105,51.1396845],[-114.3150404,51.139065],[-114.3142279,51.1386063],[-114.3133863,51.1379237],[-114.3132189,51.1377234],[-114.3126745,51.1373228],[-114.3123313,51.1367851],[-114.311875,51.1362976],[-114.3114847,51.1359569],[-114.3112231,51.1356183],[-114.3107562,51.1352802],[-114.3108253,51.1351289],[-114.310773,51.1348055],[-114.3098576,51.1337715],[-114.309513,51.1332501],[-114.3094294,51.1328558],[-114.3090161,51.1323192],[-114.3089473,51.1321209],[-114.3089386,51.1313733],[-114.3088686,51.1310652],[-114.3089427,51.1310073],[-114.308888,51.1309422],[-114.3087679,51.1302605],[-114.3085997,51.1298323],[-114.3080974,51.1289099],[-114.3078086,51.1286488],[-114.3075769,51.1285893],[-114.3073848,51.1283308],[-114.3067674,51.1277803],[-114.3065886,51.1274838],[-114.3062464,51.1271841],[-114.3057569,51.1268364],[-114.3053102,51.1267366],[-114.3054075,51.1265893],[-114.3052741,51.1265287],[-114.3052475,51.1264565],[-114.3049111,51.1262851],[-114.3047657,51.1262813],[-114.3041098,51.1258706],[-114.3030311,51.1257758],[-114.3011863,51.1250857],[-114.3006769,51.1248375],[-114.2997439,51.124533],[-114.2992144,51.1242343],[-114.2991199,51.1240986],[-114.2988624,51.1239458],[-114.298758,51.1237819],[-114.2985021,51.1235963],[-114.2982904,51.1235919],[-114.2980749,51.1236853],[-114.297853,51.1239007],[-114.2978112,51.1242433],[-114.2976803,51.1244164],[-114.2975528,51.1245346],[-114.2970488,51.1247721],[-114.2970214,51.1245579],[-114.2971323,51.1244502],[-114.2973726,51.1243917],[-114.2974547,51.1243076],[-114.2975305,51.1240328],[-114.2975814,51.1233896],[-114.2975093,51.1232618],[-114.2972459,51.1231088],[-114.2965926,51.1230045],[-114.2962937,51.1230216],[-114.2957564,51.1228906],[-114.2953637,51.1226885],[-114.2952656,51.1224615],[-114.294423,51.1221412],[-114.2939587,51.1218531],[-114.2929739,51.1214445],[-114.2923503,51.1209975],[-114.2915141,51.1205387],[-114.2913569,51.1205917],[-114.2910155,51.1201462],[-114.2907356,51.1199985],[-114.2906292,51.1197767],[-114.2901978,51.1194467],[-114.2898343,51.1190696],[-114.2887988,51.1170839],[-114.288653,51.1163633],[-114.2887368,51.1156387],[-114.2895277,51.1137432],[-114.2902825,51.1109626],[-114.2903218,51.110563],[-114.2902755,51.1098415],[-114.2900542,51.1087006],[-114.2897868,51.1078831],[-114.2895006,51.1072663],[-114.2891106,51.1066745],[-114.2887303,51.1062802],[-114.2880526,51.1057469],[-114.2869832,51.1051497],[-114.2856343,51.104608],[-114.2851664,51.1041736],[-114.2842707,51.1038253],[-114.2825806,51.1028988],[-114.2825072,51.1028328],[-114.282646,51.1017872],[-114.2826036,51.1016244],[-114.282454,51.1016215],[-114.282506,51.1013443],[-114.2820212,51.1011696],[-114.2819673,51.10123],[-114.281715,51.1012664],[-114.2810597,51.1012137],[-114.2808357,51.1012946],[-114.2808354,51.1006037],[-114.2807909,51.1005972],[-114.2764726,51.1003166],[-114.2740647,51.1003015],[-114.2719351,51.1004022],[-114.2717509,51.1004273],[-114.2713259,51.1006148],[-114.2705928,51.1007056],[-114.2702584,51.1005838],[-114.2700201,51.1005752],[-114.2699165,51.1004889],[-114.2690782,51.1006059],[-114.2675905,51.1005786],[-114.2671072,51.1006922],[-114.2664416,51.1010872],[-114.2653025,51.1015073],[-114.2644494,51.1017386],[-114.2637229,51.1018679],[-114.2597113,51.1022657],[-114.2576233,51.1022097],[-114.2576088,51.1119648],[-114.2598404,51.1119638],[-114.2598379,51.1097456],[-114.261002,51.1097451],[-114.2645051,51.1101544],[-114.2682126,51.1102683],[-114.268931,51.1105633],[-114.2740192,51.1105606],[-114.2740199,51.114538],[-114.2805477,51.1145344],[-114.2805474,51.1178313],[-114.2803994,51.1178313],[-114.2803989,51.1250129],[-114.2805469,51.1250129],[-114.2805468,51.125351],[-114.2833916,51.1253497],[-114.284533,51.1257519],[-114.2852576,51.1263267],[-114.2866062,51.1289375],[-114.2877657,51.1287954],[-114.2889134,51.1290239],[-114.2895666,51.1297157],[-114.2891724,51.1306418],[-114.2880952,51.1313199],[-114.2884972,51.1314294],[-114.2895614,51.1324069],[-114.2908902,51.1342016],[-114.2918319,51.1356626],[-114.2917995,51.135798],[-114.293724,51.1365554],[-114.2945435,51.13703],[-114.2953808,51.1377248],[-114.2968565,51.1382523],[-114.2968539,51.1391312],[-114.2955517,51.1391297],[-114.295426,51.1392055]]]}},{"type":"Feature","id":"HUN","properties":{"class":"Residential","class_code":"1","comm_code":"HUN","name":"HUNTINGTON HILLS","sector":"NORTH","srg":"ESTABLISHED","comm_structure":"1960s/1970s","created_dt":"2016-12-21T16:10:33.000Z","modified_dt":"2024-12-12T23:50:32.000Z","label":"Huntington Hills","centroid":[-114.0676686,51.1183462],"bounds":[-114.097191,51.1089172,-114.0458578,51.1262578]},"geometry":{"type":"Polygon","coordinates":[[[-114.0834709,51.1091792],[-114.0818985,51.1089441],[-114.0813195,51.1089172],[-114.0806577,51.1089585],[-114.0797988,51.1091518],[-114.0790784,51.1094577],[-114.0786098,51.1097727],[-114.0781865,51.1101997],[-114.0777243,51.1108123],[-114.0772086,51.1112019],[-114.0765826,51.1114542],[-114.075687,51.111588],[-114.0751589,51.1115763],[-114.074466,51.111457],[-114.0741022,51.1113478],[-114.0728505,51.1107459],[-114.0720978,51.1106302],[-114.0470994,51.1105971],[-114.0471037,51.1125724],[-114.047018,51.1148704],[-114.04696,51.1155469],[-114.0464837,51.1185828],[-114.0462888,51.1193236],[-114.0459812,51.1215266],[-114.045861,51.1234255],[-114.0459053,51.1251152],[-114.0502676,51.1251183],[-114.0508892,51.1250637],[-114.0516412,51.1250737],[-114.0517488,51.1251449],[-114.0538613,51.1251346],[-114.0543174,51.1256184],[-114.055417,51.1262578],[-114.0565367,51.1255007],[-114.0569685,51.1253202],[-114.0578346,51.1251667],[-114.072979,51.1252005],[-114.0734681,51.1252805],[-114.097191,51.1251595],[-114.0953084,51.1242502],[-114.0944588,51.1236329],[-114.0925135,51.1218771],[-114.0864808,51.1173265],[-114.0854273,51.116368],[-114.0850321,51.1159197],[-114.0842605,51.114925],[-114.0838477,51.1142167],[-114.0835723,51.1136293],[-114.0831447,51.1122902],[-114.0830751,51.1116854],[-114.0831139,51.1103805],[-114.0834709,51.1091792]]]}},{"type":"Feature","id":"HUX","properties":{"class":"Residential","class_code":"1","comm_code":"HUX","name":"HUXLEY","sector":"EAST","srg":"DEVELOPING","comm_structure":"2000s","created_dt":"2023-07-31T18:13:09.000Z","modified_dt":"2024-12-12T13:29:57.000Z","label":"Huxley","centroid":[-113.9061804,51.0535641],"bounds":[-113.9212822,51.0442668,-113.8886546,51.0668498]},"geometry":{"type":"Polygon","coordinates":[[[-113.9119091,51.0451952],[-113.8886679,51.0452123],[-113.8886546,51.0599427],[-113.8893141,51.0599425],[-113.8897581,51.0597808],[-113.9002893,51.0597787],[-113.9002894,51.0596664],[-113.9117607,51.0596627],[-113.9117534,51.0668498],[-113.9204725,51.0668404],[-113.920459,51.0531229],[-113.9206088,51.0511385],[-113.9212468,51.0461782],[-113.9212822,51.0442668],[-113.9118015,51.0442797],[-113.9119091,51.0451952]]]}},{"type":"Feature","id":"ING","properties":{"class":"Residential","class_code":"1","comm_code":"ING","name":"INGLEWOOD","sector":"CENTRE","srg":"ESTABLISHED","comm_structure":"INNER CITY","created_dt":"2025-12-18T12:16:21.000Z","modified_dt":"2025-12-18T12:18:50.000Z","label":"Inglewood","centroid":[-114.0198082,51.0355626],"bounds":[-114.0428136,51.0232581,-114.0029203,51.0450365]},"geometry":{"type":"Polygon","coordinates":[[[-114.0389246,51.0412639],[-114.0356436,51.037828],[-114.0279114,51.0378336],[-114.0276841,51.0377431],[-114.0252912,51.0377412],[-114.0251576,51.0376893],[-114.0251581,51.0342143],[-114.025312,51.0340429],[-114.0246773,51.0337772],[-114.0244908,51.033588],[-114.0244789,51.032074],[-114.0244277,51.0319572],[-114.0238626,51.0317699],[-114.0236938,51.0318992],[-114.0235139,51.0319473],[-114.0221516,51.0319496],[-114.0221543,51.0300665],[-114.0214074,51.0300659],[-114.0214085,51.0289476],[-114.0191537,51.0289466],[-114.0191558,51.0271989],[-114.0191978,51.027135],[-114.0190146,51.0270313],[-114.0178845,51.0270306],[-114.0178854,51.0263784],[-114.0124387,51.0263742],[-114.0118032,51.0268303],[-114.0118056,51.0266612],[-114.0114999,51.0268806],[-114.0115123,51.0242269],[-114.0116578,51.0232588],[-114.0110253,51.0232581],[-114.0108335,51.0234409],[-114.0104936,51.0235597],[-114.0100085,51.0239103],[-114.0083214,51.0245635],[-114.0076926,51.0249448],[-114.0073664,51.025349],[-114.0069173,51.0255248],[-114.0065841,51.0257409],[-114.006018,51.0256915],[-114.0041839,51.0262744],[-114.0033348,51.0268663],[-114.0030082,51.0272532],[-114.0029203,51.0276558],[-114.0029594,51.0279387],[-114.0032261,51.0286416],[-114.0033969,51.0288341],[-114.0033744,51.0290403],[-114.0037096,51.0295143],[-114.0037208,51.0297395],[-114.0038363,51.0300853],[-114.0040714,51.0304281],[-114.0044456,51.0306909],[-114.0046128,51.0309254],[-114.0048549,51.0311283],[-114.0054964,51.0314203],[-114.0055324,51.0314515],[-114.005449,51.0314896],[-114.0054814,51.0315163],[-114.0080225,51.0319675],[-114.0089214,51.0323015],[-114.0099058,51.0325147],[-114.0106133,51.032766],[-114.0115361,51.0332235],[-114.0121019,51.0333952],[-114.013411,51.0343929],[-114.0138137,51.0349788],[-114.0139144,51.035265],[-114.0140455,51.0362789],[-114.013926,51.0372207],[-114.0137467,51.0375455],[-114.0137048,51.0379787],[-114.0133992,51.0383472],[-114.0129058,51.0387497],[-114.012431,51.0389704],[-114.0120875,51.0394152],[-114.0115856,51.0397115],[-114.0114958,51.0398414],[-114.0112199,51.0400014],[-114.0108947,51.040336],[-114.0103574,51.0405974],[-114.0104196,51.0408731],[-114.0107498,51.0412937],[-114.0109373,51.0417399],[-114.011059,51.0418935],[-114.0110966,51.0420741],[-114.0114073,51.0423032],[-114.0125078,51.0423713],[-114.0132433,51.0424982],[-114.0137363,51.0427684],[-114.0140277,51.0430206],[-114.0144693,51.0432445],[-114.0152858,51.0432139],[-114.0164036,51.0435199],[-114.0174843,51.0436235],[-114.0183132,51.0438163],[-114.0192959,51.0436774],[-114.0201846,51.0434777],[-114.0213015,51.0431141],[-114.0215454,51.0429864],[-114.0219799,51.0429151],[-114.0231141,51.0425355],[-114.0238433,51.0423557],[-114.024261,51.0423154],[-114.0286215,51.0423434],[-114.0301588,51.0425409],[-114.0316878,51.0428083],[-114.0351865,51.0437606],[-114.0365404,51.0440183],[-114.0367627,51.0439901],[-114.0390316,51.0446951],[-114.0398042,51.044815],[-114.0405733,51.045035],[-114.0412544,51.0448137],[-114.0415759,51.0445933],[-114.0424615,51.0436606],[-114.0428136,51.0431782],[-114.0418881,51.042953],[-114.041128,51.0426911],[-114.0404779,51.0424005],[-114.0396216,51.0418758],[-114.0389246,51.0412639]]]}},{"type":"Feature","id":"KCA","properties":{"class":"Residential","class_code":"1","comm_code":"KCA","name":"KINCORA","sector":"NORTH","srg":"DEVELOPING","comm_structure":"2000s","created_dt":"2020-06-23T13:33:10.000Z","modified_dt":"2026-02-02T15:15:12.000Z","label":"Kincora","centroid":[-114.1340636,51.1601564],"bounds":[-114.1518802,51.1523198,-114.1161055,51.1680432]},"geometry":{"type":"Polygon","coordinates":[[[-114.1319714,51.1680393],[-114.1518802,51.1680432],[-114.1516941,51.1676679],[-114.1512802,51.1670677],[-114.1504872,51.1664155],[-114.149831,51.1660328],[-114.1491062,51.1657037],[-114.1464024,51.1648634],[-114.1458301,51.1646387],[-114.1448202,51.1641265],[-114.1442653,51.1637901],[-114.1431576,51.1629017],[-114.1424165,51.1620195],[-114.1418821,51.1611436],[-114.141669,51.1606797],[-114.1414305,51.1600424],[-114.1412798,51.1594035],[-114.1411881,51.1582713],[-114.1412007,51.1544657],[-114.1410856,51.1534196],[-114.1407541,51.1524006],[-114.1361305,51.1523198],[-114.1329811,51.1523878],[-114.1300144,51.152668],[-114.1272185,51.1530818],[-114.124125,51.1537459],[-114.1212763,51.1546088],[-114.1191317,51.1553993],[-114.1161055,51.1567744],[-114.1197019,51.1578882],[-114.1210019,51.1583817],[-114.122288,51.159101],[-114.1246388,51.1606548],[-114.1265153,51.1620892],[-114.1287871,51.1641544],[-114.1297701,51.1651463],[-114.1308448,51.1664348],[-114.1314461,51.1671989],[-114.1319714,51.1680393]]]}},{"type":"Feature","id":"KEL","properties":{"class":"Residential","class_code":"1","comm_code":"KEL","name":"KELVIN GROVE","sector":"SOUTH","srg":"ESTABLISHED","comm_structure":"1960s/1970s","created_dt":"2016-12-21T16:10:02.000Z","modified_dt":"2023-07-24T13:34:02.000Z","label":"Kelvin Grove","centroid":[-114.0888509,50.9901283],"bounds":[-114.095162,50.985379,-114.0831563,50.9943968]},"geometry":{"type":"Polygon","coordinates":[[[-114.095162,50.9941546],[-114.0951096,50.991396],[-114.0948627,50.9888959],[-114.0948493,50.9868902],[-114.0929931,50.9868891],[-114.0925922,50.9868439],[-114.0901846,50.9857123],[-114.0894805,50.9855555],[-114.0863751,50.9853815],[-114.0849481,50.9853897],[-114.0845341,50.9854871],[-114.0836902,50.9859761],[-114.0831673,50.9860209],[-114.0831953,50.9943968],[-114.0885657,50.9943538],[-114.0938538,50.994126],[-114.095162,50.9941546]]]}},{"type":"Feature","id":"KIL","properties":{"class":"Residential","class_code":"1","comm_code":"KIL","name":"KILLARNEY/GLENGARRY","sector":"CENTRE","srg":"ESTABLISHED","comm_structure":"1950s","created_dt":"2016-12-21T16:10:31.000Z","modified_dt":"2023-01-16T22:54:23.000Z","label":"Killarney/Glengarry","centroid":[-114.1324659,51.0314595],"bounds":[-114.1412245,51.0224531,-114.1222921,51.0378243]},"geometry":{"type":"Polygon","coordinates":[[[-114.1266565,51.026811],[-114.1222952,51.0283056],[-114.1222921,51.0378243],[-114.1412245,51.0378136],[-114.1411963,51.0300572],[-114.1411456,51.0285022],[-114.1411586,51.0224531],[-114.1310409,51.0254937],[-114.1306833,51.0256505],[-114.1295684,51.0259323],[-114.1266565,51.026811]]]}},{"type":"Feature","id":"KIN","properties":{"class":"Residential","class_code":"1","comm_code":"KIN","name":"KINGSLAND","sector":"SOUTH","srg":"ESTABLISHED","comm_structure":"1950s","created_dt":"2016-12-21T16:10:09.000Z","modified_dt":"2023-01-16T00:10:45.000Z","label":"Kingsland","centroid":[-114.0773776,50.9869656],"bounds":[-114.0831953,50.9795746,-114.0715509,50.9943968]},"geometry":{"type":"Polygon","coordinates":[[[-114.0831953,50.9943968],[-114.0831627,50.9795795],[-114.0715762,50.9795746],[-114.0715509,50.9942375],[-114.0772921,50.9943897],[-114.0831953,50.9943968]]]}},{"type":"Feature","id":"KSH","properties":{"class":"Residential","class_code":"1","comm_code":"KSH","name":"KEYSTONE HILLS","sector":"NORTH","srg":"DEVELOPING","comm_structure":"BUILDING OUT","created_dt":"2017-01-26T14:28:41.000Z","modified_dt":"2026-01-19T23:24:25.000Z","label":"Keystone Hills","centroid":[-114.0265323,51.1798536],"bounds":[-114.0366614,51.1756327,-114.0136189,51.1834406]},"geometry":{"type":"Polygon","coordinates":[[[-114.0136189,51.1834406],[-114.0366043,51.183421],[-114.0365972,51.1819206],[-114.0364972,51.1797942],[-114.0366614,51.1773053],[-114.0366271,51.1756327],[-114.03345,51.1756455],[-114.021016,51.1759647],[-114.0193997,51.1770549],[-114.0183543,51.1778331],[-114.015495,51.1803065],[-114.0149636,51.1808936],[-114.0144999,51.1815325],[-114.0141029,51.1822541],[-114.0136189,51.1834406]]]}},{"type":"Feature","id":"LEB","properties":{"class":"Residential","class_code":"1","comm_code":"LEB","name":"LEWISBURG","sector":"NORTH","srg":"DEVELOPING","comm_structure":"BUILDING OUT","created_dt":"2016-12-21T16:13:58.000Z","modified_dt":"2026-01-19T23:25:05.000Z","label":"Lewisburg","centroid":[-114.0403773,51.18795],"bounds":[-114.0481061,51.1749932,-114.0284454,51.197994]},"geometry":{"type":"Polygon","coordinates":[[[-114.0481061,51.197971],[-114.0480277,51.1749932],[-114.0459294,51.17528],[-114.0431551,51.1755323],[-114.0398831,51.1756424],[-114.0366271,51.1756327],[-114.0366614,51.1773053],[-114.0364972,51.1797942],[-114.0365972,51.1819206],[-114.0366043,51.183421],[-114.0341973,51.1834238],[-114.0284454,51.197994],[-114.0481061,51.197971]]]}},{"type":"Feature","id":"LEG","properties":{"class":"Residential","class_code":"1","comm_code":"LEG","name":"LEGACY","sector":"SOUTH","srg":"DEVELOPING","comm_structure":"BUILDING OUT","created_dt":"2016-12-21T16:10:01.000Z","modified_dt":"2024-12-12T20:41:37.000Z","label":"Legacy","centroid":[-114.0048801,50.8560331],"bounds":[-114.0380704,50.8484272,-113.972112,50.8667872]},"geometry":{"type":"Polygon","coordinates":[[[-113.986647,50.8630836],[-114.0215997,50.8630784],[-114.0224422,50.8631318],[-114.0238308,50.863353],[-114.0246698,50.8635997],[-114.0253806,50.8638904],[-114.02904,50.8657716],[-114.0298562,50.866082],[-114.0309661,50.8663683],[-114.032238,50.8665568],[-114.0357048,50.8667872],[-114.0369189,50.8667155],[-114.0380704,50.8665567],[-114.0234734,50.8485469],[-114.001825,50.8484928],[-113.9985146,50.8484273],[-113.9737118,50.8485098],[-113.9722607,50.8523529],[-113.9725554,50.8524783],[-113.9726457,50.8526707],[-113.9721143,50.8538838],[-113.973916,50.8543681],[-113.9760663,50.8552238],[-113.9786765,50.8565499],[-113.9829253,50.8583407],[-113.9834384,50.8586559],[-113.9842538,50.8592553],[-113.9849832,50.8601177],[-113.9860118,50.8618338],[-113.9862253,50.8623889],[-113.986647,50.8630836]]]}},{"type":"Feature","id":"LIV","properties":{"class":"Residential","class_code":"1","comm_code":"LIV","name":"LIVINGSTON","sector":"NORTH","srg":"DEVELOPING","comm_structure":"BUILDING OUT","created_dt":"2016-12-21T16:10:34.000Z","modified_dt":"2026-01-19T23:40:01.000Z","label":"Livingston","centroid":[-114.0637432,51.1870414],"bounds":[-114.0829587,51.1730923,-114.0480277,51.1979933]},"geometry":{"type":"Polygon","coordinates":[[[-114.0713045,51.178985],[-114.0696588,51.1762663],[-114.0694053,51.1754836],[-114.0692716,51.1747525],[-114.0691636,51.1735039],[-114.0634699,51.173125],[-114.062046,51.1730923],[-114.0598113,51.1731594],[-114.0575817,51.1733604],[-114.0553196,51.1736794],[-114.0480277,51.1749932],[-114.0481061,51.197971],[-114.0713275,51.1979933],[-114.0829585,51.1979402],[-114.0829587,51.1833459],[-114.0713187,51.1833761],[-114.0713045,51.178985]]]}},{"type":"Feature","id":"LKB","properties":{"class":"Residential","class_code":"1","comm_code":"LKB","name":"LAKE BONAVISTA","sector":"SOUTH","srg":"ESTABLISHED","comm_structure":"1960s/1970s","created_dt":"2024-04-02T10:49:54.000Z","modified_dt":"2024-12-12T13:42:25.000Z","label":"Lake Bonavista","centroid":[-114.0521091,50.9393907],"bounds":[-114.0711012,50.9287354,-114.0322942,50.950476]},"geometry":{"type":"Polygon","coordinates":[[[-114.0547575,50.9482386],[-114.0570996,50.9485431],[-114.0638946,50.9500922],[-114.0651722,50.9503115],[-114.0665852,50.950433],[-114.0711012,50.950476],[-114.0704509,50.9446761],[-114.0683921,50.9345117],[-114.0683377,50.9337042],[-114.0683897,50.9328798],[-114.0685415,50.9320175],[-114.0687232,50.9314518],[-114.0670521,50.9307059],[-114.06636,50.9304798],[-114.0652891,50.930257],[-114.0658082,50.930096],[-114.0644103,50.929993],[-114.0627986,50.9300426],[-114.0630838,50.9297056],[-114.0619208,50.9293116],[-114.061255,50.9292995],[-114.0602647,50.9300384],[-114.0595215,50.9300444],[-114.0576446,50.929895],[-114.0547356,50.9304644],[-114.0539948,50.9303997],[-114.052213,50.9295882],[-114.0513339,50.929373],[-114.0496862,50.9292157],[-114.0486679,50.9294375],[-114.0483821,50.9294087],[-114.0469752,50.9291814],[-114.0461742,50.9287354],[-114.0452329,50.9293103],[-114.0322942,50.9311618],[-114.0327712,50.9326336],[-114.0329784,50.9336683],[-114.0330653,50.9343105],[-114.0330852,50.9351339],[-114.0330328,50.9356958],[-114.0328541,50.9365199],[-114.0325573,50.9373286],[-114.0322975,50.9378486],[-114.032974,50.9379605],[-114.0329438,50.9382962],[-114.0336265,50.9417833],[-114.0346814,50.941699],[-114.0347426,50.9417371],[-114.0347662,50.9425873],[-114.0352444,50.9427107],[-114.0351254,50.945366],[-114.0368194,50.9482372],[-114.0547575,50.9482386]]]}},{"type":"Feature","id":"LKV","properties":{"class":"Residential","class_code":"1","comm_code":"LKV","name":"LAKEVIEW","sector":"WEST","srg":"ESTABLISHED","comm_structure":"1960s/1970s","created_dt":"2016-12-21T16:10:14.000Z","modified_dt":"2024-02-20T11:41:44.000Z","label":"Lakeview","centroid":[-114.1305387,50.9978548],"bounds":[-114.141401,50.9905081,-114.1179322,51.0086501]},"geometry":{"type":"Polygon","coordinates":[[[-114.141401,51.008614],[-114.1412914,51.0086138],[-114.1413088,50.9941091],[-114.1352865,50.9941178],[-114.1352856,50.9905081],[-114.1179322,50.9905227],[-114.1179353,50.9988581],[-114.1180286,51.0003098],[-114.1220503,51.0011699],[-114.1235125,51.0012721],[-114.1270119,51.0013128],[-114.1283218,51.0015373],[-114.1291916,51.0018253],[-114.1298971,51.0021543],[-114.1308442,51.0028052],[-114.1355889,51.0070572],[-114.1364801,51.007736],[-114.137544,51.0082228],[-114.1385258,51.0084799],[-114.1400473,51.0086384],[-114.1413953,51.0086501],[-114.141401,51.008614]]]}},{"type":"Feature","id":"LMR","properties":{"class":"Residential","class_code":"1","comm_code":"LMR","name":"LOWER MOUNT ROYAL","sector":"CENTRE","srg":"ESTABLISHED","comm_structure":"INNER CITY","created_dt":"2016-12-21T16:10:17.000Z","modified_dt":"2023-01-18T00:11:15.000Z","label":"Lower Mount Royal","centroid":[-114.085871,51.0367012],"bounds":[-114.094721,51.0351825,-114.078306,51.0378374]},"geometry":{"type":"Polygon","coordinates":[[[-114.0947062,51.0378345],[-114.0947056,51.035868],[-114.0930838,51.0358786],[-114.0930839,51.0359414],[-114.0874995,51.0359401],[-114.0870701,51.0358776],[-114.0870688,51.0356556],[-114.0849634,51.0356484],[-114.084427,51.0355411],[-114.0836707,51.0352707],[-114.0831394,51.0351916],[-114.078306,51.0351826],[-114.0783091,51.0378374],[-114.0947062,51.0378345]]]}},{"type":"Feature","id":"LPK","properties":{"class":"Residential","class_code":"1","comm_code":"LPK","name":"LINCOLN PARK","sector":"WEST","srg":"ESTABLISHED","comm_structure":"1950s","created_dt":"2016-12-21T16:10:18.000Z","modified_dt":"2023-07-03T11:51:37.000Z","label":"Lincoln Park","centroid":[-114.129586,51.0098785],"bounds":[-114.1413953,51.0033501,-114.1179735,51.0172109]},"geometry":{"type":"Polygon","coordinates":[[[-114.1413953,51.0086501],[-114.1400473,51.0086384],[-114.1388613,51.0085374],[-114.1378796,51.0083293],[-114.1367419,51.0078787],[-114.1362751,51.0076057],[-114.1355889,51.0070572],[-114.1314584,51.0033501],[-114.1302413,51.0039094],[-114.1296843,51.0044198],[-114.1294363,51.005002],[-114.1294174,51.0058107],[-114.1270134,51.005814],[-114.1270114,51.0050595],[-114.1258143,51.0050576],[-114.1258085,51.0045624],[-114.122772,51.0045631],[-114.1225173,51.0046607],[-114.1194453,51.0046755],[-114.1179735,51.0049797],[-114.117993,51.009852],[-114.1218948,51.0118145],[-114.121704,51.0119653],[-114.1223891,51.0123299],[-114.1308107,51.0153952],[-114.1317468,51.0156088],[-114.1315217,51.0158392],[-114.1353006,51.0172109],[-114.1373401,51.0152082],[-114.1385437,51.0139257],[-114.1387448,51.0134724],[-114.1387702,51.0124618],[-114.14118,51.0124556],[-114.141131,51.0108531],[-114.1413953,51.0086501]]]}},{"type":"Feature","id":"MAC","properties":{"class":"Residential","class_code":"1","comm_code":"MAC","name":"MACEWAN GLEN","sector":"NORTH","srg":"ESTABLISHED","comm_structure":"1980s/1990s","created_dt":"2016-12-21T16:10:16.000Z","modified_dt":"2020-10-22T10:30:08.000Z","label":"Macewan Glen","centroid":[-114.1150234,51.1373897],"bounds":[-114.1241485,51.1309432,-114.1063071,51.1443495]},"geometry":{"type":"Polygon","coordinates":[[[-114.1096907,51.1313958],[-114.1063071,51.1316263],[-114.1089461,51.140849],[-114.1089255,51.1415765],[-114.1088536,51.141799],[-114.1079751,51.1433232],[-114.1127276,51.1441451],[-114.1136758,51.1442659],[-114.1153008,51.1443495],[-114.1160649,51.1443365],[-114.1177378,51.1442071],[-114.1193302,51.1439043],[-114.1237577,51.1426378],[-114.1229739,51.1419241],[-114.1225437,51.1414329],[-114.1219159,51.1404145],[-114.1216169,51.1397525],[-114.1214033,51.1390811],[-114.1212905,51.138447],[-114.1212553,51.1377715],[-114.1213308,51.1370013],[-114.1214648,51.1364303],[-114.1216554,51.1358957],[-114.1220223,51.1351698],[-114.1223909,51.1346045],[-114.1228466,51.1340398],[-114.1235016,51.1333837],[-114.1241485,51.1328555],[-114.1224658,51.1320018],[-114.1219056,51.1317924],[-114.1180823,51.131016],[-114.1180226,51.1311355],[-114.1169308,51.1310256],[-114.1146384,51.1311479],[-114.1142239,51.1312354],[-114.1135554,51.1314902],[-114.1131155,51.1311872],[-114.1128385,51.131072],[-114.112323,51.1309592],[-114.1118664,51.1309476],[-114.1096907,51.1313958]]]}},{"type":"Feature","id":"MAF","properties":{"class":"Residential","class_code":"1","comm_code":"MAF","name":"MAYFAIR","sector":"CENTRE","srg":"ESTABLISHED","comm_structure":"1950s","created_dt":"2016-12-21T16:10:29.000Z","modified_dt":"2023-07-24T13:35:07.000Z","label":"Mayfair","centroid":[-114.0890553,50.9959082],"bounds":[-114.0947406,50.994116,-114.0831818,50.9975216]},"geometry":{"type":"Polygon","coordinates":[[[-114.0947406,50.9941267],[-114.0885657,50.9943538],[-114.0831953,50.9943968],[-114.0831818,50.9975196],[-114.094738,50.9975128],[-114.0947406,50.9941267]]]}},{"type":"Feature","id":"MAH","properties":{"class":"Residential","class_code":"1","comm_code":"MAH","name":"MAHOGANY","sector":"SOUTHEAST","srg":"DEVELOPING","comm_structure":"2000s","created_dt":"2016-12-21T16:10:08.000Z","modified_dt":"2024-06-20T15:08:08.000Z","label":"Mahogany","centroid":[-113.9249193,50.8960055],"bounds":[-113.9472354,50.8848624,-113.9061862,50.9070389]},"geometry":{"type":"Polygon","coordinates":[[[-113.9461103,50.9022458],[-113.9441956,50.898897],[-113.9434287,50.8971478],[-113.9429615,50.8956307],[-113.9426752,50.8942145],[-113.9425212,50.8928123],[-113.9424967,50.888773],[-113.9424258,50.8879163],[-113.9421231,50.8863714],[-113.9416718,50.8851744],[-113.9403442,50.8854456],[-113.9391049,50.8855679],[-113.9382227,50.8855916],[-113.9367765,50.885505],[-113.9338217,50.885097],[-113.928785,50.8850637],[-113.9263171,50.8848632],[-113.9061862,50.8848899],[-113.906276,50.8983856],[-113.9064327,50.899992],[-113.9069913,50.903505],[-113.9071103,50.9051236],[-113.9071389,50.906851],[-113.9101307,50.9070295],[-113.9123255,50.9070245],[-113.9135043,50.9069292],[-113.9159169,50.9064617],[-113.9170585,50.9063915],[-113.9185199,50.9064172],[-113.9216737,50.906631],[-113.9252136,50.9067796],[-113.9296547,50.906861],[-113.9331642,50.9068148],[-113.937208,50.9064975],[-113.9415287,50.9059269],[-113.9472354,50.9049675],[-113.9461103,50.9022458]]]}},{"type":"Feature","id":"MAL","properties":{"class":"Residential","class_code":"1","comm_code":"MAL","name":"MAYLAND HEIGHTS","sector":"NORTHEAST","srg":"ESTABLISHED","comm_structure":"1960s/1970s","created_dt":"2016-12-21T16:10:13.000Z","modified_dt":"2025-12-18T00:09:54.000Z","label":"Mayland Heights","centroid":[-114.012746,51.061523],"bounds":[-114.0272088,51.0546943,-114.0016781,51.0669836]},"geometry":{"type":"Polygon","coordinates":[[[-114.0096012,51.0546943],[-114.0046702,51.0547024],[-114.0047354,51.0547793],[-114.0016781,51.0547839],[-114.0017143,51.0585738],[-114.0016812,51.0669616],[-114.027017,51.0669836],[-114.0271858,51.0657647],[-114.0272088,51.0651145],[-114.0270206,51.0640654],[-114.0267623,51.0634596],[-114.0261051,51.0624401],[-114.0246502,51.0604308],[-114.023637,51.0592636],[-114.0216054,51.0591313],[-114.0211318,51.059144],[-114.020675,51.0592234],[-114.0189238,51.0597088],[-114.0185089,51.0584661],[-114.0175476,51.0570447],[-114.0170204,51.0571737],[-114.0164488,51.0563733],[-114.0169897,51.0563688],[-114.0170625,51.0563137],[-114.0164521,51.0554404],[-114.0163753,51.0551886],[-114.0172506,51.0551688],[-114.0172494,51.0547576],[-114.0096732,51.0547708],[-114.0096012,51.0546943]]]}},{"type":"Feature","id":"MAN","properties":{"class":"Residential","class_code":"1","comm_code":"MAN","name":"MANCHESTER","sector":"CENTRE","srg":"ESTABLISHED","comm_structure":"EMPLOYMENT","created_dt":"2016-12-21T16:10:07.000Z","modified_dt":"2023-01-18T14:52:10.000Z","label":"Manchester","centroid":[-114.0665669,51.0070979],"bounds":[-114.071604,51.0013993,-114.061732,51.0160317]},"geometry":{"type":"Polygon","coordinates":[[[-114.0715947,51.0013993],[-114.0650068,51.0013996],[-114.0632502,51.0139218],[-114.0630886,51.0143967],[-114.062712,51.0150417],[-114.0623397,51.0154804],[-114.061732,51.0160124],[-114.0644105,51.0159783],[-114.0678096,51.0087168],[-114.0698092,51.005621],[-114.071495,51.0028407],[-114.0715836,51.0024691],[-114.0715947,51.0013993]]]}},{"type":"Feature","id":"MCI","properties":{"class":"Industrial","class_code":"2","comm_code":"MCI","name":"MCCALL","sector":"NORTHEAST","srg":"N/A","comm_structure":"EMPLOYMENT","created_dt":"2016-12-21T16:12:16.000Z","modified_dt":"2024-12-12T12:22:57.000Z","label":"Mccall","centroid":[-114.0275073,51.0882771],"bounds":[-114.0408378,51.0814783,-114.0133808,51.0965303]},"geometry":{"type":"Polygon","coordinates":[[[-114.0365806,51.0838932],[-114.0340678,51.0814922],[-114.0134202,51.0814924],[-114.0133808,51.0882817],[-114.0151889,51.0882835],[-114.0151886,51.0897963],[-114.0199823,51.0897975],[-114.0199698,51.090782],[-114.0201062,51.0907821],[-114.0200883,51.0928041],[-114.0221485,51.0928038],[-114.0230957,51.0928594],[-114.024032,51.0930166],[-114.0248592,51.0932729],[-114.0248269,51.0965297],[-114.0266366,51.0965303],[-114.0266369,51.0961879],[-114.0297187,51.0961889],[-114.0298729,51.0960075],[-114.0314338,51.0960952],[-114.0408378,51.0960974],[-114.0404617,51.0954473],[-114.040015,51.0944574],[-114.0398031,51.0935709],[-114.0393312,51.0905714],[-114.0390249,51.0890495],[-114.0386718,51.0877345],[-114.0382486,51.0865672],[-114.0377315,51.0855183],[-114.0372382,51.0847353],[-114.0365806,51.0838932]]]}},{"type":"Feature","id":"MCK","properties":{"class":"Residential","class_code":"1","comm_code":"MCK","name":"MCKENZIE LAKE","sector":"SOUTHEAST","srg":"ESTABLISHED","comm_structure":"1980s/1990s","created_dt":"2016-12-21T16:10:23.000Z","modified_dt":"2024-12-12T14:17:05.000Z","label":"Mckenzie Lake","centroid":[-113.9856404,50.9133247],"bounds":[-114.001074,50.896239,-113.9753288,50.9319297]},"geometry":{"type":"Polygon","coordinates":[[[-113.9972446,50.8967737],[-113.9973908,50.896239],[-113.9753288,50.9000708],[-113.975499,50.9319297],[-113.9918134,50.9319046],[-113.9916374,50.9310331],[-113.9917422,50.9306075],[-113.9917522,50.9302704],[-113.991848,50.9299932],[-113.9920735,50.9296106],[-113.9927575,50.9289147],[-113.9925776,50.9289277],[-113.9928388,50.9282821],[-113.9928013,50.9278485],[-113.9925599,50.9274719],[-113.9921597,50.9270362],[-113.9908665,50.9258339],[-113.9908572,50.9257777],[-113.9911057,50.9257821],[-113.9906157,50.92547],[-113.9905386,50.9251264],[-113.9901189,50.9249923],[-113.9890482,50.9241246],[-113.9885912,50.9236107],[-113.9885291,50.9234223],[-113.9885589,50.9230324],[-113.9886852,50.9227759],[-113.9887361,50.9224006],[-113.9888604,50.9222857],[-113.9889797,50.9215595],[-113.9895199,50.9204087],[-113.9900724,50.9195728],[-113.9903846,50.9192383],[-113.9910335,50.9189643],[-113.9910989,50.9187892],[-113.9913948,50.9185059],[-113.9921749,50.9175431],[-113.9923339,50.9174272],[-113.9924512,50.9174575],[-113.9923731,50.9177617],[-113.9924191,50.9179228],[-113.9925197,50.917934],[-113.9926695,50.9175432],[-113.9930084,50.9171023],[-113.9932477,50.9166817],[-113.9933982,50.9160719],[-113.9939825,50.915356],[-113.9947956,50.9146866],[-113.9933341,50.9140451],[-113.9928886,50.9140454],[-113.9930101,50.9138187],[-113.9939146,50.9132288],[-113.9938955,50.9130833],[-113.9942554,50.9130489],[-113.9944918,50.9128917],[-113.9954529,50.9125019],[-113.9957624,50.91212],[-113.9958169,50.911943],[-113.9959955,50.9118942],[-113.9960795,50.9117582],[-113.9965743,50.9114194],[-113.9966095,50.9112503],[-113.9969755,50.9107572],[-113.9969478,50.9104699],[-113.9973551,50.9102667],[-113.9971727,50.9099941],[-113.9972317,50.9099606],[-113.9975373,50.9100063],[-113.9981835,50.9096354],[-113.9982975,50.9094536],[-113.9982727,50.9092354],[-113.9989028,50.9092011],[-113.9999424,50.9083803],[-114.001074,50.9072345],[-114.0009684,50.9071888],[-114.0007488,50.9067053],[-114.0008257,50.9065817],[-114.0007078,50.9063226],[-114.000232,50.9055344],[-114.0000116,50.9053008],[-114.0000132,50.9050069],[-113.9997901,50.904738],[-113.9998744,50.9044663],[-113.9997598,50.9041991],[-113.9996869,50.9036611],[-113.9997718,50.9033895],[-113.9995298,50.9033948],[-113.9986526,50.9030543],[-113.9983407,50.9027461],[-113.9986119,50.9025547],[-113.9987175,50.9020024],[-113.9989669,50.9017658],[-113.9989389,50.901165],[-113.9987749,50.900906],[-113.9987017,50.9003778],[-113.9984414,50.9001339],[-113.9974637,50.8997848],[-113.9971168,50.8994586],[-113.9969795,50.8994571],[-113.9971241,50.8991891],[-113.9975152,50.8989237],[-113.9976505,50.8986555],[-113.9975869,50.8983852],[-113.9973243,50.8981126],[-113.997413,50.8977956],[-113.9975367,50.8976791],[-113.9972446,50.8967737]]]}},{"type":"Feature","id":"MCT","properties":{"class":"Residential","class_code":"1","comm_code":"MCT","name":"MCKENZIE TOWNE","sector":"SOUTHEAST","srg":"ESTABLISHED","comm_structure":"2010s","created_dt":"2020-10-08T09:10:23.000Z","modified_dt":"2025-01-22T08:19:05.000Z","label":"Mckenzie Towne","centroid":[-113.9649669,50.9155408],"bounds":[-113.975499,50.9000708,-113.9472354,50.9320072]},"geometry":{"type":"Polygon","coordinates":[[[-113.9580844,50.9298559],[-113.9581457,50.9313726],[-113.9605397,50.9316895],[-113.9628983,50.9319238],[-113.9651458,50.9320072],[-113.975499,50.9319297],[-113.9753288,50.9000708],[-113.9539349,50.9038359],[-113.9472354,50.9049675],[-113.9481991,50.9074174],[-113.948785,50.9093934],[-113.949136,50.9100957],[-113.9498564,50.911082],[-113.9509201,50.9120816],[-113.9519155,50.912773],[-113.9556175,50.9147785],[-113.9564748,50.9153564],[-113.9574777,50.9162502],[-113.9579745,50.9170924],[-113.9581706,50.9178316],[-113.9581984,50.9191678],[-113.9581698,50.9278239],[-113.9580844,50.9298559]]]}},{"type":"Feature","id":"MDH","properties":{"class":"Residential","class_code":"1","comm_code":"MDH","name":"MEDICINE HILL","sector":"WEST","srg":"COMPLETE","comm_structure":"2000s","created_dt":"2016-12-21T16:10:28.000Z","modified_dt":"2025-04-15T12:29:14.000Z","label":"Medicine Hill","centroid":[-114.1994921,51.0785641],"bounds":[-114.2133698,51.0742955,-114.1868418,51.0840853]},"geometry":{"type":"Polygon","coordinates":[[[-114.2127188,51.0835699],[-114.2133698,51.0833505],[-114.2131526,51.0829488],[-114.2130443,51.0823343],[-114.2128716,51.0820215],[-114.2127123,51.0818877],[-114.2122686,51.0816938],[-114.2103792,51.0814089],[-114.2107673,51.0812306],[-114.2108296,51.0812513],[-114.2108311,51.0790979],[-114.2063911,51.0767369],[-114.2038797,51.0755754],[-114.2020837,51.0743871],[-114.1994393,51.0743862],[-114.1994401,51.0742955],[-114.1876673,51.0742965],[-114.1876668,51.0749851],[-114.1868418,51.075259],[-114.1887039,51.0775319],[-114.1889845,51.0782222],[-114.189404,51.078734],[-114.1895028,51.0790724],[-114.1894854,51.0792475],[-114.1892492,51.079707],[-114.1891839,51.0803307],[-114.1931467,51.0814137],[-114.1940412,51.081624],[-114.1950027,51.0817737],[-114.196656,51.0819102],[-114.2021178,51.0819656],[-114.2033992,51.0820586],[-114.2049939,51.0822719],[-114.206605,51.0825613],[-114.2106841,51.0835143],[-114.2127184,51.0840853],[-114.2127188,51.0835699]]]}},{"type":"Feature","id":"MEA","properties":{"class":"Residential","class_code":"1","comm_code":"MEA","name":"MEADOWLARK PARK","sector":"CENTRE","srg":"ESTABLISHED","comm_structure":"1950s","created_dt":"2016-12-21T16:10:05.000Z","modified_dt":"2023-01-18T14:48:40.000Z","label":"Meadowlark Park","centroid":[-114.0772972,50.9978332],"bounds":[-114.083204,50.9942371,-114.0715509,51.001492]},"geometry":{"type":"Polygon","coordinates":[[[-114.0817166,51.001492],[-114.0823609,51.0010433],[-114.0827975,51.0006283],[-114.0829855,51.0003453],[-114.0831294,50.9999727],[-114.0831953,50.9943968],[-114.0772921,50.9943897],[-114.0715509,50.9942375],[-114.0715947,51.0013993],[-114.0809854,51.0013783],[-114.081348,51.0013968],[-114.0817166,51.001492]]]}},{"type":"Feature","id":"MER","properties":{"class":"Industrial","class_code":"2","comm_code":"MER","name":"MERIDIAN","sector":"NORTHEAST","srg":"N/A","comm_structure":"EMPLOYMENT","created_dt":"2016-12-21T16:12:19.000Z","modified_dt":"2025-12-18T00:16:44.000Z","label":"Meridian","centroid":[-113.9975077,51.0563984],"bounds":[-114.0018898,51.0451293,-113.9911754,51.0669644]},"geometry":{"type":"Polygon","coordinates":[[[-113.9949756,51.0469374],[-113.9911754,51.0490803],[-113.9930189,51.0503859],[-113.993206,51.0506005],[-113.9932946,51.0508388],[-113.993284,51.0669644],[-114.0016812,51.0669616],[-114.0016847,51.0474451],[-114.0017376,51.0460054],[-114.0018898,51.0451293],[-114.0000204,51.0453121],[-113.9981918,51.0456852],[-113.9963205,51.046302],[-113.9949756,51.0469374]]]}},{"type":"Feature","id":"MID","properties":{"class":"Residential","class_code":"1","comm_code":"MID","name":"MIDNAPORE","sector":"SOUTH","srg":"ESTABLISHED","comm_structure":"1960s/1970s","created_dt":"2024-04-02T13:20:39.000Z","modified_dt":"2024-04-02T13:20:39.000Z","label":"Midnapore","centroid":[-114.0573186,50.9147419],"bounds":[-114.0719548,50.9049834,-114.0387696,50.926235]},"geometry":{"type":"Polygon","coordinates":[[[-114.0601135,50.9232357],[-114.0666767,50.9248055],[-114.069817,50.9251236],[-114.0698728,50.9255115],[-114.0700851,50.9257935],[-114.0704755,50.9260438],[-114.0711157,50.926235],[-114.0716317,50.9246301],[-114.0718827,50.9234271],[-114.0719476,50.9223167],[-114.0717527,50.9210803],[-114.0714253,50.9202182],[-114.0706176,50.9184775],[-114.0698541,50.9171471],[-114.0621092,50.9049834],[-114.0600793,50.9053952],[-114.0597691,50.9054842],[-114.0590477,50.9058295],[-114.0565096,50.906451],[-114.0558792,50.9065509],[-114.0547548,50.9066179],[-114.0468442,50.9066147],[-114.0468381,50.9079511],[-114.0456501,50.908169],[-114.044822,50.9087147],[-114.0430288,50.9088025],[-114.0423235,50.9089296],[-114.0416554,50.9091291],[-114.0408363,50.9095119],[-114.0396717,50.9103225],[-114.0387696,50.9108398],[-114.0391702,50.9112307],[-114.0405878,50.9122836],[-114.0408501,50.9131674],[-114.0420426,50.9137005],[-114.0432102,50.9137015],[-114.0461454,50.9155634],[-114.0459743,50.9169401],[-114.0465928,50.9179765],[-114.0477252,50.9186821],[-114.0501601,50.9197172],[-114.0527705,50.9201339],[-114.0541139,50.9212517],[-114.0601163,50.921253],[-114.0601135,50.9232357]]]}},{"type":"Feature","id":"MIS","properties":{"class":"Residential","class_code":"1","comm_code":"MIS","name":"MISSION","sector":"CENTRE","srg":"ESTABLISHED","comm_structure":"INNER CITY","created_dt":"2016-12-21T16:10:23.000Z","modified_dt":"2023-03-08T09:56:57.000Z","label":"Mission","centroid":[-114.0674206,51.0334415],"bounds":[-114.0715317,51.0284909,-114.0611297,51.0378381]},"geometry":{"type":"Polygon","coordinates":[[[-114.0715317,51.037838],[-114.0715277,51.0288638],[-114.069866,51.0291254],[-114.0691588,51.0291345],[-114.0677128,51.029014],[-114.0670561,51.0288053],[-114.0656309,51.0285302],[-114.0648343,51.0284914],[-114.0644984,51.0285272],[-114.0639853,51.0287247],[-114.0632059,51.0293353],[-114.0630326,51.029672],[-114.0630568,51.0299785],[-114.0633948,51.0306834],[-114.0634724,51.031063],[-114.0636418,51.031317],[-114.0638183,51.0319008],[-114.0640838,51.0324857],[-114.0643264,51.032861],[-114.0645839,51.0331268],[-114.0650037,51.0333873],[-114.0656381,51.033511],[-114.0659173,51.0334854],[-114.0666738,51.0335638],[-114.0672556,51.0339114],[-114.0673205,51.0342186],[-114.0672349,51.0344032],[-114.0667046,51.0348342],[-114.066655,51.0349604],[-114.0664208,51.0350688],[-114.0664225,51.035124],[-114.0660941,51.0353247],[-114.0655586,51.0354965],[-114.0655769,51.0355613],[-114.0655119,51.0356227],[-114.0652145,51.0355813],[-114.0643919,51.0357768],[-114.0633454,51.0358869],[-114.0622179,51.0358863],[-114.0612815,51.0357698],[-114.0611297,51.037838],[-114.0715317,51.037838]]]}},{"type":"Feature","id":"MLI","properties":{"class":"Industrial","class_code":"2","comm_code":"MLI","name":"MAYLAND","sector":"NORTHEAST","srg":"N/A","comm_structure":"EMPLOYMENT","created_dt":"2016-12-21T16:12:19.000Z","modified_dt":"2025-12-18T00:09:38.000Z","label":"Mayland","centroid":[-114.0107327,51.0514544],"bounds":[-114.023637,51.0451142,-114.0016554,51.0597088]},"geometry":{"type":"Polygon","coordinates":[[[-114.0096012,51.0546943],[-114.0096732,51.0547708],[-114.0172494,51.0547576],[-114.0172506,51.0551688],[-114.0163753,51.0551886],[-114.0164521,51.0554404],[-114.0170625,51.0563137],[-114.0169897,51.0563688],[-114.0164488,51.0563733],[-114.0170204,51.0571737],[-114.0175476,51.0570447],[-114.0185089,51.0584661],[-114.0189238,51.0597088],[-114.020675,51.0592234],[-114.0211318,51.059144],[-114.0216054,51.0591313],[-114.023637,51.0592636],[-114.0207791,51.0559099],[-114.0201222,51.054979],[-114.0196529,51.0541664],[-114.0187553,51.0518007],[-114.0179142,51.0490457],[-114.0175382,51.0482438],[-114.0158491,51.0481682],[-114.0142019,51.0478988],[-114.0129109,51.047511],[-114.0088402,51.0460618],[-114.006703,51.0455115],[-114.0055906,51.0453216],[-114.0041064,51.0451617],[-114.0018898,51.0451293],[-114.0017376,51.0460054],[-114.0017023,51.046536],[-114.0016781,51.0547839],[-114.0047354,51.0547793],[-114.0046702,51.0547024],[-114.0096012,51.0546943]]]}},{"type":"Feature","id":"MLR","properties":{"class":"Residential","class_code":"1","comm_code":"MLR","name":"MILLRISE","sector":"SOUTH","srg":"ESTABLISHED","comm_structure":"1980s/1990s","created_dt":"2016-12-21T16:10:25.000Z","modified_dt":"2024-02-21T11:29:01.000Z","label":"Millrise","centroid":[-114.084246,50.9173642],"bounds":[-114.1000617,50.9127663,-114.0674771,50.9213579]},"geometry":{"type":"Polygon","coordinates":[[[-114.0718165,50.9213579],[-114.0951797,50.9213572],[-114.0960743,50.9213135],[-114.0970055,50.9211402],[-114.0979251,50.9208317],[-114.0987544,50.9203827],[-114.0993808,50.9198628],[-114.09987,50.9191539],[-114.1000348,50.918644],[-114.1000599,50.9182506],[-114.1000617,50.914036],[-114.0804502,50.9140065],[-114.0793908,50.9138574],[-114.077684,50.9133719],[-114.0765722,50.9131437],[-114.0716807,50.9127669],[-114.0699899,50.9128812],[-114.0674771,50.9134371],[-114.070384,50.9180402],[-114.0714253,50.9202182],[-114.0718165,50.9213579]]]}},{"type":"Feature","id":"MNI","properties":{"class":"Industrial","class_code":"2","comm_code":"MNI","name":"MANCHESTER INDUSTRIAL","sector":"CENTRE","srg":"N/A","comm_structure":"EMPLOYMENT","created_dt":"2016-12-21T16:12:18.000Z","modified_dt":"2025-12-18T12:29:55.000Z","label":"Manchester Industrial","centroid":[-114.0567466,51.0108854],"bounds":[-114.0715947,50.993883,-114.0428787,51.0340979]},"geometry":{"type":"Polygon","coordinates":[[[-114.052315,51.0297189],[-114.052206,51.0300361],[-114.052666,51.0300606],[-114.0533563,51.0303033],[-114.0534484,51.0303717],[-114.0534213,51.0304962],[-114.053589,51.0306562],[-114.0538299,51.030778],[-114.0541282,51.0310731],[-114.0547145,51.0314853],[-114.0564515,51.0323373],[-114.0568737,51.0324465],[-114.0576763,51.0328015],[-114.0583652,51.033315],[-114.0586791,51.0336416],[-114.0592692,51.0340979],[-114.0595422,51.0334317],[-114.0596692,51.0327717],[-114.0597154,51.0289334],[-114.0596346,51.0283779],[-114.0593346,51.0274759],[-114.0590113,51.0253043],[-114.0590464,51.0248042],[-114.0593539,51.0234488],[-114.0595736,51.0229727],[-114.063906,51.0169476],[-114.0644105,51.0159783],[-114.061732,51.0160124],[-114.0623397,51.0154804],[-114.062712,51.0150417],[-114.0630886,51.0143967],[-114.0632502,51.0139218],[-114.0650068,51.0013996],[-114.0715947,51.0013993],[-114.0715509,50.9942375],[-114.0679106,50.9942263],[-114.0615238,50.993883],[-114.056654,50.9939321],[-114.0521629,50.994175],[-114.0492158,50.9987302],[-114.0489423,50.9993252],[-114.0487794,51.0001965],[-114.0487733,51.0071158],[-114.0486653,51.0094005],[-114.0486602,51.0139503],[-114.0485256,51.0196929],[-114.0483522,51.0201845],[-114.0478379,51.0208977],[-114.0480462,51.0209861],[-114.0481246,51.0210904],[-114.0480815,51.0214454],[-114.0475334,51.0231279],[-114.0472636,51.0237963],[-114.0470746,51.0241185],[-114.046545,51.024779],[-114.0428787,51.0280716],[-114.0482965,51.0295778],[-114.0495262,51.0297054],[-114.0513741,51.0296582],[-114.052315,51.0297189]]]}},{"type":"Feature","id":"MON","properties":{"class":"Residential","class_code":"1","comm_code":"MON","name":"MONTGOMERY","sector":"NORTHWEST","srg":"ESTABLISHED","comm_structure":"1950s","created_dt":"2016-12-21T16:10:01.000Z","modified_dt":"2023-01-17T22:27:05.000Z","label":"Montgomery","centroid":[-114.1618321,51.0732114],"bounds":[-114.1790082,51.0606868,-114.1478261,51.081479]},"geometry":{"type":"Polygon","coordinates":[[[-114.1522227,51.081479],[-114.1678679,51.0814761],[-114.1682648,51.0813513],[-114.1692141,51.0807203],[-114.1705417,51.0800659],[-114.1707068,51.0799184],[-114.1712244,51.0797138],[-114.172204,51.0794579],[-114.1728147,51.0792195],[-114.1744279,51.0790302],[-114.1752861,51.0788128],[-114.1763808,51.0783532],[-114.177578,51.0776587],[-114.1781532,51.0769725],[-114.1788387,51.0763017],[-114.1789515,51.0760742],[-114.1790068,51.0757551],[-114.178996,51.0754282],[-114.1789018,51.0751105],[-114.1785575,51.074404],[-114.1783284,51.0740974],[-114.1776752,51.073487],[-114.17626,51.072315],[-114.1760153,51.0721928],[-114.1760493,51.0721275],[-114.1759977,51.0720678],[-114.1751804,51.0713342],[-114.174489,51.0708338],[-114.1740174,51.0703707],[-114.1736318,51.0701084],[-114.1728021,51.0697523],[-114.1725559,51.0695689],[-114.1722679,51.0695504],[-114.1721878,51.0693464],[-114.1719025,51.0692155],[-114.1709924,51.0689088],[-114.1704113,51.0688228],[-114.1695107,51.0685923],[-114.1666426,51.0675653],[-114.1646086,51.0670185],[-114.1624233,51.0665379],[-114.1608309,51.0663031],[-114.1598768,51.0660977],[-114.1576685,51.0658143],[-114.1563888,51.0654798],[-114.1552122,51.0649295],[-114.1545165,51.0643654],[-114.1544323,51.0641704],[-114.1541,51.0638638],[-114.1540569,51.0637056],[-114.1537823,51.0634707],[-114.1533015,51.0628426],[-114.1532899,51.0627531],[-114.1534271,51.0626362],[-114.1531261,51.0626099],[-114.1518238,51.0606868],[-114.1483405,51.0641873],[-114.1480579,51.0645733],[-114.1479434,51.0648306],[-114.1478341,51.0653058],[-114.1478261,51.065602],[-114.1479766,51.0668872],[-114.1479462,51.06819],[-114.1480281,51.0686983],[-114.1483175,51.0692064],[-114.1513373,51.0734482],[-114.151722,51.074191],[-114.1520124,51.0749428],[-114.1521515,51.0756264],[-114.1522008,51.0762864],[-114.1522227,51.081479]]]}},{"type":"Feature","id":"MOP","properties":{"class":"Residential","class_code":"1","comm_code":"MOP","name":"MOUNT PLEASANT","sector":"CENTRE","srg":"ESTABLISHED","comm_structure":"INNER CITY","created_dt":"2016-12-21T16:10:17.000Z","modified_dt":"2023-03-06T21:46:40.000Z","label":"Mount Pleasant","centroid":[-114.0758051,51.0739201],"bounds":[-114.0860005,51.066922,-114.0674876,51.0815673]},"geometry":{"type":"Polygon","coordinates":[[[-114.0854745,51.0791897],[-114.0860005,51.0788624],[-114.0853521,51.0783935],[-114.085014,51.0780197],[-114.0847199,51.0774918],[-114.0846164,51.0769101],[-114.0845907,51.0732302],[-114.0848976,51.071808],[-114.0848984,51.066922],[-114.0674939,51.0669299],[-114.0674876,51.0815224],[-114.0799391,51.0815642],[-114.0799274,51.0807128],[-114.079691,51.0803131],[-114.0794342,51.0800719],[-114.0799711,51.0799154],[-114.0806894,51.0799131],[-114.0806906,51.0795146],[-114.082475,51.0795142],[-114.0824768,51.0786204],[-114.0832073,51.0777393],[-114.0838877,51.0777391],[-114.0848042,51.0787623],[-114.0854745,51.0791897]]]}},{"type":"Feature","id":"MOR","properties":{"class":"Residential","class_code":"1","comm_code":"MOR","name":"MONTEREY PARK","sector":"NORTHEAST","srg":"ESTABLISHED","comm_structure":"2000s","created_dt":"2016-12-21T16:10:32.000Z","modified_dt":"2024-12-12T11:24:51.000Z","label":"Monterey Park","centroid":[-113.9274867,51.0819833],"bounds":[-113.9351523,51.066831,-113.9185434,51.0967613]},"geometry":{"type":"Polygon","coordinates":[[[-113.9351432,51.096088],[-113.9351333,51.0669793],[-113.9257712,51.066831],[-113.9204725,51.0668404],[-113.9204909,51.0744095],[-113.9207243,51.0777684],[-113.920704,51.0801366],[-113.920524,51.0822642],[-113.9203505,51.0834434],[-113.9193838,51.0877854],[-113.9190377,51.0901023],[-113.9188722,51.0915995],[-113.9185434,51.0967541],[-113.9203033,51.0967498],[-113.9229106,51.0966057],[-113.9296,51.0960649],[-113.9351432,51.096088]]]}},{"type":"Feature","id":"MPK","properties":{"class":"Residential","class_code":"1","comm_code":"MPK","name":"MARLBOROUGH PARK","sector":"NORTHEAST","srg":"ESTABLISHED","comm_structure":"1960s/1970s","created_dt":"2016-12-21T16:10:08.000Z","modified_dt":"2024-12-12T11:45:18.000Z","label":"Marlborough Park","centroid":[-113.9462662,51.060054],"bounds":[-113.9584204,51.0524113,-113.9351333,51.0669828]},"geometry":{"type":"Polygon","coordinates":[[[-113.9584204,51.0669828],[-113.9584061,51.0607386],[-113.9583602,51.0600295],[-113.9580311,51.0586537],[-113.9557539,51.0533352],[-113.9528763,51.0538301],[-113.951568,51.0538826],[-113.9503802,51.0536585],[-113.9475498,51.0526423],[-113.9464931,51.0524455],[-113.9351475,51.0524199],[-113.9351333,51.0669793],[-113.9584204,51.0669828]]]}},{"type":"Feature","id":"MPL","properties":{"class":"Residential","class_code":"1","comm_code":"MPL","name":"MAPLE RIDGE","sector":"SOUTH","srg":"ESTABLISHED","comm_structure":"1960s/1970s","created_dt":"2016-12-21T16:10:06.000Z","modified_dt":"2023-06-01T17:03:38.000Z","label":"Maple Ridge","centroid":[-114.0336004,50.9584731],"bounds":[-114.0484422,50.9482341,-114.0209643,50.9697957]},"geometry":{"type":"Polygon","coordinates":[[[-114.0484422,50.964052],[-114.0484092,50.9622704],[-114.0471814,50.9612652],[-114.0468534,50.9611111],[-114.0450552,50.960563],[-114.0446573,50.9603996],[-114.0443407,50.9601901],[-114.0420545,50.9580613],[-114.0409699,50.956988],[-114.040809,50.9567331],[-114.0407315,50.9565013],[-114.0407456,50.9559646],[-114.0419654,50.9482439],[-114.0333728,50.9482589],[-114.0324826,50.9483202],[-114.0302961,50.9487976],[-114.0291932,50.9492013],[-114.0282452,50.9496539],[-114.0272973,50.9503265],[-114.0268669,50.950814],[-114.0264077,50.9515126],[-114.0260984,50.9521728],[-114.0255801,50.9536021],[-114.0245934,50.9532242],[-114.0234703,50.9529289],[-114.0220431,50.9526484],[-114.0209643,50.9525167],[-114.021261,50.9535319],[-114.0214878,50.9539129],[-114.0217654,50.9542676],[-114.0224081,50.9548441],[-114.0229339,50.9554052],[-114.0230298,50.9556733],[-114.0237404,50.9566181],[-114.024032,50.9568109],[-114.0240867,50.9572038],[-114.0240157,50.9577988],[-114.0240617,50.9580742],[-114.0243799,50.9586456],[-114.0245601,50.9588542],[-114.0243752,50.9591673],[-114.0252915,50.9608934],[-114.0252548,50.9612056],[-114.0249397,50.9612902],[-114.024703,50.9614436],[-114.0244954,50.9618069],[-114.0243077,50.9615175],[-114.0240567,50.9615387],[-114.0239142,50.9620101],[-114.0239185,50.962364],[-114.0238299,50.9625334],[-114.0238486,50.9631264],[-114.024006,50.9634194],[-114.0239179,50.9634528],[-114.0240776,50.9638125],[-114.0246031,50.9644349],[-114.0247171,50.9647029],[-114.0250013,50.9669072],[-114.0252538,50.9677412],[-114.0257535,50.9686955],[-114.0265276,50.9696436],[-114.0265451,50.9697071],[-114.0264681,50.9697794],[-114.0430549,50.9643484],[-114.0438704,50.9641575],[-114.04489,50.9640541],[-114.0484422,50.964052]]]}},{"type":"Feature","id":"MRL","properties":{"class":"Residential","class_code":"1","comm_code":"MRL","name":"MARLBOROUGH","sector":"NORTHEAST","srg":"ESTABLISHED","comm_structure":"1960s/1970s","created_dt":"2016-12-21T16:10:07.000Z","modified_dt":"2024-12-12T11:47:37.000Z","label":"Marlborough","centroid":[-113.9698027,51.0597384],"bounds":[-113.9817145,51.052123,-113.9557539,51.0669828]},"geometry":{"type":"Polygon","coordinates":[[[-113.9817145,51.0669673],[-113.9817108,51.052123],[-113.9778841,51.0525507],[-113.9746643,51.0527894],[-113.9721672,51.0528416],[-113.9587833,51.052871],[-113.9557539,51.0533352],[-113.9580311,51.0586537],[-113.9583602,51.0600295],[-113.9584061,51.0607386],[-113.9584204,51.0669828],[-113.9817145,51.0669673]]]}},{"type":"Feature","id":"MRN","properties":{"class":"Residential","class_code":"1","comm_code":"MRN","name":"MORAINE","sector":"NORTH","srg":"DEVELOPING","comm_structure":"BUILDING OUT","created_dt":"2024-02-13T07:59:54.000Z","modified_dt":"2026-08-27T21:58:19.000Z","label":"Moraine","centroid":[-114.1062641,51.1905619],"bounds":[-114.1179198,51.1831596,-114.0945835,51.1978715]},"geometry":{"type":"Polygon","coordinates":[[[-114.1179169,51.1978342],[-114.1179198,51.1831596],[-114.1161123,51.1832381],[-114.0946009,51.1833238],[-114.0945835,51.1978715],[-114.1179169,51.1978342]]]}},{"type":"Feature","id":"MRT","properties":{"class":"Residential","class_code":"1","comm_code":"MRT","name":"MARTINDALE","sector":"NORTHEAST","srg":"ESTABLISHED","comm_structure":"1980s/1990s","created_dt":"2016-12-21T16:10:28.000Z","modified_dt":"2020-10-22T10:48:13.000Z","label":"Martindale","centroid":[-113.9588976,51.1176755],"bounds":[-113.9738942,51.1106184,-113.9467688,51.1252226]},"geometry":{"type":"Polygon","coordinates":[[[-113.94972,51.1251836],[-113.9699998,51.1252226],[-113.96994,51.1244829],[-113.9697995,51.1238883],[-113.9698581,51.1218884],[-113.9698459,51.1198777],[-113.9699578,51.1183446],[-113.970217,51.1171413],[-113.9705859,51.1161467],[-113.9714915,51.1144586],[-113.9724438,51.1132427],[-113.9738942,51.1118091],[-113.9709554,51.1108851],[-113.9692304,51.1106512],[-113.9469424,51.11063],[-113.9467737,51.1122344],[-113.9467719,51.1214015],[-113.9468565,51.1227143],[-113.9469924,51.1230866],[-113.9472889,51.1234458],[-113.9492732,51.1245292],[-113.9495729,51.1248265],[-113.94972,51.1251836]]]}},{"type":"Feature","id":"NAW","properties":{"class":"Industrial","class_code":"2","comm_code":"NAW","name":"NORTH AIRWAYS","sector":"NORTHEAST","srg":"N/A","comm_structure":"EMPLOYMENT","created_dt":"2016-12-21T16:12:14.000Z","modified_dt":"2024-12-12T12:25:00.000Z","label":"North Airways","centroid":[-114.0088525,51.0877211],"bounds":[-114.0201062,51.0814876,-114.001637,51.0928053]},"geometry":{"type":"Polygon","coordinates":[[[-114.001637,51.0927926],[-114.0200883,51.0928041],[-114.0201062,51.0907821],[-114.0199698,51.090782],[-114.0199823,51.0897975],[-114.0151886,51.0897963],[-114.0151889,51.0882835],[-114.0133808,51.0882817],[-114.0134202,51.0814924],[-114.0017242,51.0814922],[-114.0017064,51.0887103],[-114.001637,51.0927926]]]}},{"type":"Feature","id":"NEB","properties":{"class":"Residential","class_code":"1","comm_code":"NEB","name":"NEW BRIGHTON","sector":"SOUTHEAST","srg":"ESTABLISHED","comm_structure":"2010s","created_dt":"2020-10-08T09:10:23.000Z","modified_dt":"2025-01-22T08:19:12.000Z","label":"New Brighton","centroid":[-113.946142,50.9216262],"bounds":[-113.9581984,50.912773,-113.9322074,50.9313726]},"geometry":{"type":"Polygon","coordinates":[[[-113.9580844,50.9298559],[-113.9581698,50.9278239],[-113.9581984,50.9191678],[-113.9581706,50.9178316],[-113.9580553,50.9172853],[-113.9578254,50.9167822],[-113.9574777,50.9162502],[-113.9564748,50.9153564],[-113.9556175,50.9147785],[-113.9519155,50.912773],[-113.9510491,50.9133287],[-113.9504822,50.9136017],[-113.9498203,50.9138317],[-113.9488779,50.9140277],[-113.9478354,50.9140842],[-113.9396587,50.9140947],[-113.9383661,50.9142087],[-113.9373668,50.914422],[-113.936063,50.914908],[-113.9354827,50.9152309],[-113.934898,50.9156413],[-113.933065,50.9173723],[-113.9326467,50.9179255],[-113.932444,50.9183197],[-113.9322868,50.9188035],[-113.9322147,50.919354],[-113.9322074,50.9213727],[-113.9322855,50.9219483],[-113.9324823,50.9224501],[-113.9328639,50.923016],[-113.9345082,50.9247127],[-113.9347996,50.9251043],[-113.9349989,50.9254886],[-113.9351167,50.9258763],[-113.9351589,50.9262779],[-113.9351981,50.9287819],[-113.9494103,50.9287402],[-113.9507493,50.9287799],[-113.9519546,50.9289634],[-113.9528888,50.9292244],[-113.9537044,50.9295584],[-113.9557409,50.9306934],[-113.9566093,50.9310193],[-113.9581457,50.9313726],[-113.9580844,50.9298559]]]}},{"type":"Feature","id":"NGM","properties":{"class":"Residential","class_code":"1","comm_code":"NGM","name":"NORTH GLENMORE PARK","sector":"WEST","srg":"ESTABLISHED","comm_structure":"1950s","created_dt":"2016-12-21T16:10:10.000Z","modified_dt":"2023-06-01T17:08:27.000Z","label":"North Glenmore Park","centroid":[-114.1128096,51.0019264],"bounds":[-114.118067,50.994049,-114.1064736,51.0087312]},"geometry":{"type":"Polygon","coordinates":[[[-114.1179454,50.9941395],[-114.1146046,50.9941394],[-114.1144482,50.994049],[-114.1135758,50.9940491],[-114.1134446,50.9941395],[-114.1091976,50.9941396],[-114.1091942,51.00139],[-114.1064822,51.0013911],[-114.1064736,51.0087298],[-114.1179902,51.0087312],[-114.1179298,51.0037589],[-114.118067,51.0013347],[-114.1179353,50.9988581],[-114.1179454,50.9941395]]]}},{"type":"Feature","id":"NHU","properties":{"class":"Residential","class_code":"1","comm_code":"NHU","name":"NORTH HAVEN UPPER","sector":"NORTH","srg":"ESTABLISHED","comm_structure":"1960s/1970s","created_dt":"2016-12-21T16:10:19.000Z","modified_dt":"2020-10-22T10:53:46.000Z","label":"North Haven Upper","centroid":[-114.0858667,51.103556],"bounds":[-114.092388,51.1014109,-114.0817613,51.1074062]},"geometry":{"type":"Polygon","coordinates":[[[-114.0818728,51.1023197],[-114.0820632,51.1029478],[-114.082456,51.1035325],[-114.0825819,51.1038568],[-114.082567,51.1044878],[-114.0824325,51.1045942],[-114.0823793,51.1047329],[-114.082378,51.105204],[-114.0825947,51.1056359],[-114.083023,51.1060501],[-114.0825472,51.1062716],[-114.0835332,51.1071213],[-114.0844713,51.1074062],[-114.0852957,51.1064753],[-114.0857743,51.1060345],[-114.0870289,51.1050641],[-114.0886967,51.1041328],[-114.0913336,51.1028458],[-114.092388,51.1021648],[-114.0906765,51.102207],[-114.0906764,51.1014109],[-114.0817613,51.1014121],[-114.0817613,51.1017416],[-114.0818679,51.1019194],[-114.0818728,51.1023197]]]}},{"type":"Feature","id":"NHV","properties":{"class":"Residential","class_code":"1","comm_code":"NHV","name":"NORTH HAVEN","sector":"NORTH","srg":"ESTABLISHED","comm_structure":"1960s/1970s","created_dt":"2016-12-21T16:10:03.000Z","modified_dt":"2020-10-22T10:31:02.000Z","label":"North Haven","centroid":[-114.0895614,51.0966687],"bounds":[-114.0947504,51.0896896,-114.0811648,51.102207]},"geometry":{"type":"Polygon","coordinates":[[[-114.0906765,51.102207],[-114.092388,51.1021648],[-114.0929361,51.1017273],[-114.0937064,51.1009104],[-114.094325,51.0999227],[-114.0946178,51.0991417],[-114.0947278,51.0984249],[-114.0947473,51.0969829],[-114.0947504,51.0954934],[-114.094704,51.0952112],[-114.0947353,51.0897123],[-114.0935069,51.0897028],[-114.0927533,51.089792],[-114.0917028,51.0900399],[-114.0905519,51.090519],[-114.0898934,51.0909527],[-114.0845785,51.0954289],[-114.0840117,51.0960975],[-114.083274,51.0973421],[-114.0844234,51.0977686],[-114.0828959,51.0985607],[-114.0811648,51.1014115],[-114.0906764,51.1014109],[-114.0906765,51.102207]]]}},{"type":"Feature","id":"NOL","properties":{"class":"Residential","class_code":"1","comm_code":"NOL","name":"NOLAN HILL","sector":"NORTH","srg":"COMPLETE","comm_structure":"2020s","created_dt":"2020-06-23T16:53:22.000Z","modified_dt":"2026-02-18T09:53:13.000Z","label":"Nolan Hill","centroid":[-114.1655854,51.1754845],"bounds":[-114.1760872,51.1675021,-114.1518802,51.1832178]},"geometry":{"type":"Polygon","coordinates":[[[-114.1760606,51.1832178],[-114.1760872,51.1746848],[-114.1760428,51.1740329],[-114.1758951,51.1735102],[-114.1755757,51.1729168],[-114.1749561,51.1722159],[-114.1743036,51.1717175],[-114.1733893,51.1712296],[-114.1722587,51.1708316],[-114.1712904,51.1706282],[-114.1685605,51.1701919],[-114.1677639,51.1699606],[-114.1669998,51.1696661],[-114.1662383,51.1692544],[-114.1656717,51.16884],[-114.1651925,51.1683653],[-114.1645963,51.1675021],[-114.1625559,51.167937],[-114.1614129,51.1680407],[-114.1518802,51.1680432],[-114.153029,51.1707985],[-114.1531752,51.1710443],[-114.1537121,51.1717543],[-114.1551954,51.1732899],[-114.1562844,51.1745652],[-114.1567796,51.1752021],[-114.1577486,51.1766891],[-114.1593081,51.1786724],[-114.1609647,51.181554],[-114.1611288,51.1822999],[-114.1611313,51.183214],[-114.1760606,51.1832178]]]}},{"type":"Feature","id":"NPK","properties":{"class":"Major Park","class_code":"3","comm_code":"NPK","name":"NOSE HILL PARK","sector":"NORTHWEST","srg":"N/A","comm_structure":"PARKS","created_dt":"2016-12-21T16:12:57.000Z","modified_dt":"2016-12-21T16:12:57.000Z","label":"Nose Hill Park","centroid":[-114.1108444,51.1127245],"bounds":[-114.1401148,51.0897123,-114.0830751,51.1328555]},"geometry":{"type":"Polygon","coordinates":[[[-114.1180823,51.131016],[-114.1220959,51.1318543],[-114.1241485,51.1328555],[-114.1253295,51.1320816],[-114.1291778,51.1301343],[-114.130536,51.129284],[-114.1315987,51.1284697],[-114.1323348,51.1277894],[-114.1329215,51.1271372],[-114.1337959,51.1258163],[-114.1341116,51.1251587],[-114.1343169,51.1244299],[-114.1344544,51.1236537],[-114.134516,51.1229815],[-114.134463,51.1222435],[-114.1338536,51.1179557],[-114.1338138,51.1173717],[-114.1338874,51.1164655],[-114.1340255,51.1159213],[-114.1345686,51.1148565],[-114.1348975,51.1144101],[-114.1353026,51.1139616],[-114.1388902,51.110747],[-114.1395293,51.1100102],[-114.1401148,51.1090747],[-114.1327018,51.1060179],[-114.1314707,51.1054761],[-114.1302853,51.1048565],[-114.1281007,51.1036758],[-114.1187778,51.0983945],[-114.1134198,51.0949253],[-114.1122296,51.0942897],[-114.1110848,51.0938559],[-114.1101945,51.0936273],[-114.1028924,51.0919371],[-114.0979054,51.0903898],[-114.0961224,51.0899315],[-114.0947353,51.0897123],[-114.0947278,51.0984249],[-114.0946178,51.0991417],[-114.0944596,51.0996046],[-114.0941506,51.1002408],[-114.0937064,51.1009104],[-114.0929361,51.1017273],[-114.092388,51.1021648],[-114.0913336,51.1028458],[-114.0881132,51.1044389],[-114.0866987,51.1052846],[-114.0852957,51.1064753],[-114.0843149,51.1076244],[-114.0837174,51.1086339],[-114.08325,51.1098101],[-114.0831139,51.1103805],[-114.0830751,51.1116854],[-114.0831447,51.1122902],[-114.0835723,51.1136293],[-114.0842605,51.114925],[-114.0854273,51.116368],[-114.0864808,51.1173265],[-114.0925135,51.1218771],[-114.0944588,51.1236329],[-114.0953084,51.1242502],[-114.097191,51.1251595],[-114.1027542,51.1274605],[-114.1043058,51.1283071],[-114.1050532,51.1289592],[-114.1056166,51.1296724],[-114.1058598,51.130148],[-114.1063071,51.1316263],[-114.1096907,51.1313958],[-114.111595,51.1309783],[-114.1120238,51.1309432],[-114.1128385,51.131072],[-114.1131155,51.1311872],[-114.1135554,51.1314902],[-114.1142239,51.1312354],[-114.1146384,51.1311479],[-114.1169308,51.1310256],[-114.1180226,51.1311355],[-114.1180823,51.131016]]]}},{"type":"Feature","id":"OAK","properties":{"class":"Residential","class_code":"1","comm_code":"OAK","name":"OAKRIDGE","sector":"SOUTH","srg":"ESTABLISHED","comm_structure":"1960s/1970s","created_dt":"2016-12-21T16:10:29.000Z","modified_dt":"2024-02-21T12:01:01.000Z","label":"Oakridge","centroid":[-114.1302385,50.9685857],"bounds":[-114.1412999,50.9613004,-114.1179467,50.9780387]},"geometry":{"type":"Polygon","coordinates":[[[-114.1412957,50.9659172],[-114.1407446,50.9651626],[-114.1401742,50.9641573],[-114.1400281,50.96396],[-114.1396198,50.9636481],[-114.1390227,50.9634192],[-114.1371956,50.962939],[-114.1364817,50.9625816],[-114.1351847,50.9617792],[-114.1348788,50.9616418],[-114.1341217,50.9614314],[-114.133205,50.9613314],[-114.1179686,50.9613086],[-114.1179467,50.9722205],[-114.1205826,50.972246],[-114.1223195,50.9725044],[-114.1233367,50.9727774],[-114.1244808,50.9732272],[-114.1268637,50.9746192],[-114.1283105,50.9752385],[-114.1300094,50.9756217],[-114.1325706,50.9758513],[-114.1336493,50.9760088],[-114.1345004,50.9762202],[-114.1354734,50.9765414],[-114.1379747,50.9777402],[-114.1384678,50.977911],[-114.1393288,50.9780307],[-114.1412999,50.9780387],[-114.1412957,50.9659172]]]}},{"type":"Feature","id":"OGD","properties":{"class":"Residential","class_code":"1","comm_code":"OGD","name":"OGDEN","sector":"SOUTHEAST","srg":"ESTABLISHED","comm_structure":"1950s","created_dt":"2016-12-21T16:10:02.000Z","modified_dt":"2025-12-18T10:36:54.000Z","label":"Ogden","centroid":[-114.0124191,50.9902417],"bounds":[-114.0302595,50.979085,-113.99366,51.0046755]},"geometry":{"type":"Polygon","coordinates":[[[-114.0117211,50.9986799],[-114.0131843,50.999824],[-114.0137183,51.0006119],[-114.0139108,51.0007851],[-114.0159714,51.0015589],[-114.0160211,51.0025231],[-114.0174792,51.0026431],[-114.0188071,51.0029515],[-114.0197463,51.0033187],[-114.0225223,51.0046755],[-114.0230178,51.0039806],[-114.0231029,51.0037311],[-114.0233069,51.003452],[-114.0238734,51.0029492],[-114.0246323,51.0025466],[-114.0259187,51.0019916],[-114.0278352,51.0014576],[-114.0284079,51.0010425],[-114.0288574,51.0006305],[-114.0298968,50.9993125],[-114.0301454,50.9986965],[-114.0302589,50.9980464],[-114.0301795,50.9977214],[-114.0301802,50.9971006],[-114.0296635,50.9964952],[-114.0287175,50.9957065],[-114.0280683,50.9954359],[-114.0279186,50.9951821],[-114.0269424,50.994567],[-114.0258101,50.9940343],[-114.0243978,50.993248],[-114.0236157,50.9925341],[-114.0233684,50.9920685],[-114.0230259,50.9911364],[-114.0228829,50.9903811],[-114.0227863,50.9901559],[-114.0227302,50.9896833],[-114.022801,50.9892761],[-114.0229626,50.9889225],[-114.023183,50.988684],[-114.0251777,50.9870585],[-114.0203294,50.9830238],[-114.0196483,50.9825364],[-114.0183657,50.9817706],[-114.0173744,50.9812928],[-114.0161724,50.9808113],[-114.014343,50.9802553],[-114.0123491,50.9798287],[-114.0096516,50.9794327],[-114.0069779,50.9792549],[-113.9971089,50.979085],[-113.99366,50.9790925],[-113.9941068,50.9824696],[-113.9942948,50.9833608],[-113.9945275,50.9839832],[-113.9948295,50.9845766],[-113.9951691,50.9851071],[-113.995714,50.9857832],[-114.0093255,50.9999003],[-114.0117211,50.9986799]]]}},{"type":"Feature","id":"OPH","properties":{"class":"Residential","class_code":"1","comm_code":"OPH","name":"OSPREY HILL","sector":"WEST","srg":"DEVELOPING","comm_structure":"2000s","created_dt":"2021-10-07T10:47:33.000Z","modified_dt":"2024-02-20T17:14:01.000Z","label":"Osprey Hill","centroid":[-114.2380429,51.0832995],"bounds":[-114.2418922,51.0813943,-114.2342176,51.0851181]},"geometry":{"type":"Polygon","coordinates":[[[-114.2418908,51.0850489],[-114.241882,51.0815434],[-114.2343622,51.0815124],[-114.2343621,51.0813943],[-114.2342681,51.0815159],[-114.2342221,51.0816935],[-114.2342176,51.0851181],[-114.2418908,51.0850489]]]}},{"type":"Feature","id":"OSH","properties":{"class":"Industrial","class_code":"2","comm_code":"OSH","name":"OGDEN SHOPS","sector":"EAST","srg":"N/A","comm_structure":"EMPLOYMENT","created_dt":"2016-12-21T16:12:15.000Z","modified_dt":"2025-12-18T10:37:45.000Z","label":"Ogden Shops","centroid":[-113.997252,50.9942491],"bounds":[-114.0160211,50.9790925,-113.9853797,51.0030984]},"geometry":{"type":"Polygon","coordinates":[[[-114.0160211,51.0025231],[-114.0159714,51.0015589],[-114.0141339,51.0009],[-114.0138785,51.0007627],[-114.0136977,51.0005845],[-114.0131843,50.999824],[-114.0117211,50.9986799],[-114.0093255,50.9999003],[-113.996348,50.9864518],[-113.9953424,50.9853408],[-113.9947324,50.984401],[-113.9942653,50.9832612],[-113.9941068,50.9824696],[-113.99366,50.9790925],[-113.9927918,50.9790947],[-113.9930783,50.9812303],[-113.992652,50.9817694],[-113.9895974,50.9835559],[-113.9890813,50.9839636],[-113.9887411,50.9843418],[-113.9885793,50.984582],[-113.9887624,50.9846249],[-113.987486,50.986792],[-113.9856078,50.9908539],[-113.9854482,50.9913717],[-113.9853862,50.9918096],[-113.9853979,50.992337],[-113.9854793,50.9927736],[-113.985851,50.9936522],[-113.986543,50.9945281],[-113.9872014,50.9950849],[-113.9879399,50.995551],[-113.9903627,50.9966036],[-113.9915578,50.9984077],[-113.9926532,50.9994081],[-113.9976592,51.0020588],[-113.998309,51.0023295],[-113.998965,51.0025181],[-114.0000859,51.0026858],[-114.0055382,51.0029726],[-114.0056207,51.0030984],[-114.0063411,51.0029462],[-114.0072665,51.0028603],[-114.0160211,51.0025231]]]}},{"type":"Feature","id":"PAL","properties":{"class":"Residential","class_code":"1","comm_code":"PAL","name":"PALLISER","sector":"SOUTH","srg":"ESTABLISHED","comm_structure":"1960s/1970s","created_dt":"2016-12-21T16:10:09.000Z","modified_dt":"2023-04-13T14:04:09.000Z","label":"Palliser","centroid":[-114.112165,50.9667788],"bounds":[-114.1179686,50.9613086,-114.1063497,50.9722389]},"geometry":{"type":"Polygon","coordinates":[[[-114.1063659,50.961412],[-114.1063532,50.9722291],[-114.1179467,50.9722205],[-114.1179686,50.9613086],[-114.1085177,50.9613221],[-114.1063659,50.961412]]]}},{"type":"Feature","id":"PAN","properties":{"class":"Residential","class_code":"1","comm_code":"PAN","name":"PANORAMA HILLS","sector":"NORTH","srg":"ESTABLISHED","comm_structure":"2010s","created_dt":"2020-10-08T09:10:23.000Z","modified_dt":"2026-02-02T15:19:33.000Z","label":"Panorama Hills","centroid":[-114.0850465,51.161212],"bounds":[-114.1095639,51.1447783,-114.0666078,51.1746158]},"geometry":{"type":"Polygon","coordinates":[[[-114.0924404,51.1740057],[-114.0951746,51.1733289],[-114.0964115,51.1729351],[-114.0976482,51.1724581],[-114.0988968,51.1719207],[-114.1000971,51.1713154],[-114.1011052,51.1707329],[-114.1021491,51.1700445],[-114.1030967,51.1693185],[-114.1046074,51.1678819],[-114.1052237,51.1671442],[-114.1079455,51.1632772],[-114.1086135,51.1624747],[-114.1095639,51.1614843],[-114.0946162,51.1615047],[-114.0946212,51.154264],[-114.0947591,51.1542638],[-114.0947587,51.1540829],[-114.1008135,51.1540786],[-114.100505,51.1538795],[-114.0999075,51.1538334],[-114.0996524,51.1536621],[-114.0993204,51.153006],[-114.0991657,51.1528877],[-114.0985384,51.1527814],[-114.0984355,51.1525388],[-114.0982112,51.1523214],[-114.0988706,51.1518152],[-114.0979369,51.1511698],[-114.0972055,51.1510882],[-114.0971442,51.1506597],[-114.0973495,51.1501202],[-114.0965201,51.1497129],[-114.0960426,51.1491678],[-114.0953822,51.1493883],[-114.0940814,51.1490159],[-114.0936345,51.1482528],[-114.0918146,51.1474584],[-114.0923797,51.1471868],[-114.0923778,51.1465435],[-114.091517,51.1461594],[-114.090205,51.1452213],[-114.0885159,51.1447783],[-114.0847969,51.145669],[-114.0831986,51.1462958],[-114.082262,51.1466015],[-114.0761157,51.1477958],[-114.0746045,51.1482076],[-114.0736389,51.1485538],[-114.0720772,51.1492722],[-114.070828,51.1500129],[-114.0699594,51.1506434],[-114.0674522,51.1527218],[-114.0666078,51.1532631],[-114.0689267,51.1551372],[-114.0696157,51.15604],[-114.0698597,51.1565787],[-114.0711818,51.1618221],[-114.071151,51.162749],[-114.0707974,51.1636761],[-114.0704044,51.1643282],[-114.070396,51.1642436],[-114.068828,51.1661013],[-114.0683879,51.1667102],[-114.0682263,51.166979],[-114.0679035,51.167805],[-114.0678464,51.1683442],[-114.0679324,51.1691105],[-114.0680521,51.1694642],[-114.0684913,51.1703321],[-114.0689331,51.1716321],[-114.0690788,51.1724088],[-114.0691636,51.1735039],[-114.0847411,51.1745972],[-114.0872092,51.1746051],[-114.0885475,51.174536],[-114.0911545,51.1742339],[-114.0924404,51.1740057]]]}},{"type":"Feature","id":"PAT","properties":{"class":"Residential","class_code":"1","comm_code":"PAT","name":"PATTERSON","sector":"WEST","srg":"ESTABLISHED","comm_structure":"1980s/1990s","created_dt":"2016-12-21T16:10:22.000Z","modified_dt":"2023-06-01T22:56:41.000Z","label":"Patterson","centroid":[-114.178056,51.0643799],"bounds":[-114.1964055,51.0526342,-114.1641643,51.075259]},"geometry":{"type":"Polygon","coordinates":[[[-114.1964028,51.0742959],[-114.1964055,51.0725256],[-114.1935377,51.0725358],[-114.1935391,51.0707282],[-114.1906628,51.0707303],[-114.1906769,51.0689241],[-114.1878226,51.0689224],[-114.1878274,51.0669393],[-114.1875408,51.0669394],[-114.1875418,51.0657913],[-114.1876116,51.065787],[-114.1876127,51.0646772],[-114.1836202,51.0619336],[-114.1830941,51.0615959],[-114.1783371,51.0592039],[-114.1777757,51.0588233],[-114.1769703,51.0584241],[-114.1769046,51.0584768],[-114.1752964,51.0576787],[-114.1749219,51.0574017],[-114.1747124,51.0570273],[-114.1742279,51.0570404],[-114.1737724,51.0569415],[-114.1729955,51.0565999],[-114.1693667,51.0552692],[-114.169065,51.055058],[-114.1689613,51.0549019],[-114.1686023,51.053927],[-114.1675714,51.0539089],[-114.1665274,51.0537126],[-114.1658201,51.0534479],[-114.1643029,51.0526342],[-114.1642823,51.0557649],[-114.1641643,51.0577641],[-114.1641965,51.0584905],[-114.1645708,51.059859],[-114.1651812,51.0611433],[-114.165627,51.0618132],[-114.1661762,51.0624736],[-114.1669029,51.063199],[-114.1679852,51.0641381],[-114.1691852,51.0649186],[-114.170296,51.065541],[-114.171584,51.0661258],[-114.175684,51.0676843],[-114.1767648,51.0681483],[-114.1779642,51.0687146],[-114.1801119,51.0698568],[-114.1829127,51.0716684],[-114.1842621,51.072728],[-114.1855527,51.0738808],[-114.1868418,51.075259],[-114.1876668,51.0749851],[-114.1876673,51.0742965],[-114.1964028,51.0742959]]]}},{"type":"Feature","id":"PCK","properties":{"class":"Residential","class_code":"1","comm_code":"PCK","name":"PINE CREEK","sector":"SOUTH","srg":"DEVELOPING","comm_structure":"BUILDING OUT","created_dt":"2017-09-26T13:19:38.000Z","modified_dt":"2024-02-21T09:11:03.000Z","label":"Pine Creek","centroid":[-114.0665808,50.8571813],"bounds":[-114.0828416,50.8484927,-114.0477847,50.8641548]},"geometry":{"type":"Polygon","coordinates":[[[-114.0544066,50.8631049],[-114.0828416,50.8631073],[-114.0828407,50.863016],[-114.0822883,50.8627545],[-114.0822349,50.8623816],[-114.0819733,50.861984],[-114.0816584,50.8611582],[-114.0816095,50.8608065],[-114.0816397,50.860665],[-114.0820109,50.8602117],[-114.0817517,50.8591618],[-114.0804478,50.8592207],[-114.0799648,50.8584748],[-114.0799498,50.8580595],[-114.0803881,50.8576696],[-114.0801128,50.8572404],[-114.0801728,50.8570566],[-114.0798563,50.8566546],[-114.0800014,50.8559631],[-114.0796103,50.8559628],[-114.0786616,50.8537558],[-114.0777031,50.852988],[-114.0762707,50.8522235],[-114.0755135,50.8529284],[-114.0747768,50.8533022],[-114.0743056,50.8536639],[-114.074007,50.854219],[-114.0728182,50.8540859],[-114.0710662,50.8540621],[-114.0710687,50.8533464],[-114.0707831,50.8533466],[-114.0707998,50.8485204],[-114.0606093,50.8484927],[-114.060601,50.8486155],[-114.0605142,50.8486125],[-114.0600948,50.8488544],[-114.0601465,50.849107],[-114.0600052,50.8493684],[-114.0598498,50.8494062],[-114.0596995,50.8492848],[-114.0592618,50.8491246],[-114.0589283,50.8491211],[-114.0586222,50.8489635],[-114.0585155,50.8489972],[-114.0584157,50.8492631],[-114.0582689,50.8494001],[-114.0582607,50.8495269],[-114.0581163,50.8496336],[-114.0579618,50.849655],[-114.0578235,50.8498431],[-114.0578209,50.8501312],[-114.0582053,50.8503417],[-114.0580909,50.8505831],[-114.0576901,50.8507124],[-114.057422,50.8507098],[-114.0572731,50.8506344],[-114.0571313,50.8506569],[-114.0570507,50.8507182],[-114.0570461,50.8508066],[-114.0568555,50.8511127],[-114.0567853,50.8511252],[-114.056628,50.8509774],[-114.0565056,50.851067],[-114.0566204,50.8513522],[-114.0563454,50.8514706],[-114.0562741,50.8518049],[-114.0564299,50.8520139],[-114.0567707,50.8521624],[-114.056893,50.8523165],[-114.0565416,50.8527673],[-114.0562236,50.8529747],[-114.056209,50.8532275],[-114.0561045,50.8534231],[-114.0562504,50.8535278],[-114.05664,50.8535765],[-114.0567319,50.8536573],[-114.0568337,50.8538358],[-114.0567609,50.8539605],[-114.0567691,50.854164],[-114.0569681,50.8541737],[-114.0574007,50.8540208],[-114.0578536,50.8542045],[-114.0581228,50.8541507],[-114.0581764,50.854049],[-114.0583214,50.8540039],[-114.0587422,50.854057],[-114.0591002,50.8539894],[-114.0593381,50.8540414],[-114.0593313,50.854239],[-114.0591915,50.8542949],[-114.0588487,50.8546157],[-114.0583138,50.8547436],[-114.0582953,50.8548084],[-114.0584092,50.8548467],[-114.0585805,50.855095],[-114.0581345,50.8552541],[-114.0571808,50.8552717],[-114.0567472,50.8554371],[-114.0564993,50.8554034],[-114.0561514,50.8554688],[-114.0558908,50.8556083],[-114.0560474,50.8557365],[-114.0560716,50.8558772],[-114.055753,50.8561161],[-114.0558483,50.8562752],[-114.0557652,50.856443],[-114.0562694,50.8568137],[-114.0562183,50.8569489],[-114.0560807,50.8570261],[-114.0561581,50.8571657],[-114.0562491,50.8572002],[-114.0565968,50.857143],[-114.0568084,50.8574591],[-114.0569273,50.8573462],[-114.0568458,50.8575944],[-114.0571711,50.8577051],[-114.0570184,50.8578207],[-114.0570911,50.8578801],[-114.0570271,50.8579788],[-114.0567181,50.8580845],[-114.0565232,50.8580134],[-114.0563902,50.858074],[-114.0563611,50.8582],[-114.0566029,50.8584132],[-114.0570548,50.8584276],[-114.057209,50.8583229],[-114.0572902,50.8580792],[-114.0574595,50.8580763],[-114.0575986,50.858207],[-114.057666,50.8583525],[-114.0575899,50.8584155],[-114.0577146,50.8585262],[-114.0577649,50.8585277],[-114.0577744,50.8584392],[-114.0577857,50.8585485],[-114.057986,50.8585776],[-114.0580929,50.858519],[-114.0581819,50.8586089],[-114.0581962,50.8587804],[-114.0579498,50.85902],[-114.0579506,50.8592734],[-114.0576805,50.8595943],[-114.0575695,50.8598933],[-114.0573978,50.8600467],[-114.0571502,50.8601655],[-114.0567822,50.8602112],[-114.056081,50.8601375],[-114.0555161,50.8602254],[-114.0554476,50.8602112],[-114.0554422,50.8601152],[-114.0553735,50.8600915],[-114.0553236,50.8601231],[-114.0553536,50.8602001],[-114.0552334,50.8602496],[-114.0546835,50.8600362],[-114.054596,50.8599013],[-114.0542615,50.8597066],[-114.0539175,50.8596108],[-114.0538453,50.8594834],[-114.0536793,50.859519],[-114.0534848,50.8594309],[-114.0535014,50.8593182],[-114.053918,50.8592476],[-114.0535887,50.8589761],[-114.0536514,50.8589285],[-114.0539819,50.8589421],[-114.0539871,50.8587865],[-114.0539187,50.8587108],[-114.0535269,50.8586906],[-114.0531926,50.8587415],[-114.053012,50.8589044],[-114.052862,50.8591815],[-114.0525851,50.8593119],[-114.0524496,50.8592339],[-114.0524123,50.8590305],[-114.052269,50.8589197],[-114.0513777,50.8588646],[-114.0509064,50.8592772],[-114.0508404,50.8594153],[-114.0508147,50.859958],[-114.0509078,50.8601765],[-114.0508847,50.8603522],[-114.0509841,50.8606909],[-114.0510083,50.8610328],[-114.051058,50.8610857],[-114.0510112,50.8612015],[-114.0510529,50.8611828],[-114.0509722,50.8614238],[-114.0506903,50.8614782],[-114.0506494,50.8615737],[-114.0507284,50.8617271],[-114.0508251,50.8617349],[-114.0510228,50.861961],[-114.0510007,50.8620573],[-114.05087,50.8620849],[-114.0509203,50.8621476],[-114.0504895,50.8621911],[-114.0504767,50.8624366],[-114.0504253,50.8624965],[-114.0501098,50.8625136],[-114.049895,50.8624562],[-114.0494621,50.8625322],[-114.0494622,50.862598],[-114.0496025,50.8626383],[-114.0494524,50.8628001],[-114.0490176,50.8626538],[-114.048556,50.862854],[-114.0482025,50.8628492],[-114.0481157,50.8624977],[-114.0479792,50.8624391],[-114.0477863,50.8624572],[-114.0477847,50.8633995],[-114.048937,50.8639375],[-114.0499683,50.8641548],[-114.0523506,50.8633941],[-114.0533751,50.8631971],[-114.0544066,50.8631049]]]}},{"type":"Feature","id":"PEG","properties":{"class":"Industrial","class_code":"2","comm_code":"PEG","name":"PEGASUS","sector":"NORTHEAST","srg":"N/A","comm_structure":"EMPLOYMENT","created_dt":"2016-12-21T16:12:16.000Z","modified_dt":"2025-12-18T13:03:35.000Z","label":"Pegasus","centroid":[-114.0067865,51.0943308],"bounds":[-114.0133555,51.0927926,-114.001637,51.0961791]},"geometry":{"type":"Polygon","coordinates":[[[-114.0115806,51.0941826],[-114.0133473,51.0941845],[-114.0133555,51.0928051],[-114.001637,51.0927926],[-114.0016979,51.0961772],[-114.0081248,51.0961791],[-114.0087903,51.095889],[-114.0105856,51.0953372],[-114.0110113,51.0951286],[-114.0113958,51.0947685],[-114.0115178,51.0945058],[-114.0115806,51.0941826]]]}},{"type":"Feature","id":"PEN","properties":{"class":"Residential","class_code":"1","comm_code":"PEN","name":"PENBROOKE MEADOWS","sector":"EAST","srg":"ESTABLISHED","comm_structure":"1960s/1970s","created_dt":"2016-12-21T16:10:02.000Z","modified_dt":"2023-07-31T19:04:44.000Z","label":"Penbrooke Meadows","centroid":[-113.9481798,51.0462613],"bounds":[-113.9584207,51.037823,-113.9351475,51.053897]},"geometry":{"type":"Polygon","coordinates":[[[-113.9459377,51.0524167],[-113.9469322,51.0525068],[-113.9475498,51.0526423],[-113.9503802,51.0536585],[-113.951568,51.0538826],[-113.9528763,51.0538301],[-113.9557539,51.0533352],[-113.9554614,51.0526754],[-113.9552945,51.0520947],[-113.9552291,51.0513091],[-113.9553169,51.0505773],[-113.9555268,51.0499572],[-113.9558414,51.0493372],[-113.9581267,51.0454191],[-113.9583365,51.0449178],[-113.9584207,51.0444296],[-113.9584028,51.0378255],[-113.950277,51.037823],[-113.9351526,51.0473615],[-113.9351475,51.0524199],[-113.9459377,51.0524167]]]}},{"type":"Feature","id":"PIN","properties":{"class":"Residential","class_code":"1","comm_code":"PIN","name":"PINERIDGE","sector":"NORTHEAST","srg":"ESTABLISHED","comm_structure":"1960s/1970s","created_dt":"2016-12-21T16:10:13.000Z","modified_dt":"2025-12-18T12:28:02.000Z","label":"Pineridge","centroid":[-113.9467751,51.0742529],"bounds":[-113.9584204,51.0669793,-113.9351312,51.0815293]},"geometry":{"type":"Polygon","coordinates":[[[-113.9584204,51.0669828],[-113.9351333,51.0669793],[-113.9351458,51.0815269],[-113.9584084,51.081524],[-113.9584204,51.0669828]]]}},{"type":"Feature","id":"PKD","properties":{"class":"Residential","class_code":"1","comm_code":"PKD","name":"PARKDALE","sector":"CENTRE","srg":"ESTABLISHED","comm_structure":"1950s","created_dt":"2016-12-21T16:10:05.000Z","modified_dt":"2023-01-17T22:18:02.000Z","label":"Parkdale","centroid":[-114.137455,51.0601067],"bounds":[-114.1491229,51.0535113,-114.1278546,51.0663973]},"geometry":{"type":"Polygon","coordinates":[[[-114.1478902,51.066108],[-114.1478341,51.0653058],[-114.1480579,51.0645733],[-114.1483405,51.0641873],[-114.1491229,51.0634011],[-114.1411849,51.0600897],[-114.1411826,51.0556947],[-114.1389598,51.0555025],[-114.1380304,51.0552112],[-114.1363553,51.0548404],[-114.1362586,51.0548787],[-114.1361911,51.0549995],[-114.1355946,51.0551023],[-114.135174,51.0551125],[-114.1349601,51.0550542],[-114.1347664,51.0551153],[-114.1344074,51.0551161],[-114.133788,51.0550633],[-114.1310134,51.0542707],[-114.1305051,51.0540357],[-114.1298569,51.0536306],[-114.1295174,51.0535113],[-114.1278546,51.0548875],[-114.1278676,51.0596108],[-114.1295109,51.0596068],[-114.1295099,51.0600694],[-114.1296152,51.0604927],[-114.1298312,51.0607867],[-114.1302796,51.0611256],[-114.1304261,51.0610075],[-114.1307682,51.0611766],[-114.1309999,51.0609899],[-114.1313622,51.061169],[-114.1317187,51.0608819],[-114.1320706,51.0610558],[-114.1318042,51.0612706],[-114.1321463,51.0614397],[-114.1324665,51.0611818],[-114.132887,51.0613896],[-114.1331013,51.061217],[-114.1338536,51.0615889],[-114.1341215,51.0613732],[-114.134484,51.0615522],[-114.1346719,51.0614014],[-114.1349658,51.0615467],[-114.1347115,51.0617517],[-114.1350536,51.0619208],[-114.1352546,51.0617589],[-114.1356644,51.0619615],[-114.1351817,51.0623495],[-114.1356605,51.0625862],[-114.1351242,51.0630173],[-114.141185,51.066011],[-114.1411853,51.0663973],[-114.1478902,51.066108]]]}},{"type":"Feature","id":"PKH","properties":{"class":"Residential","class_code":"1","comm_code":"PKH","name":"PARKHILL","sector":"CENTRE","srg":"ESTABLISHED","comm_structure":"1950s","created_dt":"2016-12-21T16:10:03.000Z","modified_dt":"2025-12-18T08:51:55.000Z","label":"Parkhill","centroid":[-114.0668056,51.0187828],"bounds":[-114.0716724,51.0128837,-114.0594199,51.0237807]},"geometry":{"type":"Polygon","coordinates":[[[-114.06404,51.0167242],[-114.0595736,51.0229727],[-114.0594199,51.0232714],[-114.0602903,51.0232703],[-114.0602903,51.0233608],[-114.0607249,51.0233611],[-114.0612729,51.0232798],[-114.0641743,51.0232801],[-114.0643686,51.0232126],[-114.064719,51.0227411],[-114.0656932,51.0228952],[-114.0659054,51.0229803],[-114.0668346,51.0237803],[-114.0671029,51.0237807],[-114.067267,51.0236904],[-114.0712186,51.0236929],[-114.071511,51.0232449],[-114.0715267,51.0209012],[-114.0700488,51.0205752],[-114.0695881,51.0204087],[-114.068892,51.0199698],[-114.0685863,51.019662],[-114.068494,51.0194436],[-114.0684606,51.019114],[-114.0685198,51.01884],[-114.0686156,51.018709],[-114.0690419,51.0184324],[-114.0695643,51.0182691],[-114.0701495,51.0182009],[-114.0715311,51.0178795],[-114.0715355,51.0135985],[-114.0716724,51.0135984],[-114.0716722,51.0131247],[-114.071191,51.0129796],[-114.0704477,51.0128866],[-114.0658452,51.0128837],[-114.06404,51.0167242]]]}},{"type":"Feature","id":"PKL","properties":{"class":"Residential","class_code":"1","comm_code":"PKL","name":"PARKLAND","sector":"SOUTH","srg":"ESTABLISHED","comm_structure":"1960s/1970s","created_dt":"2024-04-02T10:50:09.000Z","modified_dt":"2024-04-02T11:10:19.000Z","label":"Parkland","centroid":[-114.0300192,50.9213752],"bounds":[-114.0461742,50.9105355,-114.0170748,50.9311618]},"geometry":{"type":"Polygon","coordinates":[[[-114.0176978,50.9120815],[-114.0170916,50.9148955],[-114.0170945,50.9152165],[-114.0172065,50.9154786],[-114.0183089,50.9170017],[-114.0190349,50.9178104],[-114.0184638,50.9180378],[-114.0194475,50.9191225],[-114.0204624,50.9199822],[-114.0234385,50.9218817],[-114.0257429,50.9234576],[-114.0273241,50.9246376],[-114.0292037,50.9262438],[-114.0301605,50.9272781],[-114.0310626,50.9285131],[-114.0318992,50.9300135],[-114.0321204,50.9305481],[-114.0322942,50.9311618],[-114.0452329,50.9293103],[-114.0461742,50.9287354],[-114.0456867,50.9282481],[-114.0453437,50.9276575],[-114.0450547,50.927457],[-114.0447716,50.9271245],[-114.0442353,50.9269395],[-114.0436283,50.9264821],[-114.0435153,50.9260065],[-114.0427147,50.9251891],[-114.0408251,50.9247148],[-114.0401395,50.9246341],[-114.0394702,50.9242397],[-114.0381415,50.9236459],[-114.0377271,50.9235201],[-114.0375328,50.9233344],[-114.0372534,50.922603],[-114.0360837,50.9222806],[-114.0352738,50.9215217],[-114.0343402,50.9204635],[-114.0336672,50.9195442],[-114.0329384,50.9189407],[-114.0322462,50.9182696],[-114.0315086,50.9178387],[-114.0316261,50.9172534],[-114.0313792,50.9164692],[-114.0310724,50.9159379],[-114.0311578,50.9149366],[-114.0316833,50.9141128],[-114.0315717,50.9133022],[-114.0307909,50.9129601],[-114.0302077,50.9129273],[-114.0293423,50.9130511],[-114.0281221,50.9135054],[-114.0272532,50.9135275],[-114.0245205,50.9134363],[-114.0231483,50.9128391],[-114.0224919,50.9123682],[-114.022291,50.9111955],[-114.0214742,50.9111726],[-114.0205686,50.9113345],[-114.019852,50.9110732],[-114.0185843,50.910893],[-114.0178124,50.9105355],[-114.0176978,50.9120815]]]}},{"type":"Feature","id":"POI","properties":{"class":"Residential","class_code":"1","comm_code":"POI","name":"POINT MCKAY","sector":"CENTRE","srg":"ESTABLISHED","comm_structure":"1960s/1970s","created_dt":"2016-12-21T16:10:07.000Z","modified_dt":"2023-01-17T22:12:03.000Z","label":"Point Mckay","centroid":[-114.1461407,51.0594623],"bounds":[-114.1518238,51.0556947,-114.1411826,51.0634011]},"geometry":{"type":"Polygon","coordinates":[[[-114.1491229,51.0634011],[-114.1518238,51.0606868],[-114.1514244,51.0598961],[-114.1508714,51.0591478],[-114.1503456,51.0585515],[-114.1483465,51.0575465],[-114.1466441,51.0568839],[-114.1441629,51.0563092],[-114.141902,51.0559162],[-114.1411826,51.0556947],[-114.1411849,51.0600897],[-114.1491229,51.0634011]]]}},{"type":"Feature","id":"PUM","properties":{"class":"Residential","class_code":"1","comm_code":"PUM","name":"PUMP HILL","sector":"SOUTH","srg":"ESTABLISHED","comm_structure":"1960s/1970s","created_dt":"2016-12-21T16:10:11.000Z","modified_dt":"2023-04-13T14:02:11.000Z","label":"Pump Hill","centroid":[-114.1007915,50.9668528],"bounds":[-114.1063898,50.961412,-114.095117,50.9722569]},"geometry":{"type":"Polygon","coordinates":[[[-114.1063532,50.9722291],[-114.1063659,50.961412],[-114.0971709,50.9614449],[-114.095215,50.961544],[-114.0952791,50.9622571],[-114.095117,50.9722569],[-114.1063532,50.9722291]]]}},{"type":"Feature","id":"QLD","properties":{"class":"Residential","class_code":"1","comm_code":"QLD","name":"QUEENSLAND","sector":"SOUTH","srg":"ESTABLISHED","comm_structure":"1960s/1970s","created_dt":"2016-12-21T16:10:29.000Z","modified_dt":"2024-03-26T14:52:19.000Z","label":"Queensland","centroid":[-114.0229342,50.9371399],"bounds":[-114.0330852,50.9311618,-114.0129777,50.9452999]},"geometry":{"type":"Polygon","coordinates":[[[-114.018522,50.9430246],[-114.021046,50.9448779],[-114.0213932,50.9450759],[-114.0218035,50.9452157],[-114.0223479,50.9452966],[-114.0231047,50.9452444],[-114.0237656,50.9450167],[-114.0241745,50.9447207],[-114.0251045,50.943367],[-114.0257074,50.9426465],[-114.0264516,50.9419472],[-114.0274495,50.94121],[-114.0281995,50.9410063],[-114.02848,50.9407872],[-114.0292464,50.9411884],[-114.0307064,50.9398701],[-114.0312182,50.939346],[-114.0317929,50.9386386],[-114.0322975,50.9378486],[-114.0325573,50.9373286],[-114.0328541,50.9365199],[-114.0330328,50.9356958],[-114.0330852,50.9351339],[-114.0330653,50.9343105],[-114.0327712,50.9326336],[-114.0322942,50.9311618],[-114.0284663,50.9317044],[-114.0271138,50.9318334],[-114.0193124,50.9317473],[-114.018587,50.9318255],[-114.0129777,50.9328765],[-114.0131176,50.9333149],[-114.0131186,50.9388369],[-114.0152457,50.9401086],[-114.018522,50.9430246]]]}},{"type":"Feature","id":"QPK","properties":{"class":"Residential","class_code":"1","comm_code":"QPK","name":"QUEENS PARK VILLAGE","sector":"CENTRE","srg":"ESTABLISHED","comm_structure":"1950s","created_dt":"2016-12-21T16:10:10.000Z","modified_dt":"2023-01-12T13:11:28.000Z","label":"Queens Park Village","centroid":[-114.0778265,51.0846283],"bounds":[-114.0860868,51.0815103,-114.0715601,51.0887921]},"geometry":{"type":"Polygon","coordinates":[[[-114.0799182,51.0887921],[-114.0799205,51.0880014],[-114.079778,51.0877811],[-114.0797798,51.0872333],[-114.0831206,51.0872332],[-114.0831389,51.0862603],[-114.0845688,51.0832099],[-114.0860868,51.0815158],[-114.0715601,51.0815673],[-114.0716235,51.0873942],[-114.0724926,51.0874169],[-114.0762456,51.0883951],[-114.0771466,51.0885964],[-114.078025,51.0887163],[-114.0799182,51.0887921]]]}},{"type":"Feature","id":"RAM","properties":{"class":"Residential","class_code":"1","comm_code":"RAM","name":"RAMSAY","sector":"CENTRE","srg":"ESTABLISHED","comm_structure":"INNER CITY","created_dt":"2016-12-21T16:10:07.000Z","modified_dt":"2025-12-18T09:39:13.000Z","label":"Ramsay","centroid":[-114.0433116,51.0360544],"bounds":[-114.052315,51.0296582,-114.0354503,51.0431782]},"geometry":{"type":"Polygon","coordinates":[[[-114.0377457,51.0345812],[-114.0367754,51.0345799],[-114.0367738,51.0341356],[-114.0362709,51.03465],[-114.035932,51.0351223],[-114.0356181,51.0357604],[-114.0354825,51.0363264],[-114.0354667,51.0371598],[-114.0356276,51.0378014],[-114.0359109,51.0381851],[-114.0389246,51.0412639],[-114.0396216,51.0418758],[-114.0404779,51.0424005],[-114.041128,51.0426911],[-114.0418881,51.042953],[-114.0428136,51.0431782],[-114.0432533,51.0424382],[-114.0436524,51.0419457],[-114.0436769,51.0418327],[-114.0441257,51.0414231],[-114.0450978,51.0408273],[-114.0453488,51.0405814],[-114.0459145,51.0403223],[-114.0462128,51.0402881],[-114.0464045,51.040002],[-114.0472341,51.039538],[-114.0480936,51.0387907],[-114.0483503,51.038638],[-114.0484378,51.0384698],[-114.0490226,51.0378397],[-114.0493514,51.0372626],[-114.0494001,51.0368795],[-114.0496651,51.0363028],[-114.0496482,51.0359438],[-114.0497474,51.03529],[-114.0496757,51.0350547],[-114.0497524,51.0348952],[-114.049697,51.0345803],[-114.0493376,51.033523],[-114.0493672,51.0331613],[-114.0492444,51.0329235],[-114.0492779,51.0326985],[-114.0495779,51.0321047],[-114.0499264,51.0316908],[-114.0504481,51.0308699],[-114.0507342,51.0305725],[-114.0513069,51.030098],[-114.052206,51.0300361],[-114.052315,51.0297189],[-114.0513741,51.0296582],[-114.0499945,51.0297064],[-114.0499834,51.0299206],[-114.049895,51.0300776],[-114.0493855,51.0303244],[-114.0482653,51.0300835],[-114.0416546,51.0303079],[-114.0414461,51.0306263],[-114.0417728,51.0308071],[-114.0419239,51.0310062],[-114.0419365,51.0321653],[-114.0412272,51.032165],[-114.0410993,51.032208],[-114.0410713,51.0329679],[-114.0395497,51.032966],[-114.0377457,51.0345812]]]}},{"type":"Feature","id":"RAN","properties":{"class":"Residential","class_code":"1","comm_code":"RAN","name":"RANCHLANDS","sector":"NORTHWEST","srg":"ESTABLISHED","comm_structure":"1960s/1970s","created_dt":"2020-06-23T16:43:05.000Z","modified_dt":"2025-09-08T19:44:11.000Z","label":"Ranchlands","centroid":[-114.1841704,51.1197009],"bounds":[-114.2021094,51.1106613,-114.1666798,51.1277104]},"geometry":{"type":"Polygon","coordinates":[[[-114.2021094,51.1205941],[-114.1783491,51.1106613],[-114.177251,51.1120369],[-114.1752784,51.1140442],[-114.1712675,51.117313],[-114.1683978,51.1193164],[-114.1666798,51.1208037],[-114.1697876,51.122888],[-114.1706888,51.1233233],[-114.1716741,51.1236351],[-114.1734537,51.1240458],[-114.175222,51.1242898],[-114.1760158,51.1243153],[-114.1777037,51.1242661],[-114.1815327,51.1237336],[-114.1832578,51.1237376],[-114.1840836,51.1238096],[-114.1849679,51.1239615],[-114.1865252,51.1243657],[-114.1878502,51.1248835],[-114.194489,51.1277104],[-114.2021094,51.1205941]]]}},{"type":"Feature","id":"RCK","properties":{"class":"Residential","class_code":"1","comm_code":"RCK","name":"ROSSCARROCK","sector":"WEST","srg":"ESTABLISHED","comm_structure":"1950s","created_dt":"2016-12-21T16:10:31.000Z","modified_dt":"2023-01-16T22:37:29.000Z","label":"Rosscarrock","centroid":[-114.145339,51.0420498],"bounds":[-114.1528309,51.0378055,-114.1353978,51.0487837]},"geometry":{"type":"Polygon","coordinates":[[[-114.1527705,51.0487837],[-114.1526852,51.0478079],[-114.1526788,51.0388819],[-114.1528309,51.0378055],[-114.1355175,51.0378172],[-114.1353978,51.0416382],[-114.1362579,51.041733],[-114.1369869,51.0419878],[-114.13749,51.0422518],[-114.1380656,51.0427827],[-114.1382424,51.0430968],[-114.1384522,51.0436869],[-114.1389129,51.0441772],[-114.139531,51.0444931],[-114.1419605,51.0454232],[-114.1527705,51.0487837]]]}},{"type":"Feature","id":"RDL","properties":{"class":"Residential","class_code":"1","comm_code":"RDL","name":"ROSEDALE","sector":"CENTRE","srg":"ESTABLISHED","comm_structure":"INNER CITY","created_dt":"2016-12-21T16:10:30.000Z","modified_dt":"2026-03-20T00:41:46.000Z","label":"Rosedale","centroid":[-114.0791011,51.0635436],"bounds":[-114.0860163,51.0584585,-114.0715427,51.0669283]},"geometry":{"type":"Polygon","coordinates":[[[-114.0716154,51.0615285],[-114.0715427,51.0615854],[-114.0715472,51.0669283],[-114.0848984,51.066922],[-114.0848481,51.0658837],[-114.0844094,51.0633436],[-114.0845185,51.0630759],[-114.0853189,51.0622397],[-114.0858233,51.061474],[-114.0860053,51.0609276],[-114.0860061,51.0599995],[-114.0822203,51.0591826],[-114.0822102,51.0584585],[-114.0814756,51.0584626],[-114.0792926,51.0590029],[-114.07893,51.0597744],[-114.0788699,51.0607333],[-114.0783887,51.0613324],[-114.0769574,51.0621613],[-114.0742317,51.0623557],[-114.0728547,51.0620728],[-114.0716837,51.0616154],[-114.0716154,51.0615285]]]}},{"type":"Feature","id":"RED","properties":{"class":"Residential","class_code":"1","comm_code":"RED","name":"RED CARPET","sector":"EAST","srg":"ESTABLISHED","comm_structure":"1960s/1970s","created_dt":"2016-12-21T16:10:21.000Z","modified_dt":"2023-07-31T19:04:44.000Z","label":"Red Carpet","centroid":[-113.9401975,51.0409995],"bounds":[-113.950277,51.0378133,-113.9351526,51.0473615]},"geometry":{"type":"Polygon","coordinates":[[[-113.9351622,51.0378133],[-113.9351526,51.0473615],[-113.950277,51.037823],[-113.9351622,51.0378133]]]}},{"type":"Feature","id":"REN","properties":{"class":"Residential","class_code":"1","comm_code":"REN","name":"RENFREW","sector":"CENTRE","srg":"ESTABLISHED","comm_structure":"INNER CITY","created_dt":"2016-12-21T16:10:25.000Z","modified_dt":"2023-04-11T22:55:34.000Z","label":"Renfrew","centroid":[-114.0379207,51.0609006],"bounds":[-114.056277,51.0523303,-114.0189411,51.0669896]},"geometry":{"type":"Polygon","coordinates":[[[-114.0542133,51.0570902],[-114.0533225,51.0570853],[-114.0530771,51.0572068],[-114.0515395,51.0571724],[-114.0504257,51.0572126],[-114.0503928,51.0571769],[-114.0484342,51.057298],[-114.0482113,51.0571944],[-114.0470041,51.0571215],[-114.0468572,51.0572135],[-114.0450972,51.057804],[-114.0421014,51.058397],[-114.0397562,51.0585066],[-114.0394587,51.0585871],[-114.0390438,51.0587995],[-114.0383845,51.0585723],[-114.0359763,51.0579553],[-114.0347155,51.0575728],[-114.0350444,51.0571588],[-114.0345149,51.0569573],[-114.0342675,51.0567527],[-114.034147,51.0565571],[-114.0340432,51.0565774],[-114.0339759,51.0562288],[-114.0338135,51.0560591],[-114.0322003,51.055253],[-114.0317132,51.0552099],[-114.0312105,51.0552996],[-114.0316427,51.054873],[-114.0317583,51.0543158],[-114.0317396,51.0540841],[-114.0316024,51.0538704],[-114.0309251,51.0531752],[-114.0306626,51.0527782],[-114.0302743,51.0525036],[-114.0301894,51.0523448],[-114.0189411,51.0523389],[-114.0196529,51.0541664],[-114.0201222,51.054979],[-114.0207791,51.0559099],[-114.0216237,51.0569441],[-114.0246502,51.0604308],[-114.0261051,51.0624401],[-114.0267623,51.0634596],[-114.0270206,51.0640654],[-114.0272088,51.0651145],[-114.0271858,51.0657647],[-114.027017,51.0669836],[-114.0561795,51.0669337],[-114.056277,51.0641335],[-114.0562476,51.0638255],[-114.0552275,51.0609579],[-114.0545574,51.0599948],[-114.0543678,51.0596109],[-114.0543207,51.0593251],[-114.0543259,51.0574096],[-114.0542133,51.0570902]]]}},{"type":"Feature","id":"RIC","properties":{"class":"Residential","class_code":"1","comm_code":"RIC","name":"RICHMOND","sector":"CENTRE","srg":"ESTABLISHED","comm_structure":"1950s","created_dt":"2016-12-21T16:10:04.000Z","modified_dt":"2023-04-13T13:48:19.000Z","label":"Richmond","centroid":[-114.1167497,51.0299712],"bounds":[-114.1310409,51.0215994,-114.1058282,51.037831]},"geometry":{"type":"Polygon","coordinates":[[[-114.1295641,51.0232822],[-114.1285959,51.023172],[-114.1285955,51.0230751],[-114.1259237,51.0227722],[-114.1259217,51.0215994],[-114.1179396,51.0216085],[-114.1179026,51.0239778],[-114.1094906,51.0239928],[-114.1094519,51.0304324],[-114.1072101,51.0304341],[-114.1072185,51.0329659],[-114.1058282,51.0332024],[-114.1062144,51.033636],[-114.1062871,51.0338554],[-114.1063251,51.037831],[-114.1222921,51.0378243],[-114.1222952,51.0283056],[-114.1266565,51.026811],[-114.1295684,51.0259323],[-114.1306833,51.0256505],[-114.1310409,51.0254937],[-114.1304357,51.025533],[-114.1295673,51.02527],[-114.1295641,51.0232822]]]}},{"type":"Feature","id":"RID","properties":{"class":"Residential","class_code":"1","comm_code":"RID","name":"RIDEAU PARK","sector":"CENTRE","srg":"ESTABLISHED","comm_structure":"INNER CITY","created_dt":"2016-12-21T16:10:30.000Z","modified_dt":"2023-01-18T14:25:10.000Z","label":"Rideau Park","centroid":[-114.0738538,51.0250617],"bounds":[-114.0775423,51.0209012,-114.0707872,51.0288638]},"geometry":{"type":"Polygon","coordinates":[[[-114.071511,51.0232449],[-114.0708824,51.0241542],[-114.0707898,51.0245568],[-114.0708172,51.0247225],[-114.0714782,51.0262976],[-114.0712277,51.0262973],[-114.0715048,51.0269732],[-114.0715277,51.0288638],[-114.072744,51.0287654],[-114.0737325,51.0284028],[-114.0740505,51.028161],[-114.0741531,51.0279432],[-114.0743851,51.0276919],[-114.0749026,51.0274291],[-114.0753793,51.0273389],[-114.0766932,51.0273093],[-114.0769454,51.0270641],[-114.0772956,51.026477],[-114.0775309,51.0255902],[-114.0775112,51.0249473],[-114.0771836,51.0241234],[-114.0770279,51.0238682],[-114.0766077,51.0234704],[-114.076131,51.0232035],[-114.0749893,51.0227435],[-114.0738863,51.0218947],[-114.073126,51.0214297],[-114.0727665,51.0213077],[-114.0727235,51.0212301],[-114.0715267,51.0209012],[-114.071511,51.0232449]]]}},{"type":"Feature","id":"RIV","properties":{"class":"Residential","class_code":"1","comm_code":"RIV","name":"RIVERBEND","sector":"SOUTHEAST","srg":"ESTABLISHED","comm_structure":"1980s/1990s","created_dt":"2016-12-21T16:10:15.000Z","modified_dt":"2025-12-18T11:15:30.000Z","label":"Riverbend","centroid":[-114.0180236,50.97417],"bounds":[-114.0383403,50.9649952,-113.9988479,50.9870585]},"geometry":{"type":"Polygon","coordinates":[[[-113.9988479,50.979107],[-114.0076484,50.9792799],[-114.010257,50.9795048],[-114.0119042,50.9797509],[-114.0137435,50.9801107],[-114.0151771,50.9804861],[-114.0161724,50.9808113],[-114.0173744,50.9812928],[-114.0183657,50.9817706],[-114.0199811,50.9827618],[-114.0251777,50.9870585],[-114.0253854,50.9868837],[-114.0256699,50.9867958],[-114.0259357,50.9866317],[-114.0264668,50.9860469],[-114.0275278,50.9852092],[-114.0279737,50.9847541],[-114.0283214,50.9845079],[-114.0284862,50.9842887],[-114.0288027,50.9840503],[-114.0291732,50.9838807],[-114.029213,50.9835661],[-114.0293008,50.9834066],[-114.0293878,50.983335],[-114.0296856,50.9832974],[-114.0297942,50.983212],[-114.0298556,50.9829045],[-114.0302468,50.9822168],[-114.0308763,50.981451],[-114.0312456,50.9811036],[-114.0315591,50.9808488],[-114.0319909,50.9806346],[-114.0326303,50.9804686],[-114.0331198,50.9800976],[-114.0333588,50.9798375],[-114.0342886,50.9791982],[-114.0348184,50.9789174],[-114.0350657,50.9787114],[-114.0358012,50.9778669],[-114.0361629,50.977186],[-114.0365186,50.9767316],[-114.0368434,50.9761443],[-114.0370169,50.9759909],[-114.0378941,50.9755826],[-114.0383403,50.9751365],[-114.0378953,50.9745917],[-114.0374865,50.9742454],[-114.0374597,50.9741523],[-114.0375625,50.9740089],[-114.0375156,50.9739173],[-114.0372826,50.9738191],[-114.0369777,50.9733546],[-114.0365275,50.9729024],[-114.03565,50.9723143],[-114.0354314,50.9720592],[-114.0338709,50.9710199],[-114.0332119,50.9706783],[-114.0320881,50.9704507],[-114.0309405,50.9704272],[-114.0298745,50.9704854],[-114.029438,50.9705604],[-114.0291376,50.9706491],[-114.0289078,50.9708595],[-114.0284536,50.9709098],[-114.0272461,50.9706489],[-114.0270393,50.9704073],[-114.0271426,50.9704021],[-114.0271808,50.9702894],[-114.0277127,50.9702582],[-114.0277709,50.9701824],[-114.0268366,50.9700972],[-114.026521,50.9699395],[-114.0266839,50.9698992],[-114.0264681,50.9697794],[-114.0265451,50.9697071],[-114.0265276,50.9696436],[-114.0257535,50.9686955],[-114.0252538,50.9677412],[-114.0250149,50.9669713],[-114.0247839,50.9649952],[-114.0016775,50.964996],[-114.0016543,50.9738678],[-114.0015265,50.9742886],[-114.0012273,50.9747896],[-113.9996328,50.9762989],[-113.9991401,50.9770085],[-113.9989185,50.9776452],[-113.9988479,50.979107]]]}},{"type":"Feature","id":"RMT","properties":{"class":"Residential","class_code":"1","comm_code":"RMT","name":"ROSEMONT","sector":"CENTRE","srg":"ESTABLISHED","comm_structure":"1950s","created_dt":"2016-12-21T16:10:05.000Z","modified_dt":"2023-03-06T21:57:45.000Z","label":"Rosemont","centroid":[-114.0910224,51.0782991],"bounds":[-114.0947579,51.0737487,-114.0848205,51.0830532]},"geometry":{"type":"Polygon","coordinates":[[[-114.0947319,51.0754196],[-114.0945351,51.0752368],[-114.0921916,51.0745146],[-114.0910045,51.0738091],[-114.0899502,51.0737487],[-114.0884224,51.0749201],[-114.0882062,51.0752406],[-114.088205,51.0760239],[-114.0876292,51.0762303],[-114.0854527,51.077584],[-114.0848205,51.0777134],[-114.0851897,51.07823],[-114.0855643,51.0785733],[-114.09244,51.0829519],[-114.0927751,51.0830444],[-114.0947579,51.0830518],[-114.0947319,51.0754196]]]}},{"type":"Feature","id":"ROC","properties":{"class":"Residential","class_code":"1","comm_code":"ROC","name":"ROCKY RIDGE","sector":"NORTHWEST","srg":"ESTABLISHED","comm_structure":"2000s","created_dt":"2020-06-23T16:43:03.000Z","modified_dt":"2026-02-02T14:51:33.000Z","label":"Rocky Ridge","centroid":[-114.2446803,51.146265],"bounds":[-114.2576376,51.1339138,-114.2341943,51.1542526]},"geometry":{"type":"Polygon","coordinates":[[[-114.2343797,51.1542526],[-114.2576374,51.1542231],[-114.2576244,51.1437208],[-114.2342252,51.1339138],[-114.2342345,51.1520904],[-114.2341943,51.1541113],[-114.2343797,51.1542526]]]}},{"type":"Feature","id":"ROX","properties":{"class":"Residential","class_code":"1","comm_code":"ROX","name":"ROXBORO","sector":"CENTRE","srg":"ESTABLISHED","comm_structure":"INNER CITY","created_dt":"2016-12-21T16:10:03.000Z","modified_dt":"2023-03-08T10:00:45.000Z","label":"Roxboro","centroid":[-114.0679299,51.0264976],"bounds":[-114.0715285,51.0232707,-114.0637461,51.0291345]},"geometry":{"type":"Polygon","coordinates":[[[-114.0637485,51.027069],[-114.0637461,51.0288855],[-114.0640951,51.0286696],[-114.0644984,51.0285272],[-114.064877,51.0284909],[-114.0656309,51.0285302],[-114.0670561,51.0288053],[-114.0677128,51.029014],[-114.0691588,51.0291345],[-114.069866,51.0291254],[-114.0715277,51.0288638],[-114.0715048,51.0269732],[-114.0712277,51.0262973],[-114.0714782,51.0262976],[-114.0708172,51.0247225],[-114.0707898,51.0245568],[-114.0708824,51.0241542],[-114.0712186,51.0236929],[-114.067267,51.0236904],[-114.0671029,51.0237807],[-114.0668346,51.0237803],[-114.0662647,51.0232707],[-114.0656527,51.0232709],[-114.0656523,51.0236488],[-114.0658589,51.0236899],[-114.0658588,51.0237461],[-114.0660865,51.0237461],[-114.0660842,51.0246573],[-114.0641693,51.0260412],[-114.0638799,51.0260411],[-114.0638788,51.0270691],[-114.0637485,51.027069]]]}},{"type":"Feature","id":"ROY","properties":{"class":"Residential","class_code":"1","comm_code":"ROY","name":"ROYAL OAK","sector":"NORTHWEST","srg":"ESTABLISHED","comm_structure":"2010s","created_dt":"2020-06-23T17:11:37.000Z","modified_dt":"2026-02-02T14:52:11.000Z","label":"Royal Oak","centroid":[-114.2227309,51.1439384],"bounds":[-114.2342345,51.1311673,-114.2034971,51.1541586]},"geometry":{"type":"Polygon","coordinates":[[[-114.2342345,51.1520904],[-114.2342252,51.1338999],[-114.2276993,51.1311673],[-114.2261908,51.1325617],[-114.2247967,51.1335158],[-114.2229873,51.1345895],[-114.2214033,51.1353775],[-114.2198942,51.1360463],[-114.2180072,51.1367396],[-114.2114013,51.1389637],[-114.2097029,51.1396328],[-114.2083451,51.1403725],[-114.2071008,51.1411359],[-114.2061965,51.1418272],[-114.2051423,51.1428518],[-114.2034971,51.1446229],[-114.2089018,51.1466191],[-114.2106641,51.1475525],[-114.2114921,51.148149],[-114.2121765,51.1487345],[-114.216333,51.1526708],[-114.2168975,51.1530513],[-114.2175736,51.1533989],[-114.2190006,51.1538781],[-114.220187,51.1540918],[-114.2213486,51.154152],[-114.2323116,51.1541586],[-114.2341943,51.1541113],[-114.2342345,51.1520904]]]}},{"type":"Feature","id":"RRC","properties":{"class":"Residential","class_code":"1","comm_code":"RRC","name":"RICARDO RANCH","sector":"SOUTHEAST","srg":"DEVELOPING","comm_structure":"BUILDING OUT","created_dt":"2016-12-21T16:14:02.000Z","modified_dt":"2024-01-03T16:33:15.000Z","label":"Ricardo Ranch","centroid":[-113.9394998,50.8567401],"bounds":[-113.9705779,50.8428288,-113.9057843,50.8661123]},"geometry":{"type":"Polygon","coordinates":[[[-113.9705779,50.8545505],[-113.9700506,50.8544387],[-113.9692324,50.8545807],[-113.9682167,50.8550843],[-113.9680962,50.8552379],[-113.9680764,50.855523],[-113.9679365,50.8556425],[-113.9678061,50.8556686],[-113.9655966,50.8552802],[-113.9649007,50.8550874],[-113.9642485,50.854808],[-113.9640317,50.8546266],[-113.9641205,50.8544178],[-113.9640293,50.8542599],[-113.9630563,50.8538753],[-113.9628165,50.8536979],[-113.9623779,50.8530306],[-113.9619007,50.8527267],[-113.9613889,50.8522825],[-113.9606839,50.8512918],[-113.9602891,50.8510126],[-113.9598607,50.8507965],[-113.9598453,50.850728],[-113.9599548,50.8506551],[-113.9597532,50.8506618],[-113.95963,50.8507498],[-113.9592416,50.8506142],[-113.9587906,50.8506335],[-113.9582745,50.8505727],[-113.9573379,50.8498848],[-113.9571834,50.849665],[-113.9566242,50.8480931],[-113.9565384,50.8466966],[-113.9565638,50.8462473],[-113.9564418,50.8457608],[-113.9557884,50.8445674],[-113.9549743,50.8434775],[-113.9544397,50.843128],[-113.9539612,50.8429732],[-113.9527882,50.8428288],[-113.9519075,50.8429002],[-113.9500293,50.8433922],[-113.9495547,50.8435911],[-113.949053,50.8439093],[-113.9487996,50.8441701],[-113.9487842,50.8443502],[-113.9483228,50.8446007],[-113.9480644,50.844904],[-113.9480043,50.8450987],[-113.9475038,50.8453507],[-113.9474858,50.8456299],[-113.9474146,50.8457301],[-113.9468159,50.8462248],[-113.9463357,50.8467422],[-113.945488,50.8480936],[-113.9448984,50.8487738],[-113.9449327,50.8489205],[-113.9447958,50.8490431],[-113.9445174,50.8491439],[-113.9422727,50.8505037],[-113.9416292,50.8508208],[-113.9397006,50.8516258],[-113.9382467,50.8520337],[-113.9359612,50.8525041],[-113.9351343,50.8526085],[-113.9339133,50.852653],[-113.932792,50.8524748],[-113.9298912,50.8524108],[-113.9268336,50.8522194],[-113.9242734,50.852204],[-113.923567,50.8523011],[-113.9231769,50.8522891],[-113.9218203,50.8524736],[-113.92105,50.8529801],[-113.919864,50.8531897],[-113.9174308,50.8532205],[-113.9147181,50.8530774],[-113.9134172,50.8532203],[-113.9111624,50.8535932],[-113.9090008,50.8540498],[-113.9082405,50.8542691],[-113.9075692,50.8545518],[-113.9057843,50.8554705],[-113.9058074,50.8632093],[-113.9509589,50.8631572],[-113.9524545,50.8632896],[-113.9540063,50.8636212],[-113.9565073,50.8643831],[-113.9597136,50.8651692],[-113.9628972,50.8661123],[-113.9635766,50.8647035],[-113.9643047,50.8635344],[-113.965145,50.8623987],[-113.9674337,50.8595825],[-113.9686836,50.857829],[-113.9694056,50.8567136],[-113.9705779,50.8545505]]]}},{"type":"Feature","id":"RSN","properties":{"class":"Residential","class_code":"1","comm_code":"RSN","name":"REDSTONE","sector":"NORTHEAST","srg":"DEVELOPING","comm_structure":"2000s","created_dt":"2020-12-02T11:32:53.000Z","modified_dt":"2020-12-02T11:32:53.000Z","label":"Redstone","centroid":[-113.9575128,51.1705252],"bounds":[-113.9700325,51.1652413,-113.9441098,51.1756645]},"geometry":{"type":"Polygon","coordinates":[[[-113.9461123,51.1693172],[-113.9451917,51.1708419],[-113.9448312,51.1716232],[-113.9446642,51.1722609],[-113.9441098,51.1756375],[-113.9694971,51.1756645],[-113.9692946,51.1749403],[-113.9691351,51.173978],[-113.9690642,51.1727892],[-113.969202,51.1717761],[-113.9698257,51.1697028],[-113.9699893,51.1688812],[-113.9700325,51.1688813],[-113.9700309,51.1652737],[-113.9465989,51.1652505],[-113.9465547,51.1674043],[-113.9461123,51.1693172]]]}},{"type":"Feature","id":"RUN","properties":{"class":"Residential","class_code":"1","comm_code":"RUN","name":"RUNDLE","sector":"NORTHEAST","srg":"ESTABLISHED","comm_structure":"1960s/1970s","created_dt":"2016-12-21T16:10:13.000Z","modified_dt":"2025-12-18T12:27:59.000Z","label":"Rundle","centroid":[-113.9700653,51.0742435],"bounds":[-113.9817282,51.0669673,-113.9584084,51.081524]},"geometry":{"type":"Polygon","coordinates":[[[-113.9584204,51.0669828],[-113.9584084,51.081524],[-113.9817182,51.0814954],[-113.9817145,51.0669673],[-113.9584204,51.0669828]]]}},{"type":"Feature","id":"RUT","properties":{"class":"Residential","class_code":"1","comm_code":"RUT","name":"RUTLAND PARK","sector":"WEST","srg":"ESTABLISHED","comm_structure":"1950s","created_dt":"2016-12-21T16:10:07.000Z","modified_dt":"2023-04-13T13:44:51.000Z","label":"Rutland Park","centroid":[-114.1359489,51.0200656],"bounds":[-114.14118,51.0124541,-114.1259217,51.0255414]},"geometry":{"type":"Polygon","coordinates":[[[-114.1317323,51.0209916],[-114.1308894,51.0215926],[-114.1259217,51.0215994],[-114.1259237,51.0227722],[-114.1285955,51.0230751],[-114.1285959,51.023172],[-114.1295641,51.0232822],[-114.1295673,51.02527],[-114.130288,51.0255029],[-114.1306621,51.0255414],[-114.1312541,51.0254344],[-114.1411586,51.0224531],[-114.14118,51.0124556],[-114.1387702,51.0124618],[-114.1387448,51.0134724],[-114.1386213,51.0138078],[-114.1384742,51.01401],[-114.1373401,51.0152082],[-114.1346495,51.0178459],[-114.1317323,51.0209916]]]}},{"type":"Feature","id":"RVW","properties":{"class":"Residential","class_code":"1","comm_code":"RVW","name":"RANGEVIEW","sector":"SOUTHEAST","srg":"DEVELOPING","comm_structure":"2000s","created_dt":"2016-12-21T16:14:00.000Z","modified_dt":"2024-06-19T22:10:38.000Z","label":"Rangeview","centroid":[-113.9204414,50.8751177],"bounds":[-113.9416829,50.8631809,-113.9058074,50.8855916]},"geometry":{"type":"Polygon","coordinates":[[[-113.9416718,50.8851744],[-113.9416829,50.8849578],[-113.9416207,50.8847864],[-113.9392542,50.8803458],[-113.9382679,50.8788216],[-113.9371789,50.8774342],[-113.9361859,50.8764088],[-113.9355994,50.8758826],[-113.9308942,50.8722966],[-113.9303261,50.8718062],[-113.9296411,50.8710805],[-113.9293308,50.8705001],[-113.9291036,50.8704221],[-113.9291108,50.8631809],[-113.9058074,50.8632093],[-113.9058661,50.8849975],[-113.9061862,50.8848899],[-113.9263171,50.8848632],[-113.928785,50.8850637],[-113.9338217,50.885097],[-113.9367765,50.885505],[-113.9382227,50.8855916],[-113.9391049,50.8855679],[-113.9403442,50.8854456],[-113.9416718,50.8851744]]]}},{"type":"Feature","id":"RYV","properties":{"class":"Industrial","class_code":"2","comm_code":"RYV","name":"ROYAL VISTA","sector":"NORTHWEST","srg":"N/A","created_dt":"2020-06-24T08:47:27.000Z","modified_dt":"2026-02-02T14:58:05.000Z","label":"Royal Vista","centroid":[-114.2030571,51.1509596],"bounds":[-114.220187,51.1446229,-114.1877001,51.1542483]},"geometry":{"type":"Polygon","coordinates":[[[-114.2089018,51.1466191],[-114.2034971,51.1446229],[-114.2020149,51.146032],[-114.2006322,51.1470549],[-114.1991125,51.1479517],[-114.198321,51.1483527],[-114.1964556,51.1491415],[-114.1942186,51.149872],[-114.1925421,51.1502694],[-114.189829,51.15071],[-114.1877001,51.1508562],[-114.1877172,51.1541948],[-114.2036467,51.154164],[-114.2044025,51.1541169],[-114.2044406,51.1542483],[-114.2201426,51.1542408],[-114.220187,51.1540918],[-114.2190006,51.1538781],[-114.2180055,51.1535763],[-114.2172616,51.1532464],[-114.2165813,51.1528511],[-114.2161229,51.1524848],[-114.2121765,51.1487345],[-114.2114921,51.148149],[-114.2106641,51.1475525],[-114.2098008,51.1470688],[-114.2089018,51.1466191]]]}},{"type":"Feature","id":"S23","properties":{"class":"Industrial","class_code":"2","comm_code":"S23","name":"SECTION 23","sector":"SOUTHEAST","srg":"N/A","comm_structure":"EMPLOYMENT","created_dt":"2016-12-21T16:12:14.000Z","modified_dt":"2024-02-21T08:57:52.000Z","label":"Section 23","centroid":[-113.9432589,50.9737418],"bounds":[-113.9585205,50.9622716,-113.9201288,50.9795965]},"geometry":{"type":"Polygon","coordinates":[[[-113.9344993,50.9795965],[-113.9585205,50.9795493],[-113.9584642,50.9722788],[-113.9584726,50.9629485],[-113.9565804,50.9622716],[-113.9528552,50.9631325],[-113.9523803,50.9634844],[-113.9511809,50.9650442],[-113.9507511,50.9653865],[-113.9475173,50.967131],[-113.9415094,50.97003],[-113.9409139,50.9702295],[-113.9339501,50.9718194],[-113.9333246,50.9718666],[-113.9311924,50.9718654],[-113.9305519,50.9719269],[-113.9297905,50.9721785],[-113.9258851,50.9737602],[-113.9255083,50.9738409],[-113.9246944,50.9738832],[-113.9203336,50.9732145],[-113.9201915,50.9747955],[-113.9201288,50.977001],[-113.9202747,50.9795674],[-113.9344993,50.9795965]]]}},{"type":"Feature","id":"SAD","properties":{"class":"Residential","class_code":"1","comm_code":"SAD","name":"SADDLE RIDGE","sector":"NORTHEAST","srg":"DEVELOPING","comm_structure":"2000s","created_dt":"2016-12-21T16:10:22.000Z","modified_dt":"2016-12-21T16:10:22.000Z","label":"Saddle Ridge","centroid":[-113.9457602,51.1322935],"bounds":[-113.9701413,51.1213905,-113.9212644,51.1397695]},"geometry":{"type":"Polygon","coordinates":[[[-113.9212822,51.1252638],[-113.9212853,51.1397695],[-113.9292443,51.1397675],[-113.9292369,51.1380397],[-113.9315852,51.1390206],[-113.9327141,51.1393601],[-113.9338001,51.1395921],[-113.9356224,51.1397656],[-113.9700373,51.139765],[-113.9700436,51.1361954],[-113.9701413,51.1361246],[-113.9701208,51.1324803],[-113.9699746,51.1324798],[-113.9699998,51.1252226],[-113.94972,51.1251836],[-113.9495729,51.1248265],[-113.9492732,51.1245292],[-113.9474814,51.1235838],[-113.9470831,51.1232207],[-113.9468565,51.1227143],[-113.9467719,51.1214015],[-113.9459805,51.1213905],[-113.9453232,51.1214767],[-113.9449399,51.1216076],[-113.9445496,51.121858],[-113.9443113,51.1221843],[-113.9442573,51.1225107],[-113.9442546,51.1251927],[-113.9212822,51.1252638]]]}},{"type":"Feature","id":"SAN","properties":{"class":"Residential","class_code":"1","comm_code":"SAN","name":"SANDSTONE VALLEY","sector":"NORTH","srg":"ESTABLISHED","comm_structure":"1980s/1990s","created_dt":"2016-12-21T16:10:20.000Z","modified_dt":"2020-10-22T10:51:11.000Z","label":"Sandstone Valley","centroid":[-114.0969949,51.1376022],"bounds":[-114.1089461,51.1316263,-114.0814929,51.1438529]},"geometry":{"type":"Polygon","coordinates":[[[-114.0902844,51.1420133],[-114.0915869,51.1429796],[-114.0925525,51.1438529],[-114.0980593,51.1426294],[-114.1004983,51.1423837],[-114.1023533,51.1424133],[-114.1032066,51.1425062],[-114.1079751,51.1433232],[-114.1088536,51.141799],[-114.1089255,51.1415765],[-114.1089461,51.140849],[-114.1063071,51.1316263],[-114.1020511,51.1320925],[-114.0931755,51.1321095],[-114.0922108,51.1321873],[-114.0917625,51.1322818],[-114.0909568,51.1325677],[-114.0829151,51.1368089],[-114.0822845,51.1372605],[-114.0814929,51.1382378],[-114.0879026,51.1407179],[-114.089487,51.1415286],[-114.0902844,51.1420133]]]}},{"type":"Feature","id":"SAW","properties":{"class":"Industrial","class_code":"2","comm_code":"SAW","name":"SOUTH AIRWAYS","sector":"NORTHEAST","srg":"N/A","comm_structure":"EMPLOYMENT","created_dt":"2016-12-21T16:12:13.000Z","modified_dt":"2025-12-17T23:54:42.000Z","label":"South Airways","centroid":[-114.0135628,51.0765913],"bounds":[-114.0340678,51.0669616,-114.0016797,51.0814941]},"geometry":{"type":"Polygon","coordinates":[[[-114.0277778,51.0753547],[-114.0272422,51.0743793],[-114.022526,51.0743752],[-114.0225238,51.0750035],[-114.0223619,51.0750653],[-114.0222979,51.075162],[-114.0222887,51.0769052],[-114.0189206,51.0768997],[-114.0189252,51.075155],[-114.0188623,51.0750587],[-114.0186979,51.0749963],[-114.0090738,51.0749786],[-114.0090779,51.0742618],[-114.0087182,51.0742611],[-114.0087156,51.0724309],[-114.0089335,51.0724317],[-114.0089327,51.0717055],[-114.0092109,51.0717064],[-114.0092107,51.0707337],[-114.0090755,51.0707336],[-114.0090658,51.0669657],[-114.0016812,51.0669616],[-114.0017242,51.0814922],[-114.0340678,51.0814922],[-114.0293506,51.0772309],[-114.0283882,51.0762116],[-114.0277778,51.0753547]]]}},{"type":"Feature","id":"SCA","properties":{"class":"Residential","class_code":"1","comm_code":"SCA","name":"SCARBORO","sector":"CENTRE","srg":"ESTABLISHED","comm_structure":"INNER CITY","created_dt":"2016-12-21T16:10:06.000Z","modified_dt":"2024-12-18T13:05:29.000Z","label":"Scarboro","centroid":[-114.1068039,51.0401742],"bounds":[-114.1132566,51.0378284,-114.0986601,51.0437155]},"geometry":{"type":"Polygon","coordinates":[[[-114.1106453,51.0437155],[-114.1120965,51.0431823],[-114.1118516,51.0425103],[-114.1118476,51.0418405],[-114.1120723,51.0410698],[-114.1132566,51.0378284],[-114.0986622,51.0378334],[-114.0986774,51.0383411],[-114.0988621,51.0388246],[-114.1001675,51.0394556],[-114.1017748,51.0405311],[-114.1020578,51.0405392],[-114.1020495,51.0406558],[-114.1025564,51.0410607],[-114.1023307,51.0411721],[-114.102139,51.0410519],[-114.1018757,51.0411213],[-114.1018365,51.0416234],[-114.1021673,51.0416329],[-114.1032982,51.0423337],[-114.1032824,51.0425564],[-114.1068496,51.0426586],[-114.1079945,51.0428806],[-114.1084901,51.0430534],[-114.1087832,51.0432624],[-114.1088496,51.0433789],[-114.1088737,51.0435319],[-114.1088088,51.0436642],[-114.1106453,51.0437155]]]}},{"type":"Feature","id":"SCE","properties":{"class":"Residential","class_code":"1","comm_code":"SCE","name":"SCENIC ACRES","sector":"NORTHWEST","srg":"ESTABLISHED","comm_structure":"1980s/1990s","created_dt":"2020-06-23T16:43:03.000Z","modified_dt":"2025-09-08T19:53:05.000Z","label":"Scenic Acres","centroid":[-114.219154,51.1144412],"bounds":[-114.2325999,51.0976464,-114.2021094,51.1311673]},"geometry":{"type":"Polygon","coordinates":[[[-114.2021094,51.1205941],[-114.2276993,51.1311673],[-114.2285625,51.1302469],[-114.2292725,51.129342],[-114.2300027,51.1282696],[-114.2306298,51.1270418],[-114.2311784,51.1255623],[-114.2313539,51.1249247],[-114.231552,51.1236874],[-114.2315801,51.1224987],[-114.2314479,51.1211739],[-114.2311404,51.1198618],[-114.2309271,51.1191883],[-114.2306607,51.1185291],[-114.2298746,51.1170187],[-114.2294357,51.1163583],[-114.2283957,51.1150753],[-114.2276885,51.114268],[-114.2260892,51.1126802],[-114.2254702,51.1119773],[-114.2250594,51.1114086],[-114.2246927,51.1107672],[-114.2242614,51.1096291],[-114.2241522,51.1090542],[-114.2241139,51.1084809],[-114.2241606,51.1078091],[-114.2243181,51.1070531],[-114.2246474,51.1061883],[-114.2251427,51.105314],[-114.225514,51.1048389],[-114.2263598,51.1039411],[-114.2299925,51.1008201],[-114.231031,51.0998234],[-114.2318082,51.0988813],[-114.2325999,51.0976464],[-114.232068,51.0977225],[-114.2304511,51.0983345],[-114.2295549,51.0987341],[-114.2286919,51.0989341],[-114.2260281,51.0986877],[-114.225737,51.0986204],[-114.224304,51.0986442],[-114.2242113,51.0987948],[-114.2240745,51.0986737],[-114.2239231,51.0986366],[-114.2230507,51.0986058],[-114.2231377,51.0987454],[-114.2230959,51.0987629],[-114.2228812,51.098624],[-114.2225348,51.0985479],[-114.2218749,51.0985597],[-114.2216915,51.0986145],[-114.2217691,51.0987081],[-114.2217074,51.0987558],[-114.2215449,51.0986075],[-114.221168,51.0984841],[-114.220715,51.098555],[-114.2203713,51.0985153],[-114.2203532,51.0985711],[-114.220507,51.0987135],[-114.2204597,51.0987471],[-114.2202843,51.0986636],[-114.2202242,51.0984833],[-114.2199984,51.0984644],[-114.2190924,51.0985583],[-114.2190529,51.0985859],[-114.2191142,51.0987069],[-114.2190719,51.0987413],[-114.2188557,51.0985463],[-114.2184011,51.0985123],[-114.2177159,51.0985291],[-114.2177043,51.0986872],[-114.2174947,51.0985278],[-114.2171169,51.0985284],[-114.2165121,51.0985943],[-114.2164596,51.0986126],[-114.216479,51.0987001],[-114.216423,51.0987544],[-114.2163189,51.0987416],[-114.2162142,51.0986015],[-114.2152079,51.0985851],[-114.2150899,51.0986244],[-114.2151871,51.0987218],[-114.2150088,51.0987886],[-114.2137018,51.0987807],[-114.2136315,51.0987512],[-114.2140314,51.0987007],[-114.214937,51.0987554],[-114.2149988,51.0987024],[-114.2148492,51.0985946],[-114.211677,51.0984996],[-114.2110364,51.0984595],[-114.2104348,51.0983458],[-114.2100051,51.1000368],[-114.2099543,51.1009186],[-114.2100429,51.1016919],[-114.21022,51.1025121],[-114.2113664,51.105033],[-114.2115691,51.1052988],[-114.2118767,51.1054184],[-114.2117481,51.1058658],[-114.2118022,51.1071939],[-114.2117037,51.1081642],[-114.211374,51.1094019],[-114.2106515,51.1117104],[-114.2101423,51.1127484],[-114.2093762,51.113782],[-114.2021094,51.1205941]]]}},{"type":"Feature","id":"SDC","properties":{"class":"Residential","class_code":"1","comm_code":"SDC","name":"SUNDANCE","sector":"SOUTH","srg":"ESTABLISHED","comm_structure":"1980s/1990s","created_dt":"2024-04-02T13:20:51.000Z","modified_dt":"2024-12-12T15:15:33.000Z","label":"Sundance","centroid":[-114.0410514,50.9002045],"bounds":[-114.0621092,50.8927824,-114.0185275,50.9108398]},"geometry":{"type":"Polygon","coordinates":[[[-114.0621092,50.9049834],[-114.0545396,50.8927966],[-114.0222803,50.8927824],[-114.0185275,50.8929009],[-114.0188715,50.8935634],[-114.0191008,50.8942134],[-114.0208099,50.8943025],[-114.0229326,50.8954236],[-114.0234197,50.8958972],[-114.0245352,50.8958983],[-114.024182,50.8977833],[-114.0241026,50.8995131],[-114.0240932,50.9014902],[-114.0241528,50.9019892],[-114.0244249,50.9025772],[-114.024934,50.9031212],[-114.0256591,50.903575],[-114.0265795,50.9039439],[-114.0243001,50.9036498],[-114.0242923,50.9053505],[-114.0256587,50.9056629],[-114.0271509,50.9056221],[-114.0276199,50.9059086],[-114.0281623,50.9060787],[-114.030125,50.9062221],[-114.0308267,50.9063361],[-114.0313178,50.9064838],[-114.0318868,50.9067481],[-114.0327367,50.9074093],[-114.033377,50.9077498],[-114.0339863,50.9078521],[-114.0349039,50.9077508],[-114.0354653,50.9079114],[-114.0373721,50.9089654],[-114.0387934,50.9105345],[-114.0385848,50.9106593],[-114.0387696,50.9108398],[-114.0396717,50.9103225],[-114.0408363,50.9095119],[-114.0416554,50.9091291],[-114.0423235,50.9089296],[-114.0430288,50.9088025],[-114.044822,50.9087147],[-114.0456501,50.908169],[-114.0468381,50.9079511],[-114.0468442,50.9066147],[-114.0547548,50.9066179],[-114.0558792,50.9065509],[-114.0565096,50.906451],[-114.0590477,50.9058295],[-114.0597691,50.9054842],[-114.0600793,50.9053952],[-114.0621092,50.9049834]]]}},{"type":"Feature","id":"SET","properties":{"class":"Residential","class_code":"1","comm_code":"SET","name":"SETON","sector":"SOUTHEAST","srg":"DEVELOPING","comm_structure":"2000s","created_dt":"2016-12-21T16:10:36.000Z","modified_dt":"2024-01-03T16:31:36.000Z","label":"Seton","centroid":[-113.9473623,50.8728093],"bounds":[-113.9658149,50.8631544,-113.9290896,50.8851744]},"geometry":{"type":"Polygon","coordinates":[[[-113.9658149,50.8804362],[-113.9633852,50.8762811],[-113.9626768,50.8746807],[-113.9622218,50.8731283],[-113.9619745,50.871333],[-113.9619825,50.8699708],[-113.9620418,50.8692623],[-113.9623904,50.8675492],[-113.9628972,50.8661123],[-113.9597136,50.8651692],[-113.9565073,50.8643831],[-113.9540063,50.8636212],[-113.95272,50.8633366],[-113.9518688,50.8632116],[-113.9509589,50.8631572],[-113.9291108,50.8631809],[-113.9291036,50.8704221],[-113.9293308,50.8705001],[-113.9296411,50.8710805],[-113.9303261,50.8718062],[-113.9308942,50.8722966],[-113.9355994,50.8758826],[-113.9361859,50.8764088],[-113.9371789,50.8774342],[-113.9382679,50.8788216],[-113.9392542,50.8803458],[-113.9416207,50.8847864],[-113.9416829,50.8849578],[-113.9416718,50.8851744],[-113.9491837,50.8840318],[-113.9532798,50.883321],[-113.9573202,50.8824575],[-113.9658149,50.8804362]]]}},{"type":"Feature","id":"SFH","properties":{"class":"Industrial","class_code":"2","comm_code":"SFH","name":"SOUTH FOOTHILLS","sector":"SOUTHEAST","srg":"N/A","comm_structure":"EMPLOYMENT","created_dt":"2016-12-21T16:12:13.000Z","modified_dt":"2024-12-12T13:16:51.000Z","label":"South Foothills","centroid":[-113.9736251,50.9724205],"bounds":[-113.99366,50.9629485,-113.9584642,50.9795493]},"geometry":{"type":"Polygon","coordinates":[[[-113.9829113,50.9791453],[-113.99366,50.9790925],[-113.9934714,50.9777617],[-113.9933008,50.9770558],[-113.9929606,50.9762277],[-113.9924449,50.9753857],[-113.986073,50.9679786],[-113.9855543,50.9674472],[-113.9849099,50.9669314],[-113.9839262,50.9663456],[-113.9830419,50.9659568],[-113.9816774,50.9655371],[-113.9805792,50.9653287],[-113.9625782,50.9638771],[-113.9605045,50.963536],[-113.9584726,50.9629485],[-113.9584642,50.9722788],[-113.9585205,50.9795493],[-113.9771249,50.9795377],[-113.978643,50.9794431],[-113.9802782,50.9792547],[-113.9829113,50.9791453]]]}},{"type":"Feature","id":"SGH","properties":{"class":"Residential","class_code":"1","comm_code":"SGH","name":"SAGE HILL","sector":"NORTH","srg":"DEVELOPING","comm_structure":"BUILDING OUT","created_dt":"2020-06-23T16:53:23.000Z","modified_dt":"2026-02-02T14:17:39.000Z","label":"Sage Hill","centroid":[-114.1410617,51.1758196],"bounds":[-114.1611313,51.1680393,-114.1217261,51.183214]},"geometry":{"type":"Polygon","coordinates":[[[-114.1611313,51.183214],[-114.1611288,51.1822999],[-114.1609647,51.181554],[-114.1593081,51.1786724],[-114.1577486,51.1766891],[-114.1567796,51.1752021],[-114.1562844,51.1745652],[-114.1551954,51.1732899],[-114.1537121,51.1717543],[-114.1531752,51.1710443],[-114.153029,51.1707985],[-114.1518802,51.1680432],[-114.1319714,51.1680393],[-114.1217261,51.1681058],[-114.1240176,51.1699863],[-114.1240161,51.1731317],[-114.1236795,51.1731329],[-114.1238033,51.1734203],[-114.1242472,51.1736023],[-114.1242644,51.1737319],[-114.123914,51.1738002],[-114.1238054,51.1738823],[-114.123786,51.1740066],[-114.1241754,51.1740409],[-114.1241657,51.1742906],[-114.1243817,51.1745833],[-114.1248079,51.1746091],[-114.124928,51.1748289],[-114.1247065,51.1750636],[-114.124409,51.1750297],[-114.1241518,51.1753458],[-114.1246008,51.1758605],[-114.1251236,51.1762237],[-114.125456,51.1762571],[-114.1257915,51.1773353],[-114.1258915,51.1774766],[-114.1258873,51.1787322],[-114.1256012,51.1790705],[-114.125227,51.1792047],[-114.124896,51.1792442],[-114.1248268,51.1793727],[-114.1248257,51.1796479],[-114.1249463,51.1798901],[-114.1252413,51.1799836],[-114.1258624,51.1799345],[-114.126413,51.1797969],[-114.1267642,51.1799391],[-114.126923,51.1804766],[-114.1271391,51.180952],[-114.1274115,51.1812666],[-114.1279303,51.1822467],[-114.1283345,51.1826111],[-114.1283604,51.1827669],[-114.1290132,51.183193],[-114.1351134,51.183211],[-114.1411843,51.1831303],[-114.1537707,51.1830987],[-114.1569219,51.1831022],[-114.1590899,51.1832133],[-114.1611313,51.183214]]]}},{"type":"Feature","id":"SGL","properties":{"class":"Industrial","class_code":"2","comm_code":"SGL","name":"STONEGATE LANDING","sector":"NORTHEAST","srg":"N/A","comm_structure":"EMPLOYMENT","created_dt":"2016-12-21T16:12:13.000Z","modified_dt":"2020-12-02T11:37:01.000Z","label":"Stonegate Landing","centroid":[-113.9882981,51.1632288],"bounds":[-114.017996,51.1543082,-113.9690845,51.1746425]},"geometry":{"type":"Polygon","coordinates":[[[-113.9731002,51.1725056],[-113.9769913,51.1741677],[-113.9779101,51.1744462],[-113.9787748,51.1745925],[-113.9796815,51.1746425],[-113.9908955,51.1746336],[-113.9987494,51.1721917],[-113.9997636,51.170303],[-113.9997931,51.1688861],[-114.0014163,51.1688851],[-114.0017645,51.1672967],[-114.0023133,51.1660833],[-114.0029516,51.1649738],[-114.0035714,51.1642238],[-114.0044537,51.1633124],[-114.0052916,51.1626431],[-114.0063453,51.161917],[-114.017996,51.1543102],[-113.9700262,51.1543082],[-113.9700325,51.1688813],[-113.9699893,51.1688812],[-113.9698257,51.1697028],[-113.9692649,51.1715249],[-113.9690845,51.1725035],[-113.9731002,51.1725056]]]}},{"type":"Feature","id":"SHG","properties":{"class":"Residential","class_code":"1","comm_code":"SHG","name":"SHAGANAPPI","sector":"CENTRE","srg":"ESTABLISHED","comm_structure":"1950s","created_dt":"2016-12-21T16:10:19.000Z","modified_dt":"2024-12-18T13:01:43.000Z","label":"Shaganappi","centroid":[-114.1261579,51.0436945],"bounds":[-114.1355175,51.0378172,-114.1178167,51.0535113]},"geometry":{"type":"Polygon","coordinates":[[[-114.1355175,51.0378172],[-114.1179211,51.0378264],[-114.1179306,51.0412433],[-114.1178167,51.0417156],[-114.1178781,51.0420904],[-114.1179144,51.0471282],[-114.1203947,51.0478466],[-114.1212391,51.0481864],[-114.122197,51.0486967],[-114.1228483,51.0489011],[-114.1228853,51.0489366],[-114.1227428,51.0490635],[-114.1225273,51.0489359],[-114.1225543,51.0490345],[-114.1229148,51.0491483],[-114.1228985,51.049365],[-114.1226472,51.0494678],[-114.122372,51.049254],[-114.1223257,51.0492741],[-114.1223556,51.0493781],[-114.1227506,51.0497191],[-114.1233276,51.050752],[-114.1243464,51.0516468],[-114.124702,51.0518555],[-114.1253718,51.0521972],[-114.1272336,51.0527961],[-114.1280721,51.0531624],[-114.1295174,51.0535113],[-114.129525,51.0500965],[-114.1295967,51.0500966],[-114.129608,51.0449564],[-114.1303212,51.0449554],[-114.1303784,51.0450453],[-114.1354289,51.0450416],[-114.1353978,51.0416382],[-114.1355175,51.0378172]]]}},{"type":"Feature","id":"SHI","properties":{"class":"Industrial","class_code":"2","comm_code":"SHI","name":"SHEPARD INDUSTRIAL","sector":"SOUTHEAST","srg":"N/A","comm_structure":"EMPLOYMENT","created_dt":"2016-12-21T16:12:18.000Z","modified_dt":"2025-12-18T11:17:41.000Z","label":"Shepard Industrial","centroid":[-113.9924077,50.9603601],"bounds":[-114.0041928,50.9447479,-113.9814083,50.979107]},"geometry":{"type":"Polygon","coordinates":[[[-114.0016543,50.9738678],[-114.0016623,50.9576598],[-114.0015132,50.9570825],[-114.0007302,50.9555091],[-114.0006198,50.9549972],[-114.0006322,50.9544071],[-114.0008222,50.9537542],[-114.0011996,50.9531239],[-114.0016161,50.9526675],[-114.0025964,50.9518053],[-114.0029062,50.9514212],[-114.0041928,50.948897],[-114.0008242,50.9480991],[-113.9988125,50.9477297],[-113.9969178,50.9474637],[-113.9892155,50.9467218],[-113.9874565,50.946472],[-113.9860101,50.9461686],[-113.9844348,50.9457234],[-113.9831057,50.94524],[-113.9819888,50.9447479],[-113.981541,50.9458528],[-113.9814277,50.946828],[-113.9814083,50.948154],[-113.9814316,50.9605999],[-113.9817787,50.9638646],[-113.981807,50.9655711],[-113.9830419,50.9659568],[-113.9842328,50.9665081],[-113.9853546,50.9672722],[-113.986073,50.9679786],[-113.9920591,50.9748927],[-113.9925728,50.9755694],[-113.9930151,50.976338],[-113.9933008,50.9770558],[-113.9934714,50.9777617],[-113.99366,50.9790925],[-113.9988479,50.979107],[-113.9989185,50.9776452],[-113.9991401,50.9770085],[-113.9996328,50.9762989],[-114.0012273,50.9747896],[-114.0015265,50.9742886],[-114.0016543,50.9738678]]]}},{"type":"Feature","id":"SHN","properties":{"class":"Residential","class_code":"1","comm_code":"SHN","name":"SHAWNESSY","sector":"SOUTH","srg":"ESTABLISHED","comm_structure":"1980s/1990s","created_dt":"2016-12-21T16:10:04.000Z","modified_dt":"2024-02-21T11:30:28.000Z","label":"Shawnessy","centroid":[-114.0772052,50.9059857],"bounds":[-114.1000766,50.8927235,-114.0545396,50.914036]},"geometry":{"type":"Polygon","coordinates":[[[-114.0989949,50.9076053],[-114.0989754,50.9052206],[-114.0958171,50.9052265],[-114.0946454,50.905124],[-114.0876321,50.903528],[-114.084623,50.9030184],[-114.0822212,50.9027524],[-114.0785425,50.9025754],[-114.0757589,50.9026334],[-114.073312,50.9028038],[-114.0703482,50.9031839],[-114.070021,50.9017394],[-114.0695255,50.9004872],[-114.0672679,50.8962184],[-114.0652925,50.8927235],[-114.0545396,50.8927966],[-114.0621092,50.9049834],[-114.0674771,50.9134371],[-114.0699899,50.9128812],[-114.0716807,50.9127669],[-114.0765722,50.9131437],[-114.077684,50.9133719],[-114.0793908,50.9138574],[-114.0804502,50.9140065],[-114.1000617,50.914036],[-114.1000766,50.9108373],[-114.1000321,50.9098895],[-114.0998457,50.9094435],[-114.0991656,50.9083566],[-114.0989949,50.9076053]]]}},{"type":"Feature","id":"SHS","properties":{"class":"Residential","class_code":"1","comm_code":"SHS","name":"SHAWNEE SLOPES","sector":"SOUTH","srg":"ESTABLISHED","comm_structure":"1980s/1990s","created_dt":"2024-04-02T13:20:21.000Z","modified_dt":"2024-04-02T13:20:21.000Z","label":"Shawnee Slopes","centroid":[-114.084589,50.9249815],"bounds":[-114.0948358,50.9213513,-114.0711157,50.9310384]},"geometry":{"type":"Polygon","coordinates":[[[-114.093777,50.9307643],[-114.0948172,50.9310384],[-114.0948314,50.9213572],[-114.0718165,50.9213579],[-114.0719476,50.9223167],[-114.0718827,50.9234271],[-114.0716317,50.9246301],[-114.0711157,50.926235],[-114.0718606,50.9264295],[-114.071834,50.9275125],[-114.0720203,50.927771],[-114.0728852,50.9279269],[-114.07342,50.9268104],[-114.0735933,50.9260101],[-114.0767945,50.9261914],[-114.0781755,50.9267635],[-114.079327,50.9269088],[-114.0795475,50.927134],[-114.0808612,50.9273237],[-114.0810453,50.9280469],[-114.0807801,50.92831],[-114.0808186,50.9283738],[-114.0812738,50.9283689],[-114.0827809,50.9286082],[-114.0832594,50.9280568],[-114.0832591,50.9281317],[-114.0838714,50.9285921],[-114.0844357,50.9286062],[-114.0846043,50.9286719],[-114.0889707,50.9286739],[-114.0889698,50.9289485],[-114.0891425,50.9290342],[-114.0891377,50.9290758],[-114.0905436,50.9297459],[-114.0911804,50.9302467],[-114.0912274,50.9303504],[-114.0915119,50.9303508],[-114.091587,50.9306108],[-114.0919913,50.9306873],[-114.0920695,50.9304965],[-114.0922956,50.9303847],[-114.0925045,50.9305321],[-114.0926115,50.9307453],[-114.0927069,50.9308037],[-114.0932501,50.9307239],[-114.093777,50.9307643]]]}},{"type":"Feature","id":"SHW","properties":{"class":"Residential","class_code":"1","comm_code":"SHW","name":"SHERWOOD","sector":"NORTH","srg":"ESTABLISHED","comm_structure":"2010s","created_dt":"2020-10-08T09:10:24.000Z","modified_dt":"2026-02-02T15:13:58.000Z","label":"Sherwood","centroid":[-114.153176,51.1595157],"bounds":[-114.1655525,51.1519501,-114.1407541,51.1680439]},"geometry":{"type":"Polygon","coordinates":[[[-114.1518802,51.1680432],[-114.1614129,51.1680407],[-114.1625559,51.167937],[-114.1645963,51.1675021],[-114.1642932,51.1669547],[-114.1638471,51.1659467],[-114.1633764,51.1645403],[-114.1624513,51.1599878],[-114.162354,51.1594057],[-114.162288,51.1584295],[-114.1624708,51.1573175],[-114.1629941,51.1559124],[-114.1633202,51.1552559],[-114.1641583,51.1538523],[-114.1655525,51.1519501],[-114.1592305,51.1523127],[-114.1541687,51.1524849],[-114.1491372,51.152522],[-114.1407541,51.1524006],[-114.1410856,51.1534196],[-114.1412007,51.1544657],[-114.1411881,51.1582713],[-114.1412798,51.1594035],[-114.1414305,51.1600424],[-114.1418821,51.1611436],[-114.1424165,51.1620195],[-114.1431576,51.1629017],[-114.1442653,51.1637901],[-114.1453536,51.164416],[-114.1464024,51.1648634],[-114.1491062,51.1657037],[-114.149831,51.1660328],[-114.1504872,51.1664155],[-114.1512802,51.1670677],[-114.1516941,51.1676679],[-114.1518802,51.1680432]]]}},{"type":"Feature","id":"SIG","properties":{"class":"Residential","class_code":"1","comm_code":"SIG","name":"SIGNAL HILL","sector":"WEST","srg":"ESTABLISHED","comm_structure":"1980s/1990s","created_dt":"2016-12-21T16:10:30.000Z","modified_dt":"2024-01-03T00:26:12.000Z","label":"Signal Hill","centroid":[-114.1766014,51.0229123],"bounds":[-114.1955864,51.0076355,-114.1642562,51.0397596]},"geometry":{"type":"Polygon","coordinates":[[[-114.1955864,51.01417],[-114.1891129,51.0117681],[-114.1874142,51.0111941],[-114.1855062,51.0106204],[-114.1816713,51.0097008],[-114.1787504,51.0091861],[-114.1732341,51.0084959],[-114.1695414,51.0077317],[-114.1680807,51.0076355],[-114.164938,51.007794],[-114.164574,51.0086456],[-114.1644215,51.0093871],[-114.1644754,51.0100459],[-114.1649899,51.0119355],[-114.1652634,51.013928],[-114.1653075,51.0147182],[-114.1652341,51.0180582],[-114.1651631,51.0186576],[-114.1643398,51.0222666],[-114.1642641,51.0232967],[-114.1642628,51.0354688],[-114.1645375,51.0379643],[-114.1645291,51.0397596],[-114.1655943,51.039555],[-114.1660874,51.0393867],[-114.1677606,51.0385532],[-114.1716127,51.0369337],[-114.1729827,51.0365829],[-114.1742604,51.036414],[-114.1753341,51.0363919],[-114.1765151,51.0364839],[-114.1810554,51.0373972],[-114.1830276,51.0377077],[-114.1856501,51.0379029],[-114.1875608,51.037935],[-114.1875927,51.0226767],[-114.187686,51.0221204],[-114.1878752,51.0216544],[-114.1882034,51.0211936],[-114.192862,51.0161023],[-114.1937277,51.0153977],[-114.1955864,51.01417]]]}},{"type":"Feature","id":"SIL","properties":{"class":"Residential","class_code":"1","comm_code":"SIL","name":"SILVER SPRINGS","sector":"NORTHWEST","srg":"ESTABLISHED","comm_structure":"1960s/1970s","created_dt":"2020-06-23T16:43:04.000Z","modified_dt":"2025-09-08T19:52:58.000Z","label":"Silver Springs","centroid":[-114.1945642,51.1055376],"bounds":[-114.2118767,51.0879683,-114.1783491,51.1205941]},"geometry":{"type":"Polygon","coordinates":[[[-114.2104348,51.0983458],[-114.2095106,51.0982412],[-114.2087081,51.098223],[-114.2073269,51.0980496],[-114.204002,51.0971989],[-114.2021127,51.0975168],[-114.2006553,51.0976553],[-114.199759,51.0978839],[-114.1984493,51.0979188],[-114.1974579,51.0980131],[-114.1947293,51.0978883],[-114.1938958,51.0977607],[-114.1925143,51.0974512],[-114.1917948,51.0971855],[-114.1907894,51.0965913],[-114.1904444,51.0964851],[-114.1894696,51.0958646],[-114.1893894,51.0956564],[-114.1890389,51.0952611],[-114.1887163,51.0950016],[-114.1884525,51.0946285],[-114.188406,51.0944761],[-114.1881364,51.0942522],[-114.1879719,51.0937664],[-114.1878461,51.0936715],[-114.1877698,51.0935124],[-114.1876867,51.0931514],[-114.1873463,51.0924529],[-114.1868655,51.0917257],[-114.1865509,51.0911615],[-114.1864044,51.0907804],[-114.186133,51.090428],[-114.1844373,51.0898204],[-114.1832643,51.0893241],[-114.1828609,51.0892268],[-114.181876,51.0887648],[-114.179918,51.0879683],[-114.1792297,51.0892667],[-114.178858,51.0903407],[-114.1786133,51.0919587],[-114.1786435,51.0938746],[-114.178899,51.0959662],[-114.1805694,51.1029551],[-114.1820405,51.1039049],[-114.1817766,51.1040707],[-114.1814249,51.1044509],[-114.1812946,51.104727],[-114.1809234,51.1060773],[-114.1806632,51.1067883],[-114.1793164,51.1092639],[-114.1783491,51.1106613],[-114.2021094,51.1205941],[-114.2093762,51.113782],[-114.2101423,51.1127484],[-114.2106515,51.1117104],[-114.211374,51.1094019],[-114.2117037,51.1081642],[-114.2118022,51.1071939],[-114.2117481,51.1058658],[-114.2118767,51.1054184],[-114.2115691,51.1052988],[-114.2113664,51.105033],[-114.21022,51.1025121],[-114.2100429,51.1016919],[-114.2099543,51.1009186],[-114.2100051,51.1000368],[-114.2104348,51.0983458]]]}},{"type":"Feature","id":"SKE","properties":{"class":"Industrial","class_code":"2","comm_code":"SKE","name":"SKYLINE EAST","sector":"NORTHEAST","srg":"N/A","comm_structure":"EMPLOYMENT","created_dt":"2016-12-21T16:12:12.000Z","modified_dt":"2023-07-17T14:17:10.000Z","label":"Skyline East","centroid":[-114.0393308,51.1002868],"bounds":[-114.0461113,51.0960974,-114.0317798,51.1043003]},"geometry":{"type":"Polygon","coordinates":[[[-114.0364391,51.104298],[-114.0382748,51.1043003],[-114.0382749,51.1042203],[-114.0398282,51.1042214],[-114.0398306,51.1033796],[-114.0420577,51.1033819],[-114.0420568,51.1041515],[-114.0461113,51.1041996],[-114.0454234,51.1023287],[-114.044722,51.1010555],[-114.0442392,51.10033],[-114.0433428,51.0991801],[-114.0416193,51.0971815],[-114.0408378,51.0960974],[-114.0364926,51.0960997],[-114.0364757,51.0973351],[-114.0346578,51.0973471],[-114.034313,51.0974144],[-114.0333891,51.0977437],[-114.0329154,51.0977356],[-114.0325667,51.0980779],[-114.0317816,51.0985884],[-114.0317798,51.1000338],[-114.0364516,51.1000355],[-114.0364391,51.104298]]]}},{"type":"Feature","id":"SKR","properties":{"class":"Residential","class_code":"1","comm_code":"SKR","name":"SKYVIEW RANCH","sector":"NORTHEAST","srg":"DEVELOPING","comm_structure":"2000s","created_dt":"2016-12-21T16:10:26.000Z","modified_dt":"2020-12-02T11:37:00.000Z","label":"Skyview Ranch","centroid":[-113.9571493,51.1584942],"bounds":[-113.9700309,51.1469929,-113.9467254,51.1652741]},"geometry":{"type":"Polygon","coordinates":[[[-113.9467666,51.1469956],[-113.9467254,51.1652413],[-113.9700309,51.1652737],[-113.9700262,51.1543201],[-113.9525138,51.1543143],[-113.9525129,51.1469929],[-113.9467666,51.1469956]]]}},{"type":"Feature","id":"SKW","properties":{"class":"Industrial","class_code":"2","comm_code":"SKW","name":"SKYLINE WEST","sector":"NORTH","srg":"N/A","comm_structure":"EMPLOYMENT","created_dt":"2016-12-21T16:12:12.000Z","modified_dt":"2023-01-12T13:33:19.000Z","label":"Skyline West","centroid":[-114.0487391,51.1014507],"bounds":[-114.0539933,51.0960664,-114.0408378,51.1105971]},"geometry":{"type":"Polygon","coordinates":[[[-114.0470994,51.1105971],[-114.0499968,51.1105896],[-114.0499963,51.1101547],[-114.0497512,51.1090478],[-114.0498164,51.1086507],[-114.0504481,51.1075416],[-114.0494803,51.1071054],[-114.0511226,51.1056553],[-114.0534462,51.105654],[-114.0534555,51.1033863],[-114.0535517,51.1033863],[-114.0535538,51.1025917],[-114.0538108,51.1027117],[-114.0535853,51.1022022],[-114.0535137,51.1016817],[-114.0539933,51.0960664],[-114.0408378,51.0960974],[-114.0416193,51.0971815],[-114.0433428,51.0991801],[-114.0442392,51.10033],[-114.044722,51.1010555],[-114.0454234,51.1023287],[-114.0462292,51.1045399],[-114.0466211,51.1061623],[-114.0468867,51.1076959],[-114.0470489,51.1091883],[-114.0470994,51.1105971]]]}},{"type":"Feature","id":"SNA","properties":{"class":"Residential","class_code":"1","comm_code":"SNA","name":"SUNALTA","sector":"CENTRE","srg":"ESTABLISHED","comm_structure":"INNER CITY","created_dt":"2016-12-21T16:10:14.000Z","modified_dt":"2024-12-18T13:05:50.000Z","label":"Sunalta","centroid":[-114.1022217,51.044115],"bounds":[-114.1146983,51.0378334,-114.0947062,51.0480999]},"geometry":{"type":"Polygon","coordinates":[[[-114.1146983,51.0465622],[-114.1139706,51.0453639],[-114.112588,51.0439214],[-114.1120965,51.0431823],[-114.1106453,51.0437155],[-114.1088088,51.0436642],[-114.1088737,51.0435319],[-114.1087832,51.0432624],[-114.1084901,51.0430534],[-114.1079945,51.0428806],[-114.1067154,51.0426397],[-114.1032824,51.0425564],[-114.1032982,51.0423337],[-114.1021673,51.0416329],[-114.1018365,51.0416234],[-114.1018757,51.0411213],[-114.102139,51.0410519],[-114.1023307,51.0411721],[-114.1025564,51.0410607],[-114.1020495,51.0406558],[-114.1020578,51.0405392],[-114.1017748,51.0405311],[-114.1001675,51.0394556],[-114.0988621,51.0388246],[-114.0986774,51.0383411],[-114.0986622,51.0378334],[-114.0947062,51.0378345],[-114.0947161,51.0475562],[-114.096064,51.0474899],[-114.0988458,51.0476437],[-114.1000478,51.0479742],[-114.1022372,51.0480999],[-114.1025358,51.0480754],[-114.1035126,51.0477926],[-114.1055372,51.0479711],[-114.1080633,51.0479858],[-114.10932,51.0478542],[-114.111285,51.0470538],[-114.1120233,51.0468618],[-114.1124166,51.0466882],[-114.1140696,51.0465226],[-114.1146983,51.0465622]]]}},{"type":"Feature","id":"SOC","properties":{"class":"Residential","class_code":"1","comm_code":"SOC","name":"SOUTH CALGARY","sector":"CENTRE","srg":"ESTABLISHED","comm_structure":"INNER CITY","created_dt":"2016-12-21T16:10:22.000Z","modified_dt":"2023-01-17T23:50:44.000Z","label":"South Calgary","centroid":[-114.1027818,51.0266224],"bounds":[-114.1179376,51.0231754,-114.0946978,51.0304424]},"geometry":{"type":"Polygon","coordinates":[[[-114.1094906,51.0239928],[-114.1179026,51.0239778],[-114.1179376,51.0231754],[-114.0947019,51.0232049],[-114.094704,51.0304424],[-114.1094519,51.0304324],[-114.1094906,51.0239928]]]}},{"type":"Feature","id":"SOM","properties":{"class":"Residential","class_code":"1","comm_code":"SOM","name":"SOMERSET","sector":"SOUTH","srg":"ESTABLISHED","comm_structure":"1980s/1990s","created_dt":"2016-12-21T16:10:20.000Z","modified_dt":"2024-02-21T11:35:16.000Z","label":"Somerset","centroid":[-114.0819492,50.8983327],"bounds":[-114.098977,50.8925908,-114.0652925,50.905231]},"geometry":{"type":"Polygon","coordinates":[[[-114.0934804,50.8938756],[-114.0886648,50.8935544],[-114.0837602,50.8931058],[-114.0801355,50.8928438],[-114.0716014,50.8925908],[-114.0652925,50.8927235],[-114.0672679,50.8962184],[-114.0695255,50.9004872],[-114.070021,50.9017394],[-114.0703482,50.9031839],[-114.073312,50.9028038],[-114.0757589,50.9026334],[-114.0785425,50.9025754],[-114.0822212,50.9027524],[-114.084623,50.9030184],[-114.0876321,50.903528],[-114.0946454,50.905124],[-114.0958171,50.9052265],[-114.0989754,50.9052206],[-114.0989671,50.9045365],[-114.0988714,50.9040215],[-114.0986271,50.9034226],[-114.0982051,50.9027628],[-114.0975612,50.9021276],[-114.0956721,50.9006993],[-114.0950714,50.9001816],[-114.094291,50.8992558],[-114.093751,50.8983133],[-114.0934268,50.8974198],[-114.0932623,50.8964974],[-114.0932679,50.8954481],[-114.0934804,50.8938756]]]}},{"type":"Feature","id":"SOV","properties":{"class":"Residential","class_code":"1","comm_code":"SOV","name":"SOUTHVIEW","sector":"EAST","srg":"ESTABLISHED","comm_structure":"1950s","created_dt":"2016-12-21T16:10:17.000Z","modified_dt":"2023-07-24T11:54:40.000Z","label":"Southview","centroid":[-113.9961426,51.0341784],"bounds":[-114.0140455,51.0304874,-113.9816295,51.0378306]},"geometry":{"type":"Polygon","coordinates":[[[-114.010903,51.0370472],[-114.0137963,51.0374583],[-114.0139077,51.0372879],[-114.0140455,51.0362789],[-114.0139144,51.035265],[-114.0138137,51.0349788],[-114.0134392,51.0344231],[-114.0123732,51.0335696],[-114.0121019,51.0333952],[-114.0115361,51.0332235],[-114.0106133,51.032766],[-114.0099058,51.0325147],[-114.0089214,51.0323015],[-114.0080225,51.0319675],[-114.0054814,51.0315163],[-114.005449,51.0314896],[-114.0055324,51.0314515],[-114.0054964,51.0314203],[-114.0048549,51.0311283],[-114.0042147,51.0305003],[-113.9816302,51.0305267],[-113.9816295,51.0378293],[-113.9935811,51.0378177],[-113.9946672,51.0377138],[-113.9977019,51.0371883],[-114.0006004,51.0370677],[-114.0068406,51.0370287],[-114.0096574,51.0369564],[-114.010903,51.0370472]]]}},{"type":"Feature","id":"SOW","properties":{"class":"Residential","class_code":"1","comm_code":"SOW","name":"SOUTHWOOD","sector":"SOUTH","srg":"ESTABLISHED","comm_structure":"1960s/1970s","created_dt":"2016-12-21T16:10:29.000Z","modified_dt":"2023-06-01T16:59:01.000Z","label":"Southwood","centroid":[-114.0832457,50.9577717],"bounds":[-114.0952791,50.950458,-114.0711012,50.965073]},"geometry":{"type":"Polygon","coordinates":[[[-114.0952429,50.965073],[-114.0952725,50.9619877],[-114.095215,50.961544],[-114.0948474,50.9601273],[-114.0947718,50.9594916],[-114.0947947,50.9504748],[-114.0711012,50.950476],[-114.0716336,50.9551015],[-114.0716111,50.9650463],[-114.0758496,50.9650291],[-114.0779722,50.96486],[-114.0780576,50.9650302],[-114.0792069,50.9650304],[-114.0792155,50.9650714],[-114.0952429,50.965073]]]}},{"type":"Feature","id":"SPH","properties":{"class":"Residential","class_code":"1","comm_code":"SPH","name":"SPRINGBANK HILL","sector":"WEST","srg":"DEVELOPING","comm_structure":"BUILDING OUT","created_dt":"2016-12-21T16:10:19.000Z","modified_dt":"2024-09-23T23:52:46.000Z","label":"Springbank Hill","centroid":[-114.2085075,51.0286006],"bounds":[-114.2332443,51.01417,-114.1875608,51.0389726]},"geometry":{"type":"Polygon","coordinates":[[[-114.2326728,51.0389726],[-114.2330098,51.0368314],[-114.2331351,51.0352283],[-114.2332443,51.0326036],[-114.2332273,51.0296382],[-114.233173,51.0290746],[-114.232958,51.0281837],[-114.2326054,51.0273885],[-114.2323558,51.0269814],[-114.2316645,51.0260759],[-114.23102,51.0253955],[-114.2298564,51.0245018],[-114.228078,51.0235263],[-114.2274502,51.0232885],[-114.2259387,51.0228094],[-114.2248329,51.0225482],[-114.218308,51.0216343],[-114.2169978,51.0213909],[-114.215761,51.0210873],[-114.2147612,51.0207938],[-114.2085425,51.0186911],[-114.1955864,51.01417],[-114.1937277,51.0153977],[-114.192862,51.0161023],[-114.1882034,51.0211936],[-114.1878752,51.0216544],[-114.187759,51.0219148],[-114.1876132,51.0223862],[-114.1875927,51.0226767],[-114.1875608,51.037935],[-114.1907682,51.0379298],[-114.1935049,51.0377864],[-114.1969508,51.0379547],[-114.2035517,51.0379756],[-114.2109661,51.0379683],[-114.2167576,51.037864],[-114.2232121,51.0378586],[-114.2260588,51.0382338],[-114.2267464,51.0384613],[-114.2271312,51.0385309],[-114.2310801,51.0389044],[-114.2326728,51.0389726]]]}},{"type":"Feature","id":"SPR","properties":{"class":"Residential","class_code":"1","comm_code":"SPR","name":"SPRUCE CLIFF","sector":"WEST","srg":"ESTABLISHED","comm_structure":"1950s","created_dt":"2016-12-21T16:10:08.000Z","modified_dt":"2023-03-05T22:14:28.000Z","label":"Spruce Cliff","centroid":[-114.1362469,51.0494427],"bounds":[-114.1434593,51.0416382,-114.1295174,51.0556947]},"geometry":{"type":"Polygon","coordinates":[[[-114.1434593,51.045882],[-114.1415031,51.0452709],[-114.1391969,51.044342],[-114.1389129,51.0441772],[-114.1385712,51.0438632],[-114.1380656,51.0427827],[-114.13749,51.0422518],[-114.1369869,51.0419878],[-114.1362579,51.041733],[-114.1353978,51.0416382],[-114.1354289,51.0450416],[-114.1303784,51.0450453],[-114.1303212,51.0449554],[-114.129608,51.0449564],[-114.1295967,51.0500966],[-114.129525,51.0500965],[-114.1295174,51.0535113],[-114.1298569,51.0536306],[-114.1305051,51.0540357],[-114.1310134,51.0542707],[-114.133788,51.0550633],[-114.1344074,51.0551161],[-114.1347664,51.0551153],[-114.1349601,51.0550542],[-114.135174,51.0551125],[-114.1355946,51.0551023],[-114.1361911,51.0549995],[-114.1362586,51.0548787],[-114.1363553,51.0548404],[-114.1380304,51.0552112],[-114.1389598,51.0555025],[-114.1411826,51.0556947],[-114.1411885,51.0522865],[-114.1429878,51.0522914],[-114.1429835,51.0465481],[-114.1434593,51.045882]]]}},{"type":"Feature","id":"SRI","properties":{"class":"Industrial","class_code":"2","comm_code":"SRI","name":"SADDLE RIDGE INDUSTRIAL","sector":"NORTHEAST","srg":"N/A","comm_structure":"EMPLOYMENT","created_dt":"2016-12-21T16:12:15.000Z","modified_dt":"2016-12-21T16:12:15.000Z","label":"Saddle Ridge Industrial","centroid":[-113.9760171,51.1257276],"bounds":[-113.9816885,51.1106224,-113.9697993,51.1397724]},"geometry":{"type":"Polygon","coordinates":[[[-113.9738942,51.1118091],[-113.9724438,51.1132427],[-113.9714915,51.1144586],[-113.9705859,51.1161467],[-113.970217,51.1171413],[-113.9699578,51.1183446],[-113.9698459,51.1198777],[-113.9698581,51.1218884],[-113.9697995,51.1238883],[-113.96994,51.1244829],[-113.9700027,51.1251504],[-113.9699746,51.1324798],[-113.9701208,51.1324803],[-113.9701413,51.1361246],[-113.9700436,51.1361954],[-113.9700373,51.139765],[-113.9816648,51.1397724],[-113.9816885,51.1232798],[-113.9816423,51.1106225],[-113.975187,51.1106229],[-113.9738942,51.1118091]]]}},{"type":"Feature","id":"SSD","properties":{"class":"Residential","class_code":"1","comm_code":"SSD","name":"SUNNYSIDE","sector":"CENTRE","srg":"ESTABLISHED","comm_structure":"INNER CITY","created_dt":"2016-12-21T16:10:17.000Z","modified_dt":"2026-03-20T00:42:13.000Z","label":"Sunnyside","centroid":[-114.076327,51.0570317],"bounds":[-114.0860061,51.0504968,-114.0624233,51.0623557]},"geometry":{"type":"Polygon","coordinates":[[[-114.0788699,51.0607333],[-114.07893,51.0597744],[-114.0792926,51.0590029],[-114.0814756,51.0584626],[-114.0822102,51.0584585],[-114.0822203,51.0591826],[-114.0860061,51.0599995],[-114.0858761,51.0521109],[-114.085658,51.0517508],[-114.0841211,51.0504968],[-114.0840079,51.0506487],[-114.0839875,51.0508795],[-114.0833253,51.0514926],[-114.0827943,51.051873],[-114.081001,51.0525195],[-114.0805403,51.0526307],[-114.0802296,51.0525982],[-114.0785314,51.0535028],[-114.0777462,51.0537913],[-114.0774942,51.0541053],[-114.0771833,51.0543695],[-114.0770382,51.0543991],[-114.0767498,51.0546199],[-114.0739153,51.0559331],[-114.0712402,51.0566778],[-114.0706942,51.0567545],[-114.0699094,51.0568085],[-114.0683623,51.056705],[-114.0677938,51.0565748],[-114.0669366,51.0562177],[-114.0660022,51.0556542],[-114.0657411,51.0552521],[-114.0648246,51.0542928],[-114.0643138,51.0536131],[-114.0643905,51.0530966],[-114.0631771,51.0526914],[-114.0625681,51.052408],[-114.0624233,51.0559878],[-114.0651773,51.0581338],[-114.066998,51.0587496],[-114.0673492,51.0587515],[-114.0691958,51.059723],[-114.0713965,51.0612502],[-114.0716837,51.0616154],[-114.0728547,51.0620728],[-114.0742317,51.0623557],[-114.0769574,51.0621613],[-114.0783887,51.0613324],[-114.0788699,51.0607333]]]}},{"type":"Feature","id":"SSW","properties":{"class":"Residential","class_code":"1","comm_code":"SSW","name":"SCARBORO/SUNALTA WEST","sector":"CENTRE","srg":"ESTABLISHED","comm_structure":"1950s","created_dt":"2016-12-21T16:10:17.000Z","modified_dt":"2025-01-29T11:43:55.000Z","label":"Scarboro/Sunalta West","centroid":[-114.1153063,51.0420707],"bounds":[-114.1179306,51.0378264,-114.1118177,51.0471282]},"geometry":{"type":"Polygon","coordinates":[[[-114.1179211,51.0378264],[-114.1132566,51.0378284],[-114.1120723,51.0410698],[-114.1118735,51.0417234],[-114.1118177,51.0421898],[-114.1118516,51.0425103],[-114.1120093,51.0429963],[-114.112254,51.0434654],[-114.112588,51.0439214],[-114.1140903,51.0455212],[-114.1146983,51.0465622],[-114.1160095,51.0467153],[-114.1166194,51.0468686],[-114.117282,51.0469549],[-114.1179144,51.0471282],[-114.1178781,51.0420904],[-114.1178167,51.0417156],[-114.1179306,51.0412433],[-114.1179211,51.0378264]]]}},{"type":"Feature","id":"ST1","properties":{"class":"Industrial","class_code":"2","comm_code":"ST1","name":"STONEY 1","sector":"NORTH","srg":"N/A","comm_structure":"EMPLOYMENT","created_dt":"2016-12-21T16:12:19.000Z","modified_dt":"2026-01-21T23:13:46.000Z","label":"Stoney 1","centroid":[-114.025539,51.1581103],"bounds":[-114.0480092,51.1251146,-114.0014163,51.1744333]},"geometry":{"type":"Polygon","coordinates":[[[-114.0133157,51.1744333],[-114.0209385,51.174427],[-114.0238682,51.1724677],[-114.0247943,51.1724661],[-114.023055,51.1736641],[-114.0238023,51.1741058],[-114.0305944,51.1695622],[-114.0315858,51.168837],[-114.0326447,51.1679501],[-114.0334703,51.1671564],[-114.0344506,51.1660525],[-114.0350921,51.1651942],[-114.0359761,51.163715],[-114.0380442,51.1596532],[-114.0385553,51.158501],[-114.0388548,51.1575955],[-114.0404033,51.1521135],[-114.0408344,51.1521617],[-114.0423075,51.1469381],[-114.0418625,51.1469399],[-114.0437277,51.1404522],[-114.0443962,51.1387427],[-114.047278,51.1324476],[-114.0475909,51.1316491],[-114.0478534,51.1305652],[-114.0479332,51.1296968],[-114.0480092,51.1252094],[-114.0478277,51.1252099],[-114.04783,51.1251146],[-114.0459053,51.1251152],[-114.0460539,51.1272533],[-114.0460315,51.1281504],[-114.0459106,51.1290077],[-114.0457011,51.1297534],[-114.0451049,51.1311196],[-114.044685,51.1317539],[-114.0438394,51.1328024],[-114.0314063,51.1446169],[-114.0290554,51.1467518],[-114.0269923,51.1483529],[-114.0250807,51.1496827],[-114.0052916,51.1626431],[-114.0044537,51.1633124],[-114.0035714,51.1642238],[-114.0029516,51.1649738],[-114.0023133,51.1660833],[-114.0017645,51.1672967],[-114.0014163,51.1688851],[-114.0028727,51.1688833],[-114.0031475,51.1701122],[-114.0039566,51.1705887],[-114.0039568,51.1710487],[-114.0044807,51.1720134],[-114.0043382,51.1725088],[-114.0044913,51.1726549],[-114.0051812,51.1731694],[-114.0057972,51.1734995],[-114.006722,51.1738486],[-114.0074751,51.1740352],[-114.0084619,51.1741715],[-114.0133157,51.1744333]]]}},{"type":"Feature","id":"ST2","properties":{"class":"Industrial","class_code":"2","comm_code":"ST2","name":"STONEY 2","sector":"NORTHEAST","srg":"N/A","comm_structure":"EMPLOYMENT","created_dt":"2016-12-21T16:12:13.000Z","modified_dt":"2024-06-24T21:18:20.000Z","label":"Stoney 2","centroid":[-114.0189902,51.1439668],"bounds":[-114.0441337,51.1324604,-113.9939424,51.1543207]},"geometry":{"type":"Polygon","coordinates":[[[-114.0250828,51.1396],[-114.0223965,51.1394795],[-114.0017459,51.1395774],[-114.001759,51.1415739],[-114.0016932,51.1433796],[-114.0017832,51.1533265],[-113.9939424,51.1533338],[-113.9939463,51.1543207],[-114.017996,51.1543102],[-114.0250807,51.1496827],[-114.0269923,51.1483529],[-114.0290554,51.1467518],[-114.0314063,51.1446169],[-114.036522,51.139769],[-114.0433847,51.1332637],[-114.0441337,51.1324604],[-114.0250928,51.1325181],[-114.0250828,51.1396]]]}},{"type":"Feature","id":"ST3","properties":{"class":"Industrial","class_code":"2","comm_code":"ST3","name":"STONEY 3","sector":"NORTHEAST","srg":"N/A","comm_structure":"EMPLOYMENT","created_dt":"2016-12-21T16:12:13.000Z","modified_dt":"2016-12-21T16:12:13.000Z","label":"Stoney 3","centroid":[-113.9758478,51.1470418],"bounds":[-113.9816727,51.139765,-113.9700261,51.1543121]},"geometry":{"type":"Polygon","coordinates":[[[-113.9700373,51.139765],[-113.9700262,51.1543082],[-113.9816727,51.1543121],[-113.9816648,51.1397724],[-113.9700373,51.139765]]]}},{"type":"Feature","id":"ST4","properties":{"class":"Industrial","class_code":"2","comm_code":"ST4","name":"STONEY 4","sector":"NORTHEAST","srg":"N/A","comm_structure":"EMPLOYMENT","created_dt":"2016-12-21T16:12:18.000Z","modified_dt":"2026-01-19T23:20:22.000Z","label":"Stoney 4","centroid":[-113.9995615,51.1772286],"bounds":[-114.0364854,51.162716,-113.9690583,51.1835525]},"geometry":{"type":"Polygon","coordinates":[[[-114.0364733,51.1756333],[-114.0364849,51.162716],[-114.0356508,51.1643132],[-114.0348874,51.1654829],[-114.0337285,51.1668851],[-114.0326447,51.1679501],[-114.0315858,51.168837],[-114.0305944,51.1695622],[-114.0238023,51.1741058],[-114.023055,51.1736641],[-114.0247943,51.1724661],[-114.0238682,51.1724677],[-114.0209385,51.174427],[-114.0133157,51.1744333],[-114.0084619,51.1741715],[-114.0069682,51.1739182],[-114.0060183,51.173597],[-114.0053782,51.1732855],[-114.0048144,51.1729203],[-114.0043382,51.1725088],[-114.0044807,51.1720134],[-114.0039568,51.1710487],[-114.0039566,51.1705887],[-114.0031475,51.1701122],[-114.0028727,51.1688833],[-113.9997931,51.1688861],[-113.9997636,51.170303],[-113.9987494,51.1721917],[-113.9908955,51.1746336],[-113.9790322,51.1746171],[-113.9781522,51.1744975],[-113.9772125,51.174248],[-113.9731002,51.1725056],[-113.9690845,51.1725035],[-113.9690642,51.1727892],[-113.9690808,51.1735518],[-113.9692946,51.1749403],[-113.9707913,51.1802918],[-113.9707121,51.1805247],[-113.9707146,51.1835525],[-114.0018397,51.1835395],[-114.0018396,51.1761205],[-114.0022708,51.17612],[-114.002271,51.1797649],[-114.0026763,51.1797644],[-114.0026763,51.1834446],[-114.0136189,51.1834406],[-114.0141029,51.1822541],[-114.0144999,51.1815325],[-114.0149636,51.1808936],[-114.015495,51.1803065],[-114.0183543,51.1778331],[-114.0193997,51.1770549],[-114.021016,51.1759647],[-114.03345,51.1756455],[-114.0364733,51.1756333]]]}},{"type":"Feature","id":"STA","properties":{"class":"Residential","class_code":"1","comm_code":"STA","name":"ST. ANDREWS HEIGHTS","sector":"CENTRE","srg":"ESTABLISHED","comm_structure":"1950s","created_dt":"2016-12-21T16:10:24.000Z","modified_dt":"2023-05-29T08:00:14.000Z","label":"St. Andrews Heights","centroid":[-114.1273893,51.0641623],"bounds":[-114.1411853,51.0593073,-114.1179564,51.0685273]},"geometry":{"type":"Polygon","coordinates":[[[-114.1411853,51.0663973],[-114.141185,51.066011],[-114.1351242,51.0630173],[-114.1356605,51.0625862],[-114.1351817,51.0623495],[-114.1356644,51.0619615],[-114.1352546,51.0617589],[-114.1350536,51.0619208],[-114.1347115,51.0617517],[-114.1349658,51.0615467],[-114.1346719,51.0614014],[-114.134484,51.0615522],[-114.1341215,51.0613732],[-114.1338536,51.0615889],[-114.1331013,51.061217],[-114.132887,51.0613896],[-114.1324665,51.0611818],[-114.1321463,51.0614397],[-114.1318042,51.0612706],[-114.1320706,51.0610558],[-114.1317187,51.0608819],[-114.1313622,51.061169],[-114.1309999,51.0609899],[-114.1307682,51.0611766],[-114.1304261,51.0610075],[-114.1302796,51.0611256],[-114.1298312,51.0607867],[-114.1296152,51.0604927],[-114.1295099,51.0600694],[-114.1295109,51.0596068],[-114.1284657,51.0596093],[-114.1279463,51.0597562],[-114.1276144,51.0597687],[-114.1258593,51.0593073],[-114.1257537,51.0594561],[-114.1248146,51.0594577],[-114.1242371,51.0596668],[-114.1230868,51.0594739],[-114.1230868,51.0594328],[-114.1227999,51.0594328],[-114.1227998,51.0596328],[-114.1180252,51.0596399],[-114.1179648,51.0613134],[-114.1179617,51.0669852],[-114.1192718,51.0670378],[-114.1199066,51.0671253],[-114.1245318,51.0681467],[-114.1257623,51.0683435],[-114.1274349,51.0684869],[-114.1294512,51.0685231],[-114.1310589,51.0683988],[-114.1325653,51.0681793],[-114.1344196,51.0677588],[-114.1368098,51.06704],[-114.1381924,51.0667225],[-114.1391784,51.0665646],[-114.1411853,51.0663973]]]}},{"type":"Feature","id":"STD","properties":{"class":"Industrial","class_code":"2","comm_code":"STD","name":"STARFIELD","sector":"EAST","srg":"N/A","comm_structure":"EMPLOYMENT","created_dt":"2016-12-21T16:12:14.000Z","modified_dt":"2024-02-21T08:53:18.000Z","label":"Starfield","centroid":[-113.9399366,51.0045786],"bounds":[-113.958524,50.9941159,-113.921256,51.0156094]},"geometry":{"type":"Polygon","coordinates":[[[-113.921256,51.0156094],[-113.931079,51.0149322],[-113.9369938,51.0147071],[-113.9394285,51.0146957],[-113.9483058,51.0148946],[-113.9583426,51.0148067],[-113.9584754,51.0109426],[-113.9585069,50.9941159],[-113.9573982,50.9941305],[-113.9563776,50.9942423],[-113.9549019,50.994247],[-113.9215656,50.9942151],[-113.9215472,51.012103],[-113.9214934,51.0131975],[-113.921256,51.0156094]]]}},{"type":"Feature","id":"STE","properties":{"class":"Industrial","class_code":"2","comm_code":"STE","name":"STARFIELD EAST","sector":"EAST","srg":"N/A","comm_structure":"EMPLOYMENT","created_dt":"2022-07-11T09:39:55.000Z","modified_dt":"2024-02-21T08:52:56.000Z","label":"Starfield East","centroid":[-113.9166485,51.0050097],"bounds":[-113.9215667,50.9942151,-113.9117673,51.0160899]},"geometry":{"type":"Polygon","coordinates":[[[-113.921256,51.0156094],[-113.9214934,51.0131975],[-113.9215472,51.012103],[-113.9215656,50.9942151],[-113.9164307,50.9942182],[-113.9164028,50.9943085],[-113.9117773,50.9943118],[-113.9117673,51.0160899],[-113.9119869,51.0159014],[-113.9166887,51.0158272],[-113.921256,51.0156094]]]}},{"type":"Feature","id":"STR","properties":{"class":"Residential","class_code":"1","comm_code":"STR","name":"STRATHCONA PARK","sector":"WEST","srg":"ESTABLISHED","comm_structure":"1980s/1990s","created_dt":"2016-12-21T16:10:18.000Z","modified_dt":"2024-02-21T13:11:22.000Z","label":"Strathcona Park","centroid":[-114.1814964,51.04824],"bounds":[-114.2109704,51.0408977,-114.1642622,51.0539361]},"geometry":{"type":"Polygon","coordinates":[[[-114.2109663,51.0488083],[-114.1977905,51.0488327],[-114.1977909,51.049117],[-114.197685,51.0493237],[-114.19731,51.0494956],[-114.1968467,51.0494958],[-114.1964722,51.0493245],[-114.1963655,51.0491188],[-114.1963652,51.0488356],[-114.1938659,51.0488405],[-114.1933146,51.0486846],[-114.192208,51.0479966],[-114.1915093,51.0478432],[-114.190828,51.0473448],[-114.1905621,51.0472754],[-114.1905605,51.0461336],[-114.1876672,51.0461381],[-114.1876669,51.0452218],[-114.1866015,51.0452218],[-114.1866045,51.0443624],[-114.1859203,51.0440502],[-114.1839781,51.0439277],[-114.1829885,51.0437523],[-114.1821151,51.0433926],[-114.1813303,51.0424767],[-114.1776296,51.0410384],[-114.1760191,51.0414513],[-114.1732005,51.0411921],[-114.1732006,51.0414596],[-114.1731166,51.0413963],[-114.1729138,51.041425],[-114.1729137,51.0411657],[-114.1723927,51.0413443],[-114.1723927,51.0414989],[-114.1723058,51.0415243],[-114.1723058,51.041374],[-114.1717846,51.04156],[-114.1676975,51.0415545],[-114.1677021,51.0414806],[-114.1675246,51.0414807],[-114.1675244,51.0412751],[-114.1673938,51.0411208],[-114.1669253,51.0408977],[-114.1644934,51.0409011],[-114.1642622,51.0436549],[-114.1643029,51.0526342],[-114.1660479,51.0535452],[-114.167233,51.0538708],[-114.1683011,51.0539361],[-114.1694215,51.0538471],[-114.1766528,51.052279],[-114.1777215,51.0520866],[-114.179303,51.0519636],[-114.1806235,51.0520445],[-114.1837465,51.0525139],[-114.1861668,51.0526396],[-114.1907442,51.0525526],[-114.2109704,51.0525401],[-114.2109663,51.0488083]]]}},{"type":"Feature","id":"SUN","properties":{"class":"Industrial","class_code":"2","comm_code":"SUN","name":"SUNRIDGE","sector":"NORTHEAST","srg":"N/A","comm_structure":"EMPLOYMENT","created_dt":"2016-12-21T16:12:16.000Z","modified_dt":"2024-12-12T23:44:24.000Z","label":"Sunridge","centroid":[-113.9917109,51.0742312],"bounds":[-114.0017242,51.0669616,-113.9817145,51.081496]},"geometry":{"type":"Polygon","coordinates":[[[-114.0016812,51.0669616],[-113.9817145,51.0669673],[-113.9817182,51.0814954],[-114.0017242,51.0814922],[-114.0016812,51.0669616]]]}},{"type":"Feature","id":"SVO","properties":{"class":"Residential","class_code":"1","comm_code":"SVO","name":"SILVERADO","sector":"SOUTH","srg":"DEVELOPING","comm_structure":"BUILDING OUT","created_dt":"2016-12-21T16:10:16.000Z","modified_dt":"2024-02-21T11:35:01.000Z","label":"Silverado","centroid":[-114.070134,50.8839114],"bounds":[-114.0941314,50.8721099,-114.0440024,50.8938756]},"geometry":{"type":"Polygon","coordinates":[[[-114.0934804,50.8938756],[-114.0938972,50.8905539],[-114.093871,50.8894202],[-114.0940142,50.8888965],[-114.0940018,50.8884981],[-114.0941145,50.888498],[-114.0941314,50.8776869],[-114.0818048,50.8777002],[-114.0803413,50.877649],[-114.0759642,50.8776487],[-114.06985,50.8774617],[-114.0683436,50.8772928],[-114.0674843,50.8771243],[-114.0665665,50.876854],[-114.0656894,50.8765186],[-114.0649399,50.8761514],[-114.064104,50.8756191],[-114.0615974,50.8736674],[-114.0608659,50.8732207],[-114.06015,50.8728746],[-114.0593174,50.8725717],[-114.0583485,50.8723205],[-114.0574746,50.8721827],[-114.0565797,50.8721153],[-114.0554875,50.8721337],[-114.0542397,50.8722863],[-114.0485976,50.8737865],[-114.0476379,50.8741304],[-114.0462184,50.8749846],[-114.0456357,50.8752672],[-114.0440024,50.8756939],[-114.0545396,50.8927966],[-114.0652925,50.8927235],[-114.0716014,50.8925908],[-114.0746629,50.8926579],[-114.0801355,50.8928438],[-114.0837602,50.8931058],[-114.0886648,50.8935544],[-114.0934804,50.8938756]]]}},{"type":"Feature","id":"SVR","properties":{"class":"Residential","class_code":"1","comm_code":"SVR","name":"SYMONS VALLEY RANCH","sector":"NORTH","srg":"DEVELOPING","comm_structure":"2000s","created_dt":"2019-08-20T10:49:09.000Z","modified_dt":"2026-02-02T13:22:02.000Z","label":"Symons Valley Ranch","centroid":[-114.1389844,51.1851203],"bounds":[-114.1411941,51.1831303,-114.1351134,51.1886257]},"geometry":{"type":"Polygon","coordinates":[[[-114.1411843,51.1831303],[-114.1393177,51.1831452],[-114.1351134,51.183211],[-114.1355818,51.1840856],[-114.1360827,51.1846584],[-114.139537,51.1876377],[-114.1404038,51.1882147],[-114.1411941,51.1886257],[-114.1411843,51.1831303]]]}},{"type":"Feature","id":"TAR","properties":{"class":"Residential","class_code":"1","comm_code":"TAR","name":"TARADALE","sector":"NORTHEAST","srg":"ESTABLISHED","comm_structure":"2000s","created_dt":"2016-12-21T16:10:13.000Z","modified_dt":"2025-01-22T08:19:49.000Z","label":"Taradale","centroid":[-113.9336354,51.1177555],"bounds":[-113.9469424,51.11063,-113.920341,51.1252638]},"geometry":{"type":"Polygon","coordinates":[[[-113.9212822,51.1252638],[-113.9442546,51.1251927],[-113.9442573,51.1225107],[-113.9442669,51.1223264],[-113.9443797,51.1220575],[-113.9447761,51.121693],[-113.9453232,51.1214767],[-113.9459805,51.1213905],[-113.9467719,51.1214015],[-113.9467737,51.1122344],[-113.9469424,51.11063],[-113.920341,51.1106434],[-113.9205946,51.1118381],[-113.9209238,51.1138413],[-113.9212398,51.117073],[-113.9212822,51.1252638]]]}},{"type":"Feature","id":"TEM","properties":{"class":"Residential","class_code":"1","comm_code":"TEM","name":"TEMPLE","sector":"NORTHEAST","srg":"ESTABLISHED","comm_structure":"1960s/1970s","created_dt":"2016-12-21T16:10:15.000Z","modified_dt":"2024-12-12T11:25:39.000Z","label":"Temple","centroid":[-113.9467721,51.0887997],"bounds":[-113.958423,51.0815231,-113.9351432,51.096088]},"geometry":{"type":"Polygon","coordinates":[[[-113.9583632,51.0960615],[-113.958423,51.0914111],[-113.9584084,51.081524],[-113.9351458,51.0815269],[-113.9351432,51.096088],[-113.9583632,51.0960615]]]}},{"type":"Feature","id":"THO","properties":{"class":"Residential","class_code":"1","comm_code":"THO","name":"THORNCLIFFE","sector":"NORTH","srg":"ESTABLISHED","comm_structure":"1950s","created_dt":"2016-12-21T16:10:27.000Z","modified_dt":"2024-12-12T23:50:36.000Z","label":"Thorncliffe","centroid":[-114.0679308,51.1036896],"bounds":[-114.0844713,51.0946346,-114.0494803,51.1115889]},"geometry":{"type":"Polygon","coordinates":[[[-114.0837174,51.1086339],[-114.0844713,51.1074062],[-114.0835332,51.1071213],[-114.0825472,51.1062716],[-114.083023,51.1060501],[-114.0825947,51.1056359],[-114.082378,51.105204],[-114.0823793,51.1047329],[-114.0824325,51.1045942],[-114.082567,51.1044878],[-114.0825819,51.1038568],[-114.082456,51.1035325],[-114.0821138,51.1030432],[-114.0819406,51.1026404],[-114.0818728,51.1023197],[-114.0818679,51.1019194],[-114.0817613,51.1017416],[-114.0817613,51.1014121],[-114.0811648,51.1014115],[-114.0828959,51.0985607],[-114.0844234,51.0977686],[-114.081884,51.0967976],[-114.0805697,51.0965057],[-114.0788562,51.096355],[-114.0769582,51.0959585],[-114.0763249,51.0959708],[-114.0744225,51.0963226],[-114.0735624,51.0962804],[-114.0724433,51.0960914],[-114.0691336,51.0960811],[-114.0691335,51.0956729],[-114.0667223,51.094769],[-114.0643697,51.095139],[-114.0624604,51.0946346],[-114.0624597,51.0960749],[-114.0581943,51.0960707],[-114.0581876,51.0969156],[-114.0569257,51.0995147],[-114.056888,51.1002749],[-114.0561971,51.1001911],[-114.055437,51.1022105],[-114.0554367,51.1033854],[-114.0534555,51.1033863],[-114.0534462,51.105654],[-114.0511226,51.1056553],[-114.0494803,51.1071054],[-114.0504481,51.1075416],[-114.0498164,51.1086507],[-114.0497512,51.1090478],[-114.0499963,51.1101547],[-114.0499968,51.1105896],[-114.0720978,51.1106302],[-114.0728505,51.1107459],[-114.0741022,51.1113478],[-114.074466,51.111457],[-114.0751589,51.1115763],[-114.0758864,51.1115769],[-114.0768087,51.1113848],[-114.0773625,51.1111098],[-114.0777243,51.1108123],[-114.0785149,51.109854],[-114.0789338,51.1095378],[-114.0795179,51.1092504],[-114.080364,51.1090087],[-114.0813195,51.1089172],[-114.0818985,51.1089441],[-114.0834628,51.1091805],[-114.0837174,51.1086339]]]}},{"type":"Feature","id":"THS","properties":{"class":"Residential","class_code":"1","comm_code":"THS","name":"TWINHILLS","sector":"EAST","srg":"DEVELOPING","comm_structure":"BUILDING OUT","created_dt":"2019-08-20T14:43:50.000Z","modified_dt":"2024-12-12T13:34:30.000Z","label":"Twinhills","centroid":[-113.879015,51.0439363],"bounds":[-113.8886744,51.0378349,-113.8655617,51.0524417]},"geometry":{"type":"Polygon","coordinates":[[[-113.8770491,51.0524417],[-113.8886616,51.0524399],[-113.8886744,51.0378349],[-113.8655667,51.0378454],[-113.8655617,51.0452097],[-113.8770488,51.0452116],[-113.8770491,51.0524417]]]}},{"type":"Feature","id":"TUS","properties":{"class":"Residential","class_code":"1","comm_code":"TUS","name":"TUSCANY","sector":"NORTHWEST","srg":"ESTABLISHED","comm_structure":"2000s","created_dt":"2020-06-23T16:43:04.000Z","modified_dt":"2025-01-22T08:20:06.000Z","label":"Tuscany","centroid":[-114.2438964,51.122372],"bounds":[-114.2576872,51.106632,-114.2241139,51.1437208]},"geometry":{"type":"Polygon","coordinates":[[[-114.2269131,51.1069239],[-114.2244548,51.106632],[-114.2242254,51.1074206],[-114.2241234,51.108152],[-114.2241522,51.1090542],[-114.2244326,51.1101703],[-114.2246927,51.1107672],[-114.2250594,51.1114086],[-114.2254702,51.1119773],[-114.2260892,51.1126802],[-114.2276885,51.114268],[-114.2283957,51.1150753],[-114.2294357,51.1163583],[-114.2298746,51.1170187],[-114.2306607,51.1185291],[-114.2309271,51.1191883],[-114.2313117,51.1205222],[-114.231543,51.121899],[-114.2315912,51.1230341],[-114.2314783,51.1242712],[-114.2313539,51.1249247],[-114.2309108,51.1263816],[-114.2303484,51.127635],[-114.2296968,51.1287418],[-114.2285625,51.1302469],[-114.2276993,51.1311673],[-114.2576244,51.1437208],[-114.2576124,51.12519],[-114.2576872,51.12519],[-114.2576871,51.1248806],[-114.2576838,51.1162594],[-114.2576147,51.1162601],[-114.2576118,51.1087235],[-114.2441085,51.1072063],[-114.2312075,51.1068999],[-114.2269131,51.1069239]]]}},{"type":"Feature","id":"TUX","properties":{"class":"Residential","class_code":"1","comm_code":"TUX","name":"TUXEDO PARK","sector":"CENTRE","srg":"ESTABLISHED","comm_structure":"INNER CITY","created_dt":"2016-12-21T16:10:24.000Z","modified_dt":"2023-01-12T13:07:04.000Z","label":"Tuxedo Park","centroid":[-114.0616385,51.0743799],"bounds":[-114.0674939,51.0669279,-114.0546245,51.0815224]},"geometry":{"type":"Polygon","coordinates":[[[-114.0674876,51.0815224],[-114.0674939,51.0669299],[-114.0561795,51.0669337],[-114.0560863,51.0697191],[-114.056361,51.0733604],[-114.0546245,51.081514],[-114.0674876,51.0815224]]]}},{"type":"Feature","id":"UMR","properties":{"class":"Residential","class_code":"1","comm_code":"UMR","name":"UPPER MOUNT ROYAL","sector":"CENTRE","srg":"ESTABLISHED","comm_structure":"INNER CITY","created_dt":"2016-12-21T16:10:21.000Z","modified_dt":"2023-06-12T23:49:38.000Z","label":"Upper Mount Royal","centroid":[-114.087091,51.0307746],"bounds":[-114.0947056,51.0240176,-114.0752115,51.0359432]},"geometry":{"type":"Polygon","coordinates":[[[-114.0947021,51.0240176],[-114.0918653,51.0240221],[-114.0908473,51.0240787],[-114.0901696,51.0241666],[-114.0881968,51.0245793],[-114.0879186,51.0256253],[-114.0867022,51.0254652],[-114.086296,51.025468],[-114.0859641,51.0255694],[-114.0857934,51.025707],[-114.0846866,51.0271663],[-114.0843063,51.027227],[-114.0834633,51.0270637],[-114.0831792,51.0272404],[-114.0831245,51.0273276],[-114.0831118,51.0276089],[-114.0823906,51.0276076],[-114.0823904,51.0282257],[-114.0818088,51.028225],[-114.0818091,51.0283606],[-114.0815032,51.0287453],[-114.0816138,51.0287773],[-114.0812891,51.0291211],[-114.0810482,51.0292876],[-114.0802426,51.0295457],[-114.0791013,51.0297136],[-114.079101,51.0297817],[-114.0773913,51.02978],[-114.077391,51.0298728],[-114.075434,51.0299324],[-114.0752115,51.0301268],[-114.0756737,51.0304321],[-114.0764009,51.0312406],[-114.0769056,51.0315881],[-114.0769657,51.0340016],[-114.0767822,51.0344703],[-114.0767256,51.0345492],[-114.0766521,51.0345492],[-114.0763179,51.0350002],[-114.0772485,51.0351818],[-114.0831394,51.0351916],[-114.0836707,51.0352707],[-114.084427,51.0355411],[-114.0849634,51.0356484],[-114.0870688,51.0356556],[-114.0870701,51.0358776],[-114.0874995,51.0359401],[-114.0930839,51.0359414],[-114.0930838,51.0358786],[-114.0947056,51.035868],[-114.0947021,51.0240176]]]}},{"type":"Feature","id":"UND","properties":{"class":"Residential","class_code":"1","comm_code":"UND","name":"UNIVERSITY DISTRICT","sector":"NORTHWEST","srg":"ESTABLISHED","comm_structure":"OTHER","created_dt":"2016-12-21T16:10:35.000Z","modified_dt":"2023-01-17T22:26:39.000Z","label":"University District","centroid":[-114.1459393,51.0747355],"bounds":[-114.1522227,51.066108,-114.1377354,51.0814924]},"geometry":{"type":"Polygon","coordinates":[[[-114.1478902,51.066108],[-114.1411853,51.0663973],[-114.1411758,51.0678587],[-114.14133,51.0678587],[-114.1413298,51.0742533],[-114.1410419,51.0742534],[-114.1410443,51.0776475],[-114.1390283,51.0776445],[-114.1390251,51.078265],[-114.1377354,51.0782666],[-114.1377373,51.0789062],[-114.1410453,51.0788974],[-114.1410491,51.0814921],[-114.1522227,51.081479],[-114.1522008,51.0762864],[-114.1521515,51.0756264],[-114.1520124,51.0749428],[-114.151722,51.074191],[-114.1513373,51.0734482],[-114.1483175,51.0692064],[-114.1480281,51.0686983],[-114.1479564,51.0684189],[-114.147991,51.0672281],[-114.1478902,51.066108]]]}},{"type":"Feature","id":"UNI","properties":{"class":"Residential","class_code":"1","comm_code":"UNI","name":"UNIVERSITY HEIGHTS","sector":"NORTHWEST","srg":"ESTABLISHED","comm_structure":"1960s/1970s","created_dt":"2016-12-21T16:10:04.000Z","modified_dt":"2023-05-29T07:59:50.000Z","label":"University Heights","centroid":[-114.1338556,51.0708221],"bounds":[-114.1413301,51.0663973,-114.1224956,51.0744245]},"geometry":{"type":"Polygon","coordinates":[[[-114.1411853,51.0663973],[-114.1391784,51.0665646],[-114.1381924,51.0667225],[-114.1368098,51.06704],[-114.1344196,51.0677588],[-114.1330637,51.068073],[-114.1315609,51.0683381],[-114.1299215,51.0684988],[-114.1278857,51.0685067],[-114.1260999,51.0683803],[-114.1245318,51.0681467],[-114.1224956,51.0676974],[-114.1283933,51.0744245],[-114.1312066,51.0743672],[-114.1410419,51.0743631],[-114.1410419,51.0742534],[-114.1413298,51.0742533],[-114.14133,51.0678587],[-114.1411758,51.0678587],[-114.1411853,51.0663973]]]}},{"type":"Feature","id":"UOC","properties":{"class":"Residential","class_code":"1","comm_code":"UOC","name":"UNIVERSITY OF CALGARY","sector":"NORTHWEST","srg":"ESTABLISHED","comm_structure":"OTHER","created_dt":"2016-12-21T16:10:21.000Z","modified_dt":"2023-01-17T22:20:48.000Z","label":"University Of Calgary","centroid":[-114.1283641,51.0760931],"bounds":[-114.1410491,51.0669852,-114.1179402,51.0830698]},"geometry":{"type":"Polygon","coordinates":[[[-114.1410419,51.0743631],[-114.1312066,51.0743672],[-114.1283933,51.0744245],[-114.1224956,51.0676974],[-114.1199066,51.0671253],[-114.1192718,51.0670378],[-114.1179617,51.0669852],[-114.117949,51.0725632],[-114.1180502,51.0732371],[-114.118431,51.0742805],[-114.1187316,51.0748403],[-114.1192657,51.0755941],[-114.1206606,51.07709],[-114.1243441,51.0817455],[-114.1257146,51.0830698],[-114.1269995,51.0822269],[-114.127655,51.0819354],[-114.1285165,51.0816927],[-114.1294338,51.081534],[-114.1302012,51.0814946],[-114.1410491,51.0814921],[-114.1410453,51.0788974],[-114.1377373,51.0789062],[-114.1377354,51.0782666],[-114.1390251,51.078265],[-114.1390283,51.0776445],[-114.1410443,51.0776475],[-114.1410419,51.0743631]]]}},{"type":"Feature","id":"VAF","properties":{"class":"Industrial","class_code":"2","comm_code":"VAF","name":"VALLEYFIELD","sector":"EAST","srg":"N/A","comm_structure":"EMPLOYMENT","created_dt":"2016-12-21T16:12:12.000Z","modified_dt":"2023-07-24T11:19:50.000Z","label":"Valleyfield","centroid":[-114.0007322,51.010311],"bounds":[-114.0107553,51.002752,-113.9859565,51.0154297]},"geometry":{"type":"Polygon","coordinates":[[[-113.9973191,51.0154184],[-114.0013097,51.015295],[-114.0032899,51.0150914],[-114.0045864,51.0148084],[-114.005441,51.0145271],[-114.0059526,51.0138502],[-114.0068995,51.012817],[-114.0077628,51.0120509],[-114.0085382,51.0114598],[-114.0080504,51.0106215],[-114.0081204,51.0102001],[-114.0080994,51.0097067],[-114.0079253,51.0087004],[-114.0091884,51.0057321],[-114.0097011,51.0058165],[-114.0100593,51.0051706],[-114.0107553,51.0032742],[-114.0099498,51.002752],[-114.0065951,51.0029125],[-114.0056207,51.0030984],[-114.0048147,51.0033936],[-114.0041513,51.0037543],[-114.001333,51.0055302],[-114.0001567,51.0063339],[-113.9859565,51.0153042],[-113.9915292,51.0154297],[-113.9973191,51.0154184]]]}},{"type":"Feature","id":"VAL","properties":{"class":"Residential","class_code":"1","comm_code":"VAL","name":"VALLEY RIDGE","sector":"WEST","srg":"ESTABLISHED","comm_structure":"2000s","created_dt":"2016-12-21T16:10:35.000Z","modified_dt":"2025-12-18T12:32:44.000Z","label":"Valley Ridge","centroid":[-114.2536272,51.094274],"bounds":[-114.274292,51.088523,-114.2323589,51.1022678]},"geometry":{"type":"Polygon","coordinates":[[[-114.2715792,51.0937955],[-114.2715566,51.0941217],[-114.2717419,51.0941615],[-114.2721192,51.0939762],[-114.2724196,51.0940862],[-114.2725607,51.094332],[-114.2725858,51.0946596],[-114.2729154,51.0947353],[-114.273194,51.0947079],[-114.2732858,51.0946275],[-114.2735737,51.0945547],[-114.2737868,51.0946686],[-114.274292,51.0948026],[-114.2738386,51.0944832],[-114.2734219,51.093769],[-114.2730233,51.0929014],[-114.2729867,51.0926292],[-114.2730686,51.0918323],[-114.2727749,51.0912534],[-114.2731549,51.0911703],[-114.2731855,51.0910173],[-114.2735937,51.0908364],[-114.2735514,51.0906279],[-114.2733162,51.0904292],[-114.2724213,51.0900363],[-114.271504,51.0895292],[-114.271339,51.0893707],[-114.2710283,51.0893352],[-114.2708654,51.0894024],[-114.2704542,51.0890934],[-114.2702444,51.0888655],[-114.2690836,51.088865],[-114.2690835,51.0885848],[-114.2323589,51.088523],[-114.2330858,51.0900383],[-114.2334153,51.0909284],[-114.2337482,51.0921295],[-114.2338398,51.0930753],[-114.2337705,51.0942144],[-114.2335289,51.0955033],[-114.2331887,51.0964947],[-114.2325999,51.0976464],[-114.2329979,51.0975344],[-114.2332819,51.097034],[-114.2344569,51.0970842],[-114.2345472,51.0970318],[-114.2346985,51.0970933],[-114.2383319,51.096941],[-114.2387116,51.0970304],[-114.2399885,51.0970953],[-114.2416201,51.0973594],[-114.2432721,51.0975527],[-114.2449917,51.0981599],[-114.2452104,51.0981835],[-114.2458792,51.0987741],[-114.2466475,51.0992604],[-114.2482158,51.0999228],[-114.2492705,51.1000938],[-114.249386,51.1002234],[-114.2493471,51.1003315],[-114.2495209,51.1004191],[-114.250692,51.1007114],[-114.2512528,51.1009389],[-114.252452,51.1012653],[-114.2537349,51.1014557],[-114.2545473,51.101669],[-114.2552567,51.1017472],[-114.257516,51.1021986],[-114.2597113,51.1022657],[-114.2633998,51.1019182],[-114.2644494,51.1017386],[-114.2653025,51.1015073],[-114.2664416,51.1010872],[-114.2672932,51.1006208],[-114.2680244,51.1005556],[-114.2690706,51.100606],[-114.2690744,51.0935542],[-114.2692826,51.0935571],[-114.2694337,51.093504],[-114.2696361,51.0933159],[-114.269898,51.0932797],[-114.2703469,51.0933765],[-114.2715792,51.0937955]]]}},{"type":"Feature","id":"VAR","properties":{"class":"Residential","class_code":"1","comm_code":"VAR","name":"VARSITY","sector":"NORTHWEST","srg":"ESTABLISHED","comm_structure":"1960s/1970s","created_dt":"2016-12-21T16:10:28.000Z","modified_dt":"2023-06-07T08:36:10.000Z","label":"Varsity","centroid":[-114.1592233,51.0925629],"bounds":[-114.1820405,51.0814597,-114.1257146,51.1106613]},"geometry":{"type":"Polygon","coordinates":[[[-114.1783491,51.1106613],[-114.1793164,51.1092639],[-114.1806632,51.1067883],[-114.1809234,51.1060773],[-114.1812946,51.104727],[-114.1814249,51.1044509],[-114.1817766,51.1040707],[-114.1820405,51.1039049],[-114.1805694,51.1029551],[-114.178899,51.0959662],[-114.1786435,51.0938746],[-114.1786133,51.0919587],[-114.178858,51.0903407],[-114.1792297,51.0892667],[-114.179918,51.0879683],[-114.1794959,51.0878074],[-114.179331,51.0876772],[-114.1774267,51.0867241],[-114.1767318,51.0864454],[-114.1751682,51.0859731],[-114.1738274,51.085457],[-114.1734029,51.0853619],[-114.1731886,51.085275],[-114.1730958,51.0851069],[-114.1728884,51.0851308],[-114.1723681,51.0849641],[-114.171252,51.0848198],[-114.170604,51.0845769],[-114.1701061,51.0845391],[-114.1689187,51.0842993],[-114.1677383,51.0839827],[-114.1674436,51.0839542],[-114.1671685,51.0837897],[-114.1668101,51.0834426],[-114.1667394,51.0831504],[-114.1667564,51.0827777],[-114.1668502,51.082408],[-114.1671411,51.0819675],[-114.1673909,51.0817445],[-114.1678679,51.0814761],[-114.1298397,51.0815055],[-114.1289834,51.0815976],[-114.127655,51.0819354],[-114.1269995,51.0822269],[-114.1257146,51.0830698],[-114.1268907,51.0840324],[-114.1288784,51.0853789],[-114.1307142,51.0864246],[-114.1349369,51.0886828],[-114.1356887,51.0892306],[-114.1375568,51.0908818],[-114.1382964,51.0913953],[-114.1507769,51.0988242],[-114.1523957,51.0998355],[-114.1540203,51.1007439],[-114.1566627,51.1019633],[-114.1610065,51.1034585],[-114.1636424,51.1044797],[-114.1783491,51.1106613]]]}},{"type":"Feature","id":"VIS","properties":{"class":"Residential","class_code":"1","comm_code":"VIS","name":"VISTA HEIGHTS","sector":"NORTHEAST","srg":"ESTABLISHED","comm_structure":"1960s/1970s","created_dt":"2016-12-21T16:10:14.000Z","modified_dt":"2025-12-17T23:55:08.000Z","label":"Vista Heights","centroid":[-114.0178629,51.0711448],"bounds":[-114.0272422,51.0669657,-114.0087156,51.0769052]},"geometry":{"type":"Polygon","coordinates":[[[-114.0189265,51.0751726],[-114.0189206,51.0768997],[-114.0222887,51.0769052],[-114.0222979,51.075162],[-114.0223619,51.0750653],[-114.0225238,51.0750035],[-114.022526,51.0743752],[-114.0272422,51.0743793],[-114.0269324,51.0736555],[-114.0266269,51.0727099],[-114.0264621,51.0716608],[-114.0265085,51.0706559],[-114.027017,51.0669836],[-114.0090658,51.0669657],[-114.0090755,51.0707336],[-114.0092107,51.0707337],[-114.0092109,51.0717064],[-114.0089327,51.0717055],[-114.0089335,51.0724317],[-114.0087156,51.0724309],[-114.0087182,51.0742611],[-114.0090779,51.0742618],[-114.0090738,51.0749786],[-114.0186423,51.0749928],[-114.0188435,51.0750456],[-114.0189265,51.0751726]]]}},{"type":"Feature","id":"WAL","properties":{"class":"Residential","class_code":"1","comm_code":"WAL","name":"WALDEN","sector":"SOUTH","srg":"COMPLETE","comm_structure":"2020s","created_dt":"2016-12-21T16:10:09.000Z","modified_dt":"2025-04-15T12:36:05.000Z","label":"Walden","centroid":[-114.0258542,50.8697344],"bounds":[-114.0440024,50.8630529,-114.0018302,50.8777665]},"geometry":{"type":"Polygon","coordinates":[[[-114.0215997,50.8630784],[-114.0018303,50.8630529],[-114.0018302,50.864641],[-114.0065011,50.8646448],[-114.010328,50.8681628],[-114.0103226,50.8703886],[-114.0244683,50.8704074],[-114.0244398,50.8762571],[-114.0246905,50.8763008],[-114.0245873,50.8767454],[-114.0245719,50.8777383],[-114.0335508,50.8777482],[-114.0345591,50.8776053],[-114.0385264,50.8765614],[-114.0412892,50.8763478],[-114.0440024,50.8756939],[-114.0400085,50.8691537],[-114.0380704,50.8665567],[-114.0369189,50.8667155],[-114.0357048,50.8667872],[-114.032238,50.8665568],[-114.0309661,50.8663683],[-114.0298562,50.866082],[-114.02904,50.8657716],[-114.0253806,50.8638904],[-114.0246698,50.8635997],[-114.0238308,50.863353],[-114.0224422,50.8631318],[-114.0215997,50.8630784]]]}},{"type":"Feature","id":"WBN","properties":{"class":"Residential","class_code":"1","comm_code":"WBN","name":"WOODBINE","sector":"SOUTH","srg":"ESTABLISHED","comm_structure":"1980s/1990s","created_dt":"2024-04-02T10:48:47.000Z","modified_dt":"2024-04-02T11:10:28.000Z","label":"Woodbine","centroid":[-114.1294825,50.9418239],"bounds":[-114.1412949,50.9286907,-114.1178876,50.9517893]},"geometry":{"type":"Polygon","coordinates":[[[-114.1179729,50.9352745],[-114.1179802,50.9505025],[-114.1331168,50.950495],[-114.1352012,50.9506737],[-114.1392387,50.9516522],[-114.1399149,50.9517581],[-114.140441,50.9517893],[-114.1412949,50.9517235],[-114.1412859,50.9347614],[-114.1384602,50.933319],[-114.1371404,50.9331915],[-114.1366501,50.9328254],[-114.1355013,50.9329494],[-114.1355931,50.9334112],[-114.136364,50.9339666],[-114.1362458,50.9339985],[-114.1363406,50.9343247],[-114.1370287,50.9352781],[-114.1357226,50.9353965],[-114.1357224,50.9351994],[-114.1347943,50.9343911],[-114.1346758,50.9343155],[-114.1346142,50.9343541],[-114.1330587,50.9333855],[-114.132109,50.9329643],[-114.1308226,50.9325413],[-114.1294359,50.9322024],[-114.1283517,50.9317494],[-114.1282585,50.9318702],[-114.1282462,50.9321841],[-114.1279247,50.9323339],[-114.1275294,50.9328652],[-114.1271646,50.9330453],[-114.1268896,50.9333001],[-114.1268273,50.9332525],[-114.1256586,50.9335037],[-114.1256584,50.9338604],[-114.1255906,50.9338851],[-114.1254585,50.9336618],[-114.1245354,50.9334308],[-114.1242537,50.9330486],[-114.1233974,50.9327961],[-114.1223075,50.9327059],[-114.1218205,50.9325954],[-114.1216613,50.9326447],[-114.1213495,50.9323911],[-114.1204411,50.9319601],[-114.1196964,50.9310546],[-114.1196192,50.9307805],[-114.1195369,50.9296313],[-114.119616,50.9291034],[-114.1195284,50.9288212],[-114.1184959,50.9287966],[-114.1181348,50.9286907],[-114.1181327,50.9316484],[-114.1188961,50.9317708],[-114.1194984,50.932018],[-114.1195332,50.9322651],[-114.1205233,50.9325993],[-114.1202631,50.9328285],[-114.119601,50.9328645],[-114.1195205,50.9332083],[-114.1197776,50.9333332],[-114.1199437,50.9335775],[-114.119931,50.9338027],[-114.1196966,50.9341365],[-114.119796,50.9342036],[-114.1195584,50.9343087],[-114.119188,50.9343765],[-114.1188849,50.9343523],[-114.118885,50.9342739],[-114.1191672,50.9339935],[-114.1192178,50.9337764],[-114.1187348,50.9335806],[-114.1185645,50.9327526],[-114.118132,50.9327001],[-114.1181317,50.9332212],[-114.1178876,50.9331007],[-114.1178995,50.9349737],[-114.1179729,50.9352745]]]}},{"type":"Feature","id":"WES","properties":{"class":"Industrial","class_code":"2","comm_code":"WES","name":"WESTWINDS","sector":"NORTHEAST","srg":"N/A","comm_structure":"EMPLOYMENT","created_dt":"2016-12-21T16:12:16.000Z","modified_dt":"2024-12-12T11:11:12.000Z","label":"Westwinds","centroid":[-113.9726178,51.1026136],"bounds":[-113.9817657,51.0958533,-113.9583632,51.1118091]},"geometry":{"type":"Polygon","coordinates":[[[-113.9817657,51.0958533],[-113.974109,51.0960502],[-113.9583632,51.0960615],[-113.958407,51.099291],[-113.9583701,51.0998917],[-113.96066,51.1000657],[-113.9617057,51.1003284],[-113.9689068,51.1034324],[-113.9693504,51.103696],[-113.9696672,51.1040382],[-113.9698061,51.1044334],[-113.9698304,51.1057415],[-113.9697584,51.1060861],[-113.9695309,51.1064324],[-113.9691807,51.1067317],[-113.9664483,51.1084241],[-113.9655427,51.109096],[-113.9653548,51.1094873],[-113.9653162,51.1106184],[-113.9692304,51.1106512],[-113.9700352,51.1107259],[-113.9714721,51.1110276],[-113.9738942,51.1118091],[-113.975187,51.1106229],[-113.9816423,51.1106225],[-113.9815592,51.0997719],[-113.9817466,51.0985746],[-113.9817657,51.0958533]]]}},{"type":"Feature","id":"WGT","properties":{"class":"Residential","class_code":"1","comm_code":"WGT","name":"WESTGATE","sector":"WEST","srg":"ESTABLISHED","comm_structure":"1950s","created_dt":"2016-12-21T16:10:26.000Z","modified_dt":"2023-01-16T22:37:08.000Z","label":"Westgate","centroid":[-114.1588071,51.0442142],"bounds":[-114.1645375,51.0377744,-114.1526788,51.0526342]},"geometry":{"type":"Polygon","coordinates":[[[-114.1645276,51.0378087],[-114.1528309,51.0378055],[-114.1526788,51.0388819],[-114.1526852,51.0478079],[-114.1527705,51.0487837],[-114.1585156,51.0505632],[-114.16286,51.051984],[-114.1635875,51.0522639],[-114.1643029,51.0526342],[-114.1642622,51.0436549],[-114.1645172,51.0405812],[-114.1645276,51.0378087]]]}},{"type":"Feature","id":"WHI","properties":{"class":"Residential","class_code":"1","comm_code":"WHI","name":"WHITEHORN","sector":"NORTHEAST","srg":"ESTABLISHED","comm_structure":"1960s/1970s","created_dt":"2016-12-21T16:10:16.000Z","modified_dt":"2024-12-12T23:44:11.000Z","label":"Whitehorn","centroid":[-113.9700537,51.0887737],"bounds":[-113.9817657,51.0814954,-113.9583632,51.0960746]},"geometry":{"type":"Polygon","coordinates":[[[-113.9817657,51.0958533],[-113.9817182,51.0814954],[-113.9584084,51.081524],[-113.958423,51.0914111],[-113.9583632,51.0960615],[-113.974109,51.0960502],[-113.9817657,51.0958533]]]}},{"type":"Feature","id":"WHL","properties":{"class":"Residential","class_code":"1","comm_code":"WHL","name":"WEST HILLHURST","sector":"CENTRE","srg":"ESTABLISHED","comm_structure":"INNER CITY","created_dt":"2016-12-21T16:10:31.000Z","modified_dt":"2024-12-18T13:03:21.000Z","label":"West Hillhurst","centroid":[-114.1145252,51.0543117],"bounds":[-114.1295174,51.0465226,-114.1024802,51.06365]},"geometry":{"type":"Polygon","coordinates":[[[-114.1295174,51.0535113],[-114.1280721,51.0531624],[-114.1272336,51.0527961],[-114.1256054,51.0522837],[-114.1243464,51.0516468],[-114.1233276,51.050752],[-114.1227506,51.0497191],[-114.1223556,51.0493781],[-114.1223257,51.0492741],[-114.122372,51.049254],[-114.1226472,51.0494678],[-114.1228985,51.049365],[-114.1229148,51.0491483],[-114.1225543,51.0490345],[-114.1225273,51.0489359],[-114.1227428,51.0490635],[-114.1228853,51.0489366],[-114.1228483,51.0489011],[-114.122197,51.0486967],[-114.1212391,51.0481864],[-114.1202859,51.0478079],[-114.117282,51.0469549],[-114.1155876,51.0466562],[-114.1140696,51.0465226],[-114.1124166,51.0466882],[-114.1120233,51.0468618],[-114.111285,51.0470538],[-114.1107367,51.0472603],[-114.1096206,51.0477641],[-114.10887,51.0479288],[-114.1075755,51.0480056],[-114.1056379,51.0479743],[-114.1034749,51.047794],[-114.1031955,51.0478766],[-114.1031995,51.0497505],[-114.1031498,51.0497506],[-114.1031548,51.0502131],[-114.1030924,51.0502132],[-114.1031147,51.0525149],[-114.1024802,51.0525156],[-114.1025085,51.059661],[-114.105206,51.0596516],[-114.1056218,51.0595363],[-114.1057427,51.0593873],[-114.1061538,51.0598203],[-114.1063091,51.0602505],[-114.1073579,51.0602496],[-114.1118104,51.0610135],[-114.1141191,51.0610221],[-114.1160686,51.0622971],[-114.1166452,51.0627494],[-114.1167837,51.0629671],[-114.1167834,51.0631388],[-114.1166675,51.0632895],[-114.1164691,51.0633829],[-114.117957,51.06365],[-114.11797,51.0607219],[-114.1180252,51.0596399],[-114.1227998,51.0596328],[-114.1227999,51.0594328],[-114.1230868,51.0594328],[-114.1230868,51.0594739],[-114.1242371,51.0596668],[-114.1248146,51.0594577],[-114.1257537,51.0594561],[-114.1258593,51.0593073],[-114.1276144,51.0597687],[-114.1279463,51.0597562],[-114.1284657,51.0596093],[-114.1278676,51.0596108],[-114.1278546,51.0548875],[-114.1295174,51.0535113]]]}},{"type":"Feature","id":"WIL","properties":{"class":"Residential","class_code":"1","comm_code":"WIL","name":"WILLOW PARK","sector":"SOUTH","srg":"ESTABLISHED","comm_structure":"1960s/1970s","created_dt":"2016-12-21T16:10:05.000Z","modified_dt":"2023-01-16T15:45:15.000Z","label":"Willow Park","centroid":[-114.0569064,50.9563636],"bounds":[-114.0716478,50.9482148,-114.0407217,50.9650463]},"geometry":{"type":"Polygon","coordinates":[[[-114.0716478,50.9555723],[-114.0711012,50.950476],[-114.0665852,50.950433],[-114.0651722,50.9503115],[-114.0638946,50.9500922],[-114.0570996,50.9485431],[-114.0558608,50.9483603],[-114.0547575,50.9482386],[-114.0533835,50.9482148],[-114.0419654,50.9482439],[-114.0408656,50.955132],[-114.0407456,50.9559646],[-114.0407315,50.9565013],[-114.0409699,50.956988],[-114.0427775,50.9587623],[-114.0443407,50.9601901],[-114.0446573,50.9603996],[-114.0450552,50.960563],[-114.0468534,50.9611111],[-114.0471814,50.9612652],[-114.0484092,50.9622704],[-114.0484422,50.964052],[-114.0597281,50.9640618],[-114.0609774,50.9641864],[-114.0641905,50.9648858],[-114.0651356,50.9650057],[-114.0716111,50.9650463],[-114.0716478,50.9555723]]]}},{"type":"Feature","id":"WIN","properties":{"class":"Residential","class_code":"1","comm_code":"WIN","name":"WINSTON HEIGHTS/MOUNTVIEW","sector":"CENTRE","srg":"ESTABLISHED","comm_structure":"1950s","created_dt":"2016-12-21T16:10:00.000Z","modified_dt":"2025-12-17T23:53:48.000Z","label":"Winston Heights/Mountview","centroid":[-114.0424939,51.0738205],"bounds":[-114.0563617,51.0669337,-114.0264621,51.0836774]},"geometry":{"type":"Polygon","coordinates":[[[-114.0383593,51.0814937],[-114.0359079,51.0769571],[-114.0397973,51.0769527],[-114.0411619,51.0783124],[-114.0413447,51.0782392],[-114.0445968,51.081481],[-114.047398,51.0814834],[-114.0475291,51.0820058],[-114.0474775,51.0836744],[-114.0524109,51.0836774],[-114.0525081,51.0834728],[-114.0527586,51.0832204],[-114.0542594,51.0823189],[-114.0544327,51.0821267],[-114.0545526,51.0818566],[-114.0563144,51.073745],[-114.0563546,51.0731366],[-114.0560863,51.0697191],[-114.0561795,51.0669337],[-114.027017,51.0669836],[-114.0265085,51.0706559],[-114.0264621,51.0716608],[-114.0266269,51.0727099],[-114.0269324,51.0736555],[-114.0272612,51.0744238],[-114.0277778,51.0753547],[-114.0283882,51.0762116],[-114.0293506,51.0772309],[-114.0340678,51.0814922],[-114.0383593,51.0814937]]]}},{"type":"Feature","id":"WLD","properties":{"class":"Residential","class_code":"1","comm_code":"WLD","name":"WILDWOOD","sector":"WEST","srg":"ESTABLISHED","comm_structure":"1950s","created_dt":"2016-12-21T16:10:25.000Z","modified_dt":"2023-01-16T22:43:33.000Z","label":"Wildwood","centroid":[-114.1564415,51.0574965],"bounds":[-114.1759241,51.045882,-114.1411817,51.0720056]},"geometry":{"type":"Polygon","coordinates":[[[-114.1411885,51.0522865],[-114.1411826,51.0556947],[-114.141902,51.0559162],[-114.1441629,51.0563092],[-114.1466441,51.0568839],[-114.1483465,51.0575465],[-114.1503046,51.0585234],[-114.1508714,51.0591478],[-114.1514244,51.0598961],[-114.1519522,51.060936],[-114.1531261,51.0626099],[-114.1534271,51.0626362],[-114.1532899,51.0627531],[-114.1533237,51.0628767],[-114.1537823,51.0634707],[-114.1540569,51.0637056],[-114.1541,51.0638638],[-114.1544323,51.0641704],[-114.1545165,51.0643654],[-114.1552122,51.0649295],[-114.1563888,51.0654798],[-114.1576685,51.0658143],[-114.1598768,51.0660977],[-114.1608309,51.0663031],[-114.1624233,51.0665379],[-114.1646086,51.0670185],[-114.1666426,51.0675653],[-114.1695107,51.0685923],[-114.1714699,51.0690551],[-114.1721878,51.0693464],[-114.1722679,51.0695504],[-114.1725559,51.0695689],[-114.1728021,51.0697523],[-114.1736318,51.0701084],[-114.1740174,51.0703707],[-114.174489,51.0708338],[-114.1748949,51.0710988],[-114.1759241,51.0720056],[-114.1758882,51.067772],[-114.171584,51.0661258],[-114.170296,51.065541],[-114.1691852,51.0649186],[-114.1679852,51.0641381],[-114.1669029,51.063199],[-114.1661762,51.0624736],[-114.165627,51.0618132],[-114.1651812,51.0611433],[-114.1645708,51.059859],[-114.1641965,51.0584905],[-114.1641702,51.0572925],[-114.1642823,51.0557649],[-114.1643029,51.0526342],[-114.163254,51.0521204],[-114.1585156,51.0505632],[-114.1434593,51.045882],[-114.1429835,51.0465481],[-114.1429878,51.0522914],[-114.1411885,51.0522865]]]}},{"type":"Feature","id":"WND","properties":{"class":"Residential","class_code":"1","comm_code":"WND","name":"WINDSOR PARK","sector":"CENTRE","srg":"ESTABLISHED","comm_structure":"1950s","created_dt":"2016-12-21T16:10:15.000Z","modified_dt":"2023-03-08T09:55:00.000Z","label":"Windsor Park","centroid":[-114.0816143,51.0048685],"bounds":[-114.0969847,51.0013777,-114.0678096,51.0087267]},"geometry":{"type":"Polygon","coordinates":[[[-114.0811117,51.0013796],[-114.0715947,51.0013993],[-114.0715836,51.0024691],[-114.071495,51.0028407],[-114.0713662,51.0031005],[-114.0678096,51.0087168],[-114.0857247,51.0087227],[-114.0858908,51.0079668],[-114.0863684,51.0075382],[-114.0869451,51.0072295],[-114.0873799,51.006922],[-114.0885164,51.0064125],[-114.0892629,51.0061797],[-114.0900387,51.0057618],[-114.0908187,51.0055916],[-114.0912816,51.0054069],[-114.0917775,51.0055571],[-114.0912626,51.0055065],[-114.0911658,51.0055296],[-114.0911783,51.0055652],[-114.0939933,51.006038],[-114.0946807,51.0062805],[-114.0949675,51.0064375],[-114.0954706,51.0064647],[-114.0958174,51.0063433],[-114.0962972,51.0059425],[-114.0968292,51.0054022],[-114.0969847,51.0051236],[-114.0969418,51.0045535],[-114.0968765,51.004391],[-114.096701,51.0042049],[-114.0963579,51.0039229],[-114.096126,51.0038754],[-114.0956868,51.003477],[-114.0953818,51.0032968],[-114.0954727,51.0032385],[-114.0953403,51.0031049],[-114.0949504,51.0028764],[-114.0939695,51.0020314],[-114.0936231,51.001806],[-114.0931408,51.0016006],[-114.0929727,51.0013931],[-114.0818425,51.001389],[-114.0817166,51.001492],[-114.0811117,51.0013796]]]}},{"type":"Feature","id":"WOO","properties":{"class":"Residential","class_code":"1","comm_code":"WOO","name":"WOODLANDS","sector":"SOUTH","srg":"ESTABLISHED","comm_structure":"1980s/1990s","created_dt":"2024-04-02T10:49:03.000Z","modified_dt":"2024-04-02T11:10:24.000Z","label":"Woodlands","centroid":[-114.1071519,50.9426939],"bounds":[-114.1179984,50.9316921,-114.0943359,50.9505694]},"geometry":{"type":"Polygon","coordinates":[[[-114.0945132,50.9374018],[-114.0945146,50.9404306],[-114.0945907,50.9405231],[-114.0943814,50.9408266],[-114.0943359,50.9409938],[-114.094786,50.9431966],[-114.0947947,50.9504748],[-114.0986931,50.950557],[-114.1120472,50.9505694],[-114.1179802,50.9505025],[-114.1179811,50.9354125],[-114.1178995,50.9349737],[-114.1178876,50.9331007],[-114.1178459,50.9330801],[-114.1178457,50.9333542],[-114.1176358,50.9333545],[-114.1176357,50.933289],[-114.1170592,50.9331348],[-114.1165829,50.9327445],[-114.1160912,50.9324985],[-114.1159059,50.9323467],[-114.1156482,50.9319455],[-114.1152047,50.9316921],[-114.1150447,50.932232],[-114.114584,50.9322844],[-114.1140264,50.9322332],[-114.113546,50.9326322],[-114.1121022,50.9329209],[-114.1114129,50.9329054],[-114.1101839,50.9331147],[-114.1093552,50.9331262],[-114.1081213,50.9332471],[-114.1086658,50.9340975],[-114.1089348,50.9342455],[-114.1090773,50.9345622],[-114.1091047,50.9348246],[-114.1090179,50.9350566],[-114.1090379,50.9354652],[-114.1091839,50.9355334],[-114.1092122,50.9361108],[-114.108444,50.936713],[-114.1078562,50.9377391],[-114.1077862,50.9377598],[-114.107567,50.9373138],[-114.1075015,50.9366183],[-114.107068,50.9366187],[-114.1070677,50.9364818],[-114.1072974,50.9364815],[-114.1076632,50.9363122],[-114.1079631,50.9360697],[-114.1079369,50.9359327],[-114.1078111,50.9359329],[-114.1077611,50.9355368],[-114.1074787,50.9351601],[-114.1075686,50.9348392],[-114.1073944,50.93463],[-114.1070455,50.9345844],[-114.1068333,50.9349685],[-114.106155,50.9352683],[-114.1062343,50.935406],[-114.1054119,50.9357679],[-114.1048863,50.9358919],[-114.1048926,50.9359362],[-114.1036892,50.9361219],[-114.1029233,50.9361648],[-114.1021427,50.9361005],[-114.1014354,50.9359398],[-114.1010019,50.9359402],[-114.101043,50.9363575],[-114.1013357,50.9367244],[-114.1010696,50.9370226],[-114.1010228,50.9374049],[-114.1010769,50.9375006],[-114.1010531,50.9375956],[-114.1009023,50.9377193],[-114.1007136,50.938124],[-114.1006195,50.9382094],[-114.1006589,50.9384575],[-114.1005882,50.9385189],[-114.0998193,50.9387637],[-114.0998189,50.9374043],[-114.0945132,50.9374018]]]}},{"type":"Feature","id":"WSP","properties":{"class":"Residential","class_code":"1","comm_code":"WSP","name":"WEST SPRINGS","sector":"WEST","srg":"DEVELOPING","comm_structure":"BUILDING OUT","created_dt":"2016-12-21T16:10:07.000Z","modified_dt":"2024-01-03T00:15:46.000Z","label":"West Springs","centroid":[-114.2073283,51.0597718],"bounds":[-114.2266887,51.0525316,-114.1876625,51.0670278]},"geometry":{"type":"Polygon","coordinates":[[[-114.2256024,51.067006],[-114.2256565,51.0653927],[-114.2256575,51.0611109],[-114.2257466,51.0594951],[-114.2261141,51.0560136],[-114.2266887,51.0526554],[-114.2224912,51.0526566],[-114.2134984,51.0525316],[-114.1892425,51.0525814],[-114.1892547,51.0597005],[-114.1876739,51.0596994],[-114.1876625,51.0609452],[-114.1878202,51.0609449],[-114.1878239,51.0648216],[-114.190021,51.0660896],[-114.1905933,51.066369],[-114.1920045,51.066818],[-114.1935738,51.0670278],[-114.2256024,51.067006]]]}},{"type":"Feature","id":"WWO","properties":{"class":"Residential","class_code":"1","comm_code":"WWO","name":"WOLF WILLOW","sector":"SOUTH","srg":"DEVELOPING","comm_structure":"BUILDING OUT","created_dt":"2016-12-21T16:13:52.000Z","modified_dt":"2024-12-12T20:53:04.000Z","label":"Wolf Willow","centroid":[-114.005198,50.8713587],"bounds":[-114.0246905,50.8630529,-113.9865871,50.8783766]},"geometry":{"type":"Polygon","coordinates":[[[-114.0042831,50.8777242],[-114.0152511,50.8777572],[-114.0169443,50.8781668],[-114.0186251,50.8783766],[-114.0202362,50.8782907],[-114.022835,50.8777456],[-114.0245719,50.8777383],[-114.0245873,50.8767454],[-114.0246905,50.8763008],[-114.0244398,50.8762571],[-114.0244683,50.8704074],[-114.0103226,50.8703886],[-114.010328,50.8681628],[-114.0065011,50.8646448],[-114.0018302,50.864641],[-114.0018303,50.8630529],[-113.986647,50.8630836],[-113.9867186,50.8632045],[-113.9865871,50.8634043],[-113.9867451,50.8638815],[-113.987389,50.8647721],[-113.9877748,50.8657208],[-113.9880104,50.8659612],[-113.9886066,50.866869],[-113.9889682,50.8671194],[-113.9890339,50.8672008],[-113.98901,50.8672733],[-113.989755,50.8678663],[-113.9899633,50.8682176],[-113.9902449,50.8683266],[-113.9901483,50.868356],[-113.9901541,50.8684367],[-113.9905049,50.8688687],[-113.9906387,50.8689165],[-113.9905852,50.8689511],[-113.9905952,50.8690244],[-113.9912303,50.8693807],[-113.9914439,50.8694229],[-113.9916562,50.8695684],[-113.991601,50.8695774],[-113.9916286,50.869614],[-113.9918282,50.8697046],[-113.9921147,50.8699464],[-113.9921389,50.8700385],[-113.9922407,50.8700952],[-113.992209,50.8701167],[-113.9924717,50.8702927],[-113.9925627,50.8704262],[-113.9925316,50.8704927],[-113.9927582,50.8706242],[-113.9929948,50.8708773],[-113.993041,50.8710394],[-113.9934617,50.8713618],[-113.9935143,50.8715475],[-113.9937366,50.8717934],[-113.993647,50.8718615],[-113.9937622,50.871983],[-113.993711,50.8720025],[-113.993619,50.8719298],[-113.9936167,50.8719707],[-113.9938134,50.8720916],[-113.9940038,50.8724076],[-113.9939793,50.8724415],[-113.9940522,50.8724788],[-113.9940193,50.8725042],[-113.9941194,50.8726834],[-113.9940449,50.872739],[-113.9941281,50.8727887],[-113.994079,50.8728734],[-113.9941604,50.8729673],[-113.9942486,50.8729704],[-113.9942878,50.8731746],[-113.9941648,50.8731194],[-113.9940693,50.8729108],[-113.9939757,50.8726213],[-113.9940033,50.8724814],[-113.9935687,50.8720019],[-113.9934817,50.8717295],[-113.9934008,50.8716902],[-113.9934218,50.8716402],[-113.9933339,50.8716349],[-113.9933918,50.8716243],[-113.9933412,50.871602],[-113.9933627,50.8715608],[-113.9932845,50.8715928],[-113.993304,50.8715278],[-113.9932114,50.8715028],[-113.9932993,50.871454],[-113.9931765,50.871482],[-113.9932568,50.8714244],[-113.9931637,50.8714604],[-113.9931978,50.8713737],[-113.9930887,50.8713321],[-113.9931381,50.8713213],[-113.9930232,50.8712723],[-113.9930069,50.8712093],[-113.9928931,50.8712942],[-113.9927995,50.8711949],[-113.9926259,50.871227],[-113.9924873,50.8711529],[-113.9923697,50.871238],[-113.992332,50.8714037],[-113.9924681,50.8716703],[-113.9926764,50.8719148],[-113.9928271,50.8720087],[-113.9928357,50.8721746],[-113.9930381,50.8725834],[-113.9931094,50.8726222],[-113.9932837,50.8730853],[-113.9939638,50.8741661],[-113.994038,50.8743718],[-113.9940459,50.874589],[-113.9941441,50.8748146],[-113.9942269,50.8752838],[-113.9941367,50.8753373],[-113.9940963,50.8754947],[-113.9941631,50.8755897],[-113.9942228,50.8755845],[-113.9943503,50.8763517],[-113.9943715,50.8776155],[-114.0037456,50.8776144],[-114.0042831,50.8777242]]]}},{"type":"Feature","id":"YKV","properties":{"class":"Residential","class_code":"1","comm_code":"YKV","name":"YORKVILLE","sector":"SOUTH","srg":"DEVELOPING","comm_structure":"BUILDING OUT","created_dt":"2017-09-26T13:19:37.000Z","modified_dt":"2024-02-21T09:32:05.000Z","label":"Yorkville","centroid":[-114.0806068,50.8691246],"bounds":[-114.094148,50.863016,-114.070835,50.8777002]},"geometry":{"type":"Polygon","coordinates":[[[-114.0824184,50.8776997],[-114.0824445,50.8704073],[-114.0938399,50.8704174],[-114.0938409,50.8700813],[-114.0941267,50.8700816],[-114.094148,50.8630197],[-114.0828407,50.863016],[-114.0828416,50.8631073],[-114.0709088,50.8631053],[-114.0708374,50.8704122],[-114.0708563,50.8774833],[-114.0759642,50.8776487],[-114.0803413,50.877649],[-114.0818048,50.8777002],[-114.0824184,50.8776997]]]}}]}