{"type":"FeatureCollection","features":[{"type":"Feature","properties":{"name":"Calgary Centre","level":"federal","effectiveFrom":"2025-03-23","sourceUrl":"https://www.elections.ca/content.aspx?dir=cir/mapsCorner/vector&document=index&lang=e&section=res","licenceUrl":"https://www.elections.ca/content.aspx?document=index&lang=e&section=pri","geometryProcessing":"Original KMZ boundary coordinates, converted to GeoJSON without simplification, repair or rounding."},"geometry":{"type":"MultiPolygon","coordinates":[[[[-114.1410898451834,51.02256023781929],[-114.1266631749688,51.02683844063097],[-114.1178716356111,51.02980630058102],[-114.1179522980025,51.00022500959582],[-114.1052399537682,50.99754374745352],[-114.0984959614885,50.99483073431515],[-114.0966335452061,50.99429874314139],[-114.0942255525342,50.9940610410484],[-114.0830628109961,50.99431732926148],[-114.0676427546918,50.99415543631965],[-114.0591338307348,50.99383673282822],[-114.0455585163268,50.99438443525963],[-114.0406139390448,50.99420064110336],[-114.0359623386463,50.99338623797444],[-114.0322536417263,50.99200533824791],[-114.029532927539,50.99042714814378],[-114.0252938464418,50.98687744827272],[-114.0233958249551,50.98831951767933],[-114.0226090316634,50.98950541889455],[-114.0224558574572,50.99149651133838],[-114.0239289352451,50.99331340811355],[-114.027347246334,50.99493171014178],[-114.0296649343562,50.99700111316909],[-114.0301129395791,50.9976719089209],[-114.0300216230178,50.99908261579163],[-114.0274005406678,51.00167729465667],[-114.026633522159,51.00167499740356],[-114.0268167378303,51.00137400374719],[-114.0237530464058,51.00263341654196],[-114.0224106260579,51.00461911290363],[-114.0221029462694,51.00623290576959],[-114.0211288577877,51.00731310883057],[-114.0174631513174,51.01013900549752],[-114.0156601437282,51.01078329348198],[-114.013465135131,51.01247020858175],[-114.01186154461,51.01499921002323],[-114.0127019575783,51.01699620785386],[-114.012818829389,51.01978771432886],[-114.0114169267132,51.0228838093787],[-114.0076102482484,51.024779519852],[-114.0063714448702,51.02574979823925],[-114.0038518242309,51.02671302159329],[-114.0031089296058,51.02740680723601],[-114.0032046406473,51.0290180197719],[-114.0043361495888,51.03075021805953],[-114.0054947189046,51.03149160888914],[-114.0090154311161,51.03236170300594],[-114.0117380340692,51.03332050446937],[-114.0126814408094,51.03399002402532],[-114.0138396593946,51.03537591519564],[-114.0136323352069,51.03796520484549],[-114.0122242479413,51.0389589995114],[-114.0119426471256,51.0395823143597],[-114.0101047481181,51.04065002164445],[-114.0108903315151,51.04216521365895],[-114.0112009358042,51.04237020132565],[-114.0122253433439,51.0423133226238],[-114.0131031339544,51.04254082593085],[-114.014173552956,51.04334680307105],[-114.0151273338593,51.04348371585725],[-114.0159515523714,51.04393951964204],[-114.0188188690036,51.04398019145628],[-114.0239591473865,51.04251600144209],[-114.0273058373717,51.04232030364881],[-114.0309858562605,51.04271359919211],[-114.0341669675985,51.04359231644743],[-114.0364265398632,51.04393940278026],[-114.0455043540946,51.04678891840751],[-114.0543260416682,51.05049329839798],[-114.0577200709678,51.05103631016424],[-114.061275568341,51.05203110189795],[-114.0642075448419,51.0532892243095],[-114.0642235708966,51.05402571587263],[-114.0663488726338,51.05602890575015],[-114.0675734431183,51.05662450012254],[-114.0692644719613,51.05688281060698],[-114.0720032675561,51.05654821369856],[-114.0768814471909,51.05481079668436],[-114.078375817672,51.05348615867063],[-114.083229376426,51.05156361292965],[-114.0837804595375,51.05100120624454],[-114.0829869755413,51.05094731169976],[-114.0835524647803,51.05062850219846],[-114.0918478544453,51.04779711560644],[-114.0940885784191,51.04752109050762],[-114.1081056604191,51.04797990465705],[-114.1096066588043,51.04766780959098],[-114.111143572406,51.0469693919451],[-114.1148618511173,51.04663367359731],[-114.1124317551922,51.04284004868445],[-114.1159446780161,51.04187443946067],[-114.1179150025368,51.04157901635387],[-114.1179227489504,51.03782163841839],[-114.1412042861034,51.03784523684829],[-114.1410898451834,51.02256023781929]]]]}},{"type":"Feature","properties":{"name":"Calgary Confederation","level":"federal","effectiveFrom":"2025-03-23","sourceUrl":"https://www.elections.ca/content.aspx?dir=cir/mapsCorner/vector&document=index&lang=e&section=res","licenceUrl":"https://www.elections.ca/content.aspx?document=index&lang=e&section=pri","geometryProcessing":"Original KMZ boundary coordinates, converted to GeoJSON without simplification, repair or rounding."},"geometry":{"type":"MultiPolygon","coordinates":[[[[-114.233008708608,51.09678441739362],[-114.2335132200413,51.0949612290163],[-114.2331523093584,51.09101433198167],[-114.2321890794377,51.08862037809482],[-114.2292137005407,51.0883318224005],[-114.225606206116,51.08757232542057],[-114.2052511721622,51.08237444398713],[-114.2032042826217,51.08210156253978],[-114.1941351910775,51.08170163128518],[-114.1775165351432,51.07722946652187],[-114.1785336660103,51.07624168969613],[-114.178652497008,51.07523198969751],[-114.1781877001194,51.07441248986929],[-114.1771037905986,51.07319268905704],[-114.1716474952417,51.06924418461308],[-114.1703916860099,51.06871248894245],[-114.1649253834602,51.06721280873887],[-114.1574326858653,51.06596729771003],[-114.154956691042,51.06521898250917],[-114.1524181995293,51.0623587041763],[-114.1503635557547,51.0588916943378],[-114.1484730670582,51.05777280135204],[-114.1446522560192,51.05661428956602],[-114.140611190354,51.0558021903573],[-114.1384976953142,51.0556656061221],[-114.1365394758725,51.05495809967015],[-114.1341443814446,51.05522729417797],[-114.1304472875371,51.05419589801998],[-114.1289264776602,51.05345968585846],[-114.127873670273,51.05327671128932],[-114.1270816621813,51.05276781440774],[-114.1249382922954,51.05217220167664],[-114.1225434518192,51.04999479339175],[-114.1223647629592,51.04963149612635],[-114.122807661635,51.04943120848567],[-114.1221936789315,51.04903918747924],[-114.1182228542892,51.04738790335256],[-114.1148618511173,51.04663367359731],[-114.111143572406,51.0469693919451],[-114.1096066588043,51.04766780959098],[-114.1081056604191,51.04797990465705],[-114.0940885784191,51.04752109050762],[-114.0918478544453,51.04779711560644],[-114.0835524647803,51.05062850219846],[-114.0829869755413,51.05094731169976],[-114.0837804595375,51.05100120624454],[-114.083229376426,51.05156361292965],[-114.078375817672,51.05348615867063],[-114.0768814471909,51.05481079668436],[-114.0720032675561,51.05654821369856],[-114.0692644719613,51.05688281060698],[-114.0675734431183,51.05662450012254],[-114.0663488726338,51.05602890575015],[-114.0642235708966,51.05402571587263],[-114.0642075448419,51.0532892243095],[-114.061275568341,51.05203110189795],[-114.0577200709678,51.05103631016424],[-114.0543260416682,51.05049329839798],[-114.0455043540946,51.04678891840751],[-114.0364265398632,51.04393940278026],[-114.0341669675985,51.04359231644743],[-114.0309858562605,51.04271359919211],[-114.0273058373717,51.04232030364881],[-114.0239591473865,51.04251600144209],[-114.0188188690036,51.04398019145628],[-114.0191985406371,51.04781406944888],[-114.0172192379376,51.04794758482279],[-114.0199693415053,51.05486166075517],[-114.0251110459043,51.06117955069423],[-114.0269139554667,51.0641366475044],[-114.0270850497543,51.06558873966803],[-114.0263824301723,51.07136735115502],[-114.0271058500238,51.0743790030256],[-114.0288909437454,51.0768677487443],[-114.0338978562595,51.08148720991267],[-114.0473982098497,51.0815106795816],[-114.0474767683723,51.08369845356244],[-114.0524458172419,51.08367725179146],[-114.0542504565219,51.08232265660039],[-114.0546446701432,51.08151404413918],[-114.0861341653368,51.08148525716779],[-114.0844887805968,51.08335115261714],[-114.083178649237,51.08624175141003],[-114.0831508627758,51.0872344192852],[-114.0797797502673,51.08723325036704],[-114.0799619603418,51.08878784506946],[-114.0854297564954,51.08882543993776],[-114.0900332804676,51.0910270496335],[-114.0921384604854,51.09002705537597],[-114.0934376775849,51.08980754564477],[-114.0956885760205,51.08989944335237],[-114.1034043888188,51.09213284966776],[-114.1114132622234,51.09403115785513],[-114.1136718674132,51.09514834795024],[-114.1198953623345,51.09912474117709],[-114.1307889790151,51.10522134336996],[-114.1399625784954,51.10913413019944],[-114.1405519691679,51.10745753408808],[-114.1407455968742,51.10501573949453],[-114.1414938844611,51.10354094861795],[-114.1462965867816,51.10002444362497],[-114.1487066958887,51.09777163299382],[-114.1526053037799,51.1001154489145],[-114.156389693861,51.10199754386603],[-114.1625012942463,51.10414295002675],[-114.1782010487602,51.11075631109141],[-114.1799631820663,51.10796183537607],[-114.1812202756525,51.10456003971021],[-114.181979695233,51.10384175983895],[-114.1816280860289,51.10352175023552],[-114.1786434864238,51.09387464418532],[-114.1788580109818,51.09034063965518],[-114.1794621061412,51.08882669623892],[-114.1805245866272,51.08945330587328],[-114.18098608904,51.08910678813591],[-114.1831524114625,51.08992500274938],[-114.1832512925693,51.09024708711232],[-114.1823316956583,51.09183110350153],[-114.1839143966717,51.09369330559559],[-114.1857490032035,51.09493699372075],[-114.1941026045866,51.09906749667694],[-114.1954349047846,51.09880640341567],[-114.1974153981355,51.09891148603798],[-114.19935541159,51.09957467798292],[-114.2009522077673,51.09972649431563],[-114.2016742877128,51.09948048962581],[-114.2038086160753,51.09946999316556],[-114.2051207856659,51.09883319634432],[-114.2061344945397,51.09871980248395],[-114.2082371869136,51.09913268412062],[-114.2121554243906,51.09925589640181],[-114.2150268980081,51.09982149898931],[-114.2248310080486,51.09956709556883],[-114.2303058210263,51.09982039085975],[-114.2308467304912,51.09951412795768],[-114.2306323908476,51.09926278780593],[-114.2315381656369,51.09896662527704],[-114.233008708608,51.09678441739362]]]]}},{"type":"Feature","properties":{"name":"Calgary Midnapore","level":"federal","effectiveFrom":"2025-03-23","sourceUrl":"https://www.elections.ca/content.aspx?dir=cir/mapsCorner/vector&document=index&lang=e&section=res","licenceUrl":"https://www.elections.ca/content.aspx?document=index&lang=e&section=pri","geometryProcessing":"Original KMZ boundary coordinates, converted to GeoJSON without simplification, repair or rounding."},"geometry":{"type":"MultiPolygon","coordinates":[[[[-114.0940609587289,50.87035463292987],[-114.0936117635923,50.86291880224064],[-114.0838745832838,50.86309022481304],[-114.0827876120653,50.86269238456129],[-114.0824273198129,50.86238397645051],[-114.0825285295285,50.86207049752443],[-114.0820568974922,50.8618407037503],[-114.0826341164404,50.8613676934749],[-114.0819143181267,50.8611201935565],[-114.0818446197023,50.86051809477378],[-114.0822174041723,50.86033138758386],[-114.0823482943626,50.85968049325574],[-114.0820833264137,50.85923029716716],[-114.0816294000112,50.85888340489318],[-114.0806204093957,50.85902400347357],[-114.0804106986171,50.85880930344581],[-114.0804804998074,50.85809459200394],[-114.0812394909291,50.85759548548689],[-114.0805763953823,50.85727999641474],[-114.0808794055092,50.85649130385094],[-114.080246413436,50.85596149060513],[-114.0804834228499,50.85525199884377],[-114.0797718062011,50.8543775792],[-114.0803955089621,50.85320399985557],[-114.0801070880977,50.85304248701698],[-114.0784158086764,50.85304208717245],[-114.0765048019284,50.8518816921241],[-114.0738130015848,50.85411100890387],[-114.0709026220597,50.8542457091255],[-114.0710064557693,50.84886628090116],[-114.052234235901,50.84849976140995],[-114.045325295885,50.84710713532697],[-114.0433435783041,50.84816632809083],[-114.0415158943927,50.84857433223299],[-114.0249282015004,50.84864692576282],[-114.0230400980644,50.84909030825007],[-114.007078272361,50.84857934460253],[-113.9751279577492,50.84848301531915],[-113.9730943104578,50.85537800756897],[-113.9757357831951,50.85594361278051],[-113.9772146779379,50.85680140530288],[-113.9790970702459,50.85910519916167],[-113.9836521773921,50.86327489645527],[-113.9871021012757,50.86861640538159],[-113.9897196745172,50.87101390030001],[-113.9918832038263,50.87358498732372],[-113.9931174761401,50.87756829803569],[-113.9924177921043,50.88234500401603],[-113.9934984084012,50.88435059539194],[-113.9953546824531,50.88668830226642],[-113.9962849131092,50.88749209195041],[-113.9974622865924,50.88797311360248],[-113.997974715795,50.88807219316734],[-114.0005783770381,50.88766929370186],[-114.0013233901952,50.88784621410392],[-114.0059813996356,50.89107760178202],[-114.0080109930338,50.89290789045142],[-114.0095443032786,50.8951947884491],[-114.0092409098422,50.89819959270417],[-114.0079015907699,50.8989246108125],[-114.0074994058431,50.89852941346748],[-114.005392209749,50.89995328749268],[-114.0045527880957,50.90087450605073],[-114.0044322143043,50.90182621169129],[-114.0054595159734,50.90421191052604],[-114.0063047227949,50.9042555946134],[-114.0082553016137,50.90490809079365],[-114.0095493881301,50.90581160222025],[-114.010248024299,50.9070300077903],[-114.0099383200379,50.90845428943713],[-114.0093785149325,50.90890431165767],[-114.0072861965868,50.9095297037512],[-114.0009400160974,50.91006451071861],[-114.0001948900988,50.91050319851632],[-113.9998496004153,50.91028629936584],[-113.9943415985942,50.91340420674687],[-113.9924574217118,50.91476529832389],[-113.98869608585,50.91962660320606],[-113.9880212875901,50.92258029934941],[-113.987891930041,50.92560790804536],[-113.9888775128478,50.9257856001712],[-113.9893251295317,50.92642780807645],[-113.9883647897813,50.92765650746922],[-113.9882584890105,50.92845380576262],[-113.9888125081888,50.92940690943689],[-113.9887946043611,50.9300164956956],[-113.9895856094788,50.93031741786957],[-113.9906221999437,50.93190959901217],[-113.9914511955138,50.93368640195201],[-113.9944269017565,50.93496410835667],[-113.9990770923587,50.93755470570258],[-114.000443523613,50.93811299691119],[-114.0027485335936,50.93841280586923],[-114.0049083300068,50.93921450157557],[-114.0056671052696,50.93990979776408],[-114.0059378034274,50.93981931681744],[-114.006856715671,50.94035091535178],[-114.0053328196232,50.93913180014744],[-114.0059269062368,50.93912041552029],[-114.0091435271602,50.94002891014971],[-114.0120524193251,50.94218141088787],[-114.0145299201906,50.94473999300151],[-114.017348707575,50.9467679129199],[-114.0183055055806,50.94688471510752],[-114.0185999393752,50.94739581093354],[-114.0212882395325,50.949155405525],[-114.0196747342447,50.95128861475598],[-114.0195101311846,50.95233429770324],[-114.0200557343426,50.95329861548258],[-114.0199639197766,50.95446281466832],[-114.0205971375895,50.95677429720848],[-114.021078602344,50.9566237022028],[-114.0212915114236,50.95536960374167],[-114.0226331097549,50.95664309929543],[-114.0232962361792,50.95800140704324],[-114.0233191329984,50.96115191382454],[-114.0226909344971,50.9657650146511],[-114.0231911409114,50.96749609732417],[-114.0283568241555,50.97281931547162],[-114.0291895512257,50.97261930691727],[-114.0338917507171,50.97266040894016],[-114.0359881318981,50.97391021534148],[-114.0358698339795,50.97455861319255],[-114.0350441259016,50.97532580867372],[-114.0364015327317,50.97478670331355],[-114.036297013016,50.97555560692514],[-114.0355076196647,50.97670420823458],[-114.0342952191854,50.97775520951348],[-114.0337679397925,50.97765891386086],[-114.0338621353754,50.97705309682286],[-114.0336281513706,50.97712710746809],[-114.0329598468126,50.9781859133666],[-114.0307508170423,50.98020781008582],[-114.0276282218695,50.98404681406482],[-114.0250245565773,50.98529271236435],[-114.0241726529114,50.98594192812364],[-114.0252938464418,50.98687744827272],[-114.029532927539,50.99042714814378],[-114.0322536417263,50.99200533824791],[-114.0359623386463,50.99338623797444],[-114.0406139390448,50.99420064110336],[-114.0455585163268,50.99438443525963],[-114.0591338307348,50.99383673282822],[-114.0676427546918,50.99415543631965],[-114.0830628109961,50.99431732926148],[-114.0831730171822,50.97961624159277],[-114.0715013462793,50.97964783750127],[-114.0715510306681,50.95554253348237],[-114.0704685278874,50.94535993483436],[-114.0682534077544,50.93372773161222],[-114.0689111204802,50.9307399515522],[-114.0715403335906,50.92468934021326],[-114.071803809059,50.9216286395307],[-114.0701648073331,50.91781865194286],[-114.0621832291361,50.90515073077855],[-114.067874836325,50.90377374154416],[-114.0720024001743,50.90305892733856],[-114.078696906884,50.90269604568952],[-114.085700996563,50.90329403276867],[-114.0950082043778,50.90528912349155],[-114.0989159265124,50.90535941909711],[-114.0984507284801,50.90323402822662],[-114.0951186184319,50.90031764382962],[-114.0934019146636,50.8977657318212],[-114.0931804304233,50.89528971537241],[-114.0939623373224,50.89049626240967],[-114.0940609587289,50.87035463292987]]]]}},{"type":"Feature","properties":{"name":"Calgary Nose Hill","level":"federal","effectiveFrom":"2025-03-23","sourceUrl":"https://www.elections.ca/content.aspx?dir=cir/mapsCorner/vector&document=index&lang=e&section=res","licenceUrl":"https://www.elections.ca/content.aspx?document=index&lang=e&section=pri","geometryProcessing":"Original KMZ boundary coordinates, converted to GeoJSON without simplification, repair or rounding."},"geometry":{"type":"MultiPolygon","coordinates":[[[[-114.1782010487602,51.11075631109141],[-114.1625012942463,51.10414295002675],[-114.156389693861,51.10199754386603],[-114.1526053037799,51.1001154489145],[-114.1487066958887,51.09777163299382],[-114.1462965867816,51.10002444362497],[-114.1414938844611,51.10354094861795],[-114.1407455968742,51.10501573949453],[-114.1405519691679,51.10745753408808],[-114.1399625784954,51.10913413019944],[-114.1307889790151,51.10522134336996],[-114.1198953623345,51.09912474117709],[-114.1136718674132,51.09514834795024],[-114.1114132622234,51.09403115785513],[-114.1034043888188,51.09213284966776],[-114.0956885760205,51.08989944335237],[-114.0934376775849,51.08980754564477],[-114.0921384604854,51.09002705537597],[-114.0900332804676,51.0910270496335],[-114.0854297564954,51.08882543993776],[-114.0799619603418,51.08878784506946],[-114.0797797502673,51.08723325036704],[-114.0831508627758,51.0872344192852],[-114.083178649237,51.08624175141003],[-114.0844887805968,51.08335115261714],[-114.0861341653368,51.08148525716779],[-114.0546446701432,51.08151404413918],[-114.0542504565219,51.08232265660039],[-114.0524458172419,51.08367725179146],[-114.0474767683723,51.08369845356244],[-114.0473982098497,51.0815106795816],[-114.0338978562595,51.08148720991267],[-114.0364476555625,51.08391334883117],[-114.0377461438537,51.08575415027794],[-114.0389148649454,51.08904124734434],[-114.0401057442442,51.09490815895062],[-114.0411320732027,51.09671005794524],[-114.0448228691251,51.10142064049441],[-114.0463906627623,51.10556114487652],[-114.0468933572168,51.10863354500059],[-114.0469801685537,51.11238474287443],[-114.0457357712481,51.12216116096271],[-114.045750579605,51.12883473979159],[-114.0450214617871,51.13082734454618],[-114.0435762645229,51.13280876689752],[-114.029980350033,51.145710548327],[-114.026007966309,51.14886236714855],[-114.0174710174998,51.15445756719151],[-114.0638336712806,51.15417166582912],[-114.0668254634136,51.15323035468877],[-114.0710656932651,51.14996364443757],[-114.0737986925866,51.14858395438961],[-114.0754347751034,51.14804024505662],[-114.0825330845928,51.14659865459497],[-114.0852692955084,51.14561445890589],[-114.0880184434301,51.14497004433139],[-114.0883544980865,51.14528290709075],[-114.0905596992204,51.14593469641383],[-114.0897891978547,51.14648299468305],[-114.0899677089279,51.14672320600434],[-114.0916943770839,51.14658622248831],[-114.0922646939199,51.14682611082443],[-114.0923704744281,51.14719431115949],[-114.0915904855979,51.14775391815343],[-114.093493478465,51.14858781484101],[-114.0940471772575,51.14931451375762],[-114.0945415022991,51.14964501627147],[-114.0948110815742,51.14948821383062],[-114.0954260725201,51.15015560522593],[-114.0957662013291,51.15020309985097],[-114.0955426931138,51.14981041468405],[-114.0960055749442,51.14946420282831],[-114.0963404019569,51.1495318077896],[-114.0972430819567,51.15044661666697],[-114.0973503125267,51.15130770299006],[-114.0986707136417,51.15199891175245],[-114.0976200082059,51.15234580034032],[-114.0987566926392,51.1528166968512],[-114.10027149127,51.15408651315326],[-114.1008138348126,51.15415456177743],[-114.0946210629061,51.1541762450704],[-114.0946161922765,51.16150467721091],[-114.1092429126634,51.16148475849069],[-114.1123641130718,51.15883015344085],[-114.1157522545892,51.15677352148328],[-114.1210425939807,51.15856835996717],[-114.1247332903824,51.16088403880602],[-114.1287189036319,51.16427755027608],[-114.1317979015359,51.1679524384443],[-114.1516307745604,51.16798728564817],[-114.1501418029233,51.16639414113662],[-114.1447162982954,51.16426165936055],[-114.1432749265826,51.16325034842004],[-114.1422772119395,51.16215373107222],[-114.141110014976,51.15935303777622],[-114.1410305996251,51.15411815039089],[-114.1406419314045,51.15253081709093],[-114.1545023123339,51.15261203678542],[-114.1653462102197,51.15210557439814],[-114.1674543077924,51.14838784442539],[-114.1681392237713,51.14553234190452],[-114.16805032781,51.14398884844134],[-114.1670984119804,51.1415552404416],[-114.1610103914413,51.13324443511188],[-114.1602734154728,51.13083444754683],[-114.1606269858953,51.12788124393883],[-114.1620242952265,51.12526423742013],[-114.1642767788877,51.12274203873496],[-114.1679365921486,51.11945775122764],[-114.1717040788755,51.11685184341941],[-114.1749690982609,51.11417633514664],[-114.1782010487602,51.11075631109141]]]]}},{"type":"Feature","properties":{"name":"Calgary Crowfoot","level":"federal","effectiveFrom":"2025-03-23","sourceUrl":"https://www.elections.ca/content.aspx?dir=cir/mapsCorner/vector&document=index&lang=e&section=res","licenceUrl":"https://www.elections.ca/content.aspx?document=index&lang=e&section=pri","geometryProcessing":"Original KMZ boundary coordinates, converted to GeoJSON without simplification, repair or rounding."},"geometry":{"type":"MultiPolygon","coordinates":[[[[-114.315201935722,51.13961388071982],[-114.3130022380825,51.13692429349705],[-114.3109740439618,51.13524516965489],[-114.3099261355398,51.13368609043051],[-114.3093245524811,51.13259908887607],[-114.3082723365592,51.12851577111418],[-114.3041124446578,51.12594689108801],[-114.2996750288255,51.12448617200753],[-114.2977350449659,51.12325477653075],[-114.2936268171485,51.12160569051942],[-114.2911082238304,51.11993779191052],[-114.2890016089415,51.11618597740752],[-114.2891238314989,51.11527918413794],[-114.2898776445244,51.11394428165372],[-114.2899256047915,51.11246367663589],[-114.2909529385506,51.10940457252003],[-114.2900897157711,51.10703097410205],[-114.2891619035717,51.10577107579512],[-114.2872121305288,51.10460817400571],[-114.2855502089596,51.1040244831881],[-114.282603501045,51.10349437681528],[-114.2825375266755,51.10157129030159],[-114.283000643406,51.10083479072983],[-114.2821793168348,51.10075927324418],[-114.2815993137815,51.10113919759748],[-114.2809502872261,51.10114782749501],[-114.2761651243507,51.10103238275621],[-114.2693125263787,51.10180239098158],[-114.2655836217888,51.10294417341983],[-114.2582988210726,51.10308658101017],[-114.2460975275879,51.10075988878694],[-114.2424153228432,51.09871289303745],[-114.2397221212197,51.0978093869042],[-114.2369787997795,51.09765569790116],[-114.2357325918404,51.09793848157817],[-114.2343218128209,51.09794997795325],[-114.2315381656369,51.09896662527704],[-114.2306323908476,51.09926278780593],[-114.2308467304912,51.09951412795768],[-114.2303058210263,51.09982039085975],[-114.2248310080486,51.09956709556883],[-114.2150268980081,51.09982149898931],[-114.2121554243906,51.09925589640181],[-114.2082371869136,51.09913268412062],[-114.2061344945397,51.09871980248395],[-114.2051207856659,51.09883319634432],[-114.2038086160753,51.09946999316556],[-114.2016742877128,51.09948048962581],[-114.2009522077673,51.09972649431563],[-114.19935541159,51.09957467798292],[-114.1974153981355,51.09891148603798],[-114.1954349047846,51.09880640341567],[-114.1941026045866,51.09906749667694],[-114.1857490032035,51.09493699372075],[-114.1839143966717,51.09369330559559],[-114.1823316956583,51.09183110350153],[-114.1832512925693,51.09024708711232],[-114.1831524114625,51.08992500274938],[-114.18098608904,51.08910678813591],[-114.1805245866272,51.08945330587328],[-114.1794621061412,51.08882669623892],[-114.1788580109818,51.09034063965518],[-114.1786434864238,51.09387464418532],[-114.1816280860289,51.10352175023552],[-114.181979695233,51.10384175983895],[-114.1812202756525,51.10456003971021],[-114.1799631820663,51.10796183537607],[-114.1782010487602,51.11075631109141],[-114.1749690982609,51.11417633514664],[-114.1717040788755,51.11685184341941],[-114.1679365921486,51.11945775122764],[-114.1642767788877,51.12274203873496],[-114.1620242952265,51.12526423742013],[-114.1606269858953,51.12788124393883],[-114.1602734154728,51.13083444754683],[-114.1610103914413,51.13324443511188],[-114.1670984119804,51.1415552404416],[-114.16805032781,51.14398884844134],[-114.1681392237713,51.14553234190452],[-114.1674543077924,51.14838784442539],[-114.1653462102197,51.15210557439814],[-114.1545023123339,51.15261203678542],[-114.1406419314045,51.15253081709093],[-114.1410305996251,51.15411815039089],[-114.141110014976,51.15935303777622],[-114.1422772119395,51.16215373107222],[-114.1432749265826,51.16325034842004],[-114.1447162982954,51.16426165936055],[-114.1501418029233,51.16639414113662],[-114.1516307745604,51.16798728564817],[-114.1317979015359,51.1679524384443],[-114.1329704071068,51.17000515125493],[-114.1336920869761,51.17235225320291],[-114.1332842048334,51.17949140517618],[-114.1350191271381,51.1833266480534],[-114.1360533166674,51.18463354026805],[-114.1396862194902,51.18774783687322],[-114.1422142965601,51.18901923646333],[-114.1560719258495,51.19146454786735],[-114.1578218202653,51.19202413755175],[-114.1609209159756,51.19361154369164],[-114.1634973333068,51.19570034120932],[-114.1642623134114,51.19660664437465],[-114.1644675058894,51.19771934676007],[-114.1683901514625,51.19768717230854],[-114.1683589400599,51.19865462665114],[-114.1871269508212,51.19860949422232],[-114.2110345237368,51.19776614687995],[-114.2110112056965,51.18323063071445],[-114.2342546191336,51.18319822783458],[-114.2342337184114,51.15416502195492],[-114.2518161243821,51.15400212805844],[-114.255199835292,51.15379853851994],[-114.2575183331543,51.15398663831579],[-114.2572749306753,51.14590263759526],[-114.2565523071704,51.14438763387081],[-114.2568289050652,51.1435478369467],[-114.2572555097357,51.14254563061246],[-114.2574257211225,51.13946763952013],[-114.2574988058988,51.12274380669528],[-114.2639618585197,51.12278181998894],[-114.2639460647147,51.12305673277056],[-114.2648669580072,51.12309036952286],[-114.2647527241707,51.12494161997106],[-114.265107845204,51.12494580688945],[-114.2652515937854,51.12274248600517],[-114.2689753166163,51.12274441902154],[-114.2691133919694,51.11982722762843],[-114.2650404824266,51.11998966227045],[-114.2647147999073,51.11641573789566],[-114.2614334101233,51.11700923183335],[-114.2585234282037,51.11643733762723],[-114.2592316545053,51.11521084959911],[-114.2617637590265,51.11555499644007],[-114.2654547880917,51.11487071826752],[-114.2666524650109,51.11494731209736],[-114.2677686215363,51.11531649142913],[-114.2684796997017,51.11576155620377],[-114.269095183792,51.11661740266916],[-114.268749166531,51.11019878640942],[-114.2743192356878,51.11018285762577],[-114.2741429760199,51.11441533197422],[-114.2808744746969,51.11445378176321],[-114.280722236041,51.12509593640726],[-114.2837890395338,51.12492598206558],[-114.2858272494174,51.12581003935744],[-114.2881124743461,51.1275453111943],[-114.289700923437,51.13035075849167],[-114.2895161662876,51.13227106324806],[-114.2916502742053,51.13508610971084],[-114.2917214198664,51.13555488024683],[-114.2935573446907,51.13612590139853],[-114.2950786800172,51.13740821592015],[-114.2964970927283,51.13782046404295],[-114.2965302923971,51.13898760112751],[-114.2950589198535,51.13897067668612],[-114.2951112721306,51.13954596553754],[-114.315201935722,51.13961388071982]]]]}},{"type":"Feature","properties":{"name":"Calgary East","level":"federal","effectiveFrom":"2025-03-23","sourceUrl":"https://www.elections.ca/content.aspx?dir=cir/mapsCorner/vector&document=index&lang=e&section=res","licenceUrl":"https://www.elections.ca/content.aspx?document=index&lang=e&section=pri","geometryProcessing":"Original KMZ boundary coordinates, converted to GeoJSON without simplification, repair or rounding."},"geometry":{"type":"MultiPolygon","coordinates":[[[[-114.0359881318981,50.97391021534148],[-114.0338917507171,50.97266040894016],[-114.0291895512257,50.97261930691727],[-114.0283568241555,50.97281931547162],[-114.0231911409114,50.96749609732417],[-114.0226909344971,50.9657650146511],[-114.0233191329984,50.96115191382454],[-114.0232962361792,50.95800140704324],[-114.0226331097549,50.95664309929543],[-114.0212915114236,50.95536960374167],[-114.021078602344,50.9566237022028],[-114.0205971375895,50.95677429720848],[-114.0199639197766,50.95446281466832],[-114.0200557343426,50.95329861548258],[-114.0195101311846,50.95233429770324],[-114.0196747342447,50.95128861475598],[-114.0212882395325,50.949155405525],[-114.0185999393752,50.94739581093354],[-114.0183055055806,50.94688471510752],[-114.017348707575,50.9467679129199],[-114.0145299201906,50.94473999300151],[-114.0120524193251,50.94218141088787],[-114.0091435271602,50.94002891014971],[-114.0059269062368,50.93912041552029],[-114.0053328196232,50.93913180014744],[-114.006856715671,50.94035091535178],[-114.0059378034274,50.93981931681744],[-114.0056671052696,50.93990979776408],[-114.0049083300068,50.93921450157557],[-114.0027485335936,50.93841280586923],[-114.000443523613,50.93811299691119],[-113.9990770923587,50.93755470570258],[-113.9944269017565,50.93496410835667],[-113.9914511955138,50.93368640195201],[-113.9906221999437,50.93190959901217],[-113.9647100137077,50.93187014502058],[-113.9579425791013,50.93125855125682],[-113.958592383523,50.96515943944393],[-113.9583502199347,50.97965134000798],[-113.9119143103232,50.97970024915467],[-113.9119074001404,51.0157233308821],[-113.8654325707717,51.01578262933425],[-113.865379458615,51.05999311191753],[-113.9119179297062,51.05959282778825],[-113.9117569070037,51.06694926310439],[-113.9352630298219,51.06714315562665],[-114.0090561593939,51.06704935726624],[-114.0092108806988,51.07170643298555],[-114.0089327442434,51.07170555351512],[-114.008715534184,51.07243088536029],[-114.0087180786278,51.07417122745682],[-114.0090442477325,51.07425879996507],[-114.0090840349841,51.07497735525332],[-114.0188042504739,51.07502794589403],[-114.0189544430125,51.07691165019397],[-114.0223232689422,51.07692566211932],[-114.0225259593209,51.07437516286816],[-114.0271058500238,51.0743790030256],[-114.0263824301723,51.07136735115502],[-114.0270850497543,51.06558873966803],[-114.0269139554667,51.0641366475044],[-114.0251110459043,51.06117955069423],[-114.0199693415053,51.05486166075517],[-114.0172192379376,51.04794758482279],[-114.0191985406371,51.04781406944888],[-114.0188188690036,51.04398019145628],[-114.0159515523714,51.04393951964204],[-114.0151273338593,51.04348371585725],[-114.014173552956,51.04334680307105],[-114.0131031339544,51.04254082593085],[-114.0122253433439,51.0423133226238],[-114.0112009358042,51.04237020132565],[-114.0108903315151,51.04216521365895],[-114.0101047481181,51.04065002164445],[-114.0119426471256,51.0395823143597],[-114.0122242479413,51.0389589995114],[-114.0136323352069,51.03796520484549],[-114.0138396593946,51.03537591519564],[-114.0126814408094,51.03399002402532],[-114.0117380340692,51.03332050446937],[-114.0090154311161,51.03236170300594],[-114.0054947189046,51.03149160888914],[-114.0043361495888,51.03075021805953],[-114.0032046406473,51.0290180197719],[-114.0031089296058,51.02740680723601],[-114.0038518242309,51.02671302159329],[-114.0063714448702,51.02574979823925],[-114.0076102482484,51.024779519852],[-114.0114169267132,51.0228838093787],[-114.012818829389,51.01978771432886],[-114.0127019575783,51.01699620785386],[-114.01186154461,51.01499921002323],[-114.013465135131,51.01247020858175],[-114.0156601437282,51.01078329348198],[-114.0174631513174,51.01013900549752],[-114.0211288577877,51.00731310883057],[-114.0221029462694,51.00623290576959],[-114.0224106260579,51.00461911290363],[-114.0237530464058,51.00263341654196],[-114.0268167378303,51.00137400374719],[-114.026633522159,51.00167499740356],[-114.0274005406678,51.00167729465667],[-114.0300216230178,50.99908261579163],[-114.0301129395791,50.9976719089209],[-114.0296649343562,50.99700111316909],[-114.027347246334,50.99493171014178],[-114.0239289352451,50.99331340811355],[-114.0224558574572,50.99149651133838],[-114.0226090316634,50.98950541889455],[-114.0233958249551,50.98831951767933],[-114.0252938464418,50.98687744827272],[-114.0241726529114,50.98594192812364],[-114.0250245565773,50.98529271236435],[-114.0276282218695,50.98404681406482],[-114.0307508170423,50.98020781008582],[-114.0329598468126,50.9781859133666],[-114.0336281513706,50.97712710746809],[-114.0338621353754,50.97705309682286],[-114.0337679397925,50.97765891386086],[-114.0342952191854,50.97775520951348],[-114.0355076196647,50.97670420823458],[-114.036297013016,50.97555560692514],[-114.0364015327317,50.97478670331355],[-114.0350441259016,50.97532580867372],[-114.0358698339795,50.97455861319255],[-114.0359881318981,50.97391021534148]]]]}},{"type":"Feature","properties":{"name":"Calgary Heritage","level":"federal","effectiveFrom":"2025-03-23","sourceUrl":"https://www.elections.ca/content.aspx?dir=cir/mapsCorner/vector&document=index&lang=e&section=res","licenceUrl":"https://www.elections.ca/content.aspx?document=index&lang=e&section=pri","geometryProcessing":"Original KMZ boundary coordinates, converted to GeoJSON without simplification, repair or rounding."},"geometry":{"type":"MultiPolygon","coordinates":[[[[-114.2096941233738,50.89227852042016],[-114.1402817395133,50.89218673723381],[-114.1403248239767,50.8883911180132],[-114.1266915019872,50.88811989703619],[-114.1268551254878,50.88481372306722],[-114.1172013062451,50.88479144031869],[-114.1141568732645,50.8860332359932],[-114.1155325043826,50.88856148091791],[-114.1146722408533,50.88860611803026],[-114.1124603930705,50.8912537474637],[-114.095952178519,50.89121136979367],[-114.0950837384159,50.89055000509456],[-114.0939623373224,50.89049626240967],[-114.0931804304233,50.89528971537241],[-114.0934019146636,50.8977657318212],[-114.0951186184319,50.90031764382962],[-114.0984507284801,50.90323402822662],[-114.0989159265124,50.90535941909711],[-114.0950082043778,50.90528912349155],[-114.085700996563,50.90329403276867],[-114.078696906884,50.90269604568952],[-114.0720024001743,50.90305892733856],[-114.067874836325,50.90377374154416],[-114.0621832291361,50.90515073077855],[-114.0701648073331,50.91781865194286],[-114.071803809059,50.9216286395307],[-114.0715403335906,50.92468934021326],[-114.0689111204802,50.9307399515522],[-114.0682534077544,50.93372773161222],[-114.0704685278874,50.94535993483436],[-114.0715510306681,50.95554253348237],[-114.0715013462793,50.97964783750127],[-114.0831730171822,50.97961624159277],[-114.0830628109961,50.99431732926148],[-114.0942255525342,50.9940610410484],[-114.0966335452061,50.99429874314139],[-114.0984959614885,50.99483073431515],[-114.1052399537682,50.99754374745352],[-114.1179522980025,51.00022500959582],[-114.1224960898645,51.00113365589288],[-114.1266819023857,51.00122309053144],[-114.1292389559785,51.00174180554604],[-114.1308777834222,51.00269663596097],[-114.1368018775526,51.00779774964052],[-114.1384913646973,51.00838025899365],[-114.1423437807232,51.00851015441046],[-114.141097445042,51.00834148841715],[-114.1408873547275,51.00762643534645],[-114.1411209916432,50.99398159629293],[-114.1422522913725,50.99394239697259],[-114.1506377832678,50.99693604242744],[-114.1573700940917,50.99798527614885],[-114.1602944435084,50.99803613651905],[-114.1611576106655,50.99753414186909],[-114.1614302778736,50.99636903954353],[-114.161904265146,50.99584082798945],[-114.1633177626076,50.99510164205589],[-114.1651924131776,50.994978721317],[-114.1649712085093,50.99424918077038],[-114.1652029810436,50.99351752300466],[-114.1646983703788,50.99282419237451],[-114.1638505897047,50.99243052931136],[-114.1642798263033,50.98542975321048],[-114.1528572250922,50.98457434933766],[-114.1407676194041,50.97972354276208],[-114.1406552779179,50.97832585697712],[-114.1411752274252,50.97462769823999],[-114.1405255040124,50.96371869671295],[-114.1410001349853,50.95782399106597],[-114.1417753464723,50.95343106711477],[-114.1411456458667,50.95048602880983],[-114.1413081038919,50.94968817130874],[-114.1404293348658,50.9464394745627],[-114.1410603437529,50.9440288196595],[-114.1411403577429,50.94199182508702],[-114.140262030352,50.93623723898231],[-114.1407400813299,50.92134886394435],[-114.2098400199322,50.92136495081562],[-114.2096941233738,50.89227852042016]]]]}},{"type":"Feature","properties":{"name":"Calgary McKnight","level":"federal","effectiveFrom":"2025-03-23","sourceUrl":"https://www.elections.ca/content.aspx?dir=cir/mapsCorner/vector&document=index&lang=e&section=res","licenceUrl":"https://www.elections.ca/content.aspx?document=index&lang=e&section=pri","geometryProcessing":"Original KMZ boundary coordinates, converted to GeoJSON without simplification, repair or rounding."},"geometry":{"type":"MultiPolygon","coordinates":[[[[-114.0377461438537,51.08575415027794],[-114.0364476555625,51.08391334883117],[-114.0338978562595,51.08148720991267],[-114.0288909437454,51.0768677487443],[-114.0271058500238,51.0743790030256],[-114.0225259593209,51.07437516286816],[-114.0223232689422,51.07692566211932],[-114.0189544430125,51.07691165019397],[-114.0188042504739,51.07502794589403],[-114.0090840349841,51.07497735525332],[-114.0090442477325,51.07425879996507],[-114.0087180786278,51.07417122745682],[-114.008715534184,51.07243088536029],[-114.0089327442434,51.07170555351512],[-114.0092108806988,51.07170643298555],[-114.0090561593939,51.06704935726624],[-113.9352630298219,51.06714315562665],[-113.9117569070037,51.06694926310439],[-113.9118756209285,51.10338866819938],[-113.9106825292818,51.10374527702525],[-113.9118753169869,51.1048637627115],[-113.9118714318313,51.12518748222389],[-113.9294317667297,51.12520886599219],[-113.9299565571997,51.12537795485799],[-113.9305562543656,51.12521266488463],[-113.9351421592871,51.12519897118115],[-113.935122410989,51.13963242057235],[-113.9497494810942,51.13957386236033],[-113.9698146999462,51.13993080424813],[-113.9699114584321,51.15432335828447],[-114.0174710174998,51.15445756719151],[-114.026007966309,51.14886236714855],[-114.029980350033,51.145710548327],[-114.0435762645229,51.13280876689752],[-114.0450214617871,51.13082734454618],[-114.045750579605,51.12883473979159],[-114.0457357712481,51.12216116096271],[-114.0469801685537,51.11238474287443],[-114.0468933572168,51.10863354500059],[-114.0463906627623,51.10556114487652],[-114.0448228691251,51.10142064049441],[-114.0411320732027,51.09671005794524],[-114.0401057442442,51.09490815895062],[-114.0389148649454,51.08904124734434],[-114.0377461438537,51.08575415027794]]]]}},{"type":"Feature","properties":{"name":"Calgary Shepard","level":"federal","effectiveFrom":"2025-03-23","sourceUrl":"https://www.elections.ca/content.aspx?dir=cir/mapsCorner/vector&document=index&lang=e&section=res","licenceUrl":"https://www.elections.ca/content.aspx?document=index&lang=e&section=pri","geometryProcessing":"Original KMZ boundary coordinates, converted to GeoJSON without simplification, repair or rounding."},"geometry":{"type":"MultiPolygon","coordinates":[[[[-114.0095443032786,50.8951947884491],[-114.0080109930338,50.89290789045142],[-114.0059813996356,50.89107760178202],[-114.0013233901952,50.88784621410392],[-114.0005783770381,50.88766929370186],[-113.997974715795,50.88807219316734],[-113.9974622865924,50.88797311360248],[-113.9962849131092,50.88749209195041],[-113.9953546824531,50.88668830226642],[-113.9934984084012,50.88435059539194],[-113.9924177921043,50.88234500401603],[-113.9931174761401,50.87756829803569],[-113.9918832038263,50.87358498732372],[-113.9897196745172,50.87101390030001],[-113.9871021012757,50.86861640538159],[-113.9836521773921,50.86327489645527],[-113.9790970702459,50.85910519916167],[-113.9772146779379,50.85680140530288],[-113.9757357831951,50.85594361278051],[-113.9730943104578,50.85537800756897],[-113.9720156794511,50.85515261365333],[-113.9660868966718,50.85283130023246],[-113.9631596890659,50.85056039576042],[-113.9596198999121,50.84847480138216],[-113.9583862985359,50.84651830774491],[-113.9574312985252,50.84606020924471],[-113.9565379814455,50.84600670538904],[-113.9562149895617,50.84509440283941],[-113.9550684873846,50.84359430072083],[-113.9539274819218,50.84315341301256],[-113.9523271854247,50.84290599894507],[-113.9504920710585,50.84313030806589],[-113.9486521823494,50.84396139824839],[-113.9481316759162,50.84433710787047],[-113.9480964739871,50.84491201492984],[-113.9463369709683,50.8461249098701],[-113.9451684799601,50.847970907952],[-113.9434313854294,50.84966229318],[-113.9411017710154,50.85099540683203],[-113.9374655745296,50.85219399449441],[-113.9343946889084,50.85255380326779],[-113.9232455616272,50.85222871740002],[-113.9211390841953,50.85291200727261],[-113.9217665535553,50.85223170920887],[-113.9213383793415,50.85184151076482],[-113.9207498939984,50.85173801439505],[-113.9126195529246,50.85276640008225],[-113.9116522731866,50.85345569694516],[-113.9095258775819,50.85394380722008],[-113.9057262005187,50.85574925621565],[-113.9056554044082,50.85466260980292],[-113.9017982495347,50.85657790341496],[-113.8996784709479,50.85874941411269],[-113.8987043789167,50.8590233003662],[-113.8944363866375,50.8593203149607],[-113.8911073780231,50.85908500956671],[-113.885101749169,50.85755061827026],[-113.8822294520369,50.85720772078508],[-113.8766481726097,50.85800419873982],[-113.8733677765096,50.85814700745029],[-113.8710168622473,50.85857350052142],[-113.8650588621717,50.85722772436833],[-113.8602280019466,50.85533336353036],[-113.8601743912767,50.85635154914544],[-113.8583108592347,50.85921945028167],[-113.8597861411843,50.86056855767738],[-113.8599494880136,50.92147837076759],[-113.8887533916099,50.92148835907421],[-113.8888554888743,50.9281870663624],[-113.8772394686673,50.92808864179924],[-113.8771018820497,50.93988194022229],[-113.8773926781279,50.94511907333136],[-113.8743724119287,50.94408130415579],[-113.8656800316647,50.94392790811965],[-113.8659309713032,50.96120370140764],[-113.8654476009537,50.97967235244614],[-113.9119143103232,50.97970024915467],[-113.9583502199347,50.97965134000798],[-113.958592383523,50.96515943944393],[-113.9579425791013,50.93125855125682],[-113.9647100137077,50.93187014502058],[-113.9906221999437,50.93190959901217],[-113.9895856094788,50.93031741786957],[-113.9887946043611,50.9300164956956],[-113.9888125081888,50.92940690943689],[-113.9882584890105,50.92845380576262],[-113.9883647897813,50.92765650746922],[-113.9893251295317,50.92642780807645],[-113.9888775128478,50.9257856001712],[-113.987891930041,50.92560790804536],[-113.9880212875901,50.92258029934941],[-113.98869608585,50.91962660320606],[-113.9924574217118,50.91476529832389],[-113.9943415985942,50.91340420674687],[-113.9998496004153,50.91028629936584],[-114.0001948900988,50.91050319851632],[-114.0009400160974,50.91006451071861],[-114.0072861965868,50.9095297037512],[-114.0093785149325,50.90890431165767],[-114.0099383200379,50.90845428943713],[-114.010248024299,50.9070300077903],[-114.0095493881301,50.90581160222025],[-114.0082553016137,50.90490809079365],[-114.0063047227949,50.9042555946134],[-114.0054595159734,50.90421191052604],[-114.0044322143043,50.90182621169129],[-114.0045527880957,50.90087450605073],[-114.005392209749,50.89995328749268],[-114.0074994058431,50.89852941346748],[-114.0079015907699,50.8989246108125],[-114.0092409098422,50.89819959270417],[-114.0095443032786,50.8951947884491]]]]}},{"type":"Feature","properties":{"name":"Calgary Signal Hill","level":"federal","effectiveFrom":"2025-03-23","sourceUrl":"https://www.elections.ca/content.aspx?dir=cir/mapsCorner/vector&document=index&lang=e&section=res","licenceUrl":"https://www.elections.ca/content.aspx?document=index&lang=e&section=pri","geometryProcessing":"Original KMZ boundary coordinates, converted to GeoJSON without simplification, repair or rounding."},"geometry":{"type":"MultiPolygon","coordinates":[[[[-114.2948372782433,51.08142523439375],[-114.282228818154,51.08141782316575],[-114.2711310467858,51.08200088669],[-114.2709310905286,51.08098495686162],[-114.2680350287072,51.08019940582425],[-114.2678489466742,51.08089665443855],[-114.2665974094476,51.08110233212106],[-114.2652033142868,51.08072550493635],[-114.264441414915,51.08011268767422],[-114.2630688989455,51.07970647945901],[-114.2597686495942,51.07952659686743],[-114.2576481453613,51.07817868531305],[-114.2574951951664,51.08201596727147],[-114.2343147870968,51.08151663773065],[-114.2346946989437,51.07439577486672],[-114.2342563792194,51.06698072275315],[-114.2340037943354,51.01994112839275],[-114.2357265960141,51.01905802072286],[-114.2355186602823,51.01870441818929],[-114.234627590445,51.01851423624036],[-114.2342051906527,51.01762773309579],[-114.2343090264978,51.00897556846399],[-114.1952852763605,51.00875009004617],[-114.1738452003468,51.00939030678685],[-114.1637815473223,51.00945962383479],[-114.1630072713161,51.00976464072282],[-114.1629987696567,51.01001554081856],[-114.1614883517192,51.0091880301753],[-114.1598944546528,51.00890644753209],[-114.146054826029,51.00889408255212],[-114.1423437807232,51.00851015441046],[-114.1384913646973,51.00838025899365],[-114.1368018775526,51.00779774964052],[-114.1308777834222,51.00269663596097],[-114.1292389559785,51.00174180554604],[-114.1266819023857,51.00122309053144],[-114.1224960898645,51.00113365589288],[-114.1179522980025,51.00022500959582],[-114.1178716356111,51.02980630058102],[-114.1266631749688,51.02683844063097],[-114.1410898451834,51.02256023781929],[-114.1412042861034,51.03784523684829],[-114.1179227489504,51.03782163841839],[-114.1179150025368,51.04157901635387],[-114.1159446780161,51.04187443946067],[-114.1124317551922,51.04284004868445],[-114.1148618511173,51.04663367359731],[-114.1182228542892,51.04738790335256],[-114.1221936789315,51.04903918747924],[-114.122807661635,51.04943120848567],[-114.1223647629592,51.04963149612635],[-114.1225434518192,51.04999479339175],[-114.1249382922954,51.05217220167664],[-114.1270816621813,51.05276781440774],[-114.127873670273,51.05327671128932],[-114.1289264776602,51.05345968585846],[-114.1304472875371,51.05419589801998],[-114.1341443814446,51.05522729417797],[-114.1365394758725,51.05495809967015],[-114.1384976953142,51.0556656061221],[-114.140611190354,51.0558021903573],[-114.1446522560192,51.05661428956602],[-114.1484730670582,51.05777280135204],[-114.1503635557547,51.0588916943378],[-114.1524181995293,51.0623587041763],[-114.154956691042,51.06521898250917],[-114.1574326858653,51.06596729771003],[-114.1649253834602,51.06721280873887],[-114.1703916860099,51.06871248894245],[-114.1716474952417,51.06924418461308],[-114.1771037905986,51.07319268905704],[-114.1781877001194,51.07441248986929],[-114.178652497008,51.07523198969751],[-114.1785336660103,51.07624168969613],[-114.1775165351432,51.07722946652187],[-114.1941351910775,51.08170163128518],[-114.2032042826217,51.08210156253978],[-114.2052511721622,51.08237444398713],[-114.225606206116,51.08757232542057],[-114.2292137005407,51.0883318224005],[-114.2321890794377,51.08862037809482],[-114.2331523093584,51.09101433198167],[-114.2335132200413,51.0949612290163],[-114.233008708608,51.09678441739362],[-114.2315381656369,51.09896662527704],[-114.2343218128209,51.09794997795325],[-114.2357325918404,51.09793848157817],[-114.2369787997795,51.09765569790116],[-114.2397221212197,51.0978093869042],[-114.2424153228432,51.09871289303745],[-114.2460975275879,51.10075988878694],[-114.2582988210726,51.10308658101017],[-114.2655836217888,51.10294417341983],[-114.2693125263787,51.10180239098158],[-114.2761651243507,51.10103238275621],[-114.2809502872261,51.10114782749501],[-114.2807007471821,51.09630338060055],[-114.2844416207468,51.09604931060727],[-114.2947191083504,51.09605831973388],[-114.2948372782433,51.08142523439375]]]]}},{"type":"Feature","properties":{"name":"Calgary Skyview","level":"federal","effectiveFrom":"2025-03-23","sourceUrl":"https://www.elections.ca/content.aspx?dir=cir/mapsCorner/vector&document=index&lang=e&section=res","licenceUrl":"https://www.elections.ca/content.aspx?document=index&lang=e&section=pri","geometryProcessing":"Original KMZ boundary coordinates, converted to GeoJSON without simplification, repair or rounding."},"geometry":{"type":"MultiPolygon","coordinates":[[[[-114.1329704071068,51.17000515125493],[-114.1317979015359,51.1679524384443],[-114.1287189036319,51.16427755027608],[-114.1247332903824,51.16088403880602],[-114.1210425939807,51.15856835996717],[-114.1157522545892,51.15677352148328],[-114.1123641130718,51.15883015344085],[-114.1092429126634,51.16148475849069],[-114.0946161922765,51.16150467721091],[-114.0946210629061,51.1541762450704],[-114.1008138348126,51.15415456177743],[-114.10027149127,51.15408651315326],[-114.0987566926392,51.1528166968512],[-114.0976200082059,51.15234580034032],[-114.0986707136417,51.15199891175245],[-114.0973503125267,51.15130770299006],[-114.0972430819567,51.15044661666697],[-114.0963404019569,51.1495318077896],[-114.0960055749442,51.14946420282831],[-114.0955426931138,51.14981041468405],[-114.0957662013291,51.15020309985097],[-114.0954260725201,51.15015560522593],[-114.0948110815742,51.14948821383062],[-114.0945415022991,51.14964501627147],[-114.0940471772575,51.14931451375762],[-114.093493478465,51.14858781484101],[-114.0915904855979,51.14775391815343],[-114.0923704744281,51.14719431115949],[-114.0922646939199,51.14682611082443],[-114.0916943770839,51.14658622248831],[-114.0899677089279,51.14672320600434],[-114.0897891978547,51.14648299468305],[-114.0905596992204,51.14593469641383],[-114.0883544980865,51.14528290709075],[-114.0880184434301,51.14497004433139],[-114.0852692955084,51.14561445890589],[-114.0825330845928,51.14659865459497],[-114.0754347751034,51.14804024505662],[-114.0737986925866,51.14858395438961],[-114.0710656932651,51.14996364443757],[-114.0668254634136,51.15323035468877],[-114.0638336712806,51.15417166582912],[-114.0174710174998,51.15445756719151],[-113.9699114584321,51.15432335828447],[-113.9698146999462,51.13993080424813],[-113.9497494810942,51.13957386236033],[-113.935122410989,51.13963242057235],[-113.9351421592871,51.12519897118115],[-113.9305562543656,51.12521266488463],[-113.9299565571997,51.12537795485799],[-113.9294317667297,51.12520886599219],[-113.9118714318313,51.12518748222389],[-113.9118776582744,51.18341028106094],[-114.001558093359,51.18355755924849],[-114.0016455200041,51.20489727968221],[-114.0128997873047,51.20464616705696],[-114.0130161970133,51.21256905959025],[-114.1295462010083,51.21235754714581],[-114.1296156957554,51.19841354518364],[-114.141208812875,51.19859395360824],[-114.141209923706,51.1977575582355],[-114.1524164363479,51.1981523517633],[-114.1527032244351,51.19860904605863],[-114.1644657972729,51.19841472778304],[-114.1644675058894,51.19771934676007],[-114.1642623134114,51.19660664437465],[-114.1634973333068,51.19570034120932],[-114.1609209159756,51.19361154369164],[-114.1578218202653,51.19202413755175],[-114.1560719258495,51.19146454786735],[-114.1422142965601,51.18901923646333],[-114.1396862194902,51.18774783687322],[-114.1360533166674,51.18463354026805],[-114.1350191271381,51.1833266480534],[-114.1332842048334,51.17949140517618],[-114.1336920869761,51.17235225320291],[-114.1329704071068,51.17000515125493]]]]}},{"type":"Feature","properties":{"name":"Calgary-South East","originalGeometryName":"Calgary-South East","displayName":"Calgary-South East","divisionNumber":24,"sourceProperties":{"EDNumber20":24,"EDName2017":"Calgary-South East","Km2":52.53276443,"Hectares":5253.27636719,"Acres":12981.1289063,"Authority":"Legislative Assembly of Alberta","Shape_Leng":32136.4148482,"Shape_Area":52532764.2768},"level":"provincial","effectiveFrom":"2019-03-19","sourceUrl":"https://www.elections.ab.ca/resources/maps/","licenceUrl":"https://www.elections.ab.ca/terms-conditions/","geometryProcessing":"Original source vertices, coordinate projection converted to WGS84 for GeoJSON; no simplification, repair or rounding. Original source attributes retained separately."},"geometry":{"type":"Polygon","coordinates":[[[-113.92347913377282,50.85229238622095],[-113.92349029928056,50.85229280500323],[-113.92353546543346,50.85229449826677],[-113.9236076710793,50.85228925259914],[-113.92379597425852,50.85226128327608],[-113.92398576090874,50.85223924622371],[-113.92417837172667,50.852204405676936],[-113.92425921417798,50.85219686501234],[-113.92436609513398,50.85219790419267],[-113.92465363120463,50.85221118817734],[-113.92491431993564,50.852209037779524],[-113.92502516646626,50.8522105582232],[-113.92603239008918,50.85222437085352],[-113.92627278895513,50.85221084785773],[-113.92636160392976,50.85221012657788],[-113.92646638035028,50.8522180269076],[-113.92651260955162,50.85221879404618],[-113.92662592899742,50.852211154637786],[-113.92687581833994,50.85221448744373],[-113.92698275897989,50.85222283905015],[-113.92725150966547,50.85223663664151],[-113.92739901207631,50.85226358793227],[-113.92749945795822,50.852273795654995],[-113.92772412048258,50.85228086231655],[-113.92803334750677,50.85230275813426],[-113.92830997614699,50.85230647743294],[-113.92863215959605,50.852320555604166],[-113.92871887454463,50.85232713741958],[-113.92876658530501,50.8523352036492],[-113.92892892057979,50.85234442182039],[-113.92923153924507,50.85236137762444],[-113.92924557725885,50.85236216318545],[-113.92942323926918,50.852366168292534],[-113.92955329462835,50.85237307420774],[-113.92987703969443,50.852404031973734],[-113.93032202877068,50.852419546423945],[-113.9306217593163,50.85242362493662],[-113.93080309862934,50.852434022267005],[-113.93093167837716,50.852437728312516],[-113.93110367108156,50.85245225897723],[-113.9312113049251,50.85245831890872],[-113.9313629927973,50.85246332470811],[-113.93171103428446,50.85245172981844],[-113.93197756819994,50.85246002626249],[-113.93227364148618,50.85245498944518],[-113.93248525892783,50.85245706039325],[-113.9327778116548,50.85246803110781],[-113.93283418481839,50.85247333285036],[-113.9331435994505,50.852518931980704],[-113.93353190508304,50.85259580387581],[-113.93363612894125,50.85262927016685],[-113.93368820893598,50.852639615368886],[-113.93384568339269,50.85264643415381],[-113.93389912613732,50.85264625664275],[-113.93445426277768,50.85261072494629],[-113.93467666876856,50.85260590903021],[-113.93482544924964,50.852608184791585],[-113.93504137885816,50.852605666186726],[-113.93512007642346,50.85260176905712],[-113.93525069998051,50.85258628115941],[-113.93544620578328,50.852555065099246],[-113.93571901756853,50.852528620246474],[-113.93598310306847,50.85249216290084],[-113.93623196015415,50.852446622582434],[-113.93665589591214,50.852339324618455],[-113.93673736030911,50.852316225787504],[-113.93684262031464,50.85229168830611],[-113.9370280121194,50.85225639194639],[-113.93734395481745,50.8522005842683],[-113.93742619276784,50.852188449911],[-113.93766346752876,50.85213836664022],[-113.9380948120457,50.85205752615123],[-113.93823252648507,50.852026949101855],[-113.93862347414446,50.851909329700774],[-113.93877748237195,50.85187404201605],[-113.9391170394697,50.85178572440539],[-113.93937434191761,50.85170589600359],[-113.93964250085017,50.85163424556594],[-113.93978513165372,50.851578538759114],[-113.93994204596905,50.851500856781215],[-113.94006955602504,50.85145385597075],[-113.94024253834225,50.8514039842013],[-113.940294410155,50.85138463565065],[-113.94044993636166,50.85131608997052],[-113.94055786243247,50.85125774598244],[-113.94063918322739,50.851220113555755],[-113.94071192920076,50.85118646072224],[-113.94080337381735,50.8511473456652],[-113.9412658102472,50.850966840997096],[-113.94140904087676,50.85089513262854],[-113.9416150287523,50.8508140879782],[-113.94189930876394,50.850670236587796],[-113.94199724536044,50.85062927217317],[-113.94210451285161,50.850579152714296],[-113.94225851024348,50.85049690687999],[-113.94234337256471,50.85044457786777],[-113.94247776030927,50.8503496126969],[-113.94257346283956,50.850296778977935],[-113.94267558108365,50.85023297342798],[-113.9428224071843,50.8501617007546],[-113.943005712203,50.85003643659535],[-113.94316326432931,50.84994641268247],[-113.94342537222015,50.84981290084747],[-113.94347801215454,50.8497826898974],[-113.94358327272354,50.84971493458889],[-113.9436906994706,50.84965130306135],[-113.94387885539624,50.84952815066991],[-113.94392503389923,50.84951028740999],[-113.94397260887177,50.849477781239756],[-113.94400789559614,50.84944758394973],[-113.9440569355263,50.84941690832333],[-113.94418456367723,50.84934913085217],[-113.94423503500006,50.84931799127972],[-113.94438574173823,50.84923511009834],[-113.94445201335242,50.84917196835741],[-113.94450319189701,50.84913718242961],[-113.94460706865245,50.84909912959096],[-113.94473624572817,50.84906151417298],[-113.94478166469335,50.84903633843341],[-113.94485155272578,50.8489690817154],[-113.94491854333832,50.84891371031291],[-113.9449199138624,50.848884456627786],[-113.94491045497708,50.84885522198618],[-113.94487706604416,50.848796306974656],[-113.94488422080124,50.84876704261197],[-113.94494974531256,50.848699791363515],[-113.9450181872723,50.848643057438004],[-113.94503214921241,50.8486238669693],[-113.94504049384258,50.848612408712135],[-113.9450555809355,50.84858176758957],[-113.9450784709127,50.84850131062061],[-113.94509931082403,50.84846700588395],[-113.94512595135497,50.84843637022917],[-113.94529449339527,50.84827576516213],[-113.94547379154818,50.84808681866221],[-113.94551615820187,50.84799400528202],[-113.94554423379238,50.84796335640828],[-113.94557583417243,50.84790116835698],[-113.9456059460822,50.84782116339036],[-113.9456325321207,50.847770850567834],[-113.94575336238229,50.84759203726464],[-113.94581803310827,50.84747678971392],[-113.94589503576655,50.84737616510836],[-113.94598144164684,50.84728832864583],[-113.94600951357299,50.84725402608858],[-113.9461194809253,50.847066521589014],[-113.94618133554629,50.846977796596335],[-113.94623309886406,50.84688724589114],[-113.94627905974755,50.846796255012094],[-113.94632148465115,50.846735424924994],[-113.94640139231089,50.84664073700585],[-113.94646980931059,50.84657164870577],[-113.94652810503852,50.846498915319344],[-113.94659291122696,50.846438071262384],[-113.94683198387952,50.846189645615304],[-113.94699918244004,50.84606789144965],[-113.94707627585869,50.84600657321719],[-113.94717566147602,50.84591322108073],[-113.94726141604787,50.84584777943478],[-113.94737163936429,50.84575397610711],[-113.94740043718002,50.84572332340158],[-113.94745368881804,50.84565424167203],[-113.94747165376921,50.84562315836182],[-113.94747807128864,50.845594355006924],[-113.94747796384819,50.845557071938856],[-113.94747791283315,50.8455395100266],[-113.94746554866565,50.84550799121601],[-113.94745157888596,50.84542026487237],[-113.94745657913583,50.84539192555637],[-113.94746589910882,50.84537180315395],[-113.94748964691355,50.84534390283232],[-113.94756533843578,50.84529491502856],[-113.94761004880648,50.84527384326429],[-113.9478444645674,50.84517760577748],[-113.94793748023727,50.84512723640813],[-113.94799009761644,50.845091975202244],[-113.94800664728496,50.84506819332249],[-113.94801594399088,50.8450421418765],[-113.94803012597752,50.84494798487617],[-113.94805020953112,50.84489722691575],[-113.94807106274475,50.8448665833941],[-113.94819349465895,50.84474533261378],[-113.94824241703124,50.844685415067055],[-113.94830860343089,50.844593939915235],[-113.94833451683608,50.84456511429044],[-113.94843758584601,50.84449918905832],[-113.9484923885084,50.84447033583681],[-113.94852628044511,50.84445384359333],[-113.94866910319347,50.84440205112542],[-113.948722489243,50.84437868198423],[-113.94875030238137,50.84435806482868],[-113.9487700462579,50.84434342971695],[-113.94879595196763,50.84431050144955],[-113.94879732054729,50.84428627681218],[-113.94877340061302,50.84425613758279],[-113.94876031594679,50.84422187833264],[-113.94876961550308,50.844191247557156],[-113.9488005260364,50.84414047904073],[-113.9488840445325,50.84405035624679],[-113.94900142180147,50.84393505984788],[-113.94907922301698,50.84386915837358],[-113.9491534302668,50.84381331872053],[-113.94949730036235,50.84360727883443],[-113.94958453511815,50.84356101166254],[-113.9496710739196,50.84351978528047],[-113.9500151338644,50.843385484846465],[-113.95019980246146,50.843324034871394],[-113.95046387277856,50.84324741970292],[-113.95081675364742,50.843173887630655],[-113.95087159149055,50.84315600142325],[-113.95097398598983,50.843109715668625],[-113.95105910123586,50.843079919197834],[-113.95110528762909,50.843068899623844],[-113.9513477851588,50.84302840801139],[-113.95144882571859,50.84300635743714],[-113.95173666579339,50.842918274434844],[-113.95178790034448,50.842907704789404],[-113.95189328523331,50.84289341107908],[-113.95201153367927,50.84288274059389],[-113.95217552910343,50.842867957270556],[-113.95229697586855,50.842852152040194],[-113.95233144893449,50.84284766633864],[-113.95257186058939,50.84283550189342],[-113.95268086790438,50.84282440680769],[-113.95277399298124,50.84282202178787],[-113.95292611047086,50.84283192467069],[-113.95307675336068,50.842850576858716],[-113.95330209315662,50.84286996187442],[-113.95345525643707,50.84289537466826],[-113.95363871952975,50.84291801809616],[-113.9537882636147,50.842943892813786],[-113.95389876945138,50.842957919663995],[-113.95404543103713,50.84298562241872],[-113.95420947668698,50.843030230741796],[-113.95429404501407,50.84306166718079],[-113.95440322054635,50.843110435670795],[-113.95451172015215,50.84317292688191],[-113.95458050006408,50.84323179637066],[-113.95466733387913,50.84329477707574],[-113.95472302797765,50.84332944523502],[-113.95489008483182,50.8434142585806],[-113.95492698868809,50.84344026641707],[-113.95496030883874,50.843470857425885],[-113.95504000072967,50.84356034907486],[-113.95524877773346,50.843834789790726],[-113.95539082325074,50.84400190558071],[-113.95568812848741,50.84443115056361],[-113.95582960728011,50.84464990234613],[-113.9559107471549,50.84479214104423],[-113.95594138583807,50.84484585073014],[-113.95595229642612,50.84487462064505],[-113.95604375127368,50.845031287678914],[-113.95607711833887,50.845078323735386],[-113.9561162996775,50.845144996582285],[-113.95616425726661,50.84524503729152],[-113.95622160666596,50.84534322680856],[-113.95628470983219,50.84543639365244],[-113.95628607725614,50.84543885926677],[-113.9563101165655,50.84557705844932],[-113.9564938196781,50.84600725087679],[-113.95654780742632,50.84632620207817],[-113.95654711655236,50.8463580619962],[-113.95654244623034,50.84649287985326],[-113.95652987376705,50.84663411362327],[-113.95653162948209,50.84674013671541],[-113.95654630192696,50.84681689228436],[-113.95656400445318,50.84694255367986],[-113.95656148277105,50.8470695996484],[-113.95656028281947,50.84715141334099],[-113.9565722100103,50.847274791920334],[-113.9565738224604,50.84733373431476],[-113.95656396974105,50.84741738691815],[-113.95656795420368,50.8475489983674],[-113.95657835358931,50.84764404186296],[-113.95658014629615,50.84776561055586],[-113.95657763874833,50.847892658433054],[-113.95658791622873,50.84794794379502],[-113.95660630491624,50.8480594325949],[-113.95662672752422,50.84813390042309],[-113.95665221637118,50.84820104529787],[-113.95666112267551,50.84828467668746],[-113.95667452347793,50.84830889488914],[-113.95667251011729,50.848371245168124],[-113.95675265232127,50.84860033496374],[-113.95691678720942,50.84894255875882],[-113.95691804396357,50.84894642415074],[-113.95692894284525,50.848979928774334],[-113.95699226488928,50.8491489477437],[-113.95705119774274,50.84929877361049],[-113.95708678813054,50.849365459859115],[-113.9570977811,50.84942120228552],[-113.95711774022828,50.849510651557985],[-113.95711827260976,50.8495130341261],[-113.95715689878125,50.84962586422533],[-113.95718669542218,50.84969300157516],[-113.95725486538467,50.849789362802284],[-113.95730415719208,50.8498528246583],[-113.95732370321284,50.849878090913144],[-113.95737892723977,50.84990686973897],[-113.9573943039508,50.84991899063627],[-113.95745891389781,50.84998319205539],[-113.95752972222596,50.850042843432426],[-113.95763336570816,50.850142389441075],[-113.95770801538598,50.85019995991053],[-113.95780319540212,50.85026926536168],[-113.95801143866827,50.85042045105959],[-113.95816399129141,50.850514046576045],[-113.95826035683653,50.85056591776173],[-113.95839546016326,50.85059434844107],[-113.9585397200021,50.85060792357339],[-113.95859062027705,50.85060629240145],[-113.95864297275853,50.85061347916947],[-113.95874047465297,50.85062392161166],[-113.95882868063977,50.85062676884734],[-113.95888202395064,50.85062200872467],[-113.95899309733296,50.850610143431574],[-113.95908426708519,50.85060178911678],[-113.95917218248405,50.85060300511063],[-113.95922742487431,50.85060742033873],[-113.95928001097462,50.8506168859515],[-113.95932861997923,50.850633278566754],[-113.95941976199398,50.85066576934694],[-113.95948712988563,50.850694077866166],[-113.95952234999386,50.850708878270694],[-113.95961582739423,50.85074308918242],[-113.95966352758988,50.85073837735544],[-113.95968545260529,50.85071874423719],[-113.95969067880759,50.85068952478698],[-113.9597260283855,50.85066432726366],[-113.95973906984008,50.8506550312433],[-113.95978698090404,50.85065680781662],[-113.95984155644142,50.85063817643803],[-113.95989285517823,50.85063332565652],[-113.95994061304894,50.850648379828336],[-113.95993490291585,50.850681473423876],[-113.95988692993217,50.85069653715248],[-113.95988284932567,50.85069834419189],[-113.95983108177904,50.850721265921145],[-113.95982974760935,50.85072655484393],[-113.95982285217964,50.85075389531947],[-113.95989385332095,50.85082423405761],[-113.95999672394778,50.85087320188616],[-113.96018611758362,50.85095472569913],[-113.96037561592418,50.85106800823773],[-113.96037942827257,50.851070597243655],[-113.9605189679827,50.851165351243274],[-113.9606296802939,50.85124970012663],[-113.96071235028936,50.851331025505644],[-113.96072031815586,50.85133886325568],[-113.96073424246559,50.85135801153319],[-113.96083505568934,50.8514966512826],[-113.96090354063747,50.85158696558966],[-113.96098171147253,50.8517140561433],[-113.9610642247984,50.8518472121421],[-113.96107643654622,50.85187411371821],[-113.96109026601087,50.85190458156347],[-113.96113954569857,50.85196444299548],[-113.96121494435101,50.85208522815692],[-113.9612547602534,50.852131598521055],[-113.96127342139283,50.85215333134025],[-113.96131731603103,50.85219625989044],[-113.9613382212727,50.852217867826944],[-113.96137470740128,50.85227575928208],[-113.96152643027656,50.85241240980455],[-113.96173402806421,50.852589151409376],[-113.96184326628642,50.852685091637895],[-113.96193661236569,50.8527530008565],[-113.96203221609082,50.852812310411664],[-113.96208618518571,50.85284579094637],[-113.9621875668617,50.85291476105699],[-113.96226035282814,50.85297094359643],[-113.962363769435,50.85302381059275],[-113.9624150965227,50.853083761644015],[-113.96250336734508,50.8532120196216],[-113.96259490407914,50.85339552784554],[-113.96261385894513,50.85343539845015],[-113.96263941596507,50.85348915555154],[-113.9627068810071,50.85359561942221],[-113.96276906894713,50.85365871580176],[-113.96287957592257,50.853752768018126],[-113.96294373140888,50.853812400993405],[-113.96299550696921,50.853844511210355],[-113.96314559527306,50.85391302260119],[-113.96329024162382,50.853971868062395],[-113.9634215673923,50.85401869159175],[-113.96346305369256,50.854030977910064],[-113.96355090766143,50.854056997328485],[-113.96364194589145,50.85409011270561],[-113.96374689121481,50.8541248449411],[-113.9638754330364,50.85417547669651],[-113.9639736231502,50.85422516411394],[-113.96401515742883,50.854253197449665],[-113.96406631737302,50.85431443278521],[-113.96409953909401,50.854375742780846],[-113.96410634595762,50.854411078959856],[-113.96410252144739,50.85442197680764],[-113.9640959540153,50.854440693563106],[-113.96407673226618,50.85446726090006],[-113.96403776850038,50.854528478909515],[-113.96401846796148,50.85458810812486],[-113.9640305571619,50.85465060701948],[-113.96409871268843,50.85470687412841],[-113.96415043519089,50.85474287079223],[-113.96421102364795,50.85478503683674],[-113.96430880004964,50.85483884524141],[-113.96484225970188,50.855042767142315],[-113.96488639529358,50.85505048997077],[-113.96505075918645,50.85509978276266],[-113.96505590970082,50.85510140284796],[-113.96540178234909,50.85521020693353],[-113.9655449210102,50.85524820902373],[-113.9657440920062,50.85529632492034],[-113.96601674260411,50.855352936586634],[-113.96602232444421,50.85535388660373],[-113.96649049259474,50.85543353238407],[-113.96673715647505,50.85548015088685],[-113.9668828766847,50.85550593338469],[-113.96696025677467,50.85551962389076],[-113.96722504506768,50.855569388671846],[-113.96733374742168,50.8555880874402],[-113.96745590138347,50.85560910029899],[-113.96762580126715,50.855633823676904],[-113.96781689075989,50.8556457880888],[-113.96790352572604,50.855621741637016],[-113.96797169938128,50.855573142030146],[-113.96802806880754,50.85550683161833],[-113.96805469374357,50.855411361024096],[-113.9680396843474,50.85532198543929],[-113.96803049879568,50.855267291136926],[-113.96805479709381,50.85520059814333],[-113.96817034077088,50.85507285118422],[-113.96821653796587,50.85504591530933],[-113.96829589451586,50.854999644644046],[-113.96831023525954,50.85499128311315],[-113.96838402901538,50.85496490061855],[-113.96878326624238,50.854768083404714],[-113.96901056196262,50.8546636166707],[-113.96907817820306,50.85461568623916],[-113.96909034806664,50.85460985237827],[-113.96921274764757,50.85455117262133],[-113.96928934529078,50.85451746408366],[-113.96951524276419,50.85448452693735],[-113.96971341907847,50.85445048994384],[-113.96988190043166,50.85444224111124],[-113.97004968108837,50.85441379293958],[-113.97007835188235,50.854408931394346],[-113.97017710902965,50.85441834970541],[-113.97020944529658,50.85442620300788],[-113.97025041097025,50.85443615308695],[-113.97066905879603,50.85454951520688],[-113.97077838761828,50.854572638136],[-113.97082098336865,50.85459106550902],[-113.9708819662642,50.85461744608516],[-113.9712885646531,50.85472305258654],[-113.97146418737441,50.854762809194504],[-113.97157478209405,50.85479562289163],[-113.97206650532296,50.85491805375451],[-113.97252391955396,50.85504894317719],[-113.97260902349751,50.85508082972023],[-113.9729169421948,50.85516728061354],[-113.97320730629228,50.855261610215834],[-113.97317943586157,50.85522704020573],[-113.97216059477404,50.8539632329263],[-113.97224490968966,50.8539854585264],[-113.97272397388151,50.85405380625562],[-113.97293731626716,50.85410358653852],[-113.97409590941692,50.85449710345134],[-113.97515758062346,50.85489949020963],[-113.9754435935161,50.85501544527904],[-113.97644921325498,50.85542727743186],[-113.97715714133027,50.855754806429196],[-113.97855406369398,50.8564763415737],[-113.97890542607244,50.856616561601626],[-113.9793839607219,50.856864961466854],[-113.97989172185036,50.85708719987257],[-113.98028942614593,50.85720314216215],[-113.98115184448461,50.85759385802051],[-113.9822391616442,50.85799923937478],[-113.98256336121453,50.85815641291177],[-113.98318880061436,50.858489929603806],[-113.98376849727498,50.8588564130004],[-113.98427057449216,50.85928306467333],[-113.98449527163751,50.85951418066913],[-113.9850091540673,50.86027568996991],[-113.9858620391496,50.861754374225384],[-113.98607257990518,50.86216266448568],[-113.98618231659468,50.862467490501004],[-113.9864378385064,50.86286449048605],[-113.98647697374204,50.862986109880495],[-113.98647908485455,50.86316692922418],[-113.98646857432787,50.86336182568616],[-113.9864900830625,50.863524336261584],[-113.98674260668517,50.86409813483103],[-113.98687501866456,50.864283232323075],[-113.98775167677103,50.86569353572892],[-113.98823935487069,50.866307097258975],[-113.98864439921317,50.866789277749234],[-113.98886232284501,50.86701918721421],[-113.98904798639066,50.867263819539204],[-113.98948053471321,50.86772033585689],[-113.9898240393229,50.86805676800903],[-113.98995401897842,50.86834778727388],[-113.99003690311886,50.868473199925724],[-113.99024636065361,50.86870028318163],[-113.99053648323701,50.869066858579515],[-113.99066215477893,50.86917067116487],[-113.99083263885025,50.86924419363594],[-113.99103385141343,50.86929757364712],[-113.99135630289335,50.86945902629203],[-113.99180110968953,50.86972098686599],[-113.99240273556553,50.87024450961526],[-113.99252067146166,50.870380831800496],[-113.99267575513635,50.87061027782057],[-113.99290345177093,50.87083164510407],[-113.99298441881756,50.870962464870935],[-113.99303128973274,50.8711117806759],[-113.99290525164899,50.87120704479359],[-113.9926327228204,50.87120470912083],[-113.99241202525994,50.87123892895366],[-113.99230450909505,50.871343148277994],[-113.99233399981222,50.871498709970574],[-113.99246440579213,50.87177941889844],[-113.99330292304683,50.87307446508517],[-113.99357879992235,50.87358446621662],[-113.99374477384126,50.873891290541685],[-113.9938347038763,50.87401139370867],[-113.9940152715286,50.87461070334031],[-113.99405860056542,50.8749841611513],[-113.9940605422777,50.87500023947092],[-113.99406692840013,50.87505590323758],[-113.9940677868687,50.8751278454478],[-113.994072909376,50.8755590971996],[-113.99420080600356,50.87583814133214],[-113.99430974806651,50.8768524513018],[-113.99433375500257,50.87761171596143],[-113.99433375672305,50.87761176815636],[-113.99434329024218,50.8779128593511],[-113.99442504457838,50.87840061550741],[-113.99443076096996,50.87857371826444],[-113.99438663161084,50.879482743615576],[-113.99425266986708,50.88015016301686],[-113.99421637427291,50.880677982014994],[-113.99420958765009,50.8815734470643],[-113.99437838800063,50.88254522766899],[-113.99433078727834,50.882699143711164],[-113.9942512774339,50.88283469270714],[-113.99423127728575,50.883196730986214],[-113.99441457329951,50.883981601253105],[-113.99458776826069,50.884406679144],[-113.9948314959801,50.88483173077723],[-113.99483154398693,50.88483181305932],[-113.99512565790093,50.88534474985971],[-113.99570243923519,50.886085975863814],[-113.99608310935442,50.88639526649629],[-113.99651807762541,50.88667334398047],[-113.99670943316902,50.88674066640179],[-113.9969151359572,50.88679082761529],[-113.99737536786668,50.8868691048464],[-113.99835853477852,50.88710411196887],[-113.99864448465458,50.88717245968106],[-113.9988538138776,50.88722249203156],[-113.99988523831169,50.8873616594881],[-114.00000000023006,50.88737713703349],[-114.00011278663054,50.887392350138654],[-114.00031305743015,50.88741936915715],[-114.00087608999199,50.88752373112762],[-114.00099150301195,50.88751831157902],[-114.00128401178802,50.88753577585504],[-114.00152811669315,50.88756091147606],[-114.0015281947514,50.887560919340984],[-114.00181402641901,50.88759035626147],[-114.00191122583321,50.88760036297974],[-114.00284719933413,50.88780376366857],[-114.00320693566182,50.8879571828683],[-114.00378842486997,50.88810958867739],[-114.00414893570378,50.88833039571345],[-114.00446329659563,50.888609395361854],[-114.00484314879655,50.88882203346233],[-114.00534762548489,50.88896122737741],[-114.00554760585898,50.88911943335227],[-114.0056901164188,50.88928731106666],[-114.00579886373917,50.889466163819954],[-114.0068707808443,50.89055464079706],[-114.0072165486913,50.89116646625789],[-114.00750932105348,50.89145044956716],[-114.00777269127367,50.891705909673014],[-114.00832090372364,50.89208285853279],[-114.00852250372557,50.892221483951644],[-114.00859197404642,50.892263903391594],[-114.00883588334105,50.892412852148034],[-114.00910973579788,50.89249514819157],[-114.00928268329034,50.89252408345113],[-114.00955924539294,50.892668419077125],[-114.0097832061374,50.892850748266234],[-114.00990841312183,50.89308772922426],[-114.01008162537514,50.89341556922712],[-114.01022485811745,50.893738988465294],[-114.01025619364098,50.89380974112069],[-114.01032235392715,50.89395911826607],[-114.01033028590523,50.89398441270272],[-114.0016658536156,50.895515628824654],[-113.99853716376752,50.89602402552743],[-113.99180111795016,50.89719605597671],[-113.99136555707385,50.89727118955725],[-113.98067244738523,50.89915399280272],[-113.97530341113806,50.90008337426666],[-113.97292713769141,50.900466705257934],[-113.95712988454929,50.90327827811644],[-113.94722832456367,50.904952412572484],[-113.94348643858937,50.90560641924952],[-113.94167287548304,50.90589467738425],[-113.94010147686585,50.906127977158185],[-113.9382891712362,50.90635906518348],[-113.9362058463564,50.90658765586659],[-113.93415521959712,50.906702251614924],[-113.93291933978006,50.90674809003127],[-113.93156130133904,50.9068362958308],[-113.93041704951182,50.90683581870649],[-113.92957302735645,50.90688884125835],[-113.92918120219134,50.90692797536047],[-113.92855342400391,50.906955234693974],[-113.92698973834304,50.90700418024972],[-113.9250962282554,50.907010005932854],[-113.92305569147805,50.9070144456051],[-113.92112488719397,50.907043109066784],[-113.91823921248609,50.90702802862718],[-113.91428651744751,50.907049448320215],[-113.91248516876489,50.90704430471964],[-113.91068382233152,50.90703913333962],[-113.9059976284157,50.90698369076144],[-113.90494952204445,50.90699710968668],[-113.90391952070395,50.90702231186839],[-113.9028705936801,50.907070571572206],[-113.90226356247777,50.90708811065281],[-113.9003887043556,50.907082089148325],[-113.89816452384787,50.90708734078884],[-113.89623424214876,50.907107375532696],[-113.89446671243307,50.90711218514023],[-113.88814900430263,50.907129158468805],[-113.88293120444601,50.90714265914381],[-113.87022480494676,50.90715785819859],[-113.86105450407224,50.9071774591],[-113.8601245782893,50.90717945877619],[-113.8601353071612,50.90687353764857],[-113.8601328344038,50.90635840374173],[-113.85999045149259,50.90553742238788],[-113.85999238128463,50.905253949071465],[-113.85997589388204,50.89972315571051],[-113.85997576849782,50.899678189389434],[-113.85997565667758,50.89963325019036],[-113.85996189442288,50.89245130024286],[-113.85996214721493,50.89227082133936],[-113.85994939794318,50.88576696721237],[-113.85994829571108,50.88563207883757],[-113.85994781833793,50.88506139035101],[-113.8599366287864,50.87785386170904],[-113.8599354300759,50.876978772731306],[-113.85993527987279,50.8768654674301],[-113.85992734795865,50.87060537230699],[-113.85991851906955,50.863356950587495],[-113.85991836513647,50.863176169951636],[-113.85990272688993,50.858037178703555],[-113.85990183791532,50.85774314141412],[-113.85998656266452,50.8577649205649],[-113.86010896756572,50.857781509557256],[-113.86028202302829,50.857790281060765],[-113.86033868089017,50.85777334483078],[-113.86037525360982,50.857737192554744],[-113.86040099129805,50.85767029356839],[-113.86042693107075,50.857582271444016],[-113.8604895890168,50.857496434176014],[-113.86053937335568,50.857432576021004],[-113.86062164265712,50.85733463170232],[-113.86073070601347,50.85726230244726],[-113.86090925880077,50.85721746869148],[-113.86104965230709,50.85717708536952],[-113.86121548261504,50.85715269429054],[-113.86135611544384,50.85714973912707],[-113.86141499836926,50.85716103767617],[-113.86155801728269,50.85719259882129],[-113.86163564261979,50.85720997291995],[-113.86163624485542,50.85721010744703],[-113.86169575231915,50.857223432600364],[-113.86178722524133,50.85724447196471],[-113.86183295818104,50.857254991585506],[-113.86197313373263,50.85728893559857],[-113.86210854709584,50.85732641368706],[-113.86224468912349,50.857356737364555],[-113.86238599256215,50.857388748592484],[-113.86252205651715,50.85741703793425],[-113.86266518739455,50.85744814897328],[-113.8627977920664,50.8574830978079],[-113.86337882768365,50.85763872396897],[-113.86351414221244,50.8576721689425],[-113.86378978281205,50.85775336694403],[-113.86432495727998,50.857907192345934],[-113.86445785441225,50.857941791258604],[-113.86457925747393,50.857977181456555],[-113.86471370366172,50.85801637355635],[-113.8648378155938,50.8580448273076],[-113.86555780686436,50.85820989021813],[-113.86595316138568,50.85832386466395],[-113.86599930527082,50.85833451798818],[-113.86723135526078,50.85861896844952],[-113.86815599346222,50.85876025210732],[-113.86950978843863,50.8589043351437],[-113.87000377389737,50.858956906056015],[-113.87129076810518,50.85909385834422],[-113.87261392250194,50.85918638100289],[-113.8728963679337,50.85918774889083],[-113.87314164470392,50.85920783914324],[-113.87336732281052,50.85924627101772],[-113.87361801303742,50.85924736118016],[-113.87469792310159,50.859045568478805],[-113.87587976072119,50.858923458612814],[-113.87690151644601,50.858861851750895],[-113.8774546968995,50.85886605216463],[-113.87797689006175,50.85881748436936],[-113.87827351051882,50.85883402605654],[-113.87849834235972,50.858874354358015],[-113.87867237460048,50.85894090343483],[-113.87908960569276,50.859207367787995],[-113.87960248452876,50.85941485811944],[-113.88041561983741,50.85961487100077],[-113.8806287865295,50.8596515997555],[-113.88110852331344,50.85969324489578],[-113.88147275415933,50.859817477027555],[-113.88191142545809,50.85990002624607],[-113.88267629719556,50.8599811486169],[-113.8829620389474,50.8600114578488],[-113.88305557892687,50.86002002099547],[-113.88358542669438,50.8600685258514],[-113.88461956225574,50.86016318692768],[-113.88486959981947,50.86015525809728],[-113.88508106509472,50.86019830958259],[-113.88585734229582,50.86023979976842],[-113.88614404457886,50.86024116181095],[-113.88662056134045,50.86019494161568],[-113.88683440589885,50.86023801891393],[-113.88787522617729,50.860302890936275],[-113.88839218679108,50.86032100705985],[-113.8886349097826,50.8603024258158],[-113.88885224486741,50.86026088398667],[-113.88965905742616,50.86028726520311],[-113.89065559960031,50.86035331592536],[-113.89092145167547,50.86034709706868],[-113.8914068781882,50.86039614823427],[-113.89150063920802,50.86039512526311],[-113.89193910818463,50.860397695886874],[-113.89219952932811,50.86038749731189],[-113.89245204243124,50.86037760816393],[-113.89271407231843,50.860381878636026],[-113.89272022921071,50.860381979336765],[-113.89315215411574,50.860356850983536],[-113.89373541294206,50.86032291657008],[-113.89396762514967,50.86029049930728],[-113.89425542691703,50.86027682472429],[-113.89437352879504,50.86027112239236],[-113.89438334606749,50.86027073857601],[-113.89554025065455,50.86022544952771],[-113.89629254158399,50.86019599342949],[-113.8966842381981,50.86009189027767],[-113.89675164628669,50.8600827148835],[-113.89714179389276,50.86002960658453],[-113.89751455387297,50.85996363124992],[-113.8978095796909,50.85991141241289],[-113.89819467743636,50.8598395290721],[-113.8985953226651,50.85974185204461],[-113.899935831976,50.859542000049714],[-113.90005535582878,50.859505897590886],[-113.90012671674245,50.859484342125704],[-113.90024761832579,50.859418181142615],[-113.90023638127876,50.85931493582008],[-113.90038850890329,50.859232625766005],[-113.9007660713817,50.859121529319545],[-113.90090431016368,50.859058135488205],[-113.90083661325112,50.85894384498518],[-113.90084881291716,50.85888316680139],[-113.90086406933955,50.8588091573748],[-113.90098947522895,50.85870213116317],[-113.9011018775685,50.85860646390226],[-113.90137338034032,50.85824956781767],[-113.90172849010955,50.857930916411505],[-113.9019437929448,50.857705251483615],[-113.90206197055312,50.85761084408701],[-113.90244771539894,50.8573026836077],[-113.90284971012582,50.85702038076787],[-113.90285760479722,50.85701582351036],[-113.90285766242074,50.857015790764464],[-113.90419317479005,50.856244742642474],[-113.90419477253508,50.856243766213744],[-113.90449671861805,50.8560975390826],[-113.90483115376642,50.855935576832124],[-113.90490693084051,50.85588134536011],[-113.9050906240511,50.855749928354946],[-113.90558169560755,50.85552505608879],[-113.90558351684173,50.855523819934284],[-113.90576955961447,50.8554106583187],[-113.90577006072763,50.85541044169965],[-113.90577021432118,50.85546218290578],[-113.90605551633422,50.85534378968303],[-113.90607853795129,50.85533423511765],[-113.90616770147564,50.85528790142073],[-113.90622861752558,50.85524970578529],[-113.90642360467672,50.85514657816194],[-113.9067323088579,50.85499124639818],[-113.90711869673925,50.85477949459149],[-113.90726808696388,50.85469085499511],[-113.90740871110684,50.8546136038723],[-113.9075550443652,50.85454504281441],[-113.90795771462005,50.85437216226537],[-113.90822635873371,50.85426238860543],[-113.90856288156536,50.85414777922422],[-113.90898666757036,50.854043008374695],[-113.90925851978119,50.85398257300772],[-113.90974205718382,50.85389531657705],[-113.9098128569342,50.85388592873867],[-113.91009189848839,50.85382916625536],[-113.91012653996333,50.85382834720952],[-113.91016701507657,50.853822985342276],[-113.9103470108402,50.85378740201456],[-113.91055235239168,50.85374002740172],[-113.91084387982532,50.85365542617932],[-113.91093427996985,50.85363193390403],[-113.91111646270646,50.85359270816325],[-113.91124799903716,50.8535702292355],[-113.91130002085316,50.85356398506984],[-113.91139820641992,50.85355831456792],[-113.91171113573941,50.85350667844287],[-113.91204347665914,50.85346552272253],[-113.91223715251395,50.853434994188525],[-113.91238314081087,50.85340890608338],[-113.91251544286239,50.853380953903496],[-113.91261526731589,50.85335245604519],[-113.91270203538085,50.853331682436206],[-113.91299909776089,50.85327588072079],[-113.91321950751788,50.85324040040657],[-113.91354466281535,50.8531933427689],[-113.91399537735191,50.85314664396229],[-113.91408142355351,50.853128146862616],[-113.91422016914098,50.85310478702695],[-113.91442098420968,50.85308250825457],[-113.914704004154,50.85307004430785],[-113.91506048280242,50.85307743541049],[-113.91517012360873,50.853086406829064],[-113.91525589638385,50.853099889425664],[-113.91530783348476,50.8531027652949],[-113.9156330757198,50.85313701530408],[-113.91589284177552,50.85314548442532],[-113.91602408900631,50.853160458599575],[-113.91611208869317,50.85316617914595],[-113.91635244010907,50.853165469366985],[-113.91648801132534,50.85317908059259],[-113.91664602132023,50.85318545973878],[-113.91686251897848,50.853187424384856],[-113.91694908324737,50.85319314896989],[-113.91703923323655,50.85320299124627],[-113.91710633107903,50.85320544021594],[-113.91725214260487,50.85320402220446],[-113.91741661293334,50.853213141248716],[-113.91748855841287,50.85321370068868],[-113.91749024726775,50.853213806321264],[-113.917633891,50.85320964173843],[-113.91788143411416,50.85321077684836],[-113.91807994601776,50.85320812810962],[-113.9182893002925,50.85320002860099],[-113.91843941890647,50.85320226568335],[-113.91884151778187,50.853188304230194],[-113.91894684565567,50.85319452504684],[-113.91916916200041,50.85319194202611],[-113.9193069917536,50.853196421297646],[-113.91954951339133,50.85319343988079],[-113.9197935195116,50.85318587441253],[-113.91988740674421,50.85317792671543],[-113.92003263455858,50.853156851142806],[-113.92028201571928,50.85310730204621],[-113.92049007501842,50.85308138223912],[-113.92059632000623,50.85306203257428],[-113.9207821263743,50.85302053114104],[-113.92098951830465,50.85298593240228],[-113.92103581284127,50.85297281058544],[-113.92108794939497,50.85295103490423],[-113.92111499633641,50.85290542903354],[-113.92141452118632,50.852715813420346],[-113.92145081951072,50.852684399724936],[-113.92163981710733,50.85253954591638],[-113.92173343535083,50.85249450106318],[-113.92178888970759,50.85247241385284],[-113.92185233332475,50.85245578942127],[-113.92199232985682,50.852437092181276],[-113.9222606268809,50.852390216472095],[-113.92233282213945,50.85237760234051],[-113.92258885928622,50.85235217673185],[-113.92283082502333,50.85232814830895],[-113.92307324665745,50.85229042259412],[-113.92326742435483,50.8522752197015],[-113.92332086702045,50.8522768823526],[-113.92335389442692,50.852280118174875],[-113.92347913377282,50.85229238622095]]]}},{"type":"Feature","properties":{"name":"Calgary-Shaw","originalGeometryName":"Calgary-Shaw","displayName":"Calgary-Shaw","divisionNumber":23,"sourceProperties":{"EDNumber20":23,"EDName2017":"Calgary-Shaw","Km2":40.16037369,"Hectares":4016.03735352,"Acres":9923.84472656,"Authority":"Legislative Assembly of Alberta","Shape_Leng":30357.271633,"Shape_Area":40160373.4286},"level":"provincial","effectiveFrom":"2019-03-19","sourceUrl":"https://www.elections.ab.ca/resources/maps/","licenceUrl":"https://www.elections.ab.ca/terms-conditions/","geometryProcessing":"Original source vertices, coordinate projection converted to WGS84 for GeoJSON; no simplification, repair or rounding. Original source attributes retained separately."},"geometry":{"type":"Polygon","coordinates":[[[-114.07213712657565,50.912751740629595],[-114.07115417877405,50.91272838248574],[-114.07039060798124,50.91280001866577],[-114.06994721240537,50.91284311527338],[-114.06960183284167,50.9129025336354],[-114.06920728898886,50.912961559935084],[-114.0684163368431,50.913172848448134],[-114.06749380532044,50.91339303357319],[-114.06743509377736,50.913316394157036],[-114.06707024068945,50.912732680207284],[-114.06690935785629,50.91249336300825],[-114.06631044672166,50.91156500892691],[-114.06584326510378,50.910828132378626],[-114.06534636548992,50.9100719730683],[-114.06492362384674,50.9093735331519],[-114.06448583679973,50.908674971030706],[-114.06390207823311,50.90774672605256],[-114.06344983856675,50.907019480036624],[-114.06314378096029,50.90651239515518],[-114.06277846030854,50.90595722694303],[-114.06253510499845,50.905524059554004],[-114.06240130574906,50.90529695811721],[-114.06228700551688,50.90511365871757],[-114.06210695035662,50.90487137985332],[-114.06187425533739,50.904493204915916],[-114.0615537488766,50.903957435582036],[-114.0611884667778,50.90340226325991],[-114.06091160868414,50.90294301365497],[-114.06054691823807,50.90235927916831],[-114.0602397708157,50.90190930600296],[-114.05993320583508,50.90143077188451],[-114.05961235873522,50.90091403697643],[-114.0593202849642,50.90046418175347],[-114.05896991807853,50.89991864319768],[-114.05859060415655,50.899315741396286],[-114.05821187604948,50.89868427999897],[-114.05787620553589,50.89815789938895],[-114.05755597980945,50.89761259862916],[-114.0572637539153,50.89717225857615],[-114.05705973723475,50.89683736491757],[-114.05700125421635,50.89675119987966],[-114.05640273856686,50.89582279552445],[-114.05570292107204,50.894693620128656],[-114.05510522630645,50.89372712945779],[-114.05466734621369,50.89304757005041],[-114.05441989954707,50.8926435035933],[-114.0543902269429,50.89260734464753],[-114.05393113440446,50.89260947442299],[-114.05273876672408,50.89262705447573],[-114.05179105754351,50.89261936034845],[-114.05082899154087,50.89261154179151],[-114.05001092078312,50.892595862814886],[-114.04946477420265,50.892604982860945],[-114.04873944891051,50.89260815832098],[-114.04779375363707,50.892609516636995],[-114.04750790307833,50.89261166218062],[-114.04650613098593,50.892612646060485],[-114.04521352666369,50.89261570524033],[-114.04483291424603,50.89261713390539],[-114.0419674981948,50.89269270464004],[-114.04004479820178,50.892760712940806],[-114.03871912354771,50.89279170613083],[-114.0360690639909,50.89279080468309],[-114.03358460761464,50.89279121416363],[-114.02927853771752,50.89277643717433],[-114.0275222933241,50.89280372197653],[-114.02609812224135,50.892791849026786],[-114.02450791558827,50.89279952246629],[-114.02265230744484,50.89282590272918],[-114.0203992546233,50.89284891984897],[-114.01837627987072,50.892957632055186],[-114.0172819894369,50.89301127843172],[-114.01621949172264,50.893128034986695],[-114.01489070115743,50.893305389279845],[-114.01359546255205,50.893462059952135],[-114.01249849600329,50.89364134482067],[-114.01160113377158,50.89378040734746],[-114.01086981516156,50.893899918899386],[-114.01033028590523,50.89398441270272],[-114.01032235392715,50.89395911826607],[-114.01025619364098,50.89380974112069],[-114.01022485811745,50.893738988465294],[-114.01008162537514,50.89341556922712],[-114.00990841312183,50.89308772922426],[-114.0097832061374,50.892850748266234],[-114.00955924539294,50.892668419077125],[-114.00928268329034,50.89252408345113],[-114.00910973579788,50.89249514819157],[-114.00883588334105,50.892412852148034],[-114.00859197404642,50.892263903391594],[-114.00852250372557,50.892221483951644],[-114.00832090372364,50.89208285853279],[-114.00777269127367,50.891705909673014],[-114.00750932105348,50.89145044956716],[-114.0072165486913,50.89116646625789],[-114.0068707808443,50.89055464079706],[-114.00579886373917,50.889466163819954],[-114.0056901164188,50.88928731106666],[-114.00554760585898,50.88911943335227],[-114.00534762548489,50.88896122737741],[-114.00484314879655,50.88882203346233],[-114.00446329659563,50.888609395361854],[-114.00414893570378,50.88833039571345],[-114.00378842486997,50.88810958867739],[-114.00320693566182,50.8879571828683],[-114.00284719933413,50.88780376366857],[-114.00191122583321,50.88760036297974],[-114.00181402641901,50.88759035626147],[-114.0015281947514,50.887560919340984],[-114.00152811669315,50.88756091147606],[-114.00128401178802,50.88753577585504],[-114.00099150301195,50.88751831157902],[-114.00087608999199,50.88752373112762],[-114.00031305743015,50.88741936915715],[-114.00011278663054,50.887392350138654],[-114.00000000023006,50.88737713703349],[-113.99988523831169,50.8873616594881],[-113.9988538138776,50.88722249203156],[-113.99864448465458,50.88717245968106],[-113.99835853477852,50.88710411196887],[-113.99737536786668,50.8868691048464],[-113.9969151359572,50.88679082761529],[-113.99670943316902,50.88674066640179],[-113.99651807762541,50.88667334398047],[-113.99608310935442,50.88639526649629],[-113.99570243923519,50.886085975863814],[-113.99512565790093,50.88534474985971],[-113.99483154398693,50.88483181305932],[-113.9948314959801,50.88483173077723],[-113.99458776826069,50.884406679144],[-113.99441457329951,50.883981601253105],[-113.99423127728575,50.883196730986214],[-113.9942512774339,50.88283469270714],[-113.99433078727834,50.882699143711164],[-113.99437838800063,50.88254522766899],[-113.99420958765009,50.8815734470643],[-113.99421637427291,50.880677982014994],[-113.99425266986708,50.88015016301686],[-113.99438663161084,50.879482743615576],[-113.99443076096996,50.87857371826444],[-113.99442504457838,50.87840061550741],[-113.99434329024218,50.8779128593511],[-113.99433375672305,50.87761176815636],[-113.99433375500257,50.87761171596143],[-113.99430974806651,50.8768524513018],[-113.99420080600356,50.87583814133214],[-113.994072909376,50.8755590971996],[-113.9940677868687,50.8751278454478],[-113.99406692840013,50.87505590323758],[-113.9940605422777,50.87500023947092],[-113.99405860056542,50.8749841611513],[-113.9940152715286,50.87461070334031],[-113.9938347038763,50.87401139370867],[-113.99374477384126,50.873891290541685],[-113.99357879992235,50.87358446621662],[-113.99330292304683,50.87307446508517],[-113.99246440579213,50.87177941889844],[-113.99233399981222,50.871498709970574],[-113.99230450909505,50.871343148277994],[-113.99241202525994,50.87123892895366],[-113.9926327228204,50.87120470912083],[-113.99290525164899,50.87120704479359],[-113.99303128973274,50.8711117806759],[-113.99298441881756,50.870962464870935],[-113.99290345177093,50.87083164510407],[-113.99267575513635,50.87061027782057],[-113.99252067146166,50.870380831800496],[-113.99240273556553,50.87024450961526],[-113.99180110968953,50.86972098686599],[-113.99135630289335,50.86945902629203],[-113.99103385141343,50.86929757364712],[-113.99083263885025,50.86924419363594],[-113.99066215477893,50.86917067116487],[-113.99053648323701,50.869066858579515],[-113.99024636065361,50.86870028318163],[-113.99003690311886,50.868473199925724],[-113.98995401897842,50.86834778727388],[-113.9898240393229,50.86805676800903],[-113.98948053471321,50.86772033585689],[-113.98904798639066,50.867263819539204],[-113.98886232284501,50.86701918721421],[-113.98864439921317,50.866789277749234],[-113.98823935487069,50.866307097258975],[-113.98775167677103,50.86569353572892],[-113.98687501866456,50.864283232323075],[-113.98674260668517,50.86409813483103],[-113.9864900830625,50.863524336261584],[-113.98646857432787,50.86336182568616],[-113.98647908485455,50.86316692922418],[-113.98647697374204,50.862986109880495],[-113.9864378385064,50.86286449048605],[-113.98618231659468,50.862467490501004],[-113.98607257990518,50.86216266448568],[-113.9858620391496,50.861754374225384],[-113.9850091540673,50.86027568996991],[-113.98449527163751,50.85951418066913],[-113.98427057449216,50.85928306467333],[-113.98376849727498,50.8588564130004],[-113.98318880061436,50.858489929603806],[-113.98256336121453,50.85815641291177],[-113.9822391616442,50.85799923937478],[-113.98115184448461,50.85759385802051],[-113.98028942614593,50.85720314216215],[-113.97989172185036,50.85708719987257],[-113.9793839607219,50.856864961466854],[-113.97890542607244,50.856616561601626],[-113.97855406369398,50.8564763415737],[-113.97715714133027,50.855754806429196],[-113.97644921325498,50.85542727743186],[-113.9754435935161,50.85501544527904],[-113.97515758062346,50.85489949020963],[-113.97409590941692,50.85449710345134],[-113.97293731626716,50.85410358653852],[-113.97272397388151,50.85405380625562],[-113.97224490968966,50.8539854585264],[-113.97216059477404,50.8539632329263],[-113.9720941262495,50.853880780052805],[-113.97211111761203,50.85384360274117],[-113.97222794711101,50.853590738124154],[-113.97261309504673,50.8527453253961],[-113.97261512045365,50.85274079093731],[-113.9726151399341,50.85274074522604],[-113.97261702977573,50.852736235663954],[-113.97261706581561,50.85273614781436],[-113.97261883426211,50.85273166507304],[-113.97261888696028,50.85273153058767],[-113.97262053961647,50.85272707831509],[-113.97262060317044,50.85272690254082],[-113.97262212594534,50.852722475215025],[-113.9726221989539,50.85272225723989],[-113.97262360883978,50.85271785770939],[-113.97262369144127,50.852717591236974],[-113.9726249769124,50.85271322659763],[-113.97262506330439,50.852712916974795],[-113.97262623724826,50.85270858284176],[-113.97262633043077,50.85270822289764],[-113.97262738982766,50.8527039273413],[-113.97262748387968,50.852703527819706],[-113.97262843176917,50.85269926187019],[-113.97262852546733,50.852698813763716],[-113.97262936165181,50.85269458641594],[-113.9726294535752,50.852694089712074],[-113.97263018085712,50.85268990279],[-113.9726302665847,50.85268936464715],[-113.9726308879246,50.85268521277888],[-113.97263096895642,50.85268462961159],[-113.97263148427528,50.852680516395075],[-113.97263155642746,50.85267988456786],[-113.97263197133013,50.85267581365111],[-113.97263203162245,50.85267513943538],[-113.97263235043111,50.85267110815743],[-113.97263239906115,50.85267038255827],[-113.9726326144932,50.852666398952],[-113.97263264711906,50.85266562552988],[-113.97263276489787,50.85266168784634],[-113.97263277986141,50.85266087738256],[-113.97263280444756,50.852656976664406],[-113.97263280056498,50.852656118352634],[-113.97263273314228,50.8526522654062],[-113.97263270620999,50.85265135651044],[-113.97263254956113,50.85264755405924],[-113.972632499342,50.852646605373344],[-113.97263225364486,50.85264284532198],[-113.97263217739575,50.852641852323465],[-113.97263185387975,50.85263814106843],[-113.97263184801993,50.85263808433814],[-113.9726313374969,50.852633440286546],[-113.97263120220167,50.852632353203376],[-113.9726307072988,50.85262874480031],[-113.97263054025022,50.85262761515349],[-113.97262996752858,50.85262405554673],[-113.97262976442428,50.85262288509769],[-113.97262911954793,50.85261937523679],[-113.9726290953163,50.852619249070784],[-113.97262815769281,50.85261470292096],[-113.9726278810957,50.852613449055994],[-113.97262708904833,50.85261003956125],[-113.97262705909334,50.85260991514418],[-113.97262590645039,50.852605387793595],[-113.97262554369041,50.852604045003226],[-113.9726246141817,50.85260074675605],[-113.97262420824148,50.852599364000376],[-113.97262321360394,50.85259611915955],[-113.97262276156255,50.852594700011544],[-113.97262170329618,50.852591504991615],[-113.97262120241052,50.85259004492878],[-113.9726200831992,50.85258690695066],[-113.97261952922614,50.852585405036],[-113.97261835619445,50.85258232326277],[-113.97261822695579,50.85258199554767],[-113.97261652222268,50.85257775662639],[-113.97261645875753,50.852577604924434],[-113.97261457700125,50.85257320790344],[-113.9726144699823,50.85257296855084],[-113.97261252331288,50.85256867981746],[-113.97261174662867,50.85256702929717],[-113.97261036405875,50.852564169694965],[-113.97260952844532,50.85256248446869],[-113.97260809773891,50.85255968112138],[-113.97260720025551,50.85255796566155],[-113.97260572717555,50.852555215021226],[-113.97260476651981,50.85255346391841],[-113.97260325092795,50.85255077228147],[-113.9726022227975,50.85254898729709],[-113.97260067185785,50.85254635202765],[-113.97260039758648,50.852545897982665],[-113.97259798564309,50.85254195692067],[-113.97259681826085,50.85254010593463],[-113.97259519650704,50.85253758879705],[-113.97259395728845,50.85253570838934],[-113.9725923044695,50.85253324675727],[-113.97259200560721,50.85253281228834],[-113.97258930947122,50.85252893349982],[-113.97258904336816,50.85252856049629],[-113.97258621295292,50.85252464813768],[-113.97258474966013,50.8525226811889],[-113.97258301625656,50.85252039428133],[-113.97258265003816,50.852519920533894],[-113.97257971944143,50.852516169232295],[-113.97257945657371,50.85251584303967],[-113.97257632102729,50.852511975676514],[-113.97257618949465,50.85251181707762],[-113.97257282377704,50.85250781723694],[-113.9725710399434,50.85250575570039],[-113.97256922773025,50.8525036921146],[-113.97256862155382,50.852503013830535],[-113.97256553716956,50.85249959944753],[-113.97256358657248,50.85249749505818],[-113.97256174917399,50.85249554280866],[-113.9725613004218,50.85249507373247],[-113.97255786656575,50.852491523122474],[-113.97255746890687,50.852491121970765],[-113.97255388648315,50.85248754126342],[-113.97255342731007,50.85248709368737],[-113.97254981461006,50.85248359728157],[-113.97254930223119,50.852483113250564],[-113.97254564950576,50.85247969206386],[-113.97254500024465,50.85247909886824],[-113.97254139115051,50.85247582650977],[-113.97254090462373,50.852475394886746],[-113.97253704376766,50.852472002455805],[-113.97253445194941,50.85246977996265],[-113.97253260307457,50.852468220763924],[-113.97252991767115,50.85246598845007],[-113.97252807621558,50.852464479697666],[-113.9725271629375,50.85246374203079],[-113.9725234645524,50.85246078196802],[-113.97252292241095,50.85246035885187],[-113.9725187609209,50.85245713021088],[-113.97251577765128,50.85245487098324],[-113.97251397246544,50.8524535226898],[-113.97251321302055,50.85245296361068],[-113.97250909916625,50.852449960304256],[-113.97250591708209,50.85244769392791],[-113.97250414096403,50.85244644575273],[-113.97250086227501,50.852444177626005],[-113.9724991035624,50.852442978185756],[-113.97249816239552,50.85244234553357],[-113.9724939841392,50.8524395566788],[-113.97249049516927,50.85243728580063],[-113.97248878115492,50.852436186616295],[-113.9724851855544,50.85243391749807],[-113.97248349891191,50.85243286623673],[-113.97247979958208,50.852430596205046],[-113.97247814167308,50.852429595577696],[-113.97247434404078,50.85242733637589],[-113.97247270655697,50.85242637641311],[-113.97246879941271,50.852424120745184],[-113.97246719640547,50.85242320876797],[-113.97246318395284,50.85242095936992],[-113.97246161265937,50.852420091755306],[-113.97246141041342,50.85241998201508],[-113.97245595519999,50.852417030772045],[-113.97245172340723,50.852414802833486],[-113.9724502226262,50.85241402490617],[-113.97244589107056,50.85241180958389],[-113.97244442210203,50.852411071521715],[-113.97243997373204,50.8524088686656],[-113.97243855070653,50.85240817419167],[-113.97243399404793,50.85240598387675],[-113.97243261414324,50.85240533206655],[-113.97242794625532,50.85240315876523],[-113.97242660953074,50.8524025469203],[-113.97242183880088,50.85240039700405],[-113.97242053967142,50.85239982057693],[-113.97241565911341,50.85239768858622],[-113.97241440604547,50.852397150350434],[-113.9724094098767,50.8523950407327],[-113.97240820855409,50.85239454073828],[-113.97240310962245,50.852392450907615],[-113.97240195444039,50.852391985506586],[-113.97239674266082,50.85238992167182],[-113.97239563784267,50.852389492700695],[-113.97239031735941,50.85238746029627],[-113.97238926160276,50.85238706234563],[-113.97238383255424,50.8523850550751],[-113.97238282866145,50.852384689968936],[-113.97237728952784,50.85238271231724],[-113.97237634178154,50.85238237919361],[-113.97237068970118,50.85238043203518],[-113.97236980094326,50.852380130919094],[-113.97236404300115,50.85237821521601],[-113.97236320760707,50.852377943358974],[-113.97235734078339,50.852376067181545],[-113.97235656165435,50.85237582191011],[-113.97235059181082,50.85237397721299],[-113.972349870348,50.852373759439196],[-113.97234378734025,50.852371955129655],[-113.97234312642509,50.85237176307954],[-113.97233693599624,50.85236999650915],[-113.97233633847063,50.85236983020777],[-113.97233004332419,50.85236810769795],[-113.97232950360312,50.8523679625978],[-113.97232310517984,50.852366283261574],[-113.97232262608544,50.852366160287154],[-113.97231610879432,50.852364522187905],[-113.97231570733852,50.852364423288385],[-113.97230909663811,50.852362832048236],[-113.9723087473821,50.85236275070196],[-113.97230202754307,50.8523612106807],[-113.97230174751847,50.85236114793733],[-113.97229492716536,50.852359654712586],[-113.97229471356984,50.85235960874812],[-113.97228778131523,50.85235816311925],[-113.97228764265473,50.852358134908265],[-113.97228060964879,50.85235674686973],[-113.97228053463472,50.85235673271416],[-113.97227340099606,50.85235539686904],[-113.9722662304501,50.852354123674786],[-113.97226616956651,50.85235411324232],[-113.97225903268657,50.852352924912324],[-113.97225890521581,50.85235290489683],[-113.97225180790308,50.85235179158681],[-113.97225161100326,50.85235176196323],[-113.97224455602054,50.85235072729618],[-113.97369599890109,50.8485158071991],[-113.97514005455739,50.8485083908509],[-113.97542324561792,50.84850694965813],[-113.97542585773095,50.848506944702656],[-113.97584915655536,50.8485053587369],[-113.98112481218183,50.8484855767068],[-113.98167722619826,50.84848363308602],[-113.98177106979745,50.84848328239498],[-113.98186966585934,50.84848265821039],[-113.98189755039981,50.848482550621725],[-113.9824286005446,50.84848081290592],[-113.98682960054336,50.848464190643234],[-113.99821527622129,50.84842230188641],[-113.99850040201399,50.848420556795126],[-114.00152561344754,50.84848045057923],[-114.00181095022144,50.84848614029903],[-114.00579527012894,50.84849623109447],[-114.00579573338406,50.84849623234224],[-114.01317970943997,50.84851501531073],[-114.01535085516592,50.84852024689771],[-114.01535523178374,50.84852026583293],[-114.01837846929457,50.84852711269982],[-114.0220521605056,50.84853679696433],[-114.02209756261276,50.84853690843795],[-114.02253978834986,50.84853802956433],[-114.0232078166684,50.84853970958006],[-114.02339088869014,50.84854016311922],[-114.02435739143432,50.84854257969854],[-114.02454879127107,50.84854302817274],[-114.02483437688588,50.84854373262555],[-114.02483366195,50.84872455826196],[-114.02487403703591,50.848724499794784],[-114.02488388126396,50.848769681995726],[-114.02494955309898,50.84876958297345],[-114.03028452428273,50.848761208795146],[-114.03046179917757,50.848762339886186],[-114.03278490269983,50.84876133913579],[-114.03451528294475,50.84876054484255],[-114.03624560959418,50.848759581399676],[-114.03624559075142,50.84876601290713],[-114.03667808793202,50.84876556244225],[-114.03910161154738,50.848764320197866],[-114.03938549455438,50.84876426428148],[-114.04195100425252,50.848762872028296],[-114.04301931079078,50.8487622721456],[-114.04648043097146,50.84876033929478],[-114.04765630488188,50.84875955921182],[-114.04765690142521,50.84853205842941],[-114.04794256176199,50.84853187924673],[-114.04801620575606,50.848531769306206],[-114.05196675643853,50.84853166812731],[-114.05240284236694,50.84852790478468],[-114.05936393704523,50.848523387139146],[-114.06149357868426,50.84852332312645],[-114.06507545756497,50.848521333032885],[-114.07078562301851,50.848513689583704],[-114.07076812375853,50.85335185154859],[-114.07105444160591,50.853351512082725],[-114.0710518250101,50.85402402051808],[-114.07105162910676,50.854055416071056],[-114.07170025011715,50.854056253515914],[-114.07173244356264,50.85405631526522],[-114.07174622637223,50.85405635022311],[-114.07178589444347,50.85405647590894],[-114.07179220443419,50.854056499106626],[-114.07183818151468,50.85405669744533],[-114.07183934400373,50.85405670309224],[-114.07188415738175,50.8540569569329],[-114.07189279197588,50.85405701030784],[-114.07193013228549,50.85405726497615],[-114.0719462386458,50.85405738316352],[-114.07197610754001,50.85405762698346],[-114.07199966955332,50.85405783413951],[-114.07202208030336,50.85405804293223],[-114.07205311336959,50.854058350868584],[-114.07206805347134,50.85405851014652],[-114.07210655570586,50.854058942232896],[-114.07211402414849,50.854059031302285],[-114.07215999526626,50.854059601924554],[-114.07220225399935,50.854060173603244],[-114.07221278270318,50.85406032118259],[-114.07224451470125,50.85406078936545],[-114.07226562415303,50.85406111191901],[-114.0722867716701,50.854061450065494],[-114.07231846423092,50.854061971894104],[-114.07232902922263,50.85406215303872],[-114.0723712858666,50.854062901871906],[-114.07239198867991,50.854063303938766],[-114.07239891880766,50.85406344718881],[-114.07242038779245,50.854063915617445],[-114.07242655186796,50.85406405817503],[-114.07244878546052,50.85406460014991],[-114.0724541807131,50.854064738394754],[-114.07247718171998,50.854065355737134],[-114.07248180537883,50.85406548604894],[-114.07250556234261,50.85406618316567],[-114.07250942444425,50.854066301126316],[-114.07253395574952,50.85406708266141],[-114.07253703931268,50.85406718453768],[-114.07256231939856,50.85406804938798],[-114.07256464865239,50.85406813177419],[-114.07259069576081,50.85406909177985],[-114.07259225086408,50.85406915181968],[-114.07261905646887,50.854070206912574],[-114.07261984747592,50.85407023928837],[-114.07264742711965,50.85407139408992],[-114.07267501816285,50.85407261914874],[-114.07267575937975,50.854072653827465],[-114.0727025922382,50.854073911540425],[-114.07270410160066,50.85407398471016],[-114.07273015934666,50.8540752686455],[-114.07273244246763,50.85407538394909],[-114.07275771653923,50.85407669583848],[-114.07276075343492,50.85407685761502],[-114.07278526523704,50.85407819313067],[-114.072789077152,50.85407840514723],[-114.07281280409056,50.85407975691268],[-114.072817371041,50.85408002350842],[-114.07284033313556,50.854081385385534],[-114.07284566361224,50.854081708426875],[-114.0728678522473,50.85408308484584],[-114.07287395465183,50.85408347069672],[-114.07289536147941,50.85408485259506],[-114.07290221586372,50.85408530379562],[-114.07292285946448,50.85408668592334],[-114.07293047430153,50.8540872052395],[-114.07295034471022,50.8540885884175],[-114.07295873408583,50.854089182258384],[-114.07297781870913,50.85409055649073],[-114.07298696127206,50.85409122648571],[-114.07300527995112,50.85409259462936],[-114.07301517559455,50.85409334617515],[-114.07303272992871,50.85409469924664],[-114.07304338572239,50.85409553419832],[-114.07306016574637,50.8540968730185],[-114.07307158298677,50.854097797683636],[-114.07308758605454,50.85409911233565],[-114.07309976188188,50.854100127590804],[-114.07311499651966,50.854101418142754],[-114.07312792654622,50.85410253025031],[-114.07314238852645,50.85410379486965],[-114.07315607692644,50.85410500836069],[-114.07316976784833,50.85410623806396],[-114.073184210341,50.85410755380378],[-114.07319713164334,50.85410874770309],[-114.07321231252602,50.854110169165246],[-114.07322447989375,50.854111324686585],[-114.07324041467346,50.85411285829147],[-114.07325181258187,50.85411396991396],[-114.07326850120536,50.85411561835978],[-114.07327912832238,50.854116681574915],[-114.0732965735429,50.85411844938145],[-114.07330642711545,50.85411945966945],[-114.07332461330166,50.85412134671223],[-114.0733337103822,50.8541223042089],[-114.07335263875937,50.854124320393524],[-114.07336097236724,50.85412521874616],[-114.07338065000523,50.854127365927724],[-114.0733882188084,50.854128200627876],[-114.0734086428654,50.85413047878344],[-114.07341544549608,50.85413124712161],[-114.07343660867105,50.854133666089105],[-114.0734426537445,50.85413436363581],[-114.07346455753007,50.854136919828086],[-114.07346984225751,50.85413754386254],[-114.07349249073891,50.85414024630829],[-114.07349701236713,50.85414079231073],[-114.07352039414064,50.854143642718356],[-114.07352416126703,50.85414410715876],[-114.07354828189241,50.85414711186964],[-114.07355129032493,50.85414749111649],[-114.0735761398373,50.85415065095085],[-114.07357839677007,50.854150940563294],[-114.07360398225721,50.854154256476704],[-114.07360548348035,50.85415445372274],[-114.07363179474576,50.854157938229136],[-114.07363254745339,50.85415803866792],[-114.07365959027071,50.854161687314466],[-114.07367003189975,50.85416314666972],[-114.07367519667206,50.85416387140389],[-114.07368047045571,50.85416461769517],[-114.07369090453537,50.854166099480025],[-114.07370133426345,50.8541675857277],[-114.07371697885901,50.854169779111224],[-114.07372225125862,50.85417052359032],[-114.07374315336887,50.854173495518],[-114.07374443173738,50.85417367839827],[-114.07376403752048,50.85417651318186],[-114.07377184056344,50.85417764930174],[-114.07378490957589,50.854179567631874],[-114.07379924669033,50.854181684952565],[-114.0738057681141,50.85418265885678],[-114.07382661016835,50.854185793130625],[-114.07382665407847,50.854185800676376],[-114.07385033101816,50.8541894657499],[-114.07385432668336,50.85419008853351],[-114.0738740337858,50.85419319040092],[-114.07388195527221,50.854194446207984],[-114.07389771570051,50.854196963463046],[-114.0739095669342,50.854198869416464],[-114.07392137670891,50.85420078763488],[-114.07393716427997,50.85420336987526],[-114.07394501821432,50.85420466382721],[-114.07396471773474,50.85420793385483],[-114.07396863883136,50.854208590229746],[-114.07399223998118,50.85421256685377],[-114.07400830948558,50.85418268272465],[-114.07429089528877,50.85365756132913],[-114.07476206318232,50.85329603188954],[-114.07549880073171,50.85292263480102],[-114.07625602509262,50.85221819209463],[-114.07768832383914,50.85298218213596],[-114.07864700009544,50.85374929941071],[-114.07951935611189,50.85577744844376],[-114.07959537136767,50.85595492929846],[-114.07998649011553,50.85595521622077],[-114.08030536031082,50.85595533374321],[-114.080374609996,50.85621608687129],[-114.08026534078712,50.85645957317013],[-114.0803110099701,50.85671010301807],[-114.08049304301093,50.85696897022937],[-114.08064621131189,50.857272373920466],[-114.08068435942621,50.8575809044991],[-114.0806075938388,50.857924955981574],[-114.0804234766387,50.85819337502673],[-114.08035484539265,50.858493358714895],[-114.08047319518754,50.858878532236126],[-114.08060512162253,50.85907707292276],[-114.08077718485785,50.8591566083147],[-114.08101638299772,50.85907921355063],[-114.08135843050117,50.8590280629576],[-114.08174724500392,50.859070842577786],[-114.08180462615786,50.85909561171874],[-114.081864681161,50.85912153453229],[-114.08199879462079,50.85917942164213],[-114.0821039771007,50.85933234464356],[-114.0821892624009,50.85954742118368],[-114.08233689941505,50.86021912203063],[-114.08231581268537,50.86044176477828],[-114.08214248942092,50.860625136948464],[-114.08213638726978,50.86084905805175],[-114.08245694790237,50.86114570104958],[-114.0826637877786,50.86133712897797],[-114.08270130754985,50.86160918259948],[-114.08269763171248,50.86192893778594],[-114.08278823136449,50.86219383343709],[-114.08294059006965,50.86246772502932],[-114.0832327489268,50.86279437099369],[-114.08350288474425,50.86300965945704],[-114.08435591627209,50.863010099668955],[-114.08465672615682,50.863010255108044],[-114.0938480976274,50.86301420955359],[-114.09413383476812,50.86301297211782],[-114.09413121474356,50.8631938011214],[-114.09411248998533,50.870074852069],[-114.09382663733254,50.87007454036426],[-114.09382572145525,50.87041067056622],[-114.0938239448453,50.87411117979529],[-114.09410972598809,50.874111319952924],[-114.0941074436237,50.87763352092094],[-114.09410723759751,50.878538874813195],[-114.09410708890864,50.879444193026714],[-114.09410686846977,50.88125375905289],[-114.0941066640422,50.88300818504646],[-114.0941066711859,50.883062083190396],[-114.0941063186758,50.884876163338305],[-114.09410088438861,50.88849134830589],[-114.09394830635722,50.8884913588671],[-114.09394780509801,50.89215965837895],[-114.09392780600925,50.894308958140805],[-114.09392704881877,50.89464472384822],[-114.09389704903654,50.8949242594042],[-114.09378426573058,50.89509536177774],[-114.09366865879909,50.89529551068043],[-114.09341448731227,50.89572873153307],[-114.09328589013516,50.89602304348839],[-114.09322708637224,50.896519952294014],[-114.09329144974744,50.897002274489594],[-114.09338129411407,50.89743816749941],[-114.09352089001499,50.89784336026653],[-114.09373300329524,50.898311286931595],[-114.0939466287602,50.898701511455485],[-114.09418513455594,50.899076386277734],[-114.09449616204544,50.8995139933173],[-114.09490519271125,50.899967902555495],[-114.09522852865017,50.90028220631246],[-114.09546047853141,50.90048511379123],[-114.095872235829,50.900799156151834],[-114.09635652160442,50.90117592953272],[-114.09727656687005,50.901898009380744],[-114.09778485160432,50.902306047807606],[-114.0981217108929,50.90268167427246],[-114.09833749395789,50.90296310809683],[-114.09855328101347,50.903244542432674],[-114.09869473901465,50.903556487160245],[-114.09885837515054,50.90399294407415],[-114.09892700604594,50.90425769937971],[-114.09901331652335,50.90488007047819],[-114.09902712597963,50.9053505846659],[-114.09900547470116,50.90783311082443],[-114.09912236916585,50.908144865182216],[-114.0992632469526,50.90848789083542],[-114.09945328484235,50.90883129459714],[-114.09966760490776,50.90919042757548],[-114.09985914729832,50.90945612894475],[-114.09997695192892,50.909721262468615],[-114.10004589690261,50.909970475150594],[-114.10009026282076,50.910219499229],[-114.10010105765097,50.9109345431926],[-114.1001148633841,50.91404317371818],[-114.0999769152517,50.91404244687391],[-114.09551737600023,50.91403873278436],[-114.09232138303538,50.91402947334834],[-114.0900103504125,50.9140270262708],[-114.08910080937994,50.91401993374203],[-114.08423262214231,50.91402847931667],[-114.08317528304465,50.91403572446678],[-114.08194617512687,50.91402606633215],[-114.08115954573202,50.91401987833141],[-114.08039780594397,50.9139983378713],[-114.08005426761503,50.91396454602773],[-114.07966218109321,50.913899285888114],[-114.07917237870137,50.91380216829074],[-114.07858578552776,50.91362657148997],[-114.07792575855109,50.913434848594086],[-114.07748543729767,50.91332257235429],[-114.07692220805505,50.913209321876884],[-114.07640753145824,50.913127538277166],[-114.07439522808683,50.912940633396886],[-114.07390421328451,50.91290565505077],[-114.0730454037277,50.91282112640755],[-114.07213712657565,50.912751740629595]]]}},{"type":"Feature","properties":{"name":"Calgary-Hays","originalGeometryName":"Calgary-Hays","displayName":"Calgary-Hays","divisionNumber":14,"sourceProperties":{"EDNumber20":14,"EDName2017":"Calgary-Hays","Km2":24.01215935,"Hectares":2401.21582031,"Acres":5933.53369141,"Authority":"Legislative Assembly of Alberta","Shape_Leng":28121.3428261,"Shape_Area":24012158.7891},"level":"provincial","effectiveFrom":"2019-03-19","sourceUrl":"https://www.elections.ab.ca/resources/maps/","licenceUrl":"https://www.elections.ab.ca/terms-conditions/","geometryProcessing":"Original source vertices, coordinate projection converted to WGS84 for GeoJSON; no simplification, repair or rounding. Original source attributes retained separately."},"geometry":{"type":"Polygon","coordinates":[[[-113.97810522868114,50.91646290902294],[-113.9754025525152,50.91645178614493],[-113.97540823906847,50.9185020902371],[-113.97541987309235,50.920958236400004],[-113.97544858879436,50.92412958322161],[-113.97544495997606,50.92578763972235],[-113.97547641296532,50.92958078965596],[-113.97549031989507,50.93193332141707],[-113.96984832179932,50.93196658724396],[-113.96830697400667,50.931996906157465],[-113.96686290330346,50.932002389432945],[-113.96587915318877,50.93199368125318],[-113.96446911240037,50.931981185080694],[-113.96363338677155,50.931953044457394],[-113.96289626629289,50.93191541060422],[-113.96148853674303,50.93179926907528],[-113.95807190897291,50.931317997130435],[-113.9578299797048,50.93127866452284],[-113.95729521078452,50.93118292033539],[-113.95690436848844,50.93108845950071],[-113.95663306341591,50.93100153313064],[-113.95654125140302,50.930972116393974],[-113.95618257635331,50.93083122618934],[-113.95585135343337,50.930680745371006],[-113.95547794885941,50.93050284005849],[-113.95531683442401,50.93040059457133],[-113.95519650474816,50.93029215894115],[-113.9549261734184,50.93013735588188],[-113.95471400571047,50.93001585888204],[-113.95454210009456,50.929912507194594],[-113.95440130414003,50.92982785869508],[-113.95407420431492,50.92964955917803],[-113.95372690544218,50.92947935903292],[-113.95368217414521,50.9294632862783],[-113.95325880511709,50.929311158983296],[-113.9526526049545,50.929066758523525],[-113.9522353148222,50.92896428431283],[-113.95185610592418,50.92887115956157],[-113.95108090516437,50.928759759559526],[-113.95021290528263,50.928688758354305],[-113.94871410558487,50.92873285846797],[-113.94652370502162,50.9286644589778],[-113.9442161053852,50.92866275920836],[-113.94280180533079,50.92867295851629],[-113.94109720429356,50.9286782592576],[-113.93968570465974,50.928674858762996],[-113.93812410467294,50.92868085859137],[-113.93652510544753,50.92866895907919],[-113.935094705339,50.92865215911292],[-113.91196480445431,50.92878385814139],[-113.901863905142,50.928782558881494],[-113.90065130529749,50.928813858514985],[-113.89757380395041,50.92876435838551],[-113.8901347051399,50.92884095932227],[-113.88884030459813,50.92885495891456],[-113.88884120464859,50.928180357965246],[-113.88883668768881,50.92788402145291],[-113.88896472534152,50.92788406669969],[-113.8888688896271,50.921607440663706],[-113.88858274036801,50.921607425096965],[-113.88850912506493,50.921607417057814],[-113.8864499014164,50.92160727320361],[-113.88572867614558,50.9216073197378],[-113.88330064200909,50.92160745141661],[-113.88306767775806,50.92160766020245],[-113.88301454937184,50.921561081406054],[-113.88274736022642,50.92156102509985],[-113.88262438374386,50.921560999822184],[-113.8823391278531,50.92156113044123],[-113.88216130046791,50.92156090257424],[-113.88136562566866,50.921560732038465],[-113.88035095587726,50.92156051641934],[-113.87896109466058,50.92156018803772],[-113.87711291874345,50.9215597365893],[-113.87682688471016,50.921559667223086],[-113.87360604673437,50.92155923626283],[-113.87255470702256,50.921558598202765],[-113.87150256168131,50.92155831174696],[-113.87035720199452,50.921557995638324],[-113.86921393431078,50.92155768945259],[-113.86806861008809,50.92155766521312],[-113.86687982218777,50.92155683097126],[-113.86687952532169,50.92155674712094],[-113.8666037227648,50.92155676909489],[-113.86583054395804,50.921557622399625],[-113.86564684090526,50.92155803742314],[-113.86536093434938,50.92155786832817],[-113.86011319122099,50.921555388970184],[-113.86011178192052,50.921339888995085],[-113.86010048030998,50.91961991012484],[-113.86009941828797,50.917811702205775],[-113.86010950382496,50.91763309238974],[-113.86010807322684,50.917078285608106],[-113.86009890621999,50.9160054063928],[-113.86009584633616,50.91419617026664],[-113.86002199565678,50.914196366841],[-113.85999951828813,50.90847958137143],[-113.86005079281239,50.90820555964567],[-113.8601137946946,50.90748691417454],[-113.8601245782893,50.90717945877619],[-113.86105450407224,50.9071774591],[-113.87022480494676,50.90715785819859],[-113.88293120444601,50.90714265914381],[-113.88814900430263,50.907129158468805],[-113.89446671243307,50.90711218514023],[-113.89623424214876,50.907107375532696],[-113.89816452384787,50.90708734078884],[-113.9003887043556,50.907082089148325],[-113.90226356247777,50.90708811065281],[-113.9028705936801,50.907070571572206],[-113.90391952070395,50.90702231186839],[-113.90494952204445,50.90699710968668],[-113.9059976284157,50.90698369076144],[-113.91068382233152,50.90703913333962],[-113.91248516876489,50.90704430471964],[-113.91428651744751,50.907049448320215],[-113.91823921248609,50.90702802862718],[-113.92112488719397,50.907043109066784],[-113.92305569147805,50.9070144456051],[-113.9250962282554,50.907010005932854],[-113.92698973834304,50.90700418024972],[-113.92855342400391,50.906955234693974],[-113.92918120219134,50.90692797536047],[-113.92957302735645,50.90688884125835],[-113.93041704951182,50.90683581870649],[-113.93156130133904,50.9068362958308],[-113.93291933978006,50.90674809003127],[-113.93415521959712,50.906702251614924],[-113.9362058463564,50.90658765586659],[-113.9382891712362,50.90635906518348],[-113.94010147686585,50.906127977158185],[-113.94167287548304,50.90589467738425],[-113.94348643858937,50.90560641924952],[-113.94722832456367,50.904952412572484],[-113.95712988454929,50.90327827811644],[-113.97292713769141,50.900466705257934],[-113.97530341113806,50.90008337426666],[-113.98067244738523,50.89915399280272],[-113.99136555707385,50.89727118955725],[-113.99180111795016,50.89719605597671],[-113.99853716376752,50.89602402552743],[-114.0016658536156,50.895515628824654],[-114.01033028590523,50.89398441270272],[-114.0103393570747,50.894013342401024],[-114.01039732877514,50.89419821608518],[-114.01051952938884,50.89458791582219],[-114.0106401935174,50.89526276825787],[-114.01062896705399,50.89595845790125],[-114.01059407107202,50.896216742323105],[-114.0104690195795,50.89687190301934],[-114.01033561973524,50.89732551631068],[-114.01005113463243,50.897967192914855],[-114.00998461942318,50.89830327094564],[-114.00979616139476,50.898789490545795],[-114.00958876094474,50.89910719344866],[-114.00933519932698,50.8992957810107],[-114.00900582011862,50.899503425940836],[-114.00872557435966,50.89968010276472],[-114.00849123920003,50.89987532205331],[-114.00821311696974,50.89997367750471],[-114.00641150933535,50.90052382569463],[-114.00610435541618,50.90069643919848],[-114.00590608988072,50.90089150966242],[-114.00575080047342,50.9011092643983],[-114.00566183912133,50.90133879356063],[-114.00557196078357,50.901692470527834],[-114.00555655388614,50.90201063914935],[-114.00562266415437,50.902595509631595],[-114.00568062538605,50.9028028514532],[-114.00619627143263,50.903524438882485],[-114.00635410360508,50.90370844509562],[-114.00660073516795,50.90383809672211],[-114.00694033522494,50.90389585215742],[-114.00735007724509,50.90392095547061],[-114.00763747145896,50.90389803216814],[-114.00783467745656,50.90380414813972],[-114.00809889057403,50.903777341717365],[-114.00826393552175,50.903854768107124],[-114.0084725617587,50.904007522544],[-114.00919125838092,50.90439381287714],[-114.00984443275469,50.90482089643657],[-114.01031582637349,50.90521374205514],[-114.01050669607308,50.90531807772582],[-114.01068972908456,50.9054889614024],[-114.01083479929956,50.905426729197416],[-114.01094988335376,50.90537736150336],[-114.01103323860511,50.905469445296504],[-114.01097152940748,50.90553144474597],[-114.01089590297302,50.90560741930024],[-114.01087418677606,50.90574777443905],[-114.01097282532129,50.90597381907047],[-114.01115811605683,50.906516238624825],[-114.01120347098612,50.90673467677009],[-114.01124620023016,50.90694052901479],[-114.0112535809285,50.907396161643696],[-114.01121685725388,50.90773196766746],[-114.01113140080685,50.90808160598269],[-114.01087433489097,50.90853031657769],[-114.01061504534397,50.9087917093043],[-114.01034896783193,50.90902487132669],[-114.01004228337499,50.90923791588706],[-114.00901710959376,50.909841109287264],[-114.00849248379329,50.91020892897383],[-114.00826748451246,50.91028409016387],[-114.00809272916808,50.910307825497874],[-114.00793949707777,50.91038916101395],[-114.00779456064812,50.910430535043],[-114.00778863888485,50.91057479329588],[-114.00760136767626,50.91077922626242],[-114.00737596761095,50.910851690575406],[-114.00700723920205,50.91085610939182],[-114.00653118666274,50.91081778724081],[-114.00610395532225,50.9107536773238],[-114.00583613618247,50.910643051140696],[-114.00530697418739,50.910615767477125],[-114.00484641364436,50.91063134890084],[-114.00301030356366,50.91080014208201],[-114.0020459364075,50.91094200613839],[-114.00178565747926,50.910999096873766],[-114.00149925144927,50.91106190308234],[-114.00139947095279,50.91108378746736],[-114.00114392987108,50.91110274777845],[-114.00099100030346,50.91111409019176],[-114.00087886419017,50.91114072292778],[-114.00052813589058,50.911224045228614],[-114.00011558710933,50.91132205825271],[-114.00000000695206,50.911349522516936],[-113.99990889077779,50.911371167663475],[-113.99977610114348,50.91142441854707],[-113.99880970302492,50.91181195499079],[-113.99867765138309,50.911869226102276],[-113.99852490949081,50.91196417423181],[-113.99822912277067,50.912148064254836],[-113.99812673584748,50.91227459345775],[-113.99811428347931,50.91245231624116],[-113.99801889019726,50.9125751871005],[-113.99686283847798,50.9131285615164],[-113.99639875549953,50.91338594805308],[-113.99558243917105,50.91398656181723],[-113.99551033453032,50.914058890626265],[-113.99535536726017,50.91421432242995],[-113.99453011635245,50.914824006805986],[-113.99393560022975,50.9153882127018],[-113.993523857836,50.91585742541811],[-113.99335516818945,50.916096312973465],[-113.99058286927112,50.915239393771316],[-113.99038006636117,50.915318153644066],[-113.99023749131112,50.91540167053054],[-113.99009491430864,50.915485188126],[-113.98955765072013,50.91553138973885],[-113.98834494195707,50.91612261560663],[-113.98812854395412,50.916209727597476],[-113.987966406441,50.91626764801978],[-113.98785164282734,50.9163047903181],[-113.98775726046803,50.91632939803014],[-113.98765608562326,50.9163581832301],[-113.98756188696255,50.91637431585972],[-113.98748761146415,50.91639909770948],[-113.98740020794816,50.91641105177805],[-113.9873195982575,50.916418827349084],[-113.98722567666034,50.916422250933046],[-113.98707143501116,50.916425150237934],[-113.98691719192281,50.916428049326626],[-113.98675643234394,50.91642241694022],[-113.98662909176234,50.916421311756785],[-113.98650845309936,50.91642026461087],[-113.98632749440694,50.916418693652155],[-113.98618665655098,50.916421708160286],[-113.98603269107896,50.91641189641237],[-113.9859456555266,50.916406902250635],[-113.98581188939238,50.916393028288304],[-113.98570502307447,50.91637514960624],[-113.98559182339297,50.916340266360564],[-113.98539204926874,50.91627920473709],[-113.98515959281895,50.916179721556794],[-113.9850538346458,50.916111001788344],[-113.98495468502468,50.91604657763623],[-113.984836075448,50.915952320877174],[-113.98475703339822,50.91588807048547],[-113.98467808374053,50.91581958438172],[-113.98453964509376,50.91571244189307],[-113.98441390374668,50.91558310281548],[-113.98407449284959,50.915743497047934],[-113.98363138331065,50.915919323502656],[-113.98321481790215,50.9160627085904],[-113.98261704570342,50.916220849200855],[-113.981424701088,50.91639013525023],[-113.98124313912525,50.91642122110843],[-113.9809069219027,50.916434621894204],[-113.98033818694478,50.91644599037517],[-113.97891652433437,50.91646623574478],[-113.97810522868114,50.91646290902294]]]}},{"type":"Feature","properties":{"name":"Calgary-Lougheed","originalGeometryName":"Calgary-Lougheed","displayName":"Calgary-Lougheed","divisionNumber":16,"sourceProperties":{"EDNumber20":16,"EDName2017":"Calgary-Lougheed","Km2":33.12296295,"Hectares":3312.29638672,"Acres":8184.86279297,"Authority":"Legislative Assembly of Alberta","Shape_Leng":33987.9394776,"Shape_Area":33122963.7336},"level":"provincial","effectiveFrom":"2019-03-19","sourceUrl":"https://www.elections.ab.ca/resources/maps/","licenceUrl":"https://www.elections.ab.ca/terms-conditions/","geometryProcessing":"Original source vertices, coordinate projection converted to WGS84 for GeoJSON; no simplification, repair or rounding. Original source attributes retained separately."},"geometry":{"type":"Polygon","coordinates":[[[-114.0957719321427,50.93294678579195],[-114.09556806883148,50.932801542036614],[-114.09535412871531,50.932643159729004],[-114.09524288030389,50.93251822439418],[-114.09502970288351,50.932320666115984],[-114.09479421554339,50.93220782665217],[-114.09464116021607,50.932109788046716],[-114.09446416373119,50.93204175111874],[-114.0941338513105,50.93198206176854],[-114.09377350601328,50.931930165027104],[-114.09329180315164,50.931894595365094],[-114.09285502166463,50.931886442976555],[-114.09218362519226,50.93193359167748],[-114.09156235905145,50.93211442403446],[-114.09117518628292,50.93235846425758],[-114.09092705808676,50.9326283880307],[-114.09061136003714,50.932978215907845],[-114.09016127767785,50.933265108550145],[-114.08951738696116,50.93344575376902],[-114.08905687826436,50.933494529572194],[-114.08859004512078,50.933481365016156],[-114.08812237446924,50.93351103848035],[-114.08775309261401,50.9335176750786],[-114.08745876264827,50.9335439390208],[-114.08712751694898,50.933531829020126],[-114.08691920669126,50.933445955016396],[-114.08680817027965,50.93328624293428],[-114.0868799837924,50.93309191649345],[-114.08695754602321,50.93297826732624],[-114.08697578076865,50.932816548693474],[-114.08696239258687,50.93273075293951],[-114.08697272152418,50.93258801524554],[-114.08702024584622,50.93246937114482],[-114.0870912989025,50.93230330451803],[-114.08713128981131,50.93218460147174],[-114.08710349106589,50.93206536845842],[-114.08711260657117,50.93198450955547],[-114.08712172348409,50.93190364976218],[-114.08718393949171,50.93180416320209],[-114.08728558479663,50.93161453280505],[-114.08731804332,50.931495770807935],[-114.0873669629643,50.931305728213395],[-114.08738463521402,50.931172568778344],[-114.08741207560514,50.930925230885094],[-114.08741496326395,50.930777674040876],[-114.08735871253144,50.93057252759471],[-114.08730208965477,50.93038642007227],[-114.08719348797885,50.9301618215604],[-114.08708358137034,50.9300038619763],[-114.08693629718495,50.92983132816451],[-114.08676923915861,50.92966795622803],[-114.08643958010107,50.92942278934885],[-114.08617076386354,50.9293016701458],[-114.08603640291547,50.92923873022004],[-114.08587462059764,50.92915282526349],[-114.08567841845742,50.929055024463985],[-114.08546818016757,50.92902005342504],[-114.08519703453639,50.92901792948084],[-114.0849270188731,50.92909940062906],[-114.08464558798718,50.929198431794404],[-114.08417991630331,50.92940984942639],[-114.08387499374169,50.929593121622105],[-114.08349563506312,50.92974787844223],[-114.08322564234791,50.92986416568317],[-114.08297967438924,50.929919338306505],[-114.08273065148742,50.929941185176055],[-114.08233145634742,50.92993804863365],[-114.08203111425496,50.929888081408926],[-114.08177671427282,50.92980039003923],[-114.08149293708604,50.929674381479664],[-114.08132186004187,50.929563541708845],[-114.08112102953235,50.92943342477148],[-114.08109277877699,50.929337989467136],[-114.08108840268184,50.929218352673615],[-114.08094654936323,50.92911308890012],[-114.08071512641973,50.92900653325525],[-114.08053567679077,50.92893847197215],[-114.08018204169794,50.92892491625545],[-114.07987372181212,50.92889041207179],[-114.07968570837188,50.92887464851603],[-114.07958092142464,50.9288404979386],[-114.07943800500293,50.92882985037176],[-114.079119507075,50.9289368329557],[-114.0788826363751,50.92910634787811],[-114.0786066945357,50.92934696242564],[-114.07842175860785,50.92950827750708],[-114.07828508804101,50.92961101957114],[-114.07815506882059,50.92970996620497],[-114.0779043507897,50.92981748146112],[-114.07770738985614,50.92987305337299],[-114.07750944235096,50.929919103416346],[-114.07739744915722,50.92992773233925],[-114.0771343022634,50.92990185008224],[-114.07688800788219,50.929785647476635],[-114.07673897178542,50.92970353892965],[-114.07661987438375,50.92963118788442],[-114.07654568593703,50.92957347374646],[-114.07638130361525,50.92950552433273],[-114.07609584696264,50.929465181393944],[-114.07574975616188,50.92944339971863],[-114.0753808827611,50.929430958457665],[-114.07509457643333,50.9294334510283],[-114.07480017255071,50.92946444336306],[-114.07450520150807,50.9295239941878],[-114.07427086232804,50.92956498218581],[-114.07406712190347,50.92958240955074],[-114.0737891978095,50.92954211979965],[-114.07363950612869,50.9294933267255],[-114.07348171503577,50.92947303202098],[-114.07327400486689,50.92942997305755],[-114.07311407054524,50.929398704968115],[-114.07291899971383,50.929359070787456],[-114.07279934134418,50.929315275099206],[-114.07268863522589,50.92920014105462],[-114.07257755103032,50.92910404578664],[-114.07244154835018,50.929039135689536],[-114.07223567330374,50.92899413811519],[-114.07181959718308,50.928962273144066],[-114.07157828241301,50.9289723289675],[-114.07125384496369,50.92899831263658],[-114.07093627707006,50.92905767472022],[-114.07057323153772,50.92913095493284],[-114.07017195822739,50.92923249424939],[-114.07002075125577,50.92925985381527],[-114.06973193733336,50.929273762147155],[-114.06984753746723,50.92904574583717],[-114.0699575399832,50.928818111254444],[-114.07005190751539,50.92861891668223],[-114.07014684365618,50.9283911628181],[-114.07024082993048,50.92821100694095],[-114.07036570151017,50.92799301219375],[-114.07046025533943,50.92778429690939],[-114.07057062981255,50.92753762278271],[-114.07069663616056,50.9272625083116],[-114.07079213531308,50.927006194623],[-114.07088668517967,50.92679747893776],[-114.07099686680552,50.92656032379418],[-114.07107635257796,50.926351488091115],[-114.07113868851755,50.926247249946414],[-114.07118892137362,50.92613824633274],[-114.07121874180667,50.92600985580399],[-114.0712673418057,50.92583885897759],[-114.07133119301265,50.92565846247597],[-114.071395613723,50.92544950761291],[-114.07147528528273,50.925231151236304],[-114.07152388347572,50.925060155170804],[-114.0715884905413,50.9248416798157],[-114.07173617610246,50.92423349239118],[-114.07180343457306,50.92388174013494],[-114.07190858071132,50.92313991728512],[-114.0719607736894,50.92278804423164],[-114.07195158262505,50.92249281168696],[-114.07193149899778,50.92198802522757],[-114.07190933090058,50.92158795537271],[-114.07180958574179,50.921301523894314],[-114.07173901567201,50.92106293084935],[-114.07169762145845,50.920872176304414],[-114.0716129394474,50.9205858652744],[-114.0714390293552,50.92024171614067],[-114.07120848228779,50.91971621167123],[-114.07102065576163,50.9193148235821],[-114.07083378043362,50.91886583701838],[-114.0706303332606,50.91849288770129],[-114.0703542428435,50.91798606164336],[-114.07004860743903,50.91745043576464],[-114.06959542022128,50.91676129336749],[-114.0692749337581,50.916216025096254],[-114.06889535512079,50.9156131579362],[-114.06863226995655,50.9152111654304],[-114.06841360595595,50.91484761241256],[-114.06813546936922,50.91444549861632],[-114.06796046776282,50.91415846272575],[-114.06771264708728,50.9137470688886],[-114.06753993365122,50.913463716655535],[-114.06749380532044,50.91339303357319],[-114.0684163368431,50.913172848448134],[-114.06920728898886,50.912961559935084],[-114.06960183284167,50.9129025336354],[-114.06994721240537,50.91284311527338],[-114.07039060798124,50.91280001866577],[-114.07115417877405,50.91272838248574],[-114.07213712657565,50.912751740629595],[-114.0730454037277,50.91282112640755],[-114.07390421328451,50.91290565505077],[-114.07439522808683,50.912940633396886],[-114.07640753145824,50.913127538277166],[-114.07692220805505,50.913209321876884],[-114.07748543729767,50.91332257235429],[-114.07792575855109,50.913434848594086],[-114.07858578552776,50.91362657148997],[-114.07917237870137,50.91380216829074],[-114.07966218109321,50.913899285888114],[-114.08005426761503,50.91396454602773],[-114.08039780594397,50.9139983378713],[-114.08115954573202,50.91401987833141],[-114.08194617512687,50.91402606633215],[-114.08317528304465,50.91403572446678],[-114.08423262214231,50.91402847931667],[-114.08910080937994,50.91401993374203],[-114.0900103504125,50.9140270262708],[-114.09232138303538,50.91402947334834],[-114.09551737600023,50.91403873278436],[-114.0999769152517,50.91404244687391],[-114.1001148633841,50.91404317371818],[-114.10010105765097,50.9109345431926],[-114.10009026282076,50.910219499229],[-114.10004589690261,50.909970475150594],[-114.09997695192892,50.909721262468615],[-114.09985914729832,50.90945612894475],[-114.09966760490776,50.90919042757548],[-114.09945328484235,50.90883129459714],[-114.0992632469526,50.90848789083542],[-114.09912236916585,50.908144865182216],[-114.09900547470116,50.90783311082443],[-114.09902712597963,50.9053505846659],[-114.09901331652335,50.90488007047819],[-114.09892700604594,50.90425769937971],[-114.09885837515054,50.90399294407415],[-114.09869473901465,50.903556487160245],[-114.09855328101347,50.903244542432674],[-114.09833749395789,50.90296310809683],[-114.0981217108929,50.90268167427246],[-114.09778485160432,50.902306047807606],[-114.09727656687005,50.901898009380744],[-114.09635652160442,50.90117592953272],[-114.095872235829,50.900799156151834],[-114.09546047853141,50.90048511379123],[-114.09522852865017,50.90028220631246],[-114.09490519271125,50.899967902555495],[-114.09449616204544,50.8995139933173],[-114.09418513455594,50.899076386277734],[-114.0939466287602,50.898701511455485],[-114.09373300329524,50.898311286931595],[-114.09352089001499,50.89784336026653],[-114.09338129411407,50.89743816749941],[-114.09329144974744,50.897002274489594],[-114.09322708637224,50.896519952294014],[-114.09328589013516,50.89602304348839],[-114.09341448731227,50.89572873153307],[-114.09366865879909,50.89529551068043],[-114.09378426573058,50.89509536177774],[-114.09389704903654,50.8949242594042],[-114.09392704881877,50.89464472384822],[-114.09392780600925,50.894308958140805],[-114.09394780509801,50.89215965837895],[-114.09394830635722,50.8884913588671],[-114.09410088438861,50.88849134830589],[-114.09414335611267,50.88849128205186],[-114.09419948091475,50.88849127674318],[-114.09419866434529,50.88897470637704],[-114.09428286298498,50.889710714701906],[-114.09445187206144,50.89118787801921],[-114.095079393615,50.89118746145576],[-114.09528122482828,50.89138908994731],[-114.09981412886594,50.89138683144462],[-114.1052475639708,50.89138389144717],[-114.10553342661746,50.89138372779055],[-114.11257439622835,50.89137952648608],[-114.11584314656184,50.88933570261346],[-114.11612745865641,50.88933667983929],[-114.11419241565606,50.884870222579536],[-114.1155811500831,50.884870640682216],[-114.11588956445678,50.884870925809786],[-114.1169042895324,50.88487120277976],[-114.116975554114,50.884871319058924],[-114.11726155913153,50.884871359067716],[-114.11733474019209,50.88487166055376],[-114.12112239024923,50.88486858107702],[-114.12304199245258,50.88486665361349],[-114.12304190521884,50.88495992859056],[-114.12303869248004,50.88841551010382],[-114.12869902741326,50.88840893734587],[-114.14009094918693,50.888394801419494],[-114.14044834245085,50.88839431989941],[-114.14051975832915,50.8883942339776],[-114.14051974831708,50.888466655556236],[-114.14051961378317,50.89046873055289],[-114.14051962360071,50.89063049624829],[-114.14051959245246,50.89091273343279],[-114.1405195505281,50.89149696416832],[-114.14061860460507,50.89149709065587],[-114.14061858157837,50.89189794635852],[-114.14068962831097,50.89194294792554],[-114.14135244752607,50.89194373172429],[-114.14135239754341,50.891958827438025],[-114.14403687316907,50.891963589867714],[-114.1443211613301,50.8919820476188],[-114.14616164446755,50.89198525884024],[-114.15185716690767,50.89199507457908],[-114.15457862862577,50.891999755314295],[-114.15479179992568,50.89200013838299],[-114.15658940021882,50.89200319856091],[-114.15756360165267,50.89200479910997],[-114.15757274760234,50.892004811132786],[-114.1578481476749,50.89200531380094],[-114.15987672908801,50.892008702946875],[-114.1598765145016,50.89205462835093],[-114.16263401089743,50.892053667835455],[-114.16321380834643,50.89205344405241],[-114.1632706486052,50.89205342864228],[-114.16355650034563,50.89205332701638],[-114.16420618111654,50.892054705574346],[-114.16592081778353,50.89205831541651],[-114.16595861010217,50.89205839560821],[-114.1673564288296,50.89206132086527],[-114.16735705931134,50.892016388042364],[-114.16927403420522,50.89201997831259],[-114.17498805502,50.89203194577469],[-114.18624472293862,50.89205449479393],[-114.18642155297754,50.89203356904601],[-114.18670746457087,50.891999782407055],[-114.18688427935406,50.89197889183849],[-114.19812260101304,50.89197561632799],[-114.20953281480465,50.89196724092045],[-114.20981873753442,50.891967070568],[-114.20981865272688,50.892146091077365],[-114.20981826786225,50.892326871953024],[-114.20981749017247,50.892777166423144],[-114.20981415475649,50.89466471273707],[-114.2098059556259,50.89956794741968],[-114.20979962031542,50.90318903839842],[-114.20979328056947,50.906810145126094],[-114.20978707996838,50.910426149615326],[-114.20978084480821,50.914052353589504],[-114.20977169111352,50.919631951086195],[-114.20976899859167,50.921275583786894],[-114.20976870128858,50.92145697612109],[-114.19935750921408,50.92145503558028],[-114.1878672524287,50.921451530578985],[-114.18758121041836,50.921451420946326],[-114.17609471443663,50.92144663956246],[-114.1646081784834,50.92144066482504],[-114.16432213695174,50.92144051620355],[-114.15281360693542,50.9214337454301],[-114.14126613391277,50.921426057609004],[-114.14126839375666,50.92745526413758],[-114.14126885007109,50.92867828285953],[-114.14126890752519,50.928832643806714],[-114.14111037304379,50.928698145517274],[-114.14089751115144,50.92859898738396],[-114.14063026164905,50.928589879483326],[-114.14028247771434,50.9286587284797],[-114.14005822498167,50.92876895213896],[-114.13984255568317,50.92882211044519],[-114.13962946658496,50.92893955597365],[-114.13937144830226,50.929042388165065],[-114.13887079344615,50.929148174492404],[-114.13856608721457,50.929210211797944],[-114.13827872830547,50.92926997968343],[-114.13789065415625,50.929276636073915],[-114.13760124564182,50.92924355492348],[-114.1374411129359,50.92914477990578],[-114.13745313385644,50.928902076957385],[-114.13747539815749,50.92871657782311],[-114.13738620275534,50.928651650317974],[-114.13668424243956,50.9283203603335],[-114.13638158312702,50.92818958590084],[-114.13595304503902,50.927941244282614],[-114.13562854635794,50.92776984036828],[-114.13535619595855,50.927629765794045],[-114.13506541689722,50.92746813179127],[-114.13481672592563,50.92727110481107],[-114.1345598866948,50.927107340547245],[-114.13424062147399,50.926857421041696],[-114.13406100257275,50.92659187496486],[-114.13381010153488,50.92631151801151],[-114.13360881982722,50.92599582366703],[-114.13339421173274,50.9257895246426],[-114.1331813353836,50.92569273266551],[-114.13283262982662,50.92560921255865],[-114.13239682818435,50.925551228387604],[-114.13193333884539,50.92556444588753],[-114.13155623812501,50.92559020546745],[-114.13114116886733,50.92563234359288],[-114.13054122644137,50.92569214562908],[-114.13021804244177,50.92565403457549],[-114.12975038599805,50.925688634665576],[-114.12942072695961,50.925795671885126],[-114.12903926650218,50.926035895352754],[-114.1285453656447,50.926284246096984],[-114.1280866415379,50.926445063099315],[-114.12763203498967,50.92658686632851],[-114.12727050132635,50.92678649167839],[-114.12688202602921,50.92701685766807],[-114.12652380616238,50.927240307332376],[-114.12623713381504,50.92746429220576],[-114.12603836773282,50.92761990477544],[-114.12576269586124,50.92778929053784],[-114.12529757107518,50.928159448591394],[-114.12477396165882,50.928564938921916],[-114.12427432424721,50.928896816206525],[-114.12394391474314,50.929041916932015],[-114.12359153357377,50.92915352725993],[-114.1231616322456,50.92918124394274],[-114.12300547438699,50.92907295707858],[-114.12288712973246,50.92899319832246],[-114.12283438367636,50.928757471797844],[-114.1227135546307,50.92857327987265],[-114.1226339735015,50.92839891956647],[-114.1225832156583,50.92809385888015],[-114.122719902299,50.927835431626974],[-114.12290061223791,50.92763922402217],[-114.12306195478322,50.92747143344378],[-114.12318169348066,50.92731285205896],[-114.12319495274616,50.92700827138544],[-114.12316176836387,50.92676999198776],[-114.1230900785188,50.9265766484523],[-114.12295742045126,50.92642093152787],[-114.12272667479645,50.92627399936882],[-114.12239600628689,50.92623342997346],[-114.1219851374388,50.926251763494285],[-114.12155095812604,50.926308005692746],[-114.12110852827475,50.92640226876699],[-114.12072092689839,50.92645722381183],[-114.12047699577535,50.92651347574738],[-114.11923050252128,50.92691648817392],[-114.11810153817609,50.92720917555148],[-114.11800184743471,50.92724389550657],[-114.11781570330838,50.92730005478061],[-114.1170878608219,50.92742365688024],[-114.11622957165422,50.92748180958562],[-114.11569159988389,50.92744917294791],[-114.1150614251584,50.927313481782825],[-114.11463328047377,50.927160271995184],[-114.11452170794303,50.92697614613342],[-114.11410632802227,50.92683493797037],[-114.11337426545211,50.9267103659771],[-114.1128029555386,50.92664889917153],[-114.11239212640287,50.926664818796354],[-114.11215298064256,50.92676297354347],[-114.11186147959666,50.927039253934424],[-114.11165817635361,50.92723289224565],[-114.11139615923608,50.927345154179484],[-114.11116218003464,50.92736955656768],[-114.1108881834749,50.92731986413318],[-114.11073160811974,50.92723536121663],[-114.11065933242463,50.92707533006471],[-114.11068170086271,50.92688983560729],[-114.11063909853189,50.926753833195164],[-114.1104902830168,50.92665748765986],[-114.11040525991257,50.926573528443235],[-114.11033257774382,50.92643491718145],[-114.11018703181617,50.92636477848953],[-114.1099346827306,50.926365235651325],[-114.10962103614717,50.92641997178274],[-114.1093760809275,50.92642762548951],[-114.10915399419069,50.92642117041358],[-114.10880250759215,50.926485137477286],[-114.10858236571686,50.9265739081449],[-114.10839107547703,50.92672954880731],[-114.10828473839784,50.926868477529695],[-114.10829923734201,50.92701235849842],[-114.10835312442575,50.92713867242105],[-114.10846414165701,50.9272418734595],[-114.1087507418722,50.927420204359755],[-114.10894914858532,50.927483606850714],[-114.10911442831575,50.92770385650021],[-114.10923910230056,50.9278809506316],[-114.1094682224225,50.9281112085731],[-114.10963831796182,50.928276747278275],[-114.10974067269044,50.928439388822525],[-114.10972219734298,50.92881533663596],[-114.10951388282886,50.92907320170351],[-114.10926323969619,50.92918078468266],[-114.10921563893848,50.9293065776305],[-114.10913323417167,50.929479712348424],[-114.10922451976953,50.92963036848029],[-114.10946680421314,50.92973870816327],[-114.10967535003326,50.929847469328124],[-114.10987053988379,50.929923312024],[-114.11009500317857,50.93000357342468],[-114.11020603102565,50.930106772810404],[-114.1101878325621,50.9302708756628],[-114.11005538211649,50.930500756057036],[-114.10980944690893,50.93075595531093],[-114.10948183702806,50.93094864206268],[-114.10921865717349,50.931120398021115],[-114.10895161952168,50.931296883059396],[-114.10839508548023,50.93144497507577],[-114.10789953566942,50.9315554448835],[-114.10755504034347,50.931645644860716],[-114.10721031586723,50.93174774344787],[-114.10687933215394,50.93191897481858],[-114.10663332647195,50.932176547302035],[-114.10656010865665,50.93245924327755],[-114.1063806595993,50.932584404006064],[-114.10621483284974,50.9326549623452],[-114.10606905330471,50.93271261830342],[-114.10586127748182,50.93276979938027],[-114.10570491522407,50.93284043396581],[-114.10550759656601,50.932891163993055],[-114.105216784238,50.9329672984427],[-114.10494663686444,50.933043590568026],[-114.10464586726268,50.93310005665303],[-114.10449062920189,50.93311192636753],[-114.10433601814111,50.933091149946385],[-114.10415053521866,50.93306360687312],[-114.10380023593365,50.933008677554696],[-114.10348080788837,50.93296051381061],[-114.10319225367483,50.932919116814624],[-114.10295448097371,50.932923820980626],[-114.10281990893505,50.93293584722953],[-114.1027255348942,50.9330069540885],[-114.102733983223,50.933104972130444],[-114.10283517144123,50.93321676285005],[-114.10296723354513,50.93333532116149],[-114.10322265774924,50.93348747751133],[-114.10348866918997,50.93362665446256],[-114.10361102718694,50.93371248679067],[-114.10378467470517,50.933818303262754],[-114.10398957053552,50.933911298235806],[-114.10419409086454,50.934023880585364],[-114.1043982359454,50.93415605031359],[-114.10455021734272,50.93431394080815],[-114.10462029022013,50.93443202183969],[-114.10465923964531,50.93455639470104],[-114.10468647685107,50.934752509711785],[-114.10472542530371,50.93487688163611],[-114.1047537912578,50.93501423342438],[-114.10465866361882,50.935124517279206],[-114.10447078971306,50.93522102971605],[-114.10429425193199,50.93526538746206],[-114.1040562178442,50.935283152006754],[-114.10378731017757,50.935294148617004],[-114.10343573767702,50.935304509953255],[-114.10306349954722,50.93531471240026],[-114.1026496790253,50.935337653339296],[-114.10243306362489,50.93531639793222],[-114.10207191312733,50.935287501205444],[-114.10172134669372,50.935245623766164],[-114.10138124158848,50.935197295270655],[-114.101268333423,50.935157245102644],[-114.10107263808314,50.93512308806051],[-114.1007744934559,50.93504243006466],[-114.10046639725398,50.934942104023364],[-114.10013801233148,50.93482203019726],[-114.09984982784798,50.93476103720282],[-114.09965425989834,50.93472034824854],[-114.09938623737588,50.934685630688165],[-114.09893247699628,50.934636418413724],[-114.09867503979203,50.93458872078143],[-114.09833620537508,50.93447509081447],[-114.09796675188093,50.93434163361222],[-114.09777270345728,50.93422259072644],[-114.09757827834702,50.934123135229335],[-114.09742531017376,50.934017470237954],[-114.09723164372647,50.93387883876338],[-114.09707994149768,50.93370788070153],[-114.09691651774067,50.933608663793194],[-114.09668177683625,50.933456652702006],[-114.09648723072678,50.933363724934985],[-114.09636463234442,50.933290944260094],[-114.0962175023166,50.93320364856876],[-114.09616849886852,50.93316444337956],[-114.09594568408271,50.93304608338834],[-114.0957719321427,50.93294678579195]]]}},{"type":"Feature","properties":{"name":"Calgary-Fish Creek","originalGeometryName":"Calgary-Fish Creek","displayName":"Calgary-Fish Creek","divisionNumber":11,"sourceProperties":{"EDNumber20":11,"EDName2017":"Calgary-Fish Creek","Km2":28.17790604,"Hectares":2817.79077148,"Acres":6962.91259766,"Authority":"Legislative Assembly of Alberta","Shape_Leng":23033.4652666,"Shape_Area":28177906.6373},"level":"provincial","effectiveFrom":"2019-03-19","sourceUrl":"https://www.elections.ab.ca/resources/maps/","licenceUrl":"https://www.elections.ab.ca/terms-conditions/","geometryProcessing":"Original source vertices, coordinate projection converted to WGS84 for GeoJSON; no simplification, repair or rounding. Original source attributes retained separately."},"geometry":{"type":"Polygon","coordinates":[[[-114.07109106083787,50.95046675698093],[-114.07097809662329,50.950466972172805],[-114.07074991359539,50.950467405880644],[-114.0701752821994,50.95046849725168],[-114.06879209807425,50.95047111142694],[-114.06814801206066,50.95045859508542],[-114.06681099411252,50.95043260276606],[-114.06628014343279,50.950407381889946],[-114.06561689634229,50.95036012243521],[-114.06502069201007,50.95028192828021],[-114.06468949085905,50.95023732051625],[-114.06288703027403,50.94986624743954],[-114.06143260411835,50.9495294108092],[-114.06023531412518,50.94924706111592],[-114.05991179220017,50.949192022516264],[-114.05801107324035,50.94875714927662],[-114.0574655543057,50.948637369507246],[-114.05670485709322,50.94848438251304],[-114.0562910944077,50.94841810608109],[-114.05511473061217,50.94829321585269],[-114.05438490888022,50.94825584184343],[-114.05061597341867,50.94824624127713],[-114.04210660563362,50.948238658513986],[-114.04181576673984,50.94824779164268],[-114.03622048247084,50.94823321627151],[-114.03422789694194,50.94823773293246],[-114.03301491578736,50.94828014030929],[-114.03171587698411,50.94846866694552],[-114.03099853009202,50.94863054027913],[-114.03028096147082,50.94880289632823],[-114.02912672157257,50.94921286360488],[-114.02884231027028,50.94931538837054],[-114.02807097970964,50.94967608495389],[-114.02751699376526,50.94996516384184],[-114.0268429318826,50.950413059605104],[-114.02672090018666,50.950504675441955],[-114.0258435958694,50.95137771308088],[-114.02548617492296,50.95179428922631],[-114.02520790265024,50.95220310606065],[-114.02512353230229,50.95240200045581],[-114.025047705861,50.95258705851331],[-114.02500685215608,50.952986323156495],[-114.02501364051133,50.953374365702544],[-114.02487606503466,50.95332402635551],[-114.02471014754074,50.953269883076395],[-114.02452842896066,50.95321058306987],[-114.02437036040372,50.953161529374995],[-114.02422809358733,50.95311763200337],[-114.02405411907301,50.953068444980545],[-114.02388009229917,50.95302176996624],[-114.02370601325673,50.95297760606066],[-114.02352398127505,50.95293337539874],[-114.02333394371914,50.95289159020919],[-114.02312407532341,50.95284712612778],[-114.02289040027021,50.95279994978326],[-114.02261701217809,50.9527499288135],[-114.02237925681526,50.9527077427072],[-114.02213349596155,50.952668000891634],[-114.02187967543868,50.95263321556901],[-114.02156233510736,50.95259287302953],[-114.0213301971637,50.95256575320465],[-114.02080342883389,50.9525011524058],[-114.02079904782359,50.95245784098078],[-114.0207922777522,50.95239090285595],[-114.02081175556046,50.95216367745271],[-114.02087251680118,50.95199887722651],[-114.02089782613551,50.95162443878462],[-114.0209404124997,50.951436477728194],[-114.0211494765842,50.9509628004627],[-114.02139793592896,50.95053659339556],[-114.02150327839875,50.95035589719603],[-114.02152837405666,50.95031284534952],[-114.02201977380497,50.94925494800834],[-114.02204312349916,50.949162367675676],[-114.02201963920835,50.94906890303966],[-114.02159401278415,50.948609509491305],[-114.02113664523766,50.94800133578992],[-114.02091771579248,50.94778701967414],[-114.0204702965516,50.947292213551954],[-114.02020494171137,50.94706502586773],[-114.0195691163276,50.946628896255746],[-114.0187254068702,50.945977309345466],[-114.01825331607594,50.945553561569184],[-114.01803786483072,50.94538248990836],[-114.0170928454592,50.94472510985658],[-114.01585383860133,50.943985548794394],[-114.01517289694428,50.94346358057524],[-114.01476563917527,50.94311307089191],[-114.01367683335408,50.94217600626928],[-114.01356189027182,50.94205485793096],[-114.01349334219172,50.9419826004526],[-114.01350230326331,50.9419274900478],[-114.01337451039225,50.941824019873394],[-114.01311513601058,50.941657625627926],[-114.01284122004648,50.94143552321628],[-114.01243112290858,50.9410640841784],[-114.0122180128164,50.940961903667],[-114.01171783195068,50.940787064512314],[-114.01121649665195,50.940498935313094],[-114.00959100634508,50.93933710304987],[-114.0092220383371,50.93909713565456],[-114.00894082556836,50.93894107795169],[-114.0084669876848,50.93875536732938],[-114.00832834122969,50.93869751582918],[-114.006471244778,50.93818750270137],[-114.00601907029692,50.93808496065054],[-114.00494216708564,50.937925380609265],[-114.00281427060015,50.93773615458721],[-114.00198518713455,50.93761734175331],[-114.00181107733262,50.93758130890607],[-114.00152483286618,50.93752209034369],[-114.00127054183046,50.93741272271573],[-114.00099034223247,50.937292219253216],[-114.00087347141077,50.93724590319149],[-114.0003047488135,50.93702054825019],[-114.00011104580295,50.93694379438782],[-114.0000000131923,50.9368997873501],[-113.99988314161544,50.936853464883974],[-113.9996858837704,50.936775297105264],[-113.99783350276803,50.93587152910535],[-113.99735118659197,50.93557012249126],[-113.99707303177362,50.93536758726395],[-113.99697736864331,50.93524539314534],[-113.99697199423642,50.93518793592658],[-113.99739594813963,50.935283974265936],[-113.9963662328677,50.93483067706242],[-113.99590504484844,50.93456180630995],[-113.99578132235142,50.934453735485015],[-113.9956857937743,50.93433598029688],[-113.99569092280022,50.93416402511428],[-113.99585656203286,50.93408254250894],[-113.9960597168867,50.93402757998349],[-113.99623610262935,50.933951651000825],[-113.99645799951641,50.93390833560267],[-113.99680191626351,50.93381004523875],[-113.99622966462378,50.933827186865],[-113.99598638071792,50.93386509008321],[-113.99557107071779,50.933971594013585],[-113.99511487742664,50.934058909607074],[-113.99484189098632,50.93405673548607],[-113.99459757470592,50.93403095520061],[-113.99419972835241,50.933902928588225],[-113.99354596874136,50.9337475103755],[-113.993173412354,50.93362430981875],[-113.9925724007589,50.933425542424146],[-113.99216663118597,50.933137309285335],[-113.9920516702075,50.93302137336393],[-113.99196559975417,50.932891316641104],[-113.99174825817624,50.932289774675915],[-113.99171849578788,50.93191821183673],[-113.99170610965452,50.93176357396079],[-113.99161287058661,50.93124159306434],[-113.99158333554834,50.93089290296653],[-113.99171650920002,50.93003699311253],[-113.99183362597135,50.92976745101169],[-113.99218681921585,50.92926154851323],[-113.99240933581798,50.92904070935835],[-113.99254355524171,50.9286447999902],[-113.99268721937324,50.92830759309158],[-113.9927044442172,50.92795459414188],[-113.99265333629954,50.92780197480573],[-113.99192134185432,50.9269469675008],[-113.99110540600118,50.92615336086364],[-113.99103461991774,50.92603325140567],[-113.9909049295455,50.92593189705544],[-113.99079684509547,50.925808110302924],[-113.99046223182155,50.92527098747852],[-113.99012137391887,50.925117425858474],[-113.9900233933181,50.9249950572318],[-113.9900092584778,50.9249054647535],[-113.98888247167237,50.924051819898445],[-113.98866150358269,50.923829361364994],[-113.98849571526165,50.92356970307421],[-113.98842980015438,50.923429464886254],[-113.98846588366285,50.92292844452222],[-113.98892821922782,50.9215877420239],[-113.98896861867954,50.92141597426601],[-113.98901421978618,50.92124927697955],[-113.98943076773827,50.92044614811151],[-113.98973940077774,50.91992267793996],[-113.99022078751749,50.91927079331217],[-113.99067131585136,50.91905223304753],[-113.9908726067674,50.918928038920754],[-113.9910160193551,50.91878966419655],[-113.99110478074887,50.918661315994534],[-113.99123624493767,50.918562309942914],[-113.9915509415375,50.91821432917087],[-113.99187230283887,50.917800870900805],[-113.99218012907326,50.91736812243474],[-113.99236360035673,50.91730190288052],[-113.99244207191218,50.91738604522972],[-113.99240805096251,50.917732167720594],[-113.99244873519726,50.917769594338296],[-113.99261190878252,50.91750621341383],[-113.9927467869144,50.917407251310735],[-113.992842096321,50.917287135199274],[-113.99307894829208,50.91688538044579],[-113.99334111625973,50.9161162126593],[-113.99335516818945,50.916096312973465],[-113.993523857836,50.91585742541811],[-113.99393560022975,50.9153882127018],[-113.99453011635245,50.914824006805986],[-113.99535536726017,50.91421432242995],[-113.99551033453032,50.914058890626265],[-113.99558243917105,50.91398656181723],[-113.99639875549953,50.91338594805308],[-113.99686283847798,50.9131285615164],[-113.99801889019726,50.9125751871005],[-113.99811428347931,50.91245231624116],[-113.99812673584748,50.91227459345775],[-113.99822912277067,50.912148064254836],[-113.99852490949081,50.91196417423181],[-113.99867765138309,50.911869226102276],[-113.99880970302492,50.91181195499079],[-113.99977610114348,50.91142441854707],[-113.99990889077779,50.911371167663475],[-114.00000000695206,50.911349522516936],[-114.00011558710933,50.91132205825271],[-114.00052813589058,50.911224045228614],[-114.00087886419017,50.91114072292778],[-114.00099100030346,50.91111409019176],[-114.00114392987108,50.91110274777845],[-114.00139947095279,50.91108378746736],[-114.00149925144927,50.91106190308234],[-114.00178565747926,50.910999096873766],[-114.0020459364075,50.91094200613839],[-114.00301030356366,50.91080014208201],[-114.00484641364436,50.91063134890084],[-114.00530697418739,50.910615767477125],[-114.00583613618247,50.910643051140696],[-114.00610395532225,50.9107536773238],[-114.00653118666274,50.91081778724081],[-114.00700723920205,50.91085610939182],[-114.00737596761095,50.910851690575406],[-114.00760136767626,50.91077922626242],[-114.00778863888485,50.91057479329588],[-114.00779456064812,50.910430535043],[-114.00793949707777,50.91038916101395],[-114.00809272916808,50.910307825497874],[-114.00826748451246,50.91028409016387],[-114.00849248379329,50.91020892897383],[-114.00901710959376,50.909841109287264],[-114.01004228337499,50.90923791588706],[-114.01034896783193,50.90902487132669],[-114.01061504534397,50.9087917093043],[-114.01087433489097,50.90853031657769],[-114.01113140080685,50.90808160598269],[-114.01121685725388,50.90773196766746],[-114.0112535809285,50.907396161643696],[-114.01124620023016,50.90694052901479],[-114.01120347098612,50.90673467677009],[-114.01115811605683,50.906516238624825],[-114.01097282532129,50.90597381907047],[-114.01087418677606,50.90574777443905],[-114.01089590297302,50.90560741930024],[-114.01097152940748,50.90553144474597],[-114.01103323860511,50.905469445296504],[-114.01094988335376,50.90537736150336],[-114.01083479929956,50.905426729197416],[-114.01068972908456,50.9054889614024],[-114.01050669607308,50.90531807772582],[-114.01031582637349,50.90521374205514],[-114.00984443275469,50.90482089643657],[-114.00919125838092,50.90439381287714],[-114.0084725617587,50.904007522544],[-114.00826393552175,50.903854768107124],[-114.00809889057403,50.903777341717365],[-114.00783467745656,50.90380414813972],[-114.00763747145896,50.90389803216814],[-114.00735007724509,50.90392095547061],[-114.00694033522494,50.90389585215742],[-114.00660073516795,50.90383809672211],[-114.00635410360508,50.90370844509562],[-114.00619627143263,50.903524438882485],[-114.00568062538605,50.9028028514532],[-114.00562266415437,50.902595509631595],[-114.00555655388614,50.90201063914935],[-114.00557196078357,50.901692470527834],[-114.00566183912133,50.90133879356063],[-114.00575080047342,50.9011092643983],[-114.00590608988072,50.90089150966242],[-114.00610435541618,50.90069643919848],[-114.00641150933535,50.90052382569463],[-114.00821311696974,50.89997367750471],[-114.00849123920003,50.89987532205331],[-114.00872557435966,50.89968010276472],[-114.00900582011862,50.899503425940836],[-114.00933519932698,50.8992957810107],[-114.00958876094474,50.89910719344866],[-114.00979616139476,50.898789490545795],[-114.00998461942318,50.89830327094564],[-114.01005113463243,50.897967192914855],[-114.01033561973524,50.89732551631068],[-114.0104690195795,50.89687190301934],[-114.01059407107202,50.896216742323105],[-114.01062896705399,50.89595845790125],[-114.0106401935174,50.89526276825787],[-114.01051952938884,50.89458791582219],[-114.01039732877514,50.89419821608518],[-114.0103393570747,50.894013342401024],[-114.01033028590523,50.89398441270272],[-114.01086981516156,50.893899918899386],[-114.01160113377158,50.89378040734746],[-114.01249849600329,50.89364134482067],[-114.01359546255205,50.893462059952135],[-114.01489070115743,50.893305389279845],[-114.01621949172264,50.893128034986695],[-114.0172819894369,50.89301127843172],[-114.01837627987072,50.892957632055186],[-114.0203992546233,50.89284891984897],[-114.02265230744484,50.89282590272918],[-114.02450791558827,50.89279952246629],[-114.02609812224135,50.892791849026786],[-114.0275222933241,50.89280372197653],[-114.02927853771752,50.89277643717433],[-114.03358460761464,50.89279121416363],[-114.0360690639909,50.89279080468309],[-114.03871912354771,50.89279170613083],[-114.04004479820178,50.892760712940806],[-114.0419674981948,50.89269270464004],[-114.04483291424603,50.89261713390539],[-114.04521352666369,50.89261570524033],[-114.04650613098593,50.892612646060485],[-114.04750790307833,50.89261166218062],[-114.04779375363707,50.892609516636995],[-114.04873944891051,50.89260815832098],[-114.04946477420265,50.892604982860945],[-114.05001092078312,50.892595862814886],[-114.05082899154087,50.89261154179151],[-114.05179105754351,50.89261936034845],[-114.05273876672408,50.89262705447573],[-114.05393113440446,50.89260947442299],[-114.0543902269429,50.89260734464753],[-114.05441989954707,50.8926435035933],[-114.05466734621369,50.89304757005041],[-114.05510522630645,50.89372712945779],[-114.05570292107204,50.894693620128656],[-114.05640273856686,50.89582279552445],[-114.05700125421635,50.89675119987966],[-114.05705973723475,50.89683736491757],[-114.0572637539153,50.89717225857615],[-114.05755597980945,50.89761259862916],[-114.05787620553589,50.89815789938895],[-114.05821187604948,50.89868427999897],[-114.05859060415655,50.899315741396286],[-114.05896991807853,50.89991864319768],[-114.0593202849642,50.90046418175347],[-114.05961235873522,50.90091403697643],[-114.05993320583508,50.90143077188451],[-114.0602397708157,50.90190930600296],[-114.06054691823807,50.90235927916831],[-114.06091160868414,50.90294301365497],[-114.0611884667778,50.90340226325991],[-114.0615537488766,50.903957435582036],[-114.06187425533739,50.904493204915916],[-114.06210695035662,50.90487137985332],[-114.06228700551688,50.90511365871757],[-114.06240130574906,50.90529695811721],[-114.06253510499845,50.905524059554004],[-114.06277846030854,50.90595722694303],[-114.06314378096029,50.90651239515518],[-114.06344983856675,50.907019480036624],[-114.06390207823311,50.90774672605256],[-114.06448583679973,50.908674971030706],[-114.06492362384674,50.9093735331519],[-114.06534636548992,50.9100719730683],[-114.06584326510378,50.910828132378626],[-114.06631044672166,50.91156500892691],[-114.06690935785629,50.91249336300825],[-114.06707024068945,50.912732680207284],[-114.06743509377736,50.913316394157036],[-114.06749380532044,50.91339303357319],[-114.06753993365122,50.913463716655535],[-114.06771264708728,50.9137470688886],[-114.06796046776282,50.91415846272575],[-114.06813546936922,50.91444549861632],[-114.06841360595595,50.91484761241256],[-114.06863226995655,50.9152111654304],[-114.06889535512079,50.9156131579362],[-114.0692749337581,50.916216025096254],[-114.06959542022128,50.91676129336749],[-114.07004860743903,50.91745043576464],[-114.0703542428435,50.91798606164336],[-114.0706303332606,50.91849288770129],[-114.07083378043362,50.91886583701838],[-114.07102065576163,50.9193148235821],[-114.07120848228779,50.91971621167123],[-114.0714390293552,50.92024171614067],[-114.0716129394474,50.9205858652744],[-114.07169762145845,50.920872176304414],[-114.07173901567201,50.92106293084935],[-114.07180958574179,50.921301523894314],[-114.07190933090058,50.92158795537271],[-114.07193149899778,50.92198802522757],[-114.07195158262505,50.92249281168696],[-114.0719607736894,50.92278804423164],[-114.07190858071132,50.92313991728512],[-114.07180343457306,50.92388174013494],[-114.07173617610246,50.92423349239118],[-114.0715884905413,50.9248416798157],[-114.07152388347572,50.925060155170804],[-114.07147528528273,50.925231151236304],[-114.071395613723,50.92544950761291],[-114.07133119301265,50.92565846247597],[-114.0712673418057,50.92583885897759],[-114.07121874180667,50.92600985580399],[-114.07118892137362,50.92613824633274],[-114.07113868851755,50.926247249946414],[-114.07107635257796,50.926351488091115],[-114.07099686680552,50.92656032379418],[-114.07088668517967,50.92679747893776],[-114.07079213531308,50.927006194623],[-114.07069663616056,50.9272625083116],[-114.07057062981255,50.92753762278271],[-114.07046025533943,50.92778429690939],[-114.07036570151017,50.92799301219375],[-114.07024082993048,50.92821100694095],[-114.07014684365618,50.9283911628181],[-114.07005190751539,50.92861891668223],[-114.0699575399832,50.928818111254444],[-114.06984753746723,50.92904574583717],[-114.06979544268728,50.92914850216232],[-114.06973193733336,50.929273762147155],[-114.06872352859789,50.93146222368856],[-114.06870414044556,50.931548747150465],[-114.06848112114123,50.932474054085624],[-114.0683551133211,50.93304036299791],[-114.06835108965898,50.93324252874247],[-114.06834277559422,50.933660345555005],[-114.06834209262735,50.93369452660181],[-114.06835613656027,50.93423909185648],[-114.06842374007611,50.93484715122949],[-114.06899377723802,50.937703612729564],[-114.06932328090085,50.93935460542037],[-114.06934249363911,50.93945087107553],[-114.06934772561873,50.9394770852066],[-114.06935895794079,50.9395318946504],[-114.07021801491106,50.943379886435025],[-114.07056322926753,50.945481935851944],[-114.07068554390658,50.94646128323714],[-114.07086755900512,50.94825920498725],[-114.07107862250844,50.95034390459992],[-114.07108698045563,50.95042646194974],[-114.07109106083787,50.95046675698093]]]}},{"type":"Feature","properties":{"name":"Calgary-Glenmore","originalGeometryName":"Calgary-Glenmore","displayName":"Calgary-Glenmore","divisionNumber":13,"sourceProperties":{"EDNumber20":13,"EDName2017":"Calgary-Glenmore","Km2":29.20823669,"Hectares":2920.82373047,"Acres":7217.51269531,"Authority":"Legislative Assembly of Alberta","Shape_Leng":31116.5447765,"Shape_Area":29208237.4502},"level":"provincial","effectiveFrom":"2019-03-19","sourceUrl":"https://www.elections.ab.ca/resources/maps/","licenceUrl":"https://www.elections.ab.ca/terms-conditions/","geometryProcessing":"Original source vertices, coordinate projection converted to WGS84 for GeoJSON; no simplification, repair or rounding. Original source attributes retained separately."},"geometry":{"type":"Polygon","coordinates":[[[-114.09571624708529,50.994208277498444],[-114.09559820837094,50.99419275370212],[-114.09517549835785,50.99413716050008],[-114.0948891590832,50.99414081342422],[-114.09439073566581,50.994117872239336],[-114.09372408440287,50.994112702551114],[-114.09305649466006,50.99415561081989],[-114.09215986838531,50.994220779294075],[-114.09142549268996,50.99426916969604],[-114.09073896945692,50.99430590612222],[-114.09024315214766,50.994332101052976],[-114.08933805341293,50.994343083292954],[-114.08809939268737,50.994363476225956],[-114.0865558548925,50.99438748397381],[-114.0849460059953,50.99439291877793],[-114.08318068094596,50.99439822420042],[-114.08318113409842,50.994348677676875],[-114.08318231342781,50.99422017501339],[-114.08318249869042,50.99419999406197],[-114.0831816020623,50.99409646785628],[-114.0831877725737,50.99242047943635],[-114.0831876379181,50.9924173296571],[-114.08317912025322,50.992218107011325],[-114.08316803565543,50.991915994542076],[-114.08316178734063,50.99174571745434],[-114.08314998774475,50.99152540586905],[-114.08314727729982,50.9914747972137],[-114.08314627663624,50.9914561318271],[-114.08314566897565,50.991097832959255],[-114.08314487458655,50.990616257384524],[-114.08314293149114,50.99056324012254],[-114.08314415739818,50.99035112383944],[-114.08314173958027,50.98954586553753],[-114.08314134352209,50.987817573459765],[-114.08313687968904,50.98697767447318],[-114.08313445332197,50.986521472581295],[-114.08313429239898,50.98644318500314],[-114.08312650461265,50.98603115899685],[-114.08315450628628,50.984448758779415],[-114.08316830634959,50.98377445927683],[-114.08314610475162,50.982991359391974],[-114.08315470547205,50.982173059080914],[-114.08316100525558,50.981390659491524],[-114.0831602235815,50.98078507730438],[-114.0831587060911,50.97960955941926],[-114.08595280589599,50.97958935892938],[-114.08690820598517,50.97957725938383],[-114.08720750517062,50.97957575890431],[-114.08816240532421,50.97957255969427],[-114.08948710517019,50.97957865824331],[-114.08971470626514,50.97958435901543],[-114.09034180610053,50.97958195890203],[-114.09169500516124,50.979588659175],[-114.09235060554737,50.97958705914888],[-114.09360480474685,50.979582258734744],[-114.09388938859753,50.979571431766175],[-114.09416996816957,50.9795598524443],[-114.09475274833086,50.97956432973151],[-114.09488835377138,50.97956535265282],[-114.0948774617141,50.978675191396256],[-114.0949158855704,50.97815662466877],[-114.09501306890235,50.977531162199895],[-114.09508156387115,50.97692336932279],[-114.0951189406597,50.9764584702036],[-114.0951698729323,50.972379515236064],[-114.0952340000792,50.967620768116426],[-114.09530836651851,50.963792476821546],[-114.09529741154724,50.96289779568455],[-114.09528645675933,50.96200311531204],[-114.0952441480237,50.96160658656621],[-114.09523953110377,50.96150177794029],[-114.09521965565308,50.9614386402442],[-114.09484625990213,50.959870565615454],[-114.0948252334581,50.95949467278985],[-114.09480525704979,50.95614872674668],[-114.09480908445441,50.95303555812799],[-114.09479920704598,50.95061661360004],[-114.09479170467058,50.950502658236374],[-114.09479379702363,50.95047427459569],[-114.09480416656292,50.95033358278499],[-114.09483097895156,50.948992147208536],[-114.09475000556593,50.94823645897606],[-114.09480400456658,50.94759915883456],[-114.0948144051649,50.9453776588564],[-114.09480050484437,50.94331745809545],[-114.09477060456912,50.94288495921623],[-114.09440590617156,50.94142765883895],[-114.09441511364493,50.94080483780118],[-114.09448615234422,50.94045344232884],[-114.09448471565796,50.93738834113503],[-114.0947680629438,50.937388314047766],[-114.09477828276064,50.93593248690937],[-114.09479463124545,50.932323992740166],[-114.09479421554339,50.93220782665217],[-114.09502970288351,50.932320666115984],[-114.09524288030389,50.93251822439418],[-114.09535412871531,50.932643159729004],[-114.09556806883148,50.932801542036614],[-114.0957719321427,50.93294678579195],[-114.09594568408271,50.93304608338834],[-114.09616849886852,50.93316444337956],[-114.0962175023166,50.93320364856876],[-114.09636463234442,50.933290944260094],[-114.09648723072678,50.933363724934985],[-114.09668177683625,50.933456652702006],[-114.09691651774067,50.933608663793194],[-114.09707994149768,50.93370788070153],[-114.09723164372647,50.93387883876338],[-114.09742531017376,50.934017470237954],[-114.09757827834702,50.934123135229335],[-114.09777270345728,50.93422259072644],[-114.09796675188093,50.93434163361222],[-114.09833620537508,50.93447509081447],[-114.09867503979203,50.93458872078143],[-114.09893247699628,50.934636418413724],[-114.09938623737588,50.934685630688165],[-114.09965425989834,50.93472034824854],[-114.09984982784798,50.93476103720282],[-114.10013801233148,50.93482203019726],[-114.10046639725398,50.934942104023364],[-114.1007744934559,50.93504243006466],[-114.10107263808314,50.93512308806051],[-114.101268333423,50.935157245102644],[-114.10138124158848,50.935197295270655],[-114.10172134669372,50.935245623766164],[-114.10207191312733,50.935287501205444],[-114.10243306362489,50.93531639793222],[-114.1026496790253,50.935337653339296],[-114.10306349954722,50.93531471240026],[-114.10343573767702,50.935304509953255],[-114.10378731017757,50.935294148617004],[-114.1040562178442,50.935283152006754],[-114.10429425193199,50.93526538746206],[-114.10447078971306,50.93522102971605],[-114.10465866361882,50.935124517279206],[-114.1047537912578,50.93501423342438],[-114.10472542530371,50.93487688163611],[-114.10468647685107,50.934752509711785],[-114.10465923964531,50.93455639470104],[-114.10462029022013,50.93443202183969],[-114.10455021734272,50.93431394080815],[-114.1043982359454,50.93415605031359],[-114.10419409086454,50.934023880585364],[-114.10398957053552,50.933911298235806],[-114.10378467470517,50.933818303262754],[-114.10361102718694,50.93371248679067],[-114.10348866918997,50.93362665446256],[-114.10322265774924,50.93348747751133],[-114.10296723354513,50.93333532116149],[-114.10283517144123,50.93321676285005],[-114.102733983223,50.933104972130444],[-114.1027255348942,50.9330069540885],[-114.10281990893505,50.93293584722953],[-114.10295448097371,50.932923820980626],[-114.10319225367483,50.932919116814624],[-114.10348080788837,50.93296051381061],[-114.10380023593365,50.933008677554696],[-114.10415053521866,50.93306360687312],[-114.10433601814111,50.933091149946385],[-114.10449062920189,50.93311192636753],[-114.10464586726268,50.93310005665303],[-114.10494663686444,50.933043590568026],[-114.105216784238,50.9329672984427],[-114.10550759656601,50.932891163993055],[-114.10570491522407,50.93284043396581],[-114.10586127748182,50.93276979938027],[-114.10606905330471,50.93271261830342],[-114.10621483284974,50.9326549623452],[-114.1063806595993,50.932584404006064],[-114.10656010865665,50.93245924327755],[-114.10663332647195,50.932176547302035],[-114.10687933215394,50.93191897481858],[-114.10721031586723,50.93174774344787],[-114.10755504034347,50.931645644860716],[-114.10789953566942,50.9315554448835],[-114.10839508548023,50.93144497507577],[-114.10895161952168,50.931296883059396],[-114.10921865717349,50.931120398021115],[-114.10948183702806,50.93094864206268],[-114.10980944690893,50.93075595531093],[-114.11005538211649,50.930500756057036],[-114.1101878325621,50.9302708756628],[-114.11020603102565,50.930106772810404],[-114.11009500317857,50.93000357342468],[-114.10987053988379,50.929923312024],[-114.10967535003326,50.929847469328124],[-114.10946680421314,50.92973870816327],[-114.10922451976953,50.92963036848029],[-114.10913323417167,50.929479712348424],[-114.10921563893848,50.9293065776305],[-114.10926323969619,50.92918078468266],[-114.10951388282886,50.92907320170351],[-114.10972219734298,50.92881533663596],[-114.10974067269044,50.928439388822525],[-114.10963831796182,50.928276747278275],[-114.1094682224225,50.9281112085731],[-114.10923910230056,50.9278809506316],[-114.10911442831575,50.92770385650021],[-114.10894914858532,50.927483606850714],[-114.1087507418722,50.927420204359755],[-114.10846414165701,50.9272418734595],[-114.10835312442575,50.92713867242105],[-114.10829923734201,50.92701235849842],[-114.10828473839784,50.926868477529695],[-114.10839107547703,50.92672954880731],[-114.10858236571686,50.9265739081449],[-114.10880250759215,50.926485137477286],[-114.10915399419069,50.92642117041358],[-114.1093760809275,50.92642762548951],[-114.10962103614717,50.92641997178274],[-114.1099346827306,50.926365235651325],[-114.11018703181617,50.92636477848953],[-114.11033257774382,50.92643491718145],[-114.11040525991257,50.926573528443235],[-114.1104902830168,50.92665748765986],[-114.11063909853189,50.926753833195164],[-114.11068170086271,50.92688983560729],[-114.11065933242463,50.92707533006471],[-114.11073160811974,50.92723536121663],[-114.1108881834749,50.92731986413318],[-114.11116218003464,50.92736955656768],[-114.11139615923608,50.927345154179484],[-114.11165817635361,50.92723289224565],[-114.11186147959666,50.927039253934424],[-114.11215298064256,50.92676297354347],[-114.11239212640287,50.926664818796354],[-114.1128029555386,50.92664889917153],[-114.11337426545211,50.9267103659771],[-114.11410632802227,50.92683493797037],[-114.11452170794303,50.92697614613342],[-114.11463328047377,50.927160271995184],[-114.1150614251584,50.927313481782825],[-114.11569159988389,50.92744917294791],[-114.11622957165422,50.92748180958562],[-114.1170878608219,50.92742365688024],[-114.11781570330838,50.92730005478061],[-114.11800184743471,50.92724389550657],[-114.11810153817609,50.92720917555148],[-114.11923050252128,50.92691648817392],[-114.12047699577535,50.92651347574738],[-114.12072092689839,50.92645722381183],[-114.12110852827475,50.92640226876699],[-114.12155095812604,50.926308005692746],[-114.1219851374388,50.926251763494285],[-114.12239600628689,50.92623342997346],[-114.12272667479645,50.92627399936882],[-114.12295742045126,50.92642093152787],[-114.1230900785188,50.9265766484523],[-114.12316176836387,50.92676999198776],[-114.12319495274616,50.92700827138544],[-114.12318169348066,50.92731285205896],[-114.12306195478322,50.92747143344378],[-114.12290061223791,50.92763922402217],[-114.122719902299,50.927835431626974],[-114.1225832156583,50.92809385888015],[-114.1226339735015,50.92839891956647],[-114.1227135546307,50.92857327987265],[-114.12283438367636,50.928757471797844],[-114.12288712973246,50.92899319832246],[-114.12300547438699,50.92907295707858],[-114.1231616322456,50.92918124394274],[-114.12359153357377,50.92915352725993],[-114.12394391474314,50.929041916932015],[-114.12427432424721,50.928896816206525],[-114.12477396165882,50.928564938921916],[-114.12529757107518,50.928159448591394],[-114.12576269586124,50.92778929053784],[-114.12603836773282,50.92761990477544],[-114.12623713381504,50.92746429220576],[-114.12652380616238,50.927240307332376],[-114.12688202602921,50.92701685766807],[-114.12727050132635,50.92678649167839],[-114.12763203498967,50.92658686632851],[-114.1280866415379,50.926445063099315],[-114.1285453656447,50.926284246096984],[-114.12903926650218,50.926035895352754],[-114.12942072695961,50.925795671885126],[-114.12975038599805,50.925688634665576],[-114.13021804244177,50.92565403457549],[-114.13054122644137,50.92569214562908],[-114.13114116886733,50.92563234359288],[-114.13155623812501,50.92559020546745],[-114.13193333884539,50.92556444588753],[-114.13239682818435,50.925551228387604],[-114.13283262982662,50.92560921255865],[-114.1331813353836,50.92569273266551],[-114.13339421173274,50.9257895246426],[-114.13360881982722,50.92599582366703],[-114.13381010153488,50.92631151801151],[-114.13406100257275,50.92659187496486],[-114.13424062147399,50.926857421041696],[-114.1345598866948,50.927107340547245],[-114.13481672592563,50.92727110481107],[-114.13506541689722,50.92746813179127],[-114.13535619595855,50.927629765794045],[-114.13562854635794,50.92776984036828],[-114.13595304503902,50.927941244282614],[-114.13638158312702,50.92818958590084],[-114.13668424243956,50.9283203603335],[-114.13738620275534,50.928651650317974],[-114.13747539815749,50.92871657782311],[-114.13745313385644,50.928902076957385],[-114.1374411129359,50.92914477990578],[-114.13760124564182,50.92924355492348],[-114.13789065415625,50.929276636073915],[-114.13827872830547,50.92926997968343],[-114.13856608721457,50.929210211797944],[-114.13887079344615,50.929148174492404],[-114.13937144830226,50.929042388165065],[-114.13962946658496,50.92893955597365],[-114.13984255568317,50.92882211044519],[-114.14005822498167,50.92876895213896],[-114.14028247771434,50.9286587284797],[-114.14063026164905,50.928589879483326],[-114.14089751115144,50.92859898738396],[-114.14111037304379,50.928698145517274],[-114.14126890752519,50.928832643806714],[-114.14126947083514,50.93035921916393],[-114.14127151512916,50.935908610620515],[-114.14127555390992,50.943149464562275],[-114.14127942556553,50.950382474393926],[-114.14127944076034,50.95056327483905],[-114.14128053582773,50.957787797735435],[-114.14128152695463,50.96501491102961],[-114.14128422671817,50.972245994583865],[-114.14128685447086,50.97947796124266],[-114.14128648261115,50.97965881193497],[-114.15328878279365,50.9843883888562],[-114.16421213318388,50.98477774914382],[-114.16421314655871,50.98656742130283],[-114.16421336473383,50.986937027603716],[-114.16421651713978,50.992361737464265],[-114.16421666061584,50.992610878689725],[-114.1642190775389,50.996778033607384],[-114.15880371274173,50.998322444679175],[-114.1572396552563,50.998216891439746],[-114.15585694363654,50.99775415190353],[-114.15151053205159,50.99726932434364],[-114.14298740771851,50.99410579504845],[-114.14129470302011,50.99410206485377],[-114.14129490040311,51.00138093786838],[-114.14129359057492,51.00860708159087],[-114.13846674897928,51.008598806919466],[-114.13827878972866,51.00856171630471],[-114.13805398949985,51.0084767487972],[-114.13773919946465,51.00833278836859],[-114.13741797780258,51.00818642167077],[-114.13713814034693,51.0080177367222],[-114.13680282488775,51.00778913341251],[-114.13463187438522,51.00584505065194],[-114.13171478594715,51.003262800179286],[-114.13084629212412,51.002496462851674],[-114.13019421834827,51.0020631598477],[-114.12942766546101,51.00170040838931],[-114.12916519536375,51.00161514285143],[-114.12858368155936,51.00144418714316],[-114.12811398779947,51.001345472201876],[-114.12751228334143,51.00124576869801],[-114.12700353648552,51.0012181658723],[-114.1229677104305,51.001187939433834],[-114.12253417748329,51.00117278205506],[-114.12200747440487,51.001097416788866],[-114.12129308160324,51.00097303183713],[-114.12009061539503,51.00072595442449],[-114.11953822577013,51.00060942519536],[-114.11799348653545,51.00029571038199],[-114.117995290967,50.999561324648255],[-114.11794261630655,50.997154264769456],[-114.11795467532873,50.99532444274678],[-114.1179452122623,50.994126066613035],[-114.11791824709297,50.99412596917412],[-114.11768810722391,50.9941259711818],[-114.11628321921863,50.99412597261945],[-114.11583593911506,50.99412596916454],[-114.11538866329188,50.99412596492901],[-114.11457614752281,50.994125950556445],[-114.11441974356603,50.9940355700312],[-114.11354727457689,50.99403559510945],[-114.11341610945894,50.994126021398316],[-114.1126239180289,50.99412605862202],[-114.11229402956745,50.99412607767342],[-114.11196414123759,50.994126089496746],[-114.11150037701971,50.994126108770004],[-114.11113974116435,50.99412611741957],[-114.1109660924315,50.994126058275654],[-114.11024558133907,50.99412610664324],[-114.10981151946669,50.994126139408294],[-114.10948597613258,50.99412615215138],[-114.10916911587856,50.994126160027555],[-114.10916791414755,50.99412615986027],[-114.10916896849496,50.99457529726436],[-114.10916896822837,50.99457546009599],[-114.109177137929,50.99805666335613],[-114.10917720169705,50.99808363483389],[-114.10917808279302,50.998459088897],[-114.10848868732555,50.99831457065688],[-114.1084429004504,50.998304972126995],[-114.10699633813626,50.99800828965251],[-114.10586968383053,50.9977497426517],[-114.10534442045493,50.99760290468509],[-114.1050631610994,50.997517439973706],[-114.10448178841419,50.99734636578732],[-114.10401333422409,50.99718805509976],[-114.10358236778819,50.997041932318304],[-114.10322614627603,50.996932085452286],[-114.10000516882073,50.99554553594453],[-114.09966244565354,50.9953848772449],[-114.09838181288868,50.99484775425078],[-114.09800722458492,50.994713947089394],[-114.09712128612595,50.994458184704584],[-114.09652497732557,50.99432164780433],[-114.09571624708529,50.994208277498444]]]}},{"type":"Feature","properties":{"name":"Calgary-Elbow","originalGeometryName":"Calgary-Elbow","displayName":"Calgary-Elbow","divisionNumber":9,"sourceProperties":{"EDNumber20":9,"EDName2017":"Calgary-Elbow","Km2":19.04286385,"Hectares":1904.28637695,"Acres":4705.59423828,"Authority":"Legislative Assembly of Alberta","Shape_Leng":28297.365352,"Shape_Area":19042863.596},"level":"provincial","effectiveFrom":"2019-03-19","sourceUrl":"https://www.elections.ab.ca/resources/maps/","licenceUrl":"https://www.elections.ab.ca/terms-conditions/","geometryProcessing":"Original source vertices, coordinate projection converted to WGS84 for GeoJSON; no simplification, repair or rounding. Original source attributes retained separately."},"geometry":{"type":"Polygon","coordinates":[[[-114.1196539290483,51.000633834169946],[-114.12009061539503,51.00072595442449],[-114.12129308160324,51.00097303183713],[-114.12200747440487,51.001097416788866],[-114.12253417748329,51.00117278205506],[-114.1229677104305,51.001187939433834],[-114.12700353648552,51.0012181658723],[-114.12751228334143,51.00124576869801],[-114.12811398779947,51.001345472201876],[-114.12858368155936,51.00144418714316],[-114.12916519536375,51.00161514285143],[-114.12942766546101,51.00170040838931],[-114.13019421834827,51.0020631598477],[-114.13084629212412,51.002496462851674],[-114.13171478594715,51.003262800179286],[-114.13463187438522,51.00584505065194],[-114.13680282488775,51.00778913341251],[-114.13713814034693,51.0080177367222],[-114.13741797780258,51.00818642167077],[-114.13773919946465,51.00833278836859],[-114.13805398949985,51.0084767487972],[-114.13827878972866,51.00856171630471],[-114.13846674897928,51.008598806919466],[-114.14129359057492,51.00860708159087],[-114.15276366626165,51.008623354756836],[-114.1635391977973,51.00863758975793],[-114.1635279049722,51.009402158937185],[-114.16308380534214,51.00967015911506],[-114.16295178405201,51.009735947816544],[-114.1632134852157,51.00994803402957],[-114.1637800640544,51.010332933630536],[-114.16422456105302,51.01079312605478],[-114.16451576527153,51.01138551589292],[-114.16459467859315,51.01203351364475],[-114.16460809904156,51.01296667577403],[-114.16459338904534,51.013785383912314],[-114.1646153606864,51.0142425527619],[-114.1647570421324,51.0147577037084],[-114.1648959906849,51.0154251724148],[-114.16509291782646,51.01622634934758],[-114.16522879700116,51.01706517541939],[-114.16527391511622,51.01789022730584],[-114.16527241649169,51.01799855148858],[-114.16526478151104,51.01803382709904],[-114.164314556603,51.01800368518772],[-114.16370893081844,51.01794155297263],[-114.16314490637785,51.01790304469978],[-114.16238052663091,51.01786309672542],[-114.1615606776428,51.017868706795014],[-114.16105046988447,51.01787653471251],[-114.16026621837547,51.01792835323869],[-114.15982782892038,51.017994143025795],[-114.15844062889322,51.018145023604966],[-114.15716291575579,51.018285187487095],[-114.1567078517839,51.018340393434805],[-114.15561155994517,51.01844634126],[-114.15462588853464,51.01855411645341],[-114.15433382892864,51.01858647410872],[-114.15371244349582,51.01869687750039],[-114.15309063652492,51.01883025552174],[-114.15285879043253,51.01888589194583],[-114.15230363716861,51.01903137309052],[-114.15138765904668,51.01931198082551],[-114.15043524079249,51.019592316455764],[-114.14988606241992,51.0197376955326],[-114.14957001547604,51.01983203104296],[-114.14904333693278,51.01999583775553],[-114.14821902749426,51.02024261721682],[-114.14763298354457,51.02041069706898],[-114.14655216894926,51.020736025509436],[-114.14570961823141,51.02098265406928],[-114.14529491456969,51.021094941079184],[-114.14468363551107,51.0212968760813],[-114.14407892583719,51.02148778249716],[-114.14373050174356,51.02161162295714],[-114.14299742615155,51.021847544130665],[-114.142135772995,51.02213996793922],[-114.14118260488529,51.02245469292067],[-114.14118622361937,51.02238290135169],[-114.141194320227,51.020893678562956],[-114.14118812380917,51.02046105779105],[-114.14117160605177,51.020064358836905],[-114.14119840545118,51.01916555849043],[-114.14121400513007,51.017753758971104],[-114.14121020553259,51.01665625916361],[-114.14121150528146,51.01640445912254],[-114.14119540446328,51.01481205940264],[-114.14119870620353,51.01475815992689],[-114.14122410481346,51.01249205915189],[-114.1409738937234,51.01246015155774],[-114.13878559268215,51.0124789850903],[-114.13878716646659,51.01289248242847],[-114.13878166585675,51.01318945262281],[-114.13873850561258,51.01349255867004],[-114.1386058050436,51.01379515934575],[-114.13841940593547,51.0140424595555],[-114.13813010577486,51.01434115916617],[-114.13758100573271,51.01492135984965],[-114.13730700620187,51.015202458445216],[-114.1367256050637,51.0158448589169],[-114.13587790528871,51.01664255956275],[-114.13530955442931,51.017212058072346],[-114.13515165943846,51.01715366502534],[-114.13392738860237,51.016709334168695],[-114.13370475879952,51.01662851916601],[-114.1335514322603,51.01657285219923],[-114.13163242886283,51.01587774560078],[-114.13078327381773,51.015563746926375],[-114.13061132076784,51.01550534477634],[-114.13074961778638,51.015362626466576],[-114.12941906995144,51.014880124504714],[-114.1292257168526,51.01481000600975],[-114.12255182645745,51.01238943067866],[-114.12249385007293,51.012360768487135],[-114.12235635619948,51.01229279432831],[-114.12233251043976,51.01228100458586],[-114.12217310702424,51.012202198717965],[-114.12167548849095,51.011951866860144],[-114.12186633616686,51.01180100837653],[-114.12125892105321,51.01149544973182],[-114.11912079029052,51.010419818047666],[-114.11876877061262,51.010243029293065],[-114.118473344538,51.010094661167884],[-114.11807505422401,51.01009529268512],[-114.11795249151405,51.01009548663552],[-114.11794782502403,51.01139586362197],[-114.1179956208335,51.01301354276693],[-114.11807270871826,51.014466409941576],[-114.1180554930474,51.01537395879724],[-114.11801678356373,51.01605505783514],[-114.11795040632056,51.01677594095931],[-114.11792817739048,51.01794750272729],[-114.11794010928968,51.02007650952354],[-114.11792368541535,51.02232082372792],[-114.11791853412856,51.023971107582376],[-114.11668879626762,51.023967432731695],[-114.11585670530916,51.02399315935886],[-114.1143729053466,51.02400155913999],[-114.11193390607059,51.02400415900568],[-114.1094806059442,51.024006459530405],[-114.10948110508865,51.024914958878384],[-114.10948110537892,51.02583235880984],[-114.10948050594419,51.02675885916915],[-114.10948040539802,51.02767635970608],[-114.10946610619473,51.02859345951805],[-114.10946610619806,51.02951095963965],[-114.10946490551987,51.03044635846279],[-114.10702500501905,51.03045785964784],[-114.10455710483856,51.030459659136895],[-114.10341610463732,51.03045835932379],[-114.10208930539817,51.03046145945359],[-114.09962150451814,51.03046315905861],[-114.09946480584676,51.030459259008516],[-114.09833850482889,51.03044925870626],[-114.0971553048457,51.03043785884617],[-114.09592820547051,51.0304432587995],[-114.09471430478762,51.03046705915859],[-114.09471050518015,51.031438359598184],[-114.0947139053488,51.03206815914499],[-114.09471210544326,51.03323745960231],[-114.09471870445196,51.03427195895227],[-114.09471700580157,51.03498255926956],[-114.09471890543074,51.035864059091885],[-114.09471780558107,51.036565658584585],[-114.09472460605919,51.03782505950726],[-114.09309840498236,51.03782065912178],[-114.09172930618597,51.037813559239964],[-114.09154410546321,51.03780885944813],[-114.09006040518436,51.037807958839494],[-114.08926160481971,51.037805959214374],[-114.08856200520232,51.03781555937486],[-114.08704980586612,51.037813758631174],[-114.08676440539189,51.03781565889003],[-114.08567950497152,51.037824559336386],[-114.08428020517762,51.03784365961515],[-114.0838255049963,51.03781425845878],[-114.08179830472626,51.03783555950903],[-114.07941670485869,51.03782105918951],[-114.07830400419346,51.03782015949223],[-114.07831350555185,51.03517595879723],[-114.07778530546788,51.0351806584027],[-114.07715810439299,51.03517395913681],[-114.07681900624536,51.03512055883047],[-114.07575300451198,51.034832958957516],[-114.07577560437083,51.03334035885381],[-114.07577520498965,51.03244085866753],[-114.07577170484008,51.032269958984],[-114.0754041048245,51.03176595927363],[-114.07496700481677,51.03145815898714],[-114.07432530505476,51.031001359165735],[-114.0742592048816,51.03091875872768],[-114.07423690487416,51.03059435912796],[-114.07332480417489,51.03058055881064],[-114.07331480582197,51.02983365903524],[-114.07329440277567,51.029047297148814],[-114.0732114122118,51.029067032684914],[-114.07255262510371,51.02919933596741],[-114.07253852063032,51.02920095221256],[-114.07165387700415,51.02925558103544],[-114.07161741599498,51.029257831923886],[-114.0715147192496,51.02926417073968],[-114.07151194246546,51.029264342096894],[-114.0713671415926,51.029260548361115],[-114.07062958755805,51.02924121913016],[-114.06978611615655,51.02919550344496],[-114.06954558677013,51.02915471007075],[-114.06927519964562,51.029143780919185],[-114.06843970372509,51.029146502940684],[-114.06794412312263,51.02907632937522],[-114.06712169741137,51.02883367758628],[-114.06668232952393,51.02872633564913],[-114.06520302632774,51.02849650994494],[-114.0649346325329,51.02847268417922],[-114.06465205185114,51.02847378725477],[-114.0644156509202,51.028499161673764],[-114.06419580070907,51.02854184480509],[-114.06384306499156,51.028698238778006],[-114.06371632902022,51.02880021309392],[-114.06327071546531,51.02927514809719],[-114.06313312972803,51.02957221952855],[-114.06308623213401,51.02991608350822],[-114.06308860007327,51.02992784356989],[-114.06308554295492,51.02995026393748],[-114.06311671077292,51.03010501904735],[-114.06318798214485,51.03024158665905],[-114.06335825372352,51.03048080212915],[-114.0633682400477,51.030494831839796],[-114.06339096286588,51.030536574187074],[-114.06358922793747,51.03090094801724],[-114.06403284713325,51.032230850983325],[-114.06424617544779,51.032635644930394],[-114.0644413698896,51.032874747884065],[-114.0646913955978,51.03308368395924],[-114.06499386058778,51.03326888401334],[-114.06509322893584,51.03338852192626],[-114.0652700866006,51.033461909787405],[-114.06640113207227,51.03352128379137],[-114.06664897724607,51.033555851775105],[-114.06686841609356,51.03361329039885],[-114.06704268084873,51.03368716764835],[-114.06717470714615,51.033783980893475],[-114.06727522283782,51.03389981884823],[-114.06732616323428,51.03404030674164],[-114.06732846151012,51.03404664498208],[-114.067310533847,51.03421389056723],[-114.06717621043289,51.03446946922159],[-114.06716116517165,51.03449809678343],[-114.0670502362439,51.03461685116154],[-114.06666101710931,51.03493556134122],[-114.06638182885497,51.035128425729184],[-114.06574548008119,51.03546617358068],[-114.06520506780247,51.03566031560011],[-114.06497521543963,51.03569943866249],[-114.06449231217474,51.03574658015913],[-114.0640377952278,51.03581359312552],[-114.06328111701436,51.035869154911005],[-114.0624657233672,51.03587682578839],[-114.06190032927988,51.03585089617157],[-114.06161283858903,51.03578712889508],[-114.06149345153727,51.035760651268596],[-114.06138716713504,51.03574625103016],[-114.0612746145034,51.03573546453468],[-114.06116750328641,51.03572519934915],[-114.06105454212036,51.03570745162374],[-114.06094222502387,51.03567817391312],[-114.06075416636622,51.03562914773919],[-114.06057558578493,51.03555567085035],[-114.06043270810935,51.035464954159664],[-114.05992866279075,51.034829038341286],[-114.05977418572073,51.034634128644306],[-114.059399288862,51.03435139968318],[-114.05927704835199,51.0342592049267],[-114.05928726569113,51.03423220831485],[-114.05935148491191,51.03406252066866],[-114.05935462194982,51.03405324014752],[-114.05941666098812,51.03386971839518],[-114.05951170519486,51.03358855910082],[-114.05964562319181,51.03358555248512],[-114.05970613089177,51.03055322475952],[-114.05969567973293,51.02870797397269],[-114.05967322070042,51.02861575562214],[-114.05955937488982,51.02823135022729],[-114.05942276233495,51.02777006430664],[-114.05935290483272,51.02761610591994],[-114.0592886376048,51.02718608044592],[-114.05918349214662,51.02637223643544],[-114.05912171065678,51.02581951478928],[-114.05903250593006,51.02541996746138],[-114.05901408664585,51.02512836737857],[-114.05901657089777,51.02500567047158],[-114.05904492688313,51.024806483826595],[-114.05915120730334,51.02436249257192],[-114.05925779609481,51.02390316315938],[-114.05933789146673,51.02355099767084],[-114.05936655550228,51.02333647376726],[-114.0595020241447,51.0231826278511],[-114.06065381266829,51.02147361597982],[-114.0619213133255,51.01967551154579],[-114.06267700929898,51.01864767123162],[-114.06394714943028,51.01689995217693],[-114.06407304728414,51.016686206761754],[-114.06413933853004,51.016546654188005],[-114.06440120362743,51.01604973871668],[-114.06445351016167,51.015906934257295],[-114.0651903933011,51.01433285334171],[-114.06582781742615,51.01286534981612],[-114.06658953244911,51.01126077878542],[-114.06780727953188,51.00872838675353],[-114.0698409244502,51.00560385005353],[-114.07133008949944,51.00314265156586],[-114.07157908618039,51.002495594939575],[-114.07160982239677,51.002173707203205],[-114.07159974246962,51.001465708566776],[-114.07155147166407,50.99777659765977],[-114.07153059480251,50.997617207181165],[-114.07154970552125,50.99425945857183],[-114.07155013107452,50.99423606153946],[-114.07184920884644,50.994240349771104],[-114.07359916644249,50.994282621478106],[-114.0752381394492,50.994312756534384],[-114.07658728960863,50.99434057811122],[-114.07662193842187,50.99433917685904],[-114.07673182037652,50.99434167814845],[-114.07757427694607,50.99435980791199],[-114.07835317933059,50.99436595538317],[-114.07926782299805,50.99437888473839],[-114.07989253126352,50.99439523914951],[-114.08044500907299,50.9943995891385],[-114.08120591247042,50.99439985962951],[-114.0819831619106,50.99440146991956],[-114.08219324028994,50.99440190423417],[-114.08272596829586,50.9943989703629],[-114.08304745166858,50.99439719835786],[-114.08318068094596,50.99439822420042],[-114.0849460059953,50.99439291877793],[-114.0865558548925,50.99438748397381],[-114.08809939268737,50.994363476225956],[-114.08933805341293,50.994343083292954],[-114.09024315214766,50.994332101052976],[-114.09073896945692,50.99430590612222],[-114.09142549268996,50.99426916969604],[-114.09215986838531,50.994220779294075],[-114.09305649466006,50.99415561081989],[-114.09372408440287,50.994112702551114],[-114.09439073566581,50.994117872239336],[-114.0948891590832,50.99414081342422],[-114.09517549835785,50.99413716050008],[-114.09559820837094,50.99419275370212],[-114.09571624708529,50.994208277498444],[-114.09652497732557,50.99432164780433],[-114.09712128612595,50.994458184704584],[-114.09800722458492,50.994713947089394],[-114.09838181288868,50.99484775425078],[-114.09966244565354,50.9953848772449],[-114.10000516882073,50.99554553594453],[-114.10322614627603,50.996932085452286],[-114.10358236778819,50.997041932318304],[-114.10401333422409,50.99718805509976],[-114.10448178841419,50.99734636578732],[-114.1050631610994,50.997517439973706],[-114.10534442045493,50.99760290468509],[-114.10586968383053,50.9977497426517],[-114.10699633813626,50.99800828965251],[-114.1084429004504,50.998304972126995],[-114.1089779243703,50.998417130320256],[-114.10917808279302,50.998459088897],[-114.10917720169705,50.99808363483389],[-114.109177137929,50.99805666335613],[-114.10916896822837,50.99457546009599],[-114.10916896849496,50.99457529726436],[-114.10916791414755,50.99412615986027],[-114.10916911587856,50.994126160027555],[-114.10948597613258,50.99412615215138],[-114.10981151946669,50.994126139408294],[-114.11024558133907,50.99412610664324],[-114.1109660924315,50.994126058275654],[-114.11113974116435,50.99412611741957],[-114.11150037701971,50.994126108770004],[-114.11196414123759,50.994126089496746],[-114.11229402956745,50.99412607767342],[-114.1126239180289,50.99412605862202],[-114.11341610945894,50.994126021398316],[-114.11354727457689,50.99403559510945],[-114.11441974356603,50.9940355700312],[-114.11457614752281,50.994125950556445],[-114.11538866329188,50.99412596492901],[-114.11583593911506,50.99412596916454],[-114.11628321921863,50.99412597261945],[-114.11768810722391,50.9941259711818],[-114.11791824709297,50.99412596917412],[-114.1179452122623,50.994126066613035],[-114.11795467532873,50.99532444274678],[-114.11794261630655,50.997154264769456],[-114.117995290967,50.999561324648255],[-114.11799377886013,51.00017675244558],[-114.11799365089658,51.00022861706593],[-114.11799350675419,51.00028772630039],[-114.11799348653545,51.00029571038199],[-114.11810933041566,51.00031923761502],[-114.11906992952758,51.00051432334891],[-114.11953821156581,51.0006094223894],[-114.1196539290483,51.000633834169946]]]}},{"type":"Feature","properties":{"name":"Calgary-Acadia","originalGeometryName":"Calgary-Acadia","displayName":"Calgary-Acadia","divisionNumber":1,"sourceProperties":{"EDNumber20":1,"EDName2017":"Calgary-Acadia","Km2":40.01907349,"Hectares":4001.90722656,"Acres":9888.92773438,"Authority":"Legislative Assembly of Alberta","Shape_Leng":37730.567875,"Shape_Area":40019072.2935},"level":"provincial","effectiveFrom":"2019-03-19","sourceUrl":"https://www.elections.ab.ca/resources/maps/","licenceUrl":"https://www.elections.ab.ca/terms-conditions/","geometryProcessing":"Original source vertices, coordinate projection converted to WGS84 for GeoJSON; no simplification, repair or rounding. Original source attributes retained separately."},"geometry":{"type":"Polygon","coordinates":[[[-114.0243869424031,50.95918180754617],[-114.02438683811793,50.95917937314036],[-114.02438336593997,50.959098194524536],[-114.02438311464199,50.95909230516053],[-114.02438295556782,50.95908860989692],[-114.02437712218456,50.958952174364285],[-114.02405992961141,50.95821029730899],[-114.02398189710915,50.95790146430365],[-114.02396549669214,50.95776525168768],[-114.02394625771691,50.95760550316324],[-114.02394039342394,50.95715901959244],[-114.02387600694321,50.95688143266252],[-114.02372498817502,50.95666207068111],[-114.0234511358682,50.95626428344988],[-114.02328221068872,50.95601890547901],[-114.02319678551142,50.95590683223786],[-114.02315716534633,50.95584757149515],[-114.02305040052353,50.955719207033205],[-114.0226596961966,50.955191651805315],[-114.0222136901524,50.95471169028995],[-114.02218858649238,50.954688865762954],[-114.0219227220182,50.954573951909765],[-114.02183475866613,50.95438664703299],[-114.02178507801963,50.954321985542165],[-114.02167815495702,50.954224767721904],[-114.02145855430066,50.953978186973764],[-114.02111194875609,50.95342447069888],[-114.02098778731978,50.953141748634884],[-114.02094500041875,50.95295762591578],[-114.02085020093004,50.95270027418901],[-114.02082296693354,50.952626342493154],[-114.02081349038387,50.95260062587403],[-114.02080755756388,50.95254196520206],[-114.02080693972052,50.95253585143673],[-114.02080342883389,50.9525011524058],[-114.0213301971637,50.95256575320465],[-114.02156233510736,50.95259287302953],[-114.02187967543868,50.95263321556901],[-114.02213349596155,50.952668000891634],[-114.02237925681526,50.9527077427072],[-114.02261701217809,50.9527499288135],[-114.02289040027021,50.95279994978326],[-114.02312407532341,50.95284712612778],[-114.02333394371914,50.95289159020919],[-114.0234220416709,50.95291096124978],[-114.02352398127505,50.95293337539874],[-114.02370601325673,50.95297760606066],[-114.02388009229917,50.95302176996624],[-114.02405411907301,50.953068444980545],[-114.02422809358733,50.95311763200337],[-114.02437036040372,50.953161529374995],[-114.02452842896066,50.95321058306987],[-114.02471014754074,50.953269883076395],[-114.02487606503466,50.95332402635551],[-114.02501231890072,50.95337388235614],[-114.02501364051133,50.953374365702544],[-114.02500725791448,50.95300954185836],[-114.02500685215608,50.952986323156495],[-114.025047705861,50.95258705851331],[-114.02512353230229,50.95240200045581],[-114.02520790265024,50.95220310606065],[-114.02548617492296,50.95179428922631],[-114.0258435958694,50.95137771308088],[-114.02672090018666,50.950504675441955],[-114.0268429318826,50.950413059605104],[-114.02751699376526,50.94996516384184],[-114.02807097970964,50.94967608495389],[-114.02884231027028,50.94931538837054],[-114.02912672157257,50.94921286360488],[-114.03028096147082,50.94880289632823],[-114.03099853009202,50.94863054027913],[-114.03171587698411,50.94846866694552],[-114.03301491578736,50.94828014030929],[-114.03422789694194,50.94823773293246],[-114.03622048247084,50.94823321627151],[-114.04181576673984,50.94824779164268],[-114.04210660563362,50.948238658513986],[-114.05061597341867,50.94824624127713],[-114.05438490888022,50.94825584184343],[-114.05511473061217,50.94829321585269],[-114.0562910944077,50.94841810608109],[-114.05670485709322,50.94848438251304],[-114.0574655543057,50.948637369507246],[-114.05801107324035,50.94875714927662],[-114.05991179220017,50.949192022516264],[-114.06023531412518,50.94924706111592],[-114.06143260411835,50.9495294108092],[-114.06288703027403,50.94986624743954],[-114.06468949085905,50.95023732051625],[-114.06502069201007,50.95028192828021],[-114.06561689634229,50.95036012243521],[-114.06628014343279,50.950407381889946],[-114.06681099411252,50.95043260276606],[-114.06814801206066,50.95045859508542],[-114.06879209807425,50.95047111142694],[-114.07074991359539,50.950467405880644],[-114.07097809662329,50.950466972172805],[-114.07109106083787,50.95046675698093],[-114.07108698045563,50.95042646194974],[-114.07107862250844,50.95034390459992],[-114.07086755900512,50.94825920498725],[-114.07068554390658,50.94646128323714],[-114.07056322926753,50.945481935851944],[-114.07021801491106,50.943379886435025],[-114.06935895794079,50.9395318946504],[-114.06934772561873,50.9394770852066],[-114.06934249363911,50.93945087107553],[-114.06932328090085,50.93935460542037],[-114.06899377723802,50.937703612729564],[-114.06842374007611,50.93484715122949],[-114.06835613656027,50.93423909185648],[-114.06834209262735,50.93369452660181],[-114.06834277417074,50.93366034554365],[-114.06835443190964,50.933074538662844],[-114.0683551133211,50.93304036299791],[-114.06848112114123,50.932474054085624],[-114.06870414044556,50.931548747150465],[-114.06872352859789,50.93146222368856],[-114.06973193733336,50.929273762147155],[-114.07002075125577,50.92925985381527],[-114.07017195822739,50.92923249424939],[-114.07057323153772,50.92913095493284],[-114.07093627707006,50.92905767472022],[-114.07125384496369,50.92899831263658],[-114.07157828241301,50.9289723289675],[-114.07181959718308,50.928962273144066],[-114.07223567330374,50.92899413811519],[-114.07244154835018,50.929039135689536],[-114.07257755103032,50.92910404578664],[-114.07268863522589,50.92920014105462],[-114.07279934134418,50.929315275099206],[-114.07291899971383,50.929359070787456],[-114.07311407054524,50.929398704968115],[-114.07327400486689,50.92942997305755],[-114.07348171503577,50.92947303202098],[-114.07363950612869,50.9294933267255],[-114.0737891978095,50.92954211979965],[-114.07406712190347,50.92958240955074],[-114.07427086232804,50.92956498218581],[-114.07450520150807,50.9295239941878],[-114.07480017255071,50.92946444336306],[-114.07509457643333,50.9294334510283],[-114.0753808827611,50.929430958457665],[-114.07574975616188,50.92944339971863],[-114.07609584696264,50.929465181393944],[-114.07638130361525,50.92950552433273],[-114.07654568593703,50.92957347374646],[-114.07661987438375,50.92963118788442],[-114.07673897178542,50.92970353892965],[-114.07688800788219,50.929785647476635],[-114.0771343022634,50.92990185008224],[-114.07739744915722,50.92992773233925],[-114.07750944235096,50.929919103416346],[-114.07770738985614,50.92987305337299],[-114.0779043507897,50.92981748146112],[-114.07815506882059,50.92970996620497],[-114.07828508804101,50.92961101957114],[-114.07842175860785,50.92950827750708],[-114.0786066945357,50.92934696242564],[-114.0788826363751,50.92910634787811],[-114.079119507075,50.9289368329557],[-114.07943800500293,50.92882985037176],[-114.07958092142464,50.9288404979386],[-114.07968570837188,50.92887464851603],[-114.07987372181212,50.92889041207179],[-114.08018204169794,50.92892491625545],[-114.08053567679077,50.92893847197215],[-114.08071512641973,50.92900653325525],[-114.08094654936323,50.92911308890012],[-114.08108840268184,50.929218352673615],[-114.08109277877699,50.929337989467136],[-114.08112102953235,50.92943342477148],[-114.08132186004187,50.929563541708845],[-114.08149293708604,50.929674381479664],[-114.08177671427282,50.92980039003923],[-114.08203111425496,50.929888081408926],[-114.08233145634742,50.92993804863365],[-114.08273065148742,50.929941185176055],[-114.08297967438924,50.929919338306505],[-114.08322564234791,50.92986416568317],[-114.08349563506312,50.92974787844223],[-114.08387499374169,50.929593121622105],[-114.08417991630331,50.92940984942639],[-114.08464558798718,50.929198431794404],[-114.0849270188731,50.92909940062906],[-114.08519703453639,50.92901792948084],[-114.08546818016757,50.92902005342504],[-114.08567841845742,50.929055024463985],[-114.08587462059764,50.92915282526349],[-114.08603640291547,50.92923873022004],[-114.08617076386354,50.9293016701458],[-114.08643958010107,50.92942278934885],[-114.08676923915861,50.92966795622803],[-114.08693629718495,50.92983132816451],[-114.08708358137034,50.9300038619763],[-114.08719348797885,50.9301618215604],[-114.08730208965477,50.93038642007227],[-114.08735871253144,50.93057252759471],[-114.08741496326395,50.930777674040876],[-114.08741429434575,50.93081185528796],[-114.08741367337724,50.93084358627916],[-114.08741207560514,50.930925230885094],[-114.08738463521402,50.931172568778344],[-114.0873669629643,50.931305728213395],[-114.08731804332,50.931495770807935],[-114.08728558479663,50.93161453280505],[-114.08718393949171,50.93180416320209],[-114.08712172348409,50.93190364976218],[-114.08711260657117,50.93198450955547],[-114.0871112230628,50.931996785176366],[-114.08710349106589,50.93206536845842],[-114.08710563708384,50.93207457419848],[-114.08713128981131,50.93218460147174],[-114.08712618404368,50.9321997556421],[-114.0870912989025,50.93230330451803],[-114.08706390267615,50.932367336599064],[-114.08702024584622,50.93246937114482],[-114.08698814485213,50.932549512330084],[-114.08697272152418,50.93258801524554],[-114.08697095306043,50.93261245913501],[-114.08697020178136,50.93262283515049],[-114.08696922384269,50.93263635274923],[-114.08696813480732,50.93265139977339],[-114.08696239258687,50.93273075293951],[-114.08696362457911,50.932738651549045],[-114.08697578076865,50.932816548693474],[-114.08697326207009,50.93283888154959],[-114.08695754602321,50.93297826732624],[-114.08692430324842,50.93302697590371],[-114.0868799837924,50.93309191649345],[-114.08680817027965,50.93328624293428],[-114.08681598126623,50.93329747759368],[-114.08686022322732,50.93336111440478],[-114.08691920669126,50.933445955016396],[-114.08712751694898,50.933531829020126],[-114.08745876264827,50.9335439390208],[-114.08775309261401,50.9335176750786],[-114.08812237446924,50.93351103848035],[-114.08859004512078,50.933481365016156],[-114.08905687826436,50.933494529572194],[-114.08951738696116,50.93344575376902],[-114.09016127767785,50.933265108550145],[-114.09061136003714,50.932978215907845],[-114.09092705808676,50.9326283880307],[-114.09117518628292,50.93235846425758],[-114.09156235905145,50.93211442403446],[-114.09218362519226,50.93193359167748],[-114.09285502166463,50.931886442976555],[-114.09329180315164,50.931894595365094],[-114.09377350601328,50.931930165027104],[-114.0941338513105,50.93198206176854],[-114.09446416373119,50.93204175111874],[-114.09464116021607,50.932109788046716],[-114.09479421554339,50.93220782665217],[-114.09479463124545,50.932323992740166],[-114.09477828276064,50.93593248690937],[-114.09476980209087,50.93714057132123],[-114.0947680629438,50.937388314047766],[-114.09448471565796,50.93738834113503],[-114.09448615234422,50.94045344232884],[-114.09441511364493,50.94080483780118],[-114.09440590617156,50.94142765883895],[-114.09477060456912,50.94288495921623],[-114.09480050484437,50.94331745809545],[-114.0948144051649,50.9453776588564],[-114.09480400456658,50.94759915883456],[-114.09475000556593,50.94823645897606],[-114.09483097895156,50.948992147208536],[-114.09480416656292,50.95033358278499],[-114.09479379702363,50.95047427459569],[-114.09479170467058,50.950502658236374],[-114.09479920704598,50.95061661360004],[-114.09480908445441,50.95303555812799],[-114.09480525704979,50.95614872674668],[-114.0948252334581,50.95949467278985],[-114.09484625990213,50.959870565615454],[-114.09521965565308,50.9614386402442],[-114.09523953110377,50.96150177794029],[-114.0952441480237,50.96160658656621],[-114.09528645675933,50.96200311531204],[-114.09529741154724,50.96289779568455],[-114.09530836651851,50.963792476821546],[-114.0952340000792,50.967620768116426],[-114.0951698729323,50.972379515236064],[-114.0951189406597,50.9764584702036],[-114.09508156387115,50.97692336932279],[-114.09501306890235,50.977531162199895],[-114.0949158855704,50.97815662466877],[-114.0948774617141,50.978675191396256],[-114.09488835377138,50.97956535265282],[-114.09475274833086,50.97956432973151],[-114.09416996816957,50.9795598524443],[-114.09388938859753,50.979571431766175],[-114.09360480474685,50.979582258734744],[-114.09235060554737,50.97958705914888],[-114.09169500516124,50.979588659175],[-114.09034180610053,50.97958195890203],[-114.08971470626514,50.97958435901543],[-114.08948710517019,50.97957865824331],[-114.08816240532421,50.97957255969427],[-114.08720750517062,50.97957575890431],[-114.08690820598517,50.97957725938383],[-114.08595280589599,50.97958935892938],[-114.0831587060911,50.97960955941926],[-114.0831602235815,50.98078507730438],[-114.08316100525558,50.981390659491524],[-114.08315470547205,50.982173059080914],[-114.08314610475162,50.982991359391974],[-114.08316830634959,50.98377445927683],[-114.08315450628628,50.984448758779415],[-114.08312650461265,50.98603115899685],[-114.08313429239898,50.98644318500314],[-114.08313445332197,50.986521472581295],[-114.08313687968904,50.98697767447318],[-114.08314134352209,50.987817573459765],[-114.08314173958027,50.98954586553753],[-114.0831440054068,50.99030038321513],[-114.08314415739818,50.99035112383944],[-114.08314293149114,50.99056324012254],[-114.08314487458655,50.990616257384524],[-114.08314566897565,50.991097832959255],[-114.08314627663624,50.9914561318271],[-114.08314727729982,50.9914747972137],[-114.08314998774475,50.99152540586905],[-114.08316178734063,50.99174571745434],[-114.08316803565543,50.991915994542076],[-114.08317912025322,50.992218107011325],[-114.0831876379181,50.9924173296571],[-114.0831877725737,50.99242047943635],[-114.0831816020623,50.99409646785628],[-114.08318249869042,50.99419999406197],[-114.08318231342781,50.99422017501339],[-114.08318158370557,50.994299672705196],[-114.08318113409842,50.994348677676875],[-114.08318068870084,50.99439739659736],[-114.08318068094596,50.99439822420042],[-114.08314765727636,50.994397969530304],[-114.08308781442057,50.99439750885883],[-114.08304745166858,50.99439719835786],[-114.08296381524214,50.99439765921573],[-114.08296374110701,50.994397659533426],[-114.08289792319296,50.99439802270868],[-114.08272596829586,50.9943989703629],[-114.08219324028994,50.99440190423417],[-114.0819831619106,50.99440146991956],[-114.08120591247042,50.99439985962951],[-114.08118504248947,50.99439985202753],[-114.08115492355596,50.99439984184926],[-114.08044500907299,50.9943995891385],[-114.08040330951015,50.99439926090403],[-114.08030586229854,50.99439849379874],[-114.07989253126352,50.99439523914951],[-114.07926782299805,50.99437888473839],[-114.0790227645406,50.99437542102043],[-114.07835317933059,50.99436595538317],[-114.07813066080938,50.994364199690295],[-114.07794888256291,50.99436276512754],[-114.07757427694607,50.99435980791199],[-114.07673182037652,50.99434167814845],[-114.07662193842187,50.99433917685904],[-114.07658728960863,50.99434057811122],[-114.0752381394492,50.994312756534384],[-114.07390669092189,50.99428827769161],[-114.07359916644249,50.994282621478106],[-114.07184920884644,50.994240349771104],[-114.07168635911043,50.99423801496518],[-114.07166103573674,50.99423765180273],[-114.07155013107452,50.99423606153946],[-114.07154970552125,50.99425945857183],[-114.07154964424025,50.99427024471228],[-114.07153059480251,50.997617207181165],[-114.07155147166407,50.99777659765977],[-114.07159974246962,51.001465708566776],[-114.07160982239677,51.002173707203205],[-114.07157908618039,51.002495594939575],[-114.07133008949944,51.00314265156586],[-114.0698409244502,51.00560385005353],[-114.06780727953188,51.00872838675353],[-114.06658953244911,51.01126077878542],[-114.06582781742615,51.01286534981612],[-114.0651903933011,51.01433285334171],[-114.06445351016167,51.015906934257295],[-114.06440120362743,51.01604973871668],[-114.06413933853004,51.016546654188005],[-114.06407304728414,51.016686206761754],[-114.06394714943028,51.01689995217693],[-114.06267700929898,51.01864767123162],[-114.0619213133255,51.01967551154579],[-114.06065381266829,51.02147361597982],[-114.0595020241447,51.0231826278511],[-114.05936655550228,51.02333647376726],[-114.05933789146673,51.02355099767084],[-114.05925779609481,51.02390316315938],[-114.05915120730334,51.02436249257192],[-114.05904492688313,51.024806483826595],[-114.05901657089777,51.02500567047158],[-114.05901408664585,51.02512836737857],[-114.05903250593006,51.02541996746138],[-114.05912171065678,51.02581951478928],[-114.05918349214662,51.02637223643544],[-114.0592886376048,51.02718608044592],[-114.05935290483272,51.02761610591994],[-114.05942276233495,51.02777006430664],[-114.05955937488982,51.02823135022729],[-114.05967322070042,51.02861575562214],[-114.05969567973293,51.02870797397269],[-114.05970613089177,51.03055322475952],[-114.05970544349015,51.03058740518643],[-114.05970048023609,51.03083591245255],[-114.05964561320611,51.03358555240476],[-114.05951170519486,51.03358855910082],[-114.05935148491191,51.03406252066866],[-114.05927704835199,51.0342592049267],[-114.05905688198489,51.03409315454174],[-114.0590420104791,51.03407809014317],[-114.05888708776526,51.03392112203751],[-114.05864005463648,51.03371117563885],[-114.05858389399043,51.03368317025196],[-114.05850483487707,51.03359625520151],[-114.05826711978904,51.03339422514152],[-114.05797120721579,51.03305277847111],[-114.05796202271034,51.03304218055776],[-114.05783779710187,51.03294025764666],[-114.05768823383458,51.0328508249695],[-114.05765109576029,51.0328209339548],[-114.05738899517648,51.03269233925167],[-114.05710285586395,51.03258306837309],[-114.05681464829766,51.032460625699805],[-114.05677667277382,51.03244511273292],[-114.05573895647959,51.032021206341106],[-114.05543330453528,51.031882899125904],[-114.05506002048547,51.03171398667366],[-114.05467708498472,51.03158054204463],[-114.05452609172383,51.031493535299795],[-114.05451073969832,51.03148151437226],[-114.05347351246432,51.03066929929671],[-114.05330211059999,51.03053507673942],[-114.0532157748781,51.030467489714226],[-114.05275397459909,51.03019765800233],[-114.05258396168077,51.03012529615546],[-114.05234078642022,51.03009259294743],[-114.05231297488176,51.0300937303429],[-114.0523064325562,51.02986511614268],[-114.05212061655492,51.029837824709276],[-114.05216596501457,51.029758037224425],[-114.05195398877156,51.029738737965715],[-114.05185014578534,51.02973058594018],[-114.05149379027611,51.02971341232758],[-114.05125036432686,51.029711436202035],[-114.05093878857298,51.02971961800527],[-114.05014966380126,51.02975616370535],[-114.04996210492777,51.029761447403175],[-114.04965299941254,51.029744871819894],[-114.0488669886689,51.02969563186175],[-114.04854474775547,51.02967158654586],[-114.04838130849839,51.02963455111619],[-114.04785717319672,51.02951602843319],[-114.04738398851568,51.0293979187562],[-114.04675332397208,51.029228536394626],[-114.04637330378235,51.02912653926734],[-114.0437845016093,51.02834143922096],[-114.04372829548169,51.028326511395925],[-114.04368057795875,51.028363837049056],[-114.0435125180832,51.028513784090194],[-114.04320716480049,51.028776098952505],[-114.04292173816668,51.02904172763234],[-114.04250250090017,51.02943333941482],[-114.04173269994018,51.030097439145784],[-114.04169972601497,51.030142595633514],[-114.0413474604493,51.03062499808409],[-114.04134290185654,51.030631240114204],[-114.0413406276821,51.03063435487377],[-114.04132753993952,51.030653483424004],[-114.04123460564338,51.03063092019509],[-114.04119581630148,51.03062315748388],[-114.04115432329556,51.03061360389973],[-114.04108165303373,51.03059687359948],[-114.04095444863887,51.03058531659778],[-114.0408786966155,51.030580625836585],[-114.04084281132798,51.030572760895076],[-114.04080732247434,51.03056324657352],[-114.04068125824394,51.03051478405286],[-114.04063419359008,51.03049828616855],[-114.04058766566187,51.03048488470536],[-114.04053943468236,51.03047533495707],[-114.04049120847752,51.03047032206984],[-114.0404441865087,51.03046882671456],[-114.04039090748341,51.03047035669794],[-114.0403251737933,51.030476301424],[-114.04027610713817,51.030478411125706],[-114.04023209143621,51.03047731642119],[-114.04015172787545,51.03047287159552],[-114.04005661139355,51.03046420410323],[-114.03996900162423,51.030454383702626],[-114.03990116854742,51.03044427590959],[-114.03976630138294,51.03041916017993],[-114.03969430547961,51.030420093423785],[-114.0396329382268,51.03042192364276],[-114.0395501446033,51.030423996054374],[-114.03947757835599,51.03042719064896],[-114.03940954747708,51.03043107471368],[-114.03925246960667,51.03043973420308],[-114.03914987929255,51.03044499199666],[-114.03903460125069,51.030451164645605],[-114.03894749030694,51.03045641730976],[-114.03876277338286,51.03046735699988],[-114.03865874463,51.03047352285326],[-114.03849987047593,51.030481966835815],[-114.03839512419187,51.03048881476897],[-114.03823955084806,51.030497691294],[-114.0381178841498,51.03050454275843],[-114.0378917734376,51.03051707094723],[-114.03780862153684,51.030521413444504],[-114.03771200667435,51.03052779783664],[-114.03760941631407,51.030534417220196],[-114.0374696444562,51.030542397276314],[-114.03736381834203,51.030549016780675],[-114.03723297419312,51.03055556501458],[-114.03722937093518,51.03055581601259],[-114.03679174198969,51.03058629932521],[-114.03679159461467,51.03081281727608],[-114.0367946365152,51.03081445808803],[-114.03679439459675,51.03084939059142],[-114.03679514341755,51.03093061101291],[-114.03679451656879,51.03099822126203],[-114.03679521533122,51.03102934438096],[-114.03679320930132,51.03105577791606],[-114.03678917386245,51.03107880221227],[-114.03678381730276,51.03110932844242],[-114.03677370134103,51.03113448512388],[-114.03676156241794,51.03116603770356],[-114.03673439356842,51.031225105771064],[-114.03673464431253,51.03133371856386],[-114.03673615239764,51.0315213833503],[-114.03673706760311,51.031854706185],[-114.03673861721501,51.03209865674195],[-114.03673879679958,51.032342556411876],[-114.03673961456724,51.03251878655847],[-114.03674112275634,51.032729912795624],[-114.03674090878404,51.03291750756589],[-114.03674294091506,51.033148574837796],[-114.03674327669873,51.03338418115178],[-114.03674361248821,51.0336197865569],[-114.03674418669083,51.03376833120548],[-114.03674368730202,51.03380136424708],[-114.03674373367389,51.03385934226373],[-114.03674475551348,51.03392738889645],[-114.03674432324596,51.033994827086815],[-114.03674525260737,51.03410883061526],[-114.03674569473225,51.03417297616392],[-114.03674601940442,51.03422021487477],[-114.03674658461318,51.0343132449949],[-114.03674663487706,51.03431949154835],[-114.03674774192103,51.03445830116494],[-114.03674792137458,51.034573997006646],[-114.03674914842726,51.03497533255044],[-114.03675040534867,51.03538582385808],[-114.036751220603,51.03565238943762],[-114.03675165757318,51.03579550812982],[-114.03675288451883,51.03619691376173],[-114.03675411383381,51.03659882317941],[-114.03675536057506,51.03700629063243],[-114.03675659357388,51.03740946490667],[-114.03675232709975,51.037478146230676],[-114.03674198466243,51.03753452360215],[-114.03673994029381,51.03757778978189],[-114.03673954813159,51.03759305508109],[-114.03673782489082,51.037660263978836],[-114.0367379006342,51.03766672665018],[-114.03673867768023,51.0377338482006],[-114.03671170375904,51.03782825710631],[-114.03663648560826,51.03782830458871],[-114.03661825395365,51.0378283171261],[-114.036415061785,51.03782845194122],[-114.03636727737437,51.03782841507908],[-114.0362594860248,51.03782833046291],[-114.02765476087804,51.03782176515273],[-114.02765491956019,51.0377638068373],[-114.02743511361393,51.03776363126449],[-114.02717852304822,51.03776342615517],[-114.02557594660666,51.03776213310272],[-114.02515298795446,51.037735738769705],[-114.02515888851377,51.037421039382814],[-114.02518008580263,51.03625211728672],[-114.02518138792291,51.036180339353166],[-114.02512358740489,51.03574703904353],[-114.02514795269651,51.03494294282284],[-114.02515374714282,51.03428199572428],[-114.02530967021214,51.0340970176828],[-114.02523199232049,51.03406253101171],[-114.02501706135222,51.03396237673188],[-114.02467693882382,51.03382132984974],[-114.0244998864608,51.03368033888121],[-114.02443918766143,51.03329193875364],[-114.02445689818049,51.0321856183183],[-114.02445818702483,51.03210513898799],[-114.0243609574042,51.03190885967219],[-114.02434246776512,51.03189803116403],[-114.02434135145006,51.031897857211],[-114.02423886220485,51.031842084313844],[-114.02423106941198,51.031839439997576],[-114.02413841036757,51.0318198090531],[-114.02407503005985,51.03180671008915],[-114.02403059128761,51.03179752525395],[-114.023957307289,51.03178107694652],[-114.023896658176,51.03176728099186],[-114.0238635598149,51.03175479470717],[-114.02382719257933,51.03174110078863],[-114.02378616049835,51.031720187024085],[-114.02374573135997,51.03169509139353],[-114.02370288156119,51.031659723315485],[-114.02367753174634,51.0316319602845],[-114.02366726758645,51.03161446484402],[-114.02364915610364,51.031585178030014],[-114.02363646734243,51.03154714171594],[-114.02363404245247,51.03152165736301],[-114.02363281698933,51.03148628077864],[-114.02363340170749,51.031449764190725],[-114.02363395284517,51.031346679028054],[-114.02363267669298,51.031209360179986],[-114.02363377552291,51.03099900742483],[-114.02363428825214,51.03082136669719],[-114.02363481164103,51.03066236463817],[-114.02363536667586,51.03056574605254],[-114.02363457036967,51.030486522263345],[-114.02363378326666,51.03044189481624],[-114.02363223970235,51.03037990174005],[-114.02362313960693,51.03033030993333],[-114.02361404704624,51.03029550094949],[-114.02359965783347,51.030253062906276],[-114.02358072910053,51.03020919519812],[-114.0235512108742,51.030157222375045],[-114.02352320857568,51.03011431071541],[-114.0234838616082,51.03007044689584],[-114.02344224901954,51.03002896704723],[-114.02338701593011,51.0299717548302],[-114.0233151393965,51.02989880924874],[-114.02325461128437,51.02983682784017],[-114.02316457398173,51.029744811988735],[-114.02304956886817,51.02962371001979],[-114.02298980016631,51.02956459115173],[-114.02292094905225,51.02949545896753],[-114.02284453340823,51.029417744864084],[-114.02278930305714,51.02936243869899],[-114.02271515763626,51.02928472370105],[-114.0226152881921,51.02918269413669],[-114.0225570314009,51.029123575090644],[-114.02247002527159,51.02903537059393],[-114.02240495770235,51.02896576235301],[-114.02233459383389,51.02889090718644],[-114.02226196079656,51.028812238338254],[-114.02219235352119,51.02873690721015],[-114.02212123554747,51.02866300640791],[-114.02201531646425,51.028552870374014],[-114.02193133672431,51.02846561921163],[-114.02183071484922,51.02836168173048],[-114.02165368036106,51.028180029274985],[-114.02158029459115,51.02810422081512],[-114.02144184546768,51.02796166257916],[-114.02125498239391,51.0277761973125],[-114.02118159910485,51.02770229583616],[-114.02093118721302,51.02744626396724],[-114.02070120501172,51.027212641689346],[-114.0206278222282,51.0271373103403],[-114.02059569152571,51.02710401640653],[-114.02055058126507,51.02705823561783],[-114.02047234707896,51.026977767981215],[-114.02039036057572,51.026896117303004],[-114.02032965030756,51.026833399597436],[-114.02025218756789,51.02675311820253],[-114.02024515845683,51.02674583341262],[-114.02016694177483,51.026666411984465],[-114.02009440016805,51.026592673395434],[-114.02008055582704,51.0265785868929],[-114.0200579998456,51.02655542200261],[-114.01995726332072,51.02645196859097],[-114.01988967063315,51.02638372855264],[-114.01984273122083,51.02633599972647],[-114.0198001706505,51.02628472077447],[-114.01974008631785,51.026218846690654],[-114.01969064128377,51.02615770483985],[-114.01964870493684,51.026104846812714],[-114.0196161564323,51.02606342900386],[-114.01958611277168,51.02602398170733],[-114.01957108528451,51.025992423331665],[-114.01955605287124,51.025947846318026],[-114.01953413965023,51.02590208522629],[-114.01951160370281,51.025866977761076],[-114.01949532809941,51.02584015266857],[-114.01948093143258,51.02582082379182],[-114.01945402247182,51.02579636906398],[-114.01942586176813,51.025775463674975],[-114.01939332303256,51.025754561122774],[-114.0193551536461,51.02573089621395],[-114.0193119802632,51.02570762741728],[-114.01925378999053,51.025679624644155],[-114.01919747654787,51.0256532020577],[-114.01912990414439,51.02562283630245],[-114.01899913863447,51.02557354339367],[-114.01888088553096,51.02551951266942],[-114.01881060095678,51.025488642651425],[-114.01738086682008,51.02548919008791],[-114.01621089368166,51.02548434677523],[-114.01504091952387,51.025479491737244],[-114.01432960521296,51.02547653451465],[-114.01389308860263,51.02547097221534],[-114.01147301841837,51.02543550109864],[-114.01147743766596,51.025134581249105],[-114.011479103621,51.02469859313279],[-114.01148991117734,51.0241289004342],[-114.01152480265962,51.02375237035354],[-114.01157171326184,51.02349963711499],[-114.01162868509203,51.02327918686104],[-114.01140962224068,51.02327921123596],[-114.01099609601764,51.0232787715483],[-114.0108551743106,51.023271539460694],[-114.01102725962936,51.023132160123104],[-114.01136157043648,51.022977934605656],[-114.01147434383786,51.022861541316175],[-114.01170121536697,51.02228958637591],[-114.01201227348373,51.021756663644354],[-114.0121961572738,51.021312973924736],[-114.0126299512897,51.02011108956548],[-114.01267215802642,51.01977306392981],[-114.01272484163546,51.018774232584185],[-114.01273669285416,51.0185495220684],[-114.01273584539608,51.01854516787222],[-114.01273741877053,51.01851534207701],[-114.01263866487345,51.018007729785545],[-114.01248503289366,51.01644156121985],[-114.01240858090138,51.01624974796293],[-114.01228177406166,51.01601797991358],[-114.01226890706512,51.01599446623133],[-114.01210674181972,51.015698112027735],[-114.01210129004619,51.015688148353235],[-114.01206515835071,51.01555445482165],[-114.01199219348068,51.01528446903327],[-114.01197973542584,51.01523837342646],[-114.01197021429978,51.01520313246415],[-114.01192778102163,51.015046084132265],[-114.01193029985187,51.014904548694915],[-114.0119309028981,51.01487067082425],[-114.01193203116804,51.01486791218717],[-114.01197730512735,51.01475726742598],[-114.01200567037435,51.01468794836678],[-114.01205032288364,51.01457881330626],[-114.0121566583796,51.01440740608951],[-114.01221348373312,51.014315806117075],[-114.01225154199689,51.014270990446775],[-114.01237114753883,51.014130148774974],[-114.0125215812717,51.01395300004159],[-114.01262245764808,51.013652696845405],[-114.01271103915884,51.013529438712574],[-114.01307890231378,51.01321985749464],[-114.01321295489791,51.013107042780184],[-114.0132271416187,51.01309510387907],[-114.01341242545759,51.01289547133379],[-114.01344885747308,51.01285621298132],[-114.01349143794316,51.01271395866012],[-114.01349300663287,51.01270871803253],[-114.01349454917404,51.0127035671477],[-114.0134903145942,51.01255302593793],[-114.01349014314873,51.012546924060516],[-114.01348944534422,51.01252214220085],[-114.0135585939742,51.01237914236181],[-114.01408147762902,51.01179336771267],[-114.01480415451857,51.011139393646914],[-114.01494947805871,51.01103918680265],[-114.01580137954991,51.01064891678236],[-114.01602206454751,51.01060116152769],[-114.01639606384738,51.01059799341853],[-114.01668474796067,51.010570135326255],[-114.0168650198618,51.010500606330254],[-114.01701760052414,51.010405289930596],[-114.01726347150273,51.01019390344706],[-114.01818131646932,51.00965388388773],[-114.01861325844315,51.0093645158263],[-114.01873429578556,51.00925580024436],[-114.01903913494046,51.00907803165517],[-114.01933345200976,51.00885773542847],[-114.01942436160688,51.00878968439135],[-114.01966578607197,51.00860896820466],[-114.0196787432064,51.00859926999158],[-114.01973687129262,51.008555762807795],[-114.01987417457232,51.00845299416386],[-114.02025610947324,51.00816709054153],[-114.02052039939105,51.00778675516594],[-114.02107916149961,51.00712521268466],[-114.02143894303087,51.00672776620197],[-114.02177258122025,51.00635919394686],[-114.02184344025054,51.006247989423834],[-114.02186711945411,51.0061999743649],[-114.02195700233571,51.00591581743474],[-114.02204276608639,51.00564467966834],[-114.02206177672994,51.00558457665928],[-114.02211057392176,51.005430302533874],[-114.02222838380938,51.00514697287215],[-114.02227058503838,51.00504547731429],[-114.02237841945411,51.004786135578144],[-114.02242532333244,51.00467334209249],[-114.02244259434029,51.004640944955014],[-114.02251373536411,51.00450750335256],[-114.02273056733856,51.00410069701955],[-114.02339839391465,51.00318856840184],[-114.02355359555719,51.003069846025745],[-114.02408901932783,51.002660264701674],[-114.02471454825104,51.002301625671215],[-114.0250198577926,51.00215989023363],[-114.02530665822587,51.002026748549795],[-114.02556560581047,51.001906529243826],[-114.02575928361772,51.001847516161455],[-114.02642310907528,51.00172484536973],[-114.02648846802552,51.00172043840586],[-114.0266730067951,51.00170799381771],[-114.02670286459268,51.00177161296648],[-114.02669017075094,51.00178026967548],[-114.02627141317085,51.00206583890019],[-114.02626913400205,51.00206907568912],[-114.02618472337674,51.00218896751619],[-114.02621475845582,51.00217947120082],[-114.02654958719026,51.00207360612486],[-114.02710055503941,51.00186062568173],[-114.02724961299914,51.00176523240016],[-114.0276203865575,51.001430864364785],[-114.02769467075967,51.00137248444331],[-114.02841093548224,51.000809477118416],[-114.02901452234171,51.00022454134076],[-114.02909750930085,51.0001262260109],[-114.029156979893,51.000055781170396],[-114.02921395490847,51.00000011008853],[-114.02928566430995,50.99992997379618],[-114.02943405814236,50.999740438716636],[-114.02989064515577,50.999027102603385],[-114.03002099995622,50.99873671611781],[-114.03005405110079,50.99863397940312],[-114.03013268413851,50.99838955493095],[-114.03021074759548,50.998024762340286],[-114.03021348331629,50.99801198051658],[-114.03018309784767,50.99769050389144],[-114.03009079313571,50.9973653032882],[-114.02993717356733,50.99697552851905],[-114.02974911590138,50.996617487395305],[-114.02974363943221,50.99660705919931],[-114.02974320612051,50.996606235131445],[-114.0297362843884,50.996593057335815],[-114.02950523830764,50.996359696636226],[-114.02941008420552,50.996293056280315],[-114.02933109866815,50.9962377398754],[-114.02932097785717,50.99623065120792],[-114.02878608338415,50.995856039058395],[-114.02862670910389,50.99575534005753],[-114.02853549790544,50.99569770834189],[-114.02847648407764,50.99566041972351],[-114.0283943352672,50.9956240416239],[-114.02814974282823,50.99551572847327],[-114.02807684410087,50.99547155527015],[-114.0280104761423,50.99543133988462],[-114.02799158106112,50.99541989042462],[-114.02805237498801,50.99534941932913],[-114.02813314298065,50.995332912691175],[-114.02815024177235,50.995329418600704],[-114.02809477807112,50.9952255429596],[-114.02779046474892,50.995090025545004],[-114.0260004126203,50.99413183857969],[-114.02567444472703,50.99395735525663],[-114.02532138718729,50.99380054869391],[-114.02503509581015,50.993673393470615],[-114.02483621296835,50.993585057873986],[-114.0244675612376,50.99337223841866],[-114.02390934190353,50.992906470657786],[-114.02370179967974,50.992676238196616],[-114.02339901356086,50.99222852231602],[-114.02323433559421,50.991943826052726],[-114.02300810323199,50.9913653029735],[-114.02291896043764,50.99101847102557],[-114.02291145229462,50.99097306914916],[-114.02276756079135,50.99010293529448],[-114.022751060592,50.9897913675688],[-114.02275025819536,50.98977622623568],[-114.02279410900714,50.98922686435291],[-114.02285880051916,50.98897049025916],[-114.02302173542449,50.98871991639387],[-114.02329094797976,50.98848331617032],[-114.02504652234907,50.98721156160626],[-114.02520500624514,50.98709674891769],[-114.02527933946843,50.98704289514212],[-114.02533335539856,50.9870037617265],[-114.02539473794408,50.98696684618036],[-114.02546144547996,50.986926729128356],[-114.02552027744632,50.98689187760126],[-114.02562731017815,50.98682847771811],[-114.02591418657833,50.98662327133308],[-114.02611215643091,50.98642970930133],[-114.02617228437639,50.98636379382146],[-114.02628879319906,50.98625700447291],[-114.02673638652313,50.98581936800593],[-114.02723902510672,50.9853739223245],[-114.02777940067125,50.98484810982085],[-114.02806852890511,50.98459299320644],[-114.02840001259977,50.98434271557129],[-114.02859608383282,50.98421313654906],[-114.02860960745066,50.98420196393415],[-114.0288983294464,50.984005455175115],[-114.02893971162428,50.98398604041115],[-114.02896536768539,50.9839690840698],[-114.02924804383514,50.9838297655315],[-114.02950268006845,50.98345358845759],[-114.02971213983294,50.983144146865335],[-114.02985544552175,50.9829324338873],[-114.02997961341526,50.98264578289238],[-114.0301200907645,50.98242576491309],[-114.03025460276524,50.98221489425129],[-114.0303410111199,50.98210471481083],[-114.0304198965383,50.98197293549646],[-114.03066647735575,50.98166446419677],[-114.0311586777003,50.981162045144],[-114.03148154191199,50.9808671164064],[-114.03177363848555,50.98064305815043],[-114.03207089734488,50.98048785806548],[-114.0323645683354,50.98041891552915],[-114.03266220330296,50.98041683030461],[-114.03316012360081,50.97998390235126],[-114.03324953577989,50.97991169960456],[-114.03336648956933,50.97979213557218],[-114.03355225247893,50.97965583257725],[-114.03358726461576,50.979630155052874],[-114.03383300638448,50.97947515491028],[-114.0347413225273,50.97890223301372],[-114.03498536006786,50.97876252553383],[-114.03502947338801,50.978719078413796],[-114.03516518192222,50.97858123299425],[-114.0352506430713,50.97853395118386],[-114.03531708250021,50.978448005844214],[-114.03537062798915,50.97837469918209],[-114.03550818030836,50.97823889997435],[-114.03631036140759,50.97709202615352],[-114.03664741613194,50.97658050303293],[-114.03669784733357,50.97642527135148],[-114.03677285877927,50.97630175762766],[-114.03692209941266,50.97605577076237],[-114.037028879438,50.97596341872993],[-114.03706891557283,50.975816348178746],[-114.03709800005012,50.97580440771495],[-114.03713835913028,50.97567491516559],[-114.03723566009975,50.975420428155566],[-114.03732884967596,50.97521373383546],[-114.03742857316513,50.97494880560151],[-114.03747361834056,50.9746980170812],[-114.0374767005424,50.974680853056306],[-114.03745243509746,50.974507085532466],[-114.03746754688734,50.97442015908283],[-114.037462908381,50.97441672741692],[-114.03746825350945,50.97438597858049],[-114.03745066787455,50.97437296971186],[-114.03745970641455,50.97421643213736],[-114.03749840277378,50.97411996771873],[-114.03748730835474,50.97411520446682],[-114.03749910936565,50.974085787214335],[-114.03731251602284,50.97400567133093],[-114.03718335055109,50.973805950851066],[-114.03703464562778,50.97357601305132],[-114.03700559767763,50.97354601976797],[-114.03695803956012,50.973466655444],[-114.036853573515,50.97334629576726],[-114.0367983874981,50.973279644268864],[-114.03675296607153,50.97322479378293],[-114.03670159065868,50.97316901882577],[-114.03660500653855,50.97307285767239],[-114.03650100939126,50.97294913597996],[-114.03646094449928,50.972918125949],[-114.0364186516721,50.97287194128243],[-114.03617918712253,50.97268836145457],[-114.0358411226966,50.97250702605492],[-114.03582071387721,50.97249960108888],[-114.03547116853652,50.97237242625553],[-114.03511678639356,50.97227309027455],[-114.03510907689304,50.97223669010521],[-114.03510617419587,50.97222294840695],[-114.03472639288896,50.97178206425475],[-114.03452995387785,50.97158977445418],[-114.03400547659476,50.971182703088296],[-114.03364961262268,50.97097547081285],[-114.03289087794614,50.97065319401303],[-114.03236925847094,50.9705185159417],[-114.0317194579758,50.970434187478915],[-114.03077695705709,50.97041262753197],[-114.03077498969982,50.97041281722472],[-114.03055176994496,50.970437021944484],[-114.03032904743824,50.97045854763635],[-114.03010846690218,50.970469096176004],[-114.02989103715896,50.97046340675584],[-114.029838251918,50.970453817184136],[-114.02946558102957,50.97050066476636],[-114.02868825709197,50.97069051575573],[-114.02832388382609,50.97071771666476],[-114.02802057584536,50.970707163770435],[-114.02799212457981,50.9707122231963],[-114.02779959832559,50.970710983430536],[-114.02754944285425,50.970720473094815],[-114.02733491761735,50.970693220706586],[-114.02713593856234,50.97063741324839],[-114.02705472729949,50.97056574700795],[-114.02696929237597,50.970453271081354],[-114.02700607293885,50.97043744690974],[-114.02698814095014,50.97041128890022],[-114.02700678713894,50.970403266489505],[-114.02698322627833,50.970368897344095],[-114.02682523171352,50.97022716145344],[-114.02628303434106,50.96981065912371],[-114.02593936069509,50.96954665195926],[-114.02594047239836,50.969490439034196],[-114.0259411482163,50.9694562906799],[-114.02599658126472,50.96941147129047],[-114.02614980573705,50.96937512861313],[-114.0262388114884,50.969332119311765],[-114.02623896836246,50.96933204415008],[-114.02626565794668,50.96931914808249],[-114.02613149705745,50.969210258794206],[-114.02593196762555,50.96899633535294],[-114.02575007744159,50.96871934177256],[-114.02536618012104,50.96783389096398],[-114.02535142718614,50.96779976949497],[-114.02512052938819,50.967265729559244],[-114.02508094777613,50.96717418089065],[-114.02482741373652,50.966135450995345],[-114.02463878111496,50.96498808355347],[-114.02459731045376,50.96473571594132],[-114.02445271013445,50.96447825144297],[-114.02428787780136,50.96430270920307],[-114.02405816717474,50.96384685831716],[-114.02397187071494,50.9635796711935],[-114.0238699746789,50.96304252832039],[-114.02385580349711,50.96276834185817],[-114.02385504421005,50.96275365784271],[-114.02386380799395,50.96263783822271],[-114.0238656463087,50.96261354164361],[-114.02386106450679,50.962573178667654],[-114.02385781141734,50.96254452844838],[-114.02387240798784,50.96252418986807],[-114.02391251578763,50.96199413531032],[-114.02398536704713,50.961698786845794],[-114.02406230288199,50.96150733531844],[-114.02421631628067,50.96145344436287],[-114.0244095673478,50.96152299348376],[-114.02456999348678,50.961471903137664],[-114.02471840676155,50.96130728979463],[-114.02476728585218,50.96126891254419],[-114.02494165114885,50.96113201319504],[-114.0250929546609,50.961067006766505],[-114.02513766407773,50.96104780013078],[-114.02525312730607,50.96095766419481],[-114.02526596120325,50.960947644924225],[-114.02513402940723,50.96068462086039],[-114.02509392836984,50.96060467133802],[-114.02467561906252,50.95977061947064],[-114.02450369058809,50.959465587342095],[-114.02438762598229,50.959197799914996],[-114.0243869835452,50.959182767809104],[-114.0243869424031,50.95918180754617]]]}},{"type":"Feature","properties":{"name":"Calgary-Peigan","originalGeometryName":"Calgary-Peigan","displayName":"Calgary-Peigan","divisionNumber":22,"sourceProperties":{"EDNumber20":22,"EDName2017":"Calgary-Peigan","Km2":110.13782501,"Hectares":11013.7822266,"Acres":27215.6503906,"Authority":"Legislative Assembly of Alberta","Shape_Leng":60533.8267326,"Shape_Area":110137826.385},"level":"provincial","effectiveFrom":"2019-03-19","sourceUrl":"https://www.elections.ab.ca/resources/maps/","licenceUrl":"https://www.elections.ab.ca/terms-conditions/","geometryProcessing":"Original source vertices, coordinate projection converted to WGS84 for GeoJSON; no simplification, repair or rounding. Original source attributes retained separately."},"geometry":{"type":"Polygon","coordinates":[[[-114.0243869424031,50.95918180754617],[-114.02438762598229,50.959197799914996],[-114.02450369058809,50.959465587342095],[-114.02467561906252,50.95977061947064],[-114.02509392836984,50.96060467133802],[-114.02526596120325,50.960947644924225],[-114.02513766407773,50.96104780013078],[-114.0250929546609,50.961067006766505],[-114.02494165114885,50.96113201319504],[-114.02471840676155,50.96130728979463],[-114.02456999348678,50.961471903137664],[-114.0244095673478,50.96152299348376],[-114.02421631628067,50.96145344436287],[-114.02406230288199,50.96150733531844],[-114.02398536704713,50.961698786845794],[-114.02391251578763,50.96199413531032],[-114.02387240798784,50.96252418986807],[-114.02385781141734,50.96254452844838],[-114.0238656463087,50.96261354164361],[-114.02385504421005,50.96275365784271],[-114.0238699746789,50.96304252832039],[-114.02397187071494,50.9635796711935],[-114.02405816717474,50.96384685831716],[-114.02428787780136,50.96430270920307],[-114.02445271013445,50.96447825144297],[-114.02459731045376,50.96473571594132],[-114.02463878111496,50.96498808355347],[-114.02474800447118,50.96565244394819],[-114.02482741373652,50.966135450995345],[-114.02508094777613,50.96717418089065],[-114.02512052938819,50.967265729559244],[-114.02535142718614,50.96779976949497],[-114.02536618012104,50.96783389096398],[-114.02575007744159,50.96871934177256],[-114.02593196762555,50.96899633535294],[-114.02613149705745,50.969210258794206],[-114.02626565794668,50.96931914808249],[-114.02623896836246,50.96933204415008],[-114.0262388114884,50.969332119311765],[-114.02614980573705,50.96937512861313],[-114.02599658126472,50.96941147129047],[-114.0259411482163,50.9694562906799],[-114.02594047239836,50.969490439034196],[-114.02593936069509,50.96954665195926],[-114.02628303434106,50.96981065912371],[-114.02682523171352,50.97022716145344],[-114.02698322627833,50.970368897344095],[-114.02700678713894,50.970403266489505],[-114.02698814095014,50.97041128890022],[-114.02700607293885,50.97043744690974],[-114.02696929237597,50.970453271081354],[-114.02705472729949,50.97056574700795],[-114.02713593856234,50.97063741324839],[-114.02733491761735,50.970693220706586],[-114.02754944285425,50.970720473094815],[-114.02779959832559,50.970710983430536],[-114.02799212457981,50.9707122231963],[-114.02802057584536,50.970707163770435],[-114.02832388382609,50.97071771666476],[-114.02868825709197,50.97069051575573],[-114.02946558102957,50.97050066476636],[-114.029838251918,50.970453817184136],[-114.02989103715896,50.97046340675584],[-114.03010846690218,50.970469096176004],[-114.03032904743824,50.97045854763635],[-114.03055176994496,50.970437021944484],[-114.03077498969982,50.97041281722472],[-114.03077695705709,50.97041262753197],[-114.0317194579758,50.970434187478915],[-114.03236925847094,50.9705185159417],[-114.03289087794614,50.97065319401303],[-114.03364961262268,50.97097547081285],[-114.03400547659476,50.971182703088296],[-114.03452995387785,50.97158977445418],[-114.03472639288896,50.97178206425475],[-114.03510617419587,50.97222294840695],[-114.03510907689304,50.97223669010521],[-114.03511678639356,50.97227309027455],[-114.03547116853652,50.97237242625553],[-114.03582071387721,50.97249960108888],[-114.0358411226966,50.97250702605492],[-114.03617918712253,50.97268836145457],[-114.0364186516721,50.97287194128243],[-114.03646094449928,50.972918125949],[-114.03650100939126,50.97294913597996],[-114.03660500653855,50.97307285767239],[-114.03670159065868,50.97316901882577],[-114.03675296607153,50.97322479378293],[-114.0367983874981,50.973279644268864],[-114.036853573515,50.97334629576726],[-114.03695803956012,50.973466655444],[-114.03700559767763,50.97354601976797],[-114.03703464562778,50.97357601305132],[-114.03718335055109,50.973805950851066],[-114.03731251602284,50.97400567133093],[-114.03749910936565,50.974085787214335],[-114.03748730835474,50.97411520446682],[-114.03749840277378,50.97411996771873],[-114.03745970641455,50.97421643213736],[-114.03745066787455,50.97437296971186],[-114.03746825350945,50.97438597858049],[-114.037462908381,50.97441672741692],[-114.03746754688734,50.97442015908283],[-114.03745243509746,50.974507085532466],[-114.0374767005424,50.974680853056306],[-114.03747361834056,50.9746980170812],[-114.03742857316513,50.97494880560151],[-114.03732884967596,50.97521373383546],[-114.03723566009975,50.975420428155566],[-114.03713835913028,50.97567491516559],[-114.03709800005012,50.97580440771495],[-114.03706891557283,50.975816348178746],[-114.037028879438,50.97596341872993],[-114.03692209941266,50.97605577076237],[-114.03677285877927,50.97630175762766],[-114.03669784733357,50.97642527135148],[-114.03664741613194,50.97658050303293],[-114.03631036140759,50.97709202615352],[-114.03550818030836,50.97823889997435],[-114.03537062798915,50.97837469918209],[-114.03531708250021,50.978448005844214],[-114.0352506430713,50.97853395118386],[-114.03516518192222,50.97858123299425],[-114.03502947338801,50.978719078413796],[-114.03498536006786,50.97876252553383],[-114.0347413225273,50.97890223301372],[-114.03383300638448,50.97947515491028],[-114.03358726461576,50.979630155052874],[-114.03355225247893,50.97965583257725],[-114.03340217075244,50.97976595534343],[-114.03336648956933,50.97979213557218],[-114.03324953577989,50.97991169960456],[-114.03316012360081,50.97998390235126],[-114.03266220330296,50.98041683030461],[-114.0323645683354,50.98041891552915],[-114.03207089734488,50.98048785806548],[-114.03177363848555,50.98064305815043],[-114.03148154191199,50.9808671164064],[-114.0311586777003,50.981162045144],[-114.03066647735575,50.98166446419677],[-114.0304198965383,50.98197293549646],[-114.0303410111199,50.98210471481083],[-114.03025460276524,50.98221489425129],[-114.0301200907645,50.98242576491309],[-114.02997961341526,50.98264578289238],[-114.02985544552175,50.9829324338873],[-114.02971213983294,50.983144146865335],[-114.02950268006845,50.98345358845759],[-114.02924804383514,50.9838297655315],[-114.02896536768539,50.9839690840698],[-114.02893971162428,50.98398604041115],[-114.0288983294464,50.984005455175115],[-114.02860960745066,50.98420196393415],[-114.02859608383282,50.98421313654906],[-114.02840001259977,50.98434271557129],[-114.02806852890511,50.98459299320644],[-114.02777940067125,50.98484810982085],[-114.02723902510672,50.9853739223245],[-114.02673638652313,50.98581936800593],[-114.02628879319906,50.98625700447291],[-114.02617228437639,50.98636379382146],[-114.02611215643091,50.98642970930133],[-114.02591418657833,50.98662327133308],[-114.02562731017815,50.98682847771811],[-114.02552027744632,50.98689187760126],[-114.02546144547996,50.986926729128356],[-114.02539473794408,50.98696684618036],[-114.02533335539856,50.9870037617265],[-114.02527933946843,50.98704289514212],[-114.02520500624514,50.98709674891769],[-114.02504652234907,50.98721156160626],[-114.02329094797976,50.98848331617032],[-114.02302173542449,50.98871991639387],[-114.02285880051916,50.98897049025916],[-114.02279410900714,50.98922686435291],[-114.02275025819536,50.98977622623568],[-114.02276756079135,50.99010293529448],[-114.02291896043764,50.99101847102557],[-114.02300810323199,50.9913653029735],[-114.02323433559421,50.991943826052726],[-114.02339901356086,50.99222852231602],[-114.02370179967974,50.992676238196616],[-114.02390934190353,50.992906470657786],[-114.0244675612376,50.99337223841866],[-114.02483621296835,50.993585057873986],[-114.02503509581015,50.993673393470615],[-114.02532138718729,50.99380054869391],[-114.02567444472703,50.99395735525663],[-114.0260004126203,50.99413183857969],[-114.02779046474892,50.995090025545004],[-114.02809477807112,50.9952255429596],[-114.02815024177235,50.995329418600704],[-114.02805237498801,50.99534941932913],[-114.02799158106112,50.99541989042462],[-114.02814974282823,50.99551572847327],[-114.02847648407764,50.99566041972351],[-114.02878608338415,50.995856039058395],[-114.02933109866815,50.9962377398754],[-114.02941008420552,50.996293056280315],[-114.02950523830764,50.996359696636226],[-114.0297362843884,50.996593057335815],[-114.02974320612051,50.996606235131445],[-114.02974363943221,50.99660705919931],[-114.02993717356733,50.99697552851905],[-114.03009079313571,50.9973653032882],[-114.03018309784767,50.99769050389144],[-114.03021348331629,50.99801198051658],[-114.03013268413851,50.99838955493095],[-114.03002099995622,50.99873671611781],[-114.02989064515577,50.999027102603385],[-114.02943405814236,50.999740438716636],[-114.02928566430995,50.99992997379618],[-114.02921395490847,51.00000011008853],[-114.029156979893,51.000055781170396],[-114.02909750930085,51.0001262260109],[-114.02901452234171,51.00022454134076],[-114.02841093548224,51.000809477118416],[-114.02769467075967,51.00137248444331],[-114.0276203865575,51.001430864364785],[-114.02724961299914,51.00176523240016],[-114.02710055503941,51.00186062568173],[-114.02654958719026,51.00207360612486],[-114.02618472337674,51.00218896751619],[-114.02627141317085,51.00206583890019],[-114.02670286459268,51.00177161296648],[-114.0266730067951,51.00170799381771],[-114.02642310907528,51.00172484536973],[-114.02575928361772,51.001847516161455],[-114.02556560581047,51.001906529243826],[-114.02530665822587,51.002026748549795],[-114.0250198577926,51.00215989023363],[-114.02471454825104,51.002301625671215],[-114.02408901932783,51.002660264701674],[-114.02339839391465,51.00318856840184],[-114.02273056733856,51.00410069701955],[-114.02251373536411,51.00450750335256],[-114.02244259434029,51.004640944955014],[-114.02242532333244,51.00467334209249],[-114.02237841945411,51.004786135578144],[-114.02227058503838,51.00504547731429],[-114.02211057392176,51.005430302533874],[-114.02206177672994,51.00558457665928],[-114.02204276608639,51.00564467966834],[-114.02195700233571,51.00591581743474],[-114.02186711945411,51.0061999743649],[-114.02184344025054,51.006247989423834],[-114.02177258122025,51.00635919394686],[-114.02107916149961,51.00712521268466],[-114.02052039939105,51.00778675516594],[-114.02025610947324,51.00816709054153],[-114.01987417457232,51.00845299416386],[-114.01973687129262,51.008555762807795],[-114.0196787432064,51.00859926999158],[-114.01966578607197,51.00860896820466],[-114.01942436160688,51.00878968439135],[-114.01933345200976,51.00885773542847],[-114.01903913494046,51.00907803165517],[-114.01873429578556,51.00925580024436],[-114.01861325844315,51.0093645158263],[-114.01818131646932,51.00965388388773],[-114.01726347150273,51.01019390344706],[-114.01701760052414,51.010405289930596],[-114.0168650198618,51.010500606330254],[-114.01668474796067,51.010570135326255],[-114.01639606384738,51.01059799341853],[-114.01602206454751,51.01060116152769],[-114.01580137954991,51.01064891678236],[-114.01494947805871,51.01103918680265],[-114.01480415451857,51.011139393646914],[-114.01408147762902,51.01179336771267],[-114.0135585939742,51.01237914236181],[-114.01348944534422,51.01252214220085],[-114.01349454917404,51.0127035671477],[-114.01344885747308,51.01285621298132],[-114.01341242545759,51.01289547133379],[-114.0132271416187,51.01309510387907],[-114.01321295489791,51.013107042780184],[-114.01307890231378,51.01321985749464],[-114.01271103915884,51.013529438712574],[-114.01262245764808,51.013652696845405],[-114.0125215812717,51.01395300004159],[-114.01237114753883,51.014130148774974],[-114.01225154199689,51.014270990446775],[-114.01221348373312,51.014315806117075],[-114.0121566583796,51.01440740608951],[-114.01205032288364,51.01457881330626],[-114.01200567037435,51.01468794836678],[-114.01194831544043,51.01482811507571],[-114.01193203116804,51.01486791218717],[-114.0119309028981,51.01487067082425],[-114.01193029985187,51.014904548694915],[-114.01192778102163,51.015046084132265],[-114.01197021429978,51.01520313246415],[-114.01197973542584,51.01523837342646],[-114.01199219348068,51.01528446903327],[-114.01206515835071,51.01555445482165],[-114.01209883328022,51.01567905925712],[-114.01210129004619,51.015688148353235],[-114.01228177406166,51.01601797991358],[-114.01240858090138,51.01624974796293],[-114.01248503289366,51.01644156121985],[-114.01263866487345,51.018007729785545],[-114.01273741877053,51.01851534207701],[-114.01273584539608,51.01854516787222],[-114.01273669285416,51.0185495220684],[-114.01267215802642,51.01977306392981],[-114.0126299512897,51.02011108956548],[-114.0121961572738,51.021312973924736],[-114.01201227348373,51.021756663644354],[-114.01170121536697,51.02228958637591],[-114.01147434383786,51.022861541316175],[-114.01136157043648,51.022977934605656],[-114.01102725962936,51.023132160123104],[-114.0108551743106,51.023271539460694],[-114.01085023351304,51.023275541491834],[-114.01083655634572,51.02328661896024],[-114.01078281143012,51.0233301461982],[-114.01076878878553,51.023341503219044],[-114.01016010413593,51.023705341649176],[-114.00984623935429,51.02388267676686],[-114.00954189756617,51.02399899310584],[-114.00947160632444,51.02402585770482],[-114.00916081330469,51.02419196709895],[-114.0089761358159,51.024261553927275],[-114.00857728359553,51.024376664023585],[-114.00780888989594,51.02481745091306],[-114.00754856686666,51.02502569610552],[-114.00747276730446,51.02515766376264],[-114.00722007040667,51.02535907010458],[-114.00704172129468,51.025433024994676],[-114.00682701119625,51.02548468260972],[-114.00664954005019,51.025560289795976],[-114.00643580543519,51.025614179781854],[-114.00595535931637,51.02568654813903],[-114.00452297142245,51.02611065778659],[-114.00407458403878,51.026207598754254],[-114.00387922192017,51.02627790874802],[-114.00372452480002,51.02636708950153],[-114.00330692527294,51.02666789613484],[-114.00306348628216,51.02689874733285],[-114.00288175707092,51.02714307665161],[-114.00285073105351,51.02749356034235],[-114.00278166007267,51.02765505528157],[-114.00277812450982,51.0276633215343],[-114.0027951237436,51.0278205418098],[-114.00304111267774,51.0284298568382],[-114.00311205988878,51.02874190907843],[-114.00332417014074,51.0291606960043],[-114.00350487386011,51.02944177313906],[-114.00355485268086,51.02960193290096],[-114.00355615824174,51.029606115635374],[-114.00354684683668,51.02974314940843],[-114.00364339395058,51.03004427037721],[-114.00379346429067,51.03030623218882],[-114.00396678304656,51.030474192224865],[-114.00398021993277,51.03048721289897],[-114.00402625830196,51.030531818691834],[-114.00420028862281,51.03062950776283],[-113.99631360881794,51.03056108654043],[-113.99442920491813,51.03054465914822],[-113.99280050441772,51.030505459655146],[-113.99183210506904,51.030530359242775],[-113.98696840484807,51.030537858884564],[-113.98572770441746,51.03054265922965],[-113.98458610415035,51.0305358593347],[-113.98438610432392,51.03053195853055],[-113.98414340583736,51.03052915889921],[-113.98305940496495,51.030529859255395],[-113.98161599780255,51.030525625813745],[-113.98163405934152,51.02692772497041],[-113.98163819504266,51.023181311058934],[-113.98164225288669,51.02265575389268],[-113.9816540676452,51.02112542285372],[-113.98162989629517,51.019456657499816],[-113.98160471622643,51.019227929461515],[-113.98144767349804,51.01892550351744],[-113.98109774830527,51.01853207419893],[-113.98086887798864,51.01836460889824],[-113.98033182627435,51.01807428782739],[-113.97949300515683,51.017632158397284],[-113.97830315909847,51.01697115171291],[-113.97794640102185,51.016720481145704],[-113.97765126829817,51.01641322173472],[-113.97733642648016,51.01562972978109],[-113.9771193772415,51.01499891132921],[-113.97698540513123,51.01499765832538],[-113.97597230461317,51.014987458412044],[-113.97480260478551,51.01498135815279],[-113.96004360541788,51.01497865865333],[-113.95967280518684,51.014979058802226],[-113.95851790476523,51.01498135866663],[-113.95837686446743,51.01495491330466],[-113.95837948691842,51.01659856797586],[-113.95837978406037,51.01678524466841],[-113.95828717678867,51.0167852116373],[-113.95811892595435,51.016785151780375],[-113.95801888095109,51.01674896772199],[-113.95783638663771,51.01668297998945],[-113.95636418195505,51.0161505780239],[-113.95593455967425,51.01615144131476],[-113.95593676355249,51.01860683758449],[-113.95593875077212,51.020811256261055],[-113.95593886504747,51.02090167537943],[-113.95593927458076,51.02122216060054],[-113.95594009900398,51.02187082653971],[-113.95594113498467,51.02265700929532],[-113.95594143265104,51.02288436025113],[-113.95594182141302,51.02322678104067],[-113.95594167863312,51.023301081720824],[-113.95594126144485,51.0235006904437],[-113.95593928382635,51.02454939889823],[-113.95593705542555,51.0257131955013],[-113.9559346036265,51.02699098107455],[-113.95593213680294,51.028269279035115],[-113.95592726263921,51.030523647244976],[-113.94676193026407,51.03052998119078],[-113.94676190422622,51.03063976364629],[-113.94676157685812,51.03320245498742],[-113.94691098303956,51.03328237936046],[-113.94691656717126,51.036441220772076],[-113.94691737249354,51.03707843388307],[-113.94691740029717,51.03778921573515],[-113.9469159565657,51.03784767635322],[-113.94691528582506,51.037874871696786],[-113.94278445616503,51.0378584389212],[-113.93932610364836,51.037859827450646],[-113.93516606903175,51.037826198071414],[-113.93023688665401,51.037833177110485],[-113.92789337754965,51.03782025514972],[-113.9246426906573,51.03776864733517],[-113.92126313374538,51.037770515948125],[-113.91795330688595,51.037754624864654],[-113.91469609913904,51.037750492938834],[-113.91391130096605,51.03782116426891],[-113.91367737694931,51.03783631427026],[-113.91190815816955,51.0378372819967],[-113.91109455063133,51.037834541797956],[-113.90850350364227,51.03783185905885],[-113.90828760505417,51.03783195915291],[-113.90787770464256,51.037832058707906],[-113.9064060051612,51.03783245936244],[-113.89007250017833,51.037837622519746],[-113.88866920450614,51.03783795914195],[-113.87815620429848,51.037839759032806],[-113.87131892354364,51.03784112568516],[-113.86562130525064,51.037841958542295],[-113.86555260818294,51.037841958290294],[-113.86555267084275,51.0377897293474],[-113.8655527602629,51.036882775178796],[-113.86555562385878,51.03266021940939],[-113.86555572788268,51.03249585588736],[-113.86555693486089,51.030556122887916],[-113.86555786062074,51.0290859817812],[-113.86555853301182,51.02799024202401],[-113.86555968015985,51.023362311235076],[-113.8655596983107,51.02332358177855],[-113.86555976549765,51.023049668108236],[-113.86555984662239,51.02283829775035],[-113.86556192246854,51.016094239413604],[-113.86759801740264,51.01609401532347],[-113.86952465001072,51.01609377086603],[-113.87704011534828,51.0160925130372],[-113.88277974644888,51.016091200995355],[-113.88774981600119,51.01609003856768],[-113.88808494945238,51.01609020558871],[-113.88851923395296,51.01609041526255],[-113.8888058520466,51.01609036158673],[-113.9002856946532,51.016086754623664],[-113.9015597893745,51.01608637860085],[-113.90209294877656,51.016086225815386],[-113.90384440874779,51.016085676405524],[-113.90527141180876,51.016085218931615],[-113.90740731740512,51.01608449301658],[-113.90915465649925,51.01608387043843],[-113.90948257933658,51.01608375581427],[-113.91161693385037,51.0160828475916],[-113.9117603266159,51.016082888648235],[-113.91176183337826,51.00884635458839],[-113.91176184422078,51.00866552658913],[-113.91176189868051,51.00839569827394],[-113.91176329152285,51.004823220546356],[-113.91176395571436,51.00357668233369],[-113.91176394075197,51.00313551521298],[-113.91176585326792,51.00144800919997],[-113.91176965913986,50.99421461064945],[-113.91177425788663,50.986979421410744],[-113.91178544961714,50.97983691972315],[-113.91178552515402,50.979746514938746],[-113.91177808541785,50.979564878944274],[-113.91177810396832,50.97947447362486],[-113.91163490757819,50.97947451592718],[-113.9116349688826,50.979200655049524],[-113.90791110250994,50.97920287364141],[-113.90272327295361,50.97920540876199],[-113.90242665942323,50.979479469573235],[-113.90111219236961,50.97948000371133],[-113.90058644884515,50.97948019257988],[-113.90032446745569,50.97948030035668],[-113.89766252998082,50.97948124516356],[-113.89693926403477,50.97948148942256],[-113.89372514796464,50.97948254369931],[-113.89016982937113,50.979483615708375],[-113.8895667020272,50.97948378528974],[-113.88930201346732,50.979483859698085],[-113.88920406471708,50.979483881906134],[-113.88886807705413,50.97948397900402],[-113.88858168570809,50.9794839802763],[-113.88668343153363,50.979483958904964],[-113.8850868460339,50.97948392559172],[-113.88361548586212,50.97948387083036],[-113.88245175119457,50.979483817282876],[-113.87705307589049,50.97948341965967],[-113.87035564143821,50.97948262456274],[-113.87035558559607,50.97957301268253],[-113.86944649009214,50.97957288084362],[-113.86944651940053,50.97948248436477],[-113.86552498118157,50.97948181595411],[-113.86553681360438,50.97234204680613],[-113.86553692679314,50.97227014782686],[-113.86553703473504,50.97220723630576],[-113.86554726014042,50.96511207468746],[-113.86555853982603,50.96066439635701],[-113.86556461721958,50.95826685527181],[-113.86556559213804,50.95788205357195],[-113.86556733559264,50.95635625920163],[-113.86556751175742,50.95621857801524],[-113.86556796790832,50.95580557871721],[-113.86556888582493,50.95294126155738],[-113.86557252931568,50.95179828795213],[-113.86557125885273,50.950653547157906],[-113.86557413748812,50.95047212393269],[-113.86557355850896,50.950471920384565],[-113.86558958929326,50.94323974523846],[-113.86566064809207,50.943239715795066],[-113.86937463451831,50.94324035063216],[-113.87143036943421,50.94324065987684],[-113.87293293158112,50.943240462353195],[-113.87712299385122,50.94452658810875],[-113.87712458417658,50.94391796042666],[-113.87712634506958,50.943240771675356],[-113.87714818480983,50.936004843402706],[-113.87712838266592,50.92878631742218],[-113.87712847823646,50.927880733158965],[-113.87955029251252,50.92788116481814],[-113.88108912180391,50.92788185071181],[-113.88123305468969,50.92788189841955],[-113.88158707158654,50.927882024186076],[-113.88185620316598,50.92788213671818],[-113.88221673884003,50.92788230500756],[-113.88560746745556,50.927882832051445],[-113.88867798444188,50.92788396489205],[-113.88883668768881,50.92788402145291],[-113.88884120464859,50.928180357965246],[-113.88884030459813,50.92885495891456],[-113.8901347051399,50.92884095932227],[-113.89757380395041,50.92876435838551],[-113.90065130529749,50.928813858514985],[-113.901863905142,50.928782558881494],[-113.91196480445431,50.92878385814139],[-113.935094705339,50.92865215911292],[-113.93652510544753,50.92866895907919],[-113.93812410467294,50.92868085859137],[-113.93968570465974,50.928674858762996],[-113.94109720429356,50.9286782592576],[-113.94280180533079,50.92867295851629],[-113.9442161053852,50.92866275920836],[-113.94652370502162,50.9286644589778],[-113.94871410558487,50.92873285846797],[-113.95021290528263,50.928688758354305],[-113.95108090516437,50.928759759559526],[-113.95185610592418,50.92887115956157],[-113.9522353148222,50.92896428431283],[-113.9526526049545,50.929066758523525],[-113.95325880511709,50.929311158983296],[-113.95368217414521,50.9294632862783],[-113.95372690544218,50.92947935903292],[-113.95407420431492,50.92964955917803],[-113.95440130414003,50.92982785869508],[-113.95454210009456,50.929912507194594],[-113.95471400571047,50.93001585888204],[-113.9549261734184,50.93013735588188],[-113.95519650474816,50.93029215894115],[-113.95531683442401,50.93040059457133],[-113.95547794885941,50.93050284005849],[-113.95585135343337,50.930680745371006],[-113.95618257635331,50.93083122618934],[-113.95654125140302,50.930972116393974],[-113.95690436848844,50.93108845950071],[-113.95729521078452,50.93118292033539],[-113.9578299797048,50.93127866452284],[-113.95807190897291,50.931317997130435],[-113.96148853674303,50.93179926907528],[-113.96289626629289,50.93191541060422],[-113.96363338677155,50.931953044457394],[-113.96446911240037,50.931981185080694],[-113.96587915318877,50.93199368125318],[-113.96686290330346,50.932002389432945],[-113.96830697400667,50.931996906157465],[-113.96984832179932,50.93196658724396],[-113.97549031989507,50.93193332141707],[-113.97547641296532,50.92958078965596],[-113.97544495997606,50.92578763972235],[-113.97544858879436,50.92412958322161],[-113.97541987309235,50.920958236400004],[-113.97540823906847,50.9185020902371],[-113.9754025525152,50.91645178614493],[-113.97891652433437,50.91646623574478],[-113.98033818694478,50.91644599037517],[-113.9809069219027,50.916434621894204],[-113.98124313912525,50.91642122110843],[-113.981424701088,50.91639013525023],[-113.98261704570342,50.916220849200855],[-113.98321481790215,50.9160627085904],[-113.98363138331065,50.915919323502656],[-113.98407449284959,50.915743497047934],[-113.98441390374668,50.91558310281548],[-113.98453964509376,50.91571244189307],[-113.98467808374053,50.91581958438172],[-113.98475703339822,50.91588807048547],[-113.984836075448,50.915952320877174],[-113.98495468502468,50.91604657763623],[-113.9850538346458,50.916111001788344],[-113.98515959281895,50.916179721556794],[-113.98539204926874,50.91627920473709],[-113.98559182339297,50.916340266360564],[-113.98570502307447,50.91637514960624],[-113.98581188939238,50.916393028288304],[-113.9859456555266,50.916406902250635],[-113.98603269107896,50.91641189641237],[-113.98618665655098,50.916421708160286],[-113.98632749440694,50.916418693652155],[-113.98650845309936,50.91642026461087],[-113.98662909176234,50.916421311756785],[-113.98675643234394,50.91642241694022],[-113.98691719192281,50.916428049326626],[-113.98707143501116,50.916425150237934],[-113.98722567666034,50.916422250933046],[-113.9873195982575,50.916418827349084],[-113.98740020794816,50.91641105177805],[-113.98748761146415,50.91639909770948],[-113.98756188696255,50.91637431585972],[-113.98765608562326,50.9163581832301],[-113.98775726046803,50.91632939803014],[-113.98785164282734,50.9163047903181],[-113.987966406441,50.91626764801978],[-113.98812854395412,50.916209727597476],[-113.98834494195707,50.91612261560663],[-113.98955765072013,50.91553138973885],[-113.99009491430864,50.915485188126],[-113.99023749131112,50.91540167053054],[-113.99038006636117,50.915318153644066],[-113.99058286927112,50.915239393771316],[-113.99335516818945,50.916096312973465],[-113.99334111625973,50.9161162126593],[-113.99307894829208,50.91688538044579],[-113.992842096321,50.917287135199274],[-113.9927467869144,50.917407251310735],[-113.99261190878252,50.91750621341383],[-113.99244873519726,50.917769594338296],[-113.99240805096251,50.917732167720594],[-113.99244207191218,50.91738604522972],[-113.99236360035673,50.91730190288052],[-113.99218012907326,50.91736812243474],[-113.99187230283887,50.917800870900805],[-113.9915509415375,50.91821432917087],[-113.99123624493767,50.918562309942914],[-113.99110478074887,50.918661315994534],[-113.9910160193551,50.91878966419655],[-113.9908726067674,50.918928038920754],[-113.99067131585136,50.91905223304753],[-113.99022078751749,50.91927079331217],[-113.98973940077774,50.91992267793996],[-113.98943076773827,50.92044614811151],[-113.98901421978618,50.92124927697955],[-113.98896861867954,50.92141597426601],[-113.98892821922782,50.9215877420239],[-113.98846588366285,50.92292844452222],[-113.98842980015438,50.923429464886254],[-113.98849571526165,50.92356970307421],[-113.98866150358269,50.923829361364994],[-113.98888247167237,50.924051819898445],[-113.9900092584778,50.9249054647535],[-113.9900233933181,50.9249950572318],[-113.99012137391887,50.925117425858474],[-113.99046223182155,50.92527098747852],[-113.99079684509547,50.925808110302924],[-113.9909049295455,50.92593189705544],[-113.99103461991774,50.92603325140567],[-113.99110540600118,50.92615336086364],[-113.99192134185432,50.9269469675008],[-113.99265333629954,50.92780197480573],[-113.9927044442172,50.92795459414188],[-113.99268721937324,50.92830759309158],[-113.99254355524171,50.9286447999902],[-113.99240933581798,50.92904070935835],[-113.99218681921585,50.92926154851323],[-113.99183362597135,50.92976745101169],[-113.99171650920002,50.93003699311253],[-113.99158333554834,50.93089290296653],[-113.99161287058661,50.93124159306434],[-113.99170610965452,50.93176357396079],[-113.99171849578788,50.93191821183673],[-113.99174825817624,50.932289774675915],[-113.99196559975417,50.932891316641104],[-113.9920516702075,50.93302137336393],[-113.99216663118597,50.933137309285335],[-113.9925724007589,50.933425542424146],[-113.993173412354,50.93362430981875],[-113.99354596874136,50.9337475103755],[-113.99419972835241,50.933902928588225],[-113.99459757470592,50.93403095520061],[-113.99484189098632,50.93405673548607],[-113.99511487742664,50.934058909607074],[-113.99557107071779,50.933971594013585],[-113.99598638071792,50.93386509008321],[-113.99622966462378,50.933827186865],[-113.99680191626351,50.93381004523875],[-113.99645799951641,50.93390833560267],[-113.99623610262935,50.933951651000825],[-113.9960597168867,50.93402757998349],[-113.99585656203286,50.93408254250894],[-113.99569092280022,50.93416402511428],[-113.9956857937743,50.93433598029688],[-113.99578132235142,50.934453735485015],[-113.99590504484844,50.93456180630995],[-113.9963662328677,50.93483067706242],[-113.99739594813963,50.935283974265936],[-113.99697199423642,50.93518793592658],[-113.99697736864331,50.93524539314534],[-113.99707303177362,50.93536758726395],[-113.99735118659197,50.93557012249126],[-113.99783350276803,50.93587152910535],[-113.9996858837704,50.936775297105264],[-113.99988314161544,50.936853464883974],[-114.0000000131923,50.9368997873501],[-114.00011104580295,50.93694379438782],[-114.0003047488135,50.93702054825019],[-114.00087347141077,50.93724590319149],[-114.00099034223247,50.937292219253216],[-114.00127054183046,50.93741272271573],[-114.00152483286618,50.93752209034369],[-114.00181107733262,50.93758130890607],[-114.00198518713455,50.93761734175331],[-114.00281427060015,50.93773615458721],[-114.00494216708564,50.937925380609265],[-114.00601907029692,50.93808496065054],[-114.006471244778,50.93818750270137],[-114.00832834122969,50.93869751582918],[-114.0084669876848,50.93875536732938],[-114.00894082556836,50.93894107795169],[-114.0092220383371,50.93909713565456],[-114.00959100634508,50.93933710304987],[-114.01121649665195,50.940498935313094],[-114.01171783195068,50.940787064512314],[-114.0122180128164,50.940961903667],[-114.01243112290858,50.9410640841784],[-114.01284122004648,50.94143552321628],[-114.01311513601058,50.941657625627926],[-114.01337451039225,50.941824019873394],[-114.01350230326331,50.9419274900478],[-114.01349334219172,50.9419826004526],[-114.01356189027182,50.94205485793096],[-114.01367683335408,50.94217600626928],[-114.01476563917527,50.94311307089191],[-114.01517289694428,50.94346358057524],[-114.01585383860133,50.943985548794394],[-114.0170928454592,50.94472510985658],[-114.01803786483072,50.94538248990836],[-114.01825331607594,50.945553561569184],[-114.0187254068702,50.945977309345466],[-114.0195691163276,50.946628896255746],[-114.02020494171137,50.94706502586773],[-114.0204702965516,50.947292213551954],[-114.02091771579248,50.94778701967414],[-114.02113664523766,50.94800133578992],[-114.02159401278415,50.948609509491305],[-114.02201963920835,50.94906890303966],[-114.02204312349916,50.949162367675676],[-114.02201977380497,50.94925494800834],[-114.02152837405666,50.95031284534952],[-114.02150327839875,50.95035589719603],[-114.02139793592896,50.95053659339556],[-114.0211494765842,50.9509628004627],[-114.0209404124997,50.951436477728194],[-114.02089782613551,50.95162443878462],[-114.02087251680118,50.95199887722651],[-114.02081175556046,50.95216367745271],[-114.0207922777522,50.95239090285595],[-114.02079904782359,50.95245784098078],[-114.02080342883389,50.9525011524058],[-114.02080755756388,50.95254196520206],[-114.02081349038387,50.95260062587403],[-114.02082296693354,50.952626342493154],[-114.02094500041875,50.95295762591578],[-114.02098778731978,50.953141748634884],[-114.02111194875609,50.95342447069888],[-114.02145855430066,50.953978186973764],[-114.02167815495702,50.954224767721904],[-114.02178507801963,50.954321985542165],[-114.02183475866613,50.95438664703299],[-114.0219227220182,50.954573951909765],[-114.02218858649238,50.954688865762954],[-114.0222136901524,50.95471169028995],[-114.0226596961966,50.955191651805315],[-114.02305040052353,50.955719207033205],[-114.02315716534633,50.95584757149515],[-114.02319678551142,50.95590683223786],[-114.02328221068872,50.95601890547901],[-114.0234511358682,50.95626428344988],[-114.02372498817502,50.95666207068111],[-114.02387600694321,50.95688143266252],[-114.02394039342394,50.95715901959244],[-114.02394625771691,50.95760550316324],[-114.02396549669214,50.95776525168768],[-114.02398189710915,50.95790146430365],[-114.02405992961141,50.95821029730899],[-114.02437712218456,50.958952174364285],[-114.02438311464199,50.95909230516053],[-114.02438336593997,50.959098194524536],[-114.02438683811793,50.95917937314036],[-114.0243869424031,50.95918180754617]]]}},{"type":"Feature","properties":{"name":"Calgary-Buffalo","originalGeometryName":"Calgary-Buffalo","displayName":"Calgary-Buffalo","divisionNumber":4,"sourceProperties":{"EDNumber20":4,"EDName2017":"Calgary-Buffalo","Km2":10.55541611,"Hectares":1055.54162598,"Acres":2608.30004883,"Authority":"Legislative Assembly of Alberta","Shape_Leng":21444.3223669,"Shape_Area":10555415.8934},"level":"provincial","effectiveFrom":"2019-03-19","sourceUrl":"https://www.elections.ab.ca/resources/maps/","licenceUrl":"https://www.elections.ab.ca/terms-conditions/","geometryProcessing":"Original source vertices, coordinate projection converted to WGS84 for GeoJSON; no simplification, repair or rounding. Original source attributes retained separately."},"geometry":{"type":"Polygon","coordinates":[[[-114.01393786904444,51.02547154263219],[-114.01432960521296,51.02547653451465],[-114.01504091952387,51.025479491737244],[-114.01621089368166,51.02548434677523],[-114.01738086682008,51.02548919008791],[-114.01881060095678,51.025488642651425],[-114.01888088553096,51.02551951266942],[-114.01899913863447,51.02557354339367],[-114.01912990414439,51.02562283630245],[-114.01919747654787,51.0256532020577],[-114.01925378999053,51.025679624644155],[-114.0193119802632,51.02570762741728],[-114.0193551536461,51.02573089621395],[-114.01939332303256,51.025754561122774],[-114.01942586176813,51.025775463674975],[-114.01945402247182,51.02579636906398],[-114.01948093143258,51.02582082379182],[-114.01949532809941,51.02584015266857],[-114.01951160370281,51.025866977761076],[-114.01953413965023,51.02590208522629],[-114.01955605287124,51.025947846318026],[-114.01957108528451,51.025992423331665],[-114.01958611277168,51.02602398170733],[-114.0196161564323,51.02606342900386],[-114.01964870493684,51.026104846812714],[-114.01969064128377,51.02615770483985],[-114.01974008631785,51.026218846690654],[-114.0198001706505,51.02628472077447],[-114.01984273122083,51.02633599972647],[-114.01988967063315,51.02638372855264],[-114.01995726332072,51.02645196859097],[-114.02008055582704,51.0265785868929],[-114.02009440016805,51.026592673395434],[-114.02016694177483,51.026666411984465],[-114.02024515845683,51.02674583341262],[-114.02032965030756,51.026833399597436],[-114.02039036057572,51.026896117303004],[-114.02047234707896,51.026977767981215],[-114.02055058126507,51.02705823561783],[-114.02059569152571,51.02710401640653],[-114.0206278222282,51.0271373103403],[-114.02070120501172,51.027212641689346],[-114.02093118721302,51.02744626396724],[-114.02118159910485,51.02770229583616],[-114.02125498239391,51.0277761973125],[-114.02144184546768,51.02796166257916],[-114.02158029459115,51.02810422081512],[-114.02165368036106,51.028180029274985],[-114.02183071484922,51.02836168173048],[-114.02193133672431,51.02846561921163],[-114.02201531646425,51.028552870374014],[-114.02212123554747,51.02866300640791],[-114.02219235352119,51.02873690721015],[-114.02226196079656,51.028812238338254],[-114.02233459383389,51.02889090718644],[-114.02240495770235,51.02896576235301],[-114.02247002527159,51.02903537059393],[-114.0225570314009,51.029123575090644],[-114.0226152881921,51.02918269413669],[-114.02271515763626,51.02928472370105],[-114.02278930305714,51.02936243869899],[-114.02284453340823,51.029417744864084],[-114.02292094905225,51.02949545896753],[-114.02298980016631,51.02956459115173],[-114.02304956886817,51.02962371001979],[-114.02316457398173,51.029744811988735],[-114.02325461128437,51.02983682784017],[-114.0233151393965,51.02989880924874],[-114.02338701593011,51.0299717548302],[-114.02344224901954,51.03002896704723],[-114.0234838616082,51.03007044689584],[-114.02352320857568,51.03011431071541],[-114.0235512108742,51.030157222375045],[-114.02358072910053,51.03020919519812],[-114.02359965783347,51.030253062906276],[-114.02361404704624,51.03029550094949],[-114.02362313960693,51.03033030993333],[-114.02363223970235,51.03037990174005],[-114.02363378326666,51.03044189481624],[-114.02363457036967,51.030486522263345],[-114.02363536667586,51.03056574605254],[-114.02363481164103,51.03066236463817],[-114.02363428825214,51.03082136669719],[-114.02363377552291,51.03099900742483],[-114.02363267669298,51.031209360179986],[-114.02363395284517,51.031346679028054],[-114.02363340170749,51.031449764190725],[-114.02363281698933,51.03148628077864],[-114.02363404245247,51.03152165736301],[-114.02363646734243,51.03154714171594],[-114.02364915610364,51.031585178030014],[-114.02366726758645,51.03161446484402],[-114.02367753174634,51.0316319602845],[-114.02370288156119,51.031659723315485],[-114.02374573135997,51.03169509139353],[-114.02378616049835,51.031720187024085],[-114.02382719257933,51.03174110078863],[-114.0238635598149,51.03175479470717],[-114.023896658176,51.03176728099186],[-114.023957307289,51.03178107694652],[-114.02403059128761,51.03179752525395],[-114.02413841036757,51.0318198090531],[-114.02423106941198,51.031839439997576],[-114.02423886220485,51.031842084313844],[-114.02429244626828,51.03187124349496],[-114.02434135145006,51.031897857211],[-114.02434246778401,51.03189803026456],[-114.0243609574042,51.03190885967219],[-114.02439839945636,51.03198444359743],[-114.02445818702483,51.03210513898799],[-114.02443918766143,51.03329193875364],[-114.0244998864608,51.03368033888121],[-114.02467693882382,51.03382132984974],[-114.02501706135222,51.03396237673188],[-114.02523199232049,51.03406253101171],[-114.02530967021214,51.0340970176828],[-114.02515374714282,51.03428199572428],[-114.02514795269651,51.03494294282284],[-114.02512358740489,51.03574703904353],[-114.02518138792291,51.036180339353166],[-114.02518008580263,51.03625211728672],[-114.02515888851377,51.037421039382814],[-114.02515298795446,51.037735738769705],[-114.02557594660666,51.03776213310272],[-114.02765491956019,51.0377638068373],[-114.02765476087804,51.03782176515273],[-114.0362594860248,51.03782833046291],[-114.036415061785,51.03782845194122],[-114.03661825395365,51.0378283171261],[-114.03663648560826,51.03782830458871],[-114.03671170375904,51.03782825710631],[-114.03673765296618,51.037737436477485],[-114.03673867768023,51.0377338482006],[-114.03673782477891,51.037660269375706],[-114.03673994029381,51.03757778978189],[-114.03674198466243,51.03753452360215],[-114.03675232709975,51.037478146230676],[-114.03675659357388,51.03740946490667],[-114.03675536057506,51.03700629063243],[-114.03675411383381,51.03659882317941],[-114.03675288451883,51.03619691376173],[-114.03675194853378,51.03589082282657],[-114.0367515972095,51.03577584799738],[-114.036751220603,51.03565238943762],[-114.03675040534867,51.03538582385808],[-114.03674914842726,51.03497533255044],[-114.03674863832332,51.03480848906442],[-114.03674792137458,51.034573997006646],[-114.03674774192103,51.03445830116494],[-114.03674663487706,51.03431949154835],[-114.03674658461318,51.0343132449949],[-114.03674601940442,51.03422021487477],[-114.03674569473225,51.03417297616392],[-114.03674525260737,51.03410883061526],[-114.03674432324596,51.033994827086815],[-114.03674475551348,51.03392738889645],[-114.03674373367389,51.03385934226373],[-114.03674368730202,51.03380136424708],[-114.03674418669083,51.03376833120548],[-114.03674361248821,51.0336197865569],[-114.03674327669873,51.03338418115178],[-114.03674294091506,51.033148574837796],[-114.03674090878404,51.03291750756589],[-114.03674112275634,51.032729912795624],[-114.03673961456724,51.03251878655847],[-114.03673879679958,51.032342556411876],[-114.03673861721501,51.03209865674195],[-114.03673706760311,51.031854706185],[-114.03673615239764,51.0315213833503],[-114.03673464431253,51.03133371856386],[-114.03673439356842,51.031225105771064],[-114.03676156241794,51.03116603770356],[-114.03677370134103,51.03113448512388],[-114.03678381730276,51.03110932844242],[-114.03678917386245,51.03107880221227],[-114.03679320930132,51.03105577791606],[-114.03679521533122,51.03102934438096],[-114.03679451656879,51.03099822126203],[-114.03679514341755,51.03093061101291],[-114.03679439459675,51.03084939059142],[-114.0367946365152,51.03081445808803],[-114.03679159461467,51.03081281727608],[-114.03679174198969,51.03058629932521],[-114.03722937093518,51.03055581601259],[-114.03723297419312,51.03055556501458],[-114.03736381834203,51.030549016780675],[-114.0374696444562,51.030542397276314],[-114.03760941631407,51.030534417220196],[-114.03771200667435,51.03052779783664],[-114.03780862153684,51.030521413444504],[-114.0378917734376,51.03051707094723],[-114.0381178841498,51.03050454275843],[-114.03823955084806,51.030497691294],[-114.03839512419187,51.03048881476897],[-114.03849987047593,51.030481966835815],[-114.03865874463,51.03047352285326],[-114.03876277338286,51.03046735699988],[-114.03894749030694,51.03045641730976],[-114.03903460125069,51.030451164645605],[-114.03914987929255,51.03044499199666],[-114.03925246960667,51.03043973420308],[-114.03940954747708,51.03043107471368],[-114.03947757835599,51.03042719064896],[-114.0395501446033,51.030423996054374],[-114.0396329382268,51.03042192364276],[-114.03969430547961,51.030420093423785],[-114.03976630138294,51.03041916017993],[-114.03990116854742,51.03044427590959],[-114.03996900162423,51.030454383702626],[-114.04005661139355,51.03046420410323],[-114.04015172787545,51.03047287159552],[-114.04023209143621,51.03047731642119],[-114.04027610713817,51.030478411125706],[-114.0403251737933,51.030476301424],[-114.04039090748341,51.03047035669794],[-114.0404441865087,51.03046882671456],[-114.04049120847752,51.03047032206984],[-114.04053943468236,51.03047533495707],[-114.04058766566187,51.03048488470536],[-114.04063419359008,51.03049828616855],[-114.04068125824394,51.03051478405286],[-114.04080732247434,51.03056324657352],[-114.04084281132798,51.030572760895076],[-114.0408786966155,51.030580625836585],[-114.04095444863887,51.03058531659778],[-114.04108165303373,51.03059687359948],[-114.04119581630148,51.03062315748388],[-114.04123460564338,51.03063092019509],[-114.04132753993952,51.030653483424004],[-114.04134062910853,51.03063435488547],[-114.04169972601497,51.030142595633514],[-114.04173269994018,51.030097439145784],[-114.04250250090017,51.02943333941482],[-114.04292173816668,51.02904172763234],[-114.04320716480049,51.028776098952505],[-114.0435125180832,51.028513784090194],[-114.04368057795875,51.028363837049056],[-114.04372829548169,51.028326511395925],[-114.0437845016093,51.02834143922096],[-114.04637330378235,51.02912653926734],[-114.04675332397208,51.029228536394626],[-114.04738398851568,51.0293979187562],[-114.04785717319672,51.02951602843319],[-114.04838130849839,51.02963455111619],[-114.04854474775547,51.02967158654586],[-114.0488669886689,51.02969563186175],[-114.04965299941254,51.029744871819894],[-114.04996210492777,51.029761447403175],[-114.05014966380126,51.02975616370535],[-114.05093878857298,51.02971961800527],[-114.05125036432686,51.029711436202035],[-114.05149379027611,51.02971341232758],[-114.05185014578534,51.02973058594018],[-114.05195398877156,51.029738737965715],[-114.05216596501457,51.029758037224425],[-114.05212061655492,51.029837824709276],[-114.0523064325562,51.02986511614268],[-114.05231297488176,51.0300937303429],[-114.05234078642022,51.03009259294743],[-114.05258396168077,51.03012529615546],[-114.05275397459909,51.03019765800233],[-114.0532157748781,51.030467489714226],[-114.05330211059999,51.03053507673942],[-114.05347351246432,51.03066929929671],[-114.05451073969832,51.03148151437226],[-114.05452609172383,51.031493535299795],[-114.05467708498472,51.03158054204463],[-114.05506002048547,51.03171398667366],[-114.05543330453528,51.031882899125904],[-114.05573895647959,51.032021206341106],[-114.05677667277382,51.03244511273292],[-114.05681464829766,51.032460625699805],[-114.05710285586395,51.03258306837309],[-114.05738899517648,51.03269233925167],[-114.05765109576029,51.0328209339548],[-114.05768823383458,51.0328508249695],[-114.05783779710187,51.03294025764666],[-114.05796202271034,51.03304218055776],[-114.05797120721579,51.03305277847111],[-114.05826711978904,51.03339422514152],[-114.05850483487707,51.03359625520151],[-114.05858389399043,51.03368317025196],[-114.05864005463648,51.03371117563885],[-114.05888708776526,51.03392112203751],[-114.0590420104791,51.03407809014317],[-114.05905688198489,51.03409315454174],[-114.05927704835199,51.0342592049267],[-114.059399288862,51.03435139968318],[-114.05977418572073,51.034634128644306],[-114.05992866279075,51.034829038341286],[-114.06043270810935,51.035464954159664],[-114.06057558578493,51.03555567085035],[-114.06075416636622,51.03562914773919],[-114.06094222502387,51.03567817391312],[-114.06105454212036,51.03570745162374],[-114.06116750328641,51.03572519934915],[-114.0612746145034,51.03573546453468],[-114.06138716713504,51.03574625103016],[-114.06149345153727,51.035760651268596],[-114.06161283858903,51.03578712889508],[-114.06190032927988,51.03585089617157],[-114.0624657233672,51.03587682578839],[-114.06328111701436,51.035869154911005],[-114.0640377952278,51.03581359312552],[-114.06449231217474,51.03574658015913],[-114.06497521543963,51.03569943866249],[-114.06520506780247,51.03566031560011],[-114.06574548008119,51.03546617358068],[-114.06638182885497,51.035128425729184],[-114.06666101710931,51.03493556134122],[-114.0670502362439,51.03461685116154],[-114.06716116517165,51.03449809678343],[-114.067310533847,51.03421389056723],[-114.06732846151012,51.03404664498208],[-114.06727522283782,51.03389981884823],[-114.06717470714615,51.033783980893475],[-114.06704268084873,51.03368716764835],[-114.06686841609356,51.03361329039885],[-114.06664897724607,51.033555851775105],[-114.06640113207227,51.03352128379137],[-114.0652700866006,51.033461909787405],[-114.06509322893584,51.03338852192626],[-114.06499386058778,51.03326888401334],[-114.0646913955978,51.03308368395924],[-114.0644413698896,51.032874747884065],[-114.06424617544779,51.032635644930394],[-114.06403284713325,51.032230850983325],[-114.06388995305932,51.03180248288383],[-114.06358922793747,51.03090094801724],[-114.06339096286588,51.030536574187074],[-114.0633682400477,51.030494831839796],[-114.06335825372352,51.03048080212915],[-114.06318798214485,51.03024158665905],[-114.06311671077292,51.03010501904735],[-114.06308554295492,51.02995026393748],[-114.06308860007327,51.02992784356989],[-114.06308623213401,51.02991608350822],[-114.06313312972803,51.02957221952855],[-114.06327071546531,51.02927514809719],[-114.06371632902022,51.02880021309392],[-114.06384306499156,51.028698238778006],[-114.06419580070907,51.02854184480509],[-114.0644156509202,51.028499161673764],[-114.06465205185114,51.02847378725477],[-114.0649346325329,51.02847268417922],[-114.06520302632774,51.02849650994494],[-114.06668232952393,51.02872633564913],[-114.06712169741137,51.02883367758628],[-114.06794412312263,51.02907632937522],[-114.06843970372509,51.029146502940684],[-114.06927519964562,51.029143780919185],[-114.06954558677013,51.02915471007075],[-114.06978611615655,51.02919550344496],[-114.07062958755805,51.02924121913016],[-114.0713671415926,51.029260548361115],[-114.07151194246546,51.029264342096894],[-114.0715147192496,51.02926417073968],[-114.07161741599498,51.029257831923886],[-114.07165387700415,51.02925558103544],[-114.07253852063032,51.02920095221256],[-114.07255262510371,51.02919933596741],[-114.0732114122118,51.029067032684914],[-114.07329440277567,51.029047297148814],[-114.07331480582197,51.02983365903524],[-114.07332480417489,51.03058055881064],[-114.07423690487416,51.03059435912796],[-114.0742592048816,51.03091875872768],[-114.07432530505476,51.031001359165735],[-114.07496700481677,51.03145815898714],[-114.0754041048245,51.03176595927363],[-114.07577170484008,51.032269958984],[-114.07577520498965,51.03244085866753],[-114.07577560437083,51.03334035885381],[-114.07575300451198,51.034832958957516],[-114.07681900624536,51.03512055883047],[-114.07715810439299,51.03517395913681],[-114.07778530546788,51.0351806584027],[-114.07831350555185,51.03517595879723],[-114.07830400419346,51.03782015949223],[-114.07941670485869,51.03782105918951],[-114.08179830472626,51.03783555950903],[-114.0838255049963,51.03781425845878],[-114.08428020517762,51.03784365961515],[-114.08567950497152,51.037824559336386],[-114.08676440539189,51.03781565889003],[-114.08704980586612,51.037813758631174],[-114.08856200520232,51.03781555937486],[-114.08892363854169,51.037810597479286],[-114.08926160481971,51.037805959214374],[-114.09006040518436,51.037807958839494],[-114.09154410546321,51.03780885944813],[-114.09172930618597,51.037813559239964],[-114.09309840498236,51.03782065912178],[-114.09361068725312,51.03782204796337],[-114.09472460605919,51.03782505950726],[-114.0947245481462,51.03785922331397],[-114.09472340454056,51.03852665978072],[-114.09472030515414,51.03948905892185],[-114.09473470434386,51.04039785872717],[-114.09473040465078,51.041378259700586],[-114.09470120477344,51.04184525927392],[-114.09471374284979,51.04231330632548],[-114.09470554359777,51.04272936070441],[-114.09469460687907,51.04328423594038],[-114.09474056438953,51.044181462126396],[-114.09474872033734,51.044850644122945],[-114.09473688628634,51.045447877420806],[-114.0947365349085,51.04546561083329],[-114.09473886174335,51.045538279984235],[-114.0947431121327,51.045671068970414],[-114.09472410614651,51.04638595913012],[-114.09472510561733,51.046608059398736],[-114.09474250512577,51.0468833592375],[-114.09473970463566,51.046928258578994],[-114.09473970554326,51.046928358444525],[-114.09473800608644,51.04697475969343],[-114.09473753081325,51.04699138020383],[-114.09473574375129,51.047053842698865],[-114.09473130510523,51.04720905859917],[-114.09472700491041,51.04735965958623],[-114.09472726887935,51.04743975534206],[-114.09472729439948,51.047447597580344],[-114.09465109668636,51.04744630293201],[-114.09464335015427,51.04744717043772],[-114.09455756179435,51.04745678136988],[-114.09449753616502,51.047463502530896],[-114.09419346988084,51.04749756135078],[-114.09416662585167,51.04750056765935],[-114.09310825741,51.04772800070122],[-114.09289343124162,51.047747490926504],[-114.09262810982474,51.04777156096701],[-114.09217135393997,51.04784456850211],[-114.09153532333656,51.04798922601212],[-114.0911704383917,51.048136096833844],[-114.09067795412899,51.04837467038784],[-114.0895685480224,51.0487752904857],[-114.0887487807956,51.04897194821679],[-114.08740907088112,51.04939653525962],[-114.08699164543233,51.04949190292205],[-114.08620358019564,51.04973123934926],[-114.08537549016592,51.049945458162156],[-114.08463767055798,51.05021184487129],[-114.08431028417694,51.05037343870286],[-114.08415532896389,51.05048822865107],[-114.08404067746885,51.05057316080393],[-114.08399633506947,51.050738464142775],[-114.0839023557094,51.05086968380588],[-114.08365714904258,51.05108751682192],[-114.08311045180719,51.051696270441006],[-114.08301694224491,51.05180036754428],[-114.08286559304113,51.05188805764458],[-114.08191597435966,51.05221201887799],[-114.08173112295043,51.05227751595634],[-114.08121815524423,51.052414722246105],[-114.08113149693362,51.05243789636256],[-114.08059271570444,51.05264246428054],[-114.08037161909296,51.05262558770617],[-114.08014536737012,51.052651851292204],[-114.0786111930503,51.053520974795255],[-114.07840540055979,51.053569006226475],[-114.07813732302147,51.05354844525133],[-114.07770757423836,51.05344742561455],[-114.07745214193027,51.05341914779732],[-114.07724549700863,51.05346823291874],[-114.0772402569249,51.053483397027854],[-114.07720165132982,51.053595116363695],[-114.07720986050028,51.05360357289065],[-114.07729280022212,51.0536890003666],[-114.07750423924975,51.05364494142664],[-114.07772259371436,51.05368501302577],[-114.07773167768404,51.05375405813505],[-114.07772817992984,51.05376681062177],[-114.07768663951063,51.05391824523126],[-114.07757532914131,51.05404024491104],[-114.07732852221507,51.054255303671326],[-114.07673961285579,51.05462171646403],[-114.07605672936222,51.05492770946007],[-114.07556295454312,51.055180806577326],[-114.07502525770728,51.05539186445795],[-114.0745246777528,51.05563228338939],[-114.0731075024471,51.05622254225098],[-114.07265378717415,51.05630910286209],[-114.07224916838162,51.05642648398279],[-114.07181350410669,51.05651254138744],[-114.07166725126275,51.05654769684285],[-114.07138039921693,51.05661664600937],[-114.07096990363259,51.05671532227551],[-114.07048167058089,51.056772071674956],[-114.06875427173648,51.05670968390229],[-114.06821552217346,51.056658683350896],[-114.06798070231656,51.05661047674613],[-114.06757678042082,51.056486974182945],[-114.06688287725463,51.056179225869144],[-114.06656639420275,51.05600441943357],[-114.06630992326305,51.0558001555881],[-114.06609603921365,51.05556857424642],[-114.06569301930791,51.05527512299236],[-114.06537414891643,51.05492049753653],[-114.06504601973042,51.05457316145453],[-114.06488144525296,51.05431501943441],[-114.0644439031298,51.053856419258565],[-114.06430098878674,51.05365290146203],[-114.0642812342051,51.053624770313604],[-114.06427003249435,51.05360881931242],[-114.06441104602897,51.05339262086266],[-114.06441913505259,51.053380218586476],[-114.06441081316943,51.05335572710328],[-114.06437137449484,51.05323966450841],[-114.06425772202518,51.05312770289837],[-114.06410396119126,51.05304315460635],[-114.06372049059472,51.05291163187894],[-114.06319546444885,51.05268349594115],[-114.06278647759363,51.052535612797335],[-114.06262974207672,51.052478941522374],[-114.06256537620757,51.05244182664874],[-114.06248817399846,51.05239730919999],[-114.06236580646618,51.05234962523194],[-114.06106264508718,51.05184727780907],[-114.06022475463456,51.05158032267468],[-114.0599313814746,51.0515226128618],[-114.05946183911226,51.05143023900923],[-114.05747392281526,51.05096753608853],[-114.05491071634323,51.050492432481285],[-114.05429292955853,51.05031459418234],[-114.05312888458619,51.0498977421932],[-114.05304928805688,51.04986923852113],[-114.05280245245044,51.04978084523339],[-114.05254499813636,51.04968864717563],[-114.052029613676,51.049504078155266],[-114.05169145212636,51.04934210962205],[-114.0515332518361,51.04927986437406],[-114.05142123169897,51.0492447999525],[-114.05133176519114,51.04921922604804],[-114.05130919246517,51.049212774211625],[-114.05109011006823,51.04912908360433],[-114.05037927697647,51.048854470556556],[-114.04935934176325,51.04837434177307],[-114.04859729650336,51.04811136073459],[-114.04848771660548,51.04805468357814],[-114.04826998634407,51.04794208998486],[-114.04820092338078,51.04791663843551],[-114.04678350981709,51.04739437357249],[-114.04608137486412,51.04709729009012],[-114.04545493596157,51.046749303381866],[-114.04525503200462,51.04668583269565],[-114.04415834214606,51.04643354215265],[-114.04311501969013,51.046154574214064],[-114.04214694265166,51.0458311872044],[-114.04187115596564,51.04563789659522],[-114.04154226472245,51.04547941998874],[-114.04147287153035,51.04538610359041],[-114.04124692848431,51.04523689637371],[-114.04042392341071,51.0450271944312],[-114.03953951569387,51.04480183859182],[-114.0393503614182,51.04473394883336],[-114.03915877640605,51.04468852232156],[-114.03825933624239,51.04447525102197],[-114.03776150312744,51.04433442924431],[-114.03763554852763,51.04429879956444],[-114.03686153507533,51.044037006721865],[-114.03671634803545,51.04402544547118],[-114.03606845123689,51.043973812923554],[-114.0349229351886,51.04374600625925],[-114.03281698809772,51.04318627715134],[-114.03254236542512,51.04311728390235],[-114.03109452230755,51.04275352845497],[-114.0301579610631,51.042583483732194],[-114.02893494225285,51.04239789089828],[-114.02840791648093,51.0423491029806],[-114.02785613557933,51.042322342026615],[-114.02703432980081,51.04233999991851],[-114.02618612247119,51.04232985836201],[-114.02524577470867,51.042357058607365],[-114.0249588898785,51.04236535481823],[-114.02457683834393,51.04237640059765],[-114.02408446458936,51.042420567731966],[-114.02338400588388,51.04251845810102],[-114.02272487740755,51.042639115897146],[-114.02169248336465,51.04291654896705],[-114.02069510322387,51.043208503904864],[-114.01978601911959,51.04355054830307],[-114.01919244556531,51.04371522599002],[-114.0190008651533,51.043746710007895],[-114.01878066766996,51.043782905912984],[-114.01869367063527,51.0437972064807],[-114.0185704324794,51.04382888398501],[-114.01823243159228,51.043915787686736],[-114.01706333479893,51.04392919354852],[-114.01619274180395,51.04390996767001],[-114.0156805864386,51.04385841281599],[-114.01523570329776,51.043770373992764],[-114.01505116737336,51.043703116130715],[-114.01491738666249,51.04359928308555],[-114.01483614143416,51.04347438078335],[-114.01468172989944,51.0433709933909],[-114.014292928712,51.04324514267287],[-114.0138332067312,51.0429805547553],[-114.01347321258416,51.04264155544924],[-114.01338684443274,51.04259920040159],[-114.01331032893891,51.04256167133089],[-114.01292885751019,51.04244360664326],[-114.01250325753253,51.04236438096001],[-114.01221716676716,51.042356155165315],[-114.01220203947264,51.0423557205296],[-114.0120878211272,51.04235243580157],[-114.01144450319475,51.04233393585273],[-114.01119302591985,51.04228050957641],[-114.01106050886496,51.04217214230599],[-114.0107323485589,51.04147647141536],[-114.01052607726422,51.041207342037325],[-114.01042987233416,51.04105340384909],[-114.01027466465007,51.04080505154779],[-114.01023305526256,51.04067680661134],[-114.01022809684532,51.04066152215687],[-114.01027547774164,51.04050410374764],[-114.01078507120354,51.0402423037488],[-114.01119339905155,51.03993558708158],[-114.0114378202195,51.039727051136495],[-114.01175369646275,51.039553587448886],[-114.01187763963746,51.03944874254595],[-114.01194325153087,51.03932049702016],[-114.01200292933373,51.039182883800564],[-114.0121057863597,51.03904805827897],[-114.01223750911849,51.0389366709602],[-114.01238616164801,51.038850386854044],[-114.01276899406082,51.03873182581953],[-114.01295351541624,51.038654780943816],[-114.01326706374832,51.038302651813204],[-114.01340809043782,51.03807108344117],[-114.01349382544103,51.037930335603164],[-114.01351179319795,51.0379008255157],[-114.01356536161538,51.03774943872548],[-114.01359350402798,51.03766988431877],[-114.0136536853104,51.03749982476343],[-114.01367214056454,51.037447677726796],[-114.0136782928712,51.037430291186936],[-114.01369115910498,51.03739393139724],[-114.01373366469394,51.03727381951797],[-114.01375887666045,51.037202554733796],[-114.01377550990429,51.03713096744778],[-114.01383506472531,51.036685599797615],[-114.01390795357413,51.036371852828374],[-114.01390934174337,51.03636587749027],[-114.01390125121175,51.0360215226964],[-114.01380552885811,51.035317793576894],[-114.01353768339659,51.03472528319896],[-114.01344065783576,51.034593206851156],[-114.01341005180457,51.03456155488816],[-114.01321083213483,51.03435556715896],[-114.0129039480231,51.03416468404973],[-114.01227592974413,51.033624728577585],[-114.01198330241319,51.033429793707064],[-114.01143118695815,51.03323478724208],[-114.01041178081728,51.03276225794894],[-114.01005484486525,51.0326192383661],[-114.00964930354432,51.032518000351146],[-114.00920351545997,51.03243250962297],[-114.00879107787945,51.03231562580135],[-114.0084547683846,51.032160613213776],[-114.00807923935393,51.0320340001255],[-114.00721794780222,51.0318553229558],[-114.00553792324158,51.03162547125387],[-114.0051004386318,51.03152360007307],[-114.0050495416487,51.03139158635456],[-114.004924542551,51.031264368210735],[-114.00461168300923,51.03109374839453],[-114.00452092294356,51.030964156739856],[-114.0043424317986,51.03070929746344],[-114.00420028862281,51.03062950776283],[-114.00402625830196,51.030531818691834],[-114.00398021993277,51.03048721289897],[-114.00396678304656,51.030474192224865],[-114.00379346429067,51.03030623218882],[-114.00364339395058,51.03004427037721],[-114.00354684683668,51.02974314940843],[-114.00355615824174,51.029606115635374],[-114.00355485268086,51.02960193290096],[-114.00350487386011,51.02944177313906],[-114.00332417014074,51.0291606960043],[-114.00311205988878,51.02874190907843],[-114.00304111267774,51.0284298568382],[-114.0027951237436,51.0278205418098],[-114.00277812450982,51.0276633215343],[-114.00278166007267,51.02765505528157],[-114.00285073105351,51.02749356034235],[-114.00288175707092,51.02714307665161],[-114.00306348628216,51.02689874733285],[-114.00330692527294,51.02666789613484],[-114.00372452480002,51.02636708950153],[-114.00387922192017,51.02627790874802],[-114.00407458403878,51.026207598754254],[-114.00452297142245,51.02611065778659],[-114.00595535931637,51.02568654813903],[-114.00643580543519,51.025614179781854],[-114.00664954005019,51.025560289795976],[-114.00682701119625,51.02548468260972],[-114.00704172129468,51.025433024994676],[-114.00722007040667,51.02535907010458],[-114.00747276730446,51.02515766376264],[-114.0075184062157,51.02507820617963],[-114.00754856686666,51.02502569610552],[-114.00780888989594,51.02481745091306],[-114.00857728359553,51.024376664023585],[-114.0089761358159,51.024261553927275],[-114.00916081330469,51.02419196709895],[-114.00947160632444,51.02402585770482],[-114.00984623935429,51.02388267676686],[-114.01016010413593,51.023705341649176],[-114.01076878878553,51.023341503219044],[-114.01083655634572,51.02328661896024],[-114.01085023351304,51.023275541491834],[-114.0108551743106,51.023271539460694],[-114.01099609601764,51.0232787715483],[-114.01140962224068,51.02327921123596],[-114.01162868509203,51.02327918686104],[-114.01157171326184,51.02349963711499],[-114.01152480265962,51.02375237035354],[-114.01148991117734,51.0241289004342],[-114.011479103621,51.02469859313279],[-114.01147775827063,51.025050564447646],[-114.01147743766596,51.025134581249105],[-114.01147301841837,51.02543550109864],[-114.01389308860263,51.02547097221534],[-114.01393786904444,51.02547154263219]]]}},{"type":"Feature","properties":{"name":"Calgary-West","originalGeometryName":"Calgary-West","displayName":"Calgary-West","divisionNumber":26,"sourceProperties":{"EDNumber20":26,"EDName2017":"Calgary-West","Km2":23.92271423,"Hectares":2392.27148438,"Acres":5911.43164063,"Authority":"Legislative Assembly of Alberta","Shape_Leng":19770.4713445,"Shape_Area":23922714.9338},"level":"provincial","effectiveFrom":"2019-03-19","sourceUrl":"https://www.elections.ab.ca/resources/maps/","licenceUrl":"https://www.elections.ab.ca/terms-conditions/","geometryProcessing":"Original source vertices, coordinate projection converted to WGS84 for GeoJSON; no simplification, repair or rounding. Original source attributes retained separately."},"geometry":{"type":"Polygon","coordinates":[[[-114.16428567117657,51.05242025667299],[-114.16425675372615,51.05161997653096],[-114.16427326572874,51.050702586251646],[-114.1642874181914,51.0499162512227],[-114.16430104589102,51.049159039410235],[-114.16429393091109,51.04827060598496],[-114.16430677155756,51.04755707940729],[-114.16428707661926,51.04736761119847],[-114.16430253736871,51.04650846691899],[-114.16431223269615,51.04596968197523],[-114.16430171091358,51.04527055116516],[-114.16431717023681,51.04441140657249],[-114.1643221053867,51.042853131643916],[-114.16431105819137,51.04218312381693],[-114.16430525245067,51.041221881377915],[-114.16429813537306,51.04033344764703],[-114.16430057975441,51.040058939549525],[-114.16430086206339,51.040027226232716],[-114.16427682373023,51.022999517436475],[-114.16431967898771,51.02229526443552],[-114.16454674005223,51.02142095055466],[-114.16487461603079,51.01997609192925],[-114.16510302265661,51.01902561758636],[-114.1652394953481,51.01815065374732],[-114.16526478151104,51.01803382709904],[-114.16527241649169,51.01799855148858],[-114.16527391511622,51.01789022730584],[-114.16522879700116,51.01706517541939],[-114.16509291782646,51.01622634934758],[-114.1648959906849,51.0154251724148],[-114.1647570421324,51.0147577037084],[-114.1646153606864,51.0142425527619],[-114.16459338904534,51.013785383912314],[-114.16460809904156,51.01296667577403],[-114.16459467859315,51.01203351364475],[-114.16451576527153,51.01138551589292],[-114.16422456105302,51.01079312605478],[-114.1637800640544,51.010332933630536],[-114.1632134852157,51.00994803402957],[-114.16295178405201,51.009735947816544],[-114.16308380534214,51.00967015911506],[-114.1635279049722,51.009402158937185],[-114.1635391977973,51.00863758975793],[-114.16426248238542,51.008638509434036],[-114.16454905622165,51.008638867613875],[-114.1760418054706,51.00865039140995],[-114.18757407068101,51.00866336963326],[-114.18786065960204,51.00866367973124],[-114.19456907125831,51.00866702174706],[-114.19518823846425,51.00866731106695],[-114.19931267084168,51.008669157646246],[-114.20726819515583,51.008672339413145],[-114.20790495260229,51.00867257092714],[-114.20796480645225,51.00867259253963],[-114.20910632330776,51.00867299762722],[-114.20916125898063,51.008673016822264],[-114.2096555488454,51.00867318932702],[-114.21078852432387,51.008673575078305],[-114.21107510258093,51.00867366622463],[-114.222584675809,51.00868321610474],[-114.22308270504585,51.00868369314143],[-114.2230998579065,51.00868371003682],[-114.22353886812165,51.00868412914165],[-114.23408547638806,51.00869369771467],[-114.23437206613184,51.00869394769986],[-114.23437233679729,51.008874899206106],[-114.23436716886168,51.00997176125539],[-114.23436670456564,51.010070202389436],[-114.23436621373604,51.01016670375628],[-114.23436605499083,51.010198950676845],[-114.23435859477088,51.011720710984065],[-114.23435800727982,51.01185590275549],[-114.23435583448652,51.01234086994669],[-114.23435391866838,51.01276830778331],[-114.23435268079518,51.012968628094896],[-114.23435207720111,51.01306634047002],[-114.23435047585478,51.01332545245669],[-114.23434952381459,51.01347714721496],[-114.23434944308785,51.013492442103136],[-114.23433892973564,51.015981554740705],[-114.23433953573753,51.01610150470593],[-114.23433001842554,51.017986068347426],[-114.23432888805027,51.01820979470115],[-114.23432672540575,51.01863795109564],[-114.23432517281381,51.018945499800864],[-114.23431985343635,51.01999662213007],[-114.23431808798345,51.02034617729135],[-114.23431685124653,51.02059089377428],[-114.2343157472101,51.02080798278028],[-114.23431491172451,51.020972052431254],[-114.23430974040348,51.021737992983205],[-114.23430971167281,51.021743200714404],[-114.23430885855959,51.02187984790634],[-114.23430881701837,51.02188496739037],[-114.23430305404192,51.023322355670544],[-114.2343042379053,51.0248740781097],[-114.2343048319989,51.025656160981576],[-114.23430522671053,51.026171537618175],[-114.23430558201939,51.02664531810241],[-114.23430593401082,51.02710622312957],[-114.2343063110481,51.02758119028329],[-114.23430668905937,51.02808813088378],[-114.23430693975239,51.028402532541925],[-114.23430707812783,51.02858634517707],[-114.23430712242575,51.028660194560906],[-114.23430717207611,51.028723762195995],[-114.23430763124998,51.02903615812922],[-114.23430774819728,51.029252438868696],[-114.23430830139395,51.03003652884998],[-114.23430866993755,51.030558487467424],[-114.23438225957882,51.03055640749677],[-114.23438150500583,51.03114328621994],[-114.23438009536235,51.03288712090451],[-114.2343889474324,51.036844435004426],[-114.2343894267827,51.036994223244974],[-114.234390907307,51.03745720038646],[-114.23439171693605,51.0377101503044],[-114.23431797684516,51.037710108911874],[-114.23431803724453,51.03775665569282],[-114.23431945010894,51.03784840558875],[-114.23432082763495,51.03793788460863],[-114.2343201036811,51.03842028984008],[-114.23431538111944,51.04156493742139],[-114.23431250439778,51.04347333771695],[-114.23431210492453,51.0436571922406],[-114.23430877582227,51.045191749218276],[-114.23431437927712,51.04641853699861],[-114.23431698575611,51.04698936896579],[-114.23434180517002,51.05242443536964],[-114.21017480607487,51.052441259078876],[-114.2090801939307,51.05243912692018],[-114.20853390558257,51.05243805938972],[-114.19025426126797,51.05246052642372],[-114.18926680528782,51.05246165888589],[-114.18921387726323,51.052462710437425],[-114.18807075757739,51.052485418794],[-114.18804278931623,51.05248597478468],[-114.18777777339551,51.052491237715536],[-114.18619490584003,51.05252265959217],[-114.18591091232635,51.05250851087502],[-114.18568782001321,51.052508377264715],[-114.18470761665377,51.05250778636875],[-114.18414781665109,51.05248622684308],[-114.18354650512605,51.05242275909705],[-114.18179990461373,51.05222375952895],[-114.18158300555157,51.052177458695176],[-114.17981569866184,51.05196160814877],[-114.1791998969692,51.05193963099621],[-114.17816183293986,51.05203825775248],[-114.17715051814916,51.05220767759641],[-114.17304540304116,51.053096688942404],[-114.17119008961103,51.05347192551518],[-114.1696994587534,51.05381441648866],[-114.16922240611746,51.05386398638243],[-114.16856002913075,51.053903356878116],[-114.167717531976,51.05388188530555],[-114.16706959478618,51.05377856495143],[-114.16646880806393,51.053613615826364],[-114.1659936264336,51.05343173033868],[-114.16564870955195,51.05328015183217],[-114.16529731274949,51.053074695356344],[-114.16500872386064,51.052890573051585],[-114.16466777376947,51.05265846062353],[-114.16445193852275,51.052524762492574],[-114.16428567117657,51.05242025667299]]]}},{"type":"Feature","properties":{"name":"Calgary-East","originalGeometryName":"Calgary-East","displayName":"Calgary-East","divisionNumber":7,"sourceProperties":{"EDNumber20":7,"EDName2017":"Calgary-East","Km2":25.15164185,"Hectares":2515.1640625,"Acres":6215.10595703,"Authority":"Legislative Assembly of Alberta","Shape_Leng":31958.5045146,"Shape_Area":25151641.051},"level":"provincial","effectiveFrom":"2019-03-19","sourceUrl":"https://www.elections.ab.ca/resources/maps/","licenceUrl":"https://www.elections.ab.ca/terms-conditions/","geometryProcessing":"Original source vertices, coordinate projection converted to WGS84 for GeoJSON; no simplification, repair or rounding. Original source attributes retained separately."},"geometry":{"type":"Polygon","coordinates":[[[-113.93524570590895,51.0524283177722],[-113.93516357640213,51.05242750024018],[-113.93512072878329,51.05263075016832],[-113.93512644337152,51.055713751037146],[-113.93507460781558,51.05963921838175],[-113.9350781030837,51.06281853712484],[-113.93505893987903,51.06698515335851],[-113.9304116647877,51.066873305008166],[-113.92563362484557,51.06685328626074],[-113.92038351048,51.06682871185846],[-113.91535944790026,51.066829801961525],[-113.91174515722858,51.066819915081176],[-113.91174657535005,51.06642635475439],[-113.91174679254068,51.06565544263135],[-113.91174564041266,51.06228709406618],[-113.91174564719552,51.06209872599753],[-113.91174565424309,51.061899873586654],[-113.91174566848716,51.061706254409465],[-113.91174574844158,51.060797448025475],[-113.91174583418723,51.05981769097101],[-113.91174584309367,51.05969407225272],[-113.91174584585454,51.05965589897923],[-113.91167195407836,51.059655921661545],[-113.91147633346719,51.059655926210596],[-113.90070083507834,51.05965921569211],[-113.90030651791434,51.059659491655616],[-113.90027501024687,51.05965953706067],[-113.90027389324402,51.059771756067235],[-113.90009528815862,51.05977178471405],[-113.90001284635463,51.05977174745145],[-113.89979471213684,51.0597717535661],[-113.89637904424035,51.05977231579476],[-113.89579730279512,51.05977243498371],[-113.89576377007003,51.059772388070144],[-113.89571386176704,51.0597723933448],[-113.89559548630642,51.05977241738885],[-113.89554556396732,51.059772412563014],[-113.89551205848325,51.059772420712406],[-113.89484901882291,51.05977303537768],[-113.89299052694497,51.05977352114978],[-113.88974372108721,51.059774274179034],[-113.88929961494024,51.05993595743604],[-113.88880237177929,51.059935998214435],[-113.88851566769628,51.059936087935476],[-113.88596948181512,51.0599367565627],[-113.88503323624147,51.05993702410742],[-113.88277198225842,51.05993766083172],[-113.87702746958463,51.059937908889616],[-113.87702792609917,51.0596653143074],[-113.87214094661708,51.059665047600724],[-113.86553772407406,51.05966735367952],[-113.86553952432168,51.05822750994428],[-113.86553959325923,51.05817270467543],[-113.86553984365563,51.05794809541764],[-113.86553993972635,51.05785771782738],[-113.86554154846729,51.056196111002755],[-113.86554381848555,51.052526004109424],[-113.86554389985652,51.05243563619153],[-113.86554393907319,51.05234524087393],[-113.865544492221,51.05144111825501],[-113.86554749582491,51.04520295838989],[-113.86554969928369,51.04080173342978],[-113.86555138586962,51.03893726269564],[-113.86555246837813,51.03806094211439],[-113.86555245181259,51.03797047406923],[-113.86555260818294,51.037841958290294],[-113.86562130525064,51.037841958542295],[-113.87131892354364,51.03784112568516],[-113.87815620429848,51.037839759032806],[-113.88866920450614,51.03783795914195],[-113.89007250017833,51.037837622519746],[-113.9064060051612,51.03783245936244],[-113.90787770464256,51.037832058707906],[-113.90828760505417,51.03783195915291],[-113.90850350364227,51.03783185905885],[-113.91109455063133,51.037834541797956],[-113.91190815816955,51.0378372819967],[-113.91367737694931,51.03783631427026],[-113.91391130096605,51.03782116426891],[-113.91469609913904,51.037750492938834],[-113.91795330688595,51.037754624864654],[-113.92126313374538,51.037770515948125],[-113.9246426906573,51.03776864733517],[-113.92789337754965,51.03782025514972],[-113.93023688665401,51.037833177110485],[-113.93516606903175,51.037826198071414],[-113.93932610364836,51.037859827450646],[-113.9414284920706,51.03785899533747],[-113.94278445616503,51.0378584389212],[-113.94691528582506,51.037874871696786],[-113.9469159565657,51.03784767635322],[-113.94691740029717,51.03778921573515],[-113.94691737249354,51.03707843388307],[-113.94691656717126,51.036441220772076],[-113.94691098303956,51.03328237936046],[-113.94676157685812,51.03320245498742],[-113.94676190422622,51.03063976364629],[-113.94676193026407,51.03052998119078],[-113.95437012172393,51.03052477403281],[-113.95592726263921,51.030523647244976],[-113.95593213680294,51.028269279035115],[-113.9559346036265,51.02699098107455],[-113.95593705542555,51.0257131955013],[-113.95593928382635,51.02454939889823],[-113.95594126144485,51.0235006904437],[-113.95594167863312,51.023301081720824],[-113.95594182141302,51.02322678104067],[-113.95594143265104,51.02288436025113],[-113.95594113498467,51.02265700929532],[-113.95594009900398,51.02187082653971],[-113.95593927458076,51.02122216060054],[-113.95593886504747,51.02090167537943],[-113.95593875077212,51.020811256261055],[-113.95593676355249,51.01860683758449],[-113.95593455967425,51.01615144131476],[-113.95636418195505,51.0161505780239],[-113.95783638663771,51.01668297998945],[-113.95801888095109,51.01674896772199],[-113.95811892595435,51.016785151780375],[-113.95828717678867,51.0167852116373],[-113.95837978406037,51.01678524466841],[-113.95837948691842,51.01659856797586],[-113.95837686446743,51.01495491330466],[-113.95851790476523,51.01498135866663],[-113.95967280518684,51.014979058802226],[-113.96004360541788,51.01497865865333],[-113.97480260478551,51.01498135815279],[-113.97597230461317,51.014987458412044],[-113.97698540513123,51.01499765832538],[-113.9771193772415,51.01499891132921],[-113.97733642648016,51.01562972978109],[-113.97765126829817,51.01641322173472],[-113.97794640102185,51.016720481145704],[-113.97830315909847,51.01697115171291],[-113.97949300515683,51.017632158397284],[-113.98033182627435,51.01807428782739],[-113.98086887798864,51.01836460889824],[-113.98109774830527,51.01853207419893],[-113.98144767349804,51.01892550351744],[-113.98160471622643,51.019227929461515],[-113.98162989629517,51.019456657499816],[-113.98163057472378,51.01950349129183],[-113.9816540676452,51.02112542285372],[-113.98164225288669,51.02265575389268],[-113.98163819504266,51.023181311058934],[-113.98163405934152,51.02692772497041],[-113.98161599780255,51.030525625813745],[-113.98305940496495,51.030529859255395],[-113.98414340583736,51.03052915889921],[-113.98438610432392,51.03053195853055],[-113.98458610415035,51.0305358593347],[-113.98572770441746,51.03054265922965],[-113.98696840484807,51.030537858884564],[-113.99183210506904,51.030530359242775],[-113.99280050441772,51.030505459655146],[-113.99442920491813,51.03054465914822],[-113.99631360881794,51.03056108654043],[-114.00413770205857,51.030628967206866],[-114.00420028862281,51.03062950776283],[-114.0043424317986,51.03070929746344],[-114.00452092294356,51.030964156739856],[-114.00461168300923,51.03109374839453],[-114.004924542551,51.031264368210735],[-114.0050495416487,51.03139158635456],[-114.0051004386318,51.03152360007307],[-114.00553792324158,51.03162547125387],[-114.00721794780222,51.0318553229558],[-114.00807923935393,51.0320340001255],[-114.0084547683846,51.032160613213776],[-114.00879107787945,51.03231562580135],[-114.00920351545997,51.03243250962297],[-114.00964930354432,51.032518000351146],[-114.01005484486525,51.0326192383661],[-114.01041178081728,51.03276225794894],[-114.01143118695815,51.03323478724208],[-114.01198330241319,51.033429793707064],[-114.01227592974413,51.033624728577585],[-114.0129039480231,51.03416468404973],[-114.01321083213483,51.03435556715896],[-114.01341005180457,51.03456155488816],[-114.01344065783576,51.034593206851156],[-114.01353768339659,51.03472528319896],[-114.01380552885811,51.035317793576894],[-114.01390125121175,51.0360215226964],[-114.01390934174337,51.03636587749027],[-114.01383506472531,51.036685599797615],[-114.01377550990429,51.03713096744778],[-114.01375887666045,51.037202554733796],[-114.01373366469394,51.03727381951797],[-114.01369115910498,51.03739393139724],[-114.0136782928712,51.037430291186936],[-114.01367214056454,51.037447677726796],[-114.01236912128708,51.03727186467026],[-114.01194842833965,51.037215097959496],[-114.010137639948,51.03698265479539],[-114.00672954355613,51.037036860333636],[-114.00507935085095,51.03703274653089],[-114.00430813542731,51.03703417849457],[-114.00266576985392,51.03703647928753],[-113.9997907363387,51.03709331142472],[-113.99871042461602,51.03711129553253],[-113.99762893851447,51.03718372965605],[-113.99562306072676,51.03754719484062],[-113.99487524126926,51.03767754991262],[-113.99390053123666,51.03780533889318],[-113.99304423489336,51.03782566329196],[-113.9894707125347,51.03780818165505],[-113.98661786697011,51.0378243109397],[-113.98364241570968,51.0378505461405],[-113.9816098546152,51.03784867191197],[-113.98162468294002,51.038936866667065],[-113.98161660370052,51.039381858472986],[-113.98161960388785,51.04098285871519],[-113.98163040462198,51.042484759054275],[-113.98165560485889,51.04398625910341],[-113.98157390509138,51.04515775872807],[-113.98157633230167,51.04519356636687],[-113.9815795593694,51.04557679480174],[-113.98160113646833,51.048139293329655],[-113.98160169694448,51.04816579867938],[-113.98168162905903,51.05194085768275],[-113.98168310535473,51.05201060189255],[-113.98168347822224,51.05202815785384],[-113.98024118060324,51.05223814661173],[-113.97876119875752,51.05242817185275],[-113.97693393226001,51.05254748929393],[-113.97556272921133,51.052670777523204],[-113.9737891024491,51.05279051599521],[-113.97279534763909,51.0528325226547],[-113.97000486976299,51.05282487601011],[-113.96359150324032,51.05283582943019],[-113.95846587277526,51.0528579138016],[-113.95571679631472,51.05335560166403],[-113.95562110806004,51.0533698064941],[-113.95299424076785,51.05381963727914],[-113.95236450232977,51.053883874037],[-113.95195751740809,51.05390351850607],[-113.95164343598097,51.053900701634426],[-113.95121955506114,51.05385031207349],[-113.95074103743586,51.053764489620534],[-113.95033721360045,51.05364439700507],[-113.94895359860416,51.053181737260395],[-113.94800853477258,51.05284313015747],[-113.94710933662665,51.05256715890968],[-113.94682470455373,51.052524091053485],[-113.94637272135532,51.05245569972386],[-113.9418603911524,51.05242268178695],[-113.93895286207237,51.052425205152375],[-113.93524570590895,51.0524283177722]]]}},{"type":"Feature","properties":{"name":"Calgary-Currie","originalGeometryName":"Calgary-Currie","displayName":"Calgary-Currie","divisionNumber":6,"sourceProperties":{"EDNumber20":6,"EDName2017":"Calgary-Currie","Km2":15.92995739,"Hectares":1592.99572754,"Acres":3936.37817383,"Authority":"Legislative Assembly of Alberta","Shape_Leng":21409.3700127,"Shape_Area":15929957.5533},"level":"provincial","effectiveFrom":"2019-03-19","sourceUrl":"https://www.elections.ab.ca/resources/maps/","licenceUrl":"https://www.elections.ab.ca/terms-conditions/","geometryProcessing":"Original source vertices, coordinate projection converted to WGS84 for GeoJSON; no simplification, repair or rounding. Original source attributes retained separately."},"geometry":{"type":"Polygon","coordinates":[[[-114.13738814807395,51.05504527092619],[-114.13647823950295,51.05485611022942],[-114.13630100743944,51.05487050989343],[-114.13617996718604,51.0549770906286],[-114.13598676102713,51.0550407745456],[-114.13576894840507,51.055079316165234],[-114.13550932278834,51.05507159988266],[-114.13531783273186,51.05500651617307],[-114.13508418010997,51.05496389680222],[-114.13479911591928,51.05495212231128],[-114.13430136781393,51.05498987779826],[-114.13402609017484,51.05498436781203],[-114.13348558690953,51.05494443906283],[-114.13297192925532,51.054880464817266],[-114.13228342619281,51.05474758100802],[-114.1316842958035,51.054560167949],[-114.13059767129648,51.05410064483497],[-114.13000148306855,51.053727090416615],[-114.12983376184681,51.0536443422622],[-114.1295641417792,51.05355678042653],[-114.12946649644948,51.053525065655506],[-114.12923690999915,51.053450496717915],[-114.12811547747872,51.05320094199398],[-114.12627901941893,51.05247497430528],[-114.12590927114292,51.05236671616714],[-114.12544910371052,51.052231993494466],[-114.12492841363957,51.05199940640265],[-114.12403734103717,51.051448612766386],[-114.12371462563317,51.051103786831874],[-114.1235806704977,51.05101778143561],[-114.1232552515874,51.05068532264222],[-114.12303822657267,51.0502756518782],[-114.12259307812346,51.04965897404771],[-114.12246383894147,51.04955741944498],[-114.12234880004439,51.04944981880094],[-114.12228069708445,51.04931394268866],[-114.12239055547383,51.049271974334786],[-114.12256361334917,51.04935220044684],[-114.12274149096582,51.049404432880834],[-114.12286610246595,51.04929635436691],[-114.1228903539468,51.04915476186494],[-114.12269352299013,51.0490927353126],[-114.12247029053225,51.049049348333725],[-114.12244236779394,51.04889417386828],[-114.12235880683158,51.04876918772435],[-114.12219921966822,51.04868181329542],[-114.12200972294664,51.04861406507433],[-114.12101174768317,51.0481123675292],[-114.11966939291325,51.047611032131925],[-114.11810578099092,51.04719764597447],[-114.11781898130923,51.047121806704254],[-114.11749905129801,51.04703723220111],[-114.11674419388771,51.0469200132144],[-114.11608170365672,51.04675433514583],[-114.11518575572391,51.04664887744164],[-114.11483632839995,51.04660774820146],[-114.11465468526471,51.04658636826336],[-114.1142952456434,51.04654405861456],[-114.11420809092755,51.046542258259514],[-114.1140080443274,51.04653812938488],[-114.11306452849072,51.04665250325044],[-114.11236451071379,51.04677139370488],[-114.11172524548944,51.0469252576575],[-114.11095573458547,51.047171302506925],[-114.11029194252491,51.0475013678861],[-114.10974388301851,51.04771658693482],[-114.10934041290066,51.04783196833473],[-114.1088936320877,51.04790914210247],[-114.10817241906615,51.04799214156157],[-114.10761969692253,51.04799881342837],[-114.10635805117205,51.04796193537488],[-114.1058873168028,51.047948173786274],[-114.10504516177357,51.04790169016518],[-114.10373795427478,51.047775347691115],[-114.10317629605663,51.047764916288614],[-114.10261781918459,51.047736174042136],[-114.10065463283061,51.047714877977924],[-114.09550955514233,51.047460896227726],[-114.09493317431982,51.04745109662283],[-114.09484440017653,51.047449586855905],[-114.09472729439948,51.047447597580344],[-114.09472700491041,51.04735965958623],[-114.09473130510523,51.04720905859917],[-114.09473574375129,51.047053842698865],[-114.09473753081325,51.04699138020383],[-114.09473800608644,51.04697475969343],[-114.09473970554326,51.046928358444525],[-114.09473970463566,51.046928258578994],[-114.09474250512577,51.0468833592375],[-114.09472510561733,51.046608059398736],[-114.09472410614651,51.04638595913012],[-114.0947431121327,51.045671068970414],[-114.0947365349085,51.04546561083329],[-114.09474872033734,51.044850644122945],[-114.09474056438953,51.044181462126396],[-114.09469460687907,51.04328423594038],[-114.09471374284979,51.04231330632548],[-114.09470120477344,51.04184525927392],[-114.09473040465078,51.041378259700586],[-114.09473470434386,51.04039785872717],[-114.09472030515414,51.03948905892185],[-114.09472340454056,51.03852665978072],[-114.09472460605919,51.03782505950726],[-114.09471780558107,51.036565658584585],[-114.09471890543074,51.035864059091885],[-114.09471700580157,51.03498255926956],[-114.09471870445196,51.03427195895227],[-114.09471210544326,51.03323745960231],[-114.0947139053488,51.03206815914499],[-114.09471050518015,51.031438359598184],[-114.09471430478762,51.03046705915859],[-114.09592820547051,51.0304432587995],[-114.0971553048457,51.03043785884617],[-114.09833850482889,51.03044925870626],[-114.09946480584676,51.030459259008516],[-114.09962150451814,51.03046315905861],[-114.10208930539817,51.03046145945359],[-114.10341610463732,51.03045835932379],[-114.10455710483856,51.030459659136895],[-114.10702500501905,51.03045785964784],[-114.10946490551987,51.03044635846279],[-114.10946610619806,51.02951095963965],[-114.10946610619473,51.02859345951805],[-114.10948040539802,51.02767635970608],[-114.10948050594419,51.02675885916915],[-114.10948110537892,51.02583235880984],[-114.10948110508865,51.024914958878384],[-114.1094806059442,51.024006459530405],[-114.11193390607059,51.02400415900568],[-114.1143729053466,51.02400155913999],[-114.11585670530916,51.02399315935886],[-114.11668879626762,51.023967432731695],[-114.11791853412856,51.023971107582376],[-114.11792368541535,51.02232082372792],[-114.11794010928968,51.02007650952354],[-114.11792817739048,51.01794750272729],[-114.11795040632056,51.01677594095931],[-114.11801678356373,51.01605505783514],[-114.1180554930474,51.01537395879724],[-114.11807270871826,51.014466409941576],[-114.1179956208335,51.01301354276693],[-114.11794782502403,51.01139586362197],[-114.11795249151405,51.01009548663552],[-114.11807505422401,51.01009529268512],[-114.118473344538,51.010094661167884],[-114.11876877061262,51.010243029293065],[-114.11912079029052,51.010419818047666],[-114.12125892105321,51.01149544973182],[-114.12186633616686,51.01180100837653],[-114.12167548849095,51.011951866860144],[-114.12217310702424,51.012202198717965],[-114.12233251043976,51.01228100458586],[-114.12235635619948,51.01229279432831],[-114.12249385007293,51.012360768487135],[-114.12255182645745,51.01238943067866],[-114.1292257168526,51.01481000600975],[-114.12941906995144,51.014880124504714],[-114.13074961778638,51.015362626466576],[-114.13061132076784,51.01550534477634],[-114.13078327381773,51.015563746926375],[-114.13163242886283,51.01587774560078],[-114.1335514322603,51.01657285219923],[-114.13370475879952,51.01662851916601],[-114.13392738860237,51.016709334168695],[-114.13515165943846,51.01715366502534],[-114.13530955442931,51.017212058072346],[-114.13587790528871,51.01664255956275],[-114.1367256050637,51.0158448589169],[-114.13730700620187,51.015202458445216],[-114.13758100573271,51.01492135984965],[-114.13813010577486,51.01434115916617],[-114.13841940593547,51.0140424595555],[-114.1386058050436,51.01379515934575],[-114.13873850561258,51.01349255867004],[-114.13878166585675,51.01318945262281],[-114.13878716646659,51.01289248242847],[-114.13878559268215,51.0124789850903],[-114.1409738937234,51.01246015155774],[-114.14122410481346,51.01249205915189],[-114.14119870620353,51.01475815992689],[-114.14119540446328,51.01481205940264],[-114.14121150528146,51.01640445912254],[-114.14121020553259,51.01665625916361],[-114.14121400513007,51.017753758971104],[-114.14119840545118,51.01916555849043],[-114.14117160605177,51.020064358836905],[-114.14118812380917,51.02046105779105],[-114.141194320227,51.020893678562956],[-114.14118622361937,51.02238290135169],[-114.14118260488529,51.02245469292067],[-114.142135772995,51.02213996793922],[-114.14299742615155,51.021847544130665],[-114.14373050174356,51.02161162295714],[-114.14407892583719,51.02148778249716],[-114.14468363551107,51.0212968760813],[-114.14529491456969,51.021094941079184],[-114.14570961823141,51.02098265406928],[-114.14655216894926,51.020736025509436],[-114.14763298354457,51.02041069706898],[-114.14821902749426,51.02024261721682],[-114.14904333693278,51.01999583775553],[-114.14957001547604,51.01983203104296],[-114.14988606241992,51.0197376955326],[-114.15043524079249,51.019592316455764],[-114.15138765904668,51.01931198082551],[-114.15230363716861,51.01903137309052],[-114.15285879043253,51.01888589194583],[-114.15309063652492,51.01883025552174],[-114.15371244349582,51.01869687750039],[-114.15433382892864,51.01858647410872],[-114.15462588853464,51.01855411645341],[-114.15561155994517,51.01844634126],[-114.1567078517839,51.018340393434805],[-114.15716291575579,51.018285187487095],[-114.15844062889322,51.018145023604966],[-114.15982782892038,51.017994143025795],[-114.16026621837547,51.01792835323869],[-114.16105046988447,51.01787653471251],[-114.1615606776428,51.017868706795014],[-114.16238052663091,51.01786309672542],[-114.16314490637785,51.01790304469978],[-114.16370893081844,51.01794155297263],[-114.164314556603,51.01800368518772],[-114.16526478151104,51.01803382709904],[-114.1652394953481,51.01815065374732],[-114.16510302265661,51.01902561758636],[-114.16487461603079,51.01997609192925],[-114.16454674005223,51.02142095055466],[-114.16431967898771,51.02229526443552],[-114.16427682373023,51.022999517436475],[-114.16430086206339,51.040027226232716],[-114.16430057975441,51.040058939549525],[-114.16429813537306,51.04033344764703],[-114.16430525245067,51.041221881377915],[-114.16431105819137,51.04218312381693],[-114.1643221053867,51.042853131643916],[-114.16431717023681,51.04441140657249],[-114.16430171091358,51.04527055116516],[-114.16431223269615,51.04596968197523],[-114.16430253736871,51.04650846691899],[-114.16428707661926,51.04736761119847],[-114.16430677155756,51.04755707940729],[-114.16429393091109,51.04827060598496],[-114.16430104589102,51.049159039410235],[-114.1642874181914,51.0499162512227],[-114.16427326572874,51.050702586251646],[-114.16425675372615,51.05161997653096],[-114.16428567117657,51.05242025667299],[-114.16392533459656,51.05227092427257],[-114.1635630419233,51.052132769849116],[-114.16099378358288,51.05132356159396],[-114.15771108345069,51.05031217580454],[-114.15521340483663,51.049542561111515],[-114.15383788108036,51.04910782845282],[-114.1532127603931,51.048909201918555],[-114.15281776055015,51.04879695781156],[-114.15275734320672,51.04877593197937],[-114.14925254202868,51.04769637225663],[-114.14923625131158,51.047691353423446],[-114.1468893241939,51.046970198568395],[-114.14466805694573,51.04625762399959],[-114.14461471446555,51.04624051139187],[-114.14344805030541,51.04588823667705],[-114.1434166062005,51.04593435933867],[-114.14335460552253,51.04601375911499],[-114.14302830531653,51.046446559078],[-114.14300620460027,51.046805859694494],[-114.14299530509628,51.047678058495855],[-114.14300290593572,51.04871265881346],[-114.14300460514704,51.04961215882553],[-114.14298990574407,51.05054725979484],[-114.14296134723607,51.050547424624675],[-114.14298598274758,51.05094725746154],[-114.14298865398098,51.05134530988989],[-114.14298862536184,51.051348329714656],[-114.1429846978958,51.05176016003621],[-114.14298161613995,51.052083480829495],[-114.14298159280195,51.05208590514223],[-114.14298377167282,51.05227469889639],[-114.14249311545238,51.05227321778337],[-114.14188515074646,51.052271934043276],[-114.14119901486892,51.05226845435128],[-114.14117704893592,51.0522683433248],[-114.14117674073003,51.05228438853539],[-114.14117466554747,51.05239210314156],[-114.14117463996178,51.052393409206154],[-114.1411771732791,51.053188296863276],[-114.14117717666232,51.053193129662226],[-114.14117766773752,51.053975262647974],[-114.14117863408833,51.05551119188435],[-114.14118153854398,51.055587601973194],[-114.14118559232816,51.05569424692236],[-114.14118562393331,51.055705964737584],[-114.14102481872614,51.05567652951564],[-114.14095405800762,51.055663573978094],[-114.1403359943117,51.05563529675737],[-114.13954550967064,51.05556363842038],[-114.13882297335446,51.05545840578636],[-114.13796469662,51.055246554606654],[-114.13738814807395,51.05504527092619]]]}},{"type":"Feature","properties":{"name":"Calgary-Mountain View","originalGeometryName":"Calgary-Mountain View","displayName":"Calgary-Mountain View","divisionNumber":18,"sourceProperties":{"EDNumber20":18,"EDName2017":"Calgary-Mountain View","Km2":17.84243584,"Hectares":1784.24365234,"Acres":4408.96191406,"Authority":"Legislative Assembly of Alberta","Shape_Leng":25561.7451393,"Shape_Area":17842436.5904},"level":"provincial","effectiveFrom":"2019-03-19","sourceUrl":"https://www.elections.ab.ca/resources/maps/","licenceUrl":"https://www.elections.ab.ca/terms-conditions/","geometryProcessing":"Original source vertices, coordinate projection converted to WGS84 for GeoJSON; no simplification, repair or rounding. Original source attributes retained separately."},"geometry":{"type":"Polygon","coordinates":[[[-114.09493828929115,51.074694126546255],[-114.09493427742477,51.07469430149798],[-114.09457631400994,51.0746723557836],[-114.09073420938229,51.07306479834195],[-114.08924275607846,51.073077276735944],[-114.08701103514503,51.074490061278055],[-114.08569720354157,51.07532171853287],[-114.08479708840878,51.07589146681678],[-114.08467455157644,51.075969027329926],[-114.08459450869212,51.076019691618455],[-114.08436528287734,51.076164780390265],[-114.07946097029415,51.079268649978125],[-114.07947857314456,51.07992493242102],[-114.07948195239887,51.08005093399541],[-114.07948250568842,51.080071558587235],[-114.07984260537846,51.080476259193084],[-114.07994250462427,51.08070365932958],[-114.07994920405307,51.08150446000721],[-114.07157950549998,51.08152875895967],[-114.06842407083033,51.08150683912478],[-114.06811090469442,51.08150465888792],[-114.06751100447947,51.08150755977983],[-114.06750160482552,51.08052695929535],[-114.0675008053297,51.07963645878917],[-114.06750060500553,51.078736958605006],[-114.06749930485992,51.07785535830581],[-114.06749910551041,51.07695585966024],[-114.0674983052233,51.076065358614784],[-114.06748330462723,51.075174558834455],[-114.0674848057438,51.07424805945554],[-114.06748680531999,51.07331265943483],[-114.0674992049947,51.07244045893651],[-114.06747100485435,51.07153125945997],[-114.06747140600955,51.07062285927235],[-114.06747170468599,51.069714359170334],[-114.06747260518941,51.06879685939173],[-114.06748720486324,51.06788875918287],[-114.06747110431571,51.06701585912384],[-114.06747110549061,51.06701580065762],[-114.06747226081121,51.06693095368616],[-114.06251941665872,51.066941412977926],[-114.05616681999035,51.06695360174215],[-114.05079756230438,51.06694130183437],[-114.0424831020139,51.066999518984986],[-114.03924963850388,51.066989940924536],[-114.03169262138375,51.06698995709991],[-114.02893809538041,51.06696710595299],[-114.0270057385716,51.066917781946714],[-114.027100102862,51.06634113653276],[-114.02720820896269,51.065522117207045],[-114.02719662232873,51.064993601447185],[-114.02716117762903,51.064522013394544],[-114.02694684254784,51.06393468353136],[-114.02671888907366,51.06346564605574],[-114.0265774823307,51.063174682331045],[-114.02605101255895,51.06234196286599],[-114.02536924317371,51.061350848503196],[-114.023958111766,51.05960345792349],[-114.02365787176304,51.05925777098179],[-114.02078779835044,51.05595296604728],[-114.02006482719952,51.054823727191206],[-114.01998531937544,51.05467885540962],[-114.01978285123067,51.05430992444878],[-114.0193418115251,51.05350625734947],[-114.01909196497084,51.05283965942628],[-114.01892657727198,51.05236169077027],[-114.01782912635865,51.04894478289372],[-114.0175143785589,51.04823608069897],[-114.0173326099034,51.047938799985076],[-114.01733245952408,51.04793855492088],[-114.01733202358767,51.047937843246494],[-114.01730791063495,51.047898405826174],[-114.01716059850358,51.047710835666074],[-114.01708758977765,51.04761787552034],[-114.01677181906115,51.047267218084386],[-114.01627987439412,51.046890281382105],[-114.01565307163622,51.04645951812035],[-114.01450961258743,51.045911791828566],[-114.01372018864832,51.04557924115141],[-114.01190549684979,51.044814749314256],[-114.01191269817066,51.044757929232574],[-114.01194490916757,51.044503777823365],[-114.01196693484073,51.04432997989583],[-114.0122170129371,51.04235667835017],[-114.01221716676716,51.042356155165315],[-114.01250325753253,51.04236438096001],[-114.01292885751019,51.04244360664326],[-114.01331032893891,51.04256167133089],[-114.01338684443274,51.04259920040159],[-114.01347321258416,51.04264155544924],[-114.0138332067312,51.0429805547553],[-114.014292928712,51.04324514267287],[-114.01468172989944,51.0433709933909],[-114.01483614143416,51.04347438078335],[-114.01491738666249,51.04359928308555],[-114.01505116737336,51.043703116130715],[-114.01523570329776,51.043770373992764],[-114.0156805864386,51.04385841281599],[-114.01619274180395,51.04390996767001],[-114.01706333479893,51.04392919354852],[-114.01823243159228,51.043915787686736],[-114.0185704324794,51.04382888398501],[-114.01869367063527,51.0437972064807],[-114.01878066766996,51.043782905912984],[-114.0190008651533,51.043746710007895],[-114.01919244556531,51.04371522599002],[-114.01978601911959,51.04355054830307],[-114.02069510322387,51.043208503904864],[-114.02169248336465,51.04291654896705],[-114.02272487740755,51.042639115897146],[-114.02338400588388,51.04251845810102],[-114.02408446458936,51.042420567731966],[-114.02457683834393,51.04237640059765],[-114.0249588898785,51.04236535481823],[-114.02524577470867,51.042357058607365],[-114.02618612247119,51.04232985836201],[-114.02703432980081,51.04233999991851],[-114.02785613557933,51.042322342026615],[-114.02840791648093,51.0423491029806],[-114.02893494225285,51.04239789089828],[-114.0301579610631,51.042583483732194],[-114.03109452230755,51.04275352845497],[-114.03254236542512,51.04311728390235],[-114.03281698809772,51.04318627715134],[-114.0349229351886,51.04374600625925],[-114.03606845123689,51.043973812923554],[-114.03671634803545,51.04402544547118],[-114.03686153507533,51.044037006721865],[-114.03763554852763,51.04429879956444],[-114.03825933624239,51.04447525102197],[-114.0393503614182,51.04473394883336],[-114.03953951569387,51.04480183859182],[-114.04124692848431,51.04523689637371],[-114.04147287153035,51.04538610359041],[-114.04154226472245,51.04547941998874],[-114.04187115596564,51.04563789659522],[-114.04214694265166,51.0458311872044],[-114.04311501969013,51.046154574214064],[-114.04415834214606,51.04643354215265],[-114.04525503200462,51.04668583269565],[-114.04545493596157,51.046749303381866],[-114.04608137486412,51.04709729009012],[-114.04678350981709,51.04739437357249],[-114.04820092338078,51.04791663843551],[-114.04826998634407,51.04794208998486],[-114.04848771660548,51.04805468357814],[-114.04859729650336,51.04811136073459],[-114.04935934176325,51.04837434177307],[-114.05037927697647,51.048854470556556],[-114.05109011006823,51.04912908360433],[-114.05130919246517,51.049212774211625],[-114.05133176519114,51.04921922604804],[-114.05142123169897,51.0492447999525],[-114.0515332518361,51.04927986437406],[-114.05169145212636,51.04934210962205],[-114.052029613676,51.049504078155266],[-114.05254499813636,51.04968864717563],[-114.05280245245044,51.04978084523339],[-114.05304928805688,51.04986923852113],[-114.05312888458619,51.0498977421932],[-114.05429292955853,51.05031459418234],[-114.05491071634323,51.050492432481285],[-114.05747392281526,51.05096753608853],[-114.05946183911226,51.05143023900923],[-114.0599313814746,51.0515226128618],[-114.06022475463456,51.05158032267468],[-114.06106264508718,51.05184727780907],[-114.06236580646618,51.05234962523194],[-114.06248817399846,51.05239730919999],[-114.06256537620757,51.05244182664874],[-114.06262974207672,51.052478941522374],[-114.06278647759363,51.052535612797335],[-114.06319546444885,51.05268349594115],[-114.06372049059472,51.05291163187894],[-114.06410396119126,51.05304315460635],[-114.06425772202518,51.05312770289837],[-114.06437137449484,51.05323966450841],[-114.06441913505259,51.053380218586476],[-114.06427003249435,51.05360881931242],[-114.0644439031298,51.053856419258565],[-114.06488144525296,51.05431501943441],[-114.06504601973042,51.05457316145453],[-114.06537414891643,51.05492049753653],[-114.06569301930791,51.05527512299236],[-114.06609603921365,51.05556857424642],[-114.06630992326305,51.0558001555881],[-114.06656639420275,51.05600441943357],[-114.06688287725463,51.056179225869144],[-114.06757678042082,51.056486974182945],[-114.06798070231656,51.05661047674613],[-114.06821552217346,51.056658683350896],[-114.06875427173648,51.05670968390229],[-114.07048167058089,51.056772071674956],[-114.07096990363259,51.05671532227551],[-114.07138039921693,51.05661664600937],[-114.07166725126275,51.05654769684285],[-114.07181350410669,51.05651254138744],[-114.07224916838162,51.05642648398279],[-114.07265378717415,51.05630910286209],[-114.0731075024471,51.05622254225098],[-114.0745246777528,51.05563228338939],[-114.07502525770728,51.05539186445795],[-114.07556295454312,51.055180806577326],[-114.07605672936222,51.05492770946007],[-114.07673961285579,51.05462171646403],[-114.07732852221507,51.054255303671326],[-114.07757532914131,51.05404024491104],[-114.07768663951063,51.05391824523126],[-114.07773167768404,51.05375405813505],[-114.07772259371436,51.05368501302577],[-114.07750423924975,51.05364494142664],[-114.07729280022212,51.0536890003666],[-114.07720165132982,51.053595116363695],[-114.07724549700863,51.05346823291874],[-114.07745214193027,51.05341914779732],[-114.07770757423836,51.05344742561455],[-114.07813732302147,51.05354844525133],[-114.07840540055979,51.053569006226475],[-114.0786111930503,51.053520974795255],[-114.08014536737012,51.052651851292204],[-114.08037161909296,51.05262558770617],[-114.08059271570444,51.05264246428054],[-114.08113149693362,51.05243789636256],[-114.08121815524423,51.052414722246105],[-114.08173112295043,51.05227751595634],[-114.08191597435966,51.05221201887799],[-114.08286559304113,51.05188805764458],[-114.08301694224491,51.05180036754428],[-114.08311045180719,51.051696270441006],[-114.08365714904258,51.05108751682192],[-114.0839023557094,51.05086968380588],[-114.08399633506947,51.050738464142775],[-114.08404067746885,51.05057316080393],[-114.08415532896389,51.05048822865107],[-114.08431028417694,51.05037343870286],[-114.08463767055798,51.05021184487129],[-114.08537549016592,51.049945458162156],[-114.08620358019564,51.04973123934926],[-114.08699164543233,51.04949190292205],[-114.08740907088112,51.04939653525962],[-114.0887487807956,51.04897194821679],[-114.0895685480224,51.0487752904857],[-114.09067795412899,51.04837467038784],[-114.0911704383917,51.048136096833844],[-114.09153532333656,51.04798922601212],[-114.09217135393997,51.04784456850211],[-114.09262810982474,51.04777156096701],[-114.09310825741,51.04772800070122],[-114.09416662585167,51.04750056765935],[-114.09449753616502,51.047463502530896],[-114.09455756179435,51.04745678136988],[-114.09465109668636,51.04744630293201],[-114.09472729439948,51.047447597580344],[-114.09484440017653,51.047449586855905],[-114.09493317431982,51.04745109662283],[-114.09550955514233,51.047460896227726],[-114.10065463283061,51.047714877977924],[-114.10261781918459,51.047736174042136],[-114.10317629605663,51.047764916288614],[-114.10373795427478,51.047775347691115],[-114.10504516177357,51.04790169016518],[-114.1058873168028,51.047948173786274],[-114.10635805117205,51.04796193537488],[-114.10761969692253,51.04799881342837],[-114.10817241906615,51.04799214156157],[-114.1088936320877,51.04790914210247],[-114.10934041290066,51.04783196833473],[-114.10974388301851,51.04771658693482],[-114.11029194252491,51.0475013678861],[-114.11095573458547,51.047171302506925],[-114.11172524548944,51.0469252576575],[-114.11236451071379,51.04677139370488],[-114.11306452849072,51.04665250325044],[-114.11353583423346,51.04659537231456],[-114.1140080443274,51.04653812938488],[-114.11420809092755,51.046542258259514],[-114.1142952456434,51.04654405861456],[-114.11465468526471,51.04658636826336],[-114.11474245099232,51.04659669866117],[-114.11483632839995,51.04660774820146],[-114.11518575572391,51.04664887744164],[-114.11608170365672,51.04675433514583],[-114.11674419388771,51.0469200132144],[-114.11749905129801,51.04703723220111],[-114.11781898130923,51.047121806704254],[-114.11810578099092,51.04719764597447],[-114.11945352858271,51.04755396387969],[-114.11966939291325,51.047611032131925],[-114.11992540896968,51.04770664988779],[-114.12101174768317,51.0481123675292],[-114.12200972294664,51.04861406507433],[-114.12210238950124,51.048647191741516],[-114.12219921966822,51.04868181329542],[-114.12222610424958,51.04869653245445],[-114.12235880683158,51.04876918772435],[-114.12244236779394,51.04889417386828],[-114.12247029053225,51.049049348333725],[-114.12269352299013,51.0490927353126],[-114.1228903539468,51.04915476186494],[-114.12286610246595,51.04929635436691],[-114.12274149096582,51.049404432880834],[-114.12256361334917,51.04935220044684],[-114.12240795801563,51.04928004149586],[-114.12239055547383,51.049271974334786],[-114.12230193357584,51.04930583012539],[-114.12228069708445,51.04931394268866],[-114.12234880004439,51.04944981880094],[-114.12246383894147,51.04955741944498],[-114.12259307812346,51.04965897404771],[-114.12303822657267,51.0502756518782],[-114.1232552515874,51.05068532264222],[-114.12327263172394,51.050703078454774],[-114.12328591747568,51.05071665178627],[-114.12338378391699,51.05081663599978],[-114.1235806704977,51.05101778143561],[-114.12369690358663,51.05109240865735],[-114.12371462563317,51.051103786831874],[-114.12372189244446,51.051111551992925],[-114.12373677585336,51.05112745558122],[-114.12403734103717,51.051448612766386],[-114.12427772812575,51.051597204014875],[-114.1246751777767,51.051842877364486],[-114.12492841363957,51.05199940640265],[-114.12544910371052,51.052231993494466],[-114.12556684840499,51.05226646553276],[-114.12565760851686,51.052293037505684],[-114.12590927114292,51.05236671616714],[-114.12620972306941,51.05245468522534],[-114.12627901941893,51.05247497430528],[-114.12634190954972,51.05249983592488],[-114.12811547747872,51.05320094199398],[-114.12856686913905,51.05330139218196],[-114.12923690999915,51.053450496717915],[-114.12926730470103,51.0534603689226],[-114.12946649644948,51.053525065655506],[-114.12840190163107,51.05449969023412],[-114.12794653117332,51.05491656154577],[-114.12794065091163,51.05492404931814],[-114.12787870572177,51.054907859002704],[-114.127878945372,51.05500262170816],[-114.1278790278884,51.05503546217127],[-114.1278815053729,51.056014258983325],[-114.1278665048477,51.05694935917819],[-114.1278980047764,51.057822659348616],[-114.12787150510239,51.05871245932375],[-114.12788928649374,51.05957067275891],[-114.12788940618748,51.05957645912471],[-114.12805315020022,51.05957960415803],[-114.12847837043027,51.05958777111885],[-114.12845254926785,51.05959565629561],[-114.12813322841056,51.05969317161301],[-114.12796554429998,51.05973392856476],[-114.12780425212068,51.05975168554382],[-114.12760419486456,51.05975460967392],[-114.1273093625948,51.05971300616308],[-114.12688429142739,51.05957596332715],[-114.12583292871764,51.05928488663014],[-114.12578648589027,51.0593562428043],[-114.1257251239511,51.05944266400191],[-114.12478606774667,51.05944420059163],[-114.12420851652853,51.05965336757361],[-114.12305828636931,51.05946039718513],[-114.12305830557035,51.05941933224584],[-114.12277136184484,51.05941930124537],[-114.1227712494991,51.05961930455041],[-114.12030889876371,51.05962303334008],[-114.11963186148375,51.05962406137005],[-114.118678591975,51.059625482323334],[-114.11802084481377,51.05962622544667],[-114.11802063814456,51.0596306410364],[-114.117966362682,51.06079223397917],[-114.1179458858219,51.06238293816403],[-114.11794095614769,51.06259891474992],[-114.11791822425565,51.06359481607372],[-114.11793661245547,51.06616096182353],[-114.11794198970946,51.06691129255998],[-114.11794241678923,51.0669709263244],[-114.1179253430646,51.06697109345939],[-114.11540346632667,51.06696967543123],[-114.11249082431512,51.06698953007252],[-114.1063130823798,51.06696521515283],[-114.10633082180583,51.0678386287112],[-114.10626370453313,51.067839458692085],[-114.10612182202607,51.06783900081761],[-114.10459370530364,51.06783405944843],[-114.1045907648547,51.06803284269766],[-114.10458040492371,51.068733258831486],[-114.10459560523009,51.06963305873994],[-114.10459710432245,51.070523659278116],[-114.10459690519087,51.07144105900742],[-114.10459760856321,51.07148481930814],[-114.10461150488835,51.07234995897343],[-114.10461360486482,51.07323145953539],[-114.10461974005372,51.074264134490605],[-114.10461980481844,51.07427505909087],[-114.10468019587931,51.07427502505739],[-114.10497670467278,51.07427485950071],[-114.10630039101578,51.074272196992446],[-114.1063147673087,51.074272168360224],[-114.10631900580492,51.074272159381415],[-114.10631992383827,51.074640382343205],[-114.1063235916548,51.07470951300076],[-114.106332407059,51.07487570627404],[-114.10633004928445,51.07492908707306],[-114.10632358309428,51.075075427620234],[-114.10633060413201,51.07545975902737],[-114.10632880496415,51.07594545976728],[-114.10632619960067,51.076545948656154],[-114.1063256051786,51.076682959102],[-114.10632823940642,51.07708670217644],[-114.10632830558427,51.077096758646036],[-114.10632795415734,51.077188833968584],[-114.10632759041368,51.07728421710191],[-114.10632628272178,51.07762674588124],[-114.10632329052142,51.0784110421712],[-114.10611156689363,51.07841111197998],[-114.1059046221248,51.078411164878354],[-114.10537202122389,51.07841130034794],[-114.0981732462352,51.07839799727542],[-114.09778567764413,51.078397268365556],[-114.09777037720754,51.078362507662426],[-114.09498591269526,51.0747558188882],[-114.09493828929115,51.074694126546255]]]}},{"type":"Feature","properties":{"name":"Calgary-Cross","originalGeometryName":"Calgary-Cross","displayName":"Calgary-Cross","divisionNumber":5,"sourceProperties":{"EDNumber20":5,"EDName2017":"Calgary-Cross","Km2":15.79729557,"Hectares":1579.72961426,"Acres":3903.59667969,"Authority":"Legislative Assembly of Alberta","Shape_Leng":19629.4409913,"Shape_Area":15797321.7779},"level":"provincial","effectiveFrom":"2019-03-19","sourceUrl":"https://www.elections.ab.ca/resources/maps/","licenceUrl":"https://www.elections.ab.ca/terms-conditions/","geometryProcessing":"Original source vertices, coordinate projection converted to WGS84 for GeoJSON; no simplification, repair or rounding. Original source attributes retained separately."},"geometry":{"type":"Polygon","coordinates":[[[-113.9117300085777,51.095985868820634],[-113.9117303819088,51.09543807900974],[-113.91173043338017,51.09536480557704],[-113.91173063074429,51.09508546259351],[-113.91173387077377,51.090400023057796],[-113.91173500648473,51.08875643618946],[-113.9117392559909,51.082774127059594],[-113.91173991026679,51.08185037642421],[-113.91173991743548,51.081758401776234],[-113.91173992036096,51.08171085988253],[-113.91173992921452,51.081526839459016],[-113.91173996496367,51.08146651590558],[-113.91173998209193,51.08143644678374],[-113.91174004401604,51.081391625022604],[-113.9117405336825,51.08103688509783],[-113.91174228389218,51.079766671054415],[-113.91174232680471,51.07958588056655],[-113.91174311109208,51.07623975263834],[-113.91174313243054,51.07614935779093],[-113.91174315376622,51.07605896294213],[-113.91174354470348,51.074385884276104],[-113.91174356598485,51.07429548940038],[-113.91174357937666,51.07417864525362],[-113.91174333131447,51.0741612170621],[-113.91174362834839,51.07405541404478],[-113.91174393249905,51.07314573536716],[-113.91174570844643,51.06770026832763],[-113.91174577475086,51.06749671336916],[-113.91174582471655,51.0673600334112],[-113.9117458950952,51.0670641886686],[-113.91174564085577,51.067016643365115],[-113.91174560704229,51.06701023136165],[-113.91174493001539,51.066883119424574],[-113.91174515722858,51.066819915081176],[-113.91535944790026,51.066829801961525],[-113.92038351048,51.06682871185846],[-113.92563362484557,51.06685328626074],[-113.9304116647877,51.066873305008166],[-113.93505893987903,51.06698515335851],[-113.9350781030837,51.06281853712484],[-113.93507460781558,51.05963921838175],[-113.93512644337152,51.055713751037146],[-113.93512072878329,51.05263075016832],[-113.93516357640213,51.05242750024018],[-113.93524570590895,51.0524283177722],[-113.93895286207237,51.052425205152375],[-113.9418603911524,51.05242268178695],[-113.94637272135532,51.05245569972386],[-113.94682470455373,51.052524091053485],[-113.94710933662665,51.05256715890968],[-113.94800853477258,51.05284313015747],[-113.94895359860416,51.053181737260395],[-113.95033721360045,51.05364439700507],[-113.95074103743586,51.053764489620534],[-113.95121955506114,51.05385031207349],[-113.95164343598097,51.053900701634426],[-113.95195751740809,51.05390351850607],[-113.95236450232977,51.053883874037],[-113.95299424076785,51.05381963727914],[-113.95562110806004,51.0533698064941],[-113.95571679631472,51.05335560166403],[-113.95846587277526,51.0528579138016],[-113.96359150324032,51.05283582943019],[-113.97000486976299,51.05282487601011],[-113.97279534763909,51.0528325226547],[-113.9737891024491,51.05279051599521],[-113.97556272921133,51.052670777523204],[-113.97693393226001,51.05254748929393],[-113.97876119875752,51.05242817185275],[-113.98024118060324,51.05223814661173],[-113.98168347822224,51.05202815785384],[-113.98168442636711,51.05207291379143],[-113.98168480714729,51.05209088994943],[-113.98168533271074,51.05211573605616],[-113.9816853980405,51.05213898400559],[-113.98168565588244,51.0522297914666],[-113.98168582373846,51.05228910384005],[-113.98169032470801,51.053877303852246],[-113.9816872225447,51.05431307802033],[-113.98168723262971,51.05518340203072],[-113.98168723403381,51.05528641790463],[-113.98168725133168,51.056739989676835],[-113.98168748881729,51.05699609776826],[-113.98168985277472,51.05954663341695],[-113.98169024296179,51.059968602184966],[-113.98169238208314,51.06234189129602],[-113.98169263607168,51.06262351729773],[-113.98169545108426,51.06574848327686],[-113.98169631278613,51.066706481035],[-113.98169639868117,51.066800880796706],[-113.98169654099257,51.066959726898844],[-113.98174663614878,51.0726288107854],[-113.98173159569126,51.07439918622677],[-113.9817127768467,51.07661405510103],[-113.9817354828259,51.08046468617681],[-113.98173570051887,51.081502283983475],[-113.97836388763977,51.0815106159468],[-113.97317985212614,51.08152222373528],[-113.96989018955239,51.08153159149005],[-113.96368430082686,51.08153365221372],[-113.95843661803572,51.08154420649728],[-113.95297475714429,51.081533443160055],[-113.94677703005488,51.08153499775371],[-113.9409019076272,51.081540055565775],[-113.93512834724906,51.08154367142433],[-113.93512974887864,51.0841397359699],[-113.93514128879406,51.086509067329516],[-113.9351377688566,51.09166370077649],[-113.93516750459534,51.09607165919252],[-113.93490669814375,51.096069789961675],[-113.93424315221712,51.09608666282711],[-113.93315674350957,51.096090691191314],[-113.93135533620033,51.09608652438882],[-113.93009418325228,51.09606270452604],[-113.9290143377163,51.09607329384931],[-113.92847398893224,51.09609700930035],[-113.92784871962891,51.09615419235863],[-113.92586260367516,51.096348059729664],[-113.9247989055769,51.096450259694286],[-113.92378390547638,51.09652435847372],[-113.92259636910025,51.096604683531226],[-113.9215792814093,51.09665453854347],[-113.92041171756881,51.096702994380244],[-113.9194142632163,51.096717472933605],[-113.91876535944957,51.09671147347641],[-113.9182468809558,51.09670673215758],[-113.91783426860228,51.09670285875742],[-113.91698908929794,51.09664172318773],[-113.91586204866358,51.09656612178254],[-113.91536696061422,51.09653015154833],[-113.9138544412931,51.09633425220971],[-113.91346547046338,51.09629490102213],[-113.91326355939324,51.09627447309932],[-113.91290370411218,51.09622175859535],[-113.91260480425916,51.09616645944428],[-113.91185340427347,51.09608515884543],[-113.91173440341886,51.09607945857906],[-113.91173013784406,51.096079254240706],[-113.9117300085777,51.095985868820634]]]}},{"type":"Feature","properties":{"name":"Calgary-Klein","originalGeometryName":"Calgary-Klein","displayName":"Calgary-Klein","divisionNumber":15,"sourceProperties":{"EDNumber20":15,"EDName2017":"Calgary-Klein","Km2":37.41797638,"Hectares":3741.79760742,"Acres":9246.18359375,"Authority":"Legislative Assembly of Alberta","Shape_Leng":34309.6461667,"Shape_Area":37417976.5936},"level":"provincial","effectiveFrom":"2019-03-19","sourceUrl":"https://www.elections.ab.ca/resources/maps/","licenceUrl":"https://www.elections.ab.ca/terms-conditions/","geometryProcessing":"Original source vertices, coordinate projection converted to WGS84 for GeoJSON; no simplification, repair or rounding. Original source attributes retained separately."},"geometry":{"type":"Polygon","coordinates":[[[-114.07948295551428,51.080072065017994],[-114.07948250568842,51.080071558587235],[-114.07948195239887,51.08005093399541],[-114.07948193242623,51.08005021324094],[-114.07947857314456,51.07992493242102],[-114.07946097029415,51.079268649978125],[-114.08569720354157,51.07532171853287],[-114.08701103514503,51.074490061278055],[-114.08924275607846,51.073077276735944],[-114.09073420938229,51.07306479834195],[-114.09446522587258,51.074625879060406],[-114.09457631400994,51.0746723557836],[-114.0947584371215,51.074683521784074],[-114.09476010448725,51.074683623758695],[-114.09493427742477,51.07469430149798],[-114.09493828929115,51.074694126546255],[-114.09498591269526,51.0747558188882],[-114.09500465039915,51.0747800909156],[-114.09777037861798,51.07836250857294],[-114.09778567764413,51.078397268365556],[-114.10537202122389,51.07841130034794],[-114.1059046221248,51.078411164878354],[-114.10611156687628,51.078411112879465],[-114.10632329052142,51.0784110421712],[-114.10631900488751,51.079534059042544],[-114.10641280538785,51.07986025882814],[-114.10654310487493,51.08006135916236],[-114.10689530514132,51.080366958964696],[-114.10853330570716,51.08157675897038],[-114.10889310556959,51.081990459440384],[-114.10943790528881,51.082642558724075],[-114.11019020517612,51.08363265945616],[-114.11026560517567,51.083796359594444],[-114.11011350480727,51.084404258866236],[-114.10996410458702,51.08496725953765],[-114.10972440528714,51.08583385876887],[-114.10935410436112,51.08719185926979],[-114.10916000502971,51.08755585883106],[-114.10793110455788,51.08985505938237],[-114.10666840478285,51.09223435922863],[-114.10661950495665,51.09233215916215],[-114.10642590554664,51.092687158918075],[-114.10639462061111,51.0927470781987],[-114.10383737813991,51.09215208289608],[-114.10330669006362,51.092018853734515],[-114.10216429574224,51.09170010087017],[-114.10032969992585,51.09111769006229],[-114.09898429059156,51.09069401413138],[-114.09675308387749,51.09008608093738],[-114.09673041025424,51.09008083010518],[-114.09600731856914,51.08991337526261],[-114.0958019203885,51.08985455396126],[-114.09551983266992,51.089809446558974],[-114.09500282736474,51.08973650501164],[-114.09480297459156,51.08971393366823],[-114.09478024895823,51.08971136741846],[-114.09477802153506,51.089724486418646],[-114.09477484886973,51.08977636451186],[-114.09476969455382,51.090040379170254],[-114.094769076718,51.0903836548434],[-114.09476903323923,51.09040849120474],[-114.09474624971206,51.09177021456488],[-114.09476780592476,51.09341415860974],[-114.09476410579224,51.09666125940775],[-114.09478029585985,51.098023697827614],[-114.09472868314933,51.09856577261041],[-114.09450441197617,51.09954565622172],[-114.09390841055956,51.10065181992319],[-114.09319487192246,51.10147291558812],[-114.0924157128474,51.102102824376495],[-114.09132152140066,51.10285330459261],[-114.08867011033766,51.1041501059241],[-114.0871769415064,51.10496508552814],[-114.08638625653813,51.10552721560378],[-114.0858442580701,51.10596212500479],[-114.08488229218263,51.10688455554436],[-114.08412236345939,51.10796355416536],[-114.08361214987971,51.10886367931014],[-114.08349647212631,51.109163584914235],[-114.08235149456317,51.109005341937774],[-114.08224585714744,51.10899047430946],[-114.08164214509819,51.10890550184168],[-114.08103043871765,51.10891640762949],[-114.0801791633659,51.109051120421654],[-114.07961185559516,51.109234868822945],[-114.07907240166023,51.109482340563005],[-114.07880677951555,51.10966093368266],[-114.07845410494977,51.109971558913415],[-114.07817750465945,51.11027945876204],[-114.07778680495298,51.11080935991185],[-114.07751470451113,51.111045459216434],[-114.0771735044694,51.111243759400864],[-114.07679180565721,51.111405159498396],[-114.0762686051213,51.111544958992695],[-114.0757367050248,51.111594559216215],[-114.07519460428692,51.11158105904306],[-114.07455770436631,51.11148415913914],[-114.07398350440626,51.11129885931787],[-114.07326500563111,51.1109120592401],[-114.07298591990944,51.110788951841776],[-114.07283278224702,51.11072139984574],[-114.07231028236583,51.1106386964539],[-114.07147473502837,51.11060849706079],[-114.06884001600314,51.11061130213913],[-114.06658250431114,51.11060882274271],[-114.06439191922671,51.11059817826817],[-114.04985132609399,51.11059194971896],[-114.04924550145489,51.11060088835989],[-114.04893679971934,51.1106191734421],[-114.04707090112895,51.11061779445753],[-114.04707025582175,51.10956677219502],[-114.04699802559692,51.1086664499158],[-114.0469016471785,51.10783733791098],[-114.04680292222653,51.10712245826927],[-114.04668239981854,51.106364557237995],[-114.0465801543243,51.10582102609491],[-114.04639130201942,51.10507684884305],[-114.04617830562627,51.10440388066227],[-114.0460080304378,51.10385979471749],[-114.04585926191531,51.10337300986003],[-114.045664844115,51.10290013364493],[-114.04546954796446,51.102470094309936],[-114.04527425396033,51.102040054625014],[-114.04501210411449,51.10155234261046],[-114.04477146154906,51.10112193158226],[-114.04455232336333,51.10074882166618],[-114.04424306446343,51.10034641167997],[-114.04391230920922,51.09988669912315],[-114.04360247226181,51.09951284649078],[-114.04327025701173,51.09912452749658],[-114.04267240004772,51.098419839118456],[-114.04205276911048,51.097672124679136],[-114.04147703558333,51.096996175059125],[-114.04114603739701,51.096550733772496],[-114.04085945597329,51.09613533890809],[-114.03925747767298,51.0961287366606],[-114.0367920357428,51.09612155206221],[-114.03597039358957,51.096112662282884],[-114.0333804893147,51.09608460120192],[-114.0333049099705,51.09608448818842],[-114.03081658221329,51.096080752342864],[-114.0307080921648,51.09607897670806],[-114.03060085053413,51.096071747918224],[-114.03037703977587,51.09604197668394],[-114.03036627315726,51.09604054515428],[-114.03001026022525,51.0959954473875],[-114.02932633376136,51.09587450339815],[-114.0288260373521,51.095726263308876],[-114.02823574230274,51.095505231282736],[-114.02789559712689,51.0953583191233],[-114.02762408632805,51.09521197592309],[-114.0273306066887,51.09502222424936],[-114.02697091676835,51.094716653050746],[-114.02652602836098,51.094356832993185],[-114.02616125275057,51.094047121809794],[-114.02582354659557,51.09378495518046],[-114.02539433660496,51.093522025687456],[-114.02471199502104,51.09323934610267],[-114.0245517338781,51.093179916819345],[-114.02410313618635,51.093046218038516],[-114.02368761555871,51.09296008244079],[-114.02334293125166,51.092903661536944],[-114.02291326880619,51.09285914934953],[-114.02258748859707,51.09283840042496],[-114.02218617241506,51.092826584544056],[-114.02174808001473,51.09282467028839],[-114.0212367694089,51.09281309752687],[-114.0200638337745,51.09279986418376],[-114.01509184190995,51.09279702828522],[-114.0133253991144,51.092795969823534],[-114.01153915927628,51.09280038671779],[-114.00181220527605,51.092784959232894],[-114.00148385910244,51.09281560516149],[-113.99994292031893,51.09283160345608],[-113.99948415187535,51.09288531176425],[-113.99874993323266,51.09297988562915],[-113.99801477903708,51.09311767292963],[-113.99711699111914,51.09336932771526],[-113.99200427683529,51.094895886822336],[-113.990898959019,51.095217747344634],[-113.99020887344331,51.09538469144431],[-113.98910667311573,51.09556247720883],[-113.98814393131062,51.09564060004815],[-113.98729651877396,51.09567648794427],[-113.98452612824295,51.09575331745221],[-113.98260251620528,51.09582304485012],[-113.98173867835301,51.095850105042814],[-113.98173860000837,51.0954695368656],[-113.9817354828259,51.08046468617681],[-113.9817127768467,51.07661405510103],[-113.98174663614878,51.0726288107854],[-113.98169654099257,51.066959726898844],[-113.98169639868117,51.066800880796706],[-113.98169631278613,51.066706481035],[-113.98169545108426,51.06574848327686],[-113.98169263607168,51.06262351729773],[-113.98169024296179,51.059968602184966],[-113.98168985277472,51.05954663341695],[-113.98168748881729,51.05699609776826],[-113.98168725133168,51.056739989676835],[-113.98168723403381,51.05528641790463],[-113.98168723262971,51.05518340203072],[-113.9816872225447,51.05431307802033],[-113.98169032470801,51.053877303852246],[-113.98168582373846,51.05228910384005],[-113.98168565588244,51.0522297914666],[-113.9816853980405,51.05213898400559],[-113.98168533271074,51.05211573605616],[-113.98168480714729,51.05209088994943],[-113.98168442636711,51.05207291379143],[-113.98168162905903,51.05194085768275],[-113.98166451898433,51.05113281865104],[-113.98160169694448,51.04816579867938],[-113.98160113646833,51.048139293329655],[-113.9815795593694,51.04557679480174],[-113.98157633230167,51.04519356636687],[-113.98157390509138,51.04515775872807],[-113.98165560485889,51.04398625910341],[-113.98163040462198,51.042484759054275],[-113.98161960388785,51.04098285871519],[-113.98161660370052,51.039381858472986],[-113.98162468294002,51.038936866667065],[-113.9816098546152,51.03784867191197],[-113.98364241570968,51.0378505461405],[-113.98661786697011,51.0378243109397],[-113.9894707125347,51.03780818165505],[-113.99304423489336,51.03782566329196],[-113.99390053123666,51.03780533889318],[-113.99487524126926,51.03767754991262],[-113.99562306072676,51.03754719484062],[-113.99762893851447,51.03718372965605],[-113.99871042461602,51.03711129553253],[-113.9997907363387,51.03709331142472],[-114.00266576985392,51.03703647928753],[-114.00430813542731,51.03703417849457],[-114.00507935085095,51.03703274653089],[-114.00672954355613,51.037036860333636],[-114.010137639948,51.03698265479539],[-114.01194842833965,51.037215097959496],[-114.01236912128708,51.03727186467026],[-114.01367214056454,51.037447677726796],[-114.0136536853104,51.03749982476343],[-114.01359350402798,51.03766988431877],[-114.01356536161538,51.03774943872548],[-114.01351179319795,51.0379008255157],[-114.01349382544103,51.037930335603164],[-114.01340809043782,51.03807108344117],[-114.01326706374832,51.038302651813204],[-114.01295351541624,51.038654780943816],[-114.01276899406082,51.03873182581953],[-114.01238616164801,51.038850386854044],[-114.01223750911849,51.0389366709602],[-114.0121057863597,51.03904805827897],[-114.01200292933373,51.039182883800564],[-114.01194325153087,51.03932049702016],[-114.01187763963746,51.03944874254595],[-114.01175369646275,51.039553587448886],[-114.0114378202195,51.039727051136495],[-114.01119339905155,51.03993558708158],[-114.01078507120354,51.0402423037488],[-114.01027547774164,51.04050410374764],[-114.01022809684532,51.04066152215687],[-114.01027466465007,51.04080505154779],[-114.01052607726422,51.041207342037325],[-114.0107323485589,51.04147647141536],[-114.01106050886496,51.04217214230599],[-114.01119302591985,51.04228050957641],[-114.01144450319475,51.04233393585273],[-114.0120878211272,51.04235243580157],[-114.01220203947264,51.0423557205296],[-114.01221716676716,51.042356155165315],[-114.0122170129371,51.04235667835017],[-114.01196693484073,51.04432997989583],[-114.01194490916757,51.044503777823365],[-114.01191269817066,51.044757929232574],[-114.01190549684979,51.044814749314256],[-114.01372018864832,51.04557924115141],[-114.01450961258743,51.045911791828566],[-114.01565307163622,51.04645951812035],[-114.01627987439412,51.046890281382105],[-114.01677181906115,51.047267218084386],[-114.01708758977765,51.04761787552034],[-114.01716059850358,51.047710835666074],[-114.01730791063495,51.047898405826174],[-114.01733202358767,51.047937843246494],[-114.01733245952408,51.04793855492088],[-114.0173326099034,51.047938799985076],[-114.0175143785589,51.04823608069897],[-114.01782912635865,51.04894478289372],[-114.01892657727198,51.05236169077027],[-114.01909196497084,51.05283965942628],[-114.0193418115251,51.05350625734947],[-114.01978285123067,51.05430992444878],[-114.01998531937544,51.05467885540962],[-114.02006482719952,51.054823727191206],[-114.02078779835044,51.05595296604728],[-114.02365787176304,51.05925777098179],[-114.0239581131744,51.059603458834864],[-114.02536924317371,51.061350848503196],[-114.02605101255895,51.06234196286599],[-114.0265774823307,51.063174682331045],[-114.02694684254784,51.06393468353136],[-114.02716117762903,51.064522013394544],[-114.02719662232873,51.064993601447185],[-114.02720820896269,51.065522117207045],[-114.027100102862,51.06634113653276],[-114.0270057385716,51.066917781946714],[-114.02893809538041,51.06696710595299],[-114.03169262138375,51.06698995709991],[-114.03924963850388,51.066989940924536],[-114.0424831020139,51.066999518984986],[-114.05079756230438,51.06694130183437],[-114.05616681999035,51.06695360174215],[-114.06251941665872,51.066941412977926],[-114.06747226081121,51.06693095368616],[-114.06747110549061,51.06701580065762],[-114.06747110431571,51.06701585912384],[-114.06748720486324,51.06788875918287],[-114.06747260518941,51.06879685939173],[-114.06747170468599,51.069714359170334],[-114.06747140600955,51.07062285927235],[-114.06747100485435,51.07153125945997],[-114.0674992049947,51.07244045893651],[-114.06748680531999,51.07331265943483],[-114.0674848057438,51.07424805945554],[-114.06748330462723,51.075174558834455],[-114.0674983052233,51.076065358614784],[-114.06749910551041,51.07695585966024],[-114.06749930485992,51.07785535830581],[-114.06750060500553,51.078736958605006],[-114.0675008053297,51.07963645878917],[-114.06750160482552,51.08052695929535],[-114.06751100447947,51.08150755977983],[-114.06811090469442,51.08150465888792],[-114.06842407083033,51.08150683912478],[-114.07157950549998,51.08152875895967],[-114.07994920405307,51.08150446000721],[-114.07994250462427,51.08070365932958],[-114.07984260537846,51.080476259193084],[-114.07948295551428,51.080072065017994]]]}},{"type":"Feature","properties":{"name":"Calgary-Bow","originalGeometryName":"Calgary-Bow","displayName":"Calgary-Bow","divisionNumber":3,"sourceProperties":{"EDNumber20":3,"EDName2017":"Calgary-Bow","Km2":34.85115051,"Hectares":3485.11499023,"Acres":8611.90722656,"Authority":"Legislative Assembly of Alberta","Shape_Leng":32662.6329098,"Shape_Area":34851150.3468},"level":"provincial","effectiveFrom":"2019-03-19","sourceUrl":"https://www.elections.ab.ca/resources/maps/","licenceUrl":"https://www.elections.ab.ca/terms-conditions/","geometryProcessing":"Original source vertices, coordinate projection converted to WGS84 for GeoJSON; no simplification, repair or rounding. Original source attributes retained separately."},"geometry":{"type":"Polygon","coordinates":[[[-114.24988752835836,51.100513206735705],[-114.24965019298308,51.10044910335704],[-114.24941516127889,51.10034821930503],[-114.24920037617565,51.10017582608642],[-114.24916306398927,51.10014587773937],[-114.24902625816382,51.100109741589094],[-114.24896568303737,51.10009951706295],[-114.2485790256603,51.10003425163623],[-114.24820956726093,51.099922058463875],[-114.24771339505557,51.09970825559322],[-114.24675823918508,51.09929666404275],[-114.24625732199718,51.099016819008696],[-114.24623938918937,51.09900788541401],[-114.24585321280581,51.09881548998818],[-114.24572158612689,51.098749903097584],[-114.24553379317257,51.0986246062933],[-114.24524082620022,51.098318961748845],[-114.24497474831959,51.09813247087419],[-114.24493990585292,51.0981165071708],[-114.24427152209032,51.09781026404608],[-114.24388483136364,51.097692903394915],[-114.24323138657383,51.097533935407306],[-114.24224458140085,51.09741308382071],[-114.24073994262483,51.09714909683336],[-114.23973438714403,51.097015025499005],[-114.23812609676061,51.09691438664694],[-114.23775362495105,51.09689309047313],[-114.2359532138148,51.0969088841363],[-114.2352061612679,51.09694247807285],[-114.23441961888409,51.09705848929574],[-114.23437600591015,51.097064922013125],[-114.23431713569789,51.09707361268086],[-114.23411464481202,51.09717876178908],[-114.23408873623677,51.09718423893421],[-114.23293128962246,51.09742886441643],[-114.23292329769282,51.09743161067632],[-114.23207034838371,51.09772470972516],[-114.2307571798152,51.09814070954294],[-114.22916478086483,51.09880809658746],[-114.22898807797526,51.09884806533555],[-114.22886574922055,51.098875734908766],[-114.22869408350066,51.09888290959882],[-114.22867957370134,51.09888158321003],[-114.22818874169081,51.09883672183437],[-114.22757850015333,51.09881232921931],[-114.22742420616561,51.09880616131239],[-114.22536703241997,51.09864914825141],[-114.22514927320735,51.09864543650391],[-114.22410428491142,51.09862761940571],[-114.22259956866647,51.09857593622187],[-114.2225246654847,51.098573364561304],[-114.22211583100453,51.09855932722699],[-114.22201648326568,51.09855591609699],[-114.22027155396539,51.098556550468466],[-114.21915543251583,51.09855694195416],[-114.21906714302295,51.098556780499166],[-114.21782543118508,51.098554502259226],[-114.21758252049497,51.09855405456856],[-114.21654334881238,51.09855213553883],[-114.21587653669556,51.098586549415195],[-114.21561816790229,51.098599883089776],[-114.2152145079539,51.098602004375934],[-114.21385803850663,51.098609122475835],[-114.21333643739469,51.098588636701365],[-114.21176989078776,51.09852709698005],[-114.21111194838338,51.098471818812875],[-114.21082478741933,51.098447683866354],[-114.21066641202255,51.09843438093642],[-114.2103911331619,51.09841123914637],[-114.21038997468902,51.098411141361446],[-114.21038810186242,51.09841095868659],[-114.21038247779451,51.098410487091236],[-114.21021968394847,51.09839682535668],[-114.20982889032615,51.09829146444698],[-114.20871836719802,51.09826035444181],[-114.20735105191316,51.098039386894335],[-114.20673683820887,51.09791512291534],[-114.2060514253255,51.09770622513152],[-114.20479807093864,51.09736095431603],[-114.20409851667185,51.09719914165193],[-114.20373443195147,51.097196683335284],[-114.20282944508247,51.09729135503041],[-114.20197079375123,51.09738359307918],[-114.20036023258194,51.09769489715235],[-114.20006101362074,51.09775934165031],[-114.19982677097737,51.09780978769618],[-114.19958627675227,51.09786158037869],[-114.19951270960097,51.097877419099156],[-114.19933746488815,51.097898180513674],[-114.19905124500083,51.09793209040976],[-114.19797565213878,51.09796185140218],[-114.19607028451863,51.09795674798139],[-114.19500843870799,51.097891342216386],[-114.19397191001205,51.097777703024],[-114.19319025207128,51.09764695506635],[-114.19260248418111,51.09749600691159],[-114.19139381279479,51.09704501973586],[-114.1910567359054,51.09688932905155],[-114.18979919420525,51.096142180546444],[-114.18957127785671,51.09600676804916],[-114.18952467145272,51.095961270859796],[-114.18917719923095,51.09562212888584],[-114.18884221985702,51.095215625745766],[-114.18873184560951,51.09505438673668],[-114.18850189709309,51.09482122571084],[-114.18830449078543,51.09440381252961],[-114.18815257406685,51.094318238966714],[-114.18804947098526,51.09419733540123],[-114.1879658389159,51.093881986669544],[-114.18789841269383,51.09373814228359],[-114.18784741319261,51.09368741231277],[-114.1877865551625,51.09362689079811],[-114.18772430919921,51.093480968196566],[-114.18759733541108,51.09302085791263],[-114.18755906437295,51.09295764503792],[-114.18743879337245,51.092758955161315],[-114.18731678748009,51.092473560821766],[-114.18714181970263,51.09221634829893],[-114.18682171702623,51.09167191006135],[-114.18663818052599,51.09141358098881],[-114.18622885771968,51.09057805168713],[-114.18613096675273,51.09045450984384],[-114.18597995525118,51.09036780614626],[-114.18556504583304,51.090255161688106],[-114.18443680626709,51.089847890006304],[-114.18389888411056,51.08962336168998],[-114.18187056038171,51.08886201333075],[-114.1816178387686,51.08873196205885],[-114.18154696152385,51.08869549746236],[-114.18100629725258,51.088479599827295],[-114.18054126561812,51.088219445161236],[-114.18035374251001,51.088154645623334],[-114.17972862631623,51.0879969541965],[-114.1795732840227,51.087912413112115],[-114.17930344545881,51.087719832117216],[-114.17913516755287,51.08763788318869],[-114.17883678085393,51.08745694858954],[-114.17801278788124,51.08703972855749],[-114.17783568392599,51.08696956812171],[-114.17735006522149,51.08671084455521],[-114.1768155997044,51.08648850993745],[-114.1762437152214,51.08629018084467],[-114.17606516082184,51.08624705804314],[-114.17581238741907,51.086186005982256],[-114.17542264416693,51.086063270476004],[-114.17489610889359,51.08583231604715],[-114.17452909725604,51.08569081904121],[-114.17352763214978,51.085388329286275],[-114.17276322642252,51.08512187123372],[-114.17256093546399,51.08506663897728],[-114.17229084518685,51.08505140641092],[-114.17205729003786,51.08501323265796],[-114.17166147729222,51.084894187557616],[-114.17074546475524,51.08473457434826],[-114.16991998602006,51.08451570931376],[-114.16876099309671,51.084317806270974],[-114.16755803193948,51.08396762613845],[-114.16736803308027,51.08390003877787],[-114.16721099935708,51.08381601333967],[-114.16695431061345,51.08361434179233],[-114.16685220002611,51.083493451381855],[-114.16672075434359,51.083214450997666],[-114.16668640604456,51.083051948524535],[-114.16671117510917,51.08269421959571],[-114.16679518711123,51.0823726906706],[-114.16696063826322,51.08210265765781],[-114.1677174063361,51.081467780305836],[-114.1645648969664,51.08144664149146],[-114.15685260479769,51.081413659249485],[-114.15682637744015,51.08147766141692],[-114.15220128601416,51.081456828301455],[-114.15218864466807,51.079444976195916],[-114.15217293854867,51.076945466456934],[-114.15215673825305,51.07608931398587],[-114.15206319457123,51.07535270852332],[-114.1519201737023,51.07478230302251],[-114.1517176015537,51.0742406344065],[-114.15140706649161,51.07363309783076],[-114.15083140687483,51.072779617429745],[-114.14826226214397,51.06916377455842],[-114.14806956142772,51.06884545929569],[-114.14798260696891,51.06863288940105],[-114.14787630488473,51.06832335856216],[-114.14794222854331,51.06696464770238],[-114.14790512413997,51.06648950265337],[-114.14784798449237,51.06598887277872],[-114.14781433407346,51.06520994458837],[-114.14789110538315,51.06483375929003],[-114.14806511871214,51.06451716558782],[-114.14844835299819,51.064062655684495],[-114.14907699989469,51.063382168005504],[-114.150201105962,51.06230978329955],[-114.15069478602807,51.0618387988585],[-114.1519164282353,51.06068772546028],[-114.15158741254454,51.060102819481855],[-114.15119265122708,51.059593767952],[-114.15101213519614,51.059360980714786],[-114.15058219370624,51.058875245172594],[-114.1502938056086,51.05853678771583],[-114.14929974208776,51.05799412907151],[-114.14833163288714,51.0575456452774],[-114.14763365173593,51.05724877393382],[-114.14695498074984,51.056934787267295],[-114.14589552876632,51.05665638088251],[-114.14540694137197,51.056592729163015],[-114.14451096131198,51.05641198079243],[-114.1438736447497,51.056247019634476],[-114.14159298112946,51.05582781893144],[-114.14131174156822,51.05574271612519],[-114.14119744586422,51.05570812883067],[-114.14118562393331,51.055705964737584],[-114.14118559232816,51.05569424692236],[-114.14118153854398,51.055587601973194],[-114.14117863408833,51.05551119188435],[-114.14117766773752,51.053975262647974],[-114.14117717666232,51.053193129662226],[-114.1411771732791,51.053188296863276],[-114.14117463996178,51.052393409206154],[-114.14117466554747,51.05239210314156],[-114.14117674073003,51.05228438853539],[-114.14117704893592,51.0522683433248],[-114.14119901486892,51.05226845435128],[-114.14188515074646,51.052271934043276],[-114.14249311545238,51.05227321778337],[-114.14298377167282,51.05227469889639],[-114.14298159280195,51.05208590514223],[-114.14298161613995,51.052083480829495],[-114.1429846978958,51.05176016003621],[-114.14298862536184,51.051348329714656],[-114.14298865398098,51.05134530988989],[-114.14298598274758,51.05094725746154],[-114.14296134723607,51.050547424624675],[-114.14298990574407,51.05054725979484],[-114.14300460514704,51.04961215882553],[-114.14300290593572,51.04871265881346],[-114.14299530509628,51.047678058495855],[-114.14300620460027,51.046805859694494],[-114.14302830531653,51.046446559078],[-114.14335460552253,51.04601375911499],[-114.1434166062005,51.04593435933867],[-114.14344805030541,51.04588823667705],[-114.14461471446555,51.04624051139187],[-114.14466805694573,51.04625762399959],[-114.1468893241939,51.046970198568395],[-114.14923625131158,51.047691353423446],[-114.14925254202868,51.04769637225663],[-114.15275734320672,51.04877593197937],[-114.15281776055015,51.04879695781156],[-114.1532127603931,51.048909201918555],[-114.15383788108036,51.04910782845282],[-114.15521340483663,51.049542561111515],[-114.15771108345069,51.05031217580454],[-114.16099378358288,51.05132356159396],[-114.1635630419233,51.052132769849116],[-114.16392533459656,51.05227092427257],[-114.16428567117657,51.05242025667299],[-114.16445193852275,51.052524762492574],[-114.16466777376947,51.05265846062353],[-114.16500872386064,51.052890573051585],[-114.16529731274949,51.053074695356344],[-114.16564870955195,51.05328015183217],[-114.1659936264336,51.05343173033868],[-114.1661156547196,51.05347843944769],[-114.16646880806393,51.053613615826364],[-114.16706959478618,51.05377856495143],[-114.167717531976,51.05388188530555],[-114.16856002913075,51.053903356878116],[-114.16922240611746,51.05386398638243],[-114.1696994587534,51.05381441648866],[-114.17119008961103,51.05347192551518],[-114.17304540304116,51.053096688942404],[-114.17715051814916,51.05220767759641],[-114.17816183293986,51.05203825775248],[-114.1791998969692,51.05193963099621],[-114.17981569866184,51.05196160814877],[-114.18158300555157,51.052177458695176],[-114.18179990461373,51.05222375952895],[-114.18354650512605,51.05242275909705],[-114.18414781665109,51.05248622684308],[-114.18470761665377,51.05250778636875],[-114.18568782001321,51.052508377264715],[-114.18591091232635,51.05250851087502],[-114.18619490584003,51.05252265959217],[-114.18777777339551,51.052491237715536],[-114.18804278931623,51.05248597478468],[-114.18807075757739,51.052485418794],[-114.18921387726323,51.052462710437425],[-114.18926680528782,51.05246165888589],[-114.20853390558257,51.05243805938972],[-114.21017480607487,51.052441259078876],[-114.23434180517002,51.05242443536964],[-114.23441406477716,51.05242565539299],[-114.23441141113219,51.0528009229189],[-114.23440978741533,51.053030451764265],[-114.23440685596981,51.05366008456055],[-114.2344067429316,51.053975271440606],[-114.23440665362091,51.05422565534885],[-114.23440660808126,51.0543458800504],[-114.23440648952905,51.05461984904512],[-114.23440635098056,51.05495094725541],[-114.23440534175352,51.057389126075435],[-114.23440454672205,51.05965401556437],[-114.23440618834066,51.05989282169691],[-114.23433421497852,51.059847666251386],[-114.23433430413174,51.05996333875716],[-114.23433449617923,51.06042605106976],[-114.23440838108536,51.060472297670415],[-114.23441378196375,51.065947726087956],[-114.2344142990746,51.066471318909336],[-114.23437999255503,51.06684884048059],[-114.23434127945694,51.06727481438326],[-114.23434802680055,51.074306832871834],[-114.23435417908487,51.081000718171225],[-114.23435428299638,51.081159679799946],[-114.23435446765012,51.081436091092975],[-114.23435451476969,51.08150565497278],[-114.23529365924708,51.081508762137574],[-114.2357251151354,51.08151018920454],[-114.24586588220899,51.08154378423061],[-114.2523967643534,51.08153957931503],[-114.25306341297942,51.081539127519086],[-114.2533527434576,51.08153892554382],[-114.25446089244475,51.08153940541087],[-114.25564567607928,51.08154188668718],[-114.2582796782701,51.08154649410991],[-114.25827831639579,51.080182196707575],[-114.25827846506529,51.078800130409974],[-114.25840892010774,51.078838858764165],[-114.25898938999525,51.07901114518967],[-114.25957998585488,51.07918725323698],[-114.25997148573373,51.07921397677027],[-114.26012363203662,51.079224358749116],[-114.2603291473882,51.07923837979965],[-114.26166059118687,51.07932926407906],[-114.26186590844154,51.07942669332644],[-114.26306151255332,51.07999412861389],[-114.26431051598762,51.08058685187543],[-114.26495910647495,51.08089464106126],[-114.26612241998482,51.080894455835356],[-114.2670493520127,51.08089428859854],[-114.26704969070857,51.08035315642973],[-114.26704974514956,51.080237636563936],[-114.26704984838757,51.080060279400115],[-114.26704986865697,51.080032785552994],[-114.26704988902566,51.0800052854091],[-114.26704991536846,51.079950292227586],[-114.26705011228805,51.07961696881829],[-114.26719370867744,51.07902786673891],[-114.26800980679481,51.07956356240927],[-114.26805645285678,51.07959418042994],[-114.26812119930473,51.07960634373692],[-114.26834585393705,51.079648565419376],[-114.2683757994977,51.079654185595814],[-114.26843130434266,51.079664637404356],[-114.26879839656404,51.07973362955041],[-114.26884359265217,51.07974211760075],[-114.26908821223844,51.079788097154875],[-114.26908818183391,51.07980271567615],[-114.269087993949,51.07988533495938],[-114.26908496720203,51.08125203492596],[-114.26908436770925,51.081520285808715],[-114.26910953369861,51.08152023533784],[-114.27274273070412,51.081512110562],[-114.27285577945494,51.08151185928191],[-114.27971935755697,51.08149673570836],[-114.2804714637036,51.08149505368932],[-114.28054540640018,51.081494798972166],[-114.2808310937403,51.08149379497261],[-114.28147263853441,51.081494429226105],[-114.28424566221159,51.08149629943435],[-114.28657594255324,51.08149793074687],[-114.29231685878213,51.08150236222731],[-114.29231704614568,51.08718358178917],[-114.29231707890057,51.088202144774634],[-114.29231891303507,51.088874746229365],[-114.29231923728265,51.088993898024796],[-114.29231907634637,51.08902129109434],[-114.2923143927619,51.08983744163908],[-114.29231624559257,51.094323590192516],[-114.29231657010014,51.095108989272546],[-114.29231686791398,51.09583361136163],[-114.29231594748599,51.0959491246585],[-114.29231535344523,51.09612842224669],[-114.2923014843985,51.09612839317588],[-114.28775715507012,51.0961188527952],[-114.28560504579943,51.09611658923684],[-114.28082310267219,51.09611463998388],[-114.28080643322474,51.098189125982316],[-114.28080639327314,51.09834742195993],[-114.28081198562177,51.09950642251332],[-114.28081682681537,51.10056769275512],[-114.2807987550099,51.10056725143889],[-114.28079365040446,51.10056712648061],[-114.2807711995757,51.10056657635971],[-114.28075392050003,51.10056615160779],[-114.2805365550716,51.10056081912659],[-114.28001445865463,51.100548045187686],[-114.27881441467291,51.10050833184938],[-114.27847183586962,51.10049699280969],[-114.27603881889394,51.100416432130444],[-114.27395754864949,51.100409290606116],[-114.27259229745746,51.10037400290221],[-114.27226061084089,51.10036542754225],[-114.27189925171356,51.10035608352086],[-114.2710029352322,51.10036300041548],[-114.27059629097084,51.100394128632196],[-114.2699749860944,51.10051996760477],[-114.26955395409367,51.10059935909365],[-114.26947733530874,51.10061380673769],[-114.26905656741168,51.10063901278853],[-114.26877709613429,51.10063300658487],[-114.2681185233176,51.10058451552439],[-114.26795454275805,51.10058140547114],[-114.26775929075872,51.10057770262335],[-114.26752487784843,51.10060548067067],[-114.26732156803703,51.100629572238304],[-114.26723819387277,51.10063945194649],[-114.26693549730845,51.10070871638043],[-114.26648712296912,51.10092313497804],[-114.26553773510203,51.101372083606265],[-114.26466707066945,51.10164965728284],[-114.26437642621832,51.10172070105566],[-114.26397421247256,51.10181901340986],[-114.26391896358508,51.10182214979839],[-114.26348465201322,51.10184680615076],[-114.2627161060085,51.10195418700723],[-114.26223359987885,51.10202160003295],[-114.26087829117834,51.10215494852261],[-114.26050772905997,51.10217869775616],[-114.25988288443001,51.102218741447366],[-114.25885196153557,51.10228480079761],[-114.2581226130645,51.10228154189947],[-114.25764326513607,51.10222536130938],[-114.25760847178499,51.102217554887105],[-114.25743088981903,51.10217774398774],[-114.2573218128074,51.10215328980094],[-114.25681198703253,51.102038999800186],[-114.25583968333348,51.10188028581685],[-114.25576896792471,51.10186874263382],[-114.25569405674958,51.10185350678716],[-114.2547446263774,51.10166040673387],[-114.25400054121954,51.10151401891223],[-114.25377387296602,51.10147910069041],[-114.2528189545499,51.10133198748988],[-114.2523593796378,51.10124796154894],[-114.25219528941432,51.101183723552744],[-114.2516567288928,51.10097288432958],[-114.25099808384911,51.10078816816946],[-114.25088573626302,51.10075528464334],[-114.25077101278166,51.10072169038521],[-114.25033715494897,51.10063464472959],[-114.2502606876855,51.10061399505025],[-114.25011249060961,51.100573973684845],[-114.25000000649425,51.100543593843895],[-114.24988752835836,51.100513206735705]]]}},{"type":"Feature","properties":{"name":"Calgary-Varsity","originalGeometryName":"Calgary-Varsity","displayName":"Calgary-Varsity","divisionNumber":25,"sourceProperties":{"EDNumber20":25,"EDName2017":"Calgary-Varsity","Km2":24.01255989,"Hectares":2401.25585938,"Acres":5933.6328125,"Authority":"Legislative Assembly of Alberta","Shape_Leng":27461.5698994,"Shape_Area":24012559.4053},"level":"provincial","effectiveFrom":"2019-03-19","sourceUrl":"https://www.elections.ab.ca/resources/maps/","licenceUrl":"https://www.elections.ab.ca/terms-conditions/","geometryProcessing":"Original source vertices, coordinate projection converted to WGS84 for GeoJSON; no simplification, repair or rounding. Original source attributes retained separately."},"geometry":{"type":"Polygon","coordinates":[[[-114.15447866851918,51.10092567498443],[-114.15370056872443,51.100536649362105],[-114.15287854589057,51.100095737031026],[-114.15232256436937,51.099753091372136],[-114.15125070579347,51.09910399578553],[-114.15018730785924,51.09843956109744],[-114.14945335433833,51.09802891037773],[-114.1459469035222,51.10041973324942],[-114.1452980143756,51.100848834756995],[-114.14333413784034,51.1021965266982],[-114.14274985153247,51.10259581981617],[-114.14235951328288,51.102905727438234],[-114.14183837018324,51.103355925067866],[-114.14138130927851,51.103806590967686],[-114.1412989494258,51.10392705904657],[-114.14113291977351,51.10423860969206],[-114.14093334374962,51.104630628889964],[-114.14083046926258,51.10499309079268],[-114.1407443649568,51.105315317300445],[-114.14068824918219,51.105748747825885],[-114.14066193671636,51.10630346930662],[-114.14061735438399,51.10697912930793],[-114.14057838212108,51.107352149694066],[-114.14049058742627,51.10776516788314],[-114.14035322013315,51.108258536755145],[-114.14025108142128,51.10858064576075],[-114.14011745177372,51.108872254654756],[-114.1399927015712,51.10906541551235],[-114.13928712821837,51.10877144940648],[-114.13821732130566,51.10833040782772],[-114.13720459693694,51.10790421641506],[-114.13570261169218,51.10727225807245],[-114.13437130857264,51.10671373810125],[-114.13322200894272,51.106235964824435],[-114.13265303420879,51.10600072526638],[-114.13200474875079,51.10571435918137],[-114.13105000949129,51.1052596667594],[-114.13028898646294,51.1048713822685],[-114.12949452708644,51.10443230792185],[-114.12860944616071,51.10393479743101],[-114.12755417066349,51.10334215878945],[-114.12719655983916,51.103121284381416],[-114.12584226552303,51.10236835032698],[-114.12385216546154,51.101249023361696],[-114.12084469973702,51.09956027963791],[-114.11922937605517,51.098624588931344],[-114.1182882961873,51.09801767420869],[-114.11701825973833,51.097217849477246],[-114.11650139364386,51.096889855849916],[-114.11555445811737,51.09627372989415],[-114.11398616313667,51.09526215345257],[-114.11310405209616,51.09474133267843],[-114.11264050932859,51.09447122797857],[-114.11235619311321,51.09431673379017],[-114.11201086284902,51.0941903392766],[-114.11162091078131,51.09402552024533],[-114.11107997347462,51.09385003046565],[-114.11058384250978,51.09370344281884],[-114.11017750402608,51.093605140699054],[-114.1094848566372,51.09345705252321],[-114.10846110202712,51.09323026779127],[-114.10639462061111,51.0927470781987],[-114.10642590554664,51.092687158918075],[-114.10661950495665,51.09233215916215],[-114.10666840478285,51.09223435922863],[-114.10793110455788,51.08985505938237],[-114.10916000502971,51.08755585883106],[-114.10935410436112,51.08719185926979],[-114.10972440528714,51.08583385876887],[-114.10996410458702,51.08496725953765],[-114.11011350480727,51.084404258866236],[-114.11026560517567,51.083796359594444],[-114.11019020517612,51.08363265945616],[-114.10943790528881,51.082642558724075],[-114.10889310556959,51.081990459440384],[-114.10853330570716,51.08157675897038],[-114.10712397265632,51.08053585429913],[-114.10689530514132,51.080366958964696],[-114.10654310487493,51.08006135916236],[-114.10641280538785,51.07986025882814],[-114.10631900488751,51.079534059042544],[-114.10632329052142,51.0784110421712],[-114.10632759041368,51.07728421710191],[-114.10632795415734,51.077188833968584],[-114.10632830558427,51.077096758646036],[-114.10632823940642,51.07708670217644],[-114.1063256051786,51.076682959102],[-114.10632619960067,51.076545948656154],[-114.10632880496415,51.07594545976728],[-114.10633060413201,51.07545975902737],[-114.10632358309428,51.075075427620234],[-114.10633004928445,51.07492908707306],[-114.106332407059,51.07487570627404],[-114.1063235916548,51.07470951300076],[-114.10631992383827,51.074640382343205],[-114.10631900580492,51.074272159381415],[-114.1063147673087,51.074272168360224],[-114.10630039101578,51.074272196992446],[-114.10497670467278,51.07427485950071],[-114.10468019587931,51.07427502505739],[-114.10461980481844,51.07427505909087],[-114.10461974005372,51.074264134490605],[-114.10461360486482,51.07323145953539],[-114.10461150488835,51.07234995897343],[-114.10459760856321,51.07148481930814],[-114.10459690519087,51.07144105900742],[-114.10459710432245,51.070523659278116],[-114.10459560523009,51.06963305873994],[-114.10458040492371,51.068733258831486],[-114.1045907648547,51.06803284269766],[-114.10459370530364,51.06783405944843],[-114.10612182202607,51.06783900081761],[-114.10626370453313,51.067839458692085],[-114.10633082180583,51.0678386287112],[-114.1063130823798,51.06696521515283],[-114.11249082431512,51.06698953007252],[-114.11540346632667,51.06696967543123],[-114.1179253430646,51.06697109345939],[-114.11794241678923,51.0669709263244],[-114.11794198970946,51.06691129255998],[-114.11791822425565,51.06359481607372],[-114.11792498727708,51.0632985395609],[-114.11794095614769,51.06259891474992],[-114.1179458858219,51.06238293816403],[-114.117966362682,51.06079223397917],[-114.1179995158169,51.06008270684911],[-114.11802063814456,51.0596306410364],[-114.11802084481377,51.05962622544667],[-114.118678591975,51.059625482323334],[-114.11963186148375,51.05962406137005],[-114.12030889876371,51.05962303334008],[-114.1227712494991,51.05961930455041],[-114.12277136184484,51.05941930124537],[-114.12305830557035,51.05941933224584],[-114.12305828636931,51.05946039718513],[-114.12420851652853,51.05965336757361],[-114.12478606774667,51.05944420059163],[-114.1257251239511,51.05944266400191],[-114.12578648589027,51.0593562428043],[-114.12583292871764,51.05928488663014],[-114.12688429142739,51.05957596332715],[-114.1273093625948,51.05971300616308],[-114.12760419486456,51.05975460967392],[-114.12780425212068,51.05975168554382],[-114.12796554429998,51.05973392856476],[-114.12813322841056,51.05969317161301],[-114.12845254926785,51.05959565629561],[-114.12847837043027,51.05958777111885],[-114.12805315020022,51.05957960415803],[-114.12788940618748,51.05957645912471],[-114.12788928649374,51.05957067275891],[-114.12787150510239,51.05871245932375],[-114.1278980047764,51.057822659348616],[-114.1278665048477,51.05694935917819],[-114.1278815053729,51.056014258983325],[-114.1278790278884,51.05503546217127],[-114.127878945372,51.05500262170816],[-114.12787870572177,51.054907859002704],[-114.12794065091163,51.05492404931814],[-114.12794653117332,51.05491656154577],[-114.12840190163107,51.05449969023412],[-114.12946649644948,51.053525065655506],[-114.1295641417792,51.05355678042653],[-114.12983376184681,51.0536443422622],[-114.13000148306855,51.053727090416615],[-114.13059767129648,51.05410064483497],[-114.1316842958035,51.054560167949],[-114.13176013231279,51.05458389032601],[-114.13228342619281,51.05474758100802],[-114.13297192925532,51.054880464817266],[-114.13348558690953,51.05494443906283],[-114.13402609017484,51.05498436781203],[-114.13430136781393,51.05498987779826],[-114.13479911591928,51.05495212231128],[-114.13508418010997,51.05496389680222],[-114.13531783273186,51.05500651617307],[-114.13550932278834,51.05507159988266],[-114.13576894840507,51.055079316165234],[-114.13598676102713,51.0550407745456],[-114.13617996718604,51.0549770906286],[-114.13630100743944,51.05487050989343],[-114.13647823950295,51.05485611022942],[-114.13738814807395,51.05504527092619],[-114.13796469662,51.055246554606654],[-114.13882297335446,51.05545840578636],[-114.13954550967064,51.05556363842038],[-114.1403359943117,51.05563529675737],[-114.14095405800762,51.055663573978094],[-114.14102481872614,51.05567652951564],[-114.14119744586422,51.05570812883067],[-114.14131174156822,51.05574271612519],[-114.14159298112946,51.05582781893144],[-114.1438736447497,51.056247019634476],[-114.14451096131198,51.05641198079243],[-114.14540694137197,51.056592729163015],[-114.14589552876632,51.05665638088251],[-114.14695498074984,51.056934787267295],[-114.14763365173593,51.05724877393382],[-114.14833163288714,51.0575456452774],[-114.14929974208776,51.05799412907151],[-114.1502938056086,51.05853678771583],[-114.15058219370624,51.058875245172594],[-114.15101213519614,51.059360980714786],[-114.15119265122708,51.059593767952],[-114.15158741254454,51.060102819481855],[-114.1519164282353,51.06068772546028],[-114.15069478602807,51.0618387988585],[-114.14907699989469,51.063382168005504],[-114.14844835299819,51.064062655684495],[-114.14806511871214,51.06451716558782],[-114.14789110538315,51.06483375929003],[-114.14781433407346,51.06520994458837],[-114.14784798449237,51.06598887277872],[-114.14790512413997,51.06648950265337],[-114.14794222854331,51.06696464770238],[-114.14787630488473,51.06832335856216],[-114.14798260696891,51.06863288940105],[-114.14806956142772,51.06884545929569],[-114.14826226214397,51.06916377455842],[-114.15083140687483,51.072779617429745],[-114.15140706649161,51.07363309783076],[-114.1517176015537,51.0742406344065],[-114.1519201737023,51.07478230302251],[-114.15206319457123,51.07535270852332],[-114.15215673825305,51.07608931398587],[-114.15217293854867,51.076945466456934],[-114.15218864466807,51.079444976195916],[-114.15220128601416,51.081456828301455],[-114.15682637744015,51.08147766141692],[-114.15685260479769,51.081413659249485],[-114.1645648969664,51.08144664149146],[-114.1677174063361,51.081467780305836],[-114.16696063826322,51.08210265765781],[-114.16679518711123,51.0823726906706],[-114.16671117510917,51.08269421959571],[-114.16668640604456,51.083051948524535],[-114.16672075434359,51.083214450997666],[-114.16685220002611,51.083493451381855],[-114.16695431061345,51.08361434179233],[-114.16721099935708,51.08381601333967],[-114.16736803308027,51.08390003877787],[-114.16755803193948,51.08396762613845],[-114.16876099309671,51.084317806270974],[-114.16991998602006,51.08451570931376],[-114.17074546475524,51.08473457434826],[-114.17166147729222,51.084894187557616],[-114.17205729003786,51.08501323265796],[-114.17229084518685,51.08505140641092],[-114.17256093546399,51.08506663897728],[-114.17276322642252,51.08512187123372],[-114.17352763214978,51.085388329286275],[-114.17452909725604,51.08569081904121],[-114.17489610889359,51.08583231604715],[-114.17542264416693,51.086063270476004],[-114.17581238741907,51.086186005982256],[-114.17606516082184,51.08624705804314],[-114.1762437152214,51.08629018084467],[-114.1768155997044,51.08648850993745],[-114.17735006522149,51.08671084455521],[-114.17783568392599,51.08696956812171],[-114.17801278788124,51.08703972855749],[-114.17883678085393,51.08745694858954],[-114.17913516755287,51.08763788318869],[-114.17930344545881,51.087719832117216],[-114.1795732840227,51.087912413112115],[-114.17972862631623,51.0879969541965],[-114.18035374251001,51.088154645623334],[-114.18054126561812,51.088219445161236],[-114.18100629725258,51.088479599827295],[-114.18154696152385,51.08869549746236],[-114.1816178387686,51.08873196205885],[-114.18187056038171,51.08886201333075],[-114.18389888411056,51.08962336168998],[-114.18443680626709,51.089847890006304],[-114.18556504583304,51.090255161688106],[-114.18597995525118,51.09036780614626],[-114.18613096675273,51.09045450984384],[-114.18622885771968,51.09057805168713],[-114.18663818052599,51.09141358098881],[-114.18682171702623,51.09167191006135],[-114.18714181970263,51.09221634829893],[-114.18731678748009,51.092473560821766],[-114.18743879337245,51.092758955161315],[-114.18755906437295,51.09295764503792],[-114.18759733541108,51.09302085791263],[-114.18772430919921,51.093480968196566],[-114.1877865551625,51.09362689079811],[-114.18784741319261,51.09368741231277],[-114.18789841269383,51.09373814228359],[-114.1879658389159,51.093881986669544],[-114.18804947098526,51.09419733540123],[-114.18815257406685,51.094318238966714],[-114.18830449078543,51.09440381252961],[-114.18850189709309,51.09482122571084],[-114.18873184560951,51.09505438673668],[-114.18884221985702,51.095215625745766],[-114.18917719923095,51.09562212888584],[-114.18952467145272,51.095961270859796],[-114.18957127785671,51.09600676804916],[-114.18979919420525,51.096142180546444],[-114.1910567359054,51.09688932905155],[-114.19139381279479,51.09704501973586],[-114.19260248418111,51.09749600691159],[-114.19319025207128,51.09764695506635],[-114.19397191001205,51.097777703024],[-114.19500843870799,51.097891342216386],[-114.19607028451863,51.09795674798139],[-114.19797565213878,51.09796185140218],[-114.19905124500083,51.09793209040976],[-114.19933746488815,51.097898180513674],[-114.19951270960097,51.097877419099156],[-114.19958627675227,51.09786158037869],[-114.19982677097737,51.09780978769618],[-114.20006101362074,51.09775934165031],[-114.20036023258194,51.09769489715235],[-114.20197079375123,51.09738359307918],[-114.20282944508247,51.09729135503041],[-114.20373443195147,51.097196683335284],[-114.20409851667185,51.09719914165193],[-114.20479807093864,51.09736095431603],[-114.2060514253255,51.09770622513152],[-114.20673683820887,51.09791512291534],[-114.20735105191316,51.098039386894335],[-114.20871836719802,51.09826035444181],[-114.20982889032615,51.09829146444698],[-114.21021968394847,51.09839682535668],[-114.21038247779451,51.098410487091236],[-114.21038810186242,51.09841095868659],[-114.21036834713237,51.09849354466372],[-114.21016310552447,51.099351560150524],[-114.20999957552444,51.09996252834242],[-114.20999910015489,51.09996459963699],[-114.20994169996216,51.100206099599056],[-114.20990930033773,51.10074500041582],[-114.20992034747418,51.10089909230701],[-114.20992479975358,51.100961200145],[-114.20993369978429,51.10105139964518],[-114.20996349944708,51.10126800005517],[-114.21000160070224,51.10158370025441],[-114.21006879955377,51.10189110017281],[-114.21017381118486,51.102407865818996],[-114.21017900005963,51.10243340037645],[-114.21020792945292,51.10249893821996],[-114.21086768847792,51.103993516484465],[-114.21103379981493,51.10436979988921],[-114.21124760561284,51.10485155948982],[-114.2114119235595,51.104979635423845],[-114.21154955023925,51.105747260262895],[-114.21160234190093,51.10590391924386],[-114.21161129948227,51.105930500190134],[-114.21173499526296,51.10595279079107],[-114.21176734542665,51.107298345392635],[-114.21173381533032,51.10764586320661],[-114.21169043985084,51.10816610114387],[-114.21156385808781,51.10865583534543],[-114.21121804041069,51.10983256117866],[-114.21073452461773,51.11139314965878],[-114.21046374481521,51.11209537856911],[-114.21011291191522,51.112725116997154],[-114.20968608674798,51.113383202049164],[-114.20914810864274,51.11398895553157],[-114.20682619953604,51.11617540125483],[-114.20505649631714,51.11782048389033],[-114.20209741758835,51.120578576167944],[-114.20125348886071,51.12021823450332],[-114.19982276150014,51.11963753736524],[-114.19754510010004,51.11866480482241],[-114.1931216859722,51.11682086674462],[-114.18970491498285,51.11540353162024],[-114.18607643717579,51.11390066435195],[-114.18138958405434,51.11192011106923],[-114.17837093337423,51.11065635331209],[-114.17593985753457,51.109627839140295],[-114.17104931756658,51.10757950397486],[-114.16736362902517,51.10602563048445],[-114.16517497533818,51.105061006561336],[-114.16312021607972,51.1042366211407],[-114.16167192086489,51.10368142079673],[-114.16079593075261,51.103382545310865],[-114.15893255437224,51.102743615651924],[-114.1578972865895,51.102393125668456],[-114.15719686264549,51.102135844985334],[-114.15640141044743,51.10181733850117],[-114.15567042902353,51.101479112882856],[-114.15447866851918,51.10092567498443]]]}},{"type":"Feature","properties":{"name":"Calgary-Falconridge","originalGeometryName":"Calgary-Falconridge","displayName":"Calgary-Falconridge","divisionNumber":10,"sourceProperties":{"EDNumber20":10,"EDName2017":"Calgary-Falconridge","Km2":15.10176754,"Hectares":1510.17675781,"Acres":3731.72802734,"Authority":"Legislative Assembly of Alberta","Shape_Leng":19514.7933478,"Shape_Area":15101215.1218},"level":"provincial","effectiveFrom":"2019-03-19","sourceUrl":"https://www.elections.ab.ca/resources/maps/","licenceUrl":"https://www.elections.ab.ca/terms-conditions/","geometryProcessing":"Original source vertices, coordinate projection converted to WGS84 for GeoJSON; no simplification, repair or rounding. Original source attributes retained separately."},"geometry":{"type":"Polygon","coordinates":[[[-113.93511902107548,51.11328491349937],[-113.9350899201207,51.11367403414611],[-113.93508982832131,51.1139795801997],[-113.93508780685798,51.11407280343584],[-113.93436768655108,51.11407313928862],[-113.9341084038104,51.11407325896623],[-113.9340385133103,51.11407333164022],[-113.93149340377491,51.11407595867632],[-113.93136500482757,51.11407915925006],[-113.93057920445993,51.11408085875239],[-113.92935100487,51.11409365896419],[-113.92921010478437,51.11412415879079],[-113.92851770396014,51.1144743591015],[-113.92840370857597,51.11452893198118],[-113.92837911730301,51.11454070581415],[-113.9283790045957,51.11454075875873],[-113.9271490108292,51.11520120570673],[-113.9271489038348,51.115201258702555],[-113.92711140510524,51.11664135964265],[-113.92715170443695,51.11819795939754],[-113.92716100468415,51.11894100268324],[-113.92716100480078,51.11894105936068],[-113.92717630474932,51.11921945910325],[-113.92725350500237,51.11948165951805],[-113.92742550502696,51.11969875954036],[-113.92769790468188,51.11992385917608],[-113.92848990422557,51.12054365932708],[-113.92980690506312,51.12156285866907],[-113.92988200396182,51.121627458867145],[-113.93051210399939,51.12209995934615],[-113.93078100389612,51.12235195885233],[-113.93086260458382,51.12246315900879],[-113.93096130441327,51.122668659291875],[-113.9309813040474,51.12277365913086],[-113.93095750466024,51.122980158971544],[-113.93087210468099,51.123180858899815],[-113.93080320423549,51.123277758971064],[-113.93035540468063,51.12375375972581],[-113.93019240445123,51.123964359456295],[-113.93000070475965,51.12434625913176],[-113.9299880542361,51.12455180369374],[-113.92995702458714,51.125055998218095],[-113.92995603518474,51.12520720782651],[-113.92981655286906,51.125205900814834],[-113.92971080450639,51.125204909593904],[-113.92944081010482,51.12520237874067],[-113.9294174041754,51.125202159060066],[-113.92725210394975,51.12518835899458],[-113.92622220421684,51.12518175828579],[-113.92599140369225,51.12518175824654],[-113.92445710456538,51.12518165909795],[-113.92285430404598,51.125181659134356],[-113.9214978234119,51.12518160620573],[-113.918981781849,51.12518146636586],[-113.91887970478895,51.12518145918604],[-113.91185710416846,51.12518075870622],[-113.91172813026336,51.1251804653067],[-113.91172729511784,51.12510863507896],[-113.91172810926687,51.12359760544572],[-113.91173018432507,51.11996693355678],[-113.9117302322673,51.11984383012102],[-113.91173112007803,51.117872047415766],[-113.911732944026,51.11063710575543],[-113.91173574640244,51.10513483193247],[-113.9117362252694,51.10420444023511],[-113.91173663079772,51.103402388667334],[-113.91173620280635,51.10266296315478],[-113.91173589796009,51.102138690220606],[-113.91173517164499,51.10088540297078],[-113.91173295283214,51.09706546835216],[-113.91173158255732,51.09648929080309],[-113.91173143828448,51.0964288595673],[-113.91173025862985,51.096165698041126],[-113.91173013784406,51.096079254240706],[-113.91173440341886,51.09607945857906],[-113.91185340427347,51.09608515884543],[-113.91260480425916,51.09616645944428],[-113.91290370411218,51.09622175859535],[-113.91326355939324,51.09627447309932],[-113.91346547046338,51.09629490102213],[-113.9138544412931,51.09633425220971],[-113.91536696061422,51.09653015154833],[-113.91586204866358,51.09656612178254],[-113.91698908929794,51.09664172318773],[-113.91783426860228,51.09670285875742],[-113.9182468809558,51.09670673215758],[-113.91876535944957,51.09671147347641],[-113.9194142632163,51.096717472933605],[-113.92041171756881,51.096702994380244],[-113.9215792814093,51.09665453854347],[-113.92259636910025,51.096604683531226],[-113.92378390547638,51.09652435847372],[-113.9247989055769,51.096450259694286],[-113.92586260367516,51.096348059729664],[-113.92784871962891,51.09615419235863],[-113.92847398893224,51.09609700930035],[-113.9290143377163,51.09607329384931],[-113.93009418325228,51.09606270452604],[-113.93135533620033,51.09608652438882],[-113.93247615266716,51.09608911984832],[-113.93315674350957,51.096090691191314],[-113.93424315221712,51.09608666282711],[-113.93490669814375,51.096069789961675],[-113.93516750459534,51.09607165919252],[-113.9351377688566,51.09166370077649],[-113.93514128879406,51.086509067329516],[-113.93512974887864,51.0841397359699],[-113.93512834724906,51.08154367142433],[-113.9409019076272,51.081540055565775],[-113.94677703005488,51.08153499775371],[-113.95297475714429,51.081533443160055],[-113.95843661803572,51.08154420649728],[-113.96368430082686,51.08153365221372],[-113.96989018955239,51.08153159149005],[-113.97317985212614,51.08152222373528],[-113.97836388763977,51.0815106159468],[-113.98173570051887,51.081502283983475],[-113.98173866858335,51.09580573635003],[-113.98173867835301,51.095850105042814],[-113.98173497411393,51.096032204566676],[-113.9817326379148,51.09614707982722],[-113.98173274665508,51.09615650344654],[-113.98174318579963,51.097067089464964],[-113.9817324340764,51.09926588189808],[-113.98176545799338,51.101181327692345],[-113.9816566051981,51.102717234539135],[-113.98156904382544,51.10328392588042],[-113.98132713163771,51.10403842282935],[-113.98093345718479,51.10486252919482],[-113.9804646697541,51.105685979214485],[-113.97980915610145,51.10646051036742],[-113.9789648254861,51.10728067691564],[-113.97777572340195,51.10840519435932],[-113.9760493358552,51.11004516149195],[-113.97524504060908,51.11074743219717],[-113.97404810487691,51.11185895946533],[-113.9734220492777,51.11165355301829],[-113.9721541242278,51.11124046787195],[-113.97107136570767,51.11094721797572],[-113.9702864190837,51.11077480060216],[-113.96957500765271,51.11067395771818],[-113.96886254717847,51.11062038905738],[-113.96777350312018,51.110610779962954],[-113.9653314886747,51.1106364839825],[-113.95590231022386,51.1106471347354],[-113.9521303551002,51.11063710942564],[-113.94707588782535,51.11063747365668],[-113.94695618138036,51.11063747967096],[-113.94435250679282,51.110633605301075],[-113.94067671737727,51.11062803786963],[-113.94061339567135,51.11062806961357],[-113.93507636961856,51.11063074066441],[-113.9350746070461,51.11070742489336],[-113.93507329165485,51.110764653392444],[-113.93506922873145,51.11094141710922],[-113.93509007815463,51.111145195866214],[-113.93515200428894,51.11160045847703],[-113.93513250398654,51.11241945910773],[-113.93512786474963,51.11262937861869],[-113.9351140039832,51.113256458541976],[-113.93511410694845,51.11325645588121],[-113.93511902107548,51.11328491349937]]]}},{"type":"Feature","properties":{"name":"Calgary-Edgemont","originalGeometryName":"Calgary-Edgemont","displayName":"Calgary-Edgemont","divisionNumber":8,"sourceProperties":{"EDNumber20":8,"EDName2017":"Calgary-Edgemont","Km2":19.16584206,"Hectares":1916.58410645,"Acres":4735.98242188,"Authority":"Legislative Assembly of Alberta","Shape_Leng":19266.2883043,"Shape_Area":19165841.2423},"level":"provincial","effectiveFrom":"2019-03-19","sourceUrl":"https://www.elections.ab.ca/resources/maps/","licenceUrl":"https://www.elections.ab.ca/terms-conditions/","geometryProcessing":"Original source vertices, coordinate projection converted to WGS84 for GeoJSON; no simplification, repair or rounding. Original source attributes retained separately."},"geometry":{"type":"Polygon","coordinates":[[[-114.1399017592659,51.10923880490179],[-114.1399927015712,51.10906541551235],[-114.14011745177372,51.108872254654756],[-114.14025108142128,51.10858064576075],[-114.14035322013315,51.108258536755145],[-114.14049058742627,51.10776516788314],[-114.14057838212108,51.107352149694066],[-114.14061735438399,51.10697912930793],[-114.14066193671636,51.10630346930662],[-114.14068824918219,51.105748747825885],[-114.1407443649568,51.105315317300445],[-114.14083046926258,51.10499309079268],[-114.14093334374962,51.104630628889964],[-114.14113291977351,51.10423860969206],[-114.1412989494258,51.10392705904657],[-114.14138130927851,51.103806590967686],[-114.14183837018324,51.103355925067866],[-114.14235951328288,51.102905727438234],[-114.14274985153247,51.10259581981617],[-114.14333413784034,51.1021965266982],[-114.1452980143756,51.100848834756995],[-114.1459469035222,51.10041973324942],[-114.14945335433833,51.09802891037773],[-114.15018730785924,51.09843956109744],[-114.15125070579347,51.09910399578553],[-114.15232256436937,51.099753091372136],[-114.15287854589057,51.100095737031026],[-114.15370056872443,51.100536649362105],[-114.15447866851918,51.10092567498443],[-114.15567042902353,51.101479112882856],[-114.15640141044743,51.10181733850117],[-114.15719686264549,51.102135844985334],[-114.1578972865895,51.102393125668456],[-114.15893255437224,51.102743615651924],[-114.16079593075261,51.103382545310865],[-114.16167192086489,51.10368142079673],[-114.16312021607972,51.1042366211407],[-114.16517497533818,51.105061006561336],[-114.16736362902517,51.10602563048445],[-114.17049074599352,51.10734402630242],[-114.17104931756658,51.10757950397486],[-114.17593985753457,51.109627839140295],[-114.17837093337423,51.11065635331209],[-114.18138958405434,51.11192011106923],[-114.18607643717579,51.11390066435195],[-114.18970491498285,51.11540353162024],[-114.1931216859722,51.11682086674462],[-114.19754510010004,51.11866480482241],[-114.19982276150014,51.11963753736524],[-114.20125348886071,51.12021823450332],[-114.20209741758835,51.120578576167944],[-114.19004838534899,51.13183762533187],[-114.18904826552873,51.13277435338762],[-114.18704445952089,51.13463516528147],[-114.18606549878184,51.13556091089304],[-114.18566096966914,51.13597149542962],[-114.18559850016669,51.13604797244255],[-114.18500180895352,51.13695714213584],[-114.18476364323575,51.13746502292245],[-114.18438371633593,51.13821226291994],[-114.18408238370844,51.138835068326976],[-114.18384448177645,51.13921607278618],[-114.18381262719174,51.139269019109705],[-114.18347287756917,51.1397043500017],[-114.18332768251103,51.13986747416409],[-114.1829166847952,51.140307279824526],[-114.18262760330494,51.14055892855698],[-114.18195879513534,51.14114046029726],[-114.18100382539541,51.14068373568329],[-114.17898481999856,51.139717569172745],[-114.17770223474622,51.139120042192815],[-114.17682926608141,51.138698478362635],[-114.17606481579472,51.13836421841451],[-114.1754085688757,51.1381345725507],[-114.17434121507075,51.13781547549686],[-114.17308130745604,51.1374950064637],[-114.17212092939019,51.137349737254674],[-114.17170951781547,51.137277587701],[-114.1706381799386,51.137183448509845],[-114.16951120562317,51.13712352317571],[-114.16843800912979,51.13713320685095],[-114.16722601846932,51.137211129969295],[-114.16628881259064,51.13730830815188],[-114.1654885279115,51.137441075548736],[-114.16436238503981,51.137656613578734],[-114.1646391487858,51.138021659394596],[-114.16545888508479,51.13908524818605],[-114.16634430524095,51.140337832800896],[-114.16736359827759,51.14179907490023],[-114.16773663732914,51.14247679324403],[-114.16778792906139,51.1426848696204],[-114.16794336133239,51.1432225637593],[-114.16809848748002,51.14377756391165],[-114.16819983308864,51.14426294481926],[-114.16822050373494,51.14464389668035],[-114.16821521543535,51.14493811714916],[-114.16823588646109,51.145319068066264],[-114.1681718348916,51.14582058188067],[-114.16799398605035,51.14652899744721],[-114.16775705453226,51.147462013766685],[-114.16737536706742,51.14879211125682],[-114.16720185520376,51.1492582263476],[-114.16694360764195,51.149844903040886],[-114.16665908105425,51.150362154549214],[-114.16629137137959,51.15091343112594],[-114.16592396488812,51.15144739934494],[-114.16558986187526,51.1518990722442],[-114.16514975424114,51.151931034464994],[-114.16399554302266,51.152022087402386],[-114.16179815295294,51.15217516797661],[-114.15991756391567,51.152270902987546],[-114.15938328976883,51.15229487764916],[-114.15724709271885,51.15239070980443],[-114.15396129012818,51.15248614590086],[-114.15173482329881,51.1524998099923],[-114.1489084618277,51.15250906821056],[-114.1461300102418,51.15248881827921],[-114.14368381532131,51.15243121577899],[-114.1413953089308,51.15238464960161],[-114.14056188678222,51.152373726724846],[-114.14054230542143,51.15232885973766],[-114.14048034123905,51.152202984677984],[-114.14042470420465,51.15208995930006],[-114.14032770519758,51.15191415932354],[-114.14002660531258,51.15142485945821],[-114.13994920470718,51.15130695897278],[-114.13977490477632,51.15105705881527],[-114.13956300465034,51.15076265974911],[-114.13948800481552,51.150663458764164],[-114.13938617766865,51.150530952957716],[-114.13930180513934,51.15042115926669],[-114.13924200536489,51.15034455927286],[-114.1390464053001,51.150124159504976],[-114.13882040561884,51.14987646006365],[-114.13851540543608,51.149583059367735],[-114.13828010493215,51.14937985964381],[-114.13762290497436,51.1488447596877],[-114.13759146713856,51.14880714375669],[-114.13737526238958,51.14867112449641],[-114.13695479977027,51.14836019916434],[-114.13644018855933,51.14801878846526],[-114.13600265529575,51.14777724278294],[-114.13558016979417,51.14757552528644],[-114.13492258465638,51.14728269958475],[-114.1342956503241,51.14703974644067],[-114.13369972624209,51.14682427685232],[-114.13302545728887,51.14658349774435],[-114.12827153735012,51.145018975041346],[-114.12748720226948,51.1447549521016],[-114.12685996691106,51.144531815443266],[-114.12635881881845,51.144319548081185],[-114.125920435771,51.14412760652394],[-114.12538885605258,51.143855528169105],[-114.12470170057486,51.143463125322455],[-114.1242808069477,51.143181940271475],[-114.12386010637512,51.142890826127676],[-114.12357180511326,51.14267545936849],[-114.12292691770921,51.14204873798788],[-114.12229982635498,51.14128763583103],[-114.12201633791518,51.140870650845514],[-114.12170548225052,51.140279797872395],[-114.12151437490016,51.13984420953284],[-114.12133988909989,51.13934121103035],[-114.12122619141753,51.13886761216436],[-114.121171266525,51.138529525088366],[-114.1211459106601,51.13824954743733],[-114.12113680510859,51.13792145203914],[-114.1211468785152,51.13739089572364],[-114.1212005696064,51.13698608911531],[-114.12130044272409,51.13657198201559],[-114.121511854257,51.135936812754295],[-114.12168856810318,51.13551363410061],[-114.12180494345674,51.135346499300866],[-114.12205329434543,51.13487961418282],[-114.12243151345908,51.13434217317513],[-114.12272959055062,51.13398743913663],[-114.12322971993153,51.133489501465625],[-114.12369734885753,51.13308779607421],[-114.1240558227326,51.13278175014557],[-114.12441337822908,51.13252393611808],[-114.12511168956102,51.13208536039476],[-114.12613431430238,51.13152378313505],[-114.12727956409304,51.130963111199435],[-114.12861585909656,51.130310191335646],[-114.12938473909935,51.12990789078315],[-114.12998898566372,51.129574711969305],[-114.13076475767188,51.12908844067126],[-114.13151112043661,51.1285344101575],[-114.13199449942358,51.1281038453177],[-114.13273200509671,51.12732454046977],[-114.13338078145384,51.12645002598968],[-114.13401049695585,51.12541151940891],[-114.13426059271582,51.12478023029714],[-114.13443811292326,51.12378184823121],[-114.13448326615628,51.12278248522643],[-114.13432318532001,51.12143171018603],[-114.13399682096555,51.119063343677624],[-114.13383614284761,51.117745885215825],[-114.13381839606356,51.11727922858757],[-114.13382836428384,51.116746130240514],[-114.13391773722817,51.11621361998985],[-114.13414069231962,51.115615452753644],[-114.13455078113277,51.114918699727454],[-114.13476313816903,51.11457482310766],[-114.13476467237705,51.11457234073017],[-114.13533761423744,51.11389150027057],[-114.1358383895567,51.113441471103194],[-114.13652264807736,51.11280058870914],[-114.13732997333756,51.1120900976384],[-114.13784088493146,51.11166066293544],[-114.13873035319877,51.11080081289639],[-114.13921724700258,51.11023790208746],[-114.1395696430035,51.10979063189681],[-114.13976015253836,51.109508785532334],[-114.1399017592659,51.10923880490179]]]}},{"type":"Feature","properties":{"name":"Calgary-North West","originalGeometryName":"Calgary-North West","displayName":"Calgary-North West","divisionNumber":21,"sourceProperties":{"EDNumber20":21,"EDName2017":"Calgary-North West","Km2":26.2197876,"Hectares":2621.97875977,"Acres":6479.05078125,"Authority":"Legislative Assembly of Alberta","Shape_Leng":36583.7379004,"Shape_Area":26219787.3912},"level":"provincial","effectiveFrom":"2019-03-19","sourceUrl":"https://www.elections.ab.ca/resources/maps/","licenceUrl":"https://www.elections.ab.ca/terms-conditions/","geometryProcessing":"Original source vertices, coordinate projection converted to WGS84 for GeoJSON; no simplification, repair or rounding. Original source attributes retained separately."},"geometry":{"type":"Polygon","coordinates":[[[-114.234365388541,51.15424591056169],[-114.23436987228881,51.154093746840346],[-114.23329197801623,51.15413690865486],[-114.2332038007779,51.15413945766496],[-114.23204007889952,51.15415343788931],[-114.23138083740457,51.15415596010696],[-114.23020813335002,51.15416043793877],[-114.22863368246512,51.154159586238585],[-114.22492076480154,51.15415191883004],[-114.22382569860589,51.154149635872535],[-114.22339725453513,51.15414873881946],[-114.2210218775426,51.15415198570593],[-114.22040188558496,51.15410977221232],[-114.21971449937396,51.15402426133962],[-114.21909579737063,51.15390588275494],[-114.21844786898902,51.15372542005366],[-114.21780082953417,51.15349259463844],[-114.2174101622556,51.15331860693439],[-114.21678753288296,51.15298597067434],[-114.21638334829807,51.15271668028205],[-114.21592079979926,51.15231846628665],[-114.21591945016297,51.15231716090973],[-114.21576658278859,51.15216931166244],[-114.21347045086198,51.149948430830335],[-114.21147615523539,51.14814273916858],[-114.21112469308983,51.14789282757514],[-114.21031615979986,51.147373246241294],[-114.20930280994428,51.14684732157633],[-114.208697060713,51.146582656078245],[-114.20834788162698,51.14645399849442],[-114.20754936168561,51.14618337113626],[-114.2069006656558,51.14595795734006],[-114.20606233669488,51.14566810592299],[-114.20546883885453,51.14545445141169],[-114.20426666444293,51.14500548266395],[-114.20363474387918,51.14477258377969],[-114.20344866113906,51.14470312109742],[-114.20409970537423,51.144010823549465],[-114.20496130479144,51.14310392055613],[-114.20575590993177,51.142243125251795],[-114.20620199834956,51.141814034096356],[-114.2067006420778,51.14138702675309],[-114.20730408037704,51.14095128980822],[-114.20841048743955,51.14030984688524],[-114.20940311007045,51.139777836994476],[-114.21007927803979,51.13947781428428],[-114.21086984525876,51.13917824204174],[-114.21164511686955,51.13890789663295],[-114.216677519255,51.13713640205808],[-114.21759030766732,51.136832782002486],[-114.21850105948049,51.13652042583731],[-114.21950425102436,51.13615625315432],[-114.22057063236657,51.13572677136084],[-114.22166710161737,51.13525585709986],[-114.22272621387297,51.13474155985706],[-114.22351358202353,51.134282310584105],[-114.22417206972004,51.13388446650263],[-114.2248184083585,51.133462877628965],[-114.2254908580838,51.13297836597954],[-114.22606197459454,51.13255627293983],[-114.22671025308946,51.132016388128385],[-114.22728596784145,51.1315280517529],[-114.22770242954171,51.13114753591813],[-114.22617783106098,51.130558932370086],[-114.21500317933285,51.125863656959915],[-114.21135848594704,51.12436436508131],[-114.20966750827345,51.12367028011331],[-114.20804111814168,51.12302696893033],[-114.20209741758835,51.120578576167944],[-114.20505649631714,51.11782048389033],[-114.20682619953604,51.11617540125483],[-114.20914810864274,51.11398895553157],[-114.20968608674798,51.113383202049164],[-114.21011291191522,51.112725116997154],[-114.21046374481521,51.11209537856911],[-114.21073452461773,51.11139314965878],[-114.21121804041069,51.10983256117866],[-114.21156385808781,51.10865583534543],[-114.21169043985084,51.10816610114387],[-114.21173381533032,51.10764586320661],[-114.21176734542665,51.107298345392635],[-114.21173499526296,51.10595279079107],[-114.21161129948227,51.105930500190134],[-114.21160234190093,51.10590391924386],[-114.21154955023925,51.105747260262895],[-114.2114119235595,51.104979635423845],[-114.21124760561284,51.10485155948982],[-114.21103379981493,51.10436979988921],[-114.21086768847792,51.103993516484465],[-114.21020792945292,51.10249893821996],[-114.21017900005963,51.10243340037645],[-114.21017381118486,51.102407865818996],[-114.21006879955377,51.10189110017281],[-114.21000160070224,51.10158370025441],[-114.20996349944708,51.10126800005517],[-114.20993369978429,51.10105139964518],[-114.20992479975358,51.100961200145],[-114.20992034747418,51.10089909230701],[-114.20990930033773,51.10074500041582],[-114.20994169996216,51.100206099599056],[-114.20999910015489,51.09996459963699],[-114.20999957552444,51.09996252834242],[-114.21016310552447,51.099351560150524],[-114.21036834713237,51.09849354466372],[-114.21038810186242,51.09841095868659],[-114.21038997468902,51.098411141361446],[-114.2103911331619,51.09841123914637],[-114.21066641202255,51.09843438093642],[-114.21082478741933,51.098447683866354],[-114.21111194838338,51.098471818812875],[-114.21176989078776,51.09852709698005],[-114.21333643739469,51.098588636701365],[-114.21385803850663,51.098609122475835],[-114.2152145079539,51.098602004375934],[-114.21561816790229,51.098599883089776],[-114.21587653669556,51.098586549415195],[-114.21654334881238,51.09855213553883],[-114.21758252049497,51.09855405456856],[-114.21782543118508,51.098554502259226],[-114.21906714302295,51.098556780499166],[-114.21915543251583,51.09855694195416],[-114.22027155396539,51.098556550468466],[-114.22201648326568,51.09855591609699],[-114.22211583100453,51.09855932722699],[-114.2225246654847,51.098573364561304],[-114.22259956866647,51.09857593622187],[-114.22410428491142,51.09862761940571],[-114.22514927320735,51.09864543650391],[-114.22536703241997,51.09864914825141],[-114.22742420616561,51.09880616131239],[-114.22757850015333,51.09881232921931],[-114.22818874169081,51.09883672183437],[-114.22867957370134,51.09888158321003],[-114.22869408350066,51.09888290959882],[-114.22886574922055,51.098875734908766],[-114.22898807797526,51.09884806533555],[-114.22916478086483,51.09880809658746],[-114.2307571798152,51.09814070954294],[-114.23207034838371,51.09772470972516],[-114.23292329769282,51.09743161067632],[-114.23293128962246,51.09742886441643],[-114.23408873623677,51.09718423893421],[-114.23411464481202,51.09717876178908],[-114.23431713569789,51.09707361268086],[-114.23437600591015,51.097064922013125],[-114.23441961888409,51.09705848929574],[-114.2352061612679,51.09694247807285],[-114.2359532138148,51.0969088841363],[-114.23775362495105,51.09689309047313],[-114.23812609676061,51.09691438664694],[-114.23973438714403,51.097015025499005],[-114.24073994262483,51.09714909683336],[-114.24224458140085,51.09741308382071],[-114.24323138657383,51.097533935407306],[-114.24388483136364,51.097692903394915],[-114.24427152209032,51.09781026404608],[-114.24493990585292,51.0981165071708],[-114.24497474831959,51.09813247087419],[-114.24524082620022,51.098318961748845],[-114.24553379317257,51.0986246062933],[-114.24572158612689,51.098749903097584],[-114.24585321280581,51.09881548998818],[-114.24623938918937,51.09900788541401],[-114.24625732199718,51.099016819008696],[-114.24675823918508,51.09929666404275],[-114.24771339505557,51.09970825559322],[-114.24820956726093,51.099922058463875],[-114.2485790256603,51.10003425163623],[-114.24896568303737,51.10009951706295],[-114.24902625816382,51.100109741589094],[-114.24916306398927,51.10014587773937],[-114.24920037617565,51.10017582608642],[-114.24941516127889,51.10034821930503],[-114.24965019298308,51.10044910335704],[-114.24988752835836,51.100513206735705],[-114.25000000649425,51.100543593843895],[-114.25011249060961,51.100573973684845],[-114.2502606876855,51.10061399505025],[-114.25033715494897,51.10063464472959],[-114.25077101278166,51.10072169038521],[-114.25088573626302,51.10075528464334],[-114.25099808384911,51.10078816816946],[-114.2516567288928,51.10097288432958],[-114.25219528941432,51.101183723552744],[-114.2523593796378,51.10124796154894],[-114.2528189545499,51.10133198748988],[-114.25377387296602,51.10147910069041],[-114.25400054121954,51.10151401891223],[-114.2547446263774,51.10166040673387],[-114.25569405674958,51.10185350678716],[-114.25576896792471,51.10186874263382],[-114.25583968333348,51.10188028581685],[-114.25681198703253,51.102038999800186],[-114.2573218128074,51.10215328980094],[-114.25743088981903,51.10217774398774],[-114.25760847178499,51.102217554887105],[-114.25764326513607,51.10222536130938],[-114.2581226130645,51.10228154189947],[-114.25885196153557,51.10228480079761],[-114.25988288443001,51.102218741447366],[-114.26050772905997,51.10217869775616],[-114.26087829117834,51.10215494852261],[-114.26223359987885,51.10202160003295],[-114.2627161060085,51.10195418700723],[-114.26348465201322,51.10184680615076],[-114.26391896358508,51.10182214979839],[-114.26397421247256,51.10181901340986],[-114.26437642621832,51.10172070105566],[-114.26466707066945,51.10164965728284],[-114.26553773510203,51.101372083606265],[-114.26648712296912,51.10092313497804],[-114.26693549730845,51.10070871638043],[-114.26723819387277,51.10063945194649],[-114.26732156803703,51.100629572238304],[-114.26752487784843,51.10060548067067],[-114.26775929075872,51.10057770262335],[-114.26795454275805,51.10058140547114],[-114.2681185233176,51.10058451552439],[-114.26877709613429,51.10063300658487],[-114.26905656741168,51.10063901278853],[-114.26947733530874,51.10061380673769],[-114.26955395409367,51.10059935909365],[-114.2699749860944,51.10051996760477],[-114.27059629097084,51.100394128632196],[-114.2710029352322,51.10036300041548],[-114.27189925171356,51.10035608352086],[-114.27226061084089,51.10036542754225],[-114.27259229745746,51.10037400290221],[-114.27395754864949,51.100409290606116],[-114.27603881889394,51.100416432130444],[-114.27847183586962,51.10049699280969],[-114.27881441467291,51.10050833184938],[-114.28001445865463,51.100548045187686],[-114.2805365550716,51.10056081912659],[-114.28075392050003,51.10056615160779],[-114.2807711995757,51.10056657635971],[-114.28079365040446,51.10056712648061],[-114.2807987550099,51.10056725143889],[-114.28081682681537,51.10056769275512],[-114.28082012257394,51.10118737381368],[-114.28088880612528,51.101189213141055],[-114.28138347079498,51.10119332855078],[-114.2824696066458,51.10130156751723],[-114.28262610346825,51.101319916339406],[-114.28253207749543,51.10146441308565],[-114.28251082958865,51.101527993921366],[-114.28250006476384,51.10156020673919],[-114.28249858027642,51.10190688358986],[-114.28246843889674,51.102106698812534],[-114.28243645179482,51.10231874817203],[-114.28240945805497,51.10303258055593],[-114.28236938764289,51.10324789711483],[-114.28236992943046,51.103345516099445],[-114.28237813551193,51.103828987461874],[-114.28243068370706,51.103908709431245],[-114.28255728420037,51.10394382617045],[-114.28285170386715,51.10399034197659],[-114.2830979362231,51.10406434151907],[-114.28351618101176,51.104164838333624],[-114.28435251008048,51.10436380685375],[-114.28449796320594,51.10440681578478],[-114.28459598707943,51.10443580002729],[-114.28547350747048,51.10470074961188],[-114.28561007068973,51.10474198097616],[-114.28579458009182,51.10481792227427],[-114.28609692250498,51.104942322296814],[-114.28650887003481,51.10511159355534],[-114.28666622603048,51.10517625131216],[-114.2868604716498,51.10526230073721],[-114.28711356841107,51.10537441946435],[-114.2872859867416,51.1054350255156],[-114.28761149368529,51.10553793350246],[-114.28772435443473,51.10557361312416],[-114.28785927533471,51.105642322971],[-114.28795628427277,51.10569172560403],[-114.2879722168523,51.10569983903554],[-114.28806134268173,51.10574522630373],[-114.28822479387591,51.105881573754885],[-114.28827154364973,51.1059342569069],[-114.28840038775614,51.10607944980637],[-114.28858294190775,51.10628516753517],[-114.28870948072758,51.106432091295176],[-114.28884493554742,51.10658936785366],[-114.2889324387494,51.10673126442821],[-114.28913575771833,51.10705970611659],[-114.28943247715407,51.107539018847525],[-114.28946894806539,51.10763364712715],[-114.28957503576946,51.107908899738895],[-114.28957912721091,51.107919517479736],[-114.28966363163036,51.10813876781726],[-114.28973045173105,51.10830529440385],[-114.28985282542475,51.10861027063372],[-114.28989792210739,51.10876413094025],[-114.28997074260401,51.10901257610018],[-114.29002384460603,51.10919374216836],[-114.29004123576743,51.10929460831724],[-114.29007730338488,51.1095037809631],[-114.29012205109902,51.109760838420804],[-114.29012687585191,51.11008843371039],[-114.2901330776681,51.1105096325018],[-114.29012502806177,51.110556329036704],[-114.29008940427187,51.11076305036304],[-114.29005621446188,51.11095565451718],[-114.2900399997775,51.111049753059795],[-114.29002868376203,51.111115425861236],[-114.28993331143649,51.11141240538154],[-114.28973028185054,51.11204461819805],[-114.28967883888329,51.1122048001425],[-114.28953568087204,51.11281891808914],[-114.2895149350639,51.112907909820976],[-114.28943714720162,51.11310166233433],[-114.28931335452775,51.11340999972673],[-114.28919504764133,51.11366705493865],[-114.28898356183342,51.11412656139355],[-114.28885040864657,51.11447551796423],[-114.28864519415968,51.115013315998254],[-114.28856582542276,51.1152579778053],[-114.28838222529379,51.11582392866878],[-114.2883522450492,51.116176355160064],[-114.28842448620765,51.11646466350577],[-114.28846056137212,51.11660863206061],[-114.28852243082896,51.116760918772975],[-114.28889314267003,51.117673348751595],[-114.28894869040595,51.11777859322769],[-114.28905438372075,51.11797883781863],[-114.28920325814289,51.1182608904982],[-114.28941031918936,51.11852766410272],[-114.28961092088927,51.11878611361047],[-114.28966417463423,51.1188547226157],[-114.28978567107252,51.118966670786136],[-114.28984327591004,51.11901973484908],[-114.28985049097544,51.11902638087456],[-114.2899488154017,51.11910531114303],[-114.29032398051902,51.11940647095961],[-114.29064501855841,51.1197135633842],[-114.29082769696866,51.1198883034184],[-114.29093489792086,51.11996410296357],[-114.2913624777787,51.120266432704156],[-114.29181516448156,51.120551048528476],[-114.29209235553118,51.12072532252148],[-114.2922128718281,51.12081090912616],[-114.29233510108861,51.12089770784371],[-114.2926753933832,51.12113934151809],[-114.29295177403424,51.121335586807206],[-114.29312884627774,51.121431408247744],[-114.29366816136543,51.121723251457354],[-114.29401394944533,51.121925255258695],[-114.2940155858974,51.12192621152307],[-114.2942034132814,51.12203593577756],[-114.29433313945628,51.12209442835201],[-114.29440818130935,51.12212826461466],[-114.29448465577273,51.12216274639237],[-114.294532193622,51.12218418110509],[-114.29460277205234,51.12220672005802],[-114.29470149575545,51.12223824755249],[-114.2949715352769,51.122324483783984],[-114.29508922761941,51.12238782200501],[-114.29511803435128,51.12240332402062],[-114.29517271003176,51.122432748609],[-114.29551456569183,51.12273908654312],[-114.29556938272012,51.122788207754326],[-114.29559725807465,51.12281318677975],[-114.29577410677467,51.12292001938765],[-114.29578920646048,51.12292914145414],[-114.2960495871101,51.12301011639068],[-114.2963745543293,51.123042664085254],[-114.29661246546716,51.123041620494384],[-114.29670386066309,51.123041219297164],[-114.29677773622649,51.12304089439825],[-114.29702972168236,51.1230397879559],[-114.2971253484649,51.12303936778546],[-114.29722329467981,51.12306291796354],[-114.2972456732803,51.123068298944496],[-114.29727689679257,51.12307580666143],[-114.29748258759322,51.123194329426454],[-114.29757453570114,51.123274271012846],[-114.29762665160447,51.12337094794676],[-114.29755206484862,51.12366449721591],[-114.2975514073203,51.12372236306606],[-114.2975480576398,51.12401719392045],[-114.29746901995114,51.12420212954314],[-114.29744640516586,51.12422528446028],[-114.29733610876627,51.124338214025016],[-114.2972528455628,51.124423464959605],[-114.29704138072337,51.12452576735539],[-114.29701440462513,51.12457638250463],[-114.29700241227769,51.12459888420389],[-114.29701847050359,51.12460160488252],[-114.2972108028772,51.12463419307734],[-114.297238638883,51.124638909659325],[-114.29736793679983,51.12457720361763],[-114.29746930909458,51.12452882555123],[-114.29770947798316,51.124331509354896],[-114.2977172349014,51.124313580929154],[-114.29775057510471,51.12423651946124],[-114.29779019945899,51.12414493560936],[-114.29786100033016,51.12394443842607],[-114.29798243374174,51.12378187563571],[-114.29804700585747,51.123695432460174],[-114.29817884073879,51.12358634145301],[-114.29821436208043,51.123556948618635],[-114.29834147140558,51.1235033544976],[-114.29848646465983,51.123496593911284],[-114.29859398037229,51.123553077309275],[-114.29867360680123,51.12362398674942],[-114.29875961348176,51.1237740078807],[-114.29876662868138,51.12378624499276],[-114.29882908884001,51.1238951937424],[-114.29885812335041,51.12394583926534],[-114.2988625787436,51.12395361067755],[-114.29893770923005,51.12408465855995],[-114.29909637425929,51.12426108387769],[-114.2992914325829,51.1243943094049],[-114.29966780710393,51.12455490972231],[-114.3001699573861,51.12476753004446],[-114.30035688459839,51.12484667754456],[-114.30070207049675,51.12500028419911],[-114.30082367075866,51.12505439381924],[-114.30121710378315,51.12518086473261],[-114.30191369888124,51.12540450608124],[-114.30205881985448,51.12545109647374],[-114.3022076200944,51.12550807748225],[-114.3026817502852,51.12568087686729],[-114.3027492504993,51.12570547689978],[-114.30291820608014,51.12576705179925],[-114.30334290390215,51.125876639077035],[-114.30384143899072,51.12594638097723],[-114.30394392290744,51.1259607549498],[-114.30412855515213,51.12602365115748],[-114.3046998447562,51.12621688997524],[-114.30473073513447,51.12623004862405],[-114.30525031003087,51.12645137688192],[-114.30537620681055,51.12650500618053],[-114.30571065689219,51.12669769125836],[-114.30585867689682,51.12678296811021],[-114.30632963920134,51.127175509832455],[-114.30647539405155,51.12729699322094],[-114.3068704058508,51.12768026436224],[-114.30712516905666,51.128003196280936],[-114.30731603928676,51.128245135680366],[-114.30749463866314,51.1283975418714],[-114.30765237384736,51.12849502309],[-114.30779641279683,51.12858403871822],[-114.30791184014836,51.12871151924179],[-114.30800507701665,51.12881448997946],[-114.3080834050746,51.128924673619956],[-114.30818456182725,51.12906696777232],[-114.30837216545494,51.129334916097555],[-114.3084423837066,51.12943520445982],[-114.30849908399834,51.12951618741596],[-114.30856470357124,51.129690668520915],[-114.30858611533547,51.12974759879228],[-114.3086280258421,51.12985903848768],[-114.30866038329954,51.13000695640076],[-114.30866986294151,51.13005028967519],[-114.30868074785485,51.13010004902834],[-114.30874095198051,51.13037525811236],[-114.30880434342485,51.130665041575405],[-114.30884923890612,51.13087026449646],[-114.30886262524015,51.131119508607256],[-114.30887623622102,51.131372964177714],[-114.30888842572556,51.13159991621365],[-114.30889183182535,51.13176233995675],[-114.30889783207463,51.132048387233944],[-114.30898763875359,51.13224680005417],[-114.30902118705359,51.13229029708021],[-114.30909433562637,51.13238441393013],[-114.30912802647356,51.13242776153247],[-114.30931045791829,51.132664239170246],[-114.30938109926947,51.13283593540668],[-114.30947002607027,51.13305207110779],[-114.30955831564461,51.13320265158292],[-114.3097033492322,51.133407709540464],[-114.30990572823184,51.13369384147756],[-114.31004001039432,51.13388369343473],[-114.31010776802879,51.13397949065648],[-114.31027298178867,51.13417972898766],[-114.31053581355117,51.13449827633387],[-114.31091011594802,51.134951915656714],[-114.31094080635917,51.135047799832265],[-114.31090459293294,51.13514832219828],[-114.31089721749258,51.135157267573746],[-114.31087943636608,51.13517883153901],[-114.31084012879872,51.13522650287634],[-114.31082650347285,51.135334851718405],[-114.31096648363736,51.135474361059345],[-114.31103141554418,51.135528090030704],[-114.31123166441917,51.13569378706096],[-114.31150381383084,51.135944864611226],[-114.31185155508953,51.13626567730216],[-114.31203861154803,51.13647787761761],[-114.31205003978022,51.136490840644065],[-114.31227119323123,51.136741716235846],[-114.3126752972596,51.13723350341834],[-114.3127862509399,51.137323985217606],[-114.31301168884343,51.13750782906763],[-114.31336503165777,51.13779597398279],[-114.31362477347083,51.13806156876318],[-114.31383108097567,51.13827252428946],[-114.31383983974587,51.138281479938584],[-114.3140134578177,51.13845900664215],[-114.31414103272951,51.138540166677004],[-114.3141923880798,51.13857283730886],[-114.3143199296357,51.13865397446004],[-114.31450147958314,51.13873797570328],[-114.31469270637047,51.13882645400837],[-114.31473911459314,51.13884792594942],[-114.31475305297357,51.13885437499807],[-114.31503138678983,51.13898315516635],[-114.3152484769024,51.13912683247214],[-114.31558834766074,51.13947593505657],[-114.31559371272887,51.1394815646748],[-114.31559907781163,51.13948719339329],[-114.31577383859502,51.13967843224583],[-114.31558825172195,51.13967768373738],[-114.31530968418002,51.13967665153561],[-114.31288233480352,51.13966672903263],[-114.31178876832713,51.13966272287571],[-114.30962499316524,51.13965416015197],[-114.30411671574383,51.13963218041844],[-114.30382917476211,51.139632039049694],[-114.30379052476475,51.139632022192956],[-114.30375510370666,51.139632006553065],[-114.30333175017388,51.1396316077561],[-114.2954106543053,51.139623866472384],[-114.29541071058121,51.139623457492135],[-114.29540869665311,51.13962386457455],[-114.2954110141986,51.139384815383224],[-114.29541283867663,51.13919656828411],[-114.29553847780613,51.13912085166136],[-114.29683963081726,51.13912273606668],[-114.29683994976297,51.13898558003828],[-114.29684072283271,51.1385188068407],[-114.29684111951957,51.138245213884545],[-114.29684112196985,51.13824392296903],[-114.29677024179304,51.13821858050471],[-114.29536694209243,51.137716832601264],[-114.29532747141623,51.13767642751545],[-114.29528383876035,51.13763176110705],[-114.29500166050393,51.13740368617804],[-114.29463714836544,51.13710905796132],[-114.29452912952499,51.13702211020947],[-114.29419383479392,51.13682832422081],[-114.29370871627282,51.13654794175655],[-114.29326681197075,51.13635628809257],[-114.29278330378288,51.136146587021344],[-114.2927817535665,51.13614603878486],[-114.29232418718684,51.135984096982014],[-114.29178197383544,51.135792193207614],[-114.29179917629791,51.13571997824693],[-114.29181423186888,51.135656774206375],[-114.29140786453516,51.1350265541573],[-114.29132393081721,51.13489638301849],[-114.29094143039086,51.134303158127494],[-114.29087229692053,51.134195935305385],[-114.29065855090913,51.13390640062436],[-114.28964720716486,51.132536406801606],[-114.28954577354783,51.13239953571852],[-114.28954175248373,51.1323958418061],[-114.28939667690796,51.132262599850854],[-114.28912206831524,51.13201242072927],[-114.28874224474887,51.13166638069599],[-114.28858509622572,51.13152180843405],[-114.28847959328178,51.13142474791683],[-114.288329775713,51.131384142198726],[-114.28828785269626,51.13137277966569],[-114.28807658062483,51.13131551588125],[-114.28851854848476,51.131037219445275],[-114.28915347760767,51.130637232678964],[-114.28937770963469,51.130114986913384],[-114.2895510781923,51.129707704335274],[-114.28955202594278,51.129705477274214],[-114.28942338671659,51.1295724628646],[-114.28916443856417,51.12930470341443],[-114.28889522004276,51.12901941959698],[-114.28810091596026,51.12886145912208],[-114.28774775541461,51.1287912258098],[-114.28728069103197,51.12884694907783],[-114.28709955725225,51.128868558274604],[-114.2870512641522,51.128874319116775],[-114.28682186420845,51.128901686171524],[-114.28659243818294,51.12892905801522],[-114.28655009885873,51.12884996286277],[-114.28644074163765,51.12864566472122],[-114.28620576795394,51.12818910358732],[-114.2859708057196,51.12773256089774],[-114.28573582531737,51.127276103042455],[-114.2855007996003,51.12681972895587],[-114.28543978229227,51.12670039775669],[-114.28524421236649,51.12631791575429],[-114.28451887712329,51.125742580937825],[-114.28395771602588,51.125545610659245],[-114.2833783871357,51.12534225789207],[-114.2820214773865,51.1253426063882],[-114.28096697360371,51.12534279993872],[-114.28081921305133,51.12534282603514],[-114.28053196772665,51.12534287730467],[-114.28053201359263,51.1251870838881],[-114.28053212865623,51.12515198018548],[-114.28053260610615,51.12500622541965],[-114.28049077447608,51.12500621994541],[-114.28038460573177,51.12500620630806],[-114.28038469235668,51.12336367332977],[-114.28038476733373,51.12202362158848],[-114.28038478691346,51.12156676122883],[-114.28038481308745,51.1211057932723],[-114.2803848894465,51.12087601990907],[-114.28038528372191,51.11968070275577],[-114.2803851184953,51.11786849012342],[-114.28038512833461,51.11782461276477],[-114.28048165599839,51.117824592305055],[-114.28053299363816,51.1178245807159],[-114.28053292289516,51.117777600117755],[-114.28053307742081,51.11755074183346],[-114.28053322618365,51.115949800506655],[-114.28053336126844,51.114527692487535],[-114.27719084542103,51.11452896131595],[-114.27400791207596,51.114531288299084],[-114.27400557383571,51.114531289075444],[-114.27400507835313,51.11157143980121],[-114.27400484533077,51.110553829626696],[-114.27143623265455,51.11055533392867],[-114.26906005407753,51.110556548192406],[-114.26906156529631,51.11492645834154],[-114.26906190264617,51.11511324508623],[-114.26906163968411,51.11515591003313],[-114.2690613350847,51.115205290290355],[-114.26906172717057,51.115411072582596],[-114.26906218035893,51.11564812920657],[-114.26906208999978,51.11607227109649],[-114.26906214204104,51.116608316012176],[-114.2689315866889,51.116608244752754],[-114.26892774776935,51.11659600678267],[-114.2689238001365,51.116583774430026],[-114.26891974796426,51.11657155491777],[-114.26891556817333,51.11655936159569],[-114.26891170962884,51.11654836765932],[-114.26890732882327,51.116536232454244],[-114.26890283194605,51.11652411631466],[-114.26889823195901,51.11651201302429],[-114.26889587750235,51.11650597093421],[-114.26889352304627,51.116499928844085],[-114.26888869671816,51.11648785832328],[-114.26888372843777,51.116475816601756],[-114.26887871004018,51.1164637808639],[-114.26887355560588,51.1164517613678],[-114.26886825336099,51.11643977963041],[-114.26886289666905,51.11642780654838],[-114.26885741268592,51.11641583896744],[-114.26885461245273,51.116409877752716],[-114.2688518136494,51.11640391654684],[-114.26884611600427,51.116391993509374],[-114.26884029635889,51.116380102994256],[-114.26883436777449,51.11636823248864],[-114.26882833598191,51.11635638112872],[-114.26882219384969,51.116344547970286],[-114.26881590961005,51.116332753505674],[-114.26880957378225,51.11632096771418],[-114.26880310893668,51.116309206304585],[-114.26879982123022,51.116303341896675],[-114.26879653495375,51.11629747749763],[-114.26878984509953,51.11628575516261],[-114.2687830573567,51.11627407719543],[-114.26877616782123,51.116262419282286],[-114.26876916078677,51.11625078042529],[-114.26876203909747,51.11623916154189],[-114.26875479373841,51.116227590463446],[-114.2687474968343,51.116216025359456],[-114.26874005796557,51.11620448995388],[-114.2687362896222,51.11619874218619],[-114.26873252272307,51.116192993527825],[-114.26872489008939,51.11618150998633],[-114.26871713537163,51.116170064363956],[-114.268709284479,51.11615864512782],[-114.26870131587502,51.11614725844044],[-114.26869326408641,51.116135890124035],[-114.26868507147888,51.11612456950517],[-114.26867682574144,51.11611326474636],[-114.2686684453278,51.116101980735245],[-114.26865997405864,51.11609074833252],[-114.26865138682004,51.11607952869795],[-114.26864270309466,51.116068355238845],[-114.26863391607765,51.11605720632207],[-114.26862503278697,51.11604609008792],[-114.26861603168616,51.11603501269896],[-114.26860694157111,51.116023960841154],[-114.2685977550689,51.11601294886206],[-114.26858845098398,51.11600196133577],[-114.26857906481763,51.11599101287804],[-114.26856956094082,51.115980096968734],[-114.26855996795062,51.1159692128871],[-114.26855026419692,51.11595837399178],[-114.2685404713157,51.1159475678236],[-114.2685305808458,51.11593678713276],[-114.26852058665884,51.11592605796948],[-114.26851049639765,51.11591534889532],[-114.26850030386282,51.1159046904581],[-114.26849001934241,51.115894064730014],[-114.26847962560161,51.11588347700088],[-114.26846914261996,51.11587292919486],[-114.26846102621286,51.115864844924594],[-114.2684503420244,51.115854367826714],[-114.26843957424072,51.115843935185204],[-114.26842870292498,51.11583354237733],[-114.26841773536496,51.11582318045256],[-114.26840667683686,51.11581287733167],[-114.26839551653268,51.11580259336434],[-114.26838427109068,51.115792361040484],[-114.26837292927668,51.11578216769529],[-114.26836146653976,51.11577202936804],[-114.26834996778122,51.115761909706016],[-114.26834254980106,51.11575548777399],[-114.26833833533706,51.11575183868481],[-114.26833248297659,51.11574682903627],[-114.26832663204652,51.11574181939636],[-114.26831480665979,51.11573183892546],[-114.26830291635633,51.11572189673029],[-114.26829092243601,51.11571199976548],[-114.2682788448072,51.11570215445287],[-114.26826668376827,51.11569234190251],[-114.26825441339604,51.11568257454666],[-114.26824206504611,51.115672857979185],[-114.26822962592739,51.11566318762196],[-114.26821709618194,51.11565355447973],[-114.26820446243617,51.11564399085471],[-114.26819178696671,51.11563444495933],[-114.26817898770226,51.11562495496309],[-114.26817255198857,51.1156202322288],[-114.26816611627619,51.11561550949417],[-114.26815314254894,51.115606116460405],[-114.26814007503843,51.1155967795135],[-114.26812696716239,51.11558746480266],[-114.26811373537778,51.11557821318695],[-114.26810708334718,51.11557361324093],[-114.26810043274702,51.1155690133035],[-114.26808704519205,51.115559851570126],[-114.26807354796294,51.115550756619285],[-114.2680600131271,51.1155416902189],[-114.26804636740123,51.115532677099274],[-114.26803262766475,51.11552373445857],[-114.26801885186438,51.11551481318106],[-114.2680049550138,51.1155059550163],[-114.26799797116476,51.11550155180015],[-114.26799098731705,51.11549714858361],[-114.26797692886599,51.11548838746109],[-114.26796278643661,51.115479695080936],[-114.26794860648579,51.115471025853935],[-114.26793430967261,51.11546242606299],[-114.26791994764451,51.11545388343687],[-114.26790550352209,51.115445380777366],[-114.26789097406328,51.115436942353504],[-114.26787637387201,51.115428548465374],[-114.26786167825523,51.1154202241473],[-114.26784694797522,51.11541192300015],[-114.26783211656733,51.115403690487724],[-114.26782466176735,51.11539960637185],[-114.26781720696866,51.11539552225554],[-114.26780222529368,51.11538739315287],[-114.26778717398834,51.11537932928361],[-114.267772051851,51.1153713162465],[-114.26775684590578,51.1153633611571],[-114.2677415735012,51.11535545152954],[-114.26772623280998,51.11534761254131],[-114.26771080696707,51.11533982609467],[-114.26769532315413,51.11533209056058],[-114.26767976134926,51.11532440671324],[-114.26766843182318,51.11531887784096],[-114.26765276140719,51.115311284170176],[-114.2676370256622,51.11530375485984],[-114.26762122621638,51.11529627732566],[-114.26761328672538,51.115292567995745],[-114.26760534867901,51.11528885777471],[-114.26758940018141,51.11528149715126],[-114.26757339351451,51.1152742000334],[-114.2675573160011,51.11526695464682],[-114.26755684054656,51.115266742959776],[-114.26754117467297,51.1152597682324],[-114.26752496812942,51.115252638982106],[-114.26752286010039,51.11525172706952],[-114.26750868028036,51.115245590184955],[-114.26749236189858,51.115238574479726],[-114.26747596099544,51.11523162572584],[-114.26745949067475,51.11522472871202],[-114.26744296205648,51.11521790329925],[-114.26742637393905,51.11521113508627],[-114.26740971629015,51.115204425809445],[-114.26739300045735,51.115197780937436],[-114.2673762264548,51.115191199570724],[-114.26735938730762,51.11518467087029],[-114.26735094149966,51.11518143874066],[-114.26734249712199,51.1151782066194],[-114.26732553579063,51.11517181298927],[-114.26730852933635,51.11516547125119],[-114.26729145755232,51.115159193873026],[-114.26727432196721,51.11515297456707],[-114.26726573217061,51.11514990075957],[-114.26725714238938,51.11514682605191],[-114.26723989615213,51.11514073559103],[-114.26722258725823,51.11513472120158],[-114.2672052578064,51.115128741765446],[-114.2671878456902,51.11512283827533],[-114.26717911624863,51.11511991921843],[-114.26717038680816,51.1151170001609],[-114.26715286392552,51.11511123271174],[-114.26713530307927,51.11510551629966],[-114.26711768393452,51.11509987148818],[-114.26710002519772,51.11509429029802],[-114.2670823039746,51.11508877438489],[-114.26706452323714,51.11508331657054],[-114.26704669709143,51.115077928638264],[-114.2670288327541,51.115072606135215],[-114.26701091023176,51.115067348036476],[-114.26699295088987,51.11506215897395],[-114.26697494206562,51.11505702627376],[-114.26695687061232,51.115051967845616],[-114.26694781870435,51.115049467766305],[-114.2669387682265,51.11504696769526],[-114.26692060611242,51.11504203913626],[-114.26690240409249,51.11503719398778],[-114.26688417452476,51.115032373852756],[-114.26686587776987,51.11502764505363],[-114.26685671887049,51.11502531342269],[-114.26684756141539,51.1150229809005],[-114.26682918105924,51.11501838741223],[-114.26681077407169,51.115013851328946],[-114.2667923029542,51.115009394006165],[-114.26677380664853,51.115004993197786],[-114.26676422619113,51.11500274797743],[-114.26676124416018,51.11500206446868],[-114.26674569668504,51.11499845850777],[-114.26672711605309,51.11499423888397],[-114.26671781592952,51.11499216184515],[-114.26670851582102,51.11499008390606],[-114.26668985730318,51.11498599962868],[-114.26667116023647,51.11498200326812],[-114.26665245122756,51.11497803921554],[-114.26663369093579,51.114974154903436],[-114.26663156820192,51.11497372237337],[-114.26662928324758,51.11497324474514],[-114.26661045148104,51.11496945174102],[-114.26659158736588,51.114965716105864],[-114.26657269068843,51.114962051332434],[-114.26655376848024,51.11495846466169],[-114.26653479963214,51.11495493527022],[-114.26651580678192,51.114951477693744],[-114.26649677995424,51.114948090070435],[-114.26647772207843,51.11494476792065],[-114.26645863879966,51.11494151577777],[-114.2664395228441,51.11493834169268],[-114.26642037442531,51.11493523217255],[-114.26640120048936,51.114932199855474],[-114.26638199418973,51.11492922580671],[-114.26637667293244,51.1149284241576],[-114.26636277380561,51.1149263290327],[-114.26634350952514,51.11492349675186],[-114.26632423258908,51.114920741754695],[-114.26630492328907,51.11491804502581],[-114.26629801769359,51.11491710928651],[-114.26628559418778,51.114915425535735],[-114.26626623812537,51.11491288413918],[-114.26624686219029,51.11491042447902],[-114.26622747141057,51.114907999807194],[-114.26620804512338,51.114905651376006],[-114.26618860024988,51.11490339368532],[-114.26616913588802,51.114901193444005],[-114.26614966457198,51.11489907142167],[-114.26613015508936,51.11489701302873],[-114.26612039616323,51.114896022487876],[-114.26611063866663,51.114895031955214],[-114.26609109671107,51.11489312898409],[-114.26607153525251,51.11489128436179],[-114.26605196829692,51.11488951616836],[-114.2660323873551,51.11488781895291],[-114.26601277393408,51.114886187201655],[-114.26600296733295,51.1148854095588],[-114.26599316073218,51.114884631915146],[-114.2659735292422,51.11488314847919],[-114.2659538791505,51.114881756683126],[-114.26593422574571,51.11488039365042],[-114.2659145550541,51.114879129462764],[-114.26589487300573,51.114877950663235],[-114.26587518765835,51.114876799727526],[-114.26585547786405,51.114875748491464],[-114.26583576848769,51.114874761126856],[-114.26581604491028,51.114873858232905],[-114.2657963232795,51.11487301292276],[-114.26577658030196,51.11487225203836],[-114.26575683927092,51.11487154873778],[-114.2657370968148,51.11487093538567],[-114.2657173420995,51.114870374130504],[-114.26569758044216,51.114869890194676],[-114.26567781887411,51.114869490819196],[-114.26565804497532,51.11486914803826],[-114.26563828402759,51.114868889898425],[-114.26561850347511,51.11486869640391],[-114.26559874170395,51.11486858039024],[-114.26557896175697,51.114868529030865],[-114.26556907687961,51.114868542514856],[-114.26555919344563,51.1148685551075],[-114.26553942555088,51.11486864505556],[-114.26551965748797,51.11486883575529],[-114.26549989035489,51.1148690579438],[-114.26548011622167,51.11486936104969],[-114.26546527756688,51.114869645676315],[-114.26546363608611,51.11486969024136],[-114.26544551578456,51.11487007120061],[-114.26542575430429,51.114870567792494],[-114.26540601313334,51.11487113557761],[-114.26538627788082,51.11487178076287],[-114.26536652873882,51.1148724906293],[-114.26534680696587,51.11487327713101],[-114.2653270840511,51.11487413559084],[-114.26530737431396,51.114875064299554],[-114.2652876648782,51.11487606407586],[-114.26526796144587,51.11487713585518],[-114.26524827702148,51.11487827072319],[-114.26522860697521,51.11487949024135],[-114.26520893590072,51.11488077452151],[-114.26518929076542,51.11488213542801],[-114.2651696446017,51.11488356109654],[-114.26515002579183,51.11488506429993],[-114.26513040595336,51.11488663226535],[-114.2651108135827,51.11488827056949],[-114.2650912327313,51.11488999350589],[-114.26507167087277,51.114891780430554],[-114.26505211646008,51.11489363846774],[-114.26503258674224,51.11489556142865],[-114.26501307714643,51.1148975672767],[-114.26499358079823,51.114899638876125],[-114.26498384212057,51.11490070667039],[-114.26497410344248,51.11490177446383],[-114.26495464486503,51.114903987532635],[-114.26493522350142,51.114906287194486],[-114.26491581305494,51.11490861930759],[-114.26489641960056,51.114911051380794],[-114.26487704522387,51.11491354204524],[-114.26485769677056,51.114916110235704],[-114.26483838721668,51.11491874883694],[-114.26481907807624,51.11492145130974],[-114.26479981352293,51.11492422602832],[-114.26478056776138,51.11492707732856],[-114.26476134250616,51.11492998722906],[-114.26475175566654,51.11493148327244],[-114.26474216165224,51.11493298106912],[-114.2647229870277,51.11493603252011],[-114.2647038583333,51.11493916162306],[-114.26468475434659,51.11494235475041],[-114.26466567791138,51.114945612819625],[-114.26464663168593,51.114948948442006],[-114.26463712158471,51.11495065186838],[-114.26462761292618,51.11495235440343],[-114.2646086188452,51.114955826188336],[-114.26458967082242,51.11495936752962],[-114.26457076166936,51.11496298108092],[-114.26455186437576,51.114966657676305],[-114.26454245013403,51.11496853442257],[-114.26453302585925,51.11497041290422],[-114.2645141935713,51.114974225743154],[-114.26449541302902,51.11497810997357],[-114.26447667138466,51.11498206461505],[-114.26446150974189,51.114985315788694],[-114.26435621945424,51.11500783904597],[-114.26355969070133,51.115181845522436],[-114.26276343235152,51.11535518707381],[-114.26273180761832,51.11536206940058],[-114.26196738107869,51.115528431858095],[-114.26177581992795,51.11557010338652],[-114.2617688970068,51.11557159981016],[-114.26176737557465,51.11557191226479],[-114.26175740705919,51.115574025483255],[-114.26174587688422,51.11557637443457],[-114.26173432201597,51.11557865845709],[-114.26172272244673,51.11558087742451],[-114.26171109684121,51.115583026056946],[-114.26169944521376,51.11558510345491],[-114.26168775496038,51.11558709334588],[-114.26167604520002,51.11558905162625],[-114.26166428976855,51.11559091605786],[-114.26165252953716,51.115592722883086],[-114.2616407219476,51.115594452041805],[-114.26162888976556,51.115596109975044],[-114.26161704575283,51.11559770306061],[-114.26160517437548,51.1155992195055],[-114.26159327126018,51.115600664679775],[-114.26158136060172,51.11560204503343],[-114.26156943259701,51.11560334791005],[-114.26155746415073,51.11560458755752],[-114.2615454969656,51.11560574804624],[-114.26153358673454,51.11560683242675],[-114.26152161302399,51.11560786422788],[-114.26150961919525,51.115608813136824],[-114.26149761353636,51.11560969719804],[-114.26148559350459,51.115610496604134],[-114.26147356141333,51.11561124555478],[-114.2614636822965,51.11561178409946],[-114.26146151647879,51.115611903562694],[-114.26145596762541,51.11561219957311],[-114.26144400681294,51.11561278074421],[-114.26143205143482,51.11561328997981],[-114.26142008431295,51.11561372897058],[-114.26141049000745,51.11561397423827],[-114.26139734773848,51.1156142519713],[-114.26138621330917,51.115614457822055],[-114.26137404479552,51.11561461935642],[-114.26136189609389,51.11561470364842],[-114.26134972853183,51.11561471585136],[-114.26133758066715,51.115614658008056],[-114.26132541974474,51.115614522714715],[-114.26131326414249,51.11561432268194],[-114.26130111549038,51.11561404532556],[-114.26128897358768,51.11561370323877],[-114.26128074848664,51.11561341288261],[-114.26126865152355,51.11561294153407],[-114.26125654873476,51.115612387383536],[-114.26124447118815,51.11561177401711],[-114.26123240629414,51.1156110842627],[-114.26122035408152,51.11561031632129],[-114.26120830290216,51.11560948361337],[-114.26119627142081,51.11560858085926],[-114.26118425109146,51.11560760620574],[-114.26117224495893,51.11560654797714],[-114.26116024546158,51.11560543221432],[-114.26115424207134,51.115604833827085],[-114.26114828437021,51.11560423842707],[-114.26113632868586,51.11560297450331],[-114.26112438681119,51.1156016512915],[-114.26111247769789,51.115600245521534],[-114.26110059402819,51.11559876794249],[-114.26108872282529,51.11559722566925],[-114.26108279993842,51.115596419078],[-114.26107687705178,51.115595612486466],[-114.26106505109163,51.11559392206139],[-114.26105325759183,51.11559216796811],[-114.26104148381938,51.11559034202965],[-114.26102974843911,51.11558843896635],[-114.2610180325711,51.11558647755066],[-114.26100636081182,51.11558443904625],[-114.26099470284841,51.11558234215335],[-114.26098309042295,51.115580168180806],[-114.26097150344167,51.11557792239929],[-114.26095994892111,51.11557561294959],[-114.26094843840909,51.11557323270788],[-114.26094737425466,51.1155730127752],[-114.26093589071664,51.115570554436836],[-114.26092443810988,51.11556803871793],[-114.26091303228395,51.11556545762219],[-114.26090167055284,51.11556280033737],[-114.2608903355949,51.11556007754929],[-114.2608790445453,51.115557290265876],[-114.26086780046326,51.11555442591193],[-114.2608566001892,51.115551503359335],[-114.26084543820755,51.11554850997865],[-114.26083432850822,51.11554546475013],[-114.26082325874582,51.115542335209845],[-114.26081224553882,51.115539154748376],[-114.26080127787048,51.11553589720746],[-114.26079035545382,51.115532580577415],[-114.26077947121499,51.11552920031555],[-114.26076866692871,51.115525735994936],[-114.260757890228,51.11552224485949],[-114.260747167727,51.11551867130176],[-114.2607365091569,51.11551503247581],[-114.26072590307035,51.11551132920893],[-114.26071536079994,51.115507567870026],[-114.26070485815106,51.1155037420089],[-114.26069443228091,51.115499851860434],[-114.26068404583141,51.11549590978303],[-114.26067372923042,51.11549188988041],[-114.26065349836472,51.11548398485865],[-114.26064336751955,51.115480057887815],[-114.26063323231696,51.1154761353866],[-114.26061288962825,51.1154683421017],[-114.26060268912978,51.1154644812579],[-114.2605924900765,51.11546061952271],[-114.26058516033163,51.11545787345172],[-114.26057203243357,51.11545295504734],[-114.26056177380082,51.11544915500568],[-114.26055151659888,51.11544535497214],[-114.26053094267289,51.11543781300048],[-114.26052062303316,51.115434074642344],[-114.26051030340943,51.11543033538378],[-114.26048961309968,51.11542292221234],[-114.26047924532926,51.11541924471948],[-114.26046887756051,51.115415567225696],[-114.26044807095289,51.11540827745727],[-114.26042721913014,51.11540104497408],[-114.26041676401417,51.1153974676793],[-114.26040631032893,51.11539389039263],[-114.26038534212181,51.11538678670935],[-114.2603748288567,51.11538327111595],[-114.26036431560755,51.115379754622104],[-114.26034324539316,51.11537277443192],[-114.26034214777316,51.11537241304358],[-114.26032105183428,51.115365522647444],[-114.26029990341938,51.11535869668731],[-114.26027870252844,51.115351935163154],[-114.26026807369325,51.11534858705573],[-114.26025744485962,51.115345238947334],[-114.2602361348295,51.115338599971274],[-114.26022546066368,51.11533531634494],[-114.26021478651374,51.11533203181813],[-114.2601933799908,51.1153255289642],[-114.2601826575785,51.11532231339892],[-114.26017193518204,51.11531909693315],[-114.26015042525026,51.11531271576373],[-114.26012887120113,51.11530641257712],[-114.26011807441883,51.11530329009457],[-114.26010727763799,51.115300167611025],[-114.26008562006467,51.11529399330491],[-114.26007477789376,51.11529093890134],[-114.26006393573866,51.11528788359725],[-114.26004219331992,51.11528183199248],[-114.26003130010128,51.115278842033625],[-114.2600204068984,51.11527585117423],[-114.259998573702,51.11526993572726],[-114.25997669090115,51.11526408383447],[-114.25996572891327,51.11526119419036],[-114.25995476837025,51.115258303654755],[-114.25993280623854,51.11525258709244],[-114.25992180316324,51.115249764654756],[-114.25991080008927,51.115246942216054],[-114.25988874860822,51.115241361820374],[-114.25986665762673,51.115235838745406],[-114.25985559006894,51.11523311664943],[-114.25984452252683,51.11523039365289],[-114.25982233504996,51.11522500669915],[-114.25980010918535,51.11521969686448],[-114.25978898287555,51.11521707424676],[-114.25977785799613,51.11521445163705],[-114.25975555422848,51.11520927714154],[-114.25974438973194,51.11520671904961],[-114.25973322523664,51.11520416095661],[-114.25971083936452,51.11519911637596],[-114.2596996394387,51.115196629124476],[-114.2596884395141,51.115194141871925],[-114.25966597430914,51.115189232621205],[-114.25964348369283,51.115184393374705],[-114.25963222499972,51.11518200650076],[-114.25962096773692,51.11517961963479],[-114.25959840064547,51.11517491573618],[-114.25958710376506,51.11517259338788],[-114.25957580688579,51.11517027103847],[-114.2595531674912,51.115165709710986],[-114.25954183512337,51.11516346180104],[-114.25953050277104,51.115161212990486],[-114.25950779414681,51.11515678075934],[-114.25949642930776,51.11515459741115],[-114.25948506448417,51.115152413162335],[-114.25946229071599,51.115148122647874],[-114.25943949009213,51.11514390302791],[-114.25942807640212,51.11514182551743],[-114.25941666414225,51.11513974801489],[-114.25939378702726,51.115135664641976],[-114.25937089736179,51.11513165135451],[-114.25936585181731,51.11513077466574],[-114.25884689063098,51.11631978739867],[-114.25885300669074,51.116320851715535],[-114.25886480765512,51.11632294972783],[-114.25887079408075,51.11632398713352],[-114.25888853603279,51.116327193329845],[-114.25890625111147,51.116330471321795],[-114.2589239222966,51.11633381290503],[-114.25894157355279,51.11633723892243],[-114.25895918683362,51.11634071597416],[-114.25897676742406,51.116344271081964],[-114.2589943155544,51.11634788985358],[-114.25901182547936,51.11635157405181],[-114.2590292841496,51.116355335288944],[-114.2590467232079,51.11635916117094],[-114.25906412264625,51.116363051571064],[-114.25908147093082,51.11636701271351],[-114.25909879950294,51.116371044797454],[-114.25911607139182,51.116375135893854],[-114.25913331643703,51.11637929698701],[-114.25915050900028,51.11638352251687],[-114.25916766458647,51.11638782607584],[-114.25918477495165,51.11639218692068],[-114.25920184568298,51.11639661318332],[-114.25921886527543,51.116401109288894],[-114.25923584523417,51.11640567081229],[-114.2592527811855,51.11641030312345],[-114.25926967037188,51.1164149999077],[-114.25928650278932,51.11641976110166],[-114.25930330273341,51.11642458685928],[-114.25932005162527,51.11642947706285],[-114.2593292882064,51.11643221819778],[-114.2593367480214,51.11643443260287],[-114.25935339337978,51.11643945168944],[-114.25937000616439,51.11644454163629],[-114.25937827348925,51.11644711649826],[-114.25938654225857,51.11644969046918],[-114.25940303864766,51.11645490921768],[-114.25941949683285,51.116460193393245],[-114.25943588987595,51.116465529331194],[-114.25944378091019,51.116468128793684],[-114.2594601165684,51.1164735678197],[-114.25947637983826,51.11647906485952],[-114.25949260054506,51.116484631796936],[-114.25950876191288,51.11649024513594],[-114.25952487774438,51.11649593555063],[-114.25953290017293,51.116498810219476],[-114.25954092261686,51.11650168398827],[-114.25955692205379,51.116507503205],[-114.25957285206155,51.11651337415718],[-114.25958873530534,51.11651930958283],[-114.25960454891877,51.11652530933721],[-114.25962031575392,51.11653137446462],[-114.25963612390082,51.11653753790871],[-114.25965248309883,51.116543921644926],[-114.25966882653157,51.11655021891668],[-114.25967700953606,51.11655333208865],[-114.25968531617367,51.11655649012355],[-114.25970187106655,51.11656270326664],[-114.25971848416503,51.11656885200406],[-114.25973514843827,51.116574929094476],[-114.25975187784715,51.11658095531716],[-114.25976865833006,51.116586916189405],[-114.25978550263441,51.11659281898868],[-114.2598023939121,51.11659864471659],[-114.25981934889612,51.11660441956766],[-114.25983635485338,51.11661013536475],[-114.25985340063805,51.116615774045194],[-114.2598705230057,51.11662136103059],[-114.25988769393366,51.11662686105886],[-114.25990488967871,51.116632328855786],[-114.2599221553207,51.11663771612783],[-114.25993946487608,51.11664303890347],[-114.25995683253576,51.116648303569725],[-114.25997424565286,51.11665349655245],[-114.2599917155312,51.11665862601962],[-114.2600004454521,51.11666114708949],[-114.26000923229599,51.116663683812256],[-114.26002678704171,51.11666869056494],[-114.26004438744575,51.116673613040774],[-114.26006203299077,51.11667848362231],[-114.26007973541172,51.11668328349205],[-114.26009748317469,51.11668801887425],[-114.26011526493257,51.11669268429942],[-114.26013309634854,51.11669728346509],[-114.26015096154379,51.11670182616646],[-114.26016889088974,51.11670629010546],[-114.26018683830848,51.11671069658115],[-114.26020483831522,51.11671503231776],[-114.26022287804744,51.11671929723388],[-114.26024096742303,51.11672349678991],[-114.2602499778087,51.116725551819265],[-114.26025907793056,51.11672762630738],[-114.26027723951047,51.11673169047374],[-114.26029542642347,51.11673569002578],[-114.26031365744966,51.11673961248774],[-114.2603291544028,51.11674289692351],[-114.26034746467751,51.11674669033795],[-114.26035663248092,51.116748554738315],[-114.26036580028506,51.11675041913798],[-114.26038418000549,51.11675407084787],[-114.26040259380588,51.116757647203364],[-114.26042102534785,51.116761186784245],[-114.26043949678684,51.116764644750226],[-114.26045800667919,51.11676802199176],[-114.26047653617292,51.1167713354822],[-114.26049510953493,51.11677458717416],[-114.2605043576617,51.11677616599562],[-114.26051370987375,51.116777760767896],[-114.2605323413475,51.116780864386136],[-114.26055100420022,51.1167838827371],[-114.2605696775477,51.11678687056478],[-114.26058839951008,51.116789767836465],[-114.26060713548588,51.11679259322517],[-114.26062590259622,51.11679534863829],[-114.26064469648175,51.11679803854633],[-114.26066352304571,51.116800651291705],[-114.26068236206437,51.11680320024061],[-114.26070121948403,51.116805671036936],[-114.26072011652666,51.11680807730897],[-114.2607390249822,51.11681039548854],[-114.26075794830545,51.11681267777471],[-114.26077691020988,51.116814871240564],[-114.26079588468338,51.116816993713776],[-114.26081487734203,51.11681905152708],[-114.26083388419968,51.11682102576355],[-114.2608529221048,51.1168229354214],[-114.26087197713882,51.11682475702288],[-114.26089103847944,51.11682654177719],[-114.26091012276592,51.116828232214594],[-114.26091966751986,51.11682904821137],[-114.26092921941995,51.116829864252566],[-114.26094833588864,51.11683141904634],[-114.26096745222101,51.116832892871464],[-114.2609865937688,51.11683430927791],[-114.2610057550736,51.11683565203827],[-114.26102491938711,51.11683689585762],[-114.26104408989187,51.116838110025896],[-114.26106328329864,51.11683923257578],[-114.26108247773945,51.116840290357274],[-114.26110168351966,51.11684126454375],[-114.26112091024157,51.11684218038491],[-114.26114013532546,51.116843019745865],[-114.26115936165824,51.1168437808457],[-114.26117860045791,51.11684447724941],[-114.26119784476509,51.11684509721805],[-114.26121710308296,51.11684564530344],[-114.26122672990019,51.11684588694429],[-114.261236361005,51.116846128611414],[-114.26125562596384,51.11684652919675],[-114.26127488506823,51.11684684877722],[-114.26129414899115,51.1168471350995],[-114.26131342602588,51.11684731624732],[-114.26133268970145,51.11684743883306],[-114.26135195471106,51.116847477760565],[-114.26137123923213,51.11684745833361],[-114.26138091641648,51.11684740970661],[-114.26139050926585,51.11684736144573],[-114.26140978053293,51.11684718719619],[-114.26142903738418,51.11684693098814],[-114.26144830338386,51.116846638850376],[-114.2614675680451,51.116846251342565],[-114.26147719664743,51.11684602247924],[-114.26148682524966,51.116845793615106],[-114.26150607062387,51.11684527103798],[-114.26151865766046,51.11684487733464],[-114.26152087721296,51.116844797792346],[-114.2615379034546,51.116844238705575],[-114.26155714210716,51.11684351006745],[-114.26156675189509,51.11684311644973],[-114.26157636168287,51.11684272283121],[-114.26159558667815,51.116841864557024],[-114.26161479994302,51.1168409351366],[-114.26163400585082,51.11683992919991],[-114.261653194211,51.11683885837751],[-114.26167238094494,51.11683771017545],[-114.26169154891696,51.116836483585914],[-114.26171070921617,51.1168352002695],[-114.26172985799946,51.116833832314136],[-114.26174900065362,51.116832400444785],[-114.26176811767203,51.11683087305206],[-114.26178722525847,51.11682930961235],[-114.26180632261439,51.11682767053792],[-114.26182538698782,51.11682594848823],[-114.26184445096271,51.116824161661185],[-114.26186349055853,51.11682229011402],[-114.26188252249516,51.11682036094051],[-114.26190151303157,51.11681833884302],[-114.2619205026675,51.11681628345126],[-114.26193947805714,51.11681413530692],[-114.26195841481861,51.11681189965377],[-114.26197734207572,51.116809632451286],[-114.26199624501051,51.1168072769307],[-114.26201512200736,51.116804844776716],[-114.26203398727185,51.11680234147663],[-114.26205281915152,51.11679978038795],[-114.26207163235348,51.11679713551486],[-114.26209041228509,51.116794425657034],[-114.26210916760722,51.11679164547152],[-114.26212788975916,51.11678879400468],[-114.26214660722377,51.116785877733506],[-114.26216527732667,51.116782883794286],[-114.2621839227195,51.116779825824],[-114.26220253494182,51.116776696572465],[-114.26222112245391,51.11677350328993],[-114.2622396840414,51.11677023247462],[-114.2622582067415,51.116766890342014],[-114.26227669605588,51.116763490420965],[-114.26229516077434,51.11676001927285],[-114.26231359956789,51.11675647059201],[-114.2623319936425,51.116752857754015],[-114.26235034881502,51.116749174498345],[-114.26236867786186,51.11674542630324],[-114.26238696087496,51.11674160674588],[-114.2624052192917,51.11673771596155],[-114.26241550273386,51.11673549672128],[-114.26260705128655,51.11669380607217],[-114.26338604779141,51.11652430341675],[-114.26340350990012,51.116520503718625],[-114.26420018695045,51.116346929239356],[-114.26470421298737,51.11623702614683],[-114.26470324883229,51.11652721191303],[-114.26470324436289,51.11652839396932],[-114.26470334704565,51.11722555448063],[-114.26470334791746,51.117236845459786],[-114.26470334165764,51.11724813549444],[-114.26470301910847,51.11777280612283],[-114.26470415477539,51.11821677400298],[-114.2647044189812,51.11831998041714],[-114.26470414198282,51.118647186542766],[-114.26470395539336,51.118868025458255],[-114.2647041189435,51.11941653858923],[-114.2647042261542,51.11977401255202],[-114.26470410378363,51.119937406519625],[-114.2668189093622,51.11993807778628],[-114.26893344504676,51.11993854179053],[-114.26906304075291,51.11993905953139],[-114.26906307190418,51.11997186838957],[-114.26906414383468,51.12110512057876],[-114.26906380038929,51.122705296367485],[-114.26893319975642,51.12270528423834],[-114.26684126528698,51.122705083650295],[-114.26679773615339,51.12270507162683],[-114.26470607679664,51.12270427770876],[-114.26470607574491,51.12270470411571],[-114.26470594150071,51.122873070953176],[-114.26470548407526,51.12377913561826],[-114.26470648427653,51.12432812944578],[-114.26470683201849,51.12487580659426],[-114.26470686436441,51.12495795434918],[-114.26441942657515,51.12495765805839],[-114.26441939426417,51.12492954155884],[-114.26441930324377,51.124875690550866],[-114.26441906088927,51.124597000870416],[-114.2644186776426,51.124156355042736],[-114.26441847511943,51.12401835053898],[-114.26441823827604,51.123857935718675],[-114.2644181615235,51.12377924485576],[-114.26441796812439,51.12357343255792],[-114.26441754831141,51.1231040322978],[-114.26350515097877,51.123104325126484],[-114.26343176150084,51.12310434869108],[-114.26343222926403,51.12290442664938],[-114.2634323567146,51.12284976285166],[-114.26343269717765,51.12270404490283],[-114.26339068602297,51.12270404117211],[-114.26334698090923,51.1227040384505],[-114.26205434273997,51.122703832146854],[-114.26199727789282,51.12270381298577],[-114.26191132269182,51.12270381926649],[-114.26095747082506,51.12270366412195],[-114.25986341235114,51.122703748307615],[-114.25937080959129,51.12270355597414],[-114.25876765813548,51.122703315825255],[-114.25767150328582,51.12270299377778],[-114.25767152657775,51.12274782853727],[-114.25767198082723,51.123622142263656],[-114.2576721026076,51.12367599350084],[-114.25767234818021,51.12390067095767],[-114.25767227082741,51.12395454881608],[-114.25767317456298,51.12487367102532],[-114.25767331560927,51.12492756825332],[-114.25767336159939,51.12495573522858],[-114.257657754111,51.124965697356494],[-114.25763306462726,51.124981456469726],[-114.25760005140181,51.12500252888978],[-114.25759932875036,51.12518306455188],[-114.25760145863775,51.132249058087496],[-114.25760177545568,51.13235270634772],[-114.25760187675144,51.132385889839036],[-114.25760194885783,51.13260965816272],[-114.25760356114141,51.133616458161924],[-114.25760384770102,51.133808214447086],[-114.25760458709198,51.134304225484776],[-114.25760552191245,51.134841010524326],[-114.25760565104048,51.13491561289722],[-114.25760585270916,51.135027866002005],[-114.25760603629115,51.135139909381856],[-114.25760692888794,51.13572399350853],[-114.25760865263477,51.136730677635526],[-114.25760903286982,51.13704533572221],[-114.25760985198579,51.13773768391925],[-114.25761230267295,51.1393281292632],[-114.25761076081868,51.1394206060084],[-114.25761303752383,51.1395993601609],[-114.25761307771576,51.139602471248004],[-114.25761296909654,51.13969751016363],[-114.25761041969093,51.141915883781195],[-114.25761053348968,51.14313189805446],[-114.25761056785963,51.14349528424366],[-114.25761019250128,51.143612116104606],[-114.2576086387859,51.144095180860816],[-114.25760942627977,51.14442445160364],[-114.25760901215324,51.14489299312967],[-114.25760900011308,51.1449768325088],[-114.25760746442737,51.14682702545415],[-114.25761109052446,51.15121512909794],[-114.2576113415753,51.15148474159286],[-114.25761022819034,51.15290703753167],[-114.25760935478205,51.15402250373851],[-114.25760969487828,51.15411692454491],[-114.25761000708404,51.154203812803786],[-114.25733133507181,51.15420431979004],[-114.2573225932728,51.15420433535501],[-114.2572493233712,51.15420452863147],[-114.25482175308983,51.154208969860804],[-114.25455294860008,51.15420945842244],[-114.24593952429954,51.154220199200935],[-114.24587497340755,51.15422027693234],[-114.24387212218927,51.154224761642226],[-114.23724024576926,51.1542393680004],[-114.23580281864423,51.154242644974794],[-114.23443147124965,51.154245764645324],[-114.23440798357788,51.15424581782541],[-114.234365388541,51.15424591056169]]]}},{"type":"Feature","properties":{"name":"Calgary-North","originalGeometryName":"Calgary-North","displayName":"Calgary-North","divisionNumber":19,"sourceProperties":{"EDNumber20":19,"EDName2017":"Calgary-North","Km2":21.19738388,"Hectares":2119.73828125,"Acres":5237.98779297,"Authority":"Legislative Assembly of Alberta","Shape_Leng":22002.5393425,"Shape_Area":21197383.5649},"level":"provincial","effectiveFrom":"2019-03-19","sourceUrl":"https://www.elections.ab.ca/resources/maps/","licenceUrl":"https://www.elections.ab.ca/terms-conditions/","geometryProcessing":"Original source vertices, coordinate projection converted to WGS84 for GeoJSON; no simplification, repair or rounding. Original source attributes retained separately."},"geometry":{"type":"Polygon","coordinates":[[[-114.08293032380625,51.18475261985896],[-114.08293039982713,51.18342804493203],[-114.0829299806445,51.183336430248204],[-114.07868797231491,51.18334508464525],[-114.07553100755074,51.183351426429276],[-114.0742817917217,51.183353911901854],[-114.07129313830285,51.18336008647792],[-114.07125920414717,51.17957665967907],[-114.07125790409894,51.17942895900911],[-114.07121970525644,51.17903195945104],[-114.07077392899842,51.17810781515508],[-114.07042154472576,51.17753311436401],[-114.06965634673011,51.17622309588579],[-114.06925551190744,51.175344898338416],[-114.0690655212713,51.17484011339968],[-114.0690003500047,51.17446213982918],[-114.06895950906352,51.17407560214667],[-114.06892950875525,51.173761347877],[-114.06889457647571,51.173273060152916],[-114.06885895670769,51.17277602450834],[-114.06885180949,51.17265882059104],[-114.06884778855512,51.17240757558295],[-114.06886698889328,51.17202517523057],[-114.06886436247488,51.17164081269923],[-114.06878061957492,51.171093190268934],[-114.0685824667954,51.170648943102044],[-114.06825134603116,51.16995192325372],[-114.06794766722138,51.1692637995374],[-114.06785873809856,51.16888117987062],[-114.06788041446815,51.16849076205653],[-114.06793739554502,51.16771871346264],[-114.06804119279779,51.167363669365145],[-114.06827219250408,51.16686208084389],[-114.06881070164506,51.166171984513916],[-114.06992153858462,51.16487166956575],[-114.07050762635977,51.16428128482207],[-114.07090518626836,51.16361941742116],[-114.07114101493939,51.16287482639765],[-114.07119950348859,51.162024669991496],[-114.07111230217379,51.16155526810691],[-114.0708709892186,51.16051177478053],[-114.07063560616386,51.15955823852634],[-114.07061571187751,51.159476849234146],[-114.07022976247887,51.158076332382414],[-114.06984540544258,51.15658765925647],[-114.06939487838352,51.155665384844895],[-114.06869212782783,51.154922006976186],[-114.06791363213826,51.154253295241126],[-114.06776279137165,51.15416987673747],[-114.06744042939373,51.153948061830704],[-114.06725968132064,51.15380325132686],[-114.0669194406847,51.15353065774635],[-114.06656563791121,51.15325925755972],[-114.06821327795065,51.15205219212725],[-114.0683913998039,51.15192169461231],[-114.06850170860073,51.15183195526416],[-114.06909735472834,51.15134737250844],[-114.07009277771363,51.15055120778901],[-114.0708845776858,51.149959675769466],[-114.07160017689748,51.14952082113792],[-114.07231484208131,51.149127941987736],[-114.07344450461517,51.14862825944392],[-114.07446426427636,51.148253105893055],[-114.07560494240026,51.147912355772156],[-114.0773426581692,51.14754285558378],[-114.07915314336928,51.14718923105995],[-114.08194222436089,51.14664399003251],[-114.08248102475441,51.14651025803305],[-114.08375719209555,51.14606039778474],[-114.0845180066679,51.14579043636483],[-114.08515637598109,51.1455501701893],[-114.08855956522098,51.1447489821223],[-114.09249937495669,51.14385437378533],[-114.09349310500266,51.14485152234009],[-114.09630250089802,51.14763534002795],[-114.09742600591044,51.1487810855184],[-114.09906450544409,51.15041872388442],[-114.09932262530482,51.1506458806657],[-114.10049977982588,51.1514805601568],[-114.10075937268878,51.151632668754345],[-114.10220113287578,51.15236428501678],[-114.10293541753074,51.15265513296642],[-114.10559177338043,51.1535311175742],[-114.10663577389558,51.15385433266854],[-114.10888943483728,51.15457705310499],[-114.11192672887599,51.15551583974434],[-114.11608335810139,51.15677108188521],[-114.11722016595316,51.15711520737866],[-114.1183307151668,51.15747847800849],[-114.1192155908658,51.157737419737934],[-114.12032643328688,51.158113276116445],[-114.12088140583909,51.158325164306945],[-114.12130935526912,51.158536095718226],[-114.1218377172781,51.15881169117279],[-114.12218936822933,51.15902945206528],[-114.12249069203494,51.159216045272835],[-114.12285902224944,51.15946274547937],[-114.12311796936564,51.15963618096564],[-114.12369565498605,51.159992029108174],[-114.12437285923929,51.16046046576102],[-114.12509968174909,51.16099318215318],[-114.12580672198922,51.16153404587579],[-114.12590123378764,51.1616063438014],[-114.12620471564719,51.16185311452978],[-114.12695236034011,51.16246103342542],[-114.12767873929411,51.16309489723905],[-114.12855046908071,51.16395891520971],[-114.12874722773071,51.16415544527213],[-114.12959808942475,51.16500529197589],[-114.13017078322409,51.16563269843686],[-114.13069177216319,51.16630765148647],[-114.1314363667502,51.16725589053688],[-114.13193266304883,51.167996714304444],[-114.13106620887214,51.16802009083561],[-114.12982047104597,51.168042786667485],[-114.12865066444552,51.168082013648956],[-114.12771045903943,51.16807500660987],[-114.12723180880836,51.168083715210116],[-114.12646471852531,51.168097666690215],[-114.12506681392098,51.16810319761861],[-114.12354244274364,51.168098396780216],[-114.1213819246549,51.16809155802978],[-114.1179354241314,51.168102820028324],[-114.11793316681376,51.17035471779746],[-114.11792950730705,51.17107141732207],[-114.11792295648193,51.17235448604455],[-114.11791675767635,51.17356821282829],[-114.1179589050754,51.17972545953517],[-114.11796270455136,51.17983625923197],[-114.11796290581596,51.17996925923588],[-114.1179632053532,51.18010835929867],[-114.11796480400693,51.18027215880739],[-114.11796550570003,51.180464658838105],[-114.11796640489533,51.180671858993975],[-114.11796830414669,51.180776559419876],[-114.11797080550267,51.180882559814094],[-114.11797240515403,51.18099035981454],[-114.1179730043295,51.181101159648726],[-114.1179746039928,51.18121555914523],[-114.11797570460514,51.181332858800985],[-114.11797550508176,51.18145115980811],[-114.11797630464636,51.18156705920396],[-114.11797820392582,51.18167985965401],[-114.11798250492134,51.18189555968896],[-114.11798380397906,51.18209725902859],[-114.11798380480751,51.18228095918223],[-114.11798200451845,51.182443460065485],[-114.11797580476613,51.18259115896978],[-114.11796750466145,51.18272876016817],[-114.11796970501217,51.18285105909062],[-114.11796240528264,51.18304596003182],[-114.1179124042851,51.183277860012375],[-114.11791234684011,51.18481642576842],[-114.11791120510804,51.212290160226594],[-114.11791120540698,51.21230153836966],[-114.11775100250512,51.21230178802238],[-114.11766754163008,51.2123019144246],[-114.10623722550696,51.212318832931594],[-114.10571098092147,51.21231958665619],[-114.10048152056484,51.212326944124264],[-114.09472351106555,51.21233478135361],[-114.09458090535861,51.21233513991283],[-114.09443566700143,51.21233550491354],[-114.08295327991766,51.21236415843958],[-114.08293350498599,51.21236420497939],[-114.08293355496629,51.21235685832285],[-114.08293356287354,51.212355739280135],[-114.08293153419248,51.205124023116944],[-114.08292932729391,51.197893865705524],[-114.08292950757182,51.197891276258915],[-114.08292997879006,51.19065956486583],[-114.08293032380625,51.18475261985896]]]}},{"type":"Feature","properties":{"name":"Calgary-Beddington","originalGeometryName":"Calgary-Beddington","displayName":"Calgary-Beddington","divisionNumber":2,"sourceProperties":{"EDNumber20":2,"EDName2017":"Calgary-Beddington","Km2":27.63926315,"Hectares":2763.92651367,"Acres":6829.81103516,"Authority":"Legislative Assembly of Alberta","Shape_Leng":27187.7334482,"Shape_Area":27639263.9955},"level":"provincial","effectiveFrom":"2019-03-19","sourceUrl":"https://www.elections.ab.ca/resources/maps/","licenceUrl":"https://www.elections.ab.ca/terms-conditions/","geometryProcessing":"Original source vertices, coordinate projection converted to WGS84 for GeoJSON; no simplification, repair or rounding. Original source attributes retained separately."},"geometry":{"type":"Polygon","coordinates":[[[-114.10220113287578,51.15236428501678],[-114.10075937268878,51.151632668754345],[-114.10049977982588,51.1514805601568],[-114.09932262530482,51.1506458806657],[-114.09906450544409,51.15041872388442],[-114.09742600591044,51.1487810855184],[-114.09630250089802,51.14763534002795],[-114.09349310500266,51.14485152234009],[-114.09249937495669,51.14385437378533],[-114.08855956522098,51.1447489821223],[-114.08515637598109,51.1455501701893],[-114.0845180066679,51.14579043636483],[-114.08375719209555,51.14606039778474],[-114.08248102475441,51.14651025803305],[-114.08194222436089,51.14664399003251],[-114.07915314336928,51.14718923105995],[-114.0773426581692,51.14754285558378],[-114.07560494240026,51.147912355772156],[-114.07446426427636,51.148253105893055],[-114.07344450461517,51.14862825944392],[-114.07231484208131,51.149127941987736],[-114.07160017689748,51.14952082113792],[-114.0708845776858,51.149959675769466],[-114.07009277771363,51.15055120778901],[-114.0696857819546,51.15087673805182],[-114.06909735472834,51.15134737250844],[-114.06850170860073,51.15183195526416],[-114.0683913998039,51.15192169461231],[-114.06821327795065,51.15205219212725],[-114.06656563791121,51.15325925755972],[-114.06648595989817,51.153207330314096],[-114.06622888665699,51.153011910382986],[-114.06610367140492,51.15291959560253],[-114.06588011441794,51.15273702265827],[-114.06559675397017,51.15252529911193],[-114.06525400602712,51.152255974922696],[-114.06488156675005,51.15195784965309],[-114.0646387815009,51.15174649130003],[-114.06418938704792,51.15124404379164],[-114.06393423792775,51.1508934509996],[-114.0636708504428,51.15044385951625],[-114.06348218053296,51.15004247045861],[-114.06336822710574,51.14968928419638],[-114.06328473889786,51.14932682118955],[-114.06326217852423,51.14894580398128],[-114.06327123638195,51.14849839307932],[-114.06332434929452,51.14811798186196],[-114.06342305790317,51.14772841421951],[-114.06359820839369,51.14730137519749],[-114.0637639685669,51.147022868651405],[-114.06389539241437,51.146827707857135],[-114.06402128141967,51.14659069311588],[-114.06430082188305,51.14624065584811],[-114.06459472052161,51.14592881604699],[-114.06485661688642,51.14570240775851],[-114.0653796328311,51.14528766832236],[-114.06622544303,51.14462795942817],[-114.06731662488603,51.143808345721446],[-114.06817712967444,51.14316778199238],[-114.06893052986646,51.142583484770114],[-114.06929690496196,51.142336259819146],[-114.06972931080075,51.14199954365807],[-114.07019056202049,51.14164141682803],[-114.07051427624415,51.14134884124834],[-114.07080810315188,51.1410369852096],[-114.07101055716208,51.14075296539634],[-114.07122986114652,51.140383390870085],[-114.07132733991581,51.140050932864426],[-114.07140950712198,51.13981756435788],[-114.07147327037259,51.1395665243054],[-114.0714786174828,51.139299980707214],[-114.07147933474417,51.13850974969009],[-114.07143518574019,51.13693844514311],[-114.07147089335314,51.13515831436612],[-114.07149480787119,51.134720540594266],[-114.0715027399069,51.13432506390472],[-114.07016244101374,51.133820612352444],[-114.06977715697381,51.13369177510492],[-114.06769053853903,51.13299398551034],[-114.06413559394949,51.13177323551745],[-114.06309003071485,51.131415588179486],[-114.06162368012869,51.1310425108299],[-114.05859242270583,51.130440036890434],[-114.0579267519771,51.1302299283587],[-114.05695757749508,51.129884885256985],[-114.0560473027341,51.12946804516744],[-114.05496726607835,51.128929385603364],[-114.05364166812245,51.12823215712679],[-114.05243093084181,51.12753584508388],[-114.05082329832014,51.12659541822458],[-114.04976153617775,51.1261050345542],[-114.0484289217002,51.12575696630264],[-114.04675311821734,51.12534586541085],[-114.04589107553105,51.12510839655522],[-114.04587792225931,51.125104566622554],[-114.04584885588433,51.12480941881208],[-114.04581524322298,51.12423788590037],[-114.04583407207082,51.12332402666225],[-114.04587205928436,51.122581701615985],[-114.04590563279142,51.12205356186749],[-114.04593714645779,51.12162537525659],[-114.04601491950022,51.12115472172009],[-114.04617046067122,51.12021341345449],[-114.04640552531116,51.11871577746091],[-114.04663792775001,51.11734665189844],[-114.04679931888207,51.11611976116136],[-114.04693360877688,51.11510687162926],[-114.04700864841864,51.11366505463975],[-114.04707780892173,51.11250881833931],[-114.04707950087175,51.11132346995544],[-114.047070913736,51.11063788845271],[-114.04707090112895,51.11061779445753],[-114.04893679971934,51.1106191734421],[-114.04924550145489,51.11060088835989],[-114.04985132609399,51.11059194971896],[-114.06439191922671,51.11059817826817],[-114.06658250431114,51.11060882274271],[-114.06884001600314,51.11061130213913],[-114.07147473502837,51.11060849706079],[-114.07231028236583,51.1106386964539],[-114.07283278224702,51.11072139984574],[-114.07298591990944,51.110788951841776],[-114.07326500563111,51.1109120592401],[-114.07398350440626,51.11129885931787],[-114.07455770436631,51.11148415913914],[-114.07519460428692,51.11158105904306],[-114.0757367050248,51.111594559216215],[-114.0762686051213,51.111544958992695],[-114.07679180565721,51.111405159498396],[-114.0771735044694,51.111243759400864],[-114.07751470451113,51.111045459216434],[-114.07778680495298,51.11080935991185],[-114.07817750465945,51.11027945876204],[-114.07845410494977,51.109971558913415],[-114.07880677951555,51.10966093368266],[-114.07907240166023,51.109482340563005],[-114.07961185559516,51.109234868822945],[-114.0801791633659,51.109051120421654],[-114.08103043871765,51.10891640762949],[-114.08164214509819,51.10890550184168],[-114.08224585714744,51.10899047430946],[-114.08235149456317,51.109005341937774],[-114.08349647212631,51.109163584914235],[-114.08361214987971,51.10886367931014],[-114.08412236345939,51.10796355416536],[-114.08488229218263,51.10688455554436],[-114.0858442580701,51.10596212500479],[-114.08638625653813,51.10552721560378],[-114.0871769415064,51.10496508552814],[-114.08867011033766,51.1041501059241],[-114.09132152140066,51.10285330459261],[-114.0924157128474,51.102102824376495],[-114.09319487192246,51.10147291558812],[-114.09390841055956,51.10065181992319],[-114.09450441197617,51.09954565622172],[-114.09472868314933,51.09856577261041],[-114.09478029585985,51.098023697827614],[-114.09476410579224,51.09666125940775],[-114.09476780592476,51.09341415860974],[-114.09474624971206,51.09177021456488],[-114.09476903323923,51.09040849120474],[-114.094769076718,51.0903836548434],[-114.09476969455382,51.090040379170254],[-114.09477484886973,51.08977636451186],[-114.09477802153506,51.089724486418646],[-114.09478024895823,51.08971136741846],[-114.09480297459156,51.08971393366823],[-114.09500282736474,51.08973650501164],[-114.09551983266992,51.089809446558974],[-114.0958019203885,51.08985455396126],[-114.09600731856914,51.08991337526261],[-114.09673041025424,51.09008083010518],[-114.09675308387749,51.09008608093738],[-114.09898429059156,51.09069401413138],[-114.10032969992585,51.09111769006229],[-114.10216429574224,51.09170010087017],[-114.10330669006362,51.092018853734515],[-114.10383737813991,51.09215208289608],[-114.10639462061111,51.0927470781987],[-114.10846110202712,51.09323026779127],[-114.1094848566372,51.09345705252321],[-114.11017750402608,51.093605140699054],[-114.11058384250978,51.09370344281884],[-114.11107997347462,51.09385003046565],[-114.11162091078131,51.09402552024533],[-114.11201086284902,51.0941903392766],[-114.11235619311321,51.09431673379017],[-114.11264050932859,51.09447122797857],[-114.11310405209616,51.09474133267843],[-114.11398616313667,51.09526215345257],[-114.11555445811737,51.09627372989415],[-114.11650139364386,51.096889855849916],[-114.11701825973833,51.097217849477246],[-114.1182882961873,51.09801767420869],[-114.11922937605517,51.098624588931344],[-114.12084469973702,51.09956027963791],[-114.12385216546154,51.101249023361696],[-114.12584226552303,51.10236835032698],[-114.12719655983916,51.103121284381416],[-114.12755417066349,51.10334215878945],[-114.12860944616071,51.10393479743101],[-114.12949452708644,51.10443230792185],[-114.13028898646294,51.1048713822685],[-114.13105000949129,51.1052596667594],[-114.13200474875079,51.10571435918137],[-114.13265303420879,51.10600072526638],[-114.13322200894272,51.106235964824435],[-114.13437130857264,51.10671373810125],[-114.13570261169218,51.10727225807245],[-114.13720459693694,51.10790421641506],[-114.13821732130566,51.10833040782772],[-114.13928712821837,51.10877144940648],[-114.1399927015712,51.10906541551235],[-114.1399017592659,51.10923880490179],[-114.13976015253836,51.109508785532334],[-114.1395696430035,51.10979063189681],[-114.13921724700258,51.11023790208746],[-114.13873035319877,51.11080081289639],[-114.13784088493146,51.11166066293544],[-114.13732997333756,51.1120900976384],[-114.13652264807736,51.11280058870914],[-114.1358383895567,51.113441471103194],[-114.13533761423744,51.11389150027057],[-114.13476467237705,51.11457234073017],[-114.13476313816903,51.11457482310766],[-114.13455078113277,51.114918699727454],[-114.13414069231962,51.115615452753644],[-114.13391773722817,51.11621361998985],[-114.13382836428384,51.116746130240514],[-114.13381839606356,51.11727922858757],[-114.13383614284761,51.117745885215825],[-114.13399682096555,51.119063343677624],[-114.13432318532001,51.12143171018603],[-114.13448326615628,51.12278248522643],[-114.13443811292326,51.12378184823121],[-114.13426059271582,51.12478023029714],[-114.13401049695585,51.12541151940891],[-114.13338078145384,51.12645002598968],[-114.13273200509671,51.12732454046977],[-114.13199449942358,51.1281038453177],[-114.13151112043661,51.1285344101575],[-114.13076475767188,51.12908844067126],[-114.12998898566372,51.129574711969305],[-114.12938473909935,51.12990789078315],[-114.12861585909656,51.130310191335646],[-114.12727956409304,51.130963111199435],[-114.12613431430238,51.13152378313505],[-114.12511168956102,51.13208536039476],[-114.12441337822908,51.13252393611808],[-114.1240558227326,51.13278175014557],[-114.12369734885753,51.13308779607421],[-114.12322971993153,51.133489501465625],[-114.12272959055062,51.13398743913663],[-114.12243151345908,51.13434217317513],[-114.12205329434543,51.13487961418282],[-114.12180494345674,51.135346499300866],[-114.12168856810318,51.13551363410061],[-114.121511854257,51.135936812754295],[-114.12130044272409,51.13657198201559],[-114.1212005696064,51.13698608911531],[-114.1211468785152,51.13739089572364],[-114.12113680510859,51.13792145203914],[-114.1211459106601,51.13824954743733],[-114.121171266525,51.138529525088366],[-114.12122619141753,51.13886761216436],[-114.12133988909989,51.13934121103035],[-114.12151437490016,51.13984420953284],[-114.12170548225052,51.140279797872395],[-114.12201633791518,51.140870650845514],[-114.12229982635498,51.14128763583103],[-114.12292691770921,51.14204873798788],[-114.12357180511326,51.14267545936849],[-114.12386010637512,51.142890826127676],[-114.1242808069477,51.143181940271475],[-114.12470170057486,51.143463125322455],[-114.12538885605258,51.143855528169105],[-114.125920435771,51.14412760652394],[-114.12635881881845,51.144319548081185],[-114.12685996691106,51.144531815443266],[-114.12748720226948,51.1447549521016],[-114.12827153735012,51.145018975041346],[-114.13302545728887,51.14658349774435],[-114.13369972624209,51.14682427685232],[-114.1342956503241,51.14703974644067],[-114.13492258465638,51.14728269958475],[-114.13558016979417,51.14757552528644],[-114.13600265529575,51.14777724278294],[-114.13644018855933,51.14801878846526],[-114.13695479977027,51.14836019916434],[-114.13737526238958,51.14867112449641],[-114.13759146713856,51.14880714375669],[-114.13762290497436,51.1488447596877],[-114.13828010493215,51.14937985964381],[-114.13851540543608,51.149583059367735],[-114.13882040561884,51.14987646006365],[-114.1390464053001,51.150124159504976],[-114.13924200536489,51.15034455927286],[-114.13930180513934,51.15042115926669],[-114.13938617766865,51.150530952957716],[-114.13948800481552,51.150663458764164],[-114.13956300465034,51.15076265974911],[-114.13977490477632,51.15105705881527],[-114.13994920470718,51.15130695897278],[-114.14002660531258,51.15142485945821],[-114.14032770519758,51.15191415932354],[-114.14042470420465,51.15208995930006],[-114.14048034123905,51.152202984677984],[-114.14054230542143,51.15232885973766],[-114.14056188678222,51.152373726724846],[-114.13577859014856,51.1522971987316],[-114.13451270675979,51.152308249073144],[-114.13318116082236,51.152359620644724],[-114.13214145940594,51.1524233470847],[-114.13088987969604,51.1525365159266],[-114.1295722443631,51.15271041169025],[-114.12833591417345,51.15287469250382],[-114.12734275288057,51.15305097988787],[-114.12625146401498,51.15326734741341],[-114.12512732969181,51.15350386942622],[-114.12406769682296,51.153761273121],[-114.12251782162389,51.1541986851825],[-114.12096655867994,51.15470750153688],[-114.12003531992653,51.15503727061915],[-114.11898874009216,51.1554580100445],[-114.11823614721034,51.15577890509706],[-114.11735237480157,51.15617024162957],[-114.11656672296168,51.15652149197315],[-114.11608335810139,51.15677108188521],[-114.11192672887599,51.15551583974434],[-114.10888943483728,51.15457705310499],[-114.10663577389558,51.15385433266854],[-114.10559177338043,51.1535311175742],[-114.10293541753074,51.15265513296642],[-114.10220113287578,51.15236428501678]]]}},{"type":"Feature","properties":{"name":"Calgary-Bhullar-McCall","originalGeometryName":"Calgary-McCall","displayName":"Calgary-Bhullar-McCall","divisionNumber":17,"sourceProperties":{"EDNumber20":17,"EDName2017":"Calgary-McCall","Km2":42.78594589,"Hectares":4278.59472656,"Acres":10572.6376953,"Authority":"Legislative Assembly of Alberta","Shape_Leng":30375.4688896,"Shape_Area":42786497.8459},"level":"provincial","effectiveFrom":"2019-03-19","sourceUrl":"https://www.elections.ab.ca/resources/maps/","licenceUrl":"https://www.elections.ab.ca/terms-conditions/","geometryProcessing":"Original source vertices, coordinate projection converted to WGS84 for GeoJSON; no simplification, repair or rounding. Original source attributes retained separately."},"geometry":{"type":"Polygon","coordinates":[[[-113.93508780685798,51.11407280343584],[-113.93508982832131,51.1139795801997],[-113.9350899201207,51.11367403414611],[-113.93511902107548,51.11328491349937],[-113.93511410694845,51.11325645588121],[-113.9351140039832,51.113256458541976],[-113.93512076289588,51.1129506610014],[-113.93513250398654,51.11241945910773],[-113.93515200428894,51.11160045847703],[-113.93509007815463,51.111145195866214],[-113.93506922873145,51.11094141710922],[-113.93507329165485,51.110764653392444],[-113.93507636961856,51.11063074066441],[-113.94067671737727,51.11062803786963],[-113.94695618138036,51.11063747967096],[-113.9521303551002,51.11063710942564],[-113.95590231022386,51.1106471347354],[-113.9653314886747,51.1106364839825],[-113.96777350312018,51.110610779962954],[-113.96886254717847,51.11062038905738],[-113.96957500765271,51.11067395771818],[-113.9702864190837,51.11077480060216],[-113.97107136570767,51.11094721797572],[-113.9721541242278,51.11124046787195],[-113.9734220492777,51.11165355301829],[-113.97404810487691,51.11185895946533],[-113.97524504060908,51.11074743219717],[-113.9760493358552,51.11004516149195],[-113.97777572340195,51.10840519435932],[-113.9789648254861,51.10728067691564],[-113.97980915610145,51.10646051036742],[-113.9804646697541,51.105685979214485],[-113.98093345718479,51.10486252919482],[-113.98132713163771,51.10403842282935],[-113.98156904382544,51.10328392588042],[-113.9816566051981,51.102717234539135],[-113.98176545799338,51.101181327692345],[-113.9817324340764,51.09926588189808],[-113.98174318579963,51.097067089464964],[-113.9817326378753,51.096147081626114],[-113.98173497411393,51.096032204566676],[-113.98173867835301,51.095850105042814],[-113.98260251620528,51.09582304485012],[-113.98452612824295,51.09575331745221],[-113.98729651877396,51.09567648794427],[-113.98814393131062,51.09564060004815],[-113.98910667311573,51.09556247720883],[-113.99020887344331,51.09538469144431],[-113.990898959019,51.095217747344634],[-113.99200427683529,51.094895886822336],[-113.99711699111914,51.09336932771526],[-113.99801477903708,51.09311767292963],[-113.99874993323266,51.09297988562915],[-113.99948415187535,51.09288531176425],[-113.99994292031893,51.09283160345608],[-114.00148385910244,51.09281560516149],[-114.00181220527605,51.092784959232894],[-114.01153915927628,51.09280038671779],[-114.0133253991144,51.092795969823534],[-114.0200638337745,51.09279986418376],[-114.0212367694089,51.09281309752687],[-114.02174808001473,51.09282467028839],[-114.02218617241506,51.092826584544056],[-114.02258748859707,51.09283840042496],[-114.02291326880619,51.09285914934953],[-114.02334293125166,51.092903661536944],[-114.02368761555871,51.09296008244079],[-114.02410313618635,51.093046218038516],[-114.0245517338781,51.093179916819345],[-114.02471199502104,51.09323934610267],[-114.02539433660496,51.093522025687456],[-114.02582354659557,51.09378495518046],[-114.02616125275057,51.094047121809794],[-114.02652602836098,51.094356832993185],[-114.02697091676835,51.094716653050746],[-114.0273306066887,51.09502222424936],[-114.02762408632805,51.09521197592309],[-114.02789559712689,51.0953583191233],[-114.02823574230274,51.095505231282736],[-114.0288260373521,51.095726263308876],[-114.02932633376136,51.09587450339815],[-114.03001026022525,51.0959954473875],[-114.03036627315726,51.09604054515428],[-114.03037703977587,51.09604197668394],[-114.03060085053413,51.096071747918224],[-114.0307080921648,51.09607897670806],[-114.03081658221329,51.096080752342864],[-114.03167987772092,51.09608205449264],[-114.0333049099705,51.09608448818842],[-114.0333804893147,51.09608460120192],[-114.0367920357428,51.09612155206221],[-114.03925747767298,51.0961287366606],[-114.04085945597329,51.09613533890809],[-114.04114603739701,51.096550733772496],[-114.04147703558333,51.096996175059125],[-114.04205276911048,51.097672124679136],[-114.04267240004772,51.098419839118456],[-114.04327025701173,51.09912452749658],[-114.04360247226181,51.09951284649078],[-114.04391230920922,51.09988669912315],[-114.04424306446343,51.10034641167997],[-114.04455232336333,51.10074882166618],[-114.04477146154906,51.10112193158226],[-114.04501210411449,51.10155234261046],[-114.04527425396033,51.102040054625014],[-114.04546954796446,51.102470094309936],[-114.045664844115,51.10290013364493],[-114.04585926191531,51.10337300986003],[-114.0460080304378,51.10385979471749],[-114.04617830562627,51.10440388066227],[-114.04639130201942,51.10507684884305],[-114.0465801543243,51.10582102609491],[-114.04668239981854,51.106364557237995],[-114.04680292222653,51.10712245826927],[-114.0469016471785,51.10783733791098],[-114.04699802559692,51.1086664499158],[-114.04707025582175,51.10956677219502],[-114.047070913736,51.11063788845271],[-114.04707950087175,51.11132346995544],[-114.04707780892173,51.11250881833931],[-114.04700864841864,51.11366505463975],[-114.04693360877688,51.11510687162926],[-114.04679931888207,51.11611976116136],[-114.04663792775001,51.11734665189844],[-114.04640552531116,51.11871577746091],[-114.04617046067122,51.12021341345449],[-114.04601491950022,51.12115472172009],[-114.04593714645779,51.12162537525659],[-114.04590563279142,51.12205356186749],[-114.04587205928436,51.122581701615985],[-114.04583407207082,51.12332402666225],[-114.04581524322298,51.12423788590037],[-114.04584885588433,51.12480941881208],[-114.04590516018264,51.12538113589638],[-114.04591931957738,51.12579541345952],[-114.0459953753991,51.12651010570928],[-114.04600835908573,51.126981500149604],[-114.0460390339476,51.127695822003126],[-114.0460281492841,51.12822414638709],[-114.0459497751114,51.12872335732755],[-114.04587257614666,51.12916545212669],[-114.0456792621101,51.12973513293166],[-114.04553309598253,51.130219508845386],[-114.04529674022136,51.13067458548775],[-114.04503621489211,51.13120087129823],[-114.04466191756971,51.131740508551204],[-114.04431148616001,51.13222321400041],[-114.04386997322437,51.13271945516021],[-114.04354458075827,51.13308811176401],[-114.04319737216538,51.133413744761846],[-114.04113583187028,51.135410541430474],[-114.0393044328792,51.1371265106285],[-114.03861246476673,51.137774824205295],[-114.03695797141414,51.13933560015794],[-114.03650776524674,51.13976229236405],[-114.03600740590058,51.14023650995042],[-114.03506898735637,51.141144620065496],[-114.0313622054083,51.144698614691364],[-114.03013455110718,51.14585951718522],[-114.02937254247587,51.146467296255125],[-114.02911432911402,51.14667980206171],[-114.0290410923839,51.14674500900764],[-114.02888094088958,51.146871874464324],[-114.02870252117334,51.14701870877506],[-114.02862008511549,51.1470841980065],[-114.02761724994645,51.147880857188625],[-114.02644052847592,51.14877079710869],[-114.02545427726788,51.14940613365841],[-114.02506638714243,51.149675957432336],[-114.02431501177196,51.15016679281454],[-114.02381541783977,51.15050553023461],[-114.02305380913943,51.150990637830084],[-114.02266457780723,51.15123855302657],[-114.0216514350853,51.15190130857873],[-114.02013181702945,51.152888286937504],[-114.0194466476841,51.15334667573952],[-114.0188879213643,51.153720461744946],[-114.01874470080901,51.15380979479146],[-114.01858520587275,51.15390927909974],[-114.0185004635478,51.153964622089035],[-114.01796182274369,51.15431639402995],[-114.0179414534891,51.15432969653081],[-114.01783572379,51.15439874477132],[-114.01771976955528,51.15439883259026],[-114.01518399879028,51.154400721550395],[-114.013577717953,51.15439032670083],[-114.01273489826188,51.154383215813894],[-114.01193193988716,51.154359869185924],[-114.0100164620324,51.15430252054202],[-114.00656710108939,51.154314498656085],[-114.00179090842408,51.15431517964979],[-114.0009212189943,51.154332604370104],[-113.99934058172678,51.15433565975273],[-113.99852204773646,51.15433181634208],[-113.99824754394159,51.15433052541992],[-113.98164370409138,51.15430925941807],[-113.9808479045553,51.15430975891345],[-113.97091770379129,51.154315959643576],[-113.97021340399884,51.154316359628126],[-113.9700052614966,51.154316456584084],[-113.97001189678437,51.15430145632572],[-113.97001183820787,51.154172573080885],[-113.97001209075172,51.15385277854422],[-113.97001731214066,51.14723158270377],[-113.97001749382002,51.14699223462145],[-113.9700197348358,51.14406012843966],[-113.97006941401402,51.143602111325215],[-113.97014379831917,51.14291631594816],[-113.9702506044906,51.14134595882122],[-113.97025160401945,51.14027045872544],[-113.9702517436913,51.13975839945735],[-113.97019457449332,51.1397583602775],[-113.97002302400963,51.139758242192485],[-113.96998453941512,51.13975821542553],[-113.95853104056562,51.1397497812797],[-113.95824364103932,51.139749920451315],[-113.95812100823301,51.139749975037866],[-113.94675142657782,51.13975453898677],[-113.93525945393576,51.139758910101136],[-113.93511236295339,51.13975896168092],[-113.93497207002284,51.13975902910253],[-113.93443388178997,51.13975917995361],[-113.92067861182515,51.13976282995551],[-113.91698994373925,51.139762761306535],[-113.91640667307938,51.139762830918905],[-113.91201145569676,51.13976327518276],[-113.9118668072278,51.13976319339741],[-113.91172796322574,51.139763115067474],[-113.91172317132906,51.139763107361226],[-113.911723172927,51.13975634941003],[-113.91172321779973,51.13962635793796],[-113.91172363883072,51.13832213361157],[-113.91172368598552,51.138141318829064],[-113.91172378302542,51.13771741376754],[-113.91172492499615,51.13270709228906],[-113.91172496386167,51.13258379021191],[-113.91172414395864,51.1325262156537],[-113.91172677887971,51.128895330340804],[-113.9117293902402,51.12528896639914],[-113.91172813026336,51.1251804653067],[-113.91185710416846,51.12518075870622],[-113.91887970478895,51.12518145918604],[-113.918981781849,51.12518146636586],[-113.9214978234119,51.12518160620573],[-113.92285430404598,51.125181659134356],[-113.92445710456538,51.12518165909795],[-113.92599140369225,51.12518175824654],[-113.92622220421684,51.12518175828579],[-113.92725210394975,51.12518835899458],[-113.9294174041754,51.125202159060066],[-113.92944081010482,51.12520237874067],[-113.92971080450639,51.125204909593904],[-113.92981655286906,51.125205900814834],[-113.92995603518474,51.12520720782651],[-113.92995702458714,51.125055998218095],[-113.92998194939017,51.12465100513248],[-113.9299880542361,51.12455180369374],[-113.93000070475965,51.12434625913176],[-113.93019240445123,51.123964359456295],[-113.93035540468063,51.12375375972581],[-113.93080320423549,51.123277758971064],[-113.93087210468099,51.123180858899815],[-113.93095750466024,51.122980158971544],[-113.9309813040474,51.12277365913086],[-113.93096130441327,51.122668659291875],[-113.93086260458382,51.12246315900879],[-113.93078100389612,51.12235195885233],[-113.93051210399939,51.12209995934615],[-113.92988200396182,51.121627458867145],[-113.92980690506312,51.12156285866907],[-113.92848990422557,51.12054365932708],[-113.92769790468188,51.11992385917608],[-113.92742550502696,51.11969875954036],[-113.92725350500237,51.11948165951805],[-113.92717630474932,51.11921945910325],[-113.92716100480078,51.11894105936068],[-113.92716100468415,51.11894100268324],[-113.92715170443695,51.11819795939754],[-113.92711140510524,51.11664135964265],[-113.9271489038348,51.115201258702555],[-113.9271490108292,51.11520120570673],[-113.9283790045957,51.11454075875873],[-113.92837911730301,51.11454070581415],[-113.92840370857597,51.11452893198118],[-113.92851770396014,51.1144743591015],[-113.92921010478437,51.11412415879079],[-113.92935100487,51.11409365896419],[-113.93057920445993,51.11408085875239],[-113.93136500482757,51.11407915925006],[-113.93149340377491,51.11407595867632],[-113.93355600741451,51.11407383397569],[-113.9340385133103,51.11407333164022],[-113.9341084038104,51.11407325896623],[-113.93436768655108,51.11407313928862],[-113.93508780685798,51.11407280343584]]]}},{"type":"Feature","properties":{"name":"Calgary-Foothills","originalGeometryName":"Calgary-Foothills","displayName":"Calgary-Foothills","divisionNumber":12,"sourceProperties":{"EDNumber20":12,"EDName2017":"Calgary-Foothills","Km2":46.6166153,"Hectares":4661.66162109,"Acres":11519.2167969,"Authority":"Legislative Assembly of Alberta","Shape_Leng":38982.2063598,"Shape_Area":46616617.0465},"level":"provincial","effectiveFrom":"2019-03-19","sourceUrl":"https://www.elections.ab.ca/resources/maps/","licenceUrl":"https://www.elections.ab.ca/terms-conditions/","geometryProcessing":"Original source vertices, coordinate projection converted to WGS84 for GeoJSON; no simplification, repair or rounding. Original source attributes retained separately."},"geometry":{"type":"Polygon","coordinates":[[[-114.11791120510804,51.212290160226594],[-114.11791234684011,51.18481642576842],[-114.1179124042851,51.183277860012375],[-114.11796240528264,51.18304596003182],[-114.11796970501217,51.18285105909062],[-114.11796750466145,51.18272876016817],[-114.11797580476613,51.18259115896978],[-114.11798200451845,51.182443460065485],[-114.11798380480751,51.18228095918223],[-114.11798380397906,51.18209725902859],[-114.11798250492134,51.18189555968896],[-114.11797820392582,51.18167985965401],[-114.11797630464636,51.18156705920396],[-114.11797550508176,51.18145115980811],[-114.11797570460514,51.181332858800985],[-114.1179746039928,51.18121555914523],[-114.1179730043295,51.181101159648726],[-114.11797240515403,51.18099035981454],[-114.11797080550267,51.180882559814094],[-114.11796830414669,51.180776559419876],[-114.11796640489533,51.180671858993975],[-114.11796550570003,51.180464658838105],[-114.11796480400693,51.18027215880739],[-114.1179632053532,51.18010835929867],[-114.11796290581596,51.17996925923588],[-114.11796270455136,51.17983625923197],[-114.1179589050754,51.17972545953517],[-114.11791675767635,51.17356821282829],[-114.11793316681376,51.17035471779746],[-114.1179354241314,51.168102820028324],[-114.1213819246549,51.16809155802978],[-114.12506681392098,51.16810319761861],[-114.12646471852531,51.168097666690215],[-114.12771045903943,51.16807500660987],[-114.12865066444552,51.168082013648956],[-114.12982047104597,51.168042786667485],[-114.13106620887214,51.16802009083561],[-114.13193266304883,51.167996714304444],[-114.1314363667502,51.16725589053688],[-114.13069177216319,51.16630765148647],[-114.13017078322409,51.16563269843686],[-114.12959808942475,51.16500529197589],[-114.12855046908071,51.16395891520971],[-114.12767873929411,51.16309489723905],[-114.12695236034011,51.16246103342542],[-114.12590123378764,51.1616063438014],[-114.12509968174909,51.16099318215318],[-114.12437285923929,51.16046046576102],[-114.12369565498605,51.159992029108174],[-114.12311796936564,51.15963618096564],[-114.12249069203494,51.159216045272835],[-114.1218377172781,51.15881169117279],[-114.12130935526912,51.158536095718226],[-114.12088140583909,51.158325164306945],[-114.12032643328688,51.158113276116445],[-114.1192155908658,51.157737419737934],[-114.1183307151668,51.15747847800849],[-114.11722016595316,51.15711520737866],[-114.11608335810139,51.15677108188521],[-114.11656672296168,51.15652149197315],[-114.11735237480157,51.15617024162957],[-114.11823614721034,51.15577890509706],[-114.11898874009216,51.1554580100445],[-114.12003531992653,51.15503727061915],[-114.12096655867994,51.15470750153688],[-114.12251782162389,51.1541986851825],[-114.12406769682296,51.153761273121],[-114.12512732969181,51.15350386942622],[-114.12625146401498,51.15326734741341],[-114.12734275288057,51.15305097988787],[-114.12833591417345,51.15287469250382],[-114.1295722443631,51.15271041169025],[-114.13088987969604,51.1525365159266],[-114.13214145940594,51.1524233470847],[-114.13318116082236,51.152359620644724],[-114.13451270675979,51.152308249073144],[-114.13577859014856,51.1522971987316],[-114.14056188678222,51.152373726724846],[-114.1413953089308,51.15238464960161],[-114.14368381532131,51.15243121577899],[-114.1461300102418,51.15248881827921],[-114.1489084618277,51.15250906821056],[-114.15173482329881,51.1524998099923],[-114.15396129012818,51.15248614590086],[-114.15724709271885,51.15239070980443],[-114.15991756391567,51.152270902987546],[-114.16179815295294,51.15217516797661],[-114.16399554302266,51.152022087402386],[-114.16514975424114,51.151931034464994],[-114.16558986187526,51.1518990722442],[-114.16592396488812,51.15144739934494],[-114.16629137137959,51.15091343112594],[-114.16665908105425,51.150362154549214],[-114.16694360764195,51.149844903040886],[-114.16720185520376,51.1492582263476],[-114.16737536706742,51.14879211125682],[-114.16775705453226,51.147462013766685],[-114.16799398605035,51.14652899744721],[-114.1681718348916,51.14582058188067],[-114.16823588646109,51.145319068066264],[-114.16821521543535,51.14493811714916],[-114.16822050373494,51.14464389668035],[-114.16819983308864,51.14426294481926],[-114.16809848748002,51.14377756391165],[-114.16794336133239,51.1432225637593],[-114.16778792906139,51.1426848696204],[-114.16773663732914,51.14247679324403],[-114.16736359827759,51.14179907490023],[-114.16634430524095,51.140337832800896],[-114.16545888508479,51.13908524818605],[-114.1646391487858,51.138021659394596],[-114.16436238503981,51.137656613578734],[-114.1654885279115,51.137441075548736],[-114.16628881259064,51.13730830815188],[-114.16722601846932,51.137211129969295],[-114.16843800912979,51.13713320685095],[-114.16951120562317,51.13712352317571],[-114.1706381799386,51.137183448509845],[-114.17170951781547,51.137277587701],[-114.17212092939019,51.137349737254674],[-114.17308130745604,51.1374950064637],[-114.17434121507075,51.13781547549686],[-114.1754085688757,51.1381345725507],[-114.17606481579472,51.13836421841451],[-114.17682926608141,51.138698478362635],[-114.17770223474622,51.139120042192815],[-114.17898481999856,51.139717569172745],[-114.18100382539541,51.14068373568329],[-114.18195879513534,51.14114046029726],[-114.18262760330494,51.14055892855698],[-114.1829166847952,51.140307279824526],[-114.18332768251103,51.13986747416409],[-114.18347287756917,51.1397043500017],[-114.18381262719174,51.139269019109705],[-114.18384448177645,51.13921607278618],[-114.18408238370844,51.138835068326976],[-114.18438371633593,51.13821226291994],[-114.18476364323575,51.13746502292245],[-114.18500180895352,51.13695714213584],[-114.18559850016669,51.13604797244255],[-114.18566096966914,51.13597149542962],[-114.18606549878184,51.13556091089304],[-114.18704445952089,51.13463516528147],[-114.18904826552873,51.13277435338762],[-114.19004838534899,51.13183762533187],[-114.20209741758835,51.120578576167944],[-114.20804111814168,51.12302696893033],[-114.20966750827345,51.12367028011331],[-114.21135848594704,51.12436436508131],[-114.21500317933285,51.125863656959915],[-114.22617783106098,51.130558932370086],[-114.22770242954171,51.13114753591813],[-114.22728596784145,51.1315280517529],[-114.22671025308946,51.132016388128385],[-114.22606197459454,51.13255627293983],[-114.2254908580838,51.13297836597954],[-114.2248184083585,51.133462877628965],[-114.22417206972004,51.13388446650263],[-114.22351358202353,51.134282310584105],[-114.22272621387297,51.13474155985706],[-114.22166710161737,51.13525585709986],[-114.22057063236657,51.13572677136084],[-114.21950425102436,51.13615625315432],[-114.21850105948049,51.13652042583731],[-114.21759030766732,51.136832782002486],[-114.216677519255,51.13713640205808],[-114.21164511686955,51.13890789663295],[-114.21086984525876,51.13917824204174],[-114.21007927803979,51.13947781428428],[-114.20940311007045,51.139777836994476],[-114.20841048743955,51.14030984688524],[-114.20730408037704,51.14095128980822],[-114.2067006420778,51.14138702675309],[-114.20620199834956,51.141814034096356],[-114.20575590993177,51.142243125251795],[-114.20496130479144,51.14310392055613],[-114.20409970537423,51.144010823549465],[-114.20344866113906,51.14470312109742],[-114.20363474387918,51.14477258377969],[-114.20426666444293,51.14500548266395],[-114.20546883885453,51.14545445141169],[-114.20606233669488,51.14566810592299],[-114.2069006656558,51.14595795734006],[-114.20754936168561,51.14618337113626],[-114.20834788162698,51.14645399849442],[-114.208697060713,51.146582656078245],[-114.20930280994428,51.14684732157633],[-114.21031615979986,51.147373246241294],[-114.21112469308983,51.14789282757514],[-114.21147615523539,51.14814273916858],[-114.21347045086198,51.149948430830335],[-114.21576658278859,51.15216931166244],[-114.21591945016297,51.15231716090973],[-114.21592079979926,51.15231846628665],[-114.21638334829807,51.15271668028205],[-114.21678753288296,51.15298597067434],[-114.2174101622556,51.15331860693439],[-114.21780082953417,51.15349259463844],[-114.21844786898902,51.15372542005366],[-114.21909579737063,51.15390588275494],[-114.21971449937396,51.15402426133962],[-114.22040188558496,51.15410977221232],[-114.2210218775426,51.15415198570593],[-114.22339725453513,51.15414873881946],[-114.22382569860589,51.154149635872535],[-114.22492076480154,51.15415191883004],[-114.22863368246512,51.154159586238585],[-114.23020813335002,51.15416043793877],[-114.23138083740457,51.15415596010696],[-114.23204007889952,51.15415343788931],[-114.2332038007779,51.15413945766496],[-114.23329197801623,51.15413690865486],[-114.23436987228881,51.154093746840346],[-114.234365388541,51.15424591056169],[-114.23436773628423,51.15569276655296],[-114.23437236014846,51.15773198498521],[-114.23437264224683,51.15787189753315],[-114.23437348878367,51.15874969117994],[-114.23437622669174,51.15965331296505],[-114.23437597914558,51.161461701637634],[-114.2344500630884,51.16146160985502],[-114.23445022529914,51.16238813982036],[-114.23445027699333,51.162591849618174],[-114.23445083834005,51.16461370195313],[-114.23445092515651,51.16491778944732],[-114.23445097770355,51.165085659038624],[-114.23445103330167,51.16526293757732],[-114.23445112330516,51.166655909766405],[-114.23445201978105,51.16809849630673],[-114.23445202041711,51.16809932214469],[-114.23445225644238,51.16868771044402],[-114.23437838732578,51.16868795569299],[-114.23437845853468,51.1692025854786],[-114.23437866792612,51.169589440418136],[-114.2343786657746,51.169600458715315],[-114.23437872111222,51.16968119915315],[-114.23437877314879,51.16977294078676],[-114.23437928831815,51.17078321469274],[-114.23437928853615,51.170785621125965],[-114.23437940797066,51.17238846000167],[-114.23437943181915,51.17247464187831],[-114.23437967223202,51.17343303267814],[-114.23437971546602,51.173613872404054],[-114.23437997763493,51.17457361346167],[-114.23437999648432,51.174647478848996],[-114.23438028940248,51.175900001930636],[-114.23445439490307,51.17589991922952],[-114.23445468578632,51.17679404239526],[-114.23445497503404,51.1776881672145],[-114.23438085657403,51.17768816797419],[-114.23438307907108,51.18023797566012],[-114.23438558221343,51.18311057633561],[-114.23438561848465,51.183191762665395],[-114.2343856641622,51.18329138903131],[-114.23423980855824,51.18329171640482],[-114.23423955234223,51.18329171652703],[-114.23409797669082,51.183292033053824],[-114.22261169394231,51.18329156420898],[-114.21925208762227,51.18329292435051],[-114.21824088263045,51.18335573797353],[-114.2168630549018,51.183356257015625],[-114.21612310544792,51.18335652656438],[-114.21398882496302,51.18335727659639],[-114.21134539048093,51.183358155068866],[-114.21125824845085,51.18335817935315],[-114.21111469690932,51.18335816507491],[-114.21113228417033,51.18691115312777],[-114.21120639410611,51.1869110140738],[-114.2112242085122,51.19052647862741],[-114.21115009461988,51.190526509727796],[-114.21115124925994,51.19120594841123],[-114.2111516214868,51.19143065266184],[-114.2111531485401,51.19233477656756],[-114.2111546608043,51.19323892002673],[-114.21115606026383,51.19392412557452],[-114.21115642785887,51.194143226093715],[-114.21115757382866,51.19482817884],[-114.21115774590228,51.19504698923661],[-114.21115924729719,51.1959509064094],[-114.21115937355003,51.19604076809489],[-114.2111600552611,51.19646264000785],[-114.21116032918952,51.19663205321595],[-114.21116066791089,51.19685535366233],[-114.21116135421143,51.19754037496387],[-114.21116169305284,51.197759474255854],[-114.21102010577405,51.19775936525829],[-114.21087398828644,51.197759253424714],[-114.19936019219776,51.1977507543626],[-114.19360298428393,51.197746564025216],[-114.18784566391,51.19774221555059],[-114.18773650878576,51.197742095674215],[-114.1875579320372,51.19774190031207],[-114.17607884110392,51.1977283923008],[-114.1679439156117,51.197717049437955],[-114.167943262962,51.19692187868112],[-114.16460368710662,51.19688665977469],[-114.16460497244567,51.19689127400386],[-114.16460748538846,51.19690036980877],[-114.16460881452248,51.196905254230565],[-114.16461118186581,51.19691408811184],[-114.16461254191044,51.196919242634266],[-114.16461476788392,51.19692781822052],[-114.16461615587838,51.19693324822004],[-114.16461824489052,51.19694155924558],[-114.16461965515724,51.19694726198285],[-114.16462161574879,51.19695531120744],[-114.1646242925865,51.1969665870131],[-114.16462487761163,51.19696907318618],[-114.16462631950594,51.19697532310593],[-114.16462802904735,51.196982845171625],[-114.16463051608615,51.19699408633685],[-114.16463107148748,51.19699662717398],[-114.16463252796035,51.19700341695766],[-114.16463400351657,51.19701041828355],[-114.16463546365095,51.19701748067209],[-114.16463682801401,51.19702421762129],[-114.16463828735239,51.19703156157888],[-114.16463954206769,51.19703802786523],[-114.16464098795338,51.19704564070713],[-114.16464321766765,51.19705773105637],[-114.16464358243783,51.197059728973265],[-114.16464574423351,51.19707201225152],[-114.16464606206964,51.19707383441134],[-114.16464812630558,51.1970861286878],[-114.16464842717403,51.19708793903167],[-114.16465043484665,51.197100510880645],[-114.16465067758823,51.19710205182914],[-114.16465147095211,51.197107189710835],[-114.16465282188554,51.19711617376451],[-114.16465353276911,51.19712104297657],[-114.16465484436692,51.19713030202695],[-114.16465547849656,51.19713490261022],[-114.16465675357314,51.19714443937621],[-114.16465731527614,51.197148769562425],[-114.16465854681981,51.19715857589756],[-114.16465904029334,51.19716264111426],[-114.1646602266447,51.1971727296011],[-114.16466065785916,51.19717651639692],[-114.16466179783059,51.19718687353299],[-114.16466216935632,51.197190398119105],[-114.16466324843641,51.19720103459598],[-114.16466356481222,51.197204283510764],[-114.16466458451389,51.197215194841284],[-114.16466485280016,51.197218173532775],[-114.16466581322096,51.19722935432],[-114.16466603473543,51.197232069094795],[-114.16466692007873,51.1972435219248],[-114.16466710066167,51.1972459665274],[-114.16466792083486,51.197257697768066],[-114.16466806199917,51.197259867711246],[-114.1646687984725,51.19727187273234],[-114.16466890732744,51.19727377076568],[-114.16466956158125,51.19728604687892],[-114.1646696423403,51.197287677530504],[-114.16467021715646,51.197300229253784],[-114.16467027281294,51.19730158534819],[-114.16467075247606,51.197314410770105],[-114.16467078870767,51.19731549504666],[-114.1646711789767,51.197328592409114],[-114.1646712000457,51.19732940669744],[-114.16467148365979,51.197342780375216],[-114.16467149395865,51.1973433193091],[-114.16467168253332,51.197356960389136],[-114.1646716847626,51.197357232983805],[-114.1646717581575,51.1973711467199],[-114.1646721984784,51.197711783356986],[-114.16459808964547,51.19771167707994],[-114.16445310561076,51.19771190668969],[-114.1643104010901,51.19771213260916],[-114.16423628819123,51.197712250973886],[-114.15280882357418,51.19773100437394],[-114.15252109118919,51.19773148457321],[-114.15252043733751,51.196827552243],[-114.1499291617812,51.196831973751735],[-114.14705450960422,51.196836953299616],[-114.14417948744203,51.196841751558836],[-114.14130906496813,51.19684629702129],[-114.14130835563336,51.19761843741741],[-114.1413082637146,51.1977342873617],[-114.14130825305664,51.19775026419736],[-114.14119550562339,51.197750667373235],[-114.14102059596597,51.19775129241097],[-114.14094648027978,51.19775154893449],[-114.13822467660644,51.19776090622615],[-114.13679999701763,51.19776579682638],[-114.1353753176745,51.19777065208863],[-114.13245366268838,51.19778049423778],[-114.12953236389863,51.19779033804765],[-114.1295322203364,51.19856910403772],[-114.12953219845394,51.19932924908299],[-114.12953221565537,51.200088071908155],[-114.12953218313554,51.20085560240571],[-114.12953218937281,51.20112953099057],[-114.12953218492156,51.20214018771722],[-114.12953218801633,51.202346664143995],[-114.12953218442917,51.20283382497656],[-114.12953218588905,51.20300376857842],[-114.12953218228083,51.204077407833985],[-114.12953214796471,51.20493554376946],[-114.12953214715209,51.20502446927375],[-114.12953214659512,51.205051087548824],[-114.12953213194278,51.21226159787367],[-114.1225591480462,51.21228584408924],[-114.11803884033968,51.21230133991233],[-114.11791120540698,51.21230153836966],[-114.11791120510804,51.212290160226594]]]}},{"type":"Feature","properties":{"name":"Calgary-North East","originalGeometryName":"Calgary-North East","displayName":"Calgary-North East","divisionNumber":20,"sourceProperties":{"EDNumber20":20,"EDName2017":"Calgary-North East","Km2":66.48363495,"Hectares":6648.36376953,"Acres":16428.4648438,"Authority":"Legislative Assembly of Alberta","Shape_Leng":46634.0109003,"Shape_Area":66483638.7042},"level":"provincial","effectiveFrom":"2019-03-19","sourceUrl":"https://www.elections.ab.ca/resources/maps/","licenceUrl":"https://www.elections.ab.ca/terms-conditions/","geometryProcessing":"Original source vertices, coordinate projection converted to WGS84 for GeoJSON; no simplification, repair or rounding. Original source attributes retained separately."},"geometry":{"type":"Polygon","coordinates":[[[-113.95706601986373,51.1835469078592],[-113.95706577079031,51.183546908337654],[-113.9570654301261,51.183546907999585],[-113.95706513371456,51.18354735696311],[-113.95706399433053,51.183547356701624],[-113.9570630123885,51.18354735694407],[-113.95293073632074,51.183547302302074],[-113.94674534275178,51.18354700672441],[-113.94653083211759,51.183547019377855],[-113.94590703196646,51.18354699526572],[-113.94572377277568,51.18354689128248],[-113.94419368800753,51.18354664990997],[-113.94397925147804,51.18354661267265],[-113.93657185059777,51.1835452857277],[-113.93635613978549,51.18354525891701],[-113.93619459286307,51.18354523844652],[-113.93607863588018,51.18354521943759],[-113.93568070922072,51.18354515255936],[-113.93546610079281,51.18354511614393],[-113.9352516352735,51.18354508963155],[-113.93496381550653,51.18354485376336],[-113.9348923185695,51.183544796606405],[-113.92974578905637,51.1835404609419],[-113.92469649658352,51.18353599196424],[-113.9243732079768,51.18353570089585],[-113.92425204288766,51.18353558539429],[-113.92399105289859,51.18353449868598],[-113.92385162375088,51.183534358724195],[-113.9236554980043,51.18353417378031],[-113.92348095729976,51.183534007207584],[-113.91199498470037,51.18352395658573],[-113.91170726051978,51.1835239072769],[-113.91170823038205,51.18334293240473],[-113.91170827921557,51.18323206325209],[-113.91170829316394,51.18306797337313],[-113.91170827740704,51.182933042476826],[-113.91170811116916,51.18145529231805],[-113.91170856616311,51.18139950233332],[-113.91170876699097,51.18054732438453],[-113.91170910467972,51.17915443289218],[-113.91170897798993,51.17885346488174],[-113.91170900281517,51.17873023558621],[-113.91170999815017,51.17672219155918],[-113.9117091449814,51.176283692173996],[-113.9117091364791,51.17625609183609],[-113.91170903654712,51.17611931309004],[-113.91171191517057,51.170946753948584],[-113.91171399056192,51.1688919822046],[-113.91171689590577,51.16241846869724],[-113.9117174608569,51.16165150341394],[-113.91171494194374,51.157662421941964],[-113.91171592029681,51.15445722780307],[-113.91171592941423,51.15441062844267],[-113.91171586254954,51.15422983917034],[-113.91171582668453,51.15418332755247],[-113.91171567134654,51.15292517058974],[-113.91171634129657,51.15191344611426],[-113.91171814488894,51.14723168080953],[-113.91171819698411,51.14710845112203],[-113.91171775648543,51.146999475851814],[-113.91171872531648,51.145855759750084],[-113.91172317087259,51.139763370046815],[-113.91172317132906,51.139763107361226],[-113.91172796322574,51.139763115067474],[-113.9118668072278,51.13976319339741],[-113.91201145569676,51.13976327518276],[-113.91640667307938,51.139762830918905],[-113.91698994373925,51.139762761306535],[-113.92067861182515,51.13976282995551],[-113.93443388178997,51.13975917995361],[-113.93497207002284,51.13975902910253],[-113.93511236295339,51.13975896168092],[-113.93525945393576,51.139758910101136],[-113.94675142657782,51.13975453898677],[-113.95812100823301,51.139749975037866],[-113.95824364103932,51.139749920451315],[-113.95853104056562,51.1397497812797],[-113.96998453941512,51.13975821542553],[-113.97002302400963,51.139758242192485],[-113.97019457449332,51.1397583602775],[-113.9702517436913,51.13975839945735],[-113.97025160401945,51.14027045872544],[-113.9702506044906,51.14134595882122],[-113.97014379831917,51.14291631594816],[-113.97006941401402,51.143602111325215],[-113.9700197348358,51.14406012843966],[-113.97001749382002,51.14699223462145],[-113.97001731214066,51.14723158270377],[-113.97001209075172,51.15385277854422],[-113.97001183820787,51.154172573080885],[-113.97001189678437,51.15430145632572],[-113.9700052614966,51.154316456584084],[-113.97021340399884,51.154316359628126],[-113.97091770379129,51.154315959643576],[-113.9808479045553,51.15430975891345],[-113.98164370409138,51.15430925941807],[-113.99824754394159,51.15433052541992],[-113.99852204773646,51.15433181634208],[-113.99934058172678,51.15433565975273],[-114.0009212189943,51.154332604370104],[-114.00179090842408,51.15431517964979],[-114.00656710108939,51.154314498656085],[-114.0100164620324,51.15430252054202],[-114.01193193988716,51.154359869185924],[-114.01273489826188,51.154383215813894],[-114.013577717953,51.15439032670083],[-114.01492448843466,51.15439904365066],[-114.01518399879028,51.154400721550395],[-114.01783572379,51.15439874477132],[-114.0179414534891,51.15432969653081],[-114.01858520587275,51.15390927909974],[-114.0188879213643,51.153720461744946],[-114.0194466476841,51.15334667573952],[-114.02013181702945,51.152888286937504],[-114.0216514350853,51.15190130857873],[-114.02266457780723,51.15123855302657],[-114.02305380913943,51.150990637830084],[-114.02381541783977,51.15050553023461],[-114.02431501177196,51.15016679281454],[-114.02506638714243,51.149675957432336],[-114.02545427726788,51.14940613365841],[-114.02644052847592,51.14877079710869],[-114.02761724994645,51.147880857188625],[-114.02862008511549,51.1470841980065],[-114.02870252117334,51.14701870877506],[-114.02888094088958,51.146871874464324],[-114.0290410923839,51.14674500900764],[-114.02911432911402,51.14667980206171],[-114.02937254247587,51.146467296255125],[-114.03013455110718,51.14585951718522],[-114.0313622054083,51.144698614691364],[-114.03506898735637,51.141144620065496],[-114.03600740590058,51.14023650995042],[-114.03650776524674,51.13976229236405],[-114.03695797141414,51.13933560015794],[-114.03861246476673,51.137774824205295],[-114.0402691838691,51.13622258577223],[-114.04113583187028,51.135410541430474],[-114.0424026039935,51.13418357761647],[-114.04319737216538,51.133413744761846],[-114.04354458075827,51.13308811176401],[-114.04386997322437,51.13271945516021],[-114.04431148616001,51.13222321400041],[-114.04466191756971,51.131740508551204],[-114.04503621489211,51.13120087129823],[-114.04529674022136,51.13067458548775],[-114.04553309598253,51.130219508845386],[-114.0456792621101,51.12973513293166],[-114.04587257614666,51.12916545212669],[-114.0459497751114,51.12872335732755],[-114.0460281492841,51.12822414638709],[-114.0460390339476,51.127695822003126],[-114.04600835908573,51.126981500149604],[-114.0459953753991,51.12651010570928],[-114.04591931957738,51.12579541345952],[-114.04590516018264,51.12538113589638],[-114.04587792225931,51.125104566622554],[-114.04589107553105,51.12510839655522],[-114.04675311821734,51.12534586541085],[-114.0484289217002,51.12575696630264],[-114.04976153617775,51.1261050345542],[-114.05082329832014,51.12659541822458],[-114.05243093084181,51.12753584508388],[-114.05364166812245,51.12823215712679],[-114.05496726607835,51.128929385603364],[-114.0560473027341,51.12946804516744],[-114.05695757749508,51.129884885256985],[-114.0579267519771,51.1302299283587],[-114.05859242270583,51.130440036890434],[-114.06162368012869,51.1310425108299],[-114.06309003071485,51.131415588179486],[-114.06413559394949,51.13177323551745],[-114.06769053853903,51.13299398551034],[-114.06977715697381,51.13369177510492],[-114.07016244101374,51.133820612352444],[-114.0715027399069,51.13432506390472],[-114.07149480787119,51.134720540594266],[-114.07147089335314,51.13515831436612],[-114.07143518574019,51.13693844514311],[-114.07147933474417,51.13850974969009],[-114.0714786174828,51.139299980707214],[-114.07147327037259,51.1395665243054],[-114.07140950712198,51.13981756435788],[-114.07132733991581,51.140050932864426],[-114.07122986114652,51.140383390870085],[-114.07101055716208,51.14075296539634],[-114.07080810315188,51.1410369852096],[-114.07051427624415,51.14134884124834],[-114.07019056202049,51.14164141682803],[-114.06972931080075,51.14199954365807],[-114.06929690496196,51.142336259819146],[-114.06893052986646,51.142583484770114],[-114.06817712967444,51.14316778199238],[-114.06731662488603,51.143808345721446],[-114.06622544303,51.14462795942817],[-114.0653796328311,51.14528766832236],[-114.06485661688642,51.14570240775851],[-114.06459472052161,51.14592881604699],[-114.06430082188305,51.14624065584811],[-114.06402128141967,51.14659069311588],[-114.06389539241437,51.146827707857135],[-114.0637639685669,51.147022868651405],[-114.06359820839369,51.14730137519749],[-114.06342305790317,51.14772841421951],[-114.06332434929452,51.14811798186196],[-114.06327123638195,51.14849839307932],[-114.06326217852423,51.14894580398128],[-114.06328473889786,51.14932682118955],[-114.06336822710574,51.14968928419638],[-114.06348218053296,51.15004247045861],[-114.0636708504428,51.15044385951625],[-114.06393423792775,51.1508934509996],[-114.06418938704792,51.15124404379164],[-114.0646387815009,51.15174649130003],[-114.06488156675005,51.15195784965309],[-114.06525400602712,51.152255974922696],[-114.06559675397017,51.15252529911193],[-114.06588011441794,51.15273702265827],[-114.06610367140492,51.15291959560253],[-114.06622888665699,51.153011910382986],[-114.06648595989817,51.153207330314096],[-114.06656563791121,51.15325925755972],[-114.0669194406847,51.15353065774635],[-114.06725968132064,51.15380325132686],[-114.06744042939373,51.153948061830704],[-114.06776279137165,51.15416987673747],[-114.06791363213826,51.154253295241126],[-114.06869212782783,51.154922006976186],[-114.06939487838352,51.155665384844895],[-114.06984540544258,51.15658765925647],[-114.07022976247887,51.158076332382414],[-114.07061571187751,51.159476849234146],[-114.07063560616386,51.15955823852634],[-114.0708709892186,51.16051177478053],[-114.07111230217379,51.16155526810691],[-114.07119950348859,51.162024669991496],[-114.07114101493939,51.16287482639765],[-114.07090518626836,51.16361941742116],[-114.07050762635977,51.16428128482207],[-114.06992153858462,51.16487166956575],[-114.06881070164506,51.166171984513916],[-114.06827219250408,51.16686208084389],[-114.06804119279779,51.167363669365145],[-114.06793739554502,51.16771871346264],[-114.06788041446815,51.16849076205653],[-114.06785873809856,51.16888117987062],[-114.06794766722138,51.1692637995374],[-114.06825134603116,51.16995192325372],[-114.0685824667954,51.170648943102044],[-114.06878061957492,51.171093190268934],[-114.06886436247488,51.17164081269923],[-114.06886698889328,51.17202517523057],[-114.06884778855512,51.17240757558295],[-114.06885180949,51.17265882059104],[-114.06885895670769,51.17277602450834],[-114.06889457647571,51.173273060152916],[-114.06892950875525,51.173761347877],[-114.06895950906352,51.17407560214667],[-114.0690003500047,51.17446213982918],[-114.0690655212713,51.17484011339968],[-114.06925551190744,51.175344898338416],[-114.0693887974232,51.17563692163977],[-114.06965634673011,51.17622309588579],[-114.07042154472576,51.17753311436401],[-114.07077392899842,51.17810781515508],[-114.07121970525644,51.17903195945104],[-114.07125790409894,51.17942895900911],[-114.07125920414717,51.17957665967907],[-114.07129313830285,51.18336008647792],[-114.0742817917217,51.183353911901854],[-114.07553100755074,51.183351426429276],[-114.07868797231491,51.18334508464525],[-114.0829299806445,51.183336430248204],[-114.08293039982713,51.18342804493203],[-114.08293032380625,51.18475261985896],[-114.08292997879006,51.19065956486583],[-114.08292950757182,51.197891276258915],[-114.08292932729391,51.197893865705524],[-114.08293153419248,51.205124023116944],[-114.08293356287354,51.212355739280135],[-114.08293355496629,51.21235685832285],[-114.08293350498599,51.21236420497939],[-114.07238798588145,51.212388593315424],[-114.07218357592812,51.21238906886196],[-114.07147285852243,51.21239082636871],[-114.07118501539938,51.21239144775973],[-114.07118494083153,51.212348098922995],[-114.07118493552035,51.212344874705565],[-114.06802936750799,51.21235175212779],[-114.05972031585611,51.212369454289515],[-114.04832631775207,51.21239255832822],[-114.04825435722087,51.21239269276197],[-114.04811790459243,51.21239286661665],[-114.04796651862215,51.21239305915835],[-114.03836997152398,51.212405154217166],[-114.03649558318119,51.21240742224328],[-114.0354736848079,51.212408503566714],[-114.03525551491322,51.212408729215504],[-114.02500521524328,51.21242088567362],[-114.02486250582889,51.21242093349706],[-114.02471712329644,51.21242100384788],[-114.01329104104975,51.212424811631145],[-114.01327228395495,51.20523947126055],[-114.00861897178314,51.20524211439625],[-114.00844450141244,51.20524221937887],[-114.00827000240857,51.205242323858634],[-114.00783811571235,51.20524257591508],[-114.00266252893564,51.205245177415904],[-114.00265978819243,51.20208073824678],[-114.0026602092498,51.19801184094469],[-114.0026606535355,51.19202846462968],[-114.00266067997698,51.1918170206579],[-114.00266092194576,51.190772612063476],[-114.00266161641379,51.184618511576694],[-114.00266154138139,51.18434277131285],[-114.00266170146584,51.183839260629995],[-114.0026617229293,51.18370230408932],[-114.00266172085219,51.18357903941926],[-114.00266172401636,51.183532466601804],[-114.00266172983274,51.18335179783693],[-114.00266204521463,51.17975762079773],[-114.00225674049288,51.17975814112069],[-114.00225659116782,51.17757587144206],[-114.00225648937267,51.176113245885944],[-114.0018250532356,51.17611384761345],[-114.00182504832715,51.18335220999574],[-114.00182492436096,51.183532895754524],[-114.00153735462558,51.18353305972606],[-114.00139366984246,51.183533146799086],[-114.00070138472564,51.183533505915214],[-113.99930442936424,51.18353438479971],[-113.99904896625587,51.183534520403214],[-113.99879350295896,51.18353466444333],[-113.99849459685089,51.18353481387964],[-113.99329926489091,51.18353747163082],[-113.98562767636957,51.18354033310659],[-113.98179008899868,51.18354153257869],[-113.98150223362292,51.18354164481066],[-113.97001338361633,51.18354777368773],[-113.96972840173073,51.183547777889345],[-113.95852297906129,51.183547407634265],[-113.95823541329213,51.183547348238775],[-113.9575259957719,51.18354626471866],[-113.95733240350758,51.18354736429787],[-113.95706647358539,51.18354690920514],[-113.95706601986373,51.1835469078592]]]}}],"metadata":{"federal":{"title":"Electoral Geography Boundary Files (45th General Election) in vector format (ESRI shapefile, KMZ, GDB)","author":"Elections Canada","url":"https://www.elections.ca/content.aspx?dir=cir/mapsCorner/vector&document=index&lang=e&section=res","originalFileUrl":"https://www.elections.ca/res/cir/mapsCorner/vector/FederalElectoralDistricts_2025_KMZ.zip","notice":"This is an unofficial reproduction of selected federal electoral district boundaries from the original KMZ version linked here, converted to GeoJSON without simplifying the source vertices. Neighbourhood View is not affiliated with or endorsed by Elections Canada."},"provincial":{"title":"Maps — Shapefiles: Electoral Divisions (effective March 19, 2019)","author":"Elections Alberta","url":"https://www.elections.ab.ca/resources/maps/","originalFileUrl":"https://www.elections.ab.ca/uploads/2019Boundaries_ED-Shapefiles.zip","notice":"Source: Elections Alberta. Original boundary vertices and source attributes are retained; projection and file format are converted for this map. This reproduction is unofficial and is not affiliated with or endorsed by Elections Alberta.","interpretationLimit":"The site permits noncommercial reproduction but prohibits modifying materials. Technical projection/format conversion preserves shapes, and GIS files are explicitly offered for mapping software; no express blanket derivative licence was found."}}}
