{"type":"FeatureCollection","metadata":{"capturedAt":"2026-09-13T20:43:55.217541Z","title":"Calgary current regulatory flood zones (historic calculation basis)","source":{"datasetId":"tp6q-x2v7","title":"Regulatory Flood Map (Bylaw Flood Hazard)","publisher":"The City of Calgary","url":"https://data.calgary.ca/d/tp6q-x2v7","description":"Calgary’s Regulatory Flood Map shows the floodway, flood fringe and overland flood zones. The map is used for land planning purposes, showing the designated flood zones where various development and building regulations apply. The map shows the regulatory flood zones for the Bow River, Elbow River, Nose Creek and West Nose Creek. An annotation file is provided separately as an attachment: (<a href=\"https://data.calgary.ca/api/views/tp6q-x2v7/files/ef8cdbca-ac2e-4ed5-806f-63957e486d33?download=true&filename=Bylaw_Flood_Hazard_Annotations.zip\">Bylaw Flood Hazard Annotations</a>). This map is the 1:100 flood extent calculated in 1983.\n\nDesignated flood elevations (or steplines) associated with these zones are available separately. \n\nFor more on the development and building regulations that apply in each designated flood zone, please refer to Calgary’s Land Use Bylaw, Part 3 Division 3.  http://www.calgary.ca/PDA/pd/Pages/Calgary-Land-Use-bylaw-1P2007/Calgary-Land-Use-Bylaw-1P2007.aspx \n\nAre you building or renovating? \nIf you are building or renovating, check the regulatory flood map on this page, and the 1:100 year inundation map (from Flooding in Calgary: Maps http://www.calgary.ca/UEP/Water/Pages/Flood-Info/Calgary-flood-maps/Flood-maps.aspx) to see if your property is in a flood risk zone.  Since late 2011, property owners have been advised of both the official designated flood elevation per the Land Use Bylaw (based on this regulatory flood map) and the most up to date recommended flood elevation (based on the updated 1:100 year inundation map) for their specific property.\nFor Calgary's River Flood story, see: https://maps.calgary.ca/RiverFlooding/","sourceUpdatedAt":"2026-09-03T17:13:00Z","query":{"file":"flood-regulatory-core-bbox-raw.json","datasetId":"tp6q-x2v7","url":"https://data.calgary.ca/resource/tp6q-x2v7.json?%24where=intersects%28multipolygon%2C+%27POLYGON+%28%28-114.12+51.02%2C-113.995+51.02%2C-113.995+51.08%2C-114.12+51.08%2C-114.12+51.02%29%29%27%29&%24limit=5000","query":{"$where":"intersects(multipolygon, 'POLYGON ((-114.12 51.02,-113.995 51.02,-113.995 51.08,-114.12 51.08,-114.12 51.02))')","$limit":5000},"retrievedAt":"2026-09-13T20:36:54.514036Z","records":120,"bytes":8231396,"sampleWithoutGeometry":{"description":"Flood Fringe","flood_cd":"100","perimeter":"null"}},"schema":[{"field":"description","type":"text","description":""},{"field":"flood_cd","type":"number","description":""},{"field":"perimeter","type":"text","description":""},{"field":"multipolygon","type":"multipolygon","description":""}]},"calculationBasisYear":1983,"caveat":"This is the City regulatory designation layer. Its metadata identifies a 1:100 extent calculated in 1983. A recent dataset update does not mean the physical flood modelling is recent. Do not present it as the latest estimated flood extent or as a home-specific flooding probability.","currentStatusSourceUrl":"https://www.calgary.ca/water/flooding/flood-maps-river-flows.html","displayGeometry":"Clipped to four communities and an approximate 400m buffer; simplified at 0.00002 degrees for display. Consult the official map for parcel-level interpretation.","licence":{"name":"Open Government Licence – City of Calgary","url":"https://data.calgary.ca/stories/s/Open-Calgary-Terms-of-Use/u45n-7awa/","attribution":"Contains information licensed under the Open Government Licence – City of Calgary."}},"features":[{"type":"Feature","id":"flood-regulatory-d0551d81bb3b","properties":{"id":"flood-regulatory-d0551d81bb3b","zone":"Normal River Channel","sourceCode":"500","layerType":"current-municipal-regulatory-designation","sourceDatasetId":"tp6q-x2v7"},"geometry":{"type":"Polygon","coordinates":[[[-114.02332572821017,51.05592365592449],[-114.023267202796,51.055666203308],[-114.02318983353,51.055543437136],[-114.022814637878,51.055245206999],[-114.022665072186,51.055042353464],[-114.022700191454,51.054897263398],[-114.02288752741,51.054680562985006],[-114.022987845546,51.05450529234301],[-114.02303782508,51.054358239481004],[-114.023007399134,51.054115847603],[-114.022909332345,51.054015764549],[-114.022744666073,51.053995134737],[-114.022435225517,51.054275070551],[-114.022199970773,51.054352258939],[-114.021987741506,51.054313081408],[-114.021872638032,51.054193411195],[-114.021611877611,51.053598445481],[-114.021586996041,51.053391641579],[-114.021400647313,51.052973175608],[-114.021323784916,51.052588780207],[-114.021005602731,51.051757652651],[-114.020972746678,51.051734877696],[-114.020942108816,51.051567287793],[-114.020459830389,51.050547534937],[-114.020324179689,51.05016748923501],[-114.020172480967,51.049643931447],[-114.02000488682,51.04878360929],[-114.019838637457,51.048405983682],[-114.019793781801,51.047911734252],[-114.019592950395,51.047598520102],[-114.019627321248,51.047518998386],[-114.01959744559001,51.047378765426],[-114.019411529757,51.047049165551],[-114.01941605938902,51.046913265257004],[-114.019498567102,51.046771567985],[-114.019461817555,51.046642902305],[-114.01946402350801,51.046434714166],[-114.019385924664,51.046149914497],[-114.019392753711,51.046025579091],[-114.019346868898,51.045987997033],[-114.019372068888,51.045921488625],[-114.019307428687,51.04528484561501],[-114.019382938047,51.04506924495001],[-114.019512438506,51.044835479561],[-114.019709230974,51.04493548608801],[-114.019636198034,51.044993607114],[-114.019637499394,51.045079782473],[-114.019532825776,51.045266686662],[-114.019498464112,51.045476610736],[-114.01960632151601,51.046671792723],[-114.019647626307,51.046722387179],[-114.019615538503,51.046772993961],[-114.019684402781,51.046913220372005],[-114.019578868875,51.046838058785],[-114.019510114137,51.04696095899],[-114.019760308086,51.047425001848],[-114.019817217766,51.0478078279],[-114.019903600026,51.047847576588],[-114.019973065231,51.048401091952],[-114.020176789373,51.048875388226],[-114.020189804045,51.049004909961],[-114.020272006283,51.049107794839],[-114.020419694911,51.049747258676],[-114.020547212791,51.050140154739],[-114.020636255073,51.050313390824],[-114.02062859526,51.050414022253],[-114.02096091590201,51.051195013705],[-114.021069501878,51.051368857223],[-114.021169575581,51.051681080077],[-114.02116642426601,51.051779733861],[-114.021212583102,51.051823803],[-114.021385221708,51.052313533385],[-114.021400098004,51.052344554191],[-114.021449062346,51.052346739607],[-114.021391631927,51.052360944003],[-114.021543599671,51.052671602652],[-114.021577374889,51.052926958428],[-114.021730862326,51.053314694383],[-114.021820626509,51.053769457683],[-114.022006781805,51.05409310121],[-114.021997866388,51.054121671316],[-114.022103219026,51.054222482822],[-114.022289683717,51.054220059744],[-114.02242434676401,51.054133440522],[-114.022606546983,51.05391858351],[-114.02276641496502,51.053867036896],[-114.02304414811,51.053981724548],[-114.023200506199,51.054165473135],[-114.023225384607,51.054288025026],[-114.023136255681,51.054533782044],[-114.02297533104802,51.054765545339],[-114.022827512332,51.054902662099],[-114.022803410821,51.055001301084],[-114.02288312932801,51.055148214341],[-114.023249394736,51.055445070614],[-114.023388754158,51.055625342364],[-114.02346610928242,51.055923952091895],[-114.02332572821017,51.05592365592449]]]}},{"type":"Feature","id":"flood-regulatory-e1ba901d5dd7","properties":{"id":"flood-regulatory-e1ba901d5dd7","zone":"Flood Fringe","sourceCode":"100","layerType":"current-municipal-regulatory-designation","sourceDatasetId":"tp6q-x2v7"},"geometry":{"type":"Polygon","coordinates":[[[-114.018950991558,51.045505222509],[-114.019324245048,51.045466578363005],[-114.019372068888,51.045921488625],[-114.019346868898,51.045987997033],[-114.019392753711,51.046025579091],[-114.019385924664,51.046149914497],[-114.01946402350801,51.046434714166],[-114.019461817555,51.046642902305],[-114.019498567102,51.046771567985],[-114.01941605938902,51.046913265257004],[-114.019411529757,51.047049165551],[-114.01959744559001,51.047378765426],[-114.019627321248,51.047518998386],[-114.019592950395,51.047598520102],[-114.019807664335,51.047962569712],[-114.019796739567,51.048152407649],[-114.01984284537902,51.048417645342],[-114.019735746839,51.048441459283],[-114.019467913144,51.047616755085],[-114.0193628157,51.047165042254],[-114.019221361792,51.04716596727201],[-114.019122721658,51.047065736282],[-114.019102419493,51.046997079643],[-114.018990803481,51.04621290748],[-114.018945172438,51.04558744623701],[-114.018950991558,51.045505222509]]]}},{"type":"Feature","id":"flood-regulatory-c51bba79f8d7","properties":{"id":"flood-regulatory-c51bba79f8d7","zone":"Flood Fringe","sourceCode":"100","layerType":"current-municipal-regulatory-designation","sourceDatasetId":"tp6q-x2v7"},"geometry":{"type":"Polygon","coordinates":[[[-114.02366100464305,51.05592436327021],[-114.023640360818,51.055796552135],[-114.023471611494,51.055561973426],[-114.023197864876,51.055319394723],[-114.023150042385,51.055124896395],[-114.023181817206,51.055040669932],[-114.023105422498,51.05497050233501],[-114.02314672817,51.054860205613],[-114.023156181454,51.054675722148],[-114.023200682991,51.054593498758],[-114.023479356809,51.054368832308],[-114.023539585347,51.054257367464],[-114.023499495745,51.054076087966],[-114.023416059966,51.053923306459],[-114.023158885992,51.053718020824],[-114.022922837137,51.053611549967],[-114.022299379799,51.053503742696],[-114.022061825907,51.053552386198],[-114.021725890454,51.052873331507],[-114.021751190016,51.052778145438],[-114.021867721856,51.052770976866],[-114.021911513121,51.052835950861],[-114.021999181042,51.052865379325],[-114.022028747919,51.052909251684],[-114.022212622141,51.052958993867],[-114.022383519001,51.052994568649],[-114.022598357539,51.05296448546301],[-114.02261771786,51.052942990893],[-114.02246512862601,51.052838479758],[-114.022413370765,51.052832854038],[-114.022382435867,51.05288688549],[-114.022320779864,51.052820019153],[-114.02239120940001,51.052730705392],[-114.02244760027,51.052716665218],[-114.02223412645,51.052627845325],[-114.02235176639,51.052585770772],[-114.022236710858,51.052541353829],[-114.022296397056,51.052472444337],[-114.022562733205,51.052475834494],[-114.022665968776,51.052510772849],[-114.023245080481,51.05247749154],[-114.023918993128,51.052482816832],[-114.024071333823,51.05259357668],[-114.024443274773,51.052616710951],[-114.025009902132,51.052594099702],[-114.025146651889,51.052681000065],[-114.025106610667,51.052738089804],[-114.025026742513,51.052744954402],[-114.025065355937,51.052801166943],[-114.025063075442,51.052872839778],[-114.025012464147,51.052896641915],[-114.025049609877,51.052989638912],[-114.025103444614,51.052976177842],[-114.025185134623,51.053035172389],[-114.025132879119,51.053078253387],[-114.025181291447,51.053107565637],[-114.02519336781,51.053209557703],[-114.025256869305,51.05325443956],[-114.025263165718,51.05332635595901],[-114.025297672808,51.053347242403],[-114.025218959543,51.053428711668],[-114.025157708836,51.053447458544],[-114.025171460475,51.053498163896],[-114.025249803359,51.053522095611],[-114.025185337413,51.053537894568],[-114.025259783044,51.053699710535],[-114.025335574652,51.053744660708],[-114.02530282019701,51.053776078781],[-114.02527112667902,51.053762548918],[-114.025226676264,51.053851893854],[-114.025214310701,51.053974241204],[-114.025256534335,51.05418833482601],[-114.025290269729,51.054312726358],[-114.025428655573,51.054558806951],[-114.025559975905,51.054593683586],[-114.025532631871,51.054639270129],[-114.02557120769102,51.054638769958],[-114.025578272756,51.054672919452],[-114.025417937742,51.054707086588],[-114.02539069708301,51.054736028612],[-114.025407029247,51.054759903552],[-114.025235672209,51.054791404684],[-114.025212950148,51.054862396893],[-114.025272126331,51.05510649359601],[-114.025241604347,51.055242417521],[-114.025137830253,51.055334127805004],[-114.025163679545,51.055482030951],[-114.025093356699,51.05565047290201],[-114.025182192453,51.055762973581],[-114.025172399165,51.055866287305],[-114.0252044268414,51.05592761948798],[-114.02478709892505,51.055926739035066],[-114.024827201569,51.055654562523],[-114.024777234638,51.055539249447],[-114.024850153332,51.055504556136],[-114.02502164659401,51.055553713078],[-114.025045530771,51.055517839893],[-114.024980880838,51.055454117536],[-114.025037336067,51.05539338981],[-114.025057994485,51.055311477376],[-114.025001155464,51.05522875628401],[-114.024979538458,51.055119795646],[-114.024905620541,51.055029457569],[-114.02492142484401,51.054856770718],[-114.024840075822,51.054867288024],[-114.024707058915,51.054941586565],[-114.0247080612,51.055026496931],[-114.02467007363,51.055050191062],[-114.024709675342,51.055089846228],[-114.024701619317,51.055192052924],[-114.02455019776501,51.055236191073],[-114.024477988906,51.05517485859],[-114.024524179142,51.055160714376],[-114.024445831013,51.055136781283],[-114.02436690782402,51.054987238533],[-114.024367785186,51.054655935793],[-114.024429038215,51.054494283383],[-114.024336079554,51.054413096851],[-114.024324953492,51.054344166906],[-114.024270481574,51.054361859208],[-114.024032625132,51.054301701513],[-114.023809815157,51.054373559679],[-114.023765550711,51.054434371545],[-114.023779619816,51.054606034542],[-114.02375305273002,51.054768538982],[-114.023797332721,51.055043524534],[-114.02391466312,51.055319056091],[-114.024038338023,51.0554484332],[-114.024035763561,51.055528674142],[-114.024012224416,51.05555749192],[-114.023915989918,51.05551616255],[-114.023974102862,51.055660249506],[-114.023825250388,51.055870186217],[-114.023758640389,51.055840017703],[-114.023789116824,51.055803613043],[-114.023750163785,51.055799197125],[-114.023660566516,51.055884704798],[-114.023760295455,51.055924489232],[-114.02366100464305,51.05592436327021]],[[-114.024666325775,51.05393453637],[-114.024558072065,51.053867486870004],[-114.024551115037,51.053828299449],[-114.024614881044,51.053801316881],[-114.024451230521,51.053751257817],[-114.02448642631701,51.053642003783],[-114.024369454771,51.053583876431],[-114.024118156567,51.053554729944],[-114.024072605303,51.053576985294],[-114.024048005753,51.0535943549],[-114.024115750615,51.053717282547],[-114.024095456774,51.053731227989],[-114.024073352205,51.053650304393],[-114.02402265973,51.053605282621],[-114.023915567382,51.053579878958],[-114.023800396576,51.05357430187],[-114.023694579479,51.053688485614],[-114.02372892286202,51.053942508333],[-114.023851586643,51.05418585573],[-114.023958406696,51.05424758516],[-114.02465460252701,51.054291581703],[-114.024724407852,51.054228937388],[-114.024688915002,51.054154866912],[-114.024762797734,51.054121122758],[-114.024773113391,51.054030766706],[-114.02469695837702,51.053996983277],[-114.024666325775,51.05393453637]]]}},{"type":"Feature","id":"flood-regulatory-3ed381caf9b8","properties":{"id":"flood-regulatory-3ed381caf9b8","zone":"Flood Fringe","sourceCode":"100","layerType":"current-municipal-regulatory-designation","sourceDatasetId":"tp6q-x2v7"},"geometry":{"type":"Polygon","coordinates":[[[-114.022793276903,51.054502567906],[-114.02282491244,51.054505950857],[-114.022931947764,51.054378124881],[-114.02293445496,51.054299464354],[-114.02287589833601,51.054226258168],[-114.02276928625,51.05422490985],[-114.022746867423,51.054252357128],[-114.022789273025,51.054383261642],[-114.022854082802,51.054441822396],[-114.022783653834,51.054442749501],[-114.022774729341,51.054402542928],[-114.022683757081,51.054343200609],[-114.022664831859,51.054354262532],[-114.02271107868,51.054406769692],[-114.022703494863,51.054450806401],[-114.02263464508101,51.054434631968],[-114.022575764231,51.054374559674],[-114.022545321622,51.054380781041],[-114.022569234813,51.054445916824],[-114.022541127337,51.054464357462],[-114.02248245992601,51.054450182087],[-114.022463621267,51.054401550435],[-114.022391223574,51.054437136641],[-114.022054436298,51.054432705812005],[-114.02206941470202,51.05456814567301],[-114.021945982519,51.054380455508],[-114.021898430841,51.054365926254],[-114.021875467832,51.054326437822],[-114.02206239334902,51.054425409154],[-114.02243032853801,51.054380742035],[-114.022547066163,51.054342810832],[-114.02274159182,51.054206751515],[-114.022876038701,51.054210069455],[-114.02295567988,51.05428364008101],[-114.022955717363,51.054359455762],[-114.022810796739,51.054641563508],[-114.022635778909,51.054879078903],[-114.022556324285,51.055193506927],[-114.022620102901,51.055385264141],[-114.02290341409869,51.05592426275836],[-114.02286692862252,51.05592433034909],[-114.022754602171,51.055767931162],[-114.022666830312,51.055537815075],[-114.022540425226,51.055327458574],[-114.022529984522,51.055225518995],[-114.022604411978,51.054909336272004],[-114.022765556057,51.054663616015],[-114.022813245752,51.054548548216],[-114.022793276903,51.054502567906]]]}},{"type":"Feature","id":"flood-regulatory-0f2013e6ce83","properties":{"id":"flood-regulatory-0f2013e6ce83","zone":"Floodway","sourceCode":"200","layerType":"current-municipal-regulatory-designation","sourceDatasetId":"tp6q-x2v7"},"geometry":{"type":"Polygon","coordinates":[[[-114.03648704277701,51.045212219994006],[-114.037265968055,51.045351265648],[-114.037650039076,51.045471026934],[-114.037517825637,51.045476777929],[-114.03713558885602,51.045385560723],[-114.036847585452,51.045358249372],[-114.03648704277701,51.045212219994006]]]}},{"type":"Feature","id":"flood-regulatory-cbc1468b990e","properties":{"id":"flood-regulatory-cbc1468b990e","zone":"Flood Fringe","sourceCode":"100","layerType":"current-municipal-regulatory-designation","sourceDatasetId":"tp6q-x2v7"},"geometry":{"type":"Polygon","coordinates":[[[-114.013802264556,51.044986164792],[-114.01582898664,51.045159726163],[-114.016623448651,51.045285685179],[-114.016848340599,51.0452755638],[-114.016635622051,51.045354443212],[-114.016312713032,51.04531414999901],[-114.016031923068,51.045424527026],[-114.015255415163,51.045178607157],[-114.015020291469,51.045149756296],[-114.014417270001,51.045168998344],[-114.013986176733,51.045087015821],[-114.01379019996702,51.045010068118],[-114.013802264556,51.044986164792]]]}},{"type":"Feature","id":"flood-regulatory-a68e9a8f498c","properties":{"id":"flood-regulatory-a68e9a8f498c","zone":"Floodplain","sourceCode":"400","layerType":"current-municipal-regulatory-designation","sourceDatasetId":"tp6q-x2v7"},"geometry":{"type":"Polygon","coordinates":[[[-114.058204697176,51.051010760388],[-114.058242427408,51.051021046515],[-114.057223585806,51.050786148424],[-114.058204697176,51.051010760388]]]}},{"type":"Feature","id":"flood-regulatory-9c85a447df68","properties":{"id":"flood-regulatory-9c85a447df68","zone":"Flood Fringe","sourceCode":"100","layerType":"current-municipal-regulatory-designation","sourceDatasetId":"tp6q-x2v7"},"geometry":{"type":"Polygon","coordinates":[[[-114.04758259951402,51.047537460818],[-114.048882163812,51.048082480626],[-114.049841580537,51.048452695871],[-114.04758259951402,51.047537460818]]]}},{"type":"Feature","id":"flood-regulatory-8d837d795e3b","properties":{"id":"flood-regulatory-8d837d795e3b","zone":"Flood Fringe","sourceCode":"100","layerType":"current-municipal-regulatory-designation","sourceDatasetId":"tp6q-x2v7"},"geometry":{"type":"Polygon","coordinates":[[[-114.04741432558201,51.047466445613],[-114.047579754543,51.047536260049],[-114.04722150687802,51.047398322191],[-114.04741432558201,51.047466445613]]]}},{"type":"Feature","id":"flood-regulatory-9254cc4325cd","properties":{"id":"flood-regulatory-9254cc4325cd","zone":"Floodplain","sourceCode":"400","layerType":"current-municipal-regulatory-designation","sourceDatasetId":"tp6q-x2v7"},"geometry":{"type":"MultiPolygon","coordinates":[[[[-114.055502819694,51.046714698072],[-114.05564231167901,51.046626590818],[-114.055655504796,51.04673375651301],[-114.056114935925,51.046743954142],[-114.056246023821,51.046828697556],[-114.05627178241,51.047100491457],[-114.057776764734,51.047171578855],[-114.05780153683,51.046835903556],[-114.057770411687,51.04682680245801],[-114.057776864297,51.046790770226],[-114.057849205364,51.046785706487],[-114.057864023352,51.046557210755005],[-114.057897353026,51.046586833393],[-114.057999341045,51.047013181942006],[-114.058180544295,51.0466855034],[-114.058254504765,51.046868806727],[-114.058263493453,51.047206275829],[-114.058602112694,51.04724446122601],[-114.058626722586,51.047257221493],[-114.058453153076,51.047326603062004],[-114.058809167965,51.047398528402],[-114.05865031598293,51.04743374542077],[-114.05708571552046,51.04738850285851],[-114.0576427345896,51.04792111324018],[-114.05787623251513,51.04823139596885],[-114.05806156905378,51.04855426903994],[-114.05819705293666,51.04888678610959],[-114.0582923315176,51.04934053163972],[-114.058077091636,51.049364137174],[-114.058101749117,51.049713949341],[-114.058050693968,51.049858124069],[-114.058068139748,51.049893685053],[-114.058160050206,51.049898620562],[-114.05813359233501,51.050365697618005],[-114.058361616326,51.050403352518],[-114.058247507293,51.050503341021],[-114.058231707881,51.050557175771004],[-114.058475162281,51.050699265384],[-114.05889228389502,51.05083891899701],[-114.058885844086,51.050871308624],[-114.058613703934,51.050846464763],[-114.058586946726,51.050853785925],[-114.058625449399,51.050921256077],[-114.058597974495,51.050931770751],[-114.058320766381,51.050905562311],[-114.05803309315101,51.050820333677],[-114.05743963717501,51.050732244343],[-114.056638252438,51.050475544565],[-114.05683107222,51.050426085694],[-114.057737619173,51.050627092149],[-114.05783823716,51.049187161586],[-114.055386852484,51.049119044415],[-114.055429321716,51.04842116341],[-114.055587088743,51.048295343762],[-114.0558431693,51.048269185643],[-114.056034700098,51.048144104388],[-114.056253846184,51.048095622694],[-114.05631092876,51.048049980424],[-114.05624933234401,51.047988452016],[-114.05610534086702,51.047979878498],[-114.056086635331,51.048046018618],[-114.055995449134,51.048030570339],[-114.055981629383,51.047985429641],[-114.055737785839,51.047971446687],[-114.055702279037,51.047937264887],[-114.055693988951,51.047729307635],[-114.05562238334801,51.047742578211],[-114.055568992495,51.047835648203],[-114.05546753536,51.047730362838],[-114.055412615348,51.047760064883],[-114.055502819694,51.046714698072]]],[[[-114.060865554197,51.049176330771],[-114.060851110455,51.049204155204],[-114.061172362115,51.049220449503],[-114.060950312927,51.04928802981],[-114.06113125575,51.049357734253],[-114.060947504268,51.04937787101],[-114.060901243797,51.049423493715],[-114.060883468717,51.049746379794],[-114.061033260078,51.04977140458501],[-114.06111798309,51.049846162927],[-114.061204832891,51.049874404554],[-114.06119837374801,51.049928676216],[-114.061232407429,51.049958761388],[-114.061135589544,51.050095156544],[-114.060982950007,51.050119841162],[-114.061561833575,51.050188936587],[-114.061493867088,51.050234567354],[-114.061848407215,51.050250846769],[-114.061968560821,51.050300507998],[-114.061755160291,51.050338899193],[-114.061424518915,51.050346324531],[-114.061479518973,51.050360440947],[-114.062331830254,51.050361474638],[-114.062548920762,51.050395592441],[-114.062473687666,51.05113304542],[-114.062192243624,51.051144557623005],[-114.0622262931,51.051187412394],[-114.062148901106,51.051213893248],[-114.062167754582,51.051256297639],[-114.062095452694,51.051308315555],[-114.062247445588,51.051358420742],[-114.062385741714,51.05146006393801],[-114.062668301467,51.051838467342],[-114.062780364119,51.051751775041],[-114.062799711346,51.051563876731],[-114.062861052163,51.051405604843],[-114.063078022415,51.051314765458],[-114.06297953383502,51.051229068286],[-114.062777623785,51.0511849133],[-114.062728379443,51.051140696811],[-114.06275700772,51.050829663046],[-114.06284083173502,51.050725651842],[-114.062886059631,51.050374023185],[-114.063091475046,51.050309182867],[-114.063143465405,51.050208376372],[-114.063424183992,51.050200509402],[-114.063437841759,51.050112943858004],[-114.063510914694,51.050112001607],[-114.063510282646,51.050200475236004],[-114.063748324013,51.050204026045],[-114.063749733588,51.050167998051],[-114.063800377274,51.050165697816006],[-114.063803223042,51.050118268267],[-114.063765566283,51.050084991771],[-114.064054256787,51.050091714657],[-114.064064305362,51.050013726873],[-114.064119292179,51.050012792355],[-114.064120229215,51.050219379338],[-114.06430840356,51.050277219234],[-114.064602168613,51.050291235834],[-114.064941459874,51.050253698201],[-114.065077357481,51.050135982166],[-114.06519826271601,51.050209810334],[-114.065270507946,51.050108994287],[-114.065300341514,51.050269053176],[-114.067413067077,51.05031010007],[-114.06746000507,51.050227079841],[-114.067389032722,51.050166001433],[-114.067472900936,51.050112151337],[-114.06747666168309,51.050066567137684],[-114.06781871725477,51.050218810595695],[-114.067813891295,51.05030399522],[-114.06799861156695,51.05031173123928],[-114.0681599483992,51.05039506640483],[-114.06859775018508,51.050664285321304],[-114.06894450744512,51.050925067462856],[-114.069250517556,51.05120527947168],[-114.06951304248096,51.05150241414052],[-114.0697297332686,51.051813812846],[-114.06989865107012,51.052136689336734],[-114.07011494191812,51.05284405455453],[-114.07001200699901,51.052892838253],[-114.069806948593,51.052876601402],[-114.069630765148,51.052795100491004],[-114.069531580072,51.05269831865301],[-114.06946556143,51.052701750628],[-114.06941950446601,51.052742731568],[-114.06944260921,51.052833310868],[-114.069378128005,51.052986662571],[-114.069415965553,51.05305169063],[-114.069328730847,51.05315605194],[-114.069341326543,51.053604846403],[-114.069192382664,51.053798991269],[-114.069279625397,51.053932244559],[-114.069601317236,51.053954809127],[-114.069716677194,51.054049759921],[-114.067458079773,51.054111063736],[-114.066655422812,51.053962466562],[-114.06500354372,51.053337729416],[-114.062862164708,51.052434972483],[-114.061618413896,51.052028233124],[-114.060960407602,51.051752101018],[-114.060218780647,51.05150301883],[-114.058465057597,51.051068775984],[-114.059223828361,51.051214455431],[-114.059292496779,51.051180641729],[-114.059307397439,51.051049270027],[-114.059355005712,51.050982179821],[-114.05985274147102,51.050927913045],[-114.059841092066,51.050895995599],[-114.059783170106,51.050882364454],[-114.059336541805,51.050816173256],[-114.059262463167,51.050697195873],[-114.059318812407,51.050655639255],[-114.059486628139,51.05062629870601],[-114.059882661424,51.050399257847],[-114.060116426087,51.049776917575],[-114.06011800719202,51.049516478992],[-114.060024450328,51.04942351756401],[-114.059882482885,51.049361615207],[-114.05949937023975,51.04937671478413],[-114.05999024420603,51.04920094050744],[-114.06063661945713,51.04902959482305],[-114.060865554197,51.049176330771]]]]}},{"type":"Feature","id":"flood-regulatory-23f829843444","properties":{"id":"flood-regulatory-23f829843444","zone":"Flood Fringe","sourceCode":"100","layerType":"current-municipal-regulatory-designation","sourceDatasetId":"tp6q-x2v7"},"geometry":{"type":"MultiPolygon","coordinates":[[[[-114.056719097407,51.050356461623],[-114.056831222933,51.05034179526001],[-114.056209443274,51.050183029029],[-114.055965571201,51.050158557355],[-114.055948955455,51.050174985942],[-114.056022081718,51.050205039527],[-114.055955723143,51.05023198835],[-114.055322883853,51.050091658824],[-114.054591731115,51.049989653676],[-114.053998101648,51.049862719414],[-114.053540211545,51.049711255396],[-114.053171335806,51.049477683707],[-114.053122278693,51.049363140038],[-114.053126572265,51.04933258110701],[-114.053167813258,51.049332100282],[-114.053440192449,51.049547648595],[-114.053827490154,51.049681947295],[-114.053893295235,51.049658192185],[-114.054187215235,51.049301372712],[-114.054561892987,51.049230906837],[-114.054621089438,51.049146498914],[-114.054602241991,51.049123251296],[-114.05399593084502,51.04912545227],[-114.053122107188,51.049251861682],[-114.053088799992,51.04923592005],[-114.053132727438,51.049100443782],[-114.052992992144,51.049038505072],[-114.052929857847,51.048916320134],[-114.052724870364,51.04876594632],[-114.052711026644,51.04870210572],[-114.052630611277,51.04863420209],[-114.052528033949,51.048739614136004],[-114.052496569501,51.048983168079],[-114.05243583359,51.049009656604],[-114.052272316148,51.049008386781],[-114.05213211715,51.049072054413],[-114.051549949771,51.048862768372],[-114.05148927397,51.048882072688],[-114.051439183665,51.048770368612],[-114.051645832254,51.048585542177],[-114.051862760377,51.048501496449],[-114.052102277747,51.04852369973301],[-114.052194823788,51.048481686302],[-114.052484589222,51.048243449210005],[-114.052618155055,51.048057752162],[-114.052594211916,51.048013073199],[-114.05253054025,51.048011287705],[-114.052333269578,51.048173763959],[-114.051945739826,51.048353684651],[-114.051776633141,51.04848330616101],[-114.051561802871,51.048518551865],[-114.051298769764,51.048736704461],[-114.051209797042,51.048749526869],[-114.051239282796,51.048630022487],[-114.051117882144,51.048731339532],[-114.050863264209,51.048772078785],[-114.050822000018,51.048756141766],[-114.050809613409,51.048697317475],[-114.051001892973,51.048579084437],[-114.051168709285,51.048368286909],[-114.050704026032,51.048728848049],[-114.050523871881,51.048730322166],[-114.049867157682,51.04840097694401],[-114.049492613634,51.048067360114],[-114.049509767928,51.047923235811],[-114.049368540894,51.047825265252],[-114.049040654712,51.047729682447],[-114.04891608826,51.047644014881],[-114.048353831972,51.047578208489],[-114.048203972497,51.047511253755],[-114.047795914714,51.047508748686],[-114.047763977155,51.047436253281],[-114.04787586692,51.047259239282006],[-114.047921907027,51.047074053553],[-114.047904284362,51.046893008509],[-114.047849817978,51.04674938122],[-114.047912956454,51.04637856941001],[-114.047903986034,51.046176541462],[-114.047797214976,51.045881531392],[-114.047844031275,51.045733742618],[-114.04793643731901,51.045595048024],[-114.04801885464,51.045554412067],[-114.048302033706,51.045764949981006],[-114.048439413077,51.04570968898],[-114.04859512661402,51.045825438162005],[-114.048614114189,51.045948563524],[-114.049347013006,51.045960911236],[-114.049365665593,51.045852814419],[-114.049498738637,51.045820357346],[-114.049602793871,51.045735014159],[-114.049889274686,51.045725725398],[-114.049896919405,51.04600528482101],[-114.050442487223,51.046049658589],[-114.050550968638,51.04602268747501],[-114.050577203532,51.045662842322],[-114.050621304899,51.045642749158],[-114.050710326359,51.04566549954],[-114.05080207502,51.045576514386],[-114.050838269417,51.045591087186],[-114.05084268531,51.045641250669],[-114.050919387141,51.045651239032],[-114.051062068688,51.045756047406],[-114.051389262823,51.0458794445],[-114.052011443393,51.04587405502801],[-114.052723426048,51.045929719585],[-114.052928807831,51.045873956046],[-114.053013329257,51.045792269397],[-114.053055630836,51.045543235514],[-114.053150786075,51.045790818056],[-114.05326623671601,51.045592816985],[-114.053260632686,51.045711395908],[-114.053458936867,51.045758704638],[-114.053320763408,51.045765630516],[-114.053275220694,51.045788916711004],[-114.053283942038,51.045814450766],[-114.053338220901,51.045825819595],[-114.053361301196,51.045780198755],[-114.053404710072,51.045780172636],[-114.053752131413,51.045880292041],[-114.053690026525,51.04595329923],[-114.053687960223,51.046021253563005],[-114.053745927862,51.046078681197],[-114.053897929753,51.046124649416],[-114.053719945575,51.046119286275],[-114.053663559758,51.046148509028],[-114.054004344913,51.046165628532],[-114.05373024919402,51.046231470693],[-114.053891652688,51.046275152104],[-114.053959039018,51.04634123959],[-114.054067579352,51.046352573128],[-114.054075286391,51.046655391353],[-114.054394348655,51.046659297671],[-114.054423924845,51.046603184386],[-114.054492601732,51.046568480793],[-114.05460852658,51.046675126704],[-114.054732284307,51.046701957102],[-114.054718854199,51.04690263126],[-114.054560382415,51.046885399212],[-114.054467092263,51.046910996931],[-114.05439628880701,51.046973976896],[-114.054447099491,51.047080207355],[-114.054604845276,51.04709561498],[-114.054713989295,51.047029418403],[-114.054714091259,51.047094178574],[-114.055245853547,51.047091108359005],[-114.055245843955,51.046628665833],[-114.055402108258,51.046622637969],[-114.055490803324,51.046712434769],[-114.055412615348,51.047760064883],[-114.05532515672,51.047826224873],[-114.055273701452,51.047771529635],[-114.055207526625,51.04801647529],[-114.05507734585602,51.048048480809],[-114.054599751146,51.047998157439],[-114.05395439932201,51.048009047024],[-114.05373810629,51.048031527497],[-114.053720090086,51.048077600946],[-114.053664405024,51.04809450923701],[-114.053294024241,51.048130765273],[-114.05300983967001,51.048231272015],[-114.052965850184,51.048325702984],[-114.053007441969,51.048554619242],[-114.053091489771,51.048632097721],[-114.053239864322,51.048667123431],[-114.053485787694,51.048619542695],[-114.05367740123,51.048543262416],[-114.053934249964,51.048544016182],[-114.05428573173502,51.048449850576],[-114.054668496212,51.048465574106],[-114.05465850336701,51.048553143225],[-114.054683824992,51.048551759549],[-114.054647238419,51.048751079825],[-114.054729516968,51.04862196412],[-114.054759687475,51.04848375989],[-114.054854345391,51.048406170109],[-114.055113302329,51.048368154788],[-114.055350652979,51.048391720675],[-114.055429321716,51.04842116341],[-114.055386852484,51.049119044415],[-114.05783823716,51.049187161586],[-114.057737619173,51.050627092149],[-114.056831072219,51.050426084795],[-114.056863908434,51.050420216514],[-114.056719097407,51.050356461623]]],[[[-114.053256912292,51.049671422792],[-114.053302174968,51.049766146682],[-114.053252013671,51.049786216635],[-114.053299019598,51.049766887076],[-114.053256912292,51.049671422792]]]]}},{"type":"Feature","id":"flood-regulatory-43475a9497ea","properties":{"id":"flood-regulatory-43475a9497ea","zone":"Flood Fringe","sourceCode":"100","layerType":"current-municipal-regulatory-designation","sourceDatasetId":"tp6q-x2v7"},"geometry":{"type":"Polygon","coordinates":[[[-114.049895200455,51.048477860413],[-114.050092965439,51.04858341231801],[-114.050577750275,51.048791829055],[-114.049895200455,51.048477860413]]]}},{"type":"Feature","id":"flood-regulatory-d9e604b43083","properties":{"id":"flood-regulatory-d9e604b43083","zone":"Floodplain","sourceCode":"400","layerType":"current-municipal-regulatory-designation","sourceDatasetId":"tp6q-x2v7"},"geometry":{"type":"Polygon","coordinates":[[[-114.070489440924,51.054031372754],[-114.07051234732,51.053984849722],[-114.07017249496101,51.05396725190101],[-114.07022367696,51.053920366741],[-114.070143785851,51.053857045274],[-114.070098553481,51.053730329037],[-114.070143012256,51.053311913566],[-114.070266062584,51.053256121368],[-114.070352109157,51.053046645958],[-114.070507344053,51.052961249851],[-114.070653024157,51.052968143303],[-114.070685903967,51.053018985471],[-114.071030921588,51.053032037953],[-114.071528180275,51.053123755304],[-114.071599979539,51.053198489646],[-114.071610151476,51.053273013599],[-114.071576054197,51.053351955246],[-114.07141787914702,51.053518209911],[-114.071425428463,51.05356347303701],[-114.071680345157,51.053593577288],[-114.071927983156,51.053779007159],[-114.07209219333,51.053816569328],[-114.072446047851,51.053733692763],[-114.073100279207,51.05370162724301],[-114.07316143552902,51.053674875126],[-114.073295261864,51.053406649485],[-114.073268844591,51.052991615101],[-114.073316385326,51.05294927157],[-114.073387344369,51.052959108542],[-114.073481337731,51.053060426583],[-114.073555763906,51.053383306747],[-114.073542517858,51.05355187415],[-114.073431171647,51.053744316986],[-114.073251011616,51.053857020884],[-114.072240895232,51.053959616342],[-114.072089380517,51.054032416045],[-114.070489440924,51.054031372754]]]}},{"type":"Feature","id":"flood-regulatory-249c0a56e503","properties":{"id":"flood-regulatory-249c0a56e503","zone":"Floodway","sourceCode":"200","layerType":"current-municipal-regulatory-designation","sourceDatasetId":"tp6q-x2v7"},"geometry":{"type":"Polygon","coordinates":[[[-114.028939393404,51.046312626889],[-114.02884392942701,51.046317075232],[-114.02871614511,51.046270202776],[-114.028692251827,51.04622595939],[-114.028731543559,51.046197630288],[-114.028689410473,51.046171976753],[-114.028876123146,51.046162194895],[-114.029318444966,51.046305451211],[-114.029307259827,51.046379793696],[-114.02924971441,51.046401931838],[-114.028939393404,51.046312626889]]]}},{"type":"Feature","id":"flood-regulatory-ddb41dbc69b3","properties":{"id":"flood-regulatory-ddb41dbc69b3","zone":"Floodway","sourceCode":"200","layerType":"current-municipal-regulatory-designation","sourceDatasetId":"tp6q-x2v7"},"geometry":{"type":"MultiPolygon","coordinates":[[[[-114.023466329792,51.055903926209],[-114.023357834554,51.055575122102],[-114.023249394735,51.055445069715],[-114.022912540822,51.055178962402],[-114.02280341082,51.055001300185],[-114.022827512331,51.0549026612],[-114.023080599922,51.05462178081],[-114.023187260967,51.05441085642],[-114.023225384606,51.054288024127],[-114.023149471194,51.054076555158],[-114.02292658556,51.05391488753],[-114.022713771727,51.053873356123],[-114.022606546983,51.053918582611],[-114.022574558447,51.053986262498],[-114.022527634259,51.053991673473],[-114.022384867938,51.054168380338],[-114.022289683717,51.054220058845],[-114.02214501781502,51.054236345147],[-114.02206816757501,51.054207006452],[-114.021997866388,51.054121670417],[-114.022006781804,51.054093100311],[-114.021855769506,51.053859087607],[-114.021730862325,51.053314693484],[-114.021577374888,51.05292695753],[-114.02154359967,51.052671601753],[-114.021391631927,51.052360943104],[-114.021449062345,51.052346738708],[-114.021400098004,51.052344553292],[-114.021385221708,51.052313532486004],[-114.021212583101,51.051823802101],[-114.02116642426601,51.051779732962],[-114.021169575581,51.051681079178],[-114.021069501878,51.051368856324004],[-114.02096091590201,51.051195012806],[-114.020628595259,51.050414021354],[-114.020636255073,51.050313389925],[-114.020547212791,51.05014015384],[-114.020419694911,51.049747257777],[-114.020272006283,51.04910779394001],[-114.020189804045,51.049004909062],[-114.020176789373,51.048875387328],[-114.019969854162,51.048389404057005],[-114.020123057661,51.048355338178],[-114.020249182664,51.048705051847],[-114.020397070371,51.048944166351],[-114.020355617265,51.049013843959],[-114.020432633748,51.049164251118],[-114.020504123991,51.049517699344],[-114.02055520189302,51.049574859634],[-114.020591324448,51.049850286777],[-114.020641315947,51.049929692293],[-114.02071984338001,51.050245320225],[-114.020768788477,51.050305166923],[-114.020897975002,51.05064675342],[-114.020872943372,51.050685684296],[-114.020933822336,51.050760891328],[-114.021121821431,51.051174051269],[-114.021199305313,51.051366491031],[-114.021196758764,51.051446275283],[-114.021376590161,51.051821774706006],[-114.021391511585,51.052013031909],[-114.021504891135,51.052271237264],[-114.02153340512,51.052267105732],[-114.021509371427,51.052296520031],[-114.021589332658,51.052386086065],[-114.021683295444,51.0528069764],[-114.022030548933,51.053515614256],[-114.022109764273,51.053562885223],[-114.022299379799,51.053503742696],[-114.022922837137,51.053611549967],[-114.023158885992,51.053718020824],[-114.02331420137402,51.053828679462],[-114.023416059966,51.053923306459],[-114.023499495745,51.054076087966],[-114.023539585347,51.054257367464],[-114.023479356809,51.054368832308],[-114.023200682991,51.054593498758],[-114.023156181454,51.054675722148],[-114.02314672817,51.054860205613],[-114.023105405534,51.054936413330005],[-114.023121349854,51.055008598507],[-114.023181817206,51.055040669932],[-114.023150042385,51.055124896395],[-114.023197864876,51.055319394723],[-114.023471611494,51.055561973426],[-114.023640360818,51.055796552135],[-114.02366100464305,51.05592436327021],[-114.023466329792,51.055903926209]]],[[[-114.02289943248502,51.05591090319],[-114.022620102901,51.055385264141],[-114.022556324285,51.055193506927],[-114.022635778909,51.054879078903],[-114.022810796739,51.054641563508],[-114.022955717363,51.054359455762],[-114.02295567988,51.05428364008101],[-114.022876038701,51.054210069455],[-114.02274159182,51.054206751515],[-114.022547066163,51.054342810832],[-114.02243032853801,51.054380742035],[-114.02203231944,51.054424300101],[-114.021875467832,51.054326437822],[-114.02178238195,51.054170579781],[-114.021612543735,51.053785423429],[-114.021565386131,51.053736445361],[-114.02138839989,51.053224747978],[-114.020652242813,51.051473518128],[-114.020520992146,51.051119359643],[-114.020538636825,51.051097760531],[-114.020475668726,51.05100668051],[-114.019877182366,51.049514770014],[-114.019872586012,51.049338879617],[-114.019963941797,51.049140470681],[-114.019879844743,51.048810972879],[-114.019735746839,51.048441459283],[-114.019842242164,51.048417779391],[-114.02000488682,51.048783608391],[-114.020172480966,51.049643930548],[-114.020324179689,51.050167488336],[-114.020459830388,51.050547534039],[-114.020942108815,51.051567286894],[-114.020972746678,51.051734876797],[-114.021005602731,51.051757651752],[-114.021323784915,51.052588779308],[-114.021400647313,51.052973174709],[-114.02158699604,51.05339164068],[-114.02161187761,51.053598444582],[-114.021872638032,51.054193410296],[-114.021987741505,51.054313080509],[-114.022199970772,51.05435225804],[-114.022435225517,51.054275069652],[-114.022744666073,51.053995133838],[-114.022909332345,51.05401576365],[-114.023007399134,51.054115846704],[-114.02303782508,51.054358238582],[-114.022987845545,51.054505291445],[-114.022887527409,51.054680562086],[-114.022700191453,51.054897262499],[-114.02266507218502,51.05504235256501],[-114.022814637878,51.0552452061],[-114.02318983353,51.055543436237],[-114.023267202796,51.055666202409],[-114.023330557761,51.055890546125],[-114.02332572807806,51.05592365592421],[-114.02289943248502,51.05591090319]]]]}},{"type":"Feature","id":"flood-regulatory-4a05cd385f27","properties":{"id":"flood-regulatory-4a05cd385f27","zone":"Flood Fringe","sourceCode":"100","layerType":"current-municipal-regulatory-designation","sourceDatasetId":"tp6q-x2v7"},"geometry":{"type":"MultiPolygon","coordinates":[[[[-114.05261225597901,51.049439585628],[-114.05245116657,51.049397284052],[-114.052771146097,51.049506662761],[-114.05261225597901,51.049439585628]]],[[[-114.052771146097,51.049506662761],[-114.052772958314,51.049507481806],[-114.052802080909,51.049530784408],[-114.052771146097,51.049506662761]]]]}},{"type":"Feature","id":"flood-regulatory-d4bd3554c0c5","properties":{"id":"flood-regulatory-d4bd3554c0c5","zone":"Floodplain","sourceCode":"400","layerType":"current-municipal-regulatory-designation","sourceDatasetId":"tp6q-x2v7"},"geometry":{"type":"Polygon","coordinates":[[[-114.051549949771,51.048862768372],[-114.05213211715,51.049072054413],[-114.05197293429902,51.04911209273101],[-114.051818754371,51.049066579675],[-114.051790488157,51.049034216599004],[-114.05179981147,51.048979483908],[-114.051631220805,51.048972743389],[-114.051541445549,51.048933577013],[-114.051501508171,51.048892668884],[-114.051549949771,51.048862768372]]]}},{"type":"Feature","id":"flood-regulatory-2de119942632","properties":{"id":"flood-regulatory-2de119942632","zone":"Flood Fringe","sourceCode":"100","layerType":"current-municipal-regulatory-designation","sourceDatasetId":"tp6q-x2v7"},"geometry":{"type":"Polygon","coordinates":[[[-114.063342581485,51.031820231149],[-114.062714075085,51.031834062833006],[-114.06271904115961,51.03098946164752],[-114.06360280194582,51.0317429543459],[-114.063622534278,51.031825693180004],[-114.063601696877,51.031858088314],[-114.063342581485,51.031820231149]]]}},{"type":"Feature","id":"flood-regulatory-d124468927e1","properties":{"id":"flood-regulatory-d124468927e1","zone":"Floodplain","sourceCode":"400","layerType":"current-municipal-regulatory-designation","sourceDatasetId":"tp6q-x2v7"},"geometry":{"type":"Polygon","coordinates":[[[-114.044027758593,51.043182965296],[-114.043715867937,51.043189302367],[-114.043464242463,51.043267715689],[-114.043440780789,51.043376613485],[-114.043472769218,51.043448141009],[-114.04374164474702,51.043627094646],[-114.043825581541,51.043727625077],[-114.043280908432,51.043574356182],[-114.043168286335,51.043598722258],[-114.043327113052,51.043355648463],[-114.043722447098,51.043058513629],[-114.043764547085,51.043064411321],[-114.043702212504,51.043178789482],[-114.044027758593,51.043182965296]]]}},{"type":"Feature","id":"flood-regulatory-91ff26b6607d","properties":{"id":"flood-regulatory-91ff26b6607d","zone":"Normal River Channel","sourceCode":"500","layerType":"current-municipal-regulatory-designation","sourceDatasetId":"tp6q-x2v7"},"geometry":{"type":"Polygon","coordinates":[[[-114.10891313426947,51.048687110570484],[-114.108039621028,51.048790833541],[-114.107984423794,51.048819268723],[-114.107951551331,51.048766401718],[-114.107904546369,51.048797409348],[-114.107317237395,51.048852137464],[-114.105890733877,51.048920294241],[-114.105040503621,51.048923307953],[-114.103765766412,51.04880085668],[-114.102286657158,51.048718808564004],[-114.101997270921,51.048668000687],[-114.099536048401,51.048547017191],[-114.098364846676,51.048557946853],[-114.098270263306,51.048565124704],[-114.098216295447,51.048607052318],[-114.09819142830001,51.048563771481],[-114.097407664371,51.048590692576],[-114.096684615673,51.048569997143],[-114.096319792497,51.048598692415],[-114.09619589401301,51.048589566493],[-114.095998615073,51.04849389637201],[-114.095865781046,51.048520270691],[-114.095191781989,51.048486421454],[-114.094792534135,51.048528735158],[-114.094356153628,51.048525482471],[-114.093917367276,51.048589253915],[-114.093259260171,51.048748375873],[-114.093248088216,51.0487949372],[-114.09319419604502,51.048761841344],[-114.092577345762,51.048897650347],[-114.092264736451,51.049014831431],[-114.092091695655,51.048967058036],[-114.092065184023,51.04892958456],[-114.09172160219,51.048982624393],[-114.091538852613,51.049037621186],[-114.091305589627,51.049173895544],[-114.090758452352,51.049348255834],[-114.090284989662,51.049456940647],[-114.08979842874201,51.04962951281],[-114.089523369105,51.049803310953],[-114.089550026473,51.04991716341],[-114.089530300898,51.04996994822],[-114.089411404621,51.050008922498],[-114.089244190038,51.050127089902006],[-114.088704771285,51.05031497407901],[-114.087971286394,51.050724743467],[-114.087259342745,51.050990591806],[-114.085909609542,51.051340125089],[-114.084600727448,51.051879123777006],[-114.083366018403,51.052245848632005],[-114.082676273084,51.052524012211],[-114.082128978531,51.052783120466],[-114.08037925699,51.053767052713],[-114.079488008583,51.054203879394],[-114.079081720223,51.054473524747],[-114.077445686743,51.055248895689],[-114.077206599539,51.055504109242],[-114.076690690464,51.05567622080301],[-114.076273706595,51.055737655186],[-114.075559621263,51.05593982036],[-114.074511436999,51.056394648335],[-114.074051369854,51.056635681709],[-114.07352104634101,51.056848128823],[-114.073259055934,51.057001846649],[-114.073157895066,51.057012320996],[-114.072980462331,51.0571035229],[-114.072887688368,51.057194671775],[-114.072448011702,51.057282132763],[-114.07233234050501,51.057256178274],[-114.07108937417301,51.057303787123],[-114.068110541808,51.05718791600301],[-114.067541625626,51.05720765940901],[-114.067158269325,51.057117685581005],[-114.066424126217,51.056798777794],[-114.065340440153,51.056144844662],[-114.065198855658,51.056036069939],[-114.064151279742,51.054994153374],[-114.06380298404902,51.054535474606],[-114.063145923375,51.053804161733],[-114.063093213723,51.053804748458],[-114.06275163587401,51.053600732637],[-114.061641417968,51.053196809333],[-114.061142062367,51.053120998789],[-114.0610615435,51.053080698607],[-114.06107428245801,51.053032282303],[-114.06103584260501,51.053005791694],[-114.060931610718,51.053011609385],[-114.060241901884,51.052807952352],[-114.059680119427,51.052532763099],[-114.058942899621,51.052347564151],[-114.058041288848,51.052075887447],[-114.057744877473,51.051951916753],[-114.057246778486,51.051820793148],[-114.056690068723,51.05174395603],[-114.056274858309,51.051625546264],[-114.055877155639,51.051607531974],[-114.055675565404,51.051561767097],[-114.055576673455,51.051591630376],[-114.054830724445,51.051377112107],[-114.054237604033,51.051243841994],[-114.053739152747,51.051088951842],[-114.052523442504,51.050604115976],[-114.052472055276,51.050576624205],[-114.052444951943,51.050451202738],[-114.052166790487,51.050384517377],[-114.051567511201,51.05015808401101],[-114.051186909894,51.050090279094],[-114.04960971893901,51.049624063357],[-114.04861096159202,51.049423452942],[-114.0481641371,51.049278085256006],[-114.047519013085,51.049158308592],[-114.047339607171,51.049074265416],[-114.047310364028,51.049023456532],[-114.046980916419,51.049025342414],[-114.04674873898801,51.048991262857],[-114.046611065064,51.048935240822],[-114.046674980168,51.048907176357],[-114.046649930919,51.048879148297],[-114.046670743065,51.048840586644],[-114.046445536752,51.048826656871],[-114.046291291309,51.048879290886],[-114.04554610394901,51.048770057298],[-114.044047519943,51.048678629879],[-114.043187447989,51.04857554379701],[-114.042354850674,51.04837839809101],[-114.041023870082,51.048221593934],[-114.04064414960801,51.048221726593],[-114.040564090644,51.048264763062],[-114.040587845006,51.048290933803],[-114.040561156873,51.048302163147],[-114.039961899711,51.048291149489],[-114.03977206160802,51.048317394126],[-114.040237932141,51.048453740095],[-114.040475285618,51.048485447618],[-114.04024391527,51.048511706496],[-114.039694987292,51.048382868243],[-114.03946644679202,51.04824830917601],[-114.03922314987,51.048203512554],[-114.03882253946,51.048054050933],[-114.036490347216,51.047441460082],[-114.036193553283,51.04725829763001],[-114.035917308935,51.047244135922],[-114.035356092999,51.047109325345],[-114.034848338597,51.047059687318],[-114.034495237857,51.04707519147],[-114.033726795975,51.047029218412],[-114.033682485668,51.04717622226],[-114.033626970792,51.047184638248],[-114.033598077779,51.047153848642],[-114.033655739473,51.047041838],[-114.033617954631,51.047001251254],[-114.033458071409,51.047023695942],[-114.03260819425,51.046960391331],[-114.03094214263902,51.04668704854701],[-114.030286325549,51.046640691277],[-114.029718328927,51.046536575981],[-114.029012099178,51.046453805171],[-114.02857587736,51.04634461189401],[-114.028375024512,51.046145173304],[-114.028129152846,51.046070543353],[-114.027978069063,51.045938813528],[-114.027311606865,51.045652406386],[-114.02675375178102,51.045266766227],[-114.025884820299,51.044967242411],[-114.025431342534,51.044724365658],[-114.024751837528,51.044565547877],[-114.024284253333,51.044314855768],[-114.023947779724,51.044251263494],[-114.022782521713,51.044143671772],[-114.021688800738,51.044316989760006],[-114.021211225692,51.04453673705301],[-114.021258543919,51.044562185584],[-114.021478920448,51.044560690754],[-114.021446625546,51.044587609249],[-114.021308192826,51.044641457900006],[-114.021169786408,51.04475058605],[-114.020862170504,51.044916135155],[-114.020647776269,51.044950197567],[-114.020529124411,51.045008200446],[-114.020050073045,51.044939217287],[-114.019709230974,51.04493548608801],[-114.019512438506,51.044835479561],[-114.019505224958,51.04480371015],[-114.019404419313,51.044783302256],[-114.019022882627,51.044921796076],[-114.019026503406,51.044973990774],[-114.019130945647,51.045080633308],[-114.01909495007702,51.045087447119],[-114.018554937799,51.04504214673301],[-114.017968157938,51.045076278934],[-114.017345353666,51.045046871414],[-114.016740863296,51.045130825674],[-114.01662795599802,51.045280330253],[-114.016600710317,51.045263162838],[-114.016639922025,51.045140435729],[-114.016405065135,51.045146139652],[-114.01623253226,51.045050664014],[-114.015710331038,51.045116416157],[-114.015238506751,51.045041270522],[-114.01522148347601,51.045005693176],[-114.015283103193,51.044842860397],[-114.015402452136,51.04472258997],[-114.015397150951,51.044690935122],[-114.015332763063,51.044669976831],[-114.01523396814501,51.044695214042],[-114.015207297504,51.044824542017],[-114.015075810125,51.045013898107],[-114.014511425105,51.044999652494],[-114.013822193738,51.044894602009],[-114.013592682903,51.044969393836],[-114.013442605109,51.044931305514],[-114.013135289334,51.044757031332],[-114.013153212834,51.044744516507],[-114.013117596007,51.044716076095],[-114.012817323797,51.044600381877],[-114.012681696801,51.044620312527],[-114.012553161833,51.044551835423],[-114.01229798121001,51.044501359128],[-114.011502417571,51.04410972147101],[-114.010731641225,51.043592168572],[-114.010007044689,51.04300077749701],[-114.010104739355,51.04299504532601],[-114.010056767513,51.042905322911],[-114.00991974491201,51.042842988105],[-114.009777313939,51.042835265338],[-114.009693010548,51.042762813289],[-114.009651422631,51.042639334613],[-114.009425252899,51.042516531696],[-114.009183718332,51.042432050997],[-114.009182093574,51.042054137867],[-114.009251961299,51.041554915148],[-114.009362365917,51.041261200821],[-114.00933488962201,51.04110025253801],[-114.009385654464,51.040780453792],[-114.00934051847601,51.040500573558],[-114.009372980417,51.040383310593],[-114.009503355175,51.040142418184],[-114.009765608367,51.039805687635],[-114.010292399485,51.039365972177],[-114.010300532196,51.039247461497],[-114.010269226898,51.039209716327],[-114.010108353991,51.039271620227],[-114.009964974197,51.039243437115],[-114.010075384698,51.039108424203],[-114.010188622144,51.039071182472],[-114.01020694708255,51.03900763345774],[-114.01098931391061,51.03885600578868],[-114.01209811372527,51.038771130891185],[-114.01276818549299,51.038778964722596],[-114.012616349679,51.038863098288],[-114.012440243576,51.038891102233],[-114.012277060186,51.039054510746],[-114.012212629753,51.039064447565],[-114.01198930928601,51.039233278259005],[-114.011900572524,51.039375916769],[-114.011995099569,51.03947520599],[-114.011995109125,51.039512217652],[-114.011874844641,51.039552851877005],[-114.011764612919,51.039634107809],[-114.011774357655,51.039758242564],[-114.011833806197,51.039739494748],[-114.011900670923,51.039659837057],[-114.01198242058501,51.03966919961],[-114.012014636818,51.039716049933],[-114.012037040779,51.040134604553],[-114.01193059173902,51.040418859359],[-114.01194050855702,51.040450094096],[-114.01202969502101,51.040467264342],[-114.01204209281002,51.04051411669],[-114.011975217433,51.040556291733],[-114.01197771906402,51.040646873889],[-114.012079347658,51.040879569122],[-114.012252829668,51.041155985533],[-114.012233042211,51.041271559684],[-114.012049698568,51.041184119362],[-114.011777127457,51.040913958749],[-114.011469897156,51.040721890265],[-114.011440140706,51.040606321991],[-114.011531781262,51.040531347547],[-114.011536718152,51.040457943139],[-114.011318707866,51.040412673248],[-114.011251808525,51.040358017594],[-114.011246838969,51.040292422638],[-114.011326074319,51.040144046518],[-114.011333487553,51.040067517939],[-114.011685191897,51.039817599084],[-114.011729763049,51.03974419068901],[-114.011697545758,51.039686407864004],[-114.011613318286,51.039678607775],[-114.011506806189,51.039714539516],[-114.01143747659,51.039845735406],[-114.01127399063202,51.039889480985],[-114.011080824568,51.040133137604],[-114.010867808956,51.040248728806],[-114.010798464775,51.040328386127],[-114.010325351248,51.040517403999],[-114.010317966461,51.040729807023],[-114.010417098846,51.040912526363],[-114.010729331018,51.041320122534],[-114.010736785852,51.041418513636],[-114.010853258188,51.041588737054],[-114.011083777626,51.042129091239],[-114.01126962512602,51.042319610043],[-114.011405887815,51.04235239498],[-114.01133157228,51.042369581596],[-114.011381126726,51.04240393555501],[-114.01173786891101,51.042411709656],[-114.012067354835,51.04239761975],[-114.01214662015,51.042360128831],[-114.012441426435,51.042360097822],[-114.01323917572101,51.042497447072],[-114.013764479696,51.042840977704],[-114.014024667038,51.043048662711],[-114.014252618944,51.043150150826],[-114.014279888318,51.043209495035],[-114.014473150151,51.04328599908201],[-114.014594532991,51.043254748254],[-114.014824951689,51.043317190723],[-114.015087565011,51.043340583469],[-114.015300600246,51.04327339885601],[-114.016004252956,51.043471650544],[-114.017267803435,51.043649514193],[-114.017711331405,51.043829051935],[-114.01799128988301,51.043849312491],[-114.018823703097,51.043836687459006],[-114.020864872338,51.043302212199],[-114.021625302005,51.043010020838],[-114.021939906739,51.042958424049],[-114.022962890637,51.04259745684001],[-114.0236019723,51.042439589321],[-114.024238598757,51.042331696356],[-114.025175044164,51.042339306885],[-114.02537021201701,51.042372944732],[-114.028607251801,51.042336675204],[-114.029391569607,51.04243056449],[-114.031635576371,51.042832649616],[-114.032340125493,51.043060382559],[-114.032776637857,51.043139607966],[-114.034893370393,51.043734256814005],[-114.03606084091,51.043975973525],[-114.03653280693202,51.04402454772],[-114.036756645129,51.043998899948],[-114.03720310267401,51.04417515885601],[-114.03824986315,51.044442065997],[-114.039106368932,51.044725786226],[-114.039724863431,51.044815541507006],[-114.039663324311,51.044843786574],[-114.03983408062,51.04491428802],[-114.039722162126,51.044930202877],[-114.039300978762,51.044880071076],[-114.039338806072,51.044940034254],[-114.03930804595801,51.044963858407],[-114.039382233798,51.045003523104],[-114.039285695329,51.04500620217],[-114.039268936838,51.045044133688],[-114.039390728632,51.045122590154],[-114.039271774316,51.045090878447],[-114.03925362717402,51.04513939404],[-114.039901550617,51.045277648889],[-114.040107230681,51.045281988854],[-114.040385614456,51.045228090344],[-114.041467277636,51.045463047507],[-114.04232152833002,51.045755695106],[-114.042859462059,51.04604733095001],[-114.044275904332,51.046467213141],[-114.045189640186,51.046700753754],[-114.045626582775,51.046850095806],[-114.046112933514,51.047091196489],[-114.046625061448,51.047270111888004],[-114.047938395717,51.047835061553],[-114.04827899034801,51.04790597708],[-114.04848578841,51.048037639548],[-114.049732196,51.04849168147],[-114.050253495423,51.0487670431],[-114.05114300632002,51.049172095768],[-114.05248118165,51.049560589637],[-114.052935779939,51.049788860326],[-114.054444849219,51.050346644853],[-114.055072433959,51.050505285582],[-114.057035171954,51.05085409945],[-114.05995201211,51.051543678042],[-114.060109719879,51.05154633981],[-114.06012548386802,51.051594345815],[-114.060999702762,51.051861578941],[-114.063166020786,51.052711846734],[-114.063514942904,51.052836025959],[-114.06428860007101,51.053038972078],[-114.064719013954,51.053306800848],[-114.065145756762,51.053476766171],[-114.06505015770301,51.053470213766],[-114.065031811644,51.053506457044],[-114.065274893753,51.053516189565],[-114.065935675357,51.05377446733],[-114.066141413278,51.053883399995],[-114.066387064607,51.054141247717],[-114.06685448115302,51.05432622617],[-114.067353699002,51.054287770123004],[-114.067508127074,51.054320658024],[-114.067788446665,51.054276011961],[-114.067838126433,51.05437251564601],[-114.06789196143401,51.054348083594],[-114.067878456251,51.054290230007],[-114.068233772432,51.054297573595],[-114.068447488038,51.054176838068],[-114.068588042652,51.054152947303],[-114.068890747303,51.054155765561],[-114.069065391415,51.054210495296],[-114.069827436408,51.054262446315],[-114.070450604259,51.05418268866],[-114.07321907991302,51.05416987865901],[-114.073329471501,51.054097906979],[-114.073372407609,51.05415664224001],[-114.07359099557601,51.054182403308],[-114.074130251262,51.054106497666],[-114.075168241745,51.053858502384],[-114.075435616185,51.0538466408],[-114.075686748806,51.053772701617],[-114.076136828678,51.05372543982201],[-114.076271407679,51.053773836345],[-114.076596508092,51.053719546093],[-114.07664714607701,51.05362283204601],[-114.07715013139,51.053547748911],[-114.07734570522702,51.05347194239],[-114.077880140632,51.053485819153],[-114.078309349642,51.053589900355],[-114.078463631771,51.053577936751],[-114.079219379256,51.053162328401],[-114.07939331127402,51.05302004962401],[-114.080215387658,51.052591404963],[-114.080526007605,51.052623949931],[-114.080986778478,51.052512780212],[-114.081266825693,51.052388071884],[-114.082179747501,51.052076042164],[-114.082641226398,51.051867096772],[-114.08323020194,51.051504746275],[-114.08353458907001,51.051265828569],[-114.08400741229,51.050847825264],[-114.083992009895,51.050679696099],[-114.084047190084,51.050578137257],[-114.084567611715,51.050295412561],[-114.084705783095,51.050163655267],[-114.085767228775,51.049866255288],[-114.085950787427,51.049785222795],[-114.086574644112,51.049651519331],[-114.086780830927,51.049560950445],[-114.087007251744,51.049524299106],[-114.089278373475,51.048840506071],[-114.089685871591,51.048749779003],[-114.090777252409,51.048350792143],[-114.091214582715,51.048077619657],[-114.091280060705,51.048102947447],[-114.091415896845,51.048075875691],[-114.092254710404,51.047836044848],[-114.093819068428,51.047596320951],[-114.093819114808,51.047619279788],[-114.095128830586,51.047564652253],[-114.096052446875,51.047489560793],[-114.099307532807,51.04766457824],[-114.099479667793,51.047705728888],[-114.099483499255,51.047670155957],[-114.099530750904,51.047672974464],[-114.100043301732,51.047735132376],[-114.101422322989,51.047760755761],[-114.101779503919,51.047728274625],[-114.101685814436,51.047827440989],[-114.101875549974,51.047773229503],[-114.10202257606701,51.047792404012],[-114.10195920996301,51.047755141133],[-114.102087860064,51.047773044259],[-114.102312313069,51.047725235685],[-114.102528731578,51.047736627514006],[-114.102814603789,51.04776854705],[-114.102837129814,51.047800697886],[-114.104983490423,51.047934825939],[-114.105619469132,51.048004032165],[-114.106874463361,51.048062353939],[-114.107918872646,51.04806349159201],[-114.10891158379816,51.04796686496553],[-114.10891313426947,51.048687110570484]],[[-114.046451793695,51.047940045156],[-114.045584065635,51.047580960348],[-114.044856519396,51.047377230707],[-114.044369343016,51.047290768252],[-114.044137988001,51.047288569759],[-114.043996474237,51.047233721935],[-114.043351209047,51.04714687234],[-114.043031332126,51.04702976896101],[-114.042882253906,51.047018711546],[-114.042694002088,51.046941782524],[-114.04260485583801,51.046944618051],[-114.042220655466,51.046810436513],[-114.041639315494,51.046492930904],[-114.040995885833,51.04623930453601],[-114.040718084014,51.046172545913],[-114.039818603296,51.046101730851],[-114.039405884657,51.046006360224],[-114.038857697407,51.045819587006],[-114.038754529441,51.045809461064],[-114.038728775517,51.045852144756],[-114.038790087472,51.045925281063],[-114.038638638944,51.046004584701],[-114.038048799171,51.04612670593],[-114.037797351611,51.046130851772],[-114.037742615517,51.046214187188],[-114.037939324379,51.046289312714],[-114.037965147144,51.046327915224],[-114.037836259637,51.046405177908],[-114.037765339227,51.046407233423],[-114.037681449695,51.046317845937],[-114.037674769817,51.04603131659],[-114.037797216001,51.045964217256],[-114.037939042179,51.045943850017],[-114.03834183714,51.045738472214],[-114.038251498679,51.045647055563],[-114.03794835202201,51.04550084019801],[-114.03794840349302,51.045563836628],[-114.037829193133,51.045645161329],[-114.037703473952,51.04565129788901],[-114.03682324844901,51.045452428983],[-114.036226670333,51.045198597936],[-114.035962328327,51.04519664789],[-114.035517403104,51.045117530457],[-114.035382018051,51.045129764294],[-114.03520481100401,51.045253778127],[-114.034950193909,51.045322946929],[-114.034950218377,51.045355461885],[-114.035011499322,51.045398117804],[-114.035011536088,51.045446889788],[-114.034911676545,51.045544461849],[-114.034850426093,51.045544480128],[-114.033944271111,51.04513425494701],[-114.033741083515,51.04500019236001],[-114.033279954829,51.044795079075],[-114.032967127551,51.044606179261],[-114.032467321678,51.044399041081],[-114.032173860157,51.044234518405],[-114.031889970185,51.044154132693],[-114.031587146484,51.043990282625],[-114.03125655037901,51.043892630614],[-114.030869546136,51.04383803992301],[-114.030013568817,51.043626727214],[-114.028479702652,51.043401686235],[-114.028145836634,51.04339215169],[-114.027693379703,51.043446746558],[-114.026991699763,51.043334733196],[-114.026457860777,51.0433273767],[-114.024835286664,51.043451708384],[-114.024377529504,51.043548006608],[-114.023919821968,51.043744352483],[-114.023944259651,51.04378539281],[-114.024056194964,51.043835395001],[-114.024890528022,51.044018645043],[-114.02515512067801,51.044162248843],[-114.026290487552,51.044589812311],[-114.026318645331,51.044615432108],[-114.026049696879,51.044568182989],[-114.02645005599,51.04474944566],[-114.026531337003,51.044713945659],[-114.026687754411,51.044830212024],[-114.026906701444,51.044926752012],[-114.027047503422,51.045074561963],[-114.027463585578,51.045389861609],[-114.02790152339801,51.045640104842],[-114.028555230938,51.04588437866501],[-114.028817948345,51.045951336228],[-114.03047863011902,51.046250541815],[-114.032229954479,51.046455080121],[-114.03238321918,51.04650629001001],[-114.03274284992402,51.046521959603],[-114.033046227104,51.04658692481],[-114.035188479801,51.046805105931],[-114.0356043759,51.046787238748],[-114.035770132628,51.046808871367],[-114.036636521171,51.047023467444],[-114.036824218959,51.047108170824],[-114.037093169453,51.047125827012],[-114.037149485993,51.047161291589],[-114.03733400704202,51.047182916023],[-114.03732777244001,51.04720657269],[-114.037693689485,51.047253764607],[-114.037637429928,51.0472892652],[-114.037049429394,51.047177093132],[-114.03696188765801,51.047200775524004],[-114.036721070696,51.04716931186301],[-114.037684453892,51.047433149545],[-114.037928400413,51.047464610204],[-114.03816601928402,51.04740736716601],[-114.038804164166,51.04764370468901],[-114.038363226361,51.047641878799],[-114.039220302527,51.047903768098],[-114.03969564014,51.04790360763],[-114.040205174436,51.047989363589004],[-114.041208507594,51.04803498493],[-114.04246703976,51.048009290384],[-114.042509051649,51.048035741772],[-114.04238090839,51.048070613615],[-114.042570973307,51.048084475027],[-114.042385363672,51.048109615734006],[-114.042407486437,51.048134681860006],[-114.043258483656,51.048327997059005],[-114.043914882517,51.048382079904],[-114.044093851549,51.048345794709],[-114.044809654476,51.048480947338],[-114.04542633429101,51.048538316368],[-114.046251593824,51.048673603659],[-114.0470565055,51.048705190515],[-114.047193136845,51.048658867997],[-114.04744375872102,51.048705033967],[-114.04760573939701,51.04869699152],[-114.047299222292,51.048443443824],[-114.046968348624,51.048286262404],[-114.046451793695,51.047940045156]],[[-114.077191607804,51.053701357657],[-114.076793722243,51.053848886649],[-114.07667581764,51.053824555163],[-114.076633651663,51.053781072567],[-114.076301369935,51.053842737383],[-114.076178915013,51.053969332288],[-114.076051173688,51.054031680971],[-114.075699722237,51.054078558566],[-114.075070668452,51.054279305572],[-114.073969963854,51.054417294716],[-114.072378773655,51.054511783919],[-114.070978049421,51.054542675731],[-114.070229568693,51.054621631458],[-114.069610911921,51.054613887406006],[-114.069567447304,51.054651712355],[-114.068460347318,51.05466680800101],[-114.068210989171,51.054441222832],[-114.067767079467,51.054449702135],[-114.067556426157,51.054396964524],[-114.067263884421,51.054378507436],[-114.06685625942302,51.054414111346],[-114.066468662537,51.054330988709],[-114.066196325513,51.054228152535],[-114.066189425305,51.054198483176],[-114.065979117606,51.054090787469],[-114.065662978803,51.05397301587201],[-114.06561158447,51.053944604854],[-114.06564496472801,51.053905905145],[-114.065577809043,51.053861095824],[-114.065305444307,51.053796039579],[-114.06485619329202,51.053559731514],[-114.064681729766,51.05352897187],[-114.064476783055,51.053588712121],[-114.064676339816,51.053679613802],[-114.064676761791,51.053704030548],[-114.06437438059,51.053605043553],[-114.064355350182,51.053653236237],[-114.064554584548,51.053958493684],[-114.064884375888,51.05437400291],[-114.065233651655,51.054720468254],[-114.065574802612,51.055118681912],[-114.06572680745401,51.055245359654],[-114.065757271026,51.055321071005],[-114.065921106668,51.055453173422],[-114.065873310171,51.055507798519],[-114.066183718196,51.055762294678],[-114.066671729196,51.05603082156801],[-114.066922338023,51.056210937459],[-114.067408833343,51.056427515945],[-114.068140771712,51.056642181299],[-114.069054430953,51.056742105187],[-114.069311909038,51.056727785901],[-114.069794274612,51.05677000135601],[-114.07040938189,51.056749025335],[-114.071263446543,51.056630015216],[-114.072523837998,51.056285355485],[-114.072858934451,51.056247795721],[-114.073341023581,51.056116123006],[-114.074131940375,51.055841586932004],[-114.075577355081,51.055198071765],[-114.077035846524,51.054462531934],[-114.077508503274,51.054081683723],[-114.077744681964,51.05380274665],[-114.077702522934,51.053720534021],[-114.077538791392,51.053677431858],[-114.077191607804,51.053701357657]],[[-114.086781656514,51.050753709481],[-114.086799475459,51.050798408449],[-114.086931476544,51.050787132524],[-114.087790108978,51.050525670052],[-114.087628723983,51.050627635763],[-114.087654360389,51.050638794366],[-114.088481342196,51.050315250407],[-114.088755157534,51.05027405684601],[-114.089113428717,51.050091210085],[-114.089247214473,51.049984295667],[-114.089406702979,51.049923315124005],[-114.089323876799,51.049888602589],[-114.089185968598,51.049899885726],[-114.088740894512,51.050028150999],[-114.088532204506,51.050121459907],[-114.08868534154301,51.049829472545],[-114.088882178086,51.049721269202],[-114.088675346933,51.049754959782],[-114.088204837216,51.049977634447],[-114.087409311539,51.050261409369],[-114.087082494071,51.050409451612],[-114.086838461387,51.05057233552801],[-114.086781656514,51.050753709481]],[[-114.010112380319,51.042492544485],[-114.00986989473,51.041917277783],[-114.00957237888,51.041632781828],[-114.009490319267,51.041621473137],[-114.009400578826,51.041663511009],[-114.009346761532,51.041820326017],[-114.009375016997,51.042059579322],[-114.0093955511,51.042158189695],[-114.009495591231,51.042319840454],[-114.009780296954,51.042644751903],[-114.009944427202,51.04270778577],[-114.010054686419,51.042672211143],[-114.010112380319,51.042492544485]],[[-114.01268772913201,51.043143271541],[-114.012693264408,51.04311531466],[-114.012801355694,51.04310831425],[-114.013145048984,51.043148462916],[-114.013208790558,51.04312399376],[-114.013255884027,51.043041867194],[-114.013300229109,51.043038367845],[-114.013422203843,51.043120475137],[-114.01356079134901,51.043141425899],[-114.013230901924,51.042907330537],[-114.013097855686,51.042877641637],[-114.013025812533,51.04294404608],[-114.01281791304801,51.042844474478],[-114.012532415676,51.042765878511],[-114.012149928828,51.042743204531],[-114.011695396555,51.04278868053],[-114.01178687714,51.042860309647],[-114.01204743781,51.042968612993],[-114.012061307103,51.043012293588],[-114.012194365908,51.043090905807],[-114.012313548125,51.043103124746],[-114.012446602935,51.043164265127],[-114.01258518681801,51.043172986511],[-114.01268772913201,51.043143271541]],[[-114.017368847035,51.043731889241],[-114.01648766449301,51.043634627476],[-114.015889708654,51.043537321803],[-114.015554957586,51.043443585018],[-114.015291720527,51.043329998492005],[-114.015208758496,51.043337224479],[-114.016333233518,51.043795161771],[-114.01732311050401,51.04383289300001],[-114.01743753545,51.043802215596],[-114.017368847035,51.043731889241]],[[-114.085537398174,51.050713640707],[-114.085371425473,51.050701025407],[-114.085189372907,51.050769014483],[-114.084959793602,51.050877163471],[-114.084459355183,51.051198162686],[-114.084507141699,51.05127867788],[-114.084599838991,51.0512372482],[-114.084568723944,51.051275005087],[-114.084863026493,51.051247754286],[-114.085374145453,51.0509190845],[-114.085560093757,51.050742129618],[-114.085537398174,51.050713640707]],[[-114.011717550964,51.042715293297],[-114.012302348461,51.042673298782006],[-114.01234391369101,51.042641843807],[-114.012349438895,51.042575447728],[-114.012296769522,51.042537012269],[-114.01188380084801,51.042535308282],[-114.011634372965,51.04259823456301],[-114.01162607678101,51.042673368009005],[-114.011639944388,51.042706564826],[-114.011717550964,51.042715293297]],[[-114.029318444966,51.046305451211],[-114.028876123146,51.046162194895],[-114.028689410473,51.046171976753],[-114.028731543559,51.046197630288],[-114.028692251827,51.04622595939],[-114.02871614511,51.046270202776],[-114.029180917086,51.046394869622006],[-114.029307259827,51.046379793696],[-114.029318444966,51.046305451211]],[[-114.027983882676,51.042619374444],[-114.027750335589,51.042657546612],[-114.028036506873,51.042731404514],[-114.028672998947,51.042764839351],[-114.028607117208,51.042713198671],[-114.028368035477,51.042650362052],[-114.027983882676,51.042619374444]],[[-114.037461667679,51.045464236387],[-114.037651843725,51.045463033582],[-114.037265968055,51.045351265648],[-114.03648704277701,51.045212219994006],[-114.036847585452,51.045358249372],[-114.03713558885602,51.045385560723],[-114.037461667679,51.045464236387]],[[-114.027399327706,51.043327784574],[-114.02748245254801,51.043300102743],[-114.028032806668,51.043258765787],[-114.02801358826702,51.043225724127005],[-114.02793274688102,51.043208272823],[-114.027667172765,51.043234542868],[-114.02754013394001,51.043206909657],[-114.027096715786,51.043207014199],[-114.027154457416,51.043215736124],[-114.027159105226,51.043265236124],[-114.027242270232,51.043305982522],[-114.027399327706,51.043327784574]],[[-114.011595485837,51.039335652718],[-114.011843281412,51.039163591186],[-114.01183701332,51.039124922447],[-114.011577912836,51.039134418196],[-114.01148655211,51.039193614771],[-114.011444011961,51.039268588894],[-114.011595485837,51.039335652718]],[[-114.0307689066,51.042985639078],[-114.031150304283,51.043026248069],[-114.03052798916501,51.042839770068],[-114.030475079488,51.042830119011],[-114.030420629596,51.042861607161],[-114.0307689066,51.042985639078]],[[-114.026962690637,51.043077468941],[-114.026588527327,51.04302659724],[-114.026507698455,51.043029528274],[-114.026773331638,51.043106631124],[-114.026962690637,51.043077468941]]]}},{"type":"Feature","id":"flood-regulatory-da3bdadfd84e","properties":{"id":"flood-regulatory-da3bdadfd84e","zone":"Flood Fringe","sourceCode":"100","layerType":"current-municipal-regulatory-designation","sourceDatasetId":"tp6q-x2v7"},"geometry":{"type":"Polygon","coordinates":[[[-114.050516627676,51.035462874634],[-114.05051545385902,51.034978607279],[-114.050336180186,51.034072205931],[-114.050096897609,51.033292063997],[-114.05013134571,51.032566630176],[-114.050243202665,51.032278070408],[-114.050450918224,51.031990135318],[-114.05112974133101,51.031312033527],[-114.051718956827,51.030628999662],[-114.052841086845,51.03094957129],[-114.053141527183,51.030964162976],[-114.053286192775,51.031006584485],[-114.053920971657,51.031568557536],[-114.054508704725,51.031972868763],[-114.05503834652,51.032286380904],[-114.055508962397,51.032482157413],[-114.056044596738,51.032573956844004],[-114.05639700206,51.032688311371],[-114.056412590039,51.03281938342901],[-114.056304155364,51.033110827748],[-114.056280453771,51.033359828318],[-114.056344083196,51.033712403572],[-114.056322310335,51.033857739683],[-114.05619516134001,51.034092640144],[-114.056078764857,51.03419593075],[-114.055798523737,51.034359244132],[-114.055200523552,51.034593096195],[-114.054978844623,51.034851970625],[-114.054878374185,51.034886965495],[-114.054725626459,51.03499929751],[-114.053914190752,51.035176958794],[-114.053259271815,51.035375740143],[-114.053088837151,51.035369239889],[-114.051975722253,51.036059471428],[-114.05115001293,51.036521294713],[-114.050734021356,51.036702899005],[-114.050642784951,51.036684729844],[-114.05052143658202,51.0364014741],[-114.05055999331,51.03608707429],[-114.050516627676,51.035462874634]]]}},{"type":"Feature","id":"flood-regulatory-7e8fb2378672","properties":{"id":"flood-regulatory-7e8fb2378672","zone":"Floodway","sourceCode":"200","layerType":"current-municipal-regulatory-designation","sourceDatasetId":"tp6q-x2v7"},"geometry":{"type":"Polygon","coordinates":[[[-114.027159105226,51.043265236124],[-114.027154457416,51.043215736124],[-114.027096715786,51.043207014199],[-114.02754013394001,51.043206909657],[-114.027667172765,51.043234542868],[-114.02793274688102,51.043208272823],[-114.02801358826702,51.043225724127005],[-114.028032806668,51.043258765787],[-114.027399327706,51.043327784574],[-114.027159105226,51.043265236124]]]}},{"type":"Feature","id":"flood-regulatory-be9f15ee5615","properties":{"id":"flood-regulatory-be9f15ee5615","zone":"Flood Fringe","sourceCode":"100","layerType":"current-municipal-regulatory-designation","sourceDatasetId":"tp6q-x2v7"},"geometry":{"type":"Polygon","coordinates":[[[-114.059925402161,51.032004414739],[-114.06100638357401,51.032006340222],[-114.060943319142,51.03305220233],[-114.060893652415,51.033210357958],[-114.059885121721,51.032809041665],[-114.05991560608201,51.032716250895],[-114.05989840798,51.032197574332],[-114.059901099542,51.032027165881],[-114.059925402161,51.032004414739]]]}},{"type":"Feature","id":"flood-regulatory-34359d7ae6f7","properties":{"id":"flood-regulatory-34359d7ae6f7","zone":"Flood Fringe","sourceCode":"100","layerType":"current-municipal-regulatory-designation","sourceDatasetId":"tp6q-x2v7"},"geometry":{"type":"Polygon","coordinates":[[[-114.051789137574,51.02995598465],[-114.052063543401,51.029966404114],[-114.05215863773701,51.029963013027],[-114.05206431548902,51.029968420173],[-114.051789137574,51.02995598465]]]}},{"type":"Feature","id":"flood-regulatory-4f0538bf9cd6","properties":{"id":"flood-regulatory-4f0538bf9cd6","zone":"Flood Fringe","sourceCode":"100","layerType":"current-municipal-regulatory-designation","sourceDatasetId":"tp6q-x2v7"},"geometry":{"type":"Polygon","coordinates":[[[-114.019957496121,51.049172058983],[-114.019872586012,51.049338879617],[-114.019864241319,51.049408961343],[-114.01981358908202,51.049287404573],[-114.01982117829101,51.049218136547],[-114.019957496121,51.049172058983]]]}},{"type":"Feature","id":"flood-regulatory-a11eda4facb8","properties":{"id":"flood-regulatory-a11eda4facb8","zone":"Flood Fringe","sourceCode":"100","layerType":"current-municipal-regulatory-designation","sourceDatasetId":"tp6q-x2v7"},"geometry":{"type":"Polygon","coordinates":[[[-114.048258003295,51.039434878119],[-114.048548436785,51.039176057331],[-114.05239147171,51.039306386085],[-114.052707430047,51.039336276055],[-114.05271051721202,51.039464544797],[-114.052985055278,51.039500225901],[-114.053020200004,51.039540655711],[-114.053048504081,51.039761579254],[-114.053008021142,51.039896607357],[-114.052948854646,51.039939488273],[-114.052691630929,51.039914402682],[-114.052595661211,51.039938383792],[-114.052479194407,51.03990732445],[-114.052462680016,51.039815642795],[-114.05229146126,51.039746383448],[-114.05213657040902,51.039713369498],[-114.051976908379,51.03972340664],[-114.051869300418,51.039675878036],[-114.051703315319,51.039664819586],[-114.051420062134,51.039554427361],[-114.05125531243601,51.039565363831],[-114.051244735082,51.039609315721],[-114.05116749063,51.039571502751],[-114.051054666253,51.039613300451],[-114.050986595201,51.03952649106],[-114.05084691715902,51.039494436957],[-114.050828499901,51.039372956696],[-114.050316037612,51.039260915441],[-114.050136714365,51.039278220446],[-114.050077579411,51.039394418438],[-114.050064190667,51.039277075677],[-114.049796665702,51.039263859078],[-114.049774995262,51.039330689962],[-114.049689054508,51.039367533232],[-114.049636900463,51.039436557057],[-114.049507789528,51.039436607325],[-114.049498803839,51.039466361783],[-114.049601724066,51.039474476339],[-114.049590366342,51.039524841693],[-114.049467779178,51.039525370998],[-114.04946058739,51.039595450877],[-114.048583881772,51.039571603836],[-114.048561824021,51.039526173455],[-114.048605118856,51.039473159132],[-114.04856992719,51.03943593375601],[-114.048386163008,51.03938540762001],[-114.048258003295,51.039434878119]]]}},{"type":"Feature","id":"flood-regulatory-5fe0dbe4b217","properties":{"id":"flood-regulatory-5fe0dbe4b217","zone":"Flood Fringe","sourceCode":"100","layerType":"current-municipal-regulatory-designation","sourceDatasetId":"tp6q-x2v7"},"geometry":{"type":"Polygon","coordinates":[[[-114.056964600806,51.032294358627],[-114.0568988155,51.032310574028],[-114.056675407976,51.032277542757],[-114.056467712498,51.032306126428],[-114.056356679315,51.032198238259],[-114.056239773342,51.03216848725],[-114.055964297396,51.03201267603501],[-114.057155128311,51.03152546365601],[-114.057750734695,51.031394263844],[-114.058421896528,51.031191139369],[-114.058793043588,51.03112559323],[-114.059012735875,51.031171900202],[-114.059053701902,51.03122243879],[-114.058957528526,51.032315304329],[-114.058895796456,51.032374879984],[-114.05881190686202,51.03255098025],[-114.058822864008,51.032729495942],[-114.058788508417,51.03294197524],[-114.058344975874,51.033194181158],[-114.05800326352602,51.032897299279],[-114.057178335672,51.032471308337],[-114.056964600806,51.032294358627]]]}},{"type":"Feature","id":"flood-regulatory-f0f3cf6bcf7c","properties":{"id":"flood-regulatory-f0f3cf6bcf7c","zone":"Floodway","sourceCode":"200","layerType":"current-municipal-regulatory-designation","sourceDatasetId":"tp6q-x2v7"},"geometry":{"type":"Polygon","coordinates":[[[-114.01294604184297,51.03878828737271],[-114.012410046315,51.03940922291401],[-114.01222784850601,51.039758769543],[-114.012119840762,51.040040046402],[-114.012101995266,51.040242088167],[-114.012202764531,51.040629711671],[-114.012296623961,51.04085055006101],[-114.012628406497,51.041426425209],[-114.012964042065,51.041870762891],[-114.01336129113,51.042310470924],[-114.014048010364,51.042990513398],[-114.014331840985,51.04318194053],[-114.014486153398,51.043247453082],[-114.014595683345,51.04323972806],[-114.014680030736,51.043153741464],[-114.014854681135,51.043205078655],[-114.01512108473,51.043111858692],[-114.015304603825,51.04309822075],[-114.016455339357,51.043409464341],[-114.01846149439,51.043764822861],[-114.01938382916,51.043640467764],[-114.020590413562,51.043057576452],[-114.021789968753,51.042699295086],[-114.02329011015,51.042353309056],[-114.023697282932,51.0422945476],[-114.026378456361,51.042148296337],[-114.02869815193,51.042182759408],[-114.029968994737,51.042264162559],[-114.030969301448,51.042419812592],[-114.03162239647301,51.042550843822],[-114.03239374243,51.042760281328],[-114.032694059158,51.042803773656],[-114.032808567488,51.042874783859],[-114.033324228346,51.04299018215],[-114.034649693193,51.043386763672],[-114.035691070056,51.043580380472],[-114.03645352746,51.04388808403],[-114.036864772994,51.043917782982],[-114.037454098753,51.044154726834],[-114.038593627662,51.044472924422],[-114.040286848895,51.04488813362601],[-114.04050025521701,51.044915467771],[-114.040602655399,51.044899057444],[-114.041298742973,51.044614727192],[-114.041543711243,51.044469448085],[-114.041933837867,51.044026528393],[-114.042153534429,51.043866992145],[-114.042228807393,51.043720727156],[-114.042362309876,51.043631873745],[-114.042516313709,51.043440066769],[-114.042542734149,51.043323853136],[-114.04266392178,51.043234038359],[-114.042724425393,51.043118386677],[-114.042745473712,51.042954526656],[-114.042949823385,51.042810935992],[-114.04298726808902,51.042679174939],[-114.043245760532,51.042322345239],[-114.043281016805,51.042192395423],[-114.04338193321,51.042100206007],[-114.043611365299,51.04175103022],[-114.044118028168,51.041304691927],[-114.044270765038,51.041257999902],[-114.044459059986,51.041049723372],[-114.046488110141,51.039752354453],[-114.046711935234,51.039551003776],[-114.04715321025601,51.039055694956],[-114.047550850031,51.03849787313],[-114.048652654377,51.037198288328],[-114.048885147108,51.036777733715],[-114.04884903224,51.036724552892004],[-114.04896935025302,51.036542354999],[-114.049318672244,51.035662217051],[-114.04939400956802,51.035521681769],[-114.049463014474,51.035513648113],[-114.049428566421,51.035473643026],[-114.04941442,51.035358496627005],[-114.049454160531,51.035299466615],[-114.04954380790402,51.035257104911],[-114.049627505564,51.034847840755],[-114.049622250683,51.034713445338],[-114.049536584596,51.034641623917],[-114.049358800772,51.03433604855],[-114.049394494304,51.034244886396],[-114.049247871575,51.033865992543],[-114.049208200814,51.033610354227],[-114.049232133276,51.033458587261],[-114.04916772513,51.033362958029],[-114.04914942731,51.033202365614],[-114.049183119248,51.033140013805],[-114.049121579672,51.032878039662],[-114.049137774352,51.032612603226],[-114.049315031192,51.032313696598],[-114.04941952472602,51.032198058617],[-114.049462704456,51.032045577731],[-114.049531677167,51.032038943747],[-114.04962607479,51.031935705826],[-114.050082624095,51.031309899701],[-114.050172085802,51.031134922501],[-114.050262194899,51.031046380544],[-114.050333141124,51.030825754904],[-114.050562824798,51.030664099064],[-114.050588531274,51.030607325723],[-114.051020556974,51.030234793909],[-114.051367187717,51.030002925701],[-114.051768877279,51.029955122519],[-114.052421285667,51.029968738851],[-114.053254534806,51.030080890499],[-114.05384184280601,51.030247862327],[-114.054696578627,51.030547605501],[-114.054737897719,51.030547716507],[-114.05469021374701,51.030504461247],[-114.054778646012,51.030507452075],[-114.054894830212,51.030459125266],[-114.054856707337,51.03038283542],[-114.055310998767,51.030606593872],[-114.055708472538,51.030686077688],[-114.056163188223,51.030626302017],[-114.056448451425,51.030666501613],[-114.056834627552,51.030672115535],[-114.057048607733,51.030641962119006],[-114.057281106005,51.030562779895],[-114.057388027715,51.030513981387],[-114.057403153729,51.03047137420101],[-114.058016217551,51.030444616411],[-114.059240929457,51.030409457971],[-114.0619654847679,51.03043181189672],[-114.06219662919501,51.03059907635512],[-114.061251981003,51.030616306657],[-114.06126387203,51.031828401678],[-114.062458013296,51.031831501237],[-114.06245285270163,51.03079014371337],[-114.06271904115961,51.03098946164752],[-114.062714075085,51.031834062833006],[-114.063342581485,51.031820231149],[-114.063601696877,51.031858088314],[-114.063622534278,51.031825693180004],[-114.06360280194582,51.0317429543459],[-114.063844034229,51.031950074187],[-114.06418624279,51.032694647357],[-114.06456965964,51.033120009235],[-114.06482363535301,51.033251080363],[-114.064899923144,51.033341532463],[-114.064989442693,51.033380580945],[-114.065328511928,51.033471930947],[-114.0657007706141,51.03349739354746],[-114.06615451651082,51.033891744063766],[-114.06645377927235,51.03424485530004],[-114.06729870311123,51.03424485530004],[-114.06721707000402,51.034508890367],[-114.067162469739,51.034585979198],[-114.066919848897,51.034786435173],[-114.066851789489,51.034805650159],[-114.066797867619,51.034882225112],[-114.066549393516,51.035076553542],[-114.066091926384,51.035386290644],[-114.065677570114,51.035555671747],[-114.065251724028,51.035797676976],[-114.065013843494,51.035841109568],[-114.064316437281,51.035844495323],[-114.064615636435,51.03577475413],[-114.06453780967801,51.035761321501],[-114.06383858818602,51.035848766743],[-114.062838476895,51.035891437409],[-114.061857024149,51.035865270427],[-114.061061022768,51.035741933452],[-114.060679194467,51.035614418565],[-114.060196720628,51.035275253823],[-114.060000492835,51.035024520958],[-114.059937156971,51.034867160928],[-114.059350494064,51.034257950796],[-114.05889910379,51.033861599907],[-114.058710684873,51.033789186978],[-114.058364664933,51.033417802188],[-114.058324496336,51.033315189843],[-114.057662012021,51.03279478449901],[-114.056903226179,51.032459283072],[-114.056374845772,51.032322010308],[-114.055848486247,51.032040374928],[-114.055491441943,51.031905377767],[-114.05526111600702,51.031758674334],[-114.054418720463,51.031406641595],[-114.054320681304,51.03132144545301],[-114.054322958548,51.031281610792],[-114.054229162064,51.031255853757],[-114.054150233313,51.031161192278],[-114.053572009075,51.030734008494],[-114.053429690636,51.030588650865],[-114.05335730882202,51.03043487190801],[-114.053406837025,51.030382053347005],[-114.053343198624,51.030332338495],[-114.053336379984,51.030365965992],[-114.053267098652,51.030356925129],[-114.053054582942,51.030219812948],[-114.052831023122,51.030170733067],[-114.052780778932,51.030135779324],[-114.05278304904002,51.03010361115201],[-114.052679234695,51.030071161823],[-114.051532502847,51.030073524993],[-114.05131332775602,51.030131683573],[-114.05104226220001,51.030284291917],[-114.050499741878,51.030834483104],[-114.050135646713,51.031330867144],[-114.05014438052301,51.031446057211],[-114.049944172102,51.031714549132],[-114.049781633019,51.031876305495],[-114.049483174302,51.032308006031],[-114.049229841613,51.03278928683],[-114.049230200542,51.032916797322],[-114.04935293072,51.033154580231],[-114.049311056017,51.03341631654],[-114.049389786278,51.033788633386],[-114.049422055036,51.033910874958],[-114.04950104381501,51.034004976801],[-114.049524319811,51.03415697103],[-114.049621407748,51.034347357025],[-114.049682775581,51.034573592163],[-114.049687096989,51.034720208643],[-114.04973818087001,51.034888481310006],[-114.049661474256,51.035047906672],[-114.049733118479,51.035283208046],[-114.04963395014,51.035937059283],[-114.049672496867,51.03614149403],[-114.049650835885,51.036296033387],[-114.049385880095,51.036872728202],[-114.049337114627,51.037255839615],[-114.049008313091,51.037832902021],[-114.04833827039701,51.038654086711],[-114.048135158939,51.038819543155],[-114.048089341155,51.038902248771],[-114.047935386002,51.03904494597],[-114.047761671161,51.039102897546],[-114.047260440304,51.03951859999],[-114.04688034625802,51.039764744762],[-114.045907079468,51.040317063436],[-114.045726871321,51.040449431595],[-114.045422063368,51.04057978212],[-114.044828946111,51.040954166787],[-114.044491467331,51.041214757257],[-114.044173593898,51.041407124295],[-114.04391477179,51.041634609177],[-114.04376407112,51.041775231948],[-114.04374119070602,51.041851726104],[-114.043515195099,51.042122608337],[-114.04346611651002,51.04223631981],[-114.043295764622,51.04240382319],[-114.043250029001,51.042587816889],[-114.043076429256,51.04279046292],[-114.043007724045,51.042957927457],[-114.042870132316,51.043096478376],[-114.042690052924,51.043390080741005],[-114.04254588789,51.043516229632],[-114.042495756372,51.043652277849],[-114.041812171405,51.044318578333],[-114.041585173427,51.044613992755],[-114.041115699023,51.044920018349],[-114.04104582211,51.045010888658005],[-114.040947930626,51.04506560754],[-114.04053110723402,51.045206872756],[-114.040107230681,51.045281988854],[-114.039901550617,51.045277648889],[-114.03925362717402,51.04513939404],[-114.039271774316,51.045090878447],[-114.039390728632,51.045122590154],[-114.039268936838,51.045044133688],[-114.039285695329,51.04500620217],[-114.039382233798,51.045003523104],[-114.03930804595801,51.044963858407],[-114.039338806072,51.044940034254],[-114.039300978762,51.044880071076],[-114.039722162126,51.044930202877],[-114.03983408062,51.04491428802],[-114.039663324311,51.044843786574],[-114.039724863431,51.044815541507006],[-114.039106368932,51.044725786226],[-114.03824986315,51.044442065997],[-114.03720310267401,51.04417515885601],[-114.036756645129,51.043998899948],[-114.03653280693202,51.04402454772],[-114.036154070965,51.043986797131],[-114.035417516745,51.043857290888],[-114.033984532689,51.043492096624],[-114.032776637857,51.043139607966],[-114.032340125493,51.043060382559],[-114.031635576371,51.042832649616],[-114.029391569607,51.04243056449],[-114.028607251801,51.042336675204],[-114.02554220211101,51.042372907273],[-114.025175044164,51.042339306885],[-114.024127123479,51.04234265184],[-114.022962890637,51.04259745684001],[-114.021939906739,51.042958424049],[-114.021625302005,51.043010020838],[-114.020864872338,51.043302212199],[-114.018823703097,51.043836687459006],[-114.017711331405,51.043829051935],[-114.017369384247,51.043669801558],[-114.016004252956,51.043471650544],[-114.015300600246,51.04327339885601],[-114.015087565011,51.043340583469],[-114.014824951689,51.043317190723],[-114.014594532991,51.043254748254],[-114.014473150151,51.04328599908201],[-114.014279888318,51.043209495035],[-114.014252618944,51.043150150826],[-114.014024667038,51.043048662711],[-114.013764479696,51.042840977704],[-114.01323917572101,51.042497447072],[-114.012441426435,51.042360097822],[-114.01214662015,51.042360128831],[-114.012067354835,51.04239761975],[-114.01173786891101,51.042411709656],[-114.011336529982,51.042385198985],[-114.011405887815,51.04235239498],[-114.01126962512602,51.042319610043],[-114.011083777626,51.042129091239],[-114.010853258188,51.041588737054],[-114.010736785852,51.041418513636],[-114.010729331018,51.041320122534],[-114.010417098846,51.040912526363],[-114.010317966461,51.040729807023],[-114.010305545754,51.040572067858],[-114.010360025135,51.040483042146],[-114.010565627844,51.040434608598],[-114.010798464775,51.040328386127],[-114.010867808956,51.040248728806],[-114.011080824568,51.040133137604],[-114.01127399063202,51.039889480985],[-114.01143747659,51.039845735406],[-114.011506806189,51.039714539516],[-114.011613318286,51.039678607775],[-114.011697545758,51.039686407864004],[-114.011729763049,51.03974419068901],[-114.011685191897,51.039817599084],[-114.011333487553,51.040067517939],[-114.011326074319,51.040144046518],[-114.011246838969,51.040292422638],[-114.011251808525,51.040358017594],[-114.011318707866,51.040412673248],[-114.011536718152,51.040457943139],[-114.011531781262,51.040531347547],[-114.011440140706,51.040606321991],[-114.011469897156,51.040721890265],[-114.011777127457,51.040913958749],[-114.012049698568,51.041184119362],[-114.012233042211,51.041271559684],[-114.012252829668,51.041155985533],[-114.012079347658,51.040879569122],[-114.01197771906402,51.040646873889],[-114.011975217433,51.040556291733],[-114.01204209281002,51.04051411669],[-114.01202969502101,51.040467264342],[-114.01194050855702,51.040450094096],[-114.01193059173902,51.040418859359],[-114.012037040779,51.040134604553],[-114.012014636818,51.039716049933],[-114.01198242058501,51.03966919961],[-114.011900670923,51.039659837057],[-114.011833806197,51.039739494748],[-114.011774357655,51.039758242564],[-114.011764612919,51.039634107809],[-114.011874844641,51.039552851877005],[-114.011995109125,51.039512217652],[-114.011995099569,51.03947520599],[-114.011900572524,51.039375916769],[-114.011934915335,51.039292863339],[-114.012212629753,51.039064447565],[-114.012277060186,51.039054510746],[-114.012388706319,51.038922702156],[-114.012503237549,51.038869430232],[-114.012616349679,51.038863098288],[-114.01276818549299,51.038778964722596],[-114.01294604184297,51.03878828737271]],[[-114.060432019065,51.034321826097],[-114.060461229978,51.034312183865],[-114.06079657507,51.034663313144],[-114.060992766044,51.034788310477],[-114.06126661786001,51.035157659414],[-114.06127133039402,51.035204428809],[-114.06131975843,51.035228436605],[-114.061229051042,51.035414656463],[-114.061227950404,51.035555354693],[-114.06138355216102,51.035228779786],[-114.061539146021,51.035188538955],[-114.062019472703,51.03529143882],[-114.062484742399,51.035452599231],[-114.062882371246,51.035531104696],[-114.063475878385,51.035531374479],[-114.064368495944,51.035422703631006],[-114.06525846229601,51.035545924303],[-114.065529580763,51.035488674214],[-114.065542773255,51.035387431458005],[-114.06545396878401,51.03507772774],[-114.065475181932,51.0349719146],[-114.065565848661,51.034804914233],[-114.06540217998601,51.034766287986],[-114.065260042944,51.034669514574],[-114.064907640859,51.034290944783],[-114.064828698251,51.034185208004],[-114.064819282567,51.034096220089],[-114.064984172587,51.03381845669],[-114.064790653682,51.033828264975],[-114.064705618516,51.033802339796],[-114.064541583799,51.033455050324],[-114.06442556519201,51.033354654761],[-114.064127605679,51.033330139969],[-114.06411944324,51.03335166861],[-114.064203917196,51.03340563176301],[-114.06418211280702,51.033496824094],[-114.063957537341,51.033621688103],[-114.063819496551,51.033638624743],[-114.062809069768,51.033474969839],[-114.062382107801,51.03349867256],[-114.062105946325,51.033451823919],[-114.060951525227,51.033374798894],[-114.060694033101,51.033284529262],[-114.060178304262,51.03317514436],[-114.060053446382,51.033186124841],[-114.059923582075,51.033338066165],[-114.059985158927,51.033638691419],[-114.059969139667,51.033740442048],[-114.060028369817,51.033872725492],[-114.060190957308,51.034059939729],[-114.060227303445,51.034146732328],[-114.060432019065,51.034321826097]],[[-114.056990030372,51.03230340700101],[-114.057178335672,51.032471308337],[-114.05800326352602,51.032897299279],[-114.058344975874,51.033194181158],[-114.058788508417,51.03294197524],[-114.058822864008,51.032729495942],[-114.05881190686202,51.03255098025],[-114.058895796456,51.032374879984],[-114.058957528526,51.032315304329],[-114.059053701902,51.03122243879],[-114.059012735875,51.031171900202],[-114.058793043588,51.03112559323],[-114.058421896528,51.031191139369],[-114.057750734695,51.031394263844],[-114.057155128311,51.03152546365601],[-114.055964297396,51.03201267603501],[-114.056239773342,51.03216848725],[-114.056356679315,51.032198238259],[-114.056467712498,51.032306126428],[-114.056675407976,51.032277542757],[-114.056990030372,51.03230340700101]],[[-114.062730353584,51.03330321976],[-114.063953287301,51.03330785100701],[-114.063960772297,51.033248818402],[-114.063971606703,51.03258015648],[-114.063722061118,51.032041660047],[-114.062663302809,51.032013788957],[-114.062655810419,51.033247323713006],[-114.062730353584,51.03330321976]],[[-114.061256001127,51.032049179776],[-114.06126350757,51.033262658521],[-114.06130368933201,51.033290396905],[-114.062459338903,51.03328545103601],[-114.062494618126,51.033256824089],[-114.06252133243,51.032632234167],[-114.062517525738,51.03210127260801],[-114.062490024193,51.032006719601],[-114.061444726464,51.031997707857],[-114.061285485554,51.032020048304],[-114.061256001127,51.032049179776]],[[-114.060000639271,51.031834466192],[-114.061029662459,51.031820020811004],[-114.061045328281,51.030607183205],[-114.059915011297,51.030595305661],[-114.059878460951,51.030658315613],[-114.05992269568702,51.031808306443],[-114.060000639271,51.031834466192]],[[-114.059901099542,51.032027165881],[-114.05991560608201,51.032716250895],[-114.059885121721,51.032809041665],[-114.060893652415,51.033210357958],[-114.060943319142,51.03305220233],[-114.06100638357401,51.032006340222],[-114.059992273206,51.031996599799],[-114.059901099542,51.032027165881]]]}},{"type":"Feature","id":"flood-regulatory-5f30fa1947e8","properties":{"id":"flood-regulatory-5f30fa1947e8","zone":"Floodway","sourceCode":"200","layerType":"current-municipal-regulatory-designation","sourceDatasetId":"tp6q-x2v7"},"geometry":{"type":"Polygon","coordinates":[[[-114.047193136845,51.048658867997],[-114.0470565055,51.048705190515],[-114.046251593824,51.048673603659],[-114.04542633429101,51.048538316368],[-114.044809654476,51.048480947338],[-114.044093851549,51.048345794709],[-114.043914882517,51.048382079904],[-114.043258483656,51.048327997059005],[-114.042407486437,51.048134681860006],[-114.042385363672,51.048109615734006],[-114.042570973307,51.048084475027],[-114.04238090839,51.048070613615],[-114.042509051649,51.048035741772],[-114.04246703976,51.048009290384],[-114.041208507594,51.04803498493],[-114.040205174436,51.047989363589004],[-114.03969564014,51.04790360763],[-114.039220302527,51.047903768098],[-114.038363226361,51.047641878799],[-114.038804164166,51.04764370468901],[-114.03816601928402,51.04740736716601],[-114.037928400413,51.047464610204],[-114.037684453892,51.047433149545],[-114.036721070696,51.04716931186301],[-114.03696188765801,51.047200775524004],[-114.037049429394,51.047177093132],[-114.037637429928,51.0472892652],[-114.037693689485,51.047253764607],[-114.03732777244001,51.04720657269],[-114.03733400704202,51.047182916023],[-114.037149485993,51.047161291589],[-114.037093169453,51.047125827012],[-114.036824218959,51.047108170824],[-114.036636521171,51.047023467444],[-114.035770132628,51.046808871367],[-114.0356043759,51.046787238748],[-114.035188479801,51.046805105931],[-114.033046227104,51.04658692481],[-114.03274284992402,51.046521959603],[-114.03238321918,51.04650629001001],[-114.032229954479,51.046455080121],[-114.03047863011902,51.046250541815],[-114.028817948345,51.045951336228],[-114.028555230938,51.04588437866501],[-114.02790152339801,51.045640104842],[-114.027463585578,51.045389861609],[-114.027047503422,51.045074561963],[-114.026906701444,51.044926752012],[-114.026687754411,51.044830212024],[-114.026531337003,51.044713945659],[-114.02645005599,51.04474944566],[-114.026049696879,51.044568182989],[-114.026318645331,51.044615432108],[-114.026290487552,51.044589812311],[-114.02515512067801,51.044162248843],[-114.024890528022,51.044018645043],[-114.024056194964,51.043835395001],[-114.023944259651,51.04378539281],[-114.023919821968,51.043744352483],[-114.024377529504,51.043548006608],[-114.024835286664,51.043451708384],[-114.026457860777,51.0433273767],[-114.026991699763,51.043334733196],[-114.027693379703,51.043446746558],[-114.028145836634,51.04339215169],[-114.028479702652,51.043401686235],[-114.030013568817,51.043626727214],[-114.030869546136,51.04383803992301],[-114.03125655037901,51.043892630614],[-114.031587146484,51.043990282625],[-114.031889970185,51.044154132693],[-114.032173860157,51.044234518405],[-114.032467321678,51.044399041081],[-114.032967127551,51.044606179261],[-114.033279954829,51.044795079075],[-114.033741083515,51.04500019236001],[-114.033944271111,51.04513425494701],[-114.034850426093,51.045544480128],[-114.034911676545,51.045544461849],[-114.035011536088,51.045446889788],[-114.035011499322,51.045398117804],[-114.034950218377,51.045355461885],[-114.034950193909,51.045322946929],[-114.03520481100401,51.045253778127],[-114.035382018051,51.045129764294],[-114.035517403104,51.045117530457],[-114.035962328327,51.04519664789],[-114.036226670333,51.045198597936],[-114.03682324844901,51.045452428983],[-114.037703473952,51.04565129788901],[-114.037829193133,51.045645161329],[-114.03794840349302,51.045563836628],[-114.03794835202201,51.04550084019801],[-114.038251498679,51.045647055563],[-114.03834183714,51.045738472214],[-114.037939042179,51.045943850017],[-114.037797216001,51.045964217256],[-114.037674769817,51.04603131659],[-114.037681449695,51.046317845937],[-114.037765339227,51.046407233423],[-114.037836259637,51.046405177908],[-114.037965147144,51.046327915224],[-114.037939324379,51.046289312714],[-114.037742615517,51.046214187188],[-114.037797351611,51.046130851772],[-114.038048799171,51.04612670593],[-114.038638638944,51.046004584701],[-114.038790087472,51.045925281063],[-114.038728775517,51.045852144756],[-114.038754529441,51.045809461064],[-114.03878999073,51.045809449301],[-114.039405884657,51.046006360224],[-114.039818603296,51.046101730851],[-114.040718084014,51.046172545913],[-114.040995885833,51.04623930453601],[-114.041639315494,51.046492930904],[-114.042220655466,51.046810436513],[-114.04260485583801,51.046944618051],[-114.042694002088,51.046941782524],[-114.042882253906,51.047018711546],[-114.043031332126,51.04702976896101],[-114.043305378171,51.047137116594],[-114.043606845072,51.047172220878],[-114.043745341304,51.04721886268],[-114.043996474237,51.047233721935],[-114.044137988001,51.047288569759],[-114.044369343016,51.047290768252],[-114.044804125993,51.047365689112],[-114.045535261577,51.047566649743],[-114.046451793695,51.047940045156],[-114.046811775544,51.048196336239],[-114.047299222292,51.048443443824],[-114.04760573939701,51.04869699152],[-114.04744375872102,51.048705033967],[-114.047193136845,51.048658867997]],[[-114.03600886447902,51.046736748071],[-114.03642584088,51.046830088686],[-114.036578927236,51.046812186373],[-114.03661242075901,51.046728352944],[-114.036640445823,51.046421429366],[-114.036518084983,51.046259745098],[-114.03642166404,51.046215789329],[-114.032669546033,51.04483512435],[-114.031572931369,51.044312842625],[-114.030362876169,51.043919315788],[-114.029334064079,51.043634816092],[-114.02836680832,51.043463980192],[-114.027672996434,51.04348316520701],[-114.027428482024,51.043442594635],[-114.026011913954,51.043395143436],[-114.024952268864,51.043499111513],[-114.024450722227,51.043586871024004],[-114.024035080563,51.043735170995],[-114.024082249663,51.043774132685],[-114.024717937778,51.043883150636],[-114.025784598038,51.044256594673],[-114.027230524891,51.044975954238],[-114.027556932915,51.045221994142],[-114.028256887404,51.045631991639],[-114.028792942264,51.045814257077],[-114.030150984958,51.045939540743],[-114.030990187895,51.046164327927],[-114.031896154886,51.046315782319],[-114.035403905929,51.046711242929],[-114.03600886447902,51.046736748071]]]}},{"type":"Feature","id":"flood-regulatory-14846d5c439f","properties":{"id":"flood-regulatory-14846d5c439f","zone":"Floodway","sourceCode":"200","layerType":"current-municipal-regulatory-designation","sourceDatasetId":"tp6q-x2v7"},"geometry":{"type":"Polygon","coordinates":[[[-114.016623448651,51.045285685179],[-114.01582898664,51.045159726163],[-114.015040966171,51.045108453008],[-114.014091054329,51.044992564284],[-114.013802264556,51.044986164792],[-114.013727068127,51.045016022258],[-114.013466488736,51.044925788463],[-114.013303259801,51.045016479398],[-114.01302302775,51.044847001456],[-114.013135755732,51.044757295578],[-114.013442605109,51.044931305514],[-114.013459755191,51.044917157297],[-114.013592682903,51.044969393836],[-114.013822193738,51.044894602009],[-114.014511425105,51.044999652494],[-114.014993445157,51.04502028152401],[-114.015105977433,51.045001342747],[-114.015221270173,51.044794323009],[-114.01523396814501,51.044695214042],[-114.015332763063,51.044669976831],[-114.015397150951,51.044690935122],[-114.015402452136,51.04472258997],[-114.015283103193,51.044842860397],[-114.01522148347601,51.045005693176],[-114.015238506751,51.045041270522],[-114.015710331038,51.045116416157],[-114.01623253226,51.045050664014],[-114.016405065135,51.045146139652],[-114.016639922025,51.045140435729],[-114.016609529806,51.045280838096],[-114.016740863296,51.045130825674],[-114.017345353666,51.045046871414],[-114.017968157938,51.045076278934],[-114.018554937799,51.04504214673301],[-114.01909495007702,51.045087447119],[-114.019130945647,51.045080633308],[-114.019026503406,51.044973990774],[-114.019022882627,51.044921796076],[-114.019404419313,51.044783302256],[-114.019505224958,51.04480371015],[-114.019512438506,51.044835479561],[-114.019382938047,51.04506924495001],[-114.019307428687,51.04528484561501],[-114.019324245048,51.045466578363005],[-114.018950991558,51.045505222509],[-114.018925609305,51.04535985186601],[-114.018879175944,51.045331460812],[-114.018792830071,51.045339708423],[-114.01870938039,51.045429012325],[-114.018715887935,51.045674003951],[-114.018653496444,51.045603030104],[-114.018593286553,51.045438177004],[-114.018282016015,51.04535713333],[-114.017028163697,51.045237190239],[-114.016623448651,51.045285685179]]]}},{"type":"Feature","id":"flood-regulatory-8bd644f415e8","properties":{"id":"flood-regulatory-8bd644f415e8","zone":"Flood Fringe","sourceCode":"100","layerType":"current-municipal-regulatory-designation","sourceDatasetId":"tp6q-x2v7"},"geometry":{"type":"Polygon","coordinates":[[[-114.019502409452,51.045444523927],[-114.020260059989,51.045275264926],[-114.020918048615,51.045050179164],[-114.021760321047,51.044644930937],[-114.022207982081,51.044482619803],[-114.023086698369,51.044416043274],[-114.023876179486,51.044484689388],[-114.024317353238,51.044600589368],[-114.025175716525,51.044847958811],[-114.026430412992,51.045322619283],[-114.026275866535,51.045344158468],[-114.026058295594,51.045279157475],[-114.02560055482701,51.045244402742],[-114.025483792264,51.04520365802401],[-114.025313993044,51.045239394948],[-114.025040504532,51.045216524649],[-114.024875068097,51.045243101262],[-114.024642936179,51.045212441509],[-114.023781040262,51.045203361528],[-114.023605487905,51.045170862374],[-114.023258677301,51.045187377719],[-114.023125891078,51.045207538372],[-114.022887857499,51.045303269241],[-114.022785469356,51.045448899535],[-114.022461086066,51.045586758732],[-114.02225566257502,51.045780921396],[-114.021370491366,51.045939413743],[-114.02092798484,51.045830472644],[-114.02055512948,51.045663825138],[-114.02028017075001,51.045612098608],[-114.020124126537,51.045809462775],[-114.020093604335,51.045998567025],[-114.020025391237,51.046058550127],[-114.020049955146,51.046449988461],[-114.020160190709,51.046570837324],[-114.02015872658501,51.046617988711],[-114.01997874214,51.046910964351],[-114.019902568107,51.046933856209],[-114.01981045290101,51.046880308351],[-114.019770531305,51.046984216609],[-114.019982866924,51.047800221356],[-114.020019756217,51.048194654646],[-114.020054545526,51.048288905978],[-114.020123057661,51.048355338178],[-114.019970190708,51.048389329385],[-114.019903600026,51.047847576588],[-114.019817217766,51.0478078279],[-114.019760308086,51.047425001848],[-114.019510114137,51.04696095899],[-114.019578868875,51.046838058785],[-114.019684402781,51.046913220372005],[-114.019615538503,51.046772993961],[-114.019647626307,51.046722387179],[-114.01960632151601,51.046671792723],[-114.01949899785,51.04553187053],[-114.019502409452,51.045444523927]]]}},{"type":"Feature","id":"flood-regulatory-efdefc121883","properties":{"id":"flood-regulatory-efdefc121883","zone":"Flood Fringe","sourceCode":"100","layerType":"current-municipal-regulatory-designation","sourceDatasetId":"tp6q-x2v7"},"geometry":{"type":"Polygon","coordinates":[[[-114.0093404873383,51.03926658148573],[-114.00885880796001,51.04010176507],[-114.008605935794,51.040766849403],[-114.008490343422,51.041383761596],[-114.00846519229302,51.0417043177],[-114.008583820724,51.041954402647],[-114.008691733434,51.042086331652],[-114.009466102857,51.042849894784],[-114.010307214418,51.0434782457],[-114.011106961403,51.043960535527],[-114.01094597051,51.043998343558],[-114.010816921941,51.043971744161006],[-114.009703818665,51.04341340675],[-114.009265428611,51.043123028027],[-114.008990204874,51.042841395705],[-114.00873585377002,51.042649920129],[-114.00833822468,51.042185026963],[-114.008240611356,51.04194962683],[-114.00816095121,51.041839684335],[-114.008062679328,51.04154700597],[-114.00752896520781,51.04032751001192],[-114.00810626014494,51.039876059962424],[-114.00851260344639,51.03963458487606],[-114.0093404873383,51.03926658148573]]]}},{"type":"Feature","id":"flood-regulatory-161aa036e8a6","properties":{"id":"flood-regulatory-161aa036e8a6","zone":"Flood Fringe","sourceCode":"100","layerType":"current-municipal-regulatory-designation","sourceDatasetId":"tp6q-x2v7"},"geometry":{"type":"Polygon","coordinates":[[[-114.061318238722,51.032013386796],[-114.062391411602,51.032003337304],[-114.062507865627,51.032025160631],[-114.062494618126,51.033256824089],[-114.062459338903,51.03328545103601],[-114.06130368933201,51.033290396905],[-114.06126350757,51.033262658521],[-114.06124727621801,51.032095852857],[-114.061256001127,51.032049179776],[-114.061318238722,51.032013386796]]]}},{"type":"Feature","id":"flood-regulatory-5f0920ab470c","properties":{"id":"flood-regulatory-5f0920ab470c","zone":"Floodway","sourceCode":"200","layerType":"current-municipal-regulatory-designation","sourceDatasetId":"tp6q-x2v7"},"geometry":{"type":"Polygon","coordinates":[[[-114.06987602054,51.056769952518],[-114.069311909038,51.056727785901],[-114.069054430953,51.056742105187],[-114.068140771712,51.056642181299],[-114.067408833343,51.056427515945],[-114.066922338023,51.056210937459],[-114.066671729196,51.05603082156801],[-114.066183718196,51.055762294678],[-114.065861895561,51.055496310698],[-114.065921106668,51.055453173422],[-114.065757271026,51.055321071005],[-114.06572680745401,51.055245359654],[-114.065574802612,51.055118681912],[-114.06481038204,51.054286088546],[-114.064395096747,51.053730559204],[-114.064355350182,51.053653236237],[-114.06437438059,51.053605043553],[-114.064676761791,51.053704030548],[-114.064676339816,51.053679613802],[-114.064476783055,51.053588712121],[-114.064681729766,51.05352897187],[-114.06485619329202,51.053559731514],[-114.065305444307,51.053796039579],[-114.065577809043,51.053861095824],[-114.06564496472801,51.053905905145],[-114.06561617334401,51.053947859253],[-114.066051016682,51.054123601592],[-114.066197974768,51.054204415146],[-114.066196325513,51.054228152535],[-114.066658722141,51.054382858135],[-114.06685625942302,51.054414111346],[-114.067263884421,51.054378507436],[-114.067556426157,51.054396964524],[-114.067767079467,51.054449702135],[-114.068210989171,51.054441222832],[-114.068460347318,51.05466680800101],[-114.069567447304,51.054651712355],[-114.069610911921,51.054613887406006],[-114.070229568693,51.054621631458],[-114.070978049421,51.054542675731],[-114.072378773655,51.054511783919],[-114.073969963854,51.054417294716],[-114.07523149131501,51.054243957976],[-114.075699722237,51.054078558566],[-114.076043097872,51.054034397525],[-114.076187215937,51.053962995418],[-114.076288988326,51.053846496875],[-114.076633651663,51.053781072567],[-114.076753312565,51.053848913191],[-114.076869476537,51.053839285277],[-114.077191607804,51.053701357657],[-114.077443691859,51.053677494905],[-114.077607362739,51.053684356081],[-114.077702522934,51.053720534021],[-114.077744632951,51.05377347435401],[-114.077689538255,51.053890598502],[-114.077508503274,51.054081683723],[-114.077035846524,51.054462531934],[-114.075577355081,51.055198071765],[-114.074067840779,51.055866717868],[-114.073459501083,51.056082561014],[-114.072858934451,51.056247795721],[-114.072523837998,51.056285355485],[-114.071263446543,51.056630015216],[-114.07040938189,51.056749025335],[-114.06987602054,51.056769952518]],[[-114.069729683639,51.055003030985],[-114.069334181374,51.055233943325],[-114.068919745756,51.05532183817001],[-114.068900255371,51.055382246182],[-114.068943430689,51.055426378218],[-114.069544121374,51.055538881989],[-114.0702037745,51.055783968979],[-114.070559312152,51.05547781863],[-114.07053818312701,51.055338016097],[-114.070459060576,51.055255734181],[-114.069729683639,51.055003030985]],[[-114.069263187514,51.055872778571],[-114.069190190828,51.055905048141],[-114.06912501813501,51.056028502031],[-114.06915704370002,51.056097322743],[-114.069222124756,51.05613052819301],[-114.069302151064,51.056122102358],[-114.069347618978,51.056059748786],[-114.069263187514,51.055872778571]]]}},{"type":"Feature","id":"flood-regulatory-e903b6db3d17","properties":{"id":"flood-regulatory-e903b6db3d17","zone":"Flood Fringe","sourceCode":"100","layerType":"current-municipal-regulatory-designation","sourceDatasetId":"tp6q-x2v7"},"geometry":{"type":"Polygon","coordinates":[[[-114.051196158259,51.03910166829301],[-114.050147062396,51.039071119312],[-114.048735134132,51.039008469264004],[-114.051196158259,51.03910166829301]]]}},{"type":"Feature","id":"flood-regulatory-299effb10798","properties":{"id":"flood-regulatory-299effb10798","zone":"Floodway","sourceCode":"200","layerType":"current-municipal-regulatory-designation","sourceDatasetId":"tp6q-x2v7"},"geometry":{"type":"Polygon","coordinates":[[[-114.011595485837,51.039335652718],[-114.011444011961,51.039268588894],[-114.011524094183,51.039158098899],[-114.011617965122,51.03913046862301],[-114.01184828007,51.039133602699],[-114.011791980773,51.039236988624],[-114.011595485837,51.039335652718]]]}},{"type":"Feature","id":"flood-regulatory-dcb2491e442a","properties":{"id":"flood-regulatory-dcb2491e442a","zone":"Floodway","sourceCode":"200","layerType":"current-municipal-regulatory-designation","sourceDatasetId":"tp6q-x2v7"},"geometry":{"type":"Polygon","coordinates":[[[-114.10891158379816,51.04796686496553],[-114.107912409915,51.048063771746],[-114.106874463361,51.048062353939],[-114.105619469132,51.048004032165],[-114.104983490423,51.047934825939],[-114.102837129814,51.047800697886],[-114.102814603789,51.04776854705],[-114.102528731578,51.047736627514006],[-114.102312313069,51.047725235685],[-114.102087860064,51.047773044259],[-114.10195920996301,51.047755141133],[-114.10202257606701,51.047792404012],[-114.101875549974,51.047773229503],[-114.101685814436,51.047827440989],[-114.101779503919,51.047728274625],[-114.101422322989,51.047760755761],[-114.100043301732,51.047735132376],[-114.099530750904,51.047672974464],[-114.099483499255,51.047670155957],[-114.099479667793,51.047705728888],[-114.099307532807,51.04766457824],[-114.096052446875,51.047489560793],[-114.095128830586,51.047564652253],[-114.093819114808,51.047619279788],[-114.093819068428,51.047596320951],[-114.09326910309301,51.047670814015],[-114.092732926404,51.047780760736],[-114.092183877111,51.047850989527],[-114.091280060705,51.048102947447],[-114.091214582715,51.048077619657],[-114.090777252409,51.048350792143],[-114.089685871591,51.048749779003],[-114.089278373475,51.048840506071],[-114.087007251744,51.049524299106],[-114.086780830927,51.049560950445],[-114.086574644112,51.049651519331],[-114.085950787427,51.049785222795],[-114.085767228775,51.049866255288],[-114.084705783095,51.050163655267],[-114.084567611715,51.050295412561],[-114.084047190084,51.050578137257],[-114.083992009895,51.050679696099],[-114.08400741229,51.050847825264],[-114.08353458907001,51.051265828569],[-114.08323020194,51.051504746275],[-114.082641226398,51.051867096772],[-114.082179747501,51.052076042164],[-114.081266825693,51.052388071884],[-114.080986778478,51.052512780212],[-114.080526007605,51.052623949931],[-114.080215387658,51.052591404963],[-114.07939331127402,51.05302004962401],[-114.079219379256,51.053162328401],[-114.078463631771,51.053577936751],[-114.078309349642,51.053589900355],[-114.077880140632,51.053485819153],[-114.07734570522702,51.05347194239],[-114.07715013139,51.053547748911],[-114.07664714607701,51.05362283204601],[-114.076596508092,51.053719546093],[-114.076271407679,51.053773836345],[-114.076136828678,51.05372543982201],[-114.075686748806,51.053772701617],[-114.075435616185,51.0538466408],[-114.075168241745,51.053858502384],[-114.074130251262,51.054106497666],[-114.073593341652,51.054182230127],[-114.073372407609,51.05415664224001],[-114.073329471501,51.054097906979],[-114.07321907991302,51.05416987865901],[-114.070450604259,51.05418268866],[-114.069827436408,51.054262446315],[-114.069065391415,51.054210495296],[-114.068890747303,51.054155765561],[-114.068588042652,51.054152947303],[-114.068447488038,51.054176838068],[-114.068233772432,51.054297573595],[-114.067878456251,51.054290230007],[-114.06789196143401,51.054348083594],[-114.067838126433,51.05437251564601],[-114.067788446665,51.054276011961],[-114.067508127074,51.054320658024],[-114.067353699002,51.054287770123004],[-114.067003980605,51.054330225496],[-114.066818456307,51.054317768564],[-114.066387064607,51.054141247717],[-114.066209197904,51.053940754689],[-114.066045072271,51.053828225226],[-114.065274893753,51.053516189565],[-114.065031811644,51.053506457044],[-114.06505015770301,51.053470213766],[-114.065145756762,51.053476766171],[-114.064719013954,51.053306800848],[-114.06428860007101,51.053038972078],[-114.063514942904,51.052836025959],[-114.063166020786,51.052711846734],[-114.060999702762,51.051861578941],[-114.06012548386802,51.051594345815],[-114.060109719879,51.05154633981],[-114.05995201211,51.051543678042],[-114.057035171954,51.05085409945],[-114.055072433959,51.050505285582],[-114.054444849219,51.050346644853],[-114.052935779939,51.049788860326],[-114.05248118165,51.049560589637],[-114.05114300632002,51.049172095768],[-114.050253495423,51.0487670431],[-114.049732196,51.04849168147],[-114.04848578841,51.048037639548],[-114.04827899034801,51.04790597708],[-114.047938395717,51.047835061553],[-114.046625061448,51.047270111888004],[-114.046112933514,51.047091196489],[-114.045626582775,51.046850095806],[-114.045189640186,51.046700753754],[-114.044275904332,51.046467213141],[-114.042859462059,51.04604733095001],[-114.04232152833002,51.045755695106],[-114.041562459056,51.045514283941],[-114.041454440514,51.045430050753],[-114.04151149482,51.045199760299],[-114.041833754025,51.044978100622],[-114.041968063912,51.044834184377],[-114.042110089588,51.044754981388],[-114.04234139267,51.044476384185],[-114.042449508064,51.044228799155],[-114.042995166349,51.043561542496],[-114.043198157278,51.043224520669],[-114.043430751158,51.042988778427],[-114.043584570287,51.042672446056],[-114.043817059994,51.042331278615],[-114.044043021534,51.042025254037],[-114.044203566413,51.041892895051],[-114.044432847049,51.041634413369],[-114.044714644741,51.041433791578],[-114.045281629376,51.041152438977],[-114.045596166076,51.0409083927],[-114.046346713452,51.040583553492],[-114.04689720322301,51.040223648095],[-114.047021756503,51.040180187492],[-114.04703154438,51.040132638613],[-114.047203426339,51.039995062243],[-114.047605472595,51.039760201303],[-114.048322378822,51.039137808865],[-114.048430536565,51.039096420271],[-114.048489420344,51.038968231793],[-114.048872355165,51.038648684707],[-114.049486460775,51.037890420095],[-114.050019601657,51.036807365744004],[-114.050138283936,51.036346181354],[-114.050169298608,51.036087893514],[-114.050185122684,51.035734668757],[-114.05015203482802,51.03555669764],[-114.050125077104,51.034465938934],[-114.050081542755,51.034317262642006],[-114.049985751324,51.034166153591],[-114.050016166096,51.034065021172],[-114.050202147043,51.03393784973401],[-114.05023754104,51.033878707138],[-114.050042242462,51.033619913073],[-114.049859783923,51.033444181193],[-114.04979454372,51.033298374565],[-114.049843168697,51.032715898823],[-114.049901255002,51.032525363201],[-114.050101483182,51.032213550661],[-114.050203118163,51.032127573995],[-114.050376050271,51.031878143597005],[-114.05052182427302,51.031537990189],[-114.050612809074,51.031440502784],[-114.050629107024,51.03134878225],[-114.050844460475,51.030947610846],[-114.050791191063,51.03093160797301],[-114.05089632254102,51.030785036416],[-114.051181742503,51.030607097998],[-114.051416198122,51.030308983776],[-114.051735628304,51.030246264213],[-114.052266434375,51.03023986734501],[-114.052436583731,51.030271823424],[-114.052594966428,51.030345501514],[-114.053172307019,51.030716453348],[-114.054001174548,51.03138665148],[-114.054099081925,51.031415368019],[-114.054179716103,51.031512486537],[-114.054725412243,51.031823793782],[-114.054893711255,51.031961789379],[-114.054872266164,51.032013576835],[-114.055713275391,51.032361425798],[-114.056193782769,51.032487081052],[-114.056608880194,51.032661533641],[-114.056801526888,51.032696535263],[-114.05747195139202,51.033070590224],[-114.057690413187,51.033228740878],[-114.057744094658,51.033311863277],[-114.057963868217,51.033410157202],[-114.05825072800602,51.033679817689],[-114.058335604821,51.033839310171],[-114.058505197985,51.034006818621],[-114.058618716828,51.034208378468],[-114.058833307154,51.034452223689],[-114.059076137414,51.034613565192],[-114.059820984442,51.035391925124],[-114.06034771089,51.035790809938],[-114.060485850072,51.035862189043],[-114.061139234209,51.036046320483],[-114.061997171027,51.036142168493],[-114.063542425121,51.036091103854],[-114.06477347703,51.036181910422],[-114.064989528359,51.036167491389],[-114.065227531016,51.036108281774],[-114.065050247929,51.036188181673],[-114.064728445704,51.036197066914],[-114.063125566065,51.036141452092],[-114.062301191208,51.036259034456],[-114.06217249033,51.036319176079],[-114.061437000313,51.036277039025],[-114.060719633667,51.036072415326],[-114.060008893364,51.035754147109],[-114.05969453373001,51.035589416341004],[-114.059457086695,51.035422200408],[-114.059176269904,51.03532815464101],[-114.058844767274,51.035413592485],[-114.058181041109,51.035685737916],[-114.058056973379,51.035767744762],[-114.057020138837,51.036145054196],[-114.05538877896001,51.036858791264],[-114.055067696336,51.036977430541],[-114.054261205495,51.037181180979],[-114.054151058164,51.037243175907],[-114.053912532184,51.037450987055],[-114.053867004763,51.03758101863901],[-114.053797000059,51.038726092561],[-114.053801629647,51.039140804348],[-114.053746433245,51.039295962133],[-114.05366453277901,51.039363976602],[-114.053453273833,51.039384393826],[-114.05239147171,51.039306386085],[-114.048548436785,51.039176057331],[-114.047802307843,51.03984449507801],[-114.047554092236,51.04001597765901],[-114.047222298928,51.040361737153],[-114.046869490193,51.040629072229],[-114.04637178513201,51.040958690782],[-114.045227261914,51.041593116349],[-114.045163441201,51.041672150041],[-114.044240760927,51.042326424561],[-114.043933189221,51.042734842748],[-114.043770407347,51.04301227405],[-114.043327113052,51.043355648463],[-114.043188002868,51.043583676046],[-114.043079356616,51.043649717879006],[-114.043003616824,51.04376622487101],[-114.043014741698,51.04380976166],[-114.042834060763,51.044074709653],[-114.041950694301,51.045002983643],[-114.041864724968,51.045151632733],[-114.041862363427,51.045243445721],[-114.041897787727,51.045318313905],[-114.04206655801,51.045508091263],[-114.042985352135,51.045972714896],[-114.04355763833001,51.046178506317],[-114.045843353603,51.046784473153],[-114.046847301758,51.047266390273],[-114.049865599905,51.048461708616],[-114.05039955104002,51.04872089797],[-114.051242267356,51.049065204893],[-114.052243171074,51.049399414276],[-114.052444134726,51.04939544701],[-114.05261225597901,51.049439585628],[-114.052930828772,51.049596744928],[-114.052994638982,51.04966927569],[-114.053187792554,51.04977256621],[-114.05326483251,51.049782479159],[-114.053302174968,51.049766146682],[-114.053284222173,51.049731717924],[-114.053931060151,51.050067304385],[-114.054628012966,51.050308625448],[-114.055941310426,51.050597285538],[-114.057176968561,51.050775476162],[-114.060218780647,51.05150301883],[-114.060960407602,51.051752101018],[-114.061618413896,51.052028233124],[-114.062862164708,51.052434972483],[-114.0660402269,51.053743926862],[-114.066655422812,51.053962466562],[-114.067202554731,51.05407165975401],[-114.067458079773,51.054111063736],[-114.06777432925901,51.054110349502],[-114.069872609695,51.05405243205],[-114.070012548156,51.054016053219],[-114.070306614924,51.054045831357],[-114.070391619529,51.05402601629701],[-114.072347305955,51.054051803935],[-114.073262426681,51.054025185327],[-114.073771688861,51.05398760533],[-114.075057294713,51.053736520242],[-114.076207841673,51.053584563274],[-114.076432769541,51.053493931271],[-114.076840499808,51.053392481934004],[-114.076893405334,51.053323659593],[-114.076852756467,51.053258179125],[-114.076857995059,51.053171829404],[-114.076951549447,51.053098111465],[-114.077112859937,51.053062547895],[-114.077186673644,51.053075589109],[-114.077197903901,51.053111271787],[-114.077112400022,51.053177248058006],[-114.07710658562901,51.053248972792],[-114.07772379002,51.053292156071],[-114.07799058371,51.053359757266],[-114.078139755906,51.053444328228],[-114.078345367807,51.053469228766005],[-114.079277964359,51.05295870384101],[-114.079400174975,51.052851713314],[-114.079547890382,51.052800560245],[-114.080226455927,51.052398318795],[-114.081284842173,51.051866320977],[-114.081361281135,51.051788305312],[-114.082139337055,51.051370859072],[-114.083342806975,51.050875895902],[-114.083411929386,51.050802359184],[-114.083429337645,51.050706796763],[-114.083590816539,51.05055901975],[-114.084410454166,51.050208640454],[-114.084901321818,51.050027790996005],[-114.087809008013,51.049180779164],[-114.08970873330301,51.048681826075],[-114.09036361754701,51.048453333081],[-114.090764776524,51.048276508008],[-114.091042243593,51.048114085119],[-114.091252339297,51.047916624569],[-114.091511381896,51.047827829145],[-114.091959746946,51.047713767038],[-114.093593557058,51.047474695385],[-114.093706358914,51.047432650827],[-114.093811570712,51.047314400004],[-114.09423097355,51.047381191653],[-114.094896847554,51.047402149168],[-114.095014352357,51.047435820036],[-114.09565645896201,51.047449670877],[-114.096033227772,51.047419739856],[-114.098500045312,51.047568625509],[-114.10031983619001,51.04764076028],[-114.100948369934,51.047649869595],[-114.101926266511,51.047597578974],[-114.102582992702,51.047641802064],[-114.102656283178,51.047700740021],[-114.102739154121,51.047668492059],[-114.102962358211,51.047685718648],[-114.103175200596,51.047653770238],[-114.10340804467,51.047691726776],[-114.10376444014801,51.047669199093],[-114.104388183015,51.047686523364],[-114.10573779215,51.047804181444],[-114.107109156403,51.047873308001],[-114.10817166804,51.047846311418],[-114.1089021973831,51.047756128547256],[-114.10891158379816,51.04796686496553]],[[-114.050516627676,51.035462874634],[-114.05055999331,51.03608707429],[-114.05052143658202,51.0364014741],[-114.050642784951,51.036684729844],[-114.050734021356,51.036702899005],[-114.05115001293,51.036521294713],[-114.051975722253,51.036059471428],[-114.053088837151,51.035369239889],[-114.053259271815,51.035375740143],[-114.053914190752,51.035176958794],[-114.054725626459,51.03499929751],[-114.054878374185,51.034886965495],[-114.054978844623,51.034851970625],[-114.055200523552,51.034593096195],[-114.055798523737,51.034359244132],[-114.056078764857,51.03419593075],[-114.05619516134001,51.034092640144],[-114.056322310335,51.033857739683],[-114.056344083196,51.033712403572],[-114.056280453771,51.033359828318],[-114.056304155364,51.033110827748],[-114.056412590039,51.03281938342901],[-114.05639700206,51.032688311371],[-114.056044596738,51.032573956844004],[-114.055508962397,51.032482157413],[-114.05503834652,51.032286380904],[-114.054508704725,51.031972868763],[-114.053920971657,51.031568557536],[-114.053286192775,51.031006584485],[-114.053141527183,51.030964162976],[-114.052841086845,51.03094957129],[-114.051718956827,51.030628999662],[-114.05112974133101,51.031312033527],[-114.050450918224,51.031990135318],[-114.050243202665,51.032278070408],[-114.05013134571,51.032566630176],[-114.050096897609,51.033292063997],[-114.050281890151,51.033830297137],[-114.05049625047802,51.034862058988],[-114.05053261137,51.035308846368],[-114.050516627676,51.035462874634]],[[-114.048735134132,51.039008469264004],[-114.052661131369,51.039144000943],[-114.053058365879,51.039118804627],[-114.05325618422,51.039045659511],[-114.053327842857,51.03892322969101],[-114.053501363337,51.037997384797],[-114.053312464174,51.037537366099],[-114.053220586579,51.037392444738],[-114.053041102569,51.03720672268],[-114.052613714654,51.036929260375],[-114.052331233463,51.036801470308],[-114.052089836096,51.036762921341],[-114.051781737768,51.036783025379],[-114.050084865886,51.037105132112],[-114.049615350936,51.037962703224],[-114.049210523572,51.038427066997],[-114.049076152944,51.03852196529],[-114.048998511943,51.038671233897],[-114.048735134132,51.039008469264004]]]}},{"type":"Feature","id":"flood-regulatory-f8741ba3dc64","properties":{"id":"flood-regulatory-f8741ba3dc64","zone":"Flood Fringe","sourceCode":"100","layerType":"current-municipal-regulatory-designation","sourceDatasetId":"tp6q-x2v7"},"geometry":{"type":"MultiPolygon","coordinates":[[[[-114.015012232592,51.043137431441],[-114.01507039231302,51.043083919747],[-114.015094592952,51.042982339802],[-114.01471366570101,51.042765224225],[-114.014592098415,51.04265440410901],[-114.014441399868,51.042588875961],[-114.014359445397,51.042585630875],[-114.0143073482,51.042535255185],[-114.014146408452,51.042500844085005],[-114.014068198383,51.042449079834],[-114.013778690331,51.042486922458],[-114.01374597943301,51.04251574291],[-114.013761098964,51.04256289589501],[-114.014084962848,51.043005634181],[-114.014048010364,51.042990513398],[-114.01336129113,51.042310470924],[-114.012964042065,51.041870762891],[-114.012628406497,51.041426425209],[-114.012296623961,51.04085055006101],[-114.012202764531,51.040629711671],[-114.012101995266,51.040242088167],[-114.012119840762,51.040040046402],[-114.012410046315,51.03940922291401],[-114.01294604184297,51.03878828737271],[-114.01379994339884,51.03887107380858],[-114.01491216842734,51.0390556287884],[-114.01567653154524,51.039246573861256],[-114.01620474058672,51.03942484135519],[-114.01701942737566,51.03979476924915],[-114.01797224737396,51.040042170695486],[-114.01822041260289,51.040060656226395],[-114.01910975926631,51.039735707845864],[-114.01991136495708,51.03954160027164],[-114.0208073653778,51.03924785830238],[-114.02164038860322,51.03903179464254],[-114.02251405783083,51.0388609681044],[-114.02382312122843,51.038732714629006],[-114.02780089280306,51.03873786013741],[-114.02947442378267,51.03879038514873],[-114.03088819158651,51.03895641984835],[-114.03330519627164,51.039361910565624],[-114.0337701346673,51.03946321501223],[-114.033810493644,51.039517228205],[-114.033788667548,51.039556706673],[-114.033875751531,51.039591570651],[-114.033834319161,51.03963288871601],[-114.033873461271,51.03968703967],[-114.033961999401,51.039719147805],[-114.03410577605,51.039698920373],[-114.034081042611,51.03974023365],[-114.033945234138,51.039776522507],[-114.033769407352,51.039889465709],[-114.033995064591,51.040001398077],[-114.03371128523,51.039926194792],[-114.03385928107501,51.040020244930005],[-114.033808469943,51.040012453847],[-114.033445584685,51.039910649656],[-114.033602283154,51.040015712758],[-114.033572496166,51.04003407657],[-114.033289484009,51.039918485631],[-114.033181925233,51.040019476399],[-114.033000391639,51.040051640949],[-114.032682573422,51.039888326434],[-114.0326645037,51.039808471123],[-114.032568681541,51.039797017965],[-114.032554954392,51.03973001136101],[-114.032499020064,51.039760315163],[-114.03235095144,51.039720415722],[-114.03223546316,51.039772304054],[-114.032192573508,51.039828306679],[-114.032215049305,51.039859969546],[-114.032468234631,51.040054049117],[-114.032766568326,51.040102631819],[-114.032848548108,51.040158143827],[-114.033022010257,51.040204456835],[-114.033074947276,51.040259972391],[-114.033074189959,51.040289801462],[-114.033034256656,51.040293481469],[-114.032648858073,51.040201324464],[-114.032459905996,51.040399149581006],[-114.032661641971,51.040479869789],[-114.032719051266,51.040422955869005],[-114.032881593942,51.040492670634],[-114.032819111931,51.040540406635],[-114.033160926032,51.040643117715],[-114.033137679801,51.040658264828],[-114.033308927641,51.040725677851],[-114.033340083682,51.040780273545],[-114.032662269335,51.04057714938601],[-114.032699245861,51.040622568696],[-114.033354456512,51.04091241232],[-114.032918297254,51.040798259311],[-114.032889212659,51.040845066284],[-114.032995864487,51.040901019825],[-114.032949360468,51.040943700045],[-114.032876080781,51.040907010182],[-114.032525930356,51.041162180311],[-114.032565063926,51.041226859574],[-114.032787754307,51.041380958746004],[-114.03267078882001,51.041478697372],[-114.032670741553,51.041525030496],[-114.03228251332501,51.041410885092],[-114.032367348718,51.041503992622],[-114.032569812161,51.041558081571004],[-114.03269676363,51.041631909409],[-114.032383281564,51.04154160666701],[-114.03248554753,51.041623239271],[-114.031723682583,51.041305027518],[-114.03129764511,51.04123538111],[-114.03098564198,51.041075326429],[-114.030872385548,51.041094160237],[-114.03076635406,51.041155659132],[-114.030687957424,51.041154757396],[-114.030584081652,51.04124882808],[-114.030570960573,51.041319022493],[-114.030650839205,51.041279093425],[-114.03067839633,51.041314413171],[-114.030841065791,51.04122492066201],[-114.030832322453,51.041266670416],[-114.030880215201,51.041286846927],[-114.030962986073,51.041262975252],[-114.031076916211,51.041304241176],[-114.031104514538,51.041287720584],[-114.031129184454,51.041299643399],[-114.031108108813,51.041329467074],[-114.031398297643,51.041520249714],[-114.031344472089,51.041649622899],[-114.031478724924,51.04168445891],[-114.031608006082,51.041596356948],[-114.031675512926,51.041594508362],[-114.031720496919,51.04161605984701],[-114.031735681225,51.041681653843],[-114.031835768396,51.041768788426],[-114.03186473778,51.041838505838],[-114.031718100948,51.041857801742],[-114.03153233872601,51.041798208693],[-114.031390123891,51.04173952241101],[-114.031289303364,51.041654680924],[-114.031146334855,51.04162351573001],[-114.030761046278,51.04144147308801],[-114.030470766896,51.041347026522],[-114.030378535793,51.04140576521],[-114.030213756581,51.041413138156],[-114.030188295635,51.041489295011],[-114.030051076794,51.041529232225],[-114.030040168914,51.041559052193],[-114.03016267836,51.041783801849],[-114.030158995433,51.041859029824],[-114.030066727419,51.041979682391],[-114.03001651334,51.042167746221004],[-114.030000492509,51.042242969264],[-114.030030225521,51.042280113514],[-114.02869815193,51.042182759408],[-114.026378456361,51.042148296337],[-114.023697282932,51.0422945476],[-114.02329011015,51.042353309056],[-114.021789968753,51.042699295086],[-114.020590413562,51.043057576452],[-114.01938382916,51.043640467764],[-114.01846149439,51.043764822861],[-114.016455339357,51.043409464341],[-114.015304603825,51.04309822075],[-114.015012232592,51.043137431441]],[[-114.024473237071,51.040805901018],[-114.022580721661,51.040813306561006],[-114.022433337915,51.04084036619],[-114.022343290725,51.040893103765],[-114.022375203425,51.04094354358],[-114.022687322599,51.041000852329],[-114.022966691349,51.04117645906],[-114.022952792859,51.041341520582],[-114.022993337106,51.041505655346],[-114.022971410185,51.04173946746],[-114.023067067692,51.041976007273],[-114.023266632814,51.042031923438],[-114.023899589814,51.041974133748],[-114.02382199429,51.041886123877],[-114.023805367959,51.041795357883],[-114.02410603011,51.041584002357],[-114.02417930371202,51.041631218406],[-114.024173440747,51.041700901774],[-114.024246014093,51.041714650929],[-114.024286615274,51.041771036024],[-114.024257520505,51.041846218748],[-114.024121013012,51.041911320115],[-114.024134061667,51.041932406446],[-114.024295186145,51.041941565071],[-114.024488307761,51.041874169159],[-114.024801125476,51.041885152484],[-114.024861392878,51.041855810661],[-114.024901070584,51.041315756284],[-114.02486999865302,51.041158035239],[-114.02475615687,51.041020027362],[-114.024766362139,51.040971423075],[-114.02482228908602,51.040933819717],[-114.024808546823,51.040876960737],[-114.024473237071,51.040805901018]],[[-114.018091849051,51.042976460207],[-114.018049794477,51.04274488571501],[-114.01810632904,51.04275406538],[-114.018094671458,51.042541708037],[-114.01800912795201,51.042532055485],[-114.018008737239,51.042425414794],[-114.018243825824,51.042387996312],[-114.018427845702,51.042219188729],[-114.018489526442,51.042207775506],[-114.018559118191,51.042216963674],[-114.018624077399,51.04231265808101],[-114.018537049519,51.042538257672],[-114.018557748692,51.042640325653],[-114.018531953588,51.042768452366005],[-114.018617991636,51.04284720406301],[-114.01870880429702,51.04279507786],[-114.018732681274,51.042367176963],[-114.018701175688,51.042020660906],[-114.018760868674,51.041508863773004],[-114.018827823898,51.04121814644301],[-114.018951455581,51.041120216521],[-114.018799919182,51.04110136524],[-114.018781125772,51.040859560465],[-114.018906276135,51.040742841786006],[-114.018934838343,51.040660417433],[-114.018917417656,51.040443308154],[-114.018939409928,51.040373696138005],[-114.019216275593,51.039798469378],[-114.018944324247,51.040203756892],[-114.018841329723,51.040418075457],[-114.018758388747,51.040713912361],[-114.018700882492,51.040775252275],[-114.018642095694,51.041007408194],[-114.01862759426301,51.041229034535],[-114.018508172269,51.041598476014],[-114.018504365507,51.041879112857],[-114.018445227325,51.04200085224],[-114.01832536002,51.04206350709],[-114.017986299945,51.04194844078],[-114.017488751244,51.041949567189],[-114.01739254286,51.04210424638],[-114.017390605211,51.042264913946],[-114.01724476699401,51.04228498177],[-114.017232733301,51.042427783716],[-114.017127901943,51.042560463365],[-114.017217923269,51.042771032015],[-114.017214511191,51.042941267553],[-114.01716933597801,51.043012632923],[-114.017210596755,51.043037363011],[-114.017980656338,51.043054655704],[-114.018059767014,51.043032270751],[-114.018091849051,51.042976460207]],[[-114.021115955373,51.042065469754],[-114.021719235039,51.041860998199006],[-114.021661212375,51.041760603486],[-114.021524768655,51.041715221528],[-114.021365802255,51.041710641658],[-114.021298278847,51.041749152534],[-114.021259044824,51.041836716127],[-114.02098173635402,51.041898152661],[-114.020869184231,51.042009551165],[-114.020935945818,51.042057223489],[-114.021115955373,51.042065469754]],[[-114.021939869608,51.041913709669],[-114.021870167139,51.04195451097],[-114.021904859983,51.04224833853],[-114.021981757651,51.04232350796],[-114.02205796068,51.042337713569],[-114.022128390392,51.042290041165],[-114.022154643315,51.042060850035],[-114.022037844801,51.041942127574],[-114.021939869608,51.041913709669]],[[-114.01958832276101,51.040511592475],[-114.019692880347,51.040470316494],[-114.019714734684,51.040387509215],[-114.019732144203,51.040207052529],[-114.019676973283,51.040162102342],[-114.019588391312,51.0401804491],[-114.019504873205,51.04028823476901],[-114.019498314161,51.040421241762],[-114.019536779701,51.040488202607],[-114.01958832276101,51.040511592475]],[[-114.021948298846,51.041042142179],[-114.02191198395101,51.041077908377],[-114.021883609123,51.041205379198],[-114.021908951196,51.041332385073],[-114.021948142471,51.041347973118],[-114.022032393419,51.041259938736],[-114.022047681848,51.041177405558],[-114.022018694062,51.041082032591],[-114.021948298846,51.041042142179]]],[[[-114.03555181950571,51.039939904488335],[-114.035501535697,51.039983609875],[-114.03539983401501,51.04002906858],[-114.035433284117,51.039989133208],[-114.03543615432912,51.03990862748774],[-114.03555181950571,51.039939904488335]]]]}},{"type":"Feature","id":"flood-regulatory-558bd801838c","properties":{"id":"flood-regulatory-558bd801838c","zone":"Flood Fringe","sourceCode":"100","layerType":"current-municipal-regulatory-designation","sourceDatasetId":"tp6q-x2v7"},"geometry":{"type":"Polygon","coordinates":[[[-114.03600886447902,51.046736748071],[-114.035403905929,51.046711242929],[-114.031896154886,51.046315782319],[-114.030990187895,51.046164327927],[-114.030150984958,51.045939540743],[-114.028792942264,51.045814257077],[-114.028256887404,51.045631991639],[-114.027556932915,51.045221994142],[-114.027230524891,51.044975954238],[-114.025784598038,51.044256594673],[-114.024717937778,51.043883150636],[-114.024082249663,51.043774132685],[-114.024035080563,51.043735170995],[-114.024450722227,51.043586871024004],[-114.024952268864,51.043499111513],[-114.02565486137702,51.043413998316],[-114.026376221351,51.043390500398],[-114.027428482024,51.043442594635],[-114.027672996434,51.04348316520701],[-114.02836680832,51.043463980192],[-114.028919746745,51.043547324263],[-114.029841232432,51.043763088985],[-114.031572931369,51.044312842625],[-114.032669546033,51.04483512435],[-114.03642166404,51.046215789329],[-114.036518084983,51.046259745098],[-114.036640445823,51.046421429366],[-114.03660290798601,51.046783781207],[-114.036542639199,51.046824563098],[-114.03642584088,51.046830088686],[-114.03600886447902,51.046736748071]],[[-114.028642237673,51.044312667123],[-114.028785199423,51.044285463228],[-114.02884112999601,51.044238734287],[-114.028842641963,51.044195676684],[-114.028679526435,51.044103164812],[-114.02859391909702,51.044097677777],[-114.028438627649,51.044116935717],[-114.028270163662,51.044220478991],[-114.02837743224,51.04430200157],[-114.028642237673,51.044312667123]],[[-114.030881715434,51.045701156229],[-114.030827991168,51.045730467049005],[-114.030792320257,51.045807846578],[-114.030840153869,51.045830730812],[-114.030814720857,51.045858662324],[-114.030857443946,51.045901690291],[-114.030800100415,51.045927336939],[-114.030837005438,51.045979522487],[-114.030901014274,51.04587192546501],[-114.030980137953,51.045834829968],[-114.03099692077,51.045775766577],[-114.030881715434,51.045701156229]],[[-114.032370428273,51.045145513379],[-114.03226882571,51.045171630577],[-114.032220840725,51.045230708157],[-114.032228761694,51.045262302186],[-114.032249768981,51.045278325084],[-114.032499468115,51.045186246906],[-114.032370428273,51.045145513379]]]}},{"type":"Feature","id":"flood-regulatory-18488f2d8f5f","properties":{"id":"flood-regulatory-18488f2d8f5f","zone":"Flood Fringe","sourceCode":"100","layerType":"current-municipal-regulatory-designation","sourceDatasetId":"tp6q-x2v7"},"geometry":{"type":"Polygon","coordinates":[[[-114.064024854762,51.036180835128],[-114.064728445704,51.036197066914],[-114.065050247929,51.036188181673],[-114.064909090441,51.036283845442],[-114.064888475959,51.036579748122],[-114.064815456687,51.036549710745],[-114.064827048763,51.036291345277],[-114.064301168562,51.036280323993005],[-114.064289591515,51.036364130988],[-114.063972841667,51.036330021498],[-114.063889792131,51.03628390997],[-114.064024854762,51.036180835128]]]}},{"type":"Feature","id":"flood-regulatory-4fbcbf0bc2a1","properties":{"id":"flood-regulatory-4fbcbf0bc2a1","zone":"Normal River Channel","sourceCode":"500","layerType":"current-municipal-regulatory-designation","sourceDatasetId":"tp6q-x2v7"},"geometry":{"type":"Polygon","coordinates":[[[-114.011911305056,51.044635792092],[-114.011920222823,51.044310350245],[-114.01224168281,51.044472120536],[-114.01216841818102,51.04452791577501],[-114.012013408312,51.04482414441801],[-114.011845343792,51.045300039358],[-114.011864872846,51.045468736891],[-114.011782303101,51.045544156509],[-114.011020626149,51.045336861066],[-114.009203960691,51.044506692362],[-114.008703045765,51.044225076087],[-114.008157416895,51.043865382241],[-114.007314303009,51.043213339755],[-114.007143221217,51.042964321176],[-114.00656987219266,51.04190083623827],[-114.00665489540265,51.04159342193557],[-114.0072955905,51.042802705978],[-114.007511423664,51.043122708921],[-114.008383197287,51.043804271131],[-114.009272773058,51.044346898904],[-114.011031988943,51.045161814624],[-114.011477125016,51.045291802845],[-114.011642245864,51.045260714404],[-114.011728023309,51.045182535611],[-114.011911305056,51.044635792092]]]}},{"type":"Feature","id":"flood-regulatory-f82d2b2562e2","properties":{"id":"flood-regulatory-f82d2b2562e2","zone":"Floodway","sourceCode":"200","layerType":"current-municipal-regulatory-designation","sourceDatasetId":"tp6q-x2v7"},"geometry":{"type":"Polygon","coordinates":[[[-114.086958486212,51.050479095651],[-114.087409311539,51.050261409369],[-114.088204837216,51.049977634447],[-114.088675346933,51.049754959782],[-114.088882178086,51.049721269202],[-114.08868534154301,51.049829472545],[-114.088532204506,51.050121459907],[-114.088740894512,51.050028150999],[-114.089185968598,51.049899885726],[-114.089323876799,51.049888602589],[-114.089406702979,51.049923315124005],[-114.089247214473,51.049984295667],[-114.089113428717,51.050091210085],[-114.088755157534,51.05027405684601],[-114.088481342196,51.050315250407],[-114.087654360389,51.050638794366],[-114.087628723983,51.050627635763],[-114.087790108978,51.050525670052],[-114.086931476544,51.050787132524],[-114.086799475459,51.050798408449],[-114.086781656514,51.050753709481],[-114.086826773971,51.050644379785],[-114.086814873795,51.050603402665],[-114.086958486212,51.050479095651]]]}},{"type":"Feature","id":"flood-regulatory-cefe6a10f2db","properties":{"id":"flood-regulatory-cefe6a10f2db","zone":"Flood Fringe","sourceCode":"100","layerType":"current-municipal-regulatory-designation","sourceDatasetId":"tp6q-x2v7"},"geometry":{"type":"Polygon","coordinates":[[[-114.055506584648,51.05167131982],[-114.056065661502,51.051766600261],[-114.056852230992,51.051848920384],[-114.057107452664,51.051976513859],[-114.057162214178,51.052046612322],[-114.057362795496,51.052094828422],[-114.057591114265,51.052102767345],[-114.058276564277,51.052260475917],[-114.059025463567,51.052561799705],[-114.060798371174,51.053117172245],[-114.061237502925,51.053300336012],[-114.061937269059,51.05345049658501],[-114.062622373141,51.053687693002],[-114.062906395134,51.053882167934],[-114.063061403529,51.054028495482],[-114.06482325681101,51.055817868271],[-114.065136898003,51.056092928481],[-114.066252708316,51.056778411789],[-114.067177821958,51.057167234645],[-114.067661596202,51.057266903266],[-114.068535059182,51.057345467934],[-114.06968626536,51.057401162692],[-114.071068076285,51.05742054231],[-114.072461341912,51.057374470449],[-114.073339180463,51.057242930239],[-114.073309135622,51.057268487967],[-114.07402413289,51.057197940956],[-114.074798883691,51.056961289726],[-114.075455059842,51.056665611558],[-114.076368529104,51.056147618777004],[-114.077624489415,51.055323666833],[-114.078137472604,51.055109946879],[-114.079319665053,51.054542295793],[-114.079967901475,51.05411219313301],[-114.080451386112,51.054010190318],[-114.08028479557301,51.054236077192],[-114.080947759348,51.053929125322],[-114.080968343992,51.053948541447],[-114.08094130243302,51.054119854806],[-114.080991440408,51.054178901417],[-114.08098585434401,51.054330737167],[-114.080753184568,51.05466156161],[-114.080788212554,51.054850488722],[-114.080893307156,51.05494019097],[-114.080897224549,51.054981446574],[-114.080743089938,51.055062514557],[-114.080562641202,51.054954697712],[-114.080481212241,51.054961307312],[-114.08038630415601,51.055005908588],[-114.080435239651,51.055049142441],[-114.080409420701,51.055086177171],[-114.080229137709,51.055167159976],[-114.079847840201,51.055159965893],[-114.079561052331,51.055282761434],[-114.078992197151,51.0556328338],[-114.079012779844,51.05574836653],[-114.079067391105,51.055805357675],[-114.079082593272,51.055879631225],[-114.079164055659,51.055869814148],[-114.079117392063,51.055816973617],[-114.079182474494,51.055775946323],[-114.079397846279,51.055880646407],[-114.079596565743,51.055841424863004],[-114.079732798753,51.055735109509],[-114.079850605189,51.055722660139],[-114.079998504524,51.056160665703],[-114.080103914298,51.056220557623],[-114.080211354106,51.056225940704],[-114.080275691083,51.056186290541],[-114.080307613159,51.056121340381],[-114.080301829062,51.0557089932],[-114.080456548706,51.055572038127],[-114.080591506612,51.055517490837],[-114.08058495241,51.055382759255],[-114.080634979718,51.055323353957],[-114.081110019733,51.055052247767],[-114.081378014481,51.05498758813],[-114.081411365898,51.054993195167],[-114.081422036311,51.055081669044],[-114.081979490975,51.055450483553],[-114.08208516078501,51.055484269169],[-114.08235259436,51.055401742428],[-114.082150014894,51.055598099964],[-114.082390091025,51.055559926957],[-114.082369168879,51.055613921364],[-114.08216605361201,51.0557264304],[-114.082350931766,51.055821852906],[-114.082458636918,51.055801123099],[-114.082543932174,51.055837586323],[-114.082619418094,51.055774608563],[-114.083073326101,51.055837443215],[-114.083371598447,51.055985896511],[-114.083773307972,51.055839673818],[-114.083996657447,51.055669517065],[-114.084011871746,51.055738279272],[-114.08410750471,51.0557090946],[-114.084116256066,51.055754187021],[-114.08400617667,51.055859195072],[-114.084047122677,51.05589917797201],[-114.084010956526,51.055952199257],[-114.084198871124,51.056030664744],[-114.084265540363,51.056107827587],[-114.084252305965,51.056384430950004],[-114.084139726588,51.056650168063],[-114.084095811878,51.05668208798801],[-114.08402788545101,51.056653021842],[-114.083898224184,51.056691542422],[-114.083859228427,51.056738132641],[-114.083895199974,51.056768012919],[-114.083837598026,51.056790272331],[-114.083672387534,51.056760443267],[-114.08370572153,51.056897935991],[-114.083683012739,51.056916182496],[-114.083626813427,51.056877080593],[-114.083533951794,51.056870377736],[-114.08321309523,51.057063083605],[-114.082971619178,51.057101709669],[-114.082844741187,51.057084826179],[-114.082531639607,51.056899285973],[-114.082387351363,51.056880054477],[-114.081991475146,51.057093139187],[-114.08192215017101,51.057191839136],[-114.081786070686,51.057218889192],[-114.081637853728,51.05729398501],[-114.081063371274,51.057708894298],[-114.080945328341,51.057679220145],[-114.080874773631,51.057554446789],[-114.08092895397,51.057445171665],[-114.081705405655,51.056955764481],[-114.081820597182,51.05684620984],[-114.081536459106,51.056663024464],[-114.081344016395,51.05666287357],[-114.081204894614,51.056566245448],[-114.080997360682,51.056482679895],[-114.080899176854,51.056495651729],[-114.080567529488,51.056675986167],[-114.080208334441,51.056920351635],[-114.08011658238,51.05701166377],[-114.080104984403,51.057078037397],[-114.080240654374,51.05715952961],[-114.080366458278,51.057143897267],[-114.080421284976,51.057178418723],[-114.080390720221,51.057320751439],[-114.08047570709,51.057523431715],[-114.080601992392,51.057666241617],[-114.080580713873,51.057686780705],[-114.080498332967,51.057648973687],[-114.080560155068,51.057776007907],[-114.080532107484,51.057818505433],[-114.080603420736,51.05780453301],[-114.080885684932,51.057891953587],[-114.081065680347,51.05789984053],[-114.08128684238,51.057792927787],[-114.081597918141,51.057697741004006],[-114.081782805605,51.057722585222],[-114.082078507706,51.057906194252006],[-114.08219218172,51.05806908082],[-114.082045310697,51.058222454133],[-114.081905849804,51.058295273329],[-114.081884937211,51.058349229861],[-114.081957340631,51.058434602975],[-114.081336201019,51.05840201401601],[-114.081048445495,51.058559066414],[-114.079968444502,51.058819069995],[-114.0796341799,51.058736156834],[-114.079568183999,51.058744947868],[-114.079461197961,51.058802182634],[-114.07924095232,51.059012490059],[-114.078416816466,51.059343391697],[-114.07825839937,51.059524411324],[-114.078024566922,51.059988318989],[-114.077929082202,51.06006574903801],[-114.077909135186,51.06013727189],[-114.077737426236,51.060363224823],[-114.077649200627,51.060440203021],[-114.077559039444,51.060466278201005],[-114.077514431713,51.060532281477],[-114.07736486335,51.060529425645],[-114.077214711881,51.060648551386],[-114.076850110437,51.060662056873],[-114.076769751787,51.060609721242],[-114.076692040529,51.060611501873005],[-114.07667155404901,51.0606435888],[-114.076497076633,51.060682448762],[-114.076401603062,51.060753466084],[-114.076214651983,51.060818000296],[-114.076043946976,51.060824762059],[-114.076048923291,51.060847696965],[-114.075644083837,51.060909332394],[-114.075187257641,51.060900304793],[-114.075183246329,51.060980563904],[-114.075362588461,51.060994903871],[-114.075164401458,51.06112593782701],[-114.074912879954,51.061167045616],[-114.073647951277,51.061199674786],[-114.072992704984,51.061173999444],[-114.072788793951,51.06111651964001],[-114.07240738665,51.060942396609],[-114.071394784332,51.060373243557],[-114.071377132025,51.060261743273],[-114.07143502126601,51.060159934498],[-114.071402474644,51.060125499519],[-114.071043977953,51.060006385835],[-114.070350078666,51.059632787676],[-114.070212323579,51.059396816856],[-114.070041897544,51.059308567313],[-114.069973340943,51.059198834999],[-114.06986095227,51.05913541058301],[-114.069904817828,51.059081758028],[-114.069878061657,51.059050988756],[-114.068739289515,51.058621790296],[-114.068627634075,51.05855146645],[-114.06859665842,51.058488101761],[-114.06859845145,51.058255405576],[-114.068606348877,51.058118638631],[-114.06864668455502,51.058043863682],[-114.068814404007,51.057939378305],[-114.069019319619,51.057967573292],[-114.069405555949,51.05793306502],[-114.069520965423,51.057816601215],[-114.069517582795,51.057761981723],[-114.069464771946,51.057704559854],[-114.069357327108,51.05766957276],[-114.069234430639,51.05767450006201],[-114.069155819219,51.057693240708],[-114.069047084853,51.057779880431],[-114.068930620579,51.057807304869],[-114.068843491786,51.057780139857],[-114.068834424732,51.057696136316],[-114.068751535131,51.05769559537401],[-114.068647434875,51.057721655709],[-114.068570761283,51.057792264575],[-114.068509984052,51.057725650471],[-114.068271017026,51.057666202864],[-114.068274109354,51.057626272342],[-114.068355844349,51.057562551325006],[-114.068330426876,51.057555181135],[-114.068154540527,51.057534808846],[-114.068175367666,51.057591747442],[-114.06815343288602,51.057617888838],[-114.068061040297,51.057626059484],[-114.067691261768,51.05754260423801],[-114.067419212868,51.057553806228],[-114.066690930841,51.057284510097],[-114.06615833794902,51.05715449065],[-114.065769923449,51.056983747934],[-114.06548258619,51.056818152387],[-114.06522232828601,51.05661354723101],[-114.064468886794,51.055891776341],[-114.06411501190101,51.055457390068],[-114.06400032229,51.055393876738],[-114.06384036305302,51.05520125612401],[-114.063535668283,51.054988239065],[-114.063888536394,51.055169166177],[-114.06411979930101,51.055363710988],[-114.06421730522501,51.055364287639],[-114.063944052428,51.055122390184],[-114.063800004677,51.054950906417005],[-114.063647657454,51.054844624022],[-114.063048272156,51.054287645617],[-114.062863072397,51.05403568981],[-114.062647540749,51.053891628398],[-114.06236114433,51.053803968162],[-114.062236679702,51.053802422643],[-114.062177392342,51.053711846806],[-114.061991371446,51.053637634785],[-114.060584326688,51.053586560292],[-114.06000916194701,51.053407040109],[-114.059109099559,51.053070808513],[-114.0590180048,51.053107801398],[-114.05903212029,51.053161023307],[-114.058957229859,51.053244162086],[-114.058906381989,51.053162553865],[-114.05863632973,51.053088300606],[-114.058548347451,51.052973109968],[-114.058298589069,51.05290570312],[-114.058161153715,51.052804334267],[-114.057909110637,51.052743954986],[-114.057428117268,51.052528926216],[-114.056523360409,51.052234373101],[-114.056536512609,51.052212403051],[-114.056715505256,51.052227635723],[-114.056741710241,51.05220521702],[-114.056993780837,51.052249802968],[-114.05681213598402,51.052182828069],[-114.056804339576,51.052145275494],[-114.056591637514,51.052052175024],[-114.056585985137,51.05202057529],[-114.055506584648,51.05167131982]]]}},{"type":"Feature","id":"flood-regulatory-3446873c551e","properties":{"id":"flood-regulatory-3446873c551e","zone":"Floodway","sourceCode":"200","layerType":"current-municipal-regulatory-designation","sourceDatasetId":"tp6q-x2v7"},"geometry":{"type":"Polygon","coordinates":[[[-114.084509097491,51.051278888624],[-114.08446529699,51.051189538145],[-114.084962101671,51.050875819627],[-114.085189372907,51.050769014483],[-114.085371425473,51.050701025407],[-114.08556126432,51.050734953162],[-114.085370704458,51.050921712912],[-114.084863026493,51.051247754286],[-114.084568723944,51.051275005087],[-114.084599838991,51.0512372482],[-114.084509097491,51.051278888624]]]}},{"type":"Feature","id":"flood-regulatory-ba4656141990","properties":{"id":"flood-regulatory-ba4656141990","zone":"Floodplain","sourceCode":"400","layerType":"current-municipal-regulatory-designation","sourceDatasetId":"tp6q-x2v7"},"geometry":{"type":"Polygon","coordinates":[[[-114.05318308776,51.049483907341],[-114.053540211545,51.049711255396],[-114.053998101648,51.049862719414],[-114.054591731115,51.049989653676],[-114.055322883853,51.050091658824],[-114.055955723143,51.05023198835],[-114.055938287908,51.050290375972],[-114.055884724095,51.050277184001],[-114.055851518777,51.050326003293],[-114.055827849806,51.05045599434],[-114.05588438436502,51.050517527163],[-114.056795584039,51.050675197435],[-114.056995969901,51.050651809314],[-114.05706989753,51.05072929163801],[-114.057176968561,51.050775476162],[-114.055941310426,51.050597285538],[-114.054628012966,51.050308625448],[-114.053931060151,51.050067304385],[-114.053284222173,51.049731717924],[-114.05318308776,51.049483907341]]]}},{"type":"Feature","id":"flood-regulatory-34ed0409c89c","properties":{"id":"flood-regulatory-34ed0409c89c","zone":"Floodway","sourceCode":"200","layerType":"current-municipal-regulatory-designation","sourceDatasetId":"tp6q-x2v7"},"geometry":{"type":"Polygon","coordinates":[[[-114.06771508373544,51.03424485530004],[-114.067711334004,51.034419559775],[-114.067610088688,51.034544827631],[-114.067592750498,51.034618578782],[-114.067176468124,51.035006320162],[-114.066998180208,51.035315550311],[-114.06680538183602,51.035375374184],[-114.065763946321,51.03599956031],[-114.065587104067,51.036063548025005],[-114.065488574097,51.036047162827],[-114.065305270795,51.036081594546],[-114.065463812331,51.036032010995],[-114.065619610617,51.036031108253],[-114.065883014853,51.035897287008],[-114.066143320925,51.035700484743],[-114.066599203159,51.035423043134],[-114.066842130585,51.035311516067],[-114.067277032462,51.03485333498901],[-114.067613100136,51.034431355464],[-114.067584138681,51.034340017473],[-114.06762327515031,51.03424485530004],[-114.06771508373544,51.03424485530004]]]}},{"type":"Feature","id":"flood-regulatory-24481d3401a1","properties":{"id":"flood-regulatory-24481d3401a1","zone":"Flood Fringe","sourceCode":"100","layerType":"current-municipal-regulatory-designation","sourceDatasetId":"tp6q-x2v7"},"geometry":{"type":"Polygon","coordinates":[[[-114.052876081653,51.030035869038],[-114.052917630893,51.030043192166005],[-114.052693269008,51.030003780866004],[-114.052876081653,51.030035869038]]]}},{"type":"Feature","id":"flood-regulatory-61115e0208e8","properties":{"id":"flood-regulatory-61115e0208e8","zone":"Flood Fringe","sourceCode":"100","layerType":"current-municipal-regulatory-designation","sourceDatasetId":"tp6q-x2v7"},"geometry":{"type":"Polygon","coordinates":[[[-114.043022017519,51.043816129108],[-114.043054618322,51.043900985595],[-114.04301855371101,51.044040960055],[-114.043042319539,51.044335795715],[-114.043164351622,51.044450054282],[-114.043147088763,51.044586169722],[-114.043231311969,51.044610902619],[-114.043238497132,51.044709670165],[-114.043447007674,51.044825855268],[-114.043563737337,51.04501642652801],[-114.04378901201,51.045224725255],[-114.043842027741,51.045375652882],[-114.04377341676502,51.045464164535],[-114.043760500332,51.045543982014],[-114.044049644006,51.045900465505],[-114.044406558915,51.046080417246],[-114.045062965524,51.046235579591],[-114.045732925663,51.046248439883],[-114.046505514452,51.046185534138],[-114.046927363022,51.046228168336],[-114.047192964522,51.046288675558],[-114.047314624971,51.046370242343],[-114.047531325276,51.046637370576],[-114.047542312703,51.046732680626],[-114.047459248077,51.046828955742],[-114.04755627168402,51.046883172025],[-114.047583118995,51.046937883385],[-114.047441467835,51.047046049664],[-114.047056779332,51.047194940256],[-114.046981784227,51.047313172786],[-114.04710747425402,51.047358017805],[-114.046847301758,51.047266390273],[-114.045843353603,51.046784473153],[-114.043302307395,51.046095152212],[-114.04269237244,51.045836070479005],[-114.04206655801,51.045508091263],[-114.041958588142,51.045409275379],[-114.041862363427,51.045243445721],[-114.041864724968,51.045151632733],[-114.041909904107,51.045069047643],[-114.042834060763,51.044074709653],[-114.043022017519,51.043816129108]]]}},{"type":"Feature","id":"flood-regulatory-e7c7c9c5743f","properties":{"id":"flood-regulatory-e7c7c9c5743f","zone":"Overland Flow","sourceCode":"300","layerType":"current-municipal-regulatory-designation","sourceDatasetId":"tp6q-x2v7"},"geometry":{"type":"Polygon","coordinates":[[[-114.055488344133,51.046711971167],[-114.055402108258,51.046622637969],[-114.055245843955,51.046628665833],[-114.055245853547,51.047091108359005],[-114.054714091259,51.047094178574],[-114.054713989295,51.047029418403],[-114.054604845276,51.04709561498],[-114.054447099491,51.047080207355],[-114.05439628880701,51.046973976896],[-114.054467092263,51.046910996931],[-114.054560382415,51.046885399212],[-114.054718854199,51.04690263126],[-114.054732284307,51.046701957102],[-114.05460852658,51.046675126704],[-114.054492601732,51.046568480793],[-114.054423924845,51.046603184386],[-114.054394348655,51.046659297671],[-114.054075286391,51.046655391353],[-114.054067579352,51.046352573128],[-114.053959039018,51.04634123959],[-114.053891652688,51.046275152104],[-114.05373024919402,51.046231470693],[-114.054004344913,51.046165628532],[-114.053663559758,51.046148509028],[-114.053719945575,51.046119286275],[-114.053897929753,51.046124649416],[-114.053745927862,51.046078681197],[-114.053687960223,51.046021253563005],[-114.053690026525,51.04595329923],[-114.053752131413,51.045880292041],[-114.053404710072,51.045780172636],[-114.053361301196,51.045780198755],[-114.053338220901,51.045825819595],[-114.053283942038,51.045814450766],[-114.053275220694,51.045788916711004],[-114.053320763408,51.045765630516],[-114.053458936867,51.045758704638],[-114.053260632686,51.045711395908],[-114.05326623671601,51.045592816985],[-114.053150786075,51.045790818056],[-114.053055630836,51.045543235514],[-114.053013329257,51.045792269397],[-114.052928807831,51.045873956046],[-114.052737894209,51.04592879880201],[-114.052011443393,51.04587405502801],[-114.051389262823,51.0458794445],[-114.051168494409,51.045807062542],[-114.050919387141,51.045651239032],[-114.05084268531,51.045641250669],[-114.050817266635,51.045576049305],[-114.050710326359,51.04566549954],[-114.050621304899,51.045642749158],[-114.050577203532,51.045662842322],[-114.050550968638,51.04602268747501],[-114.050442487223,51.046049658589],[-114.049896919405,51.04600528482101],[-114.049889274686,51.045725725398],[-114.049602793871,51.045735014159],[-114.049498738637,51.045820357346],[-114.049365665593,51.045852814419],[-114.049347013006,51.045960911236],[-114.048614114189,51.045948563524],[-114.04859512661402,51.045825438162005],[-114.048439413077,51.04570968898],[-114.048302033706,51.045764949981006],[-114.048065176231,51.04556761153],[-114.047837483905,51.045542501329],[-114.047711378321,51.045491619747],[-114.047658656966,51.045400915976],[-114.047639448491,51.045054174526],[-114.047509223986,51.044930263605],[-114.047303263131,51.044823003432],[-114.046821323409,51.044723123774],[-114.045706969109,51.044658814513],[-114.044733817616,51.0445056194],[-114.044634568993,51.044537391105],[-114.044779431118,51.044747870764],[-114.044790953198,51.044970635539],[-114.044687362673,51.045131370267],[-114.04457569965,51.045152253804],[-114.044442015935,51.045063768427],[-114.04434341726301,51.044886032104],[-114.044333012772,51.044673979025],[-114.044301805882,51.044616747829],[-114.044324637237,51.04459149779801],[-114.044300243455,51.044563482451004],[-114.044314834999,51.044484393331],[-114.04428380926,51.044444998591004],[-114.044020464877,51.044420182125],[-114.043718470014,51.044437295063005],[-114.043575111309,51.04451441579],[-114.043415452342,51.044692293937],[-114.043147088763,51.044586169722],[-114.043164351622,51.044450054282],[-114.043042319539,51.044335795715],[-114.04301855371101,51.044040960055],[-114.043054618322,51.043900985595],[-114.043003616824,51.04376622487101],[-114.043079356616,51.043649717879006],[-114.043248276554,51.043574252294],[-114.043825581541,51.043727625077],[-114.04374164474702,51.043627094646],[-114.043472769218,51.043448141009],[-114.043440780789,51.043376613485],[-114.043464242463,51.043267715689],[-114.043715867937,51.043189302367],[-114.044027758593,51.043182965296],[-114.044183690016,51.043101498998],[-114.044254733184,51.043024341982],[-114.044326486136,51.042869342524],[-114.044510818968,51.042695462204],[-114.044555513546,51.042565553366],[-114.044615172864,51.042544678014],[-114.044562257636,51.042462081618],[-114.044700254716,51.042519303436],[-114.044769942717,51.042591419402],[-114.044866181869,51.042615078545],[-114.044877406286,51.042577106082],[-114.04468791436102,51.042440957202],[-114.044729042467,51.042384302529],[-114.044701386208,51.042315521842],[-114.044494891485,51.04221411639],[-114.044564470475,51.042139230538],[-114.045228831124,51.041738768382],[-114.045177509062,51.04164059152101],[-114.045314069884,51.041538429609005],[-114.045634679584,51.041375930408],[-114.045878112306,51.041325401771],[-114.046165467587,51.041152255921],[-114.04642968224,51.041129274171],[-114.047433303192,51.041146190799],[-114.047522995245,51.0410942557],[-114.047443663776,51.040968497204],[-114.047949013381,51.040908712374],[-114.047469940348,51.040872842897],[-114.047279072666,51.040807650258],[-114.046912423755,51.040770300898],[-114.046808959846,51.040742946149],[-114.046796235793,51.040707174777],[-114.047106721374,51.040622952828],[-114.047370676239,51.040473071679],[-114.047449204163,51.040374366636],[-114.047457974338,51.040211759345],[-114.047534299161,51.04003836477201],[-114.047802307843,51.03984449507801],[-114.048239824513,51.039443136409],[-114.048386163008,51.03938540762001],[-114.048496322661,51.039395378333],[-114.048597256302,51.039460763749],[-114.048562222605,51.039560997751],[-114.048622997361,51.039577225936],[-114.04946058739,51.039595450877],[-114.049467779178,51.039525370998],[-114.049590366342,51.039524841693],[-114.049601724066,51.039474476339],[-114.049498803839,51.039466361783],[-114.049507789528,51.039436607325],[-114.049636900463,51.039436557057],[-114.049689054508,51.039367533232],[-114.049774995262,51.039330689962],[-114.049796665702,51.039263859078],[-114.050064190667,51.039277075677],[-114.050077579411,51.039394418438],[-114.050136714365,51.039278220446],[-114.050316037612,51.039260915441],[-114.050828499901,51.039372956696],[-114.05084691715902,51.039494436957],[-114.050986595201,51.03952649106],[-114.051054666253,51.039613300451],[-114.05116749063,51.039571502751],[-114.051244735082,51.039609315721],[-114.05125531243601,51.039565363831],[-114.051420062134,51.039554427361],[-114.051703315319,51.039664819586],[-114.051869300418,51.039675878036],[-114.051976908379,51.03972340664],[-114.05213657040902,51.039713369498],[-114.05229146126,51.039746383448],[-114.052462680016,51.039815642795],[-114.052479194407,51.03990732445],[-114.052524738267,51.039922585652],[-114.052948854646,51.039939488273],[-114.053008021142,51.039896607357],[-114.053048504081,51.039761579254],[-114.053020200004,51.039540655711],[-114.05296264682,51.039492366438],[-114.05271051721202,51.039464544797],[-114.052707430047,51.039336276055],[-114.05358963713,51.039383444992],[-114.053746433245,51.039295962133],[-114.053801629647,51.039140804348],[-114.053797000059,51.038726092561],[-114.053867004763,51.03758101863901],[-114.053912532184,51.037450987055],[-114.054151058164,51.037243175907],[-114.054261205495,51.037181180979],[-114.055067696336,51.036977430541],[-114.05538877896001,51.036858791264],[-114.057020138837,51.036145054196],[-114.058056973379,51.035767744762],[-114.058181041109,51.035685737916],[-114.058844767274,51.035413592485],[-114.059176269904,51.03532815464101],[-114.059334181105,51.03536355352],[-114.060008893364,51.035754147109],[-114.06085566095301,51.036119638737006],[-114.061437000313,51.036277039025],[-114.06217249033,51.036319176079],[-114.0621319994,51.036429362467],[-114.062222353238,51.036502045046],[-114.062197512439,51.036706285537],[-114.06217117862101,51.036733679619],[-114.062049205644,51.03668136208601],[-114.061919202845,51.036880521555],[-114.062088643364,51.036895555112],[-114.062168061018,51.03694302010701],[-114.062191716539,51.037069532804],[-114.06232676303802,51.037235826],[-114.062354599385,51.037412038933],[-114.062640681077,51.037417399362],[-114.062653632756,51.037269965086],[-114.06275395931901,51.037241922585],[-114.062770087749,51.037130674809],[-114.063181855195,51.037123858952],[-114.063395173069,51.037154876725],[-114.063388823949,51.037305435037],[-114.063414690743,51.037355061482],[-114.063643863466,51.037466037578],[-114.063695445147,51.037424802282],[-114.063742165197,51.037455686252],[-114.064075323238,51.037449961895],[-114.064593548667,51.037498051349],[-114.064384138129,51.037506174065],[-114.06439274364,51.037658829583],[-114.064597790083,51.037685380014],[-114.064618621566,51.037724237459],[-114.064729104063,51.037768733993],[-114.064608164369,51.037786758826],[-114.06481910662,51.037934368705],[-114.064788797346,51.038002949395],[-114.064682842412,51.03801043990501],[-114.064675928348,51.038230584594],[-114.065227633086,51.038256797733],[-114.065213576071,51.038289715233],[-114.06515912594202,51.038296390821],[-114.064672915891,51.038282079516],[-114.064658164211,51.038471838701],[-114.064800002855,51.038484218132],[-114.064823117774,51.038543575381],[-114.064871188807,51.038557265259],[-114.064627151402,51.038616273391],[-114.064819475123,51.038670621358],[-114.064839528149,51.038700907469],[-114.064776079826,51.038753336675],[-114.064793058504,51.038790667061],[-114.065143364076,51.038790333891],[-114.065196077902,51.038817071458],[-114.06517068608,51.038881300255],[-114.065589110687,51.039076636251],[-114.06648007716102,51.039191915346],[-114.066728315304,51.03924862861],[-114.066864768831,51.039317764451],[-114.067138542338,51.039521940754],[-114.067194305959,51.039613212126],[-114.067193868335,51.039746386418],[-114.06713196265,51.039943861896],[-114.067181420553,51.040175576429],[-114.067457462308,51.040276836096],[-114.06753420263001,51.040376763993],[-114.067597729168,51.040408098767],[-114.06792879764,51.040520436798],[-114.067951382175,51.040590057303],[-114.067910091436,51.040668145513],[-114.067569956296,51.041010968627],[-114.067256096113,51.041088546826],[-114.067002510553,51.041071647929],[-114.066756541911,51.041095943211],[-114.066593624852,51.041157123232],[-114.06657667834301,51.041188624844],[-114.066651183531,51.041291344993],[-114.066866498725,51.041373514982],[-114.067384554519,51.04140323149],[-114.067464507345,51.041461597996],[-114.067427405938,51.041559342368],[-114.067297461901,51.041663619126005],[-114.06705908468501,51.04173412602],[-114.066971900748,51.041800337792],[-114.067121735135,51.041864680397],[-114.067472640143,51.041939076997],[-114.06786089173602,51.042133863917],[-114.06797500291,51.042098596487],[-114.06804662797002,51.041950232213],[-114.068164248818,51.041928236803],[-114.068221011442,51.041984681717],[-114.068262227134,51.042321824082],[-114.068316195685,51.04244729109],[-114.068865331481,51.042557108394],[-114.068855079942,51.042649423758],[-114.068521356918,51.042848038673],[-114.067743665747,51.042933547519],[-114.067579648001,51.042996434885],[-114.06748793694,51.043333986868],[-114.067446999153,51.043374522747],[-114.06734097615801,51.043399289475],[-114.067261318892,51.043475338170005],[-114.067127629521,51.04351508943301],[-114.066396720306,51.043565084433],[-114.065822922685,51.043547986881],[-114.065739658379,51.043572137923],[-114.06569786827902,51.043766458382],[-114.065590920644,51.043816351251],[-114.065198153436,51.043817254227],[-114.064622926077,51.043713317028],[-114.064346113162,51.04379962738],[-114.064015653123,51.043802117408],[-114.063186673209,51.0438887567],[-114.062538230021,51.043875035627],[-114.06191772137102,51.043810684849],[-114.06078015524601,51.043793389681],[-114.060278261051,51.043755956541],[-114.060080736273,51.043810549526],[-114.05988125780301,51.04393185240901],[-114.05976438592701,51.043958853566],[-114.059582368946,51.043976482773],[-114.059085628934,51.043929012037],[-114.058813671926,51.043958200431],[-114.058708051314,51.04403185069601],[-114.058664467136,51.044237280832],[-114.058432684633,51.04471575599],[-114.058278237472,51.045121235933],[-114.058277861349,51.045503401362],[-114.058322278905,51.045818511585],[-114.058248898956,51.04627321466],[-114.058256326301,51.046484816651],[-114.058206600718,51.046697807257],[-114.058180544295,51.0466855034],[-114.057999341045,51.047013181942006],[-114.057897353026,51.046586833393],[-114.057864023352,51.046557210755005],[-114.057849205364,51.046785706487],[-114.057776864297,51.046790770226],[-114.057770411687,51.04682680245801],[-114.05780153683,51.046835903556],[-114.057776764734,51.047171578855],[-114.05627178241,51.047100491457],[-114.056246023821,51.046828697556],[-114.056114935925,51.046743954142],[-114.055655504796,51.04673375651301],[-114.05564231167901,51.046626590818],[-114.055488344133,51.046711971167]]]}},{"type":"Feature","id":"flood-regulatory-ab5b3865fb4a","properties":{"id":"flood-regulatory-ab5b3865fb4a","zone":"Flood Fringe","sourceCode":"100","layerType":"current-municipal-regulatory-designation","sourceDatasetId":"tp6q-x2v7"},"geometry":{"type":"Polygon","coordinates":[[[-114.048859448078,51.03681020104],[-114.048652654377,51.037198288328],[-114.048455805962,51.03745573932],[-114.047550850031,51.03849787313],[-114.04715321025601,51.039055694956],[-114.046711935234,51.039551003776],[-114.046488110141,51.039752354453],[-114.044934284797,51.040726858526],[-114.045046554622,51.04057380544],[-114.04498725398,51.040554376282],[-114.045008010935,51.04050542365],[-114.04568640482,51.040008670549],[-114.04579835164301,51.039666768453],[-114.045899205197,51.03958507237],[-114.04592741360202,51.03943624510401],[-114.046198058912,51.039191958165],[-114.046241639749,51.039028504717],[-114.046309057649,51.03903330192],[-114.046286450184,51.039124879492],[-114.046311355613,51.039177197118],[-114.04638913869401,51.039080756678],[-114.04636682870002,51.038983078495],[-114.04640389805,51.038896586054],[-114.04665313975,51.03861554298],[-114.04667115549101,51.038550065285],[-114.046635682996,51.038463792293],[-114.046795469027,51.038364849338],[-114.046846203177,51.038291681268],[-114.04694675994502,51.038321792519],[-114.046881529669,51.038237254881],[-114.046799471645,51.038246159746],[-114.047022990703,51.037846743802],[-114.047242267754,51.037592592606],[-114.047651689624,51.037254230388],[-114.048071801706,51.037093292929],[-114.048255554615,51.037148888899],[-114.048380450795,51.036982421791],[-114.04842391059802,51.036989894947],[-114.048429376996,51.036948654022],[-114.048664221788,51.03689439055601],[-114.048724219462,51.036840486415],[-114.04880901816702,51.036849466848004],[-114.048859448078,51.03681020104]]]}},{"type":"Feature","id":"flood-regulatory-331304afa602","properties":{"id":"flood-regulatory-331304afa602","zone":"Floodway","sourceCode":"200","layerType":"current-municipal-regulatory-designation","sourceDatasetId":"tp6q-x2v7"},"geometry":{"type":"Polygon","coordinates":[[[-114.064763311286,51.035922256184],[-114.064912176601,51.035971063442],[-114.064734244766,51.036020269528],[-114.064576644881,51.035976457979],[-114.064763311286,51.035922256184]]]}},{"type":"Feature","id":"flood-regulatory-a8fd6eef8e97","properties":{"id":"flood-regulatory-a8fd6eef8e97","zone":"Flood Fringe","sourceCode":"100","layerType":"current-municipal-regulatory-designation","sourceDatasetId":"tp6q-x2v7"},"geometry":{"type":"Polygon","coordinates":[[[-114.047517411631,51.040060302112],[-114.047457974338,51.040211759345],[-114.047449204163,51.040374366636],[-114.047401394237,51.040445681869],[-114.047106721374,51.040622952828],[-114.04683930731001,51.040677076954],[-114.04679461584202,51.040725492919],[-114.047059405786,51.04079733508701],[-114.047279072666,51.040807650258],[-114.047469940348,51.040872842897],[-114.047949013381,51.040908712374],[-114.047443663776,51.040968497204],[-114.047522995245,51.0410942557],[-114.047433303192,51.041146190799],[-114.046280232741,51.041133839102],[-114.04613053723801,51.041164970417],[-114.045878112306,51.041325401771],[-114.04567931957702,51.041364658716],[-114.046869490193,51.040629072229],[-114.047222298928,51.040361737153],[-114.047517411631,51.040060302112]]]}},{"type":"Feature","id":"flood-regulatory-f90678e76411","properties":{"id":"flood-regulatory-f90678e76411","zone":"Flood Fringe","sourceCode":"100","layerType":"current-municipal-regulatory-designation","sourceDatasetId":"tp6q-x2v7"},"geometry":{"type":"MultiPolygon","coordinates":[[[[-114.062881726677,51.035531018741],[-114.062940504127,51.035530761459],[-114.063004296044,51.035537863148],[-114.063076152808,51.03553491171],[-114.063203865225,51.035533532907],[-114.063277141342,51.035534251991],[-114.063339524894,51.035536307416],[-114.063659773044,51.035503532092],[-114.063764235014,51.035506194544],[-114.063808568667,51.035497185993],[-114.063930617215,51.035478828752],[-114.064009000279,51.035476357717],[-114.064080226566,51.035461944977],[-114.064257405415,51.03544561580501],[-114.064309741523,51.03543434354],[-114.064367885615,51.035422633847],[-114.064639576684,51.035384182172],[-114.064804568822,51.035350392728],[-114.064935245252,51.035342147614],[-114.065181547621,51.035389770344],[-114.065213366833,51.035488422276],[-114.065262363597,51.035528927904],[-114.065513693518,51.035495902788],[-114.065542185763,51.035387380546],[-114.065530744572,51.035367631989],[-114.065519369396,51.035340091979],[-114.065489734702,51.035240984022],[-114.065462279494,51.035141421751],[-114.065453386998,51.035077675926],[-114.065458101857,51.035035063672],[-114.065474601575,51.034971863683],[-114.065534461798,51.034844179286],[-114.065565274009,51.034804864213],[-114.065543692798,51.03479106177],[-114.065565848661,51.034804914233],[-114.065475181932,51.0349719146],[-114.06545396878401,51.03507772774],[-114.065542773255,51.035387431458005],[-114.065514282437,51.035495953699],[-114.06525846229601,51.035545924303],[-114.064368495944,51.035422703631006],[-114.064258018599,51.035445687386],[-114.064009619171,51.035476432892],[-114.06393123753402,51.035478905724],[-114.063764858189,51.035506274213],[-114.063475878385,51.035531374479],[-114.063340158058,51.03553639337401],[-114.063004934919,51.035537955398006],[-114.062881726677,51.035531018741]]],[[[-114.062819310972,51.035523089187],[-114.062819168352,51.0355230578],[-114.062881726677,51.035531018741],[-114.062819310972,51.035523089187]]]]}},{"type":"Feature","id":"flood-regulatory-5e1571d4b8bd","properties":{"id":"flood-regulatory-5e1571d4b8bd","zone":"Flood Fringe","sourceCode":"100","layerType":"current-municipal-regulatory-designation","sourceDatasetId":"tp6q-x2v7"},"geometry":{"type":"Polygon","coordinates":[[[-114.061029662459,51.031820020811004],[-114.060000639271,51.031834466192],[-114.05992269568702,51.031808306443],[-114.059878460951,51.030658315613],[-114.059915011297,51.030595305661],[-114.05995062846401,51.030591411013],[-114.061045328281,51.030607183205],[-114.061029662459,51.031820020811004]]]}},{"type":"Feature","id":"flood-regulatory-d845d69bd2a6","properties":{"id":"flood-regulatory-d845d69bd2a6","zone":"Flood Fringe","sourceCode":"100","layerType":"current-municipal-regulatory-designation","sourceDatasetId":"tp6q-x2v7"},"geometry":{"type":"Polygon","coordinates":[[[-114.064983478738,51.033833072613],[-114.064984172587,51.03381845669],[-114.064984049111,51.033833130729],[-114.064975946577,51.033847318365],[-114.064904903486,51.033924565419],[-114.064845049901,51.034052290863],[-114.064819282567,51.034096220089],[-114.064828698251,51.034185208004],[-114.06509919174302,51.034467681912],[-114.065147348188,51.034522868325],[-114.065164524223,51.034551354459],[-114.06519113452102,51.034579873085],[-114.065247144133,51.034650213591],[-114.065260042944,51.034669514574],[-114.06528528978,51.03468748267],[-114.065314176098,51.034704088578],[-114.065343034157,51.034723902936],[-114.065370392168,51.034749672036],[-114.06540217998601,51.034766287986],[-114.065483321579,51.034781702222006],[-114.065523019329,51.034790063813],[-114.06540160248,51.034766235269],[-114.06536981323701,51.034749619321],[-114.065259464012,51.03466946006],[-114.06482811789,51.034185147196],[-114.064818703634,51.03409615928],[-114.064904328834,51.033924506405],[-114.064983478738,51.033833072613]]]}},{"type":"Feature","id":"flood-regulatory-4cae227d1a9c","properties":{"id":"flood-regulatory-4cae227d1a9c","zone":"Flood Fringe","sourceCode":"100","layerType":"current-municipal-regulatory-designation","sourceDatasetId":"tp6q-x2v7"},"geometry":{"type":"Polygon","coordinates":[[[-114.049304362019,51.035717655671],[-114.04896935025302,51.036542354999],[-114.048832757209,51.036717051457],[-114.048796734417,51.03669034628],[-114.04879597440701,51.036616990269],[-114.048941658066,51.03640151525],[-114.049068156209,51.036067216228],[-114.049133330837,51.035696475037],[-114.04919529290501,51.035742526822006],[-114.049304362019,51.035717655671]]]}},{"type":"Feature","id":"flood-regulatory-31b559bed145","properties":{"id":"flood-regulatory-31b559bed145","zone":"Flood Fringe","sourceCode":"100","layerType":"current-municipal-regulatory-designation","sourceDatasetId":"tp6q-x2v7"},"geometry":{"type":"Polygon","coordinates":[[[-114.062458013296,51.031831501237],[-114.061298517703,51.031839620704],[-114.061251061732,51.031812741948],[-114.061251981003,51.030616306657],[-114.06219662919501,51.03059907635512],[-114.06245285270163,51.03079014371337],[-114.062458013296,51.031831501237]]]}},{"type":"Feature","id":"flood-regulatory-96888945e202","properties":{"id":"flood-regulatory-96888945e202","zone":"Floodway","sourceCode":"200","layerType":"current-municipal-regulatory-designation","sourceDatasetId":"tp6q-x2v7"},"geometry":{"type":"Polygon","coordinates":[[[-114.026507698455,51.043029528274],[-114.026948828168,51.043067280475],[-114.026962690637,51.043077468941],[-114.026715589626,51.043099364449],[-114.026507698455,51.043029528274]]]}},{"type":"Feature","id":"flood-regulatory-58e3508f18c8","properties":{"id":"flood-regulatory-58e3508f18c8","zone":"Floodway","sourceCode":"200","layerType":"current-municipal-regulatory-designation","sourceDatasetId":"tp6q-x2v7"},"geometry":{"type":"Polygon","coordinates":[[[-114.010674520284,51.043716373281],[-114.010007284701,51.043267585635],[-114.00925312013702,51.042662108161],[-114.008691733434,51.042086331652],[-114.008583820724,51.041954402647],[-114.00846519229302,51.0417043177],[-114.008490343422,51.041383761596],[-114.008605935794,51.040766849403],[-114.00885880796001,51.04010176507],[-114.009318122123,51.039295937528],[-114.00942782447548,51.03923203992894],[-114.01020694708255,51.03900763345774],[-114.010188622144,51.039071182472],[-114.010075384698,51.039108424203],[-114.009964974197,51.039243437115],[-114.010108353991,51.039271620227],[-114.010269226898,51.039209716327],[-114.010300532196,51.039247461497],[-114.010292399485,51.039365972177],[-114.009765608367,51.039805687635],[-114.009503355175,51.040142418184],[-114.009372980417,51.040383310593],[-114.00934051847601,51.040500573558],[-114.009385654464,51.040780453792],[-114.00933488962201,51.04110025253801],[-114.009362365917,51.041261200821],[-114.00922823882901,51.041676365685],[-114.009174133925,51.042423241808],[-114.009651422631,51.042639334613],[-114.009693010548,51.042762813289],[-114.009777313939,51.042835265338],[-114.00991974491201,51.042842988105],[-114.010056767513,51.042905322911],[-114.010104739355,51.04299504532601],[-114.010007044689,51.04300077749701],[-114.010731641225,51.043592168572],[-114.011502417571,51.04410972147101],[-114.011920222823,51.044310350245],[-114.011926978637,51.044379391609],[-114.011333081055,51.04408820490401],[-114.010674520284,51.043716373281]]]}},{"type":"Feature","id":"flood-regulatory-4214eb8f7b9c","properties":{"id":"flood-regulatory-4214eb8f7b9c","zone":"Floodway","sourceCode":"200","layerType":"current-municipal-regulatory-designation","sourceDatasetId":"tp6q-x2v7"},"geometry":{"type":"Polygon","coordinates":[[[-114.028672998947,51.042764839351],[-114.027990859263,51.04272450055],[-114.027750335589,51.042657546612],[-114.027938209641,51.042619789909],[-114.028225998845,51.042629206732],[-114.028607117208,51.042713198671],[-114.028672998947,51.042764839351]]]}},{"type":"Feature","id":"flood-regulatory-1ec302a10d89","properties":{"id":"flood-regulatory-1ec302a10d89","zone":"Floodway","sourceCode":"200","layerType":"current-municipal-regulatory-designation","sourceDatasetId":"tp6q-x2v7"},"geometry":{"type":"Polygon","coordinates":[[[-114.013033302532,51.04468428524301],[-114.013108578056,51.044712675392],[-114.012963007205,51.044656977757],[-114.013033302532,51.04468428524301]]]}},{"type":"Feature","id":"flood-regulatory-cfa11656bcd4","properties":{"id":"flood-regulatory-cfa11656bcd4","zone":"Floodway","sourceCode":"200","layerType":"current-municipal-regulatory-designation","sourceDatasetId":"tp6q-x2v7"},"geometry":{"type":"Polygon","coordinates":[[[-114.012526982128,51.043171245159],[-114.012194365908,51.043090905807],[-114.012061307103,51.043012293588],[-114.01204743781,51.042968612993],[-114.01178687714,51.042860309647],[-114.011695396555,51.04278868053],[-114.012149928828,51.042743204531],[-114.012532415676,51.042765878511],[-114.01281791304801,51.042844474478],[-114.013025812533,51.04294404608],[-114.013097855686,51.042877641637],[-114.013230901924,51.042907330537],[-114.01356079134901,51.043141425899],[-114.013422203843,51.043120475137],[-114.013300229109,51.043038367845],[-114.013255884027,51.043041867194],[-114.013208790558,51.04312399376],[-114.013145048984,51.043148462916],[-114.012734837901,51.043108321517],[-114.01264615988,51.043160748496],[-114.012526982128,51.043171245159]]]}},{"type":"Feature","id":"flood-regulatory-61f06c287193","properties":{"id":"flood-regulatory-61f06c287193","zone":"Floodway","sourceCode":"200","layerType":"current-municipal-regulatory-designation","sourceDatasetId":"tp6q-x2v7"},"geometry":{"type":"Polygon","coordinates":[[[-114.01162607678101,51.042673368009005],[-114.011634372965,51.04259823456301],[-114.01188380084801,51.042535308282],[-114.012296769522,51.042537012269],[-114.012349438895,51.042575447728],[-114.01234391369101,51.042641843807],[-114.012302348461,51.042673298782006],[-114.011786840339,51.042715286329],[-114.011662119025,51.042713552135],[-114.01162607678101,51.042673368009005]]]}},{"type":"Feature","id":"flood-regulatory-2caf273fa3f7","properties":{"id":"flood-regulatory-2caf273fa3f7","zone":"Floodway","sourceCode":"200","layerType":"current-municipal-regulatory-designation","sourceDatasetId":"tp6q-x2v7"},"geometry":{"type":"Polygon","coordinates":[[[-114.030475079488,51.042830119011],[-114.031049148313,51.042987101312],[-114.031150309435,51.043033929797],[-114.030704317096,51.042966453089],[-114.030420629596,51.042861607161],[-114.030475079488,51.042830119011]]]}},{"type":"Feature","id":"flood-regulatory-d058d4ab8292","properties":{"id":"flood-regulatory-d058d4ab8292","zone":"Overland Flow","sourceCode":"300","layerType":"current-municipal-regulatory-designation","sourceDatasetId":"tp6q-x2v7"},"geometry":{"type":"Polygon","coordinates":[[[-114.076603408287,51.034249577909],[-114.076572228152,51.034390231307],[-114.076495597257,51.034504588866],[-114.076370554487,51.034814072678],[-114.076372557017,51.034903012359],[-114.076394618179,51.034945719929],[-114.076779541824,51.035054763262],[-114.076805255996,51.035094730975],[-114.076645367711,51.035119851717],[-114.076348039385,51.035031280644],[-114.076273243125,51.035036983136],[-114.07626748307,51.036181793649],[-114.076283165052,51.036209339689],[-114.076361207388,51.036168369189],[-114.076419770645,51.036188272869],[-114.07645918927,51.036307539243],[-114.076425122749,51.036376149703],[-114.076332735727,51.036401032572],[-114.076269087864,51.036382028446],[-114.076275656704,51.036449860794],[-114.07637038702,51.036479966725],[-114.07655653002502,51.036437995868],[-114.076807441056,51.036447560844],[-114.076894893041,51.036550945666],[-114.07688699949,51.036613684912],[-114.076820908915,51.03669225741],[-114.076802790038,51.036476867781],[-114.07647704867,51.03647804149401],[-114.076475836065,51.036526143729],[-114.076540706048,51.036567599735],[-114.076533949809,51.036661494878],[-114.076144246521,51.036675734776],[-114.076135287533,51.036557045384],[-114.076192772286,51.036539833908],[-114.076202725139,51.036488095918],[-114.076125095134,51.036488746125],[-114.07611528574502,51.036526281113],[-114.07594338240301,51.036523400255],[-114.075943766539,51.036412984331],[-114.075796581149,51.036404689749],[-114.075797263994,51.03749356159],[-114.076436224318,51.037500334549],[-114.076435632416,51.037891082319],[-114.071654879863,51.037888125803],[-114.071656266153,51.037725657783],[-114.07226325997101,51.037736006121],[-114.073099397957,51.037676617692],[-114.073148317069,51.03756778779],[-114.073322843046,51.037521676101],[-114.073405943725,51.037554022979],[-114.073417825735,51.037450556128],[-114.073303002579,51.037397946493],[-114.073322338823,51.037348547396],[-114.073480675402,51.037327108993],[-114.073517438019,51.037275936916],[-114.073599781375,51.037311947456],[-114.073703487266,51.037314137629],[-114.07371539496701,51.03728303279],[-114.073971956774,51.037305445736],[-114.073988305802,51.03711678826],[-114.073941957984,51.037108841889],[-114.073936739456,51.037048817057],[-114.07377495576,51.037051006713],[-114.073741503967,51.037134258493],[-114.073599866871,51.037078802828],[-114.073659460722,51.03699243315301],[-114.073639151154,51.036992362346],[-114.073791369654,51.036929672529],[-114.073801070823,51.03690176312901],[-114.073742514895,51.036880946575],[-114.073949115483,51.03682119064],[-114.074020019141,51.036766003547],[-114.07406193054,51.036708425534],[-114.074073938711,51.036444575135],[-114.07411746951401,51.036370043207],[-114.074198924374,51.036497695379],[-114.074258051458,51.03646032969801],[-114.074312964208,51.036482969634],[-114.07432993734902,51.03660168913],[-114.07437618325402,51.036620173194],[-114.074394197114,51.036337092563],[-114.07425932632901,51.03633021308],[-114.07428175928,51.036262020578],[-114.074261282915,51.036204674505],[-114.074446237744,51.036135206326],[-114.07445447424,51.036035342059],[-114.074627265339,51.03602310738],[-114.07466423565602,51.03595266617],[-114.074548409392,51.035852826249005],[-114.07454272412,51.035767110826],[-114.074463984341,51.035732010206],[-114.074510061374,51.035620805517],[-114.07467858314101,51.035601220766],[-114.074673013003,51.03543025098801],[-114.074638186772,51.035430131196],[-114.074637019719,51.035401252373],[-114.074712060056,51.035223214584],[-114.07471342081,51.035085249827],[-114.074811703103,51.034905438708],[-114.074678764908,51.03484676133001],[-114.074768504305,51.034797560586],[-114.074652028102,51.034761860335],[-114.074952336122,51.034699630758],[-114.074864973561,51.034654860263],[-114.074873486022,51.034527896162],[-114.074800903653,51.034529479887006],[-114.074628968738,51.034377129928],[-114.074611837556,51.034348185778],[-114.074657589749,51.03434467483],[-114.07467744558596,51.03424452407013],[-114.076603408287,51.034249577909]]]}},{"type":"Feature","id":"flood-regulatory-4768982c7d91","properties":{"id":"flood-regulatory-4768982c7d91","zone":"Floodway","sourceCode":"200","layerType":"current-municipal-regulatory-designation","sourceDatasetId":"tp6q-x2v7"},"geometry":{"type":"Polygon","coordinates":[[[-114.009400578826,51.041663511009],[-114.00957237888,51.041632781828],[-114.00986989473,51.041917277783],[-114.00992376390302,51.042011035284],[-114.01011361894102,51.042457198532],[-114.010090570854,51.042602694015],[-114.010018792431,51.042704545811],[-114.009944427202,51.04270778577],[-114.009780296954,51.042644751903],[-114.009495591231,51.042319840454],[-114.0093955511,51.042158189695],[-114.00935444379,51.04177344302201],[-114.009400578826,51.041663511009]]]}},{"type":"Feature","id":"flood-regulatory-33f3aef266dc","properties":{"id":"flood-regulatory-33f3aef266dc","zone":"Floodway","sourceCode":"200","layerType":"current-municipal-regulatory-designation","sourceDatasetId":"tp6q-x2v7"},"geometry":{"type":"Polygon","coordinates":[[[-114.016404757368,51.043802366016],[-114.015208758496,51.043337224479],[-114.015291720527,51.043329998492005],[-114.015554957586,51.043443585018],[-114.015889708654,51.043537321803],[-114.01648766449301,51.043634627476],[-114.01729445513702,51.043704847463005],[-114.017420355325,51.043766148645],[-114.01743753545,51.043802215596],[-114.01732311050401,51.04383289300001],[-114.016404757368,51.043802366016]]]}},{"type":"Feature","id":"flood-regulatory-ead30adc4746","properties":{"id":"flood-regulatory-ead30adc4746","zone":"Flood Fringe","sourceCode":"100","layerType":"current-municipal-regulatory-designation","sourceDatasetId":"tp6q-x2v7"},"geometry":{"type":"Polygon","coordinates":[[[-114.043722447098,51.043058513629],[-114.043933189221,51.042734842748],[-114.044240760927,51.042326424561],[-114.045177509062,51.04164059152101],[-114.045228831124,51.041738768382],[-114.044564470475,51.042139230538],[-114.044494891485,51.04221411639],[-114.044701386208,51.042315521842],[-114.044729042467,51.042384302529],[-114.04468791436102,51.042440957202],[-114.044877406286,51.042577106082],[-114.044866181869,51.042615078545],[-114.044769942717,51.042591419402],[-114.044700254716,51.042519303436],[-114.044562257636,51.042462081618],[-114.044615172864,51.042544678014],[-114.044555513546,51.042565553366],[-114.044510818968,51.042695462204],[-114.044326486136,51.042869342524],[-114.04423487904101,51.043054499275],[-114.04410338818101,51.043159852937],[-114.043702212504,51.043178789482],[-114.043764547085,51.043064411321],[-114.043722447098,51.043058513629]]]}},{"type":"Feature","id":"flood-regulatory-06a2d9a19905","properties":{"id":"flood-regulatory-06a2d9a19905","zone":"Flood Fringe","sourceCode":"100","layerType":"current-municipal-regulatory-designation","sourceDatasetId":"tp6q-x2v7"},"geometry":{"type":"Polygon","coordinates":[[[-114.051916854038,51.04928746587301],[-114.052083150756,51.049351100285],[-114.05221689348701,51.049392035565],[-114.052117811528,51.04936355898],[-114.051920039014,51.049292805255],[-114.0518752735,51.049282717982],[-114.051916854038,51.04928746587301]]]}},{"type":"Feature","id":"flood-regulatory-5dce44a3a5bd","properties":{"id":"flood-regulatory-5dce44a3a5bd","zone":"Floodplain","sourceCode":"400","layerType":"current-municipal-regulatory-designation","sourceDatasetId":"tp6q-x2v7"},"geometry":{"type":"Polygon","coordinates":[[[-114.058365704424,51.051048286815],[-114.058299349386,51.051033624428],[-114.058435467913,51.051062674172],[-114.058365704424,51.051048286815]]]}},{"type":"Feature","id":"flood-regulatory-aa8eeffb397c","properties":{"id":"flood-regulatory-aa8eeffb397c","zone":"Flood Fringe","sourceCode":"100","layerType":"current-municipal-regulatory-designation","sourceDatasetId":"tp6q-x2v7"},"geometry":{"type":"Polygon","coordinates":[[[-114.060431373022,51.03432168709],[-114.060504247108,51.034277943917],[-114.060561414326,51.03429923979301],[-114.060830207182,51.03463718132],[-114.060992766044,51.034788310477],[-114.06079657507,51.034663313144],[-114.060461229978,51.034312183865],[-114.060431373022,51.03432168709]]]}},{"type":"Feature","id":"flood-regulatory-9c2ec11d88d8","properties":{"id":"flood-regulatory-9c2ec11d88d8","zone":"Flood Fringe","sourceCode":"100","layerType":"current-municipal-regulatory-designation","sourceDatasetId":"tp6q-x2v7"},"geometry":{"type":"Polygon","coordinates":[[[-114.0619654847679,51.03043181189672],[-114.059240929457,51.030409457971],[-114.057403153729,51.03047137420101],[-114.057422343796,51.030393854198],[-114.057535247221,51.030328061975],[-114.057949844009,51.029931852056],[-114.057837116895,51.02996509898],[-114.058167905944,51.02979243485301],[-114.058390484606,51.029573840391],[-114.058629899301,51.029439238247],[-114.05875498923201,51.029422169499],[-114.058897568042,51.029354326643],[-114.05892369759,51.02940034013201],[-114.059150735441,51.029268860805],[-114.059256940131,51.029253043461],[-114.059396239383,51.029301624417],[-114.059433843507,51.029494411331],[-114.059589404952,51.029615982412],[-114.059749044536,51.02980083369601],[-114.059788284189,51.029797420893],[-114.059829354703,51.029678043766],[-114.059897764083,51.029619809933],[-114.0602729499285,51.02955481688466],[-114.06141548992868,51.030083501664116],[-114.0619654847679,51.03043181189672]]]}},{"type":"Feature","id":"flood-regulatory-de1df20da1f2","properties":{"id":"flood-regulatory-de1df20da1f2","zone":"Flood Fringe","sourceCode":"100","layerType":"current-municipal-regulatory-designation","sourceDatasetId":"tp6q-x2v7"},"geometry":{"type":"Polygon","coordinates":[[[-114.063953287301,51.03330785100701],[-114.062730353584,51.03330321976],[-114.062655810419,51.033247323713006],[-114.062663302809,51.032013788957],[-114.063722061118,51.032041660047],[-114.063971606703,51.03258015648],[-114.063953287301,51.03330785100701]]]}},{"type":"Feature","id":"flood-regulatory-c5712df492bc","properties":{"id":"flood-regulatory-c5712df492bc","zone":"Normal River Channel","sourceCode":"500","layerType":"current-municipal-regulatory-designation","sourceDatasetId":"tp6q-x2v7"},"geometry":{"type":"MultiPolygon","coordinates":[[[[-114.040385614456,51.045228090344],[-114.041003872836,51.045040009441],[-114.041115699023,51.044920018349],[-114.041593950582,51.04460576402501],[-114.041812171405,51.044318578333],[-114.042495756372,51.043652277849],[-114.04254588789,51.043516229632],[-114.042690052924,51.043390080741005],[-114.042870132316,51.043096478376],[-114.043007724045,51.042957927457],[-114.043076429256,51.04279046292],[-114.043250029001,51.042587816889],[-114.043295764622,51.04240382319],[-114.04346611651002,51.04223631981],[-114.043515195099,51.042122608337],[-114.04374119070602,51.041851726104],[-114.04376407112,51.041775231948],[-114.044055647553,51.041508458896],[-114.044828946111,51.040954166787],[-114.045422063368,51.04057978212],[-114.045726871321,51.040449431595],[-114.045907079468,51.040317063436],[-114.04688034625802,51.039764744762],[-114.047260440304,51.03951859999],[-114.047761671161,51.039102897546],[-114.047935386002,51.03904494597],[-114.048089341155,51.038902248771],[-114.048135158939,51.038819543155],[-114.04833827039701,51.038654086711],[-114.049008313091,51.037832902021],[-114.049337114627,51.037255839615],[-114.049385880095,51.036872728202],[-114.049650835885,51.036296033387],[-114.049672496867,51.03614149403],[-114.04963395014,51.035937059283],[-114.049733118479,51.035283208046],[-114.049661474256,51.035047906672],[-114.04973818087001,51.034888481310006],[-114.049687096989,51.034720208643],[-114.049682775581,51.034573592163],[-114.049621407748,51.034347357025],[-114.049524319811,51.03415697103],[-114.04950104381501,51.034004976801],[-114.049422055036,51.033910874958],[-114.049389786278,51.033788633386],[-114.049311056017,51.03341631654],[-114.04935293072,51.033154580231],[-114.049230200542,51.032916797322],[-114.049229841613,51.03278928683],[-114.049483174302,51.032308006031],[-114.049781633019,51.031876305495],[-114.049944172102,51.031714549132],[-114.05014438052301,51.031446057211],[-114.050135646713,51.031330867144],[-114.050499741878,51.030834483104],[-114.05104226220001,51.030284291917],[-114.05131332775602,51.030131683573],[-114.051532502847,51.030073524993],[-114.052679234695,51.030071161823],[-114.05278304904002,51.03010361115201],[-114.052780778932,51.030135779324],[-114.052831023122,51.030170733067],[-114.053054582942,51.030219812948],[-114.053267098652,51.030356925129],[-114.053336379984,51.030365965992],[-114.053343198624,51.030332338495],[-114.053406837025,51.030382053347005],[-114.05335730882202,51.03043487190801],[-114.053429690636,51.030588650865],[-114.053572009075,51.030734008494],[-114.054150233313,51.031161192278],[-114.054229162064,51.031255853757],[-114.054322958548,51.031281610792],[-114.054320681304,51.03132144545301],[-114.054418720463,51.031406641595],[-114.05526111600702,51.031758674334],[-114.055491441943,51.031905377767],[-114.055848486247,51.032040374928],[-114.056374845772,51.032322010308],[-114.056903226179,51.032459283072],[-114.057662012021,51.03279478449901],[-114.058324496336,51.033315189843],[-114.058364664933,51.033417802188],[-114.058710684873,51.033789186978],[-114.05889910379,51.033861599907],[-114.059350494064,51.034257950796],[-114.059937156971,51.034867160928],[-114.060000492835,51.035024520958],[-114.060196720628,51.035275253823],[-114.060679194467,51.035614418565],[-114.061061022768,51.035741933452],[-114.061857024149,51.035865270427],[-114.062838476895,51.035891437409],[-114.06383858818602,51.035848766743],[-114.06453780967801,51.035761321501],[-114.064615636435,51.03577475413],[-114.064316437281,51.035844495323],[-114.065013843494,51.035841109568],[-114.065251724028,51.035797676976],[-114.065677570114,51.035555671747],[-114.066091926384,51.035386290644],[-114.066549393516,51.035076553542],[-114.066797867619,51.034882225112],[-114.066851789489,51.034805650159],[-114.066919848897,51.034786435173],[-114.067162469739,51.034585979198],[-114.06721707000402,51.034508890367],[-114.06729870311123,51.03424485530004],[-114.06762327515031,51.03424485530004],[-114.067584138681,51.034340017473],[-114.067613100136,51.034431355464],[-114.067277032462,51.03485333498901],[-114.066881549105,51.035276955799],[-114.066143320925,51.035700484743],[-114.065883014853,51.035897287008],[-114.065619610617,51.036031108253],[-114.065463812331,51.036032010995],[-114.065136886252,51.036135992883004],[-114.06477347703,51.036181910422],[-114.063542425121,51.036091103854],[-114.061997171027,51.036142168493],[-114.061043836804,51.036024441659],[-114.060485850072,51.035862189043],[-114.059962671486,51.035518286135],[-114.059333771842,51.034909095851],[-114.059076137414,51.034613565192],[-114.058833307154,51.034452223689],[-114.058618716828,51.034208378468],[-114.058505197985,51.034006818621],[-114.058335604821,51.033839310171],[-114.05825072800602,51.033679817689],[-114.057963868217,51.033410157202],[-114.057744094658,51.033311863277],[-114.057690413187,51.033228740878],[-114.057425436471,51.033041853074],[-114.056801526888,51.032696535263],[-114.056608880194,51.032661533641],[-114.056193782769,51.032487081052],[-114.055713275391,51.032361425798],[-114.054872266164,51.032013576835],[-114.054893711255,51.031961789379],[-114.054725412243,51.031823793782],[-114.054179716103,51.031512486537],[-114.054099081925,51.031415368019],[-114.054001174548,51.03138665148],[-114.053288019048,51.030796502961],[-114.052706080726,51.030405791597],[-114.052436583731,51.030271823424],[-114.052266434375,51.03023986734501],[-114.051735628304,51.030246264213],[-114.051416198122,51.030308983776],[-114.051181742503,51.030607097998],[-114.05089632254102,51.030785036416],[-114.050791191063,51.03093160797301],[-114.050844460475,51.030947610846],[-114.050629107024,51.03134878225],[-114.050612809074,51.031440502784],[-114.05052182427302,51.031537990189],[-114.05045737622,51.031720706915],[-114.050305698807,51.031993628407],[-114.050101483182,51.032213550661],[-114.0499262864,51.03246753042101],[-114.049843168697,51.032715898823],[-114.049810507005,51.033348530575],[-114.049859783923,51.033444181193],[-114.050042242462,51.033619913073],[-114.05023754104,51.033878707138],[-114.050202147043,51.03393784973401],[-114.050016166096,51.034065021172],[-114.049985751324,51.034166153591],[-114.050081542755,51.034317262642006],[-114.050125077104,51.034465938934],[-114.05015203482802,51.03555669764],[-114.050185122684,51.035734668757],[-114.050166835545,51.036117606585],[-114.050019601657,51.036807365744004],[-114.049792416672,51.037289732043],[-114.04962810631702,51.037559303699],[-114.049502728483,51.037862463191],[-114.04927386000001,51.038181748862],[-114.049074931256,51.038367006898],[-114.048794517414,51.038732278689],[-114.048489420344,51.038968231793],[-114.048430536565,51.039096420271],[-114.048322378822,51.039137808865],[-114.047605472595,51.039760201303],[-114.047203426339,51.039995062243],[-114.04703154438,51.040132638613],[-114.047021756503,51.040180187492],[-114.04689720322301,51.040223648095],[-114.046346713452,51.040583553492],[-114.045596166076,51.0409083927],[-114.045281629376,51.041152438977],[-114.044714644741,51.041433791578],[-114.044432847049,51.041634413369],[-114.044203566413,51.041892895051],[-114.044043021534,51.042025254037],[-114.043817059994,51.042331278615],[-114.043584570287,51.042672446056],[-114.043430751158,51.042988778427],[-114.043198157278,51.043224520669],[-114.042995166349,51.043561542496],[-114.042449508064,51.044228799155],[-114.04234139267,51.044476384185],[-114.042110089588,51.044754981388],[-114.041968063912,51.044834184377],[-114.041833754025,51.044978100622],[-114.04151149482,51.045199760299],[-114.041471083949,51.045285867518],[-114.041467277636,51.045463047507],[-114.040385614456,51.045228090344]],[[-114.064763311286,51.035922256184],[-114.064576644881,51.035976457979],[-114.06459394616701,51.036001574763],[-114.06482703113,51.03601506877],[-114.064912176601,51.035971063442],[-114.064763311286,51.035922256184]]],[[[-114.0657007706141,51.03349739354746],[-114.065328511928,51.033471930947],[-114.064943197726,51.033364927626],[-114.06482363535301,51.033251080363],[-114.06456965964,51.033120009235],[-114.06418624279,51.032694647357],[-114.06382458597368,51.03192502819763],[-114.06484823712333,51.03296763081811],[-114.06546897370085,51.033324035596344],[-114.0657007706141,51.03349739354746]]]]}},{"type":"Feature","id":"flood-regulatory-3902c4273bdc","properties":{"id":"flood-regulatory-3902c4273bdc","zone":"Floodway","sourceCode":"200","layerType":"current-municipal-regulatory-designation","sourceDatasetId":"tp6q-x2v7"},"geometry":{"type":"Polygon","coordinates":[[[-114.108904016624,51.048807363547],[-114.108007518256,51.048946284854],[-114.107310715978,51.048900516289],[-114.105558596955,51.048978790585],[-114.105048796713,51.048974913235],[-114.101970825312,51.048733007822],[-114.100679801651,51.048685569881],[-114.10056967985301,51.048647853881],[-114.099993556138,51.048665818818],[-114.098791350337,51.048610944785004],[-114.098433368874,51.04864471018],[-114.098323186819,51.048609285395],[-114.09826337899,51.048649985451],[-114.09607358827401,51.048674718022],[-114.095400642727,51.0487091632],[-114.094538224361,51.048686798983],[-114.093761599044,51.048778931914],[-114.09343957071,51.048860689783],[-114.093000773611,51.049030264203],[-114.092379622932,51.049360804782],[-114.092045159703,51.049721517188],[-114.091848204217,51.050007424996],[-114.091712592781,51.050125730213],[-114.091557285315,51.050157701676],[-114.091180660704,51.050160534784],[-114.090834627555,51.050341431197005],[-114.089139297462,51.050674374598],[-114.08856211787202,51.050879584919],[-114.088062671437,51.050957723404],[-114.087461126619,51.050998237781],[-114.087019138716,51.051102563511],[-114.08649512342,51.05133570813],[-114.085893214784,51.05142657604001],[-114.085808986161,51.051493545729],[-114.085634642345,51.051537211726],[-114.085387960492,51.051698784718],[-114.08456619698401,51.052113981028],[-114.08440907336701,51.052166955074],[-114.08414844800302,51.052180017178],[-114.083543386588,51.052288656913],[-114.082493577603,51.052698791829],[-114.081919935399,51.052993983555],[-114.080934750198,51.053604582032],[-114.080725933341,51.053676003236006],[-114.07981128304901,51.054151556488],[-114.079224165854,51.054503940295],[-114.077586546012,51.055269008466],[-114.077182917595,51.055588479901],[-114.076110775966,51.056272788009],[-114.075184420872,51.05677240488],[-114.074739376259,51.056953769237],[-114.074082688543,51.057155066068],[-114.072461341912,51.057374470449],[-114.071068076285,51.05742054231],[-114.06968626536,51.057401162692],[-114.068535059182,51.057345467934],[-114.06740837197502,51.057224815889],[-114.066952581651,51.057085855926],[-114.066252708316,51.056778411789],[-114.065136898003,51.056092928481],[-114.06482325681101,51.055817868271],[-114.062906395134,51.053882167934],[-114.062622373141,51.053687693002],[-114.06229545192,51.053570529368],[-114.06226758873602,51.053515413854],[-114.061089429992,51.053185171565],[-114.059142701555,51.052548468916],[-114.058035752992,51.052138307638],[-114.057433734621,51.05196666217],[-114.057084709822,51.051880790713],[-114.056065661502,51.051766600261],[-114.055369639441,51.051651071594],[-114.054185502356,51.051329146274],[-114.053814226323,51.051157553845],[-114.05351652834001,51.051073044185],[-114.053172771412,51.050899616689],[-114.052140055861,51.05052312929],[-114.052004193564,51.050397010936],[-114.05182164604102,51.050336381702],[-114.051654131443,51.05032571313],[-114.050955064168,51.05008411276],[-114.050632223127,51.050093027027],[-114.050327225655,51.049982331614],[-114.05012323822001,51.049820830745],[-114.049310715783,51.049608865096],[-114.048567603246,51.049443687063],[-114.047827181679,51.049322961893],[-114.046738852373,51.049053373239],[-114.045806081633,51.048893924042],[-114.045009411188,51.048825830705],[-114.044901228384,51.048841329251],[-114.043217914788,51.048633026338],[-114.042377267746,51.048675853762],[-114.041959753784,51.048734188603],[-114.040934767116,51.048745655281],[-114.040401543755,51.048585559365],[-114.039270917101,51.048354256051],[-114.03799239251,51.047899793884],[-114.036996560075,51.047619865734],[-114.036571803271,51.047575863436],[-114.036279246586,51.047500321322],[-114.035969864261,51.047508282057],[-114.03507961313902,51.047450235366],[-114.033475237462,51.047278501317],[-114.032944010557,51.04711248429601],[-114.032129933467,51.046941012471],[-114.030864699954,51.046768683188],[-114.030829935309,51.046740770261],[-114.030658750171,51.046755444278],[-114.028615305052,51.046481122096004],[-114.028476844832,51.046425296423],[-114.02811667358,51.046184555923],[-114.02724743873,51.045791399019],[-114.026592860759,51.045372514106],[-114.025175716525,51.044847958811],[-114.023876179486,51.044484689388],[-114.023086698369,51.044416043274],[-114.022207982081,51.044482619803],[-114.021760321047,51.044644930937],[-114.021132060203,51.044961245694],[-114.020468991645,51.045212917991],[-114.019502409452,51.045444523927],[-114.019532825776,51.045266686662],[-114.019637499394,51.045079782473],[-114.019666418595,51.044944732048],[-114.020050073045,51.044939217287],[-114.020502201276,51.04501066746],[-114.020647776269,51.044950197567],[-114.020848581174,51.044921766051004],[-114.021478920448,51.044560690754],[-114.021258543919,51.044562185584],[-114.021220463535,51.044552009833],[-114.02122160359,51.044522187983],[-114.021649574514,51.044326452435],[-114.022782521713,51.044143671772],[-114.023947779724,51.044251263494],[-114.024284253333,51.044314855768],[-114.024751837528,51.044565547877],[-114.025431342534,51.044724365658],[-114.025884820299,51.044967242411],[-114.02675375178102,51.045266766227],[-114.027311606865,51.045652406386],[-114.027978069063,51.045938813528],[-114.028129152846,51.046070543353],[-114.028375024512,51.046145173304],[-114.02857587736,51.04634461189401],[-114.029012099178,51.046453805171],[-114.029718328927,51.046536575981],[-114.030286325549,51.046640691277],[-114.03094214263902,51.04668704854701],[-114.03260819425,51.046960391331],[-114.033458071409,51.047023695942],[-114.033617954631,51.047001251254],[-114.033655739473,51.047041838],[-114.033598077779,51.047153848642],[-114.033626970792,51.047184638248],[-114.033682485668,51.04717622226],[-114.033726795975,51.047029218412],[-114.034495237857,51.04707519147],[-114.034848338597,51.047059687318],[-114.035356092999,51.047109325345],[-114.035917308935,51.047244135922],[-114.036193553283,51.04725829763001],[-114.036490347216,51.047441460082],[-114.03882253946,51.048054050933],[-114.03922314987,51.048203512554],[-114.03946644679202,51.04824830917601],[-114.039694987292,51.048382868243],[-114.04024391527,51.048511706496],[-114.040475285618,51.048485447618],[-114.040237932141,51.048453740095],[-114.03977206160802,51.048317394126],[-114.039961899711,51.048291149489],[-114.040561156873,51.048302163147],[-114.040587845006,51.048290933803],[-114.040564090644,51.048264763062],[-114.04064414960801,51.048221726593],[-114.041023870082,51.048221593934],[-114.042354850674,51.04837839809101],[-114.043187447989,51.04857554379701],[-114.044047519943,51.048678629879],[-114.04554610394901,51.048770057298],[-114.046291291309,51.048879290886],[-114.046445536752,51.048826656871],[-114.046670743065,51.048840586644],[-114.046649930919,51.048879148297],[-114.046674980168,51.048907176357],[-114.046611065064,51.048935240822],[-114.04674873898801,51.048991262857],[-114.046980916419,51.049025342414],[-114.047310364028,51.049023456532],[-114.047339607171,51.049074265416],[-114.047519013085,51.049158308592],[-114.0481641371,51.049278085256006],[-114.04861096159202,51.049423452942],[-114.04960971893901,51.049624063357],[-114.051186909894,51.050090279094],[-114.051567511201,51.05015808401101],[-114.052166790487,51.050384517377],[-114.052444951943,51.050451202738],[-114.052472055276,51.050576624205],[-114.052523442504,51.050604115976],[-114.053739152747,51.051088951842],[-114.054237604033,51.051243841994],[-114.054830724445,51.051377112107],[-114.055576673455,51.051591630376],[-114.055675565404,51.051561767097],[-114.055877155639,51.051607531974],[-114.056274858309,51.051625546264],[-114.056690068723,51.05174395603],[-114.057246778486,51.051820793148],[-114.057744877473,51.051951916753],[-114.058041288848,51.052075887447],[-114.058942899621,51.052347564151],[-114.059680119427,51.052532763099],[-114.060241901884,51.052807952352],[-114.060931610718,51.053011609385],[-114.06103584260501,51.053005791694],[-114.06107428245801,51.053032282303],[-114.0610615435,51.053080698607],[-114.061142062367,51.053120998789],[-114.061641417968,51.053196809333],[-114.06275163587401,51.053600732637],[-114.063093213723,51.053804748458],[-114.063145923375,51.053804161733],[-114.06380298404902,51.054535474606],[-114.064151279742,51.054994153374],[-114.065198855658,51.056036069939],[-114.065340440153,51.056144844662],[-114.066424126217,51.056798777794],[-114.067158269325,51.057117685581005],[-114.067541625626,51.05720765940901],[-114.068110541808,51.05718791600301],[-114.07108937417301,51.057303787123],[-114.07233234050501,51.057256178274],[-114.072448011702,51.057282132763],[-114.072887688368,51.057194671775],[-114.072980462331,51.0571035229],[-114.073157895066,51.057012320996],[-114.073259055934,51.057001846649],[-114.07352104634101,51.056848128823],[-114.074051369854,51.056635681709],[-114.074511436999,51.056394648335],[-114.075559621263,51.05593982036],[-114.076273706595,51.055737655186],[-114.076690690464,51.05567622080301],[-114.077206599539,51.055504109242],[-114.077445686743,51.055248895689],[-114.079081720223,51.054473524747],[-114.079488008583,51.054203879394],[-114.08037925699,51.053767052713],[-114.082128978531,51.052783120466],[-114.082676273084,51.052524012211],[-114.083366018403,51.052245848632005],[-114.084600727448,51.051879123777006],[-114.085909609542,51.051340125089],[-114.087259342745,51.050990591806],[-114.087971286394,51.050724743467],[-114.088704771285,51.05031497407901],[-114.089244190038,51.050127089902006],[-114.089411404621,51.050008922498],[-114.089530300898,51.04996994822],[-114.089550026473,51.04991716341],[-114.089523369105,51.049803310953],[-114.08979842874201,51.04962951281],[-114.090284989662,51.049456940647],[-114.090758452352,51.049348255834],[-114.091305589627,51.049173895544],[-114.091538852613,51.049037621186],[-114.09172160219,51.048982624393],[-114.092065184023,51.04892958456],[-114.092091695655,51.048967058036],[-114.092264736451,51.049014831431],[-114.092577345762,51.048897650347],[-114.09319419604502,51.048761841344],[-114.093248088216,51.0487949372],[-114.093259260171,51.048748375873],[-114.093917367276,51.048589253915],[-114.094356153628,51.048525482471],[-114.094792534135,51.048528735158],[-114.095191781989,51.048486421454],[-114.095865781046,51.048520270691],[-114.095998615073,51.04849389637201],[-114.09619589401301,51.048589566493],[-114.096319792497,51.048598692415],[-114.096684615673,51.048569997143],[-114.097407664371,51.048590692576],[-114.09819142830001,51.048563771481],[-114.098216295447,51.048607052318],[-114.098270263306,51.048565124704],[-114.098364846676,51.048557946853],[-114.099536048401,51.048547017191],[-114.101997270921,51.048668000687],[-114.102286657158,51.048718808564004],[-114.103765766412,51.04880085668],[-114.105040503621,51.048923307953],[-114.105890733877,51.048920294241],[-114.107317237395,51.048852137464],[-114.107904546369,51.048797409348],[-114.107951551331,51.048766401718],[-114.107984423794,51.048819268723],[-114.108039621028,51.048790833541],[-114.108459151129,51.048762060825],[-114.10891313426947,51.048687110570484],[-114.108904016624,51.048807363547]]]}},{"type":"Feature","id":"flood-regulatory-13a50d693048","properties":{"id":"flood-regulatory-13a50d693048","zone":"Flood Fringe","sourceCode":"100","layerType":"current-municipal-regulatory-designation","sourceDatasetId":"tp6q-x2v7"},"geometry":{"type":"Polygon","coordinates":[[[-114.051234506713,51.04906197469],[-114.05182120359102,51.049248462341],[-114.051862658648,51.049277528417],[-114.051822929915,51.049250296378],[-114.05160967147,51.049199004559],[-114.051234506713,51.04906197469]]]}},{"type":"Feature","id":"flood-regulatory-b49c1c0c5361","properties":{"id":"flood-regulatory-b49c1c0c5361","zone":"Floodway","sourceCode":"200","layerType":"current-municipal-regulatory-designation","sourceDatasetId":"tp6q-x2v7"},"geometry":{"type":"Polygon","coordinates":[[[-114.01219449317901,51.044493637002],[-114.01224168281,51.044472120536],[-114.012601894332,51.044567042605],[-114.012681696801,51.044620312527],[-114.012817323797,51.044600381877],[-114.012950001551,51.04465192517],[-114.012752226981,51.044693546007],[-114.012577307081,51.044670181766],[-114.01219449317901,51.044493637002]]]}}]}
