{"type":"FeatureCollection","metadata":{"title":"Alberta provincial design-flood hazard mapping near four Calgary communities","capturedAt":"2026-09-13T20:58:55.802619Z","publisher":"Government of Alberta","sourceUrl":"https://geospatial.alberta.ca/mimas/rest/services/fama_data_distribution/fama_public_data_distribution/MapServer/1","officialMapUrl":"https://floods.alberta.ca/","studyStatusUrl":"https://www.alberta.ca/final-flood-maps","municipalAdoptionStatusUrl":"https://www.calgary.ca/water/flooding/flood-maps-river-flows.html","sourceQuery":{"url":"https://geospatial.alberta.ca/mimas/rest/services/fama_data_distribution/fama_public_data_distribution/MapServer/1/query?where=Flow_Regime+IN+%28%27Regulated%27%2C%27Natural%27%29+AND+Multi_Zone+NOT+IN+%28%271%3A200+Flood%27%2C%271%3A500+Flood%27%29&geometry=-114.12%2C51.02%2C-113.995%2C51.08&geometryType=esriGeometryEnvelope&inSR=4326&spatialRel=esriSpatialRelIntersects&f=json&outFields=OBJECTID%2COne_Zone%2CTwo_Zone%2CMulti_Zone%2CFloodMechanism%2CRiverName%2CFlow_Regime%2CStudyName&returnGeometry=true&outSR=3857&maxAllowableOffset=5&resultRecordCount=2000&orderByFields=OBJECTID","params":{"where":"Flow_Regime IN ('Regulated','Natural') AND Multi_Zone NOT IN ('1:200 Flood','1:500 Flood')","geometry":"-114.12,51.02,-113.995,51.08","geometryType":"esriGeometryEnvelope","inSR":4326,"spatialRel":"esriSpatialRelIntersects","f":"json","outFields":"OBJECTID,One_Zone,Two_Zone,Multi_Zone,FloodMechanism,RiverName,Flow_Regime,StudyName","returnGeometry":"true","outSR":3857,"maxAllowableOffset":5,"resultRecordCount":2000,"orderByFields":"OBJECTID"},"retrievedAt":"2026-09-13T20:47:42.017184Z"},"includedScenarios":"Design-flood zones with Flow_Regime Regulated or Natural. Excludes Naturalized comparison scenarios and incremental 1:200/1:500 zones.","floodScenario":"1:100 design flood; modelled hazard extent, not an individual property loss probability.","studyVintage":{"Bow and Elbow River Flood Study":"Finalized May 15, 2025; the provincial study page says regulated flows account for Springbank Off-stream Reservoir and Glenmore Dam downstream where applicable.","Nose and West Nose Creek Flood Hazard Study":"Original study completed June 2005; hydraulic levels revised July 2012 without changing flood-hazard mapping, according to the provincial study page."},"caveat":"Provincial flood-hazard evidence is distinct from Calgary municipal regulatory designations. The City’s June 2026 update says proposed regulatory map and bylaw amendments were deferred for additional engagement. Do not label this layer the adopted City regulatory map.","geometryProcessing":"All 342 qualifying intersecting source feature IDs reconciled with the complete attribute query. Source geometry requested in Web Mercator with 5m generalization, converted to WGS84, clipped to four communities and an approximate 400m buffer, then simplified at 0.00002 degrees for display. Not suitable for exact parcel-boundary or elevation decisions.","geometryAudit":{"unassignedGeneralizedHolesOutsideDeliveryRegion":[{"sourceObjectId":120,"bounds":[-114.00670187728579,51.19964566770974,-114.00410574611469,51.201784608071094],"areaWebMercatorSqm":25594.0},{"sourceObjectId":120,"bounds":[-114.00536338751245,51.20072077909498,-114.00502202770448,51.20085586985056],"areaWebMercatorSqm":455.0},{"sourceObjectId":2786,"bounds":[-114.38025730503405,51.04211069390261,-114.38016747350564,51.0421728234971],"areaWebMercatorSqm":35.0},{"sourceObjectId":2820,"bounds":[-114.38025730503405,51.04211069390261,-114.38016747350564,51.0421728234971],"areaWebMercatorSqm":35.0},{"sourceObjectId":2854,"bounds":[-114.38025730503405,51.04211069390261,-114.38016747350564,51.0421728234971],"areaWebMercatorSqm":35.0},{"sourceObjectId":14431,"bounds":[-114.38025730503405,51.04211069390261,-114.38016747350564,51.0421728234971],"areaWebMercatorSqm":35.0}],"explanation":"Six generalized interior rings could not be assigned to an exterior ring; all were verified disjoint from the delivered region before exclusion, so they cannot alter the local clipped geometry."},"sourceFeatureCount":342,"displayFeatureCount":162,"zonesIntersectingCommunities":{"BLN":["Floodway"],"BRD":["Flood Fringe","Floodway","High Hazard Flood Fringe","Protected Flood Fringe"],"HIL":[],"SSD":[]},"licence":{"name":"Open Government Licence – Alberta","url":"https://open.alberta.ca/licence","attribution":"Contains information licensed under the Open Government Licence – Alberta.","sourceMetadataUrl":"https://geodiscover.alberta.ca/geoportal/rest/metadata/item/9b49d5d5267a4ae0bb936861bb70cce3/html","verificationNote":"Exact provincial metadata and federal catalogue identify Alberta OGL. The current full version 2.2 was read in the ordinary browser on 14 September 2026; modification, publication and distribution are permitted subject to attribution, exclusions and non-endorsement.","version":"2.2","verifiedAt":"2026-09-14"}},"features":[{"type":"Feature","id":"ab-flood-120","properties":{"id":"ab-flood-120","sourceObjectId":120,"zone":"Flood Fringe","river":"Nose Creek","flowRegime":"Natural","study":"Nose and West Nose Creek Flood Hazard Study","floodMechanism":"Open Water","layerType":"provincial-design-flood-hazard"},"geometry":{"type":"MultiPolygon","coordinates":[[[[-114.01996999403224,51.04918163643868],[-114.01988016250382,51.049413174611615],[-114.01983524673962,51.04922681470966],[-114.01996999403224,51.04918163643868]]],[[[-114.02261104096755,51.052970810754275],[-114.02247629367493,51.052846580446435],[-114.02239544529935,51.05289175514239],[-114.02233256322947,51.052829639924084],[-114.02245832736925,51.05272234980535],[-114.02225171485391,51.052632000038884],[-114.02236849584084,51.05259247196063],[-114.02225171485391,51.05254729697272],[-114.02231459692379,51.052479534408235],[-114.02268290619028,51.0525190625829],[-114.0239315644352,51.052490828175856],[-114.02403037911645,51.052581178217785],[-114.02416512640907,51.052609412569716],[-114.02502750908184,51.05259811883099],[-114.02516225637444,51.05268846866358],[-114.02503649223468,51.05275058407123],[-114.02504547538751,51.05297645757853],[-114.02519818898581,51.05304421941589],[-114.02514429006877,51.05308374710856],[-114.02531496997274,51.05335479323513],[-114.02517123952728,51.0534564351236],[-114.0252610710557,51.0535298430154],[-114.02519818898581,51.05354678328162],[-114.02527005420853,51.05370489213401],[-114.02535090258411,51.053750065992666],[-114.02525208790286,51.05381782669805],[-114.02522513844434,51.053981581326696],[-114.0253059868199,51.054320382168264],[-114.02544073411252,51.05456318791326],[-114.02557548140514,51.05460271430941],[-114.02559344771083,51.054681767000474],[-114.02525208790286,51.054800345784],[-114.02528802051422,51.05511090782563],[-114.02525208790286,51.05524642515468],[-114.0251532732216,51.05534241635614],[-114.02518022268013,51.05548922604409],[-114.0251083574574,51.05565862125946],[-114.02522359406613,51.05592765992582],[-114.02480403728917,51.05592677477059],[-114.02483886287216,51.05565862125946],[-114.02479394710795,51.05554569118473],[-114.02486581233069,51.0555118121086],[-114.02503649223468,51.055562630713496],[-114.02499157647047,51.05546099344792],[-114.02507242484604,51.055319830209015],[-114.02491971124773,51.05503750244011],[-114.02493767755341,51.05486245835894],[-114.02472208188523,51.05494715719052],[-114.0246951324267,51.0552125458596],[-114.0245603851341,51.05524077860723],[-114.02448851991136,51.05518431309476],[-114.0245424188284,51.05516737342761],[-114.02446157045284,51.05514478719508],[-114.02437173892442,51.05493586402193],[-114.02444360414715,51.054501074936915],[-114.02435377261874,51.05435990877166],[-114.02418309271475,51.05433167548695],[-114.0239495307409,51.05433167548695],[-114.02377885083689,51.05443896187721],[-114.02381478344827,51.055048795583915],[-114.02405732857498,51.05547793300769],[-114.02403037911645,51.055562630713496],[-114.0239315644352,51.055523105136736],[-114.02398546335225,51.05566426775597],[-114.0238417329068,51.05587883411305],[-114.02376088453121,51.0558054299449],[-114.0236710530028,51.05589012705167],[-114.02376502446852,51.05592458272487],[-114.02367411551157,51.05592439093071],[-114.02365308669712,51.0558054299449],[-114.0232129122079,51.055325476746816],[-114.02319494590222,51.055048795583915],[-114.0231230806795,51.05497539009995],[-114.0232129122079,51.05460271430941],[-114.02355427201587,51.05426391553347],[-114.02350935625167,51.054083221839456],[-114.02332969319485,51.053834766858884],[-114.02293443446983,51.05362019103019],[-114.02231459692379,51.053512902743016],[-114.02207205179707,51.053558076788974],[-114.0217486582948,51.05281269939556],[-114.0218834055874,51.05277881831987],[-114.02204510233855,51.052914342473834],[-114.02239544529935,51.05299904486868],[-114.02261104096755,51.052970810754275]],[[-114.0241291937977,51.05356372354161],[-114.02406631172782,51.053603250790864],[-114.02411122749203,51.05373877253213],[-114.02403936226929,51.05361454428445],[-114.02381478344827,51.053580663795415],[-114.0237339350727,51.05364277800635],[-114.02374291822554,51.053947701106196],[-114.02394054758804,51.05424132886028],[-114.02466818296818,51.05429779552262],[-114.02478496395511,51.05403804830577],[-114.02456936828693,51.053874293876795],[-114.02463225035682,51.053806533254026],[-114.02446157045284,51.053755712721895],[-114.0244975030642,51.05364842474868],[-114.02444360414715,51.05360889753798],[-114.0241291937977,51.05356372354161]]],[[[-114.0229417028898,51.05436309406425],[-114.02294341762267,51.05438249538702],[-114.02292816902195,51.05439659097783],[-114.0229417028898,51.05436309406425]]],[[[-114.02293443446983,51.054280855531154],[-114.02288951870563,51.05423568219026],[-114.02276375456586,51.0542582688662],[-114.02287011509549,51.05445025516699],[-114.02279968717721,51.05445025516699],[-114.02270087249596,51.054348615459844],[-114.02271883880165,51.05445590181085],[-114.02259307466186,51.05438249538702],[-114.0225571420505,51.05447284173828],[-114.02247629367493,51.05441072864071],[-114.0224044284522,51.054444608522445],[-114.02207205179707,51.05443896187721],[-114.0220810349499,51.05457448117276],[-114.02189238874026,51.05433167548695],[-114.02204510233855,51.05443331523129],[-114.02227866431242,51.05442202193739],[-114.0225571420505,51.054348615459844],[-114.022754771413,51.0542130955033],[-114.02288951870563,51.05421874217607],[-114.0229703670812,51.05429214885948],[-114.0229417028898,51.05436309406425],[-114.02293443446983,51.054280855531154]]],[[[-114.02287155239995,51.05445025516699],[-114.02292816902195,51.05439659097783],[-114.02282663663574,51.05464788729225],[-114.0226469735789,51.05488504472919],[-114.02256612520334,51.05520125275574],[-114.02294949759172,51.05592417738694],[-114.02287194217801,51.05592432106129],[-114.02254815889765,51.05523513205909],[-114.02263799042606,51.05486810495255],[-114.02279968717721,51.05462530080635],[-114.02279070402437,51.054523661483394],[-114.02287155239995,51.05445025516699]]]]}},{"type":"Feature","id":"ab-flood-122","properties":{"id":"ab-flood-122","sourceObjectId":122,"zone":"Floodway","river":"Nose Creek","flowRegime":"Natural","study":"Nose and West Nose Creek Flood Hazard Study","floodMechanism":"Open Water","layerType":"provincial-design-flood-hazard"},"geometry":{"type":"Polygon","coordinates":[[[-114.02256612520334,51.05520125275574],[-114.0226469735789,51.05488504472919],[-114.02282663663574,51.05464788729225],[-114.0229703670812,51.05429214885948],[-114.02288951870563,51.05421874217607],[-114.022754771413,51.0542130955033],[-114.02244036106356,51.054388142039144],[-114.02202713603286,51.05442202193739],[-114.02189238874026,51.05433167548695],[-114.02157797839081,51.05374441926273],[-114.01988914565666,51.04952047239681],[-114.01997897718508,51.04914775270655],[-114.0197454152112,51.04844748335884],[-114.02014067393621,51.048362772639265],[-114.02041016852147,51.04895009710826],[-114.02037423591008,51.049017864836976],[-114.02088627562203,51.05069508452653],[-114.02138933218114,51.05183013813718],[-114.02169475937775,51.05281269939556],[-114.02204510233855,51.053524196258614],[-114.02212595071413,51.05356937029358],[-114.02231459692379,51.053512902743016],[-114.02293443446983,51.05362019103019],[-114.02332969319485,51.053834766858884],[-114.02350935625167,51.054083221839456],[-114.02355427201587,51.05426391553347],[-114.0232129122079,51.05460271430941],[-114.0231230806795,51.05497539009995],[-114.02319494590222,51.055048795583915],[-114.0232129122079,51.055325476746816],[-114.02365308669712,51.0558054299449],[-114.02367411551157,51.05592439093071],[-114.02294949759172,51.05592417738694],[-114.02256612520334,51.05520125275574]]]}},{"type":"Feature","id":"ab-flood-2786","properties":{"id":"ab-flood-2786","sourceObjectId":2786,"zone":"Flood Fringe","river":"Elbow River","flowRegime":"Regulated","study":"Bow and Elbow River Flood Study","floodMechanism":"Open Water","layerType":"provincial-design-flood-hazard"},"geometry":{"type":"Polygon","coordinates":[[[-114.04286805062443,51.04527354922535],[-114.04355077024037,51.045143650491305],[-114.04325432619662,51.04531873130831],[-114.04263448865058,51.045459925033555],[-114.04247279189943,51.045092820452766],[-114.04261652234489,51.04497421681254],[-114.04274228648467,51.04461840406988],[-114.0428590674716,51.04452239063934],[-114.04296686530569,51.044505447072105],[-114.043119578904,51.04456192560543],[-114.04329025880799,51.044782191227426],[-114.04369450068583,51.044985512410406],[-114.04286805062443,51.04527354922535]],[[-114.04280516855455,51.04494597780583],[-114.04276025279034,51.045171889377535],[-114.04295788215285,51.04518318492718],[-114.043119578904,51.04513235493201],[-114.04294889900001,51.045081524881056],[-114.04286805062443,51.0449911602083],[-114.04291296638864,51.04478783905012],[-114.04276923594318,51.04465229111551],[-114.04266143810909,51.044934682198345],[-114.04280516855455,51.04494597780583]]]}},{"type":"Feature","id":"ab-flood-2791","properties":{"id":"ab-flood-2791","sourceObjectId":2791,"zone":"High Hazard Flood Fringe","river":"Elbow River","flowRegime":"Regulated","study":"Bow and Elbow River Flood Study","floodMechanism":"Open Water","layerType":"provincial-design-flood-hazard"},"geometry":{"type":"Polygon","coordinates":[[[-114.04284110116592,51.0451775371527],[-114.04274228648467,51.045143650491305],[-114.04279618540171,51.044934682198345],[-114.04266143810909,51.04492338658806],[-114.04276923594318,51.04465229111551],[-114.04291296638864,51.04478783905012],[-114.04286805062443,51.0449911602083],[-114.04294889900001,51.045081524881056],[-114.043119578904,51.04513235493201],[-114.04284110116592,51.0451775371527]]]}},{"type":"Feature","id":"ab-flood-2794","properties":{"id":"ab-flood-2794","sourceObjectId":2794,"zone":"Protected Flood Fringe","river":"Bow River","flowRegime":"Regulated","study":"Bow and Elbow River Flood Study","floodMechanism":"Open Water","layerType":"provincial-design-flood-hazard"},"geometry":{"type":"MultiPolygon","coordinates":[[[[-114.0403078520647,51.04459016484628],[-114.04008327324367,51.04447155991907],[-114.04042463305164,51.04452803849369],[-114.04053243088573,51.04472006513238],[-114.04045158251016,51.04474830427682],[-114.0403078520647,51.04459016484628]]],[[[-114.03115401931952,51.04557852743016],[-114.03101927202691,51.04559547060489],[-114.03110910355531,51.04569712952311],[-114.03110012040247,51.04582702670505],[-114.03100130572122,51.04604728631147],[-114.03088452473429,51.04609246763975],[-114.03014790620131,51.04599080958918],[-114.02974366432346,51.04599645726451],[-114.0283782250916,51.04573666348659],[-114.02819856203477,51.04566324324183],[-114.02780330330977,51.045330026822164],[-114.0279650000609,51.04535826559476],[-114.02841415770297,51.045279196988126],[-114.0289441637206,51.04537520885007],[-114.02910586047173,51.045369561098966],[-114.02922264145866,51.04531308355037],[-114.02926755722287,51.04513235493201],[-114.0291867088473,51.04501939918748],[-114.02890823110921,51.045075877094185],[-114.02880941642796,51.04522271932933],[-114.02879145012228,51.045058933729386],[-114.02900704579048,51.044951625608554],[-114.02890823110921,51.04486690849546],[-114.02864771967683,51.044957273410596],[-114.0283782250916,51.044895147550356],[-114.02814466311771,51.04494597780583],[-114.02800991582511,51.044725712962666],[-114.02782126961544,51.04474830427682],[-114.02779432015693,51.044895147550356],[-114.02761465710009,51.04479348687211],[-114.02760567394725,51.04465793895404],[-114.027506859266,51.04461275622654],[-114.02655464506482,51.044595812692364],[-114.0263300662438,51.04442072914303],[-114.02615040318699,51.04416657442616],[-114.02626718417392,51.0437373321826],[-114.02649176299494,51.04369779651274],[-114.02672532496882,51.04357918930077],[-114.02695888694268,51.04357354133072],[-114.02730024675066,51.043641316925886],[-114.02752482557167,51.04359048523881],[-114.02850398923137,51.0435961332068],[-114.02722838152793,51.04350011765742],[-114.0261324368813,51.04361872507185],[-114.02604260535288,51.04430212378202],[-114.02610548742278,51.044398137669106],[-114.02533293627843,51.044031024673664],[-114.02529700366706,51.04386158692527],[-114.02541378465399,51.04361307710661],[-114.02562938032219,51.04347187775209],[-114.02640193146652,51.04340974989976],[-114.02848602292569,51.043522709569295],[-114.02978858008765,51.04365826080917],[-114.0313246992235,51.04403667258794],[-114.03142351390476,51.04408750378539],[-114.03137859814055,51.044256940707456],[-114.03143249705761,51.044364250437575],[-114.03260030692695,51.04496856901259],[-114.03382201571335,51.04534132233327],[-114.03534016854353,51.045917389747196],[-114.0337411673378,51.04529049251162],[-114.03445981956509,51.04551640240315],[-114.03380404940768,51.04520577601827],[-114.03394777985314,51.04522836709829],[-114.03569051150433,51.04586656055769],[-114.03622950067479,51.04612070594755],[-114.03644509634299,51.04627884015306],[-114.03657086048277,51.04656686892595],[-114.03640916373163,51.04653863089015],[-114.03625645013332,51.04667417330497],[-114.03541203376625,51.04666852571229],[-114.03339980752982,51.0465216880604],[-114.0315852106559,51.04625624958533],[-114.03187267154682,51.04620542076765],[-114.0314774128218,51.046148944238126],[-114.03127978345931,51.0460755246468],[-114.03118096877805,51.04591174206223],[-114.0313875812934,51.04568583409878],[-114.03115401931952,51.04557852743016]],[[-114.03251047539855,51.04620542076765],[-114.03243861017582,51.046148944238126],[-114.0324116607173,51.04619412546725],[-114.03251047539855,51.04620542076765]],[[-114.03460355001054,51.0461771825115],[-114.03452270163497,51.04620542076765],[-114.03462151631624,51.046284487793265],[-114.0347023646918,51.04620542076765],[-114.03460355001054,51.0461771825115]],[[-114.03338184122414,51.0457253680719],[-114.03325607708436,51.045731015779594],[-114.03340879068266,51.04575925430774],[-114.03338184122414,51.0457253680719]],[[-114.03302251511049,51.0454994591995],[-114.0329147172764,51.04542603857877],[-114.03287878466503,51.04547686825166],[-114.03302251511049,51.0454994591995]],[[-114.02828839356317,51.04422305337262],[-114.02833330932738,51.0442851801342],[-114.02867466913536,51.044319067423594],[-114.02880941642796,51.04427388436557],[-114.02871060174671,51.04405926423814],[-114.02851297238422,51.04403667258794],[-114.02828839356317,51.04422305337262]],[[-114.03087554158145,51.045917389747196],[-114.03101927202691,51.04578184511787],[-114.03095638995701,51.04568583409878],[-114.03079469320588,51.0457253680719],[-114.030731811136,51.04598516191314],[-114.03088452473429,51.04601340028636],[-114.03087554158145,51.045917389747196]],[[-114.03573542726853,51.04606987698112],[-114.03614284245695,51.04627579300771],[-114.03613068599354,51.0462618972283],[-114.03573542726853,51.04606987698112]],[[-114.03619985627041,51.04634096415753],[-114.03619356806342,51.04630143070978],[-114.03614284245695,51.04627579300771],[-114.03619985627041,51.04634096415753]],[[-114.03623848382763,51.04658381173916],[-114.03622950067479,51.04637484994303],[-114.03619985627041,51.04634096415753],[-114.03623848382763,51.04658381173916]]],[[[-114.02728228044498,51.03898151382568],[-114.0275517750302,51.03912272686638],[-114.02752482557167,51.03915096942289],[-114.02712058369383,51.03898716235555],[-114.02699481955405,51.038834651806745],[-114.027037525061,51.03874514182538],[-114.02759026572568,51.038741722544586],[-114.02767753916997,51.03881770615923],[-114.02766855601713,51.03893067702564],[-114.02743499404328,51.03903799909361],[-114.02728228044498,51.03898151382568]]],[[[-114.02668040920462,51.03880640905744],[-114.02646907329316,51.038739965563316],[-114.02672374483154,51.03874023234693],[-114.02668040920462,51.03880640905744]]],[[[-114.02569226239208,51.03882900325827],[-114.02686905541428,51.03935996380594],[-114.0266354934404,51.03932042440033],[-114.02692295433133,51.03947858182017],[-114.02629413363243,51.03926393947671],[-114.02620430210403,51.039309127421134],[-114.02614142003414,51.03925829098058],[-114.02609650426993,51.03939950317774],[-114.02603362220003,51.03916791494853],[-114.02577311076764,51.03905494466057],[-114.02553954879379,51.03905494466057],[-114.02544971726536,51.03899281088477],[-114.02529700366706,51.03945033946337],[-114.0253059868199,51.03952941801901],[-114.02542276780683,51.0395689572462],[-114.02538683519548,51.03962544179797],[-114.02543175095968,51.0396932231692],[-114.0253059868199,51.03987962142877],[-114.02544971726536,51.03998694129867],[-114.02531496997274,51.04006601893843],[-114.02592582436594,51.04003212853792],[-114.02597972328299,51.04013379966511],[-114.02590785806026,51.04018463514506],[-114.0260246390472,51.040359734704516],[-114.02609650426993,51.040099909314165],[-114.02614142003414,51.04023547056919],[-114.02622226840971,51.04025241569818],[-114.02629413363243,51.04058566864216],[-114.02650074614778,51.040676041908704],[-114.02646481353642,51.040760766686],[-114.02629413363243,51.040862436214226],[-114.02631209993812,51.040924567482755],[-114.02701278585972,51.040930215775745],[-114.0270936342353,51.04047835015916],[-114.02714753315234,51.040687338554626],[-114.02721939837508,51.040529185261065],[-114.02722838152793,51.040591316976474],[-114.02723736468077,51.040930215775745],[-114.02721041522223,51.04098105038184],[-114.02714753315234,51.04094716065064],[-114.02712956684667,51.04098105038184],[-114.02787516853249,51.04111096078839],[-114.0279200842967,51.04117309172365],[-114.02815364627057,51.04122957431971],[-114.02825246095182,51.04148374514999],[-114.02898009633196,51.0413820769852],[-114.02898009633196,51.04142161463135],[-114.02911484362457,51.04143291109548],[-114.02860280391262,51.04155717201911],[-114.02866568598252,51.04160235772689],[-114.02861178706547,51.041647543390596],[-114.02863873652399,51.041777451928255],[-114.02875551751092,51.04190736010165],[-114.02866568598252,51.04194124913045],[-114.02873755120524,51.0419468972995],[-114.02870161859387,51.042037267910764],[-114.02880941642796,51.042133286492046],[-114.02860280391262,51.04216717535561],[-114.02826144410466,51.04205986053602],[-114.02795601690806,51.04173226639126],[-114.02787516853249,51.041794396493266],[-114.02792906744953,51.04189606375322],[-114.02805483158932,51.04190171192777],[-114.02800991582511,51.04207680499775],[-114.02787516853249,51.042037267910764],[-114.02784821907397,51.04209374945327],[-114.02753380872453,51.04221236046842],[-114.02728228044498,51.04221236046842],[-114.02699481955405,51.04214458278266],[-114.02690498802563,51.04193560096069],[-114.02680617334438,51.04189606375322],[-114.02638396516085,51.042133286492046],[-114.02629413363243,51.04201467527446],[-114.02609650426993,51.04199773079003],[-114.02597074013015,51.04202032343458],[-114.02592582436594,51.042116342050996],[-114.02524310475002,51.04222365673975],[-114.02482089656648,51.04218411977808],[-114.02477598080227,51.042116342050996],[-114.02497361016479,51.041958193635566],[-114.02501852592899,51.04185087833187],[-114.02498259331763,51.041088367700375],[-114.02490174494204,51.04099799523813],[-114.02505445854035,51.04072122847589],[-114.02498259331763,51.040387976506985],[-114.02466818296818,51.040382328147864],[-114.02473106503807,51.04043881170802],[-114.02472208188523,51.04058002030714],[-114.02447953675852,51.04058002030714],[-114.02436275577158,51.04064215195441],[-114.02429089054884,51.040523536919146],[-114.02409326118634,51.04055742696023],[-114.023886648671,51.04050659188931],[-114.02382376660111,51.040591316976474],[-114.02395851389373,51.040659096934675],[-114.02390461497669,51.040687338554626],[-114.02341054157041,51.040630855297465],[-114.02344647418178,51.04050659188931],[-114.0233656258062,51.04043881170802],[-114.02297935023404,51.04048399850657],[-114.02301528284539,51.04055177862177],[-114.02322189536075,51.04060261364306],[-114.02278172087154,51.04055742696023],[-114.02263799042606,51.04047270181108],[-114.02279968717721,51.04041056993654],[-114.02279968717721,51.04033149288485],[-114.02254815889765,51.0403427896148],[-114.02227866431242,51.04023547056919],[-114.021793574059,51.04015639321863],[-114.02139831533398,51.0399982381126],[-114.02120068597148,51.04003777693971],[-114.02018137391205,51.03945111187074],[-114.02037209839398,51.03938235659135],[-114.02083237670499,51.039653684048034],[-114.02094017453908,51.03964803559943],[-114.02083237670499,51.03955766032761],[-114.02106593867886,51.03958590261897],[-114.0211827196658,51.03953506648209],[-114.0211827196658,51.039286533454444],[-114.02111983759592,51.03932042440033],[-114.02116475336011,51.03942209708934],[-114.02110187129023,51.039444690989924],[-114.02097610715046,51.03934866683634],[-114.02113816061326,51.03916185510619],[-114.02216109541988,51.03891955032083],[-114.02304751910256,51.038797408726005],[-114.02376722122844,51.03873541462901],[-114.0243424651287,51.038722520268635],[-114.0246955948868,51.03873013293661],[-114.02473106503807,51.0388007605055],[-114.02474725703394,51.03873200161092],[-114.02585312532075,51.03874984254625],[-114.02569226239208,51.03882900325827]],[[-114.02532395312558,51.04054613028259],[-114.02539581834831,51.040534833602266],[-114.02535988573695,51.04047270181108],[-114.025584464558,51.0404218666472],[-114.0255036161824,51.04036538306639],[-114.0253059868199,51.040393624865416],[-114.02532395312558,51.04054613028259]],[[-114.02517123952728,51.04064215195441],[-114.02513530691593,51.04054613028259],[-114.02514429006877,51.040738173427194],[-114.02517123952728,51.04064215195441]],[[-114.02538683519548,51.0406534486086],[-114.02533293627843,51.04058002030714],[-114.02527903736139,51.04071558015738],[-114.02536886888979,51.040924567482755],[-114.02561141401651,51.040935864068075],[-114.02601565589435,51.04085113961099],[-114.02590785806026,51.040760766686],[-114.02544971726536,51.04072122847589],[-114.02555751509946,51.040676041908704],[-114.02538683519548,51.0406534486086]],[[-114.02523412159718,51.040760766686],[-114.02524310475002,51.040664745260024],[-114.02521615529149,51.04070428351835],[-114.02523412159718,51.040760766686]],[[-114.02691397117847,51.041060126324865],[-114.02708465108246,51.04110531251743],[-114.02721939837508,51.041088367700375],[-114.02691397117847,51.041060126324865]],[[-114.02620430210403,51.04111096078839],[-114.02609650426993,51.04117309172365],[-114.02597074013015,51.04112225732826],[-114.02607853796424,51.041325594575035],[-114.0258719254489,51.0413820769852],[-114.02600667274152,51.04141031816445],[-114.02633904939664,51.04134818754738],[-114.02635701570233,51.041184388248354],[-114.02620430210403,51.04111096078839]],[[-114.02762364025293,51.04115049866591],[-114.0276595728643,51.041195684770344],[-114.02779432015693,51.041195684770344],[-114.02762364025293,51.04115049866591]],[[-114.02747092665463,51.04143855932651],[-114.02738109512623,51.04140466992999],[-114.02731821305633,51.04146115224375],[-114.02747092665463,51.04143855932651]],[[-114.02748889296032,51.0415741166647],[-114.0275517750302,51.041540227367335],[-114.02751584241884,51.04147244869825],[-114.02742601089042,51.04155717201911],[-114.02748889296032,51.0415741166647]],[[-114.02827941041033,51.04163624697881],[-114.02832432617454,51.04167578440803],[-114.02851297238422,51.04159670951583],[-114.0284231408558,51.041579764878506],[-114.02827941041033,51.04163624697881]],[[-114.02813567996488,51.04168708081019],[-114.02820754518761,51.04169272901021],[-114.02819856203477,51.04164189518504],[-114.02810873050636,51.041681432609465],[-114.02818059572908,51.04172661819603],[-114.02813567996488,51.04168708081019]],[[-114.02734516251486,51.04174356277964],[-114.02732719620917,51.041777451928255],[-114.02740804458475,51.041766155548146],[-114.02734516251486,51.04174356277964]],[[-114.02540480150115,51.041777451928255],[-114.02535090258411,51.041805692866504],[-114.02537785204264,51.041913008274825],[-114.02548564987673,51.04182828560471],[-114.02540480150115,51.041777451928255]],[[-114.02724634783361,51.04209374945327],[-114.02733617936202,51.04202032343458],[-114.02732719620917,51.041862174691346],[-114.02724634783361,51.04184523015112],[-114.02715651630518,51.04189606375322],[-114.02712058369383,51.042037267910764],[-114.02724634783361,51.04209374945327]],[[-114.02778533700408,51.042025971593986],[-114.02776737069838,51.0419807862994],[-114.02771347178134,51.042042916068105],[-114.02778533700408,51.042025971593986]],[[-114.0255664982523,51.03879511195288],[-114.02562938032219,51.03881770615923],[-114.02563836347504,51.0387555720653],[-114.0255664982523,51.038749923507176],[-114.0255664982523,51.03879511195288]],[[-114.02464123350966,51.039235696989074],[-114.02482987971932,51.03913967240235],[-114.0249556438591,51.03927523646695],[-114.02500055962331,51.039105781324224],[-114.0249556438591,51.03898151382568],[-114.02478496395511,51.03903235056992],[-114.02477598080227,51.039105781324224],[-114.02450648621705,51.03903235056992],[-114.02438072207727,51.03907753874018],[-114.02427292424316,51.03880640905744],[-114.0238417329068,51.03882900325827],[-114.02379681714258,51.03891937995138],[-114.0238417329068,51.03904929613894],[-114.02439868838295,51.03920180598121],[-114.0245424188284,51.039416448612464],[-114.0249556438591,51.03939385469812],[-114.02497361016479,51.03932042440033],[-114.02464123350966,51.039235696989074]],[[-114.02447953675852,51.038868543083204],[-114.02443462099431,51.038975865295065],[-114.02453343567556,51.039009756468246],[-114.02468614927386,51.03899281088477],[-114.02461428405114,51.03890243433486],[-114.02447953675852,51.038868543083204]],[[-114.02447055360568,51.039653684048034],[-114.02464123350966,51.0396932231692],[-114.02497361016479,51.03968192628089],[-114.02499157647047,51.03952941801901],[-114.02445258729999,51.03955766032761],[-114.02447055360568,51.039653684048034]],[[-114.0231051143738,51.040224173813094],[-114.02313206383234,51.04025241569818],[-114.02326681112496,51.04020158029262],[-114.02323087851359,51.04013944805453],[-114.0231051143738,51.040224173813094]]],[[[-114.02855788814841,51.03893632556173],[-114.02800418107546,51.03874093931988],[-114.02808208394225,51.03874211930503],[-114.02855788814841,51.03893632556173]]],[[[-114.02849500607853,51.03905494466057],[-114.02762894224422,51.038740766940656],[-114.02774407126985,51.03873878593059],[-114.02849500607853,51.03905494466057]]]]}},{"type":"Feature","id":"ab-flood-2797","properties":{"id":"ab-flood-2797","sourceObjectId":2797,"zone":"Protected Flood Fringe","river":"Elbow River","flowRegime":"Regulated","study":"Bow and Elbow River Flood Study","floodMechanism":"Open Water","layerType":"provincial-design-flood-hazard"},"geometry":{"type":"Polygon","coordinates":[[[-114.04042463305164,51.04452803849369],[-114.04058632980278,51.04454498205268],[-114.04079294231812,51.04434165893609],[-114.0408109086238,51.0444263770098],[-114.04090074015222,51.04438684192801],[-114.04093667276359,51.0444263770098],[-114.04093667276359,51.04461275622654],[-114.04076599285959,51.04473700862112],[-114.04058632980278,51.04477654340403],[-114.04042463305164,51.04452803849369]]]}},{"type":"Feature","id":"ab-flood-2820","properties":{"id":"ab-flood-2820","sourceObjectId":2820,"zone":"Flood Fringe","river":"Elbow River","flowRegime":"Regulated","study":"Bow and Elbow River Flood Study","floodMechanism":"Open Water","layerType":"provincial-design-flood-hazard"},"geometry":{"type":"Polygon","coordinates":[[[-114.04286805062443,51.04527354922535],[-114.04355077024037,51.045143650491305],[-114.04325432619662,51.04531873130831],[-114.04263448865058,51.045459925033555],[-114.04247279189943,51.045092820452766],[-114.04261652234489,51.04497421681254],[-114.04274228648467,51.04461840406988],[-114.0428590674716,51.04452239063934],[-114.04296686530569,51.044505447072105],[-114.043119578904,51.04456192560543],[-114.04329025880799,51.044782191227426],[-114.04369450068583,51.044985512410406],[-114.04286805062443,51.04527354922535]],[[-114.04280516855455,51.04494597780583],[-114.04276025279034,51.045171889377535],[-114.04295788215285,51.04518318492718],[-114.043119578904,51.04513235493201],[-114.04294889900001,51.045081524881056],[-114.04286805062443,51.0449911602083],[-114.04291296638864,51.04478783905012],[-114.04276923594318,51.04465229111551],[-114.04266143810909,51.044934682198345],[-114.04280516855455,51.04494597780583]]]}},{"type":"Feature","id":"ab-flood-2825","properties":{"id":"ab-flood-2825","sourceObjectId":2825,"zone":"High Hazard Flood Fringe","river":"Elbow River","flowRegime":"Regulated","study":"Bow and Elbow River Flood Study","floodMechanism":"Open Water","layerType":"provincial-design-flood-hazard"},"geometry":{"type":"Polygon","coordinates":[[[-114.04284110116592,51.0451775371527],[-114.04274228648467,51.045143650491305],[-114.04279618540171,51.044934682198345],[-114.04266143810909,51.04492338658806],[-114.04276923594318,51.04465229111551],[-114.04291296638864,51.04478783905012],[-114.04286805062443,51.0449911602083],[-114.04294889900001,51.045081524881056],[-114.043119578904,51.04513235493201],[-114.04284110116592,51.0451775371527]]]}},{"type":"Feature","id":"ab-flood-2828","properties":{"id":"ab-flood-2828","sourceObjectId":2828,"zone":"Protected Flood Fringe","river":"Bow River","flowRegime":"Regulated","study":"Bow and Elbow River Flood Study","floodMechanism":"Open Water","layerType":"provincial-design-flood-hazard"},"geometry":{"type":"MultiPolygon","coordinates":[[[[-114.0403078520647,51.04459016484628],[-114.04008327324367,51.04447155991907],[-114.04042463305164,51.04452803849369],[-114.04053243088573,51.04472006513238],[-114.04045158251016,51.04474830427682],[-114.0403078520647,51.04459016484628]]],[[[-114.03115401931952,51.04557852743016],[-114.03101927202691,51.04559547060489],[-114.03110910355531,51.04569712952311],[-114.03110012040247,51.04582702670505],[-114.03100130572122,51.04604728631147],[-114.03088452473429,51.04609246763975],[-114.03014790620131,51.04599080958918],[-114.02974366432346,51.04599645726451],[-114.0283782250916,51.04573666348659],[-114.02819856203477,51.04566324324183],[-114.02780330330977,51.045330026822164],[-114.0279650000609,51.04535826559476],[-114.02841415770297,51.045279196988126],[-114.0289441637206,51.04537520885007],[-114.02910586047173,51.045369561098966],[-114.02922264145866,51.04531308355037],[-114.02926755722287,51.04513235493201],[-114.0291867088473,51.04501939918748],[-114.02890823110921,51.045075877094185],[-114.02880941642796,51.04522271932933],[-114.02879145012228,51.045058933729386],[-114.02900704579048,51.044951625608554],[-114.02890823110921,51.04486690849546],[-114.02864771967683,51.044957273410596],[-114.0283782250916,51.044895147550356],[-114.02814466311771,51.04494597780583],[-114.02800991582511,51.044725712962666],[-114.02782126961544,51.04474830427682],[-114.02779432015693,51.044895147550356],[-114.02761465710009,51.04479348687211],[-114.02760567394725,51.04465793895404],[-114.027506859266,51.04461275622654],[-114.02655464506482,51.044595812692364],[-114.0263300662438,51.04442072914303],[-114.02615040318699,51.04416657442616],[-114.02626718417392,51.0437373321826],[-114.02649176299494,51.04369779651274],[-114.02672532496882,51.04357918930077],[-114.02695888694268,51.04357354133072],[-114.02730024675066,51.043641316925886],[-114.02752482557167,51.04359048523881],[-114.02850398923137,51.0435961332068],[-114.02722838152793,51.04350011765742],[-114.0261324368813,51.04361872507185],[-114.02604260535288,51.04430212378202],[-114.02610548742278,51.044398137669106],[-114.02533293627843,51.044031024673664],[-114.02529700366706,51.04386158692527],[-114.02541378465399,51.04361307710661],[-114.02562938032219,51.04347187775209],[-114.02640193146652,51.04340974989976],[-114.02848602292569,51.043522709569295],[-114.02978858008765,51.04365826080917],[-114.0313246992235,51.04403667258794],[-114.03142351390476,51.04408750378539],[-114.03137859814055,51.044256940707456],[-114.03143249705761,51.044364250437575],[-114.03260030692695,51.04496856901259],[-114.03382201571335,51.04534132233327],[-114.03534016854353,51.045917389747196],[-114.0337411673378,51.04529049251162],[-114.03445981956509,51.04551640240315],[-114.03380404940768,51.04520577601827],[-114.03394777985314,51.04522836709829],[-114.03569051150433,51.04586656055769],[-114.03622950067479,51.04612070594755],[-114.03644509634299,51.04627884015306],[-114.03657086048277,51.04656686892595],[-114.03640916373163,51.04653863089015],[-114.03625645013332,51.04667417330497],[-114.03541203376625,51.04666852571229],[-114.03339980752982,51.0465216880604],[-114.0315852106559,51.04625624958533],[-114.03187267154682,51.04620542076765],[-114.0314774128218,51.046148944238126],[-114.03127978345931,51.0460755246468],[-114.03118096877805,51.04591174206223],[-114.0313875812934,51.04568583409878],[-114.03115401931952,51.04557852743016]],[[-114.03251047539855,51.04620542076765],[-114.03243861017582,51.046148944238126],[-114.0324116607173,51.04619412546725],[-114.03251047539855,51.04620542076765]],[[-114.03460355001054,51.0461771825115],[-114.03452270163497,51.04620542076765],[-114.03462151631624,51.046284487793265],[-114.0347023646918,51.04620542076765],[-114.03460355001054,51.0461771825115]],[[-114.03338184122414,51.0457253680719],[-114.03325607708436,51.045731015779594],[-114.03340879068266,51.04575925430774],[-114.03338184122414,51.0457253680719]],[[-114.03302251511049,51.0454994591995],[-114.0329147172764,51.04542603857877],[-114.03287878466503,51.04547686825166],[-114.03302251511049,51.0454994591995]],[[-114.02828839356317,51.04422305337262],[-114.02833330932738,51.0442851801342],[-114.02867466913536,51.044319067423594],[-114.02880941642796,51.04427388436557],[-114.02871060174671,51.04405926423814],[-114.02851297238422,51.04403667258794],[-114.02828839356317,51.04422305337262]],[[-114.03087554158145,51.045917389747196],[-114.03101927202691,51.04578184511787],[-114.03095638995701,51.04568583409878],[-114.03079469320588,51.0457253680719],[-114.030731811136,51.04598516191314],[-114.03088452473429,51.04601340028636],[-114.03087554158145,51.045917389747196]],[[-114.03573542726853,51.04606987698112],[-114.03614284245695,51.04627579300771],[-114.03613068599354,51.0462618972283],[-114.03573542726853,51.04606987698112]],[[-114.03619985627041,51.04634096415753],[-114.03619356806342,51.04630143070978],[-114.03614284245695,51.04627579300771],[-114.03619985627041,51.04634096415753]],[[-114.03623848382763,51.04658381173916],[-114.03622950067479,51.04637484994303],[-114.03619985627041,51.04634096415753],[-114.03623848382763,51.04658381173916]]],[[[-114.02728228044498,51.03898151382568],[-114.0275517750302,51.03912272686638],[-114.02752482557167,51.03915096942289],[-114.02712058369383,51.03898716235555],[-114.02699481955405,51.038834651806745],[-114.027037525061,51.03874514182538],[-114.02759026572568,51.038741722544586],[-114.02767753916997,51.03881770615923],[-114.02766855601713,51.03893067702564],[-114.02743499404328,51.03903799909361],[-114.02728228044498,51.03898151382568]]],[[[-114.02668040920462,51.03880640905744],[-114.02646907329316,51.038739965563316],[-114.02672374483154,51.03874023234693],[-114.02668040920462,51.03880640905744]]],[[[-114.02569226239208,51.03882900325827],[-114.02686905541428,51.03935996380594],[-114.0266354934404,51.03932042440033],[-114.02692295433133,51.03947858182017],[-114.02629413363243,51.03926393947671],[-114.02620430210403,51.039309127421134],[-114.02614142003414,51.03925829098058],[-114.02609650426993,51.03939950317774],[-114.02603362220003,51.03916791494853],[-114.02577311076764,51.03905494466057],[-114.02553954879379,51.03905494466057],[-114.02544971726536,51.03899281088477],[-114.02529700366706,51.03945033946337],[-114.0253059868199,51.03952941801901],[-114.02542276780683,51.0395689572462],[-114.02538683519548,51.03962544179797],[-114.02543175095968,51.0396932231692],[-114.0253059868199,51.03987962142877],[-114.02544971726536,51.03998694129867],[-114.02531496997274,51.04006601893843],[-114.02592582436594,51.04003212853792],[-114.02597972328299,51.04013379966511],[-114.02590785806026,51.04018463514506],[-114.0260246390472,51.040359734704516],[-114.02609650426993,51.040099909314165],[-114.02614142003414,51.04023547056919],[-114.02622226840971,51.04025241569818],[-114.02629413363243,51.04058566864216],[-114.02650074614778,51.040676041908704],[-114.02646481353642,51.040760766686],[-114.02629413363243,51.040862436214226],[-114.02631209993812,51.040924567482755],[-114.02701278585972,51.040930215775745],[-114.0270936342353,51.04047835015916],[-114.02714753315234,51.040687338554626],[-114.02721939837508,51.040529185261065],[-114.02722838152793,51.040591316976474],[-114.02723736468077,51.040930215775745],[-114.02721041522223,51.04098105038184],[-114.02714753315234,51.04094716065064],[-114.02712956684667,51.04098105038184],[-114.02787516853249,51.04111096078839],[-114.0279200842967,51.04117309172365],[-114.02815364627057,51.04122957431971],[-114.02825246095182,51.04148374514999],[-114.02898009633196,51.0413820769852],[-114.02898009633196,51.04142161463135],[-114.02911484362457,51.04143291109548],[-114.02860280391262,51.04155717201911],[-114.02866568598252,51.04160235772689],[-114.02861178706547,51.041647543390596],[-114.02863873652399,51.041777451928255],[-114.02875551751092,51.04190736010165],[-114.02866568598252,51.04194124913045],[-114.02873755120524,51.0419468972995],[-114.02870161859387,51.042037267910764],[-114.02880941642796,51.042133286492046],[-114.02860280391262,51.04216717535561],[-114.02826144410466,51.04205986053602],[-114.02795601690806,51.04173226639126],[-114.02787516853249,51.041794396493266],[-114.02792906744953,51.04189606375322],[-114.02805483158932,51.04190171192777],[-114.02800991582511,51.04207680499775],[-114.02787516853249,51.042037267910764],[-114.02784821907397,51.04209374945327],[-114.02753380872453,51.04221236046842],[-114.02728228044498,51.04221236046842],[-114.02699481955405,51.04214458278266],[-114.02690498802563,51.04193560096069],[-114.02680617334438,51.04189606375322],[-114.02638396516085,51.042133286492046],[-114.02629413363243,51.04201467527446],[-114.02609650426993,51.04199773079003],[-114.02597074013015,51.04202032343458],[-114.02592582436594,51.042116342050996],[-114.02524310475002,51.04222365673975],[-114.02482089656648,51.04218411977808],[-114.02477598080227,51.042116342050996],[-114.02497361016479,51.041958193635566],[-114.02501852592899,51.04185087833187],[-114.02498259331763,51.041088367700375],[-114.02490174494204,51.04099799523813],[-114.02505445854035,51.04072122847589],[-114.02498259331763,51.040387976506985],[-114.02466818296818,51.040382328147864],[-114.02473106503807,51.04043881170802],[-114.02472208188523,51.04058002030714],[-114.02447953675852,51.04058002030714],[-114.02436275577158,51.04064215195441],[-114.02429089054884,51.040523536919146],[-114.02409326118634,51.04055742696023],[-114.023886648671,51.04050659188931],[-114.02382376660111,51.040591316976474],[-114.02395851389373,51.040659096934675],[-114.02390461497669,51.040687338554626],[-114.02341054157041,51.040630855297465],[-114.02344647418178,51.04050659188931],[-114.0233656258062,51.04043881170802],[-114.02297935023404,51.04048399850657],[-114.02301528284539,51.04055177862177],[-114.02322189536075,51.04060261364306],[-114.02278172087154,51.04055742696023],[-114.02263799042606,51.04047270181108],[-114.02279968717721,51.04041056993654],[-114.02279968717721,51.04033149288485],[-114.02254815889765,51.0403427896148],[-114.02227866431242,51.04023547056919],[-114.021793574059,51.04015639321863],[-114.02139831533398,51.0399982381126],[-114.02120068597148,51.04003777693971],[-114.02018137391205,51.03945111187074],[-114.02037209839398,51.03938235659135],[-114.02083237670499,51.039653684048034],[-114.02094017453908,51.03964803559943],[-114.02083237670499,51.03955766032761],[-114.02106593867886,51.03958590261897],[-114.0211827196658,51.03953506648209],[-114.0211827196658,51.039286533454444],[-114.02111983759592,51.03932042440033],[-114.02116475336011,51.03942209708934],[-114.02110187129023,51.039444690989924],[-114.02097610715046,51.03934866683634],[-114.02113816061326,51.03916185510619],[-114.02216109541988,51.03891955032083],[-114.02304751910256,51.038797408726005],[-114.02376722122844,51.03873541462901],[-114.0243424651287,51.038722520268635],[-114.0246955948868,51.03873013293661],[-114.02473106503807,51.0388007605055],[-114.02474725703394,51.03873200161092],[-114.02585312532075,51.03874984254625],[-114.02569226239208,51.03882900325827]],[[-114.02532395312558,51.04054613028259],[-114.02539581834831,51.040534833602266],[-114.02535988573695,51.04047270181108],[-114.025584464558,51.0404218666472],[-114.0255036161824,51.04036538306639],[-114.0253059868199,51.040393624865416],[-114.02532395312558,51.04054613028259]],[[-114.02517123952728,51.04064215195441],[-114.02513530691593,51.04054613028259],[-114.02514429006877,51.040738173427194],[-114.02517123952728,51.04064215195441]],[[-114.02538683519548,51.0406534486086],[-114.02533293627843,51.04058002030714],[-114.02527903736139,51.04071558015738],[-114.02536886888979,51.040924567482755],[-114.02561141401651,51.040935864068075],[-114.02601565589435,51.04085113961099],[-114.02590785806026,51.040760766686],[-114.02544971726536,51.04072122847589],[-114.02555751509946,51.040676041908704],[-114.02538683519548,51.0406534486086]],[[-114.02523412159718,51.040760766686],[-114.02524310475002,51.040664745260024],[-114.02521615529149,51.04070428351835],[-114.02523412159718,51.040760766686]],[[-114.02691397117847,51.041060126324865],[-114.02708465108246,51.04110531251743],[-114.02721939837508,51.041088367700375],[-114.02691397117847,51.041060126324865]],[[-114.02620430210403,51.04111096078839],[-114.02609650426993,51.04117309172365],[-114.02597074013015,51.04112225732826],[-114.02607853796424,51.041325594575035],[-114.0258719254489,51.0413820769852],[-114.02600667274152,51.04141031816445],[-114.02633904939664,51.04134818754738],[-114.02635701570233,51.041184388248354],[-114.02620430210403,51.04111096078839]],[[-114.02762364025293,51.04115049866591],[-114.0276595728643,51.041195684770344],[-114.02779432015693,51.041195684770344],[-114.02762364025293,51.04115049866591]],[[-114.02747092665463,51.04143855932651],[-114.02738109512623,51.04140466992999],[-114.02731821305633,51.04146115224375],[-114.02747092665463,51.04143855932651]],[[-114.02748889296032,51.0415741166647],[-114.0275517750302,51.041540227367335],[-114.02751584241884,51.04147244869825],[-114.02742601089042,51.04155717201911],[-114.02748889296032,51.0415741166647]],[[-114.02827941041033,51.04163624697881],[-114.02832432617454,51.04167578440803],[-114.02851297238422,51.04159670951583],[-114.0284231408558,51.041579764878506],[-114.02827941041033,51.04163624697881]],[[-114.02813567996488,51.04168708081019],[-114.02820754518761,51.04169272901021],[-114.02819856203477,51.04164189518504],[-114.02810873050636,51.041681432609465],[-114.02818059572908,51.04172661819603],[-114.02813567996488,51.04168708081019]],[[-114.02734516251486,51.04174356277964],[-114.02732719620917,51.041777451928255],[-114.02740804458475,51.041766155548146],[-114.02734516251486,51.04174356277964]],[[-114.02540480150115,51.041777451928255],[-114.02535090258411,51.041805692866504],[-114.02537785204264,51.041913008274825],[-114.02548564987673,51.04182828560471],[-114.02540480150115,51.041777451928255]],[[-114.02724634783361,51.04209374945327],[-114.02733617936202,51.04202032343458],[-114.02732719620917,51.041862174691346],[-114.02724634783361,51.04184523015112],[-114.02715651630518,51.04189606375322],[-114.02712058369383,51.042037267910764],[-114.02724634783361,51.04209374945327]],[[-114.02778533700408,51.042025971593986],[-114.02776737069838,51.0419807862994],[-114.02771347178134,51.042042916068105],[-114.02778533700408,51.042025971593986]],[[-114.0255664982523,51.03879511195288],[-114.02562938032219,51.03881770615923],[-114.02563836347504,51.0387555720653],[-114.0255664982523,51.038749923507176],[-114.0255664982523,51.03879511195288]],[[-114.02464123350966,51.039235696989074],[-114.02482987971932,51.03913967240235],[-114.0249556438591,51.03927523646695],[-114.02500055962331,51.039105781324224],[-114.0249556438591,51.03898151382568],[-114.02478496395511,51.03903235056992],[-114.02477598080227,51.039105781324224],[-114.02450648621705,51.03903235056992],[-114.02438072207727,51.03907753874018],[-114.02427292424316,51.03880640905744],[-114.0238417329068,51.03882900325827],[-114.02379681714258,51.03891937995138],[-114.0238417329068,51.03904929613894],[-114.02439868838295,51.03920180598121],[-114.0245424188284,51.039416448612464],[-114.0249556438591,51.03939385469812],[-114.02497361016479,51.03932042440033],[-114.02464123350966,51.039235696989074]],[[-114.02447953675852,51.038868543083204],[-114.02443462099431,51.038975865295065],[-114.02453343567556,51.039009756468246],[-114.02468614927386,51.03899281088477],[-114.02461428405114,51.03890243433486],[-114.02447953675852,51.038868543083204]],[[-114.02447055360568,51.039653684048034],[-114.02464123350966,51.0396932231692],[-114.02497361016479,51.03968192628089],[-114.02499157647047,51.03952941801901],[-114.02445258729999,51.03955766032761],[-114.02447055360568,51.039653684048034]],[[-114.0231051143738,51.040224173813094],[-114.02313206383234,51.04025241569818],[-114.02326681112496,51.04020158029262],[-114.02323087851359,51.04013944805453],[-114.0231051143738,51.040224173813094]]],[[[-114.02855788814841,51.03893632556173],[-114.02800418107546,51.03874093931988],[-114.02808208394225,51.03874211930503],[-114.02855788814841,51.03893632556173]]],[[[-114.02849500607853,51.03905494466057],[-114.02762894224422,51.038740766940656],[-114.02774407126985,51.03873878593059],[-114.02849500607853,51.03905494466057]]]]}},{"type":"Feature","id":"ab-flood-2831","properties":{"id":"ab-flood-2831","sourceObjectId":2831,"zone":"Protected Flood Fringe","river":"Elbow River","flowRegime":"Regulated","study":"Bow and Elbow River Flood Study","floodMechanism":"Open Water","layerType":"provincial-design-flood-hazard"},"geometry":{"type":"Polygon","coordinates":[[[-114.04042463305164,51.04452803849369],[-114.04058632980278,51.04454498205268],[-114.04079294231812,51.04434165893609],[-114.0408109086238,51.0444263770098],[-114.04090074015222,51.04438684192801],[-114.04093667276359,51.0444263770098],[-114.04093667276359,51.04461275622654],[-114.04076599285959,51.04473700862112],[-114.04058632980278,51.04477654340403],[-114.04042463305164,51.04452803849369]]]}},{"type":"Feature","id":"ab-flood-2854","properties":{"id":"ab-flood-2854","sourceObjectId":2854,"zone":"Flood Fringe","river":"Elbow River","flowRegime":"Regulated","study":"Bow and Elbow River Flood Study","floodMechanism":"Open Water","layerType":"provincial-design-flood-hazard"},"geometry":{"type":"Polygon","coordinates":[[[-114.04286805062443,51.04527354922535],[-114.04355077024037,51.045143650491305],[-114.04325432619662,51.04531873130831],[-114.04263448865058,51.045459925033555],[-114.04247279189943,51.045092820452766],[-114.04261652234489,51.04497421681254],[-114.04274228648467,51.04461840406988],[-114.0428590674716,51.04452239063934],[-114.04296686530569,51.044505447072105],[-114.043119578904,51.04456192560543],[-114.04329025880799,51.044782191227426],[-114.04369450068583,51.044985512410406],[-114.04286805062443,51.04527354922535]],[[-114.04280516855455,51.04494597780583],[-114.04276025279034,51.045171889377535],[-114.04295788215285,51.04518318492718],[-114.043119578904,51.04513235493201],[-114.04294889900001,51.045081524881056],[-114.04286805062443,51.0449911602083],[-114.04291296638864,51.04478783905012],[-114.04276923594318,51.04465229111551],[-114.04266143810909,51.044934682198345],[-114.04280516855455,51.04494597780583]]]}},{"type":"Feature","id":"ab-flood-2859","properties":{"id":"ab-flood-2859","sourceObjectId":2859,"zone":"High Hazard Flood Fringe","river":"Elbow River","flowRegime":"Regulated","study":"Bow and Elbow River Flood Study","floodMechanism":"Open Water","layerType":"provincial-design-flood-hazard"},"geometry":{"type":"Polygon","coordinates":[[[-114.04284110116592,51.0451775371527],[-114.04274228648467,51.045143650491305],[-114.04279618540171,51.044934682198345],[-114.04266143810909,51.04492338658806],[-114.04276923594318,51.04465229111551],[-114.04291296638864,51.04478783905012],[-114.04286805062443,51.0449911602083],[-114.04294889900001,51.045081524881056],[-114.043119578904,51.04513235493201],[-114.04284110116592,51.0451775371527]]]}},{"type":"Feature","id":"ab-flood-2862","properties":{"id":"ab-flood-2862","sourceObjectId":2862,"zone":"Protected Flood Fringe","river":"Bow River","flowRegime":"Regulated","study":"Bow and Elbow River Flood Study","floodMechanism":"Open Water","layerType":"provincial-design-flood-hazard"},"geometry":{"type":"MultiPolygon","coordinates":[[[[-114.0403078520647,51.04459016484628],[-114.04008327324367,51.04447155991907],[-114.04042463305164,51.04452803849369],[-114.04053243088573,51.04472006513238],[-114.04045158251016,51.04474830427682],[-114.0403078520647,51.04459016484628]]],[[[-114.03115401931952,51.04557852743016],[-114.03101927202691,51.04559547060489],[-114.03110910355531,51.04569712952311],[-114.03110012040247,51.04582702670505],[-114.03100130572122,51.04604728631147],[-114.03088452473429,51.04609246763975],[-114.03014790620131,51.04599080958918],[-114.02974366432346,51.04599645726451],[-114.0283782250916,51.04573666348659],[-114.02819856203477,51.04566324324183],[-114.02780330330977,51.045330026822164],[-114.0279650000609,51.04535826559476],[-114.02841415770297,51.045279196988126],[-114.0289441637206,51.04537520885007],[-114.02910586047173,51.045369561098966],[-114.02922264145866,51.04531308355037],[-114.02926755722287,51.04513235493201],[-114.0291867088473,51.04501939918748],[-114.02890823110921,51.045075877094185],[-114.02880941642796,51.04522271932933],[-114.02879145012228,51.045058933729386],[-114.02900704579048,51.044951625608554],[-114.02890823110921,51.04486690849546],[-114.02864771967683,51.044957273410596],[-114.0283782250916,51.044895147550356],[-114.02814466311771,51.04494597780583],[-114.02800991582511,51.044725712962666],[-114.02782126961544,51.04474830427682],[-114.02779432015693,51.044895147550356],[-114.02761465710009,51.04479348687211],[-114.02760567394725,51.04465793895404],[-114.027506859266,51.04461275622654],[-114.02655464506482,51.044595812692364],[-114.0263300662438,51.04442072914303],[-114.02615040318699,51.04416657442616],[-114.02626718417392,51.0437373321826],[-114.02649176299494,51.04369779651274],[-114.02672532496882,51.04357918930077],[-114.02695888694268,51.04357354133072],[-114.02730024675066,51.043641316925886],[-114.02752482557167,51.04359048523881],[-114.02850398923137,51.0435961332068],[-114.02722838152793,51.04350011765742],[-114.0261324368813,51.04361872507185],[-114.02604260535288,51.04430212378202],[-114.02610548742278,51.044398137669106],[-114.02533293627843,51.044031024673664],[-114.02529700366706,51.04386158692527],[-114.02541378465399,51.04361307710661],[-114.02562938032219,51.04347187775209],[-114.02640193146652,51.04340974989976],[-114.02848602292569,51.043522709569295],[-114.02978858008765,51.04365826080917],[-114.0313246992235,51.04403667258794],[-114.03142351390476,51.04408750378539],[-114.03137859814055,51.044256940707456],[-114.03143249705761,51.044364250437575],[-114.03260030692695,51.04496856901259],[-114.03382201571335,51.04534132233327],[-114.03534016854353,51.045917389747196],[-114.0337411673378,51.04529049251162],[-114.03445981956509,51.04551640240315],[-114.03380404940768,51.04520577601827],[-114.03394777985314,51.04522836709829],[-114.03569051150433,51.04586656055769],[-114.03622950067479,51.04612070594755],[-114.03644509634299,51.04627884015306],[-114.03657086048277,51.04656686892595],[-114.03640916373163,51.04653863089015],[-114.03625645013332,51.04667417330497],[-114.03541203376625,51.04666852571229],[-114.03339980752982,51.0465216880604],[-114.0315852106559,51.04625624958533],[-114.03187267154682,51.04620542076765],[-114.0314774128218,51.046148944238126],[-114.03127978345931,51.0460755246468],[-114.03118096877805,51.04591174206223],[-114.0313875812934,51.04568583409878],[-114.03115401931952,51.04557852743016]],[[-114.03251047539855,51.04620542076765],[-114.03243861017582,51.046148944238126],[-114.0324116607173,51.04619412546725],[-114.03251047539855,51.04620542076765]],[[-114.03460355001054,51.0461771825115],[-114.03452270163497,51.04620542076765],[-114.03462151631624,51.046284487793265],[-114.0347023646918,51.04620542076765],[-114.03460355001054,51.0461771825115]],[[-114.03338184122414,51.0457253680719],[-114.03325607708436,51.045731015779594],[-114.03340879068266,51.04575925430774],[-114.03338184122414,51.0457253680719]],[[-114.03302251511049,51.0454994591995],[-114.0329147172764,51.04542603857877],[-114.03287878466503,51.04547686825166],[-114.03302251511049,51.0454994591995]],[[-114.02828839356317,51.04422305337262],[-114.02833330932738,51.0442851801342],[-114.02867466913536,51.044319067423594],[-114.02880941642796,51.04427388436557],[-114.02871060174671,51.04405926423814],[-114.02851297238422,51.04403667258794],[-114.02828839356317,51.04422305337262]],[[-114.03087554158145,51.045917389747196],[-114.03101927202691,51.04578184511787],[-114.03095638995701,51.04568583409878],[-114.03079469320588,51.0457253680719],[-114.030731811136,51.04598516191314],[-114.03088452473429,51.04601340028636],[-114.03087554158145,51.045917389747196]],[[-114.03573542726853,51.04606987698112],[-114.03614284245695,51.04627579300771],[-114.03613068599354,51.0462618972283],[-114.03573542726853,51.04606987698112]],[[-114.03619985627041,51.04634096415753],[-114.03619356806342,51.04630143070978],[-114.03614284245695,51.04627579300771],[-114.03619985627041,51.04634096415753]],[[-114.03623848382763,51.04658381173916],[-114.03622950067479,51.04637484994303],[-114.03619985627041,51.04634096415753],[-114.03623848382763,51.04658381173916]]],[[[-114.02728228044498,51.03898151382568],[-114.0275517750302,51.03912272686638],[-114.02752482557167,51.03915096942289],[-114.02712058369383,51.03898716235555],[-114.02699481955405,51.038834651806745],[-114.027037525061,51.03874514182538],[-114.02759026572568,51.038741722544586],[-114.02767753916997,51.03881770615923],[-114.02766855601713,51.03893067702564],[-114.02743499404328,51.03903799909361],[-114.02728228044498,51.03898151382568]]],[[[-114.02668040920462,51.03880640905744],[-114.02646907329316,51.038739965563316],[-114.02672374483154,51.03874023234693],[-114.02668040920462,51.03880640905744]]],[[[-114.02569226239208,51.03882900325827],[-114.02686905541428,51.03935996380594],[-114.0266354934404,51.03932042440033],[-114.02692295433133,51.03947858182017],[-114.02629413363243,51.03926393947671],[-114.02620430210403,51.039309127421134],[-114.02614142003414,51.03925829098058],[-114.02609650426993,51.03939950317774],[-114.02603362220003,51.03916791494853],[-114.02577311076764,51.03905494466057],[-114.02553954879379,51.03905494466057],[-114.02544971726536,51.03899281088477],[-114.02529700366706,51.03945033946337],[-114.0253059868199,51.03952941801901],[-114.02542276780683,51.0395689572462],[-114.02538683519548,51.03962544179797],[-114.02543175095968,51.0396932231692],[-114.0253059868199,51.03987962142877],[-114.02544971726536,51.03998694129867],[-114.02531496997274,51.04006601893843],[-114.02592582436594,51.04003212853792],[-114.02597972328299,51.04013379966511],[-114.02590785806026,51.04018463514506],[-114.0260246390472,51.040359734704516],[-114.02609650426993,51.040099909314165],[-114.02614142003414,51.04023547056919],[-114.02622226840971,51.04025241569818],[-114.02629413363243,51.04058566864216],[-114.02650074614778,51.040676041908704],[-114.02646481353642,51.040760766686],[-114.02629413363243,51.040862436214226],[-114.02631209993812,51.040924567482755],[-114.02701278585972,51.040930215775745],[-114.0270936342353,51.04047835015916],[-114.02714753315234,51.040687338554626],[-114.02721939837508,51.040529185261065],[-114.02722838152793,51.040591316976474],[-114.02723736468077,51.040930215775745],[-114.02721041522223,51.04098105038184],[-114.02714753315234,51.04094716065064],[-114.02712956684667,51.04098105038184],[-114.02787516853249,51.04111096078839],[-114.0279200842967,51.04117309172365],[-114.02815364627057,51.04122957431971],[-114.02825246095182,51.04148374514999],[-114.02898009633196,51.0413820769852],[-114.02898009633196,51.04142161463135],[-114.02911484362457,51.04143291109548],[-114.02860280391262,51.04155717201911],[-114.02866568598252,51.04160235772689],[-114.02861178706547,51.041647543390596],[-114.02863873652399,51.041777451928255],[-114.02875551751092,51.04190736010165],[-114.02866568598252,51.04194124913045],[-114.02873755120524,51.0419468972995],[-114.02870161859387,51.042037267910764],[-114.02880941642796,51.042133286492046],[-114.02860280391262,51.04216717535561],[-114.02826144410466,51.04205986053602],[-114.02795601690806,51.04173226639126],[-114.02787516853249,51.041794396493266],[-114.02792906744953,51.04189606375322],[-114.02805483158932,51.04190171192777],[-114.02800991582511,51.04207680499775],[-114.02787516853249,51.042037267910764],[-114.02784821907397,51.04209374945327],[-114.02753380872453,51.04221236046842],[-114.02728228044498,51.04221236046842],[-114.02699481955405,51.04214458278266],[-114.02690498802563,51.04193560096069],[-114.02680617334438,51.04189606375322],[-114.02638396516085,51.042133286492046],[-114.02629413363243,51.04201467527446],[-114.02609650426993,51.04199773079003],[-114.02597074013015,51.04202032343458],[-114.02592582436594,51.042116342050996],[-114.02524310475002,51.04222365673975],[-114.02482089656648,51.04218411977808],[-114.02477598080227,51.042116342050996],[-114.02497361016479,51.041958193635566],[-114.02501852592899,51.04185087833187],[-114.02498259331763,51.041088367700375],[-114.02490174494204,51.04099799523813],[-114.02505445854035,51.04072122847589],[-114.02498259331763,51.040387976506985],[-114.02466818296818,51.040382328147864],[-114.02473106503807,51.04043881170802],[-114.02472208188523,51.04058002030714],[-114.02447953675852,51.04058002030714],[-114.02436275577158,51.04064215195441],[-114.02429089054884,51.040523536919146],[-114.02409326118634,51.04055742696023],[-114.023886648671,51.04050659188931],[-114.02382376660111,51.040591316976474],[-114.02395851389373,51.040659096934675],[-114.02390461497669,51.040687338554626],[-114.02341054157041,51.040630855297465],[-114.02344647418178,51.04050659188931],[-114.0233656258062,51.04043881170802],[-114.02297935023404,51.04048399850657],[-114.02301528284539,51.04055177862177],[-114.02322189536075,51.04060261364306],[-114.02278172087154,51.04055742696023],[-114.02263799042606,51.04047270181108],[-114.02279968717721,51.04041056993654],[-114.02279968717721,51.04033149288485],[-114.02254815889765,51.0403427896148],[-114.02227866431242,51.04023547056919],[-114.021793574059,51.04015639321863],[-114.02139831533398,51.0399982381126],[-114.02120068597148,51.04003777693971],[-114.02018137391205,51.03945111187074],[-114.02037209839398,51.03938235659135],[-114.02083237670499,51.039653684048034],[-114.02094017453908,51.03964803559943],[-114.02083237670499,51.03955766032761],[-114.02106593867886,51.03958590261897],[-114.0211827196658,51.03953506648209],[-114.0211827196658,51.039286533454444],[-114.02111983759592,51.03932042440033],[-114.02116475336011,51.03942209708934],[-114.02110187129023,51.039444690989924],[-114.02097610715046,51.03934866683634],[-114.02113816061326,51.03916185510619],[-114.02216109541988,51.03891955032083],[-114.02304751910256,51.038797408726005],[-114.02376722122844,51.03873541462901],[-114.0243424651287,51.038722520268635],[-114.0246955948868,51.03873013293661],[-114.02473106503807,51.0388007605055],[-114.02474725703394,51.03873200161092],[-114.02585312532075,51.03874984254625],[-114.02569226239208,51.03882900325827]],[[-114.02532395312558,51.04054613028259],[-114.02539581834831,51.040534833602266],[-114.02535988573695,51.04047270181108],[-114.025584464558,51.0404218666472],[-114.0255036161824,51.04036538306639],[-114.0253059868199,51.040393624865416],[-114.02532395312558,51.04054613028259]],[[-114.02517123952728,51.04064215195441],[-114.02513530691593,51.04054613028259],[-114.02514429006877,51.040738173427194],[-114.02517123952728,51.04064215195441]],[[-114.02538683519548,51.0406534486086],[-114.02533293627843,51.04058002030714],[-114.02527903736139,51.04071558015738],[-114.02536886888979,51.040924567482755],[-114.02561141401651,51.040935864068075],[-114.02601565589435,51.04085113961099],[-114.02590785806026,51.040760766686],[-114.02544971726536,51.04072122847589],[-114.02555751509946,51.040676041908704],[-114.02538683519548,51.0406534486086]],[[-114.02523412159718,51.040760766686],[-114.02524310475002,51.040664745260024],[-114.02521615529149,51.04070428351835],[-114.02523412159718,51.040760766686]],[[-114.02691397117847,51.041060126324865],[-114.02708465108246,51.04110531251743],[-114.02721939837508,51.041088367700375],[-114.02691397117847,51.041060126324865]],[[-114.02620430210403,51.04111096078839],[-114.02609650426993,51.04117309172365],[-114.02597074013015,51.04112225732826],[-114.02607853796424,51.041325594575035],[-114.0258719254489,51.0413820769852],[-114.02600667274152,51.04141031816445],[-114.02633904939664,51.04134818754738],[-114.02635701570233,51.041184388248354],[-114.02620430210403,51.04111096078839]],[[-114.02762364025293,51.04115049866591],[-114.0276595728643,51.041195684770344],[-114.02779432015693,51.041195684770344],[-114.02762364025293,51.04115049866591]],[[-114.02747092665463,51.04143855932651],[-114.02738109512623,51.04140466992999],[-114.02731821305633,51.04146115224375],[-114.02747092665463,51.04143855932651]],[[-114.02748889296032,51.0415741166647],[-114.0275517750302,51.041540227367335],[-114.02751584241884,51.04147244869825],[-114.02742601089042,51.04155717201911],[-114.02748889296032,51.0415741166647]],[[-114.02827941041033,51.04163624697881],[-114.02832432617454,51.04167578440803],[-114.02851297238422,51.04159670951583],[-114.0284231408558,51.041579764878506],[-114.02827941041033,51.04163624697881]],[[-114.02813567996488,51.04168708081019],[-114.02820754518761,51.04169272901021],[-114.02819856203477,51.04164189518504],[-114.02810873050636,51.041681432609465],[-114.02818059572908,51.04172661819603],[-114.02813567996488,51.04168708081019]],[[-114.02734516251486,51.04174356277964],[-114.02732719620917,51.041777451928255],[-114.02740804458475,51.041766155548146],[-114.02734516251486,51.04174356277964]],[[-114.02540480150115,51.041777451928255],[-114.02535090258411,51.041805692866504],[-114.02537785204264,51.041913008274825],[-114.02548564987673,51.04182828560471],[-114.02540480150115,51.041777451928255]],[[-114.02724634783361,51.04209374945327],[-114.02733617936202,51.04202032343458],[-114.02732719620917,51.041862174691346],[-114.02724634783361,51.04184523015112],[-114.02715651630518,51.04189606375322],[-114.02712058369383,51.042037267910764],[-114.02724634783361,51.04209374945327]],[[-114.02778533700408,51.042025971593986],[-114.02776737069838,51.0419807862994],[-114.02771347178134,51.042042916068105],[-114.02778533700408,51.042025971593986]],[[-114.0255664982523,51.03879511195288],[-114.02562938032219,51.03881770615923],[-114.02563836347504,51.0387555720653],[-114.0255664982523,51.038749923507176],[-114.0255664982523,51.03879511195288]],[[-114.02464123350966,51.039235696989074],[-114.02482987971932,51.03913967240235],[-114.0249556438591,51.03927523646695],[-114.02500055962331,51.039105781324224],[-114.0249556438591,51.03898151382568],[-114.02478496395511,51.03903235056992],[-114.02477598080227,51.039105781324224],[-114.02450648621705,51.03903235056992],[-114.02438072207727,51.03907753874018],[-114.02427292424316,51.03880640905744],[-114.0238417329068,51.03882900325827],[-114.02379681714258,51.03891937995138],[-114.0238417329068,51.03904929613894],[-114.02439868838295,51.03920180598121],[-114.0245424188284,51.039416448612464],[-114.0249556438591,51.03939385469812],[-114.02497361016479,51.03932042440033],[-114.02464123350966,51.039235696989074]],[[-114.02447953675852,51.038868543083204],[-114.02443462099431,51.038975865295065],[-114.02453343567556,51.039009756468246],[-114.02468614927386,51.03899281088477],[-114.02461428405114,51.03890243433486],[-114.02447953675852,51.038868543083204]],[[-114.02447055360568,51.039653684048034],[-114.02464123350966,51.0396932231692],[-114.02497361016479,51.03968192628089],[-114.02499157647047,51.03952941801901],[-114.02445258729999,51.03955766032761],[-114.02447055360568,51.039653684048034]],[[-114.0231051143738,51.040224173813094],[-114.02313206383234,51.04025241569818],[-114.02326681112496,51.04020158029262],[-114.02323087851359,51.04013944805453],[-114.0231051143738,51.040224173813094]]],[[[-114.02855788814841,51.03893632556173],[-114.02800418107546,51.03874093931988],[-114.02808208394225,51.03874211930503],[-114.02855788814841,51.03893632556173]]],[[[-114.02849500607853,51.03905494466057],[-114.02762894224422,51.038740766940656],[-114.02774407126985,51.03873878593059],[-114.02849500607853,51.03905494466057]]]]}},{"type":"Feature","id":"ab-flood-2865","properties":{"id":"ab-flood-2865","sourceObjectId":2865,"zone":"Protected Flood Fringe","river":"Elbow River","flowRegime":"Regulated","study":"Bow and Elbow River Flood Study","floodMechanism":"Open Water","layerType":"provincial-design-flood-hazard"},"geometry":{"type":"Polygon","coordinates":[[[-114.04042463305164,51.04452803849369],[-114.04058632980278,51.04454498205268],[-114.04079294231812,51.04434165893609],[-114.0408109086238,51.0444263770098],[-114.04090074015222,51.04438684192801],[-114.04093667276359,51.0444263770098],[-114.04093667276359,51.04461275622654],[-114.04076599285959,51.04473700862112],[-114.04058632980278,51.04477654340403],[-114.04042463305164,51.04452803849369]]]}},{"type":"Feature","id":"ab-flood-2867","properties":{"id":"ab-flood-2867","sourceObjectId":2867,"zone":"Floodway","river":"Bow River","flowRegime":"Regulated","study":"Bow and Elbow River Flood Study","floodMechanism":"Open Water","layerType":"provincial-design-flood-hazard"},"geometry":{"type":"Polygon","coordinates":[[[-114.0127655054536,51.03904929613894],[-114.01239719618711,51.03945033946337],[-114.0121546510604,51.04012815127502],[-114.01207380268482,51.0406534486086],[-114.0123522804229,51.04115049866591],[-114.01305296634452,51.04186782287006],[-114.01345720822236,51.04248911832277],[-114.01395128162864,51.042811059052674],[-114.01413094468545,51.04298614868582],[-114.01442738872922,51.04304827710623],[-114.01447230449342,51.0431894777519],[-114.01466993385593,51.04315558963618],[-114.0147687485372,51.04322336584282],[-114.01489451267696,51.04323466186762],[-114.01520892302639,51.04310475741616],[-114.01647554757702,51.04347187775209],[-114.01725708187419,51.043556597416455],[-114.01857760534185,51.04350011765742],[-114.01869438632878,51.04367520468626],[-114.0187842178572,51.04369779651274],[-114.01887404938562,51.04364696488767],[-114.01891896514982,51.04336456595482],[-114.01958371846007,51.043330677967184],[-114.02026643807599,51.04322336584282],[-114.02059881473112,51.04307086923848],[-114.02150611316807,51.04279976292457],[-114.02157797839081,51.042731986098225],[-114.02197323711582,51.04265856109107],[-114.02213493386697,51.04256254359846],[-114.02246731052209,51.04253430312159],[-114.02288053555279,51.04242698915246],[-114.02308714806813,51.042297082436164],[-114.02380580029542,51.04217847163793],[-114.0246951324267,51.0421615272134],[-114.02481191341364,51.04224060114156],[-114.02496462701194,51.04226884179745],[-114.02624023471539,51.0421615272134],[-114.02627616732676,51.04220671233173],[-114.02639294831368,51.042155879070506],[-114.0270936342353,51.0421728234971],[-114.0273092299035,51.04224060114156],[-114.02778533700408,51.04220671233173],[-114.02800093267227,51.04225754553716],[-114.02812669681204,51.04215023092693],[-114.02846805662001,51.04222930487435],[-114.02923162461151,51.04230837868684],[-114.02977061378198,51.04225189740597],[-114.03149537912749,51.04255689550447],[-114.03268115530253,51.04283365130059],[-114.03466643208044,51.04339845391765],[-114.03580729249127,51.04365826080917],[-114.03639119742594,51.043895474524525],[-114.03687628767938,51.04396324964866],[-114.03854715410782,51.044465912057824],[-114.04023598684196,51.044878204119485],[-114.0383225752868,51.048023928211656],[-114.03683137191516,51.04758342674982],[-114.03347167275255,51.04728410926356],[-114.03277996998378,51.04706950308283],[-114.03165707587863,51.04686619104707],[-114.03109113724963,51.04678147743545],[-114.03063299645474,51.04676453469453],[-114.02933043929276,51.04653863089015],[-114.02870161859387,51.04649344999707],[-114.02794703375523,51.0460755246468],[-114.02724634783361,51.045776197416366],[-114.02671634181598,51.045403447595106],[-114.02616836949267,51.045217071559655],[-114.02509937430456,51.04473700862112],[-114.02395851389373,51.044516742784275],[-114.02234154638231,51.04440943340745],[-114.02177560775331,51.04457322130383],[-114.02081441039931,51.04510976380515],[-114.01999694349077,51.04527354922535],[-114.019700499447,51.045533345600596],[-114.01961965107142,51.04578184511787],[-114.01969151629416,51.046657230524815],[-114.02005084240781,51.04837971479558],[-114.01977236466972,51.04844183598236],[-114.01941303855608,51.0473123468449],[-114.01917049342937,51.04596821888096],[-114.01906269559527,51.04578184511787],[-114.01906269559527,51.04542603857877],[-114.01899083037254,51.04535261784162],[-114.01871235263448,51.045330026822164],[-114.01873031894016,51.045623709215654],[-114.01862252110605,51.04542603857877],[-114.01825421183958,51.04534132233327],[-114.01709538512306,51.04522271932933],[-114.01670910955089,51.04529049251162],[-114.01623300245029,51.04527354922535],[-114.01509214203946,51.04512105936996],[-114.01448128764626,51.045081524881056],[-114.01384348379455,51.04497421681254],[-114.01370873650193,51.04499680800553],[-114.01347517452805,51.044934682198345],[-114.01332246092976,51.044951625608554],[-114.0131158484144,51.044833021606834],[-114.0131158484144,51.04473700862112],[-114.01299008427462,51.04465793895404],[-114.01252296032689,51.04465229111551],[-114.01172345972401,51.044211757588855],[-114.01148091459731,51.044189166013],[-114.01105870641376,51.043918066243606],[-114.01063649823023,51.04374298013268],[-114.00986394708589,51.04324595788965],[-114.0091452948586,51.042901427978215],[-114.00884885081483,51.04264726492582],[-114.00836376056141,51.042048564224764],[-114.0075900638493,51.04027345451324],[-114.00810626014494,51.039876059962424],[-114.00851260344639,51.03963458487606],[-114.00942782447548,51.03923203992894],[-114.01045010571845,51.038949076578305],[-114.01154040790152,51.03879650073866],[-114.01218001372527,51.038769930891185],[-114.01307936598857,51.0387965869868],[-114.0127655054536,51.03904929613894]],[[-114.02554853194663,51.04348882169735],[-114.02540480150115,51.043607429140685],[-114.02528802051422,51.04382205136148],[-114.02532395312558,51.04403667258794],[-114.02719244891655,51.044985512410406],[-114.02804584843648,51.045623709215654],[-114.0284231408558,51.045764902011314],[-114.02913280993026,51.04594562816174],[-114.03009400728426,51.04610941062649],[-114.03354353797529,51.04658381173916],[-114.03478321306737,51.046651582930046],[-114.03623848382763,51.04681536289868],[-114.03619356806342,51.04676453469453],[-114.0356635620458,51.04667982089699],[-114.03621153436912,51.04668546848833],[-114.0363822142731,51.04681536289868],[-114.03655289417708,51.046775829855825],[-114.03656187732993,51.046414383328106],[-114.03623848382763,51.04610941062649],[-114.03562762943443,51.04582702670505],[-114.03405557768724,51.04525660593286],[-114.03350760536392,51.04514929826993],[-114.03268115530253,51.04484431723913],[-114.03179182317125,51.04437554618416],[-114.03180978947694,51.044245644931934],[-114.03159419380874,51.044053616326615],[-114.03139656444624,51.044047968414404],[-114.03038146817518,51.0437655719261],[-114.0297077317121,51.0436356689634],[-114.02847703977285,51.043517061592354],[-114.02641091461938,51.04339845391765],[-114.02554853194663,51.04348882169735]]]}},{"type":"Feature","id":"ab-flood-14431","properties":{"id":"ab-flood-14431","sourceObjectId":14431,"zone":"Flood Fringe","river":"Elbow River","flowRegime":"Regulated","study":"Bow and Elbow River Flood Study","floodMechanism":"Open Water","layerType":"provincial-design-flood-hazard"},"geometry":{"type":"Polygon","coordinates":[[[-114.04286805062443,51.04527354922535],[-114.04355077024037,51.045143650491305],[-114.04325432619662,51.04531873130831],[-114.04263448865058,51.045459925033555],[-114.04247279189943,51.045092820452766],[-114.04261652234489,51.04497421681254],[-114.04274228648467,51.04461840406988],[-114.0428590674716,51.04452239063934],[-114.04296686530569,51.044505447072105],[-114.043119578904,51.04456192560543],[-114.04329025880799,51.044782191227426],[-114.04369450068583,51.044985512410406],[-114.04286805062443,51.04527354922535]],[[-114.04280516855455,51.04494597780583],[-114.04276025279034,51.045171889377535],[-114.04295788215285,51.04518318492718],[-114.043119578904,51.04513235493201],[-114.04294889900001,51.045081524881056],[-114.04286805062443,51.0449911602083],[-114.04291296638864,51.04478783905012],[-114.04276923594318,51.04465229111551],[-114.04266143810909,51.044934682198345],[-114.04280516855455,51.04494597780583]]]}},{"type":"Feature","id":"ab-flood-14433","properties":{"id":"ab-flood-14433","sourceObjectId":14433,"zone":"Floodway","river":"Elbow River","flowRegime":"Regulated","study":"Bow and Elbow River Flood Study","floodMechanism":"Open Water","layerType":"provincial-design-flood-hazard"},"geometry":{"type":"MultiPolygon","coordinates":[[[[-114.04144871247554,51.04456757345498],[-114.04142176301701,51.04440378553862],[-114.04169125760224,51.04435295468821],[-114.04211346578579,51.043918066243606],[-114.04272432017899,51.04319512576877],[-114.04336212403071,51.0421219901987],[-114.04391009635403,51.04150633804518],[-114.04437722030177,51.04112790559718],[-114.04465569803983,51.041020588370216],[-114.04529350189156,51.04055177862177],[-114.04605706988308,51.040178986761134],[-114.04726081236379,51.03946163640814],[-114.04817709395358,51.03866519505265],[-114.04911134184907,51.03760325194878],[-114.04912032500191,51.0374733317066],[-114.0492730386002,51.03721349012936],[-114.04931795436441,51.03688586171595],[-114.04962338156102,51.03623624680464],[-114.04967728047806,51.03550753750107],[-114.04962338156102,51.03525898286957],[-114.0496413478667,51.03464323951749],[-114.04932693751725,51.03360380098375],[-114.04923710598885,51.03259823499778],[-114.0493538869758,51.03233836608267],[-114.05052169684515,51.03079042104944],[-114.05129424798949,51.03008987418688],[-114.05167154040882,51.03000512989683],[-114.05256087254008,51.03003337801074],[-114.05302799648783,51.0301294214692],[-114.05350410358842,51.030349755710084],[-114.05345918782422,51.03046839679053],[-114.05354901935263,51.030570088903495],[-114.05430360419128,51.03100510264567],[-114.054941408043,51.03155310115857],[-114.05555226243621,51.03187511788074],[-114.05655837555442,51.032315768716835],[-114.05681888698682,51.032349664761455],[-114.05712431418341,51.03256433913496],[-114.0575555055198,51.03272251961598],[-114.0581034778431,51.033061475971536],[-114.05860653440222,51.03351906311895],[-114.05890297844597,51.03358685342319],[-114.0589748436687,51.03384671533743],[-114.05938806869939,51.03414047052929],[-114.05948688338064,51.03431559293078],[-114.06018756930227,51.03501607591889],[-114.06074452477843,51.03546234584906],[-114.06104995197502,51.03562616537791],[-114.06219979553869,51.035857771309836],[-114.06440965113762,51.0357391440259],[-114.06541576425585,51.035530133310544],[-114.06630509638711,51.035151652048384],[-114.06717646221271,51.03438338206984],[-114.06722591368771,51.03424485530004],[-114.06763008233078,51.03424485530004],[-114.06757172093774,51.034564152622465],[-114.0669967991559,51.035208141985265],[-114.06573915775812,51.03597074939314],[-114.06496660661378,51.036185406992516],[-114.06316997604554,51.03612891824699],[-114.06248725642962,51.03617975812107],[-114.06150809276993,51.036111971609884],[-114.06121164872616,51.03615716262835],[-114.06075350793127,51.0360102916572],[-114.06022350191364,51.0357278461735],[-114.05978332742441,51.03537761138273],[-114.0589748436687,51.03459239795759],[-114.05875026484767,51.03449636374788],[-114.05863348386075,51.03424780369259],[-114.05809449469027,51.03360945016922],[-114.05707041526637,51.03286940100777],[-114.05686380275102,51.03284115462243],[-114.05627091466351,51.03255304050854],[-114.05589362224417,51.032457002072505],[-114.0548964922788,51.03207284633823],[-114.05381851393786,51.03133842210078],[-114.0532615584617,51.030852565824304],[-114.0526507040685,51.030457097653084],[-114.05239917578895,51.03037235403454],[-114.05200391706394,51.03033845654371],[-114.05154577626904,51.03044014894178],[-114.05093492187584,51.030982504629755],[-114.04997372452183,51.03244005409255],[-114.04986592668773,51.032688623844074],[-114.04984796038205,51.033389131425324],[-114.05023423595422,51.033880610262294],[-114.05007253920309,51.03410092666963],[-114.05018932019001,51.03469408102159],[-114.05019830334285,51.03614586487788],[-114.05004558974456,51.03686891535569],[-114.04943473535135,51.038026902381695],[-114.04871608312405,51.03885724599381],[-114.04767403739449,51.039749707569484],[-114.04726081236379,51.03999258970598],[-114.04680267156888,51.04036538306639],[-114.04545519864271,51.04115614693137],[-114.04483536109667,51.04143855932651],[-114.04475451272108,51.04156846845018],[-114.04422450670346,51.04196948996886],[-114.04391907950686,51.042347915542436],[-114.04401789418812,51.04230273056183],[-114.04417959093925,51.04230837868684],[-114.04379331536708,51.04304827710623],[-114.04342500610059,51.04330808596167],[-114.04352382078184,51.04357918930077],[-114.04320042727957,51.043562245388564],[-114.04304771368126,51.043703444467646],[-114.0428590674716,51.04431341954375],[-114.04273330333183,51.044460264195884],[-114.04261652234489,51.04496292121192],[-114.04247279189943,51.045092820452766],[-114.04263448865058,51.045459925033555],[-114.04223024677272,51.045550288791866],[-114.04155651030963,51.04531873130831],[-114.04073006024824,51.044957273410596],[-114.04066717817835,51.0448725563078],[-114.04144871247554,51.04456757345498]]],[[[-114.06538881479732,51.03364334526764],[-114.06454439843024,51.03318011011028],[-114.06431083645637,51.032942841529106],[-114.06378711733821,51.031893015619026],[-114.06419165684817,51.032270364995455],[-114.06484823712333,51.03296763081811],[-114.06546897370085,51.033324035596344],[-114.06606574778795,51.03381011346621],[-114.06538881479732,51.03364334526764]]]]}},{"type":"Feature","id":"ab-flood-14435","properties":{"id":"ab-flood-14435","sourceObjectId":14435,"zone":"High Hazard Flood Fringe","river":"Elbow River","flowRegime":"Regulated","study":"Bow and Elbow River Flood Study","floodMechanism":"Open Water","layerType":"provincial-design-flood-hazard"},"geometry":{"type":"Polygon","coordinates":[[[-114.04284110116592,51.0451775371527],[-114.04274228648467,51.045143650491305],[-114.04279618540171,51.044934682198345],[-114.04266143810909,51.04492338658806],[-114.04276923594318,51.04465229111551],[-114.04291296638864,51.04478783905012],[-114.04286805062443,51.0449911602083],[-114.04294889900001,51.045081524881056],[-114.043119578904,51.04513235493201],[-114.04284110116592,51.0451775371527]]]}},{"type":"Feature","id":"ab-flood-14436","properties":{"id":"ab-flood-14436","sourceObjectId":14436,"zone":"Protected Flood Fringe","river":"Bow River","flowRegime":"Regulated","study":"Bow and Elbow River Flood Study","floodMechanism":"Open Water","layerType":"provincial-design-flood-hazard"},"geometry":{"type":"MultiPolygon","coordinates":[[[[-114.0403078520647,51.04459016484628],[-114.04008327324367,51.04447155991907],[-114.04042463305164,51.04452803849369],[-114.04053243088573,51.04472006513238],[-114.04045158251016,51.04474830427682],[-114.0403078520647,51.04459016484628]]],[[[-114.03115401931952,51.04557852743016],[-114.03101927202691,51.04559547060489],[-114.03110910355531,51.04569712952311],[-114.03110012040247,51.04582702670505],[-114.03100130572122,51.04604728631147],[-114.03088452473429,51.04609246763975],[-114.03014790620131,51.04599080958918],[-114.02974366432346,51.04599645726451],[-114.0283782250916,51.04573666348659],[-114.02819856203477,51.04566324324183],[-114.02780330330977,51.045330026822164],[-114.0279650000609,51.04535826559476],[-114.02841415770297,51.045279196988126],[-114.0289441637206,51.04537520885007],[-114.02910586047173,51.045369561098966],[-114.02922264145866,51.04531308355037],[-114.02926755722287,51.04513235493201],[-114.0291867088473,51.04501939918748],[-114.02890823110921,51.045075877094185],[-114.02880941642796,51.04522271932933],[-114.02879145012228,51.045058933729386],[-114.02900704579048,51.044951625608554],[-114.02890823110921,51.04486690849546],[-114.02864771967683,51.044957273410596],[-114.0283782250916,51.044895147550356],[-114.02814466311771,51.04494597780583],[-114.02800991582511,51.044725712962666],[-114.02782126961544,51.04474830427682],[-114.02779432015693,51.044895147550356],[-114.02761465710009,51.04479348687211],[-114.02760567394725,51.04465793895404],[-114.027506859266,51.04461275622654],[-114.02655464506482,51.044595812692364],[-114.0263300662438,51.04442072914303],[-114.02615040318699,51.04416657442616],[-114.02626718417392,51.0437373321826],[-114.02649176299494,51.04369779651274],[-114.02672532496882,51.04357918930077],[-114.02695888694268,51.04357354133072],[-114.02730024675066,51.043641316925886],[-114.02752482557167,51.04359048523881],[-114.02850398923137,51.0435961332068],[-114.02722838152793,51.04350011765742],[-114.0261324368813,51.04361872507185],[-114.02604260535288,51.04430212378202],[-114.02610548742278,51.044398137669106],[-114.02533293627843,51.044031024673664],[-114.02529700366706,51.04386158692527],[-114.02541378465399,51.04361307710661],[-114.02562938032219,51.04347187775209],[-114.02640193146652,51.04340974989976],[-114.02848602292569,51.043522709569295],[-114.02978858008765,51.04365826080917],[-114.0313246992235,51.04403667258794],[-114.03142351390476,51.04408750378539],[-114.03137859814055,51.044256940707456],[-114.03143249705761,51.044364250437575],[-114.03260030692695,51.04496856901259],[-114.03382201571335,51.04534132233327],[-114.03534016854353,51.045917389747196],[-114.0337411673378,51.04529049251162],[-114.03445981956509,51.04551640240315],[-114.03380404940768,51.04520577601827],[-114.03394777985314,51.04522836709829],[-114.03569051150433,51.04586656055769],[-114.03622950067479,51.04612070594755],[-114.03644509634299,51.04627884015306],[-114.03657086048277,51.04656686892595],[-114.03640916373163,51.04653863089015],[-114.03625645013332,51.04667417330497],[-114.03541203376625,51.04666852571229],[-114.03339980752982,51.0465216880604],[-114.0315852106559,51.04625624958533],[-114.03187267154682,51.04620542076765],[-114.0314774128218,51.046148944238126],[-114.03127978345931,51.0460755246468],[-114.03118096877805,51.04591174206223],[-114.0313875812934,51.04568583409878],[-114.03115401931952,51.04557852743016]],[[-114.03251047539855,51.04620542076765],[-114.03243861017582,51.046148944238126],[-114.0324116607173,51.04619412546725],[-114.03251047539855,51.04620542076765]],[[-114.03460355001054,51.0461771825115],[-114.03452270163497,51.04620542076765],[-114.03462151631624,51.046284487793265],[-114.0347023646918,51.04620542076765],[-114.03460355001054,51.0461771825115]],[[-114.03338184122414,51.0457253680719],[-114.03325607708436,51.045731015779594],[-114.03340879068266,51.04575925430774],[-114.03338184122414,51.0457253680719]],[[-114.03302251511049,51.0454994591995],[-114.0329147172764,51.04542603857877],[-114.03287878466503,51.04547686825166],[-114.03302251511049,51.0454994591995]],[[-114.02828839356317,51.04422305337262],[-114.02833330932738,51.0442851801342],[-114.02867466913536,51.044319067423594],[-114.02880941642796,51.04427388436557],[-114.02871060174671,51.04405926423814],[-114.02851297238422,51.04403667258794],[-114.02828839356317,51.04422305337262]],[[-114.03087554158145,51.045917389747196],[-114.03101927202691,51.04578184511787],[-114.03095638995701,51.04568583409878],[-114.03079469320588,51.0457253680719],[-114.030731811136,51.04598516191314],[-114.03088452473429,51.04601340028636],[-114.03087554158145,51.045917389747196]],[[-114.03573542726853,51.04606987698112],[-114.03614284245695,51.04627579300771],[-114.03613068599354,51.0462618972283],[-114.03573542726853,51.04606987698112]],[[-114.03619985627041,51.04634096415753],[-114.03619356806342,51.04630143070978],[-114.03614284245695,51.04627579300771],[-114.03619985627041,51.04634096415753]],[[-114.03623848382763,51.04658381173916],[-114.03622950067479,51.04637484994303],[-114.03619985627041,51.04634096415753],[-114.03623848382763,51.04658381173916]]],[[[-114.02728228044498,51.03898151382568],[-114.0275517750302,51.03912272686638],[-114.02752482557167,51.03915096942289],[-114.02712058369383,51.03898716235555],[-114.02699481955405,51.038834651806745],[-114.027037525061,51.03874514182538],[-114.02759026572568,51.038741722544586],[-114.02767753916997,51.03881770615923],[-114.02766855601713,51.03893067702564],[-114.02743499404328,51.03903799909361],[-114.02728228044498,51.03898151382568]]],[[[-114.02668040920462,51.03880640905744],[-114.02646907329316,51.038739965563316],[-114.02672374483154,51.03874023234693],[-114.02668040920462,51.03880640905744]]],[[[-114.02569226239208,51.03882900325827],[-114.02686905541428,51.03935996380594],[-114.0266354934404,51.03932042440033],[-114.02692295433133,51.03947858182017],[-114.02629413363243,51.03926393947671],[-114.02620430210403,51.039309127421134],[-114.02614142003414,51.03925829098058],[-114.02609650426993,51.03939950317774],[-114.02603362220003,51.03916791494853],[-114.02577311076764,51.03905494466057],[-114.02553954879379,51.03905494466057],[-114.02544971726536,51.03899281088477],[-114.02529700366706,51.03945033946337],[-114.0253059868199,51.03952941801901],[-114.02542276780683,51.0395689572462],[-114.02538683519548,51.03962544179797],[-114.02543175095968,51.0396932231692],[-114.0253059868199,51.03987962142877],[-114.02544971726536,51.03998694129867],[-114.02531496997274,51.04006601893843],[-114.02592582436594,51.04003212853792],[-114.02597972328299,51.04013379966511],[-114.02590785806026,51.04018463514506],[-114.0260246390472,51.040359734704516],[-114.02609650426993,51.040099909314165],[-114.02614142003414,51.04023547056919],[-114.02622226840971,51.04025241569818],[-114.02629413363243,51.04058566864216],[-114.02650074614778,51.040676041908704],[-114.02646481353642,51.040760766686],[-114.02629413363243,51.040862436214226],[-114.02631209993812,51.040924567482755],[-114.02701278585972,51.040930215775745],[-114.0270936342353,51.04047835015916],[-114.02714753315234,51.040687338554626],[-114.02721939837508,51.040529185261065],[-114.02722838152793,51.040591316976474],[-114.02723736468077,51.040930215775745],[-114.02721041522223,51.04098105038184],[-114.02714753315234,51.04094716065064],[-114.02712956684667,51.04098105038184],[-114.02787516853249,51.04111096078839],[-114.0279200842967,51.04117309172365],[-114.02815364627057,51.04122957431971],[-114.02825246095182,51.04148374514999],[-114.02898009633196,51.0413820769852],[-114.02898009633196,51.04142161463135],[-114.02911484362457,51.04143291109548],[-114.02860280391262,51.04155717201911],[-114.02866568598252,51.04160235772689],[-114.02861178706547,51.041647543390596],[-114.02863873652399,51.041777451928255],[-114.02875551751092,51.04190736010165],[-114.02866568598252,51.04194124913045],[-114.02873755120524,51.0419468972995],[-114.02870161859387,51.042037267910764],[-114.02880941642796,51.042133286492046],[-114.02860280391262,51.04216717535561],[-114.02826144410466,51.04205986053602],[-114.02795601690806,51.04173226639126],[-114.02787516853249,51.041794396493266],[-114.02792906744953,51.04189606375322],[-114.02805483158932,51.04190171192777],[-114.02800991582511,51.04207680499775],[-114.02787516853249,51.042037267910764],[-114.02784821907397,51.04209374945327],[-114.02753380872453,51.04221236046842],[-114.02728228044498,51.04221236046842],[-114.02699481955405,51.04214458278266],[-114.02690498802563,51.04193560096069],[-114.02680617334438,51.04189606375322],[-114.02638396516085,51.042133286492046],[-114.02629413363243,51.04201467527446],[-114.02609650426993,51.04199773079003],[-114.02597074013015,51.04202032343458],[-114.02592582436594,51.042116342050996],[-114.02524310475002,51.04222365673975],[-114.02482089656648,51.04218411977808],[-114.02477598080227,51.042116342050996],[-114.02497361016479,51.041958193635566],[-114.02501852592899,51.04185087833187],[-114.02498259331763,51.041088367700375],[-114.02490174494204,51.04099799523813],[-114.02505445854035,51.04072122847589],[-114.02498259331763,51.040387976506985],[-114.02466818296818,51.040382328147864],[-114.02473106503807,51.04043881170802],[-114.02472208188523,51.04058002030714],[-114.02447953675852,51.04058002030714],[-114.02436275577158,51.04064215195441],[-114.02429089054884,51.040523536919146],[-114.02409326118634,51.04055742696023],[-114.023886648671,51.04050659188931],[-114.02382376660111,51.040591316976474],[-114.02395851389373,51.040659096934675],[-114.02390461497669,51.040687338554626],[-114.02341054157041,51.040630855297465],[-114.02344647418178,51.04050659188931],[-114.0233656258062,51.04043881170802],[-114.02297935023404,51.04048399850657],[-114.02301528284539,51.04055177862177],[-114.02322189536075,51.04060261364306],[-114.02278172087154,51.04055742696023],[-114.02263799042606,51.04047270181108],[-114.02279968717721,51.04041056993654],[-114.02279968717721,51.04033149288485],[-114.02254815889765,51.0403427896148],[-114.02227866431242,51.04023547056919],[-114.021793574059,51.04015639321863],[-114.02139831533398,51.0399982381126],[-114.02120068597148,51.04003777693971],[-114.02018137391205,51.03945111187074],[-114.02037209839398,51.03938235659135],[-114.02083237670499,51.039653684048034],[-114.02094017453908,51.03964803559943],[-114.02083237670499,51.03955766032761],[-114.02106593867886,51.03958590261897],[-114.0211827196658,51.03953506648209],[-114.0211827196658,51.039286533454444],[-114.02111983759592,51.03932042440033],[-114.02116475336011,51.03942209708934],[-114.02110187129023,51.039444690989924],[-114.02097610715046,51.03934866683634],[-114.02113816061326,51.03916185510619],[-114.02216109541988,51.03891955032083],[-114.02304751910256,51.038797408726005],[-114.02376722122844,51.03873541462901],[-114.0243424651287,51.038722520268635],[-114.0246955948868,51.03873013293661],[-114.02473106503807,51.0388007605055],[-114.02474725703394,51.03873200161092],[-114.02585312532075,51.03874984254625],[-114.02569226239208,51.03882900325827]],[[-114.02532395312558,51.04054613028259],[-114.02539581834831,51.040534833602266],[-114.02535988573695,51.04047270181108],[-114.025584464558,51.0404218666472],[-114.0255036161824,51.04036538306639],[-114.0253059868199,51.040393624865416],[-114.02532395312558,51.04054613028259]],[[-114.02517123952728,51.04064215195441],[-114.02513530691593,51.04054613028259],[-114.02514429006877,51.040738173427194],[-114.02517123952728,51.04064215195441]],[[-114.02538683519548,51.0406534486086],[-114.02533293627843,51.04058002030714],[-114.02527903736139,51.04071558015738],[-114.02536886888979,51.040924567482755],[-114.02561141401651,51.040935864068075],[-114.02601565589435,51.04085113961099],[-114.02590785806026,51.040760766686],[-114.02544971726536,51.04072122847589],[-114.02555751509946,51.040676041908704],[-114.02538683519548,51.0406534486086]],[[-114.02523412159718,51.040760766686],[-114.02524310475002,51.040664745260024],[-114.02521615529149,51.04070428351835],[-114.02523412159718,51.040760766686]],[[-114.02691397117847,51.041060126324865],[-114.02708465108246,51.04110531251743],[-114.02721939837508,51.041088367700375],[-114.02691397117847,51.041060126324865]],[[-114.02620430210403,51.04111096078839],[-114.02609650426993,51.04117309172365],[-114.02597074013015,51.04112225732826],[-114.02607853796424,51.041325594575035],[-114.0258719254489,51.0413820769852],[-114.02600667274152,51.04141031816445],[-114.02633904939664,51.04134818754738],[-114.02635701570233,51.041184388248354],[-114.02620430210403,51.04111096078839]],[[-114.02762364025293,51.04115049866591],[-114.0276595728643,51.041195684770344],[-114.02779432015693,51.041195684770344],[-114.02762364025293,51.04115049866591]],[[-114.02747092665463,51.04143855932651],[-114.02738109512623,51.04140466992999],[-114.02731821305633,51.04146115224375],[-114.02747092665463,51.04143855932651]],[[-114.02748889296032,51.0415741166647],[-114.0275517750302,51.041540227367335],[-114.02751584241884,51.04147244869825],[-114.02742601089042,51.04155717201911],[-114.02748889296032,51.0415741166647]],[[-114.02827941041033,51.04163624697881],[-114.02832432617454,51.04167578440803],[-114.02851297238422,51.04159670951583],[-114.0284231408558,51.041579764878506],[-114.02827941041033,51.04163624697881]],[[-114.02813567996488,51.04168708081019],[-114.02820754518761,51.04169272901021],[-114.02819856203477,51.04164189518504],[-114.02810873050636,51.041681432609465],[-114.02818059572908,51.04172661819603],[-114.02813567996488,51.04168708081019]],[[-114.02734516251486,51.04174356277964],[-114.02732719620917,51.041777451928255],[-114.02740804458475,51.041766155548146],[-114.02734516251486,51.04174356277964]],[[-114.02540480150115,51.041777451928255],[-114.02535090258411,51.041805692866504],[-114.02537785204264,51.041913008274825],[-114.02548564987673,51.04182828560471],[-114.02540480150115,51.041777451928255]],[[-114.02724634783361,51.04209374945327],[-114.02733617936202,51.04202032343458],[-114.02732719620917,51.041862174691346],[-114.02724634783361,51.04184523015112],[-114.02715651630518,51.04189606375322],[-114.02712058369383,51.042037267910764],[-114.02724634783361,51.04209374945327]],[[-114.02778533700408,51.042025971593986],[-114.02776737069838,51.0419807862994],[-114.02771347178134,51.042042916068105],[-114.02778533700408,51.042025971593986]],[[-114.0255664982523,51.03879511195288],[-114.02562938032219,51.03881770615923],[-114.02563836347504,51.0387555720653],[-114.0255664982523,51.038749923507176],[-114.0255664982523,51.03879511195288]],[[-114.02464123350966,51.039235696989074],[-114.02482987971932,51.03913967240235],[-114.0249556438591,51.03927523646695],[-114.02500055962331,51.039105781324224],[-114.0249556438591,51.03898151382568],[-114.02478496395511,51.03903235056992],[-114.02477598080227,51.039105781324224],[-114.02450648621705,51.03903235056992],[-114.02438072207727,51.03907753874018],[-114.02427292424316,51.03880640905744],[-114.0238417329068,51.03882900325827],[-114.02379681714258,51.03891937995138],[-114.0238417329068,51.03904929613894],[-114.02439868838295,51.03920180598121],[-114.0245424188284,51.039416448612464],[-114.0249556438591,51.03939385469812],[-114.02497361016479,51.03932042440033],[-114.02464123350966,51.039235696989074]],[[-114.02447953675852,51.038868543083204],[-114.02443462099431,51.038975865295065],[-114.02453343567556,51.039009756468246],[-114.02468614927386,51.03899281088477],[-114.02461428405114,51.03890243433486],[-114.02447953675852,51.038868543083204]],[[-114.02447055360568,51.039653684048034],[-114.02464123350966,51.0396932231692],[-114.02497361016479,51.03968192628089],[-114.02499157647047,51.03952941801901],[-114.02445258729999,51.03955766032761],[-114.02447055360568,51.039653684048034]],[[-114.0231051143738,51.040224173813094],[-114.02313206383234,51.04025241569818],[-114.02326681112496,51.04020158029262],[-114.02323087851359,51.04013944805453],[-114.0231051143738,51.040224173813094]]],[[[-114.02855788814841,51.03893632556173],[-114.02800418107546,51.03874093931988],[-114.02808208394225,51.03874211930503],[-114.02855788814841,51.03893632556173]]],[[[-114.02849500607853,51.03905494466057],[-114.02762894224422,51.038740766940656],[-114.02774407126985,51.03873878593059],[-114.02849500607853,51.03905494466057]]]]}},{"type":"Feature","id":"ab-flood-14437","properties":{"id":"ab-flood-14437","sourceObjectId":14437,"zone":"Protected Flood Fringe","river":"Elbow River","flowRegime":"Regulated","study":"Bow and Elbow River Flood Study","floodMechanism":"Open Water","layerType":"provincial-design-flood-hazard"},"geometry":{"type":"Polygon","coordinates":[[[-114.04042463305164,51.04452803849369],[-114.04058632980278,51.04454498205268],[-114.04079294231812,51.04434165893609],[-114.0408109086238,51.0444263770098],[-114.04090074015222,51.04438684192801],[-114.04093667276359,51.0444263770098],[-114.04093667276359,51.04461275622654],[-114.04076599285959,51.04473700862112],[-114.04058632980278,51.04477654340403],[-114.04042463305164,51.04452803849369]]]}},{"type":"Feature","id":"ab-flood-14438","properties":{"id":"ab-flood-14438","sourceObjectId":14438,"zone":"Flood Fringe","river":"Bow River","flowRegime":"Regulated","study":"Bow and Elbow River Flood Study","floodMechanism":"Open Water","layerType":"provincial-design-flood-hazard"},"geometry":{"type":"Polygon","coordinates":[[[-114.00800443444777,51.041252167338875],[-114.00851647415972,51.04228013805502],[-114.00912732855292,51.04289013187217],[-114.00989987969726,51.043268549925465],[-114.01074429606432,51.04379381165241],[-114.0106724308416,51.04379945959558],[-114.0107802286757,51.043895474524525],[-114.00944173890235,51.04323466186762],[-114.00882190135631,51.04270939380074],[-114.00836376056141,51.0421615272134],[-114.00813019858754,51.04170967360621],[-114.00756024752022,51.0402998337665],[-114.0076210032463,51.04024608165367],[-114.00800443444777,51.041252167338875]]]}},{"type":"Feature","id":"ab-flood-14443","properties":{"id":"ab-flood-14443","sourceObjectId":14443,"zone":"Flood Fringe","river":"Bow River","flowRegime":"Regulated","study":"Bow and Elbow River Flood Study","floodMechanism":"Open Water","layerType":"provincial-design-flood-hazard"},"geometry":{"type":"Polygon","coordinates":[[[-114.01691572206623,51.04036538306639],[-114.0171492840401,51.04046140511282],[-114.01724809872135,51.04042751500151],[-114.01711335142873,51.04025806407315],[-114.01717623349863,51.04019593191078],[-114.01740081231965,51.04013944805453],[-114.01731996394408,51.04024111894622],[-114.01747267754237,51.04024111894622],[-114.01751759330658,51.0404218666472],[-114.0174547112367,51.04051788857656],[-114.01735589655544,51.0404896468533],[-114.01741877862533,51.040568723635054],[-114.01736487970828,51.040738173427194],[-114.01718521665147,51.040698635197806],[-114.01691572206623,51.04036538306639]]]}},{"type":"Feature","id":"ab-flood-14444","properties":{"id":"ab-flood-14444","sourceObjectId":14444,"zone":"Flood Fringe","river":"Bow River","flowRegime":"Regulated","study":"Bow and Elbow River Flood Study","floodMechanism":"Open Water","layerType":"provincial-design-flood-hazard"},"geometry":{"type":"Polygon","coordinates":[[[-114.01488552952412,51.04239874859295],[-114.0151011251923,51.04245522969474],[-114.01492146213549,51.042443933479895],[-114.01500231051105,51.04249476642502],[-114.01495739474684,51.04252300692601],[-114.01484061375992,51.042443933479895],[-114.01488552952412,51.04239874859295]]]}},{"type":"Feature","id":"ab-flood-14445","properties":{"id":"ab-flood-14445","sourceObjectId":14445,"zone":"Flood Fringe","river":"Bow River","flowRegime":"Regulated","study":"Bow and Elbow River Flood Study","floodMechanism":"Open Water","layerType":"provincial-design-flood-hazard"},"geometry":{"type":"Polygon","coordinates":[[[-114.01480468114855,51.04251735882721],[-114.01489451267696,51.04264726492582],[-114.0146429843974,51.04243263726227],[-114.01480468114855,51.04251735882721]]]}},{"type":"Feature","id":"ab-flood-14446","properties":{"id":"ab-flood-14446","sourceObjectId":14446,"zone":"Flood Fringe","river":"Bow River","flowRegime":"Regulated","study":"Bow and Elbow River Flood Study","floodMechanism":"Open Water","layerType":"provincial-design-flood-hazard"},"geometry":{"type":"Polygon","coordinates":[[[-114.01506519258095,51.04138772522244],[-114.01518197356788,51.04134818754738],[-114.0152538387906,51.04144985578652],[-114.01508315888663,51.04145550401549],[-114.01506519258095,51.04138772522244]]]}},{"type":"Feature","id":"ab-flood-14447","properties":{"id":"ab-flood-14447","sourceObjectId":14447,"zone":"Flood Fringe","river":"Bow River","flowRegime":"Regulated","study":"Bow and Elbow River Flood Study","floodMechanism":"Open Water","layerType":"provincial-design-flood-hazard"},"geometry":{"type":"Polygon","coordinates":[[[-114.01412196153261,51.04144985578652],[-114.0141399278383,51.04151763448865],[-114.01393331532294,51.04150068982242],[-114.0138794164059,51.04144985578652],[-114.01393331532294,51.04141596639826],[-114.01412196153261,51.04144985578652]]]}},{"type":"Feature","id":"ab-flood-14448","properties":{"id":"ab-flood-14448","sourceObjectId":14448,"zone":"Flood Fringe","river":"Bow River","flowRegime":"Regulated","study":"Bow and Elbow River Flood Study","floodMechanism":"Open Water","layerType":"provincial-design-flood-hazard"},"geometry":{"type":"Polygon","coordinates":[[[-114.01334941038827,51.0410544780477],[-114.01328652831839,51.04115049866591],[-114.01320567994281,51.04099799523813],[-114.0132685620127,51.04095280894091],[-114.01334941038827,51.0410544780477]]]}},{"type":"Feature","id":"ab-flood-14449","properties":{"id":"ab-flood-14449","sourceObjectId":14449,"zone":"Flood Fringe","river":"Bow River","flowRegime":"Regulated","study":"Bow and Elbow River Flood Study","floodMechanism":"Open Water","layerType":"provincial-design-flood-hazard"},"geometry":{"type":"Polygon","coordinates":[[[-114.01316076417861,51.04178874830561],[-114.01308889895589,51.04174921097281],[-114.01301703373315,51.041777451928255],[-114.01295415166325,51.04163624697881],[-114.01318771363714,51.04178874830561],[-114.01316076417861,51.04184523015112],[-114.01306194949736,51.04184523015112],[-114.01316076417861,51.04178874830561]]]}},{"type":"Feature","id":"ab-flood-14467","properties":{"id":"ab-flood-14467","sourceObjectId":14467,"zone":"Flood Fringe","river":"Bow River","flowRegime":"Regulated","study":"Bow and Elbow River Flood Study","floodMechanism":"Open Water","layerType":"provincial-design-flood-hazard"},"geometry":{"type":"MultiPolygon","coordinates":[[[[-114.02154204577946,51.0423648598988],[-114.021793574059,51.04249476642502],[-114.02197323711582,51.04250041452662],[-114.0224942599806,51.04242134104193],[-114.02297935023404,51.04220671233173],[-114.02383274975395,51.04207115684453],[-114.02445258729999,51.04209939760375],[-114.02451546936989,51.04217847163793],[-114.02381478344827,51.04217847163793],[-114.02311409752664,51.04229143430981],[-114.02288053555279,51.04242698915246],[-114.02245832736925,51.04253995121833],[-114.02215290017266,51.04255689550447],[-114.02195527081014,51.04266420917269],[-114.02157797839081,51.042731986098225],[-114.02150611316807,51.04279976292457],[-114.02059881473112,51.04307086923848],[-114.02026643807599,51.04322336584282],[-114.01958371846007,51.043330677967184],[-114.01900879667822,51.0433532699617],[-114.01956575215438,51.043279845939246],[-114.02017660654758,51.04313299754528],[-114.02024847177032,51.04305957317373],[-114.02017660654758,51.042974852600416],[-114.01906269559527,51.04324030987897],[-114.01890099884413,51.04323466186762],[-114.01887404938562,51.0436356689634],[-114.0187842178572,51.04369779651274],[-114.01869438632878,51.043663908768885],[-114.01859557164752,51.04350011765742],[-114.01726606502703,51.043556597416455],[-114.01651148018838,51.04347752573453],[-114.01520892302639,51.04310475741616],[-114.01489451267696,51.04323466186762],[-114.0147687485372,51.04322336584282],[-114.01466993385593,51.04315558963618],[-114.0144902707991,51.04319512576877],[-114.01442738872922,51.04304827710623],[-114.0141399278383,51.04299179672747],[-114.01355602290361,51.04256254359846],[-114.01360992182067,51.042443933479895],[-114.01393331532294,51.04230273056183],[-114.01544248500028,51.04300874084835],[-114.01570299643267,51.04301438888725],[-114.01574791219687,51.04313864556904],[-114.01626893506166,51.04328549394512],[-114.01722114926284,51.04339280592557],[-114.01796675094864,51.04337586194517],[-114.01805658247706,51.04333632596685],[-114.01798471725432,51.04326290191755],[-114.01772420582193,51.04331373396406],[-114.01700555359464,51.043279845939246],[-114.01697860413611,51.043200773784946],[-114.01624198560313,51.04296355651228],[-114.01601740678211,51.04279976292457],[-114.0159275752537,51.04263596875779],[-114.01625995190882,51.04258513596759],[-114.01642164865996,51.04233661930143],[-114.01670012639804,51.04225754553716],[-114.01662826117531,51.04221800860444],[-114.0162779182145,51.04221800860444],[-114.01602638993495,51.042410044818816],[-114.0158646931838,51.04246087780115],[-114.01555028283437,51.04221236046842],[-114.01553231652869,51.04187347104807],[-114.01565808066846,51.041766155548146],[-114.01590062579518,51.041794396493266],[-114.0159724910179,51.041958193635566],[-114.01610723831052,51.04203161975273],[-114.016080288852,51.04214458278266],[-114.0161431709219,51.04217847163793],[-114.01625096875598,51.0421728234971],[-114.0163228339787,51.04206550869062],[-114.0165384296469,51.04200902711368],[-114.01656537910543,51.04192430461916],[-114.01671809270373,51.041918656447336],[-114.01699657044179,51.04142161463135],[-114.01713131773442,51.04130300159169],[-114.01709538512306,51.04138772522244],[-114.01722114926284,51.041325594575035],[-114.01740979547249,51.0410544780477],[-114.01796675094864,51.04098669866796],[-114.01785895311455,51.040941512359716],[-114.01805658247706,51.040354086341964],[-114.01811946454694,51.04025241569818],[-114.01807454878274,51.04054048194276],[-114.01828116129809,51.0402298221915],[-114.01828116129809,51.04010555770773],[-114.01822393877383,51.04005929747083],[-114.0187573825841,51.039853743129804],[-114.01887404938562,51.039941754015324],[-114.01859557164752,51.04078900824399],[-114.01844285804923,51.041884767401996],[-114.01833506021514,51.04143855932651],[-114.01813743085263,51.04146115224375],[-114.01783200365603,51.04172661819603],[-114.01720318295715,51.0417379145858],[-114.01687080630202,51.04168708081019],[-114.01698758728895,51.042116342050996],[-114.01671809270373,51.04218411977808],[-114.01670910955089,51.04229143430981],[-114.01643961496565,51.04234226742229],[-114.01628690136734,51.042579487876324],[-114.01606232254632,51.042720689950855],[-114.01608927200483,51.042811059052674],[-114.01629588452019,51.04296355651228],[-114.01678097477361,51.04309346135968],[-114.01692470521907,51.04309346135968],[-114.01705945251169,51.04303698103601],[-114.01729301448556,51.04312734952083],[-114.01794878464297,51.0431499416145],[-114.01810149824126,51.04329678995476],[-114.01836200967367,51.043268549925465],[-114.01844285804923,51.043229013855566],[-114.01846082435492,51.04312734952083],[-114.01830811075662,51.04305392514032],[-114.01824522868672,51.04279411485951],[-114.0181104813941,51.04266985725361],[-114.01816438031116,51.04260208023717],[-114.01844285804923,51.04253430312159],[-114.01849675696627,51.04226319366766],[-114.01863150425889,51.042692449570374],[-114.01863150425889,51.042974852600416],[-114.01860455480038,51.04266420917269],[-114.01851472327196,51.04239874859295],[-114.01849675696627,51.04319512576877],[-114.01842489174355,51.04327419793271],[-114.01821827922821,51.04331938196579],[-114.01825421183958,51.04336456595482],[-114.01857760534185,51.04335891795859],[-114.01863150425889,51.04330996862919],[-114.01863150425889,51.04340974989976],[-114.01874828524583,51.04367520468626],[-114.01884709992709,51.0435961332068],[-114.01884709992709,51.04305392514032],[-114.01894591460834,51.043200773784946],[-114.01916151027652,51.043200773784946],[-114.01995202772656,51.04294096432772],[-114.02028440438167,51.04276587452379],[-114.02047305059135,51.042822355178004],[-114.0207066125652,51.04279411485951],[-114.02091322508056,51.042703745724616],[-114.02169475937775,51.042568191691785],[-114.02170374253059,51.04250041452662],[-114.02154204577946,51.0423648598988]],[[-114.02036525275724,51.04295790846717],[-114.02030237068736,51.04300309280873],[-114.02032932014588,51.04308781333042],[-114.0205269495084,51.04306522120645],[-114.02036525275724,51.04295790846717]],[[-114.0207066125652,51.04300874084835],[-114.02115577020727,51.04285059547928],[-114.02115577020727,51.04278846679374],[-114.02056288211976,51.042901427978215],[-114.02050898320272,51.04295226042137],[-114.02059881473112,51.04300874084835],[-114.0207066125652,51.04300874084835]],[[-114.01685283999633,51.04343798984295],[-114.01703250305317,51.043449285815434],[-114.01681690738498,51.04340410190905],[-114.01685283999633,51.04343798984295]],[[-114.01648453072985,51.0433532699617],[-114.01635876659007,51.04336456595482],[-114.01670012639804,51.04340974989976],[-114.01648453072985,51.0433532699617]],[[-114.01555028283437,51.04212763834574],[-114.01564011436278,51.04228013805502],[-114.01580181111392,51.04239874859295],[-114.0159724910179,51.04239310047897],[-114.01611622146336,51.042297082436164],[-114.0161252046162,51.04225189740597],[-114.01599944047643,51.04218411977808],[-114.01584672687812,51.04185087833187],[-114.01567604697414,51.041805692866504],[-114.01557723229288,51.04189041557797],[-114.01555028283437,51.04212763834574]],[[-114.01755352591795,51.04162495056425],[-114.01748166069522,51.04144985578652],[-114.01733793024977,51.04124087083068],[-114.01720318295715,51.04149504159895],[-114.01746369438953,51.04165319159547],[-114.01755352591795,51.04162495056425]],[[-114.01772420582193,51.04112225732826],[-114.01756250907079,51.04108271942665],[-114.01762539114068,51.041060126324865],[-114.01746369438953,51.041060126324865],[-114.01746369438953,51.04117309172365],[-114.01772420582193,51.04112225732826]],[[-114.01422077621388,51.04261337641346],[-114.01446332134059,51.04274893031411],[-114.01436450665933,51.04283929936084],[-114.01436450665933,51.04295790846717],[-114.01452620341047,51.04311040544336],[-114.01484061375992,51.04320642180046],[-114.01516400726219,51.04304262907148],[-114.01544248500028,51.04310475741616],[-114.01540655238891,51.04304262907148],[-114.01509214203946,51.04287883576335],[-114.01393331532294,51.04235921178071],[-114.01368178704341,51.04253995121833],[-114.0139422984758,51.04266420917269],[-114.01400518054568,51.04259078405812],[-114.01422077621388,51.04261337641346]]],[[[-114.01815539715832,51.040099909314165],[-114.01815186977468,51.04005555055315],[-114.01821099737126,51.04005995489706],[-114.01815539715832,51.040099909314165]]],[[[-114.01790017997678,51.04001861245406],[-114.01777810473898,51.040178986761134],[-114.01761640798784,51.040178986761134],[-114.01765489884718,51.03994906574572],[-114.01790017997678,51.04001861245406]]],[[[-114.01676980820599,51.039671754595474],[-114.01647554757702,51.03965933249598],[-114.0164306318128,51.0395689572462],[-114.0162779182145,51.03965933249598],[-114.01535265347187,51.03971581693758],[-114.01606232254632,51.03974405913255],[-114.01601740678211,51.03980619190091],[-114.01539756923607,51.039845730891926],[-114.01502027681674,51.03980619190091],[-114.0147058664673,51.03990221510626],[-114.01472383277297,51.03974405913255],[-114.01458908548035,51.03972711381765],[-114.0147058664673,51.039698871612345],[-114.01375365226613,51.03968192628089],[-114.01339432615248,51.03958590261897],[-114.0131787304843,51.03918486046796],[-114.0133763598468,51.03889678579465],[-114.0133763598468,51.03882326051707],[-114.0134886395432,51.03883593443188],[-114.01344822506952,51.038885488712125],[-114.01351110713941,51.03899281088477],[-114.01334941038827,51.03924134548799],[-114.01344822506952,51.03956330878724],[-114.01377161857181,51.039636738700075],[-114.01483163060708,51.039636738700075],[-114.01479569799571,51.03958590261897],[-114.01437348981217,51.039506824159744],[-114.01431959089513,51.03946163640814],[-114.01393331532294,51.03942209708934],[-114.01382551748885,51.03903235056992],[-114.01385246694738,51.03898716235555],[-114.0141399278383,51.039015404994686],[-114.0144004392707,51.03912837537908],[-114.0144453550349,51.03920180598121],[-114.01431959089513,51.039224399989216],[-114.01417586044967,51.03938255773681],[-114.0142477256724,51.03943339404101],[-114.01457111917468,51.03921310298659],[-114.014719911963,51.03901923457356],[-114.01481941132715,51.039037192001224],[-114.01479569799571,51.039105781324224],[-114.01484061375992,51.03918486046796],[-114.0147687485372,51.039269587972186],[-114.01491247898265,51.039444690989924],[-114.0149663778997,51.039444690989924],[-114.01497536105254,51.03935996380594],[-114.0151011251923,51.03932607288891],[-114.01550536707016,51.03935996380594],[-114.01556824914005,51.039444690989924],[-114.01548740076448,51.03955201186728],[-114.01552333337584,51.03960849643968],[-114.01629588452019,51.039602847985556],[-114.01643195240379,51.03952085557063],[-114.01676980820599,51.039671754595474]]],[[[-114.01325957885986,51.038868543083204],[-114.0132961670148,51.03881420850541],[-114.01332931161156,51.03881794980334],[-114.01325957885986,51.038868543083204]]],[[[-114.01863150425889,51.04330996862919],[-114.01863150425889,51.042974852600416],[-114.01865845371742,51.04328549394512],[-114.01863150425889,51.04330996862919]]]]}},{"type":"Feature","id":"ab-flood-14470","properties":{"id":"ab-flood-14470","sourceObjectId":14470,"zone":"Flood Fringe","river":"Bow River","flowRegime":"Regulated","study":"Bow and Elbow River Flood Study","floodMechanism":"Open Water","layerType":"provincial-design-flood-hazard"},"geometry":{"type":"Polygon","coordinates":[[[-114.01273855599507,51.03919615747746],[-114.0129002527462,51.039145320912965],[-114.0129182190519,51.03923004848951],[-114.01267567392519,51.03953506648209],[-114.01252296032689,51.03961414489315],[-114.0124421119513,51.03955201186728],[-114.01273855599507,51.03919615747746]],[[-114.01252296032689,51.039540714944515],[-114.01265770761951,51.03948423028944],[-114.01281940437065,51.03921310298659],[-114.01252296032689,51.039540714944515]]]}},{"type":"Feature","id":"ab-flood-14494","properties":{"id":"ab-flood-14494","sourceObjectId":14494,"zone":"Flood Fringe","river":"Bow River","flowRegime":"Regulated","study":"Bow and Elbow River Flood Study","floodMechanism":"Open Water","layerType":"provincial-design-flood-hazard"},"geometry":{"type":"Polygon","coordinates":[[[-114.01266669077235,51.04067039358472],[-114.01294516851041,51.040856787912965],[-114.01272957284223,51.04082289809086],[-114.01266669077235,51.04067039358472]]]}},{"type":"Feature","id":"ab-flood-14495","properties":{"id":"ab-flood-14495","sourceObjectId":14495,"zone":"Flood Fringe","river":"Bow River","flowRegime":"Regulated","study":"Bow and Elbow River Flood Study","floodMechanism":"Open Water","layerType":"provincial-design-flood-hazard"},"geometry":{"type":"Polygon","coordinates":[[[-114.01295415166325,51.04143291109548],[-114.01294516851041,51.04127476034702],[-114.01306194949736,51.04130864983858],[-114.01313381472009,51.04142161463135],[-114.01309788210872,51.041585413091624],[-114.01302601688599,51.04155152380253],[-114.01299008427462,51.04141031816445],[-114.01295415166325,51.04143291109548]]]}},{"type":"Feature","id":"ab-flood-14514","properties":{"id":"ab-flood-14514","sourceObjectId":14514,"zone":"Flood Fringe","river":"Bow River","flowRegime":"Regulated","study":"Bow and Elbow River Flood Study","floodMechanism":"Open Water","layerType":"provincial-design-flood-hazard"},"geometry":{"type":"Polygon","coordinates":[[[-114.01519095672072,51.040687338554626],[-114.01502027681674,51.040738173427194],[-114.0151011251923,51.04063650362628],[-114.01519095672072,51.040687338554626]]]}},{"type":"Feature","id":"ab-flood-14522","properties":{"id":"ab-flood-14522","sourceObjectId":14522,"zone":"Flood Fringe","river":"Bow River","flowRegime":"Regulated","study":"Bow and Elbow River Flood Study","floodMechanism":"Open Water","layerType":"provincial-design-flood-hazard"},"geometry":{"type":"Polygon","coordinates":[[[-114.0157119795855,51.04522271932933],[-114.01678995792645,51.04528484475022],[-114.01661927802247,51.04534132233327],[-114.0163228339787,51.045307435791685],[-114.01605333939348,51.04538085660045],[-114.0150562094281,51.045138002712015],[-114.01462501809172,51.04516624160165],[-114.01422975936671,51.04513235493201],[-114.0138794164059,51.04497986461183],[-114.0157119795855,51.04522271932933]]]}},{"type":"Feature","id":"ab-flood-14523","properties":{"id":"ab-flood-14523","sourceObjectId":14523,"zone":"Flood Fringe","river":"Bow River","flowRegime":"Regulated","study":"Bow and Elbow River Flood Study","floodMechanism":"Open Water","layerType":"provincial-design-flood-hazard"},"geometry":{"type":"Polygon","coordinates":[[[-114.0264827798421,51.04205986053602],[-114.02659956082903,51.042054212380734],[-114.0270936342353,51.0421728234971],[-114.02634803254948,51.042155879070506],[-114.0264827798421,51.04205986053602]]]}},{"type":"Feature","id":"ab-flood-14524","properties":{"id":"ab-flood-14524","sourceObjectId":14524,"zone":"Flood Fringe","river":"Bow River","flowRegime":"Regulated","study":"Bow and Elbow River Flood Study","floodMechanism":"Open Water","layerType":"provincial-design-flood-hazard"},"geometry":{"type":"Polygon","coordinates":[[[-114.02624023471539,51.0421615272134],[-114.02597074013015,51.0421728234971],[-114.02600667274152,51.04202032343458],[-114.02624023471539,51.042025971593986],[-114.02627616732676,51.04207680499775],[-114.02624023471539,51.0421615272134]],[[-114.0261773526455,51.042155879070506],[-114.02620430210403,51.042082453150286],[-114.02614142003414,51.042048564224764],[-114.0261773526455,51.042155879070506]]]}},{"type":"Feature","id":"ab-flood-14525","properties":{"id":"ab-flood-14525","sourceObjectId":14525,"zone":"Flood Fringe","river":"Bow River","flowRegime":"Regulated","study":"Bow and Elbow River Flood Study","floodMechanism":"Open Water","layerType":"provincial-design-flood-hazard"},"geometry":{"type":"Polygon","coordinates":[[[-114.01961965107142,51.04578184511787],[-114.01967354998847,51.045612413773426],[-114.01972744890551,51.046182830164106],[-114.01965558368279,51.04612070594755],[-114.01961965107142,51.04578184511787]]]}},{"type":"Feature","id":"ab-flood-14526","properties":{"id":"ab-flood-14526","sourceObjectId":14526,"zone":"Flood Fringe","river":"Bow River","flowRegime":"Regulated","study":"Bow and Elbow River Flood Study","floodMechanism":"Open Water","layerType":"provincial-design-flood-hazard"},"geometry":{"type":"Polygon","coordinates":[[[-114.01916151027652,51.045917389747196],[-114.01936812279187,51.0470864457122],[-114.01926032495777,51.046979142288215],[-114.01906269559527,51.04578184511787],[-114.01916151027652,51.045917389747196]]]}},{"type":"Feature","id":"ab-flood-14527","properties":{"id":"ab-flood-14527","sourceObjectId":14527,"zone":"Flood Fringe","river":"Bow River","flowRegime":"Regulated","study":"Bow and Elbow River Flood Study","floodMechanism":"Open Water","layerType":"provincial-design-flood-hazard"},"geometry":{"type":"Polygon","coordinates":[[[-114.03257335746844,51.04494597780583],[-114.03188165469966,51.04457322130383],[-114.03261827323264,51.044833021606834],[-114.0319535199224,51.04448850349869],[-114.03268115530253,51.04484431723913],[-114.03350760536392,51.04514929826993],[-114.03346268959972,51.045143650491305],[-114.03365133580938,51.045267901461884],[-114.03257335746844,51.04494597780583]],[[-114.03294166673493,51.0449911602083],[-114.03313031294459,51.04503069477433],[-114.0327170879139,51.0448725563078],[-114.03294166673493,51.0449911602083]]]}},{"type":"Feature","id":"ab-flood-14528","properties":{"id":"ab-flood-14528","sourceObjectId":14528,"zone":"Flood Fringe","river":"Bow River","flowRegime":"Regulated","study":"Bow and Elbow River Flood Study","floodMechanism":"Open Water","layerType":"provincial-design-flood-hazard"},"geometry":{"type":"Polygon","coordinates":[[[-114.0365349278714,51.0500174273181],[-114.03651696156572,51.04996095543651],[-114.0363372985089,51.049915777881644],[-114.03605882077082,51.049972249818346],[-114.03587017456115,51.049955308244556],[-114.03587915771399,51.0498706002827],[-114.03622051752195,51.0498310698475],[-114.03631034905038,51.049644711627025],[-114.03589712401968,51.04959388652768],[-114.0363372985089,51.04953741412965],[-114.03647204580152,51.0492663456606],[-114.03647204580152,51.049034806753674],[-114.03630136589753,51.04899527560509],[-114.03657086048277,51.04880891402165],[-114.03657984363561,51.04850395708581],[-114.03643611319015,51.048311946133154],[-114.03655289417708,51.048193350735325],[-114.03583424194979,51.04809169729548],[-114.03464846577475,51.04806346018927],[-114.0351605054867,51.04798439620029],[-114.03567254519864,51.047973101333696],[-114.03730747901574,51.048131229215265],[-114.03696611920778,51.04795051159229],[-114.03728951271006,51.047922274399994],[-114.03793629971462,51.04802957563907],[-114.03715476541744,51.04775849834525],[-114.03709188334756,51.047656843951046],[-114.03828664267543,51.04806910761188],[-114.0365349278714,51.0500174273181]],[[-114.03746917576689,51.04831759352546],[-114.0371008665004,51.04824982477216],[-114.03763985567088,51.048436188605166],[-114.03746917576689,51.04831759352546]]]}},{"type":"Feature","id":"ab-flood-14529","properties":{"id":"ab-flood-14529","sourceObjectId":14529,"zone":"Flood Fringe","river":"Bow River","flowRegime":"Regulated","study":"Bow and Elbow River Flood Study","floodMechanism":"Open Water","layerType":"provincial-design-flood-hazard"},"geometry":{"type":"Polygon","coordinates":[[[-114.02002389294928,51.04526225369771],[-114.02058983157828,51.0451775371527],[-114.02110187129023,51.045307435791685],[-114.02126356804136,51.04527354922535],[-114.02136238272261,51.045369561098966],[-114.021793574059,51.04544862955138],[-114.021793574059,51.045346970087806],[-114.02241341160504,51.04522271932933],[-114.02288951870563,51.0449911602083],[-114.02341054157041,51.04496292121192],[-114.02369800246133,51.04501375139302],[-114.02407529488066,51.044934682198345],[-114.02425495793749,51.04500810359788],[-114.0243897052301,51.04494597780583],[-114.02463225035682,51.044951625608554],[-114.02453343567556,51.044821725971765],[-114.02455140198124,51.04465229111551],[-114.02470411557954,51.04469747380443],[-114.02471309873239,51.04477654340403],[-114.02482089656648,51.044725712962666],[-114.02511734061024,51.044742656449316],[-114.02619531895118,51.04522836709829],[-114.0260246390472,51.04525660593286],[-114.02575514446197,51.04523401486659],[-114.02527005420853,51.045064581518346],[-114.0251083574574,51.04497421681254],[-114.02500055962331,51.044782191227426],[-114.02491072809488,51.04483866942333],[-114.02493767755341,51.044957273410596],[-114.024847846025,51.044985512410406],[-114.02506344169319,51.04512670715134],[-114.02499157647047,51.04522271932933],[-114.0246951324267,51.045171889377535],[-114.0244076715358,51.045217071559655],[-114.02308714806813,51.04515494604788],[-114.02274578826017,51.045330026822164],[-114.02242239475788,51.04528484475022],[-114.02218883278401,51.045330026822164],[-114.02213493386697,51.045414743088294],[-114.02233256322947,51.045397799847464],[-114.0224044284522,51.04548251598966],[-114.02227866431242,51.04560111832843],[-114.02198222026865,51.04565759552587],[-114.02168577622491,51.04564630009189],[-114.02178459090615,51.04556158424923],[-114.02185645612889,51.04563500465516],[-114.0221618833255,51.04559547060489],[-114.02204510233855,51.04556723197692],[-114.02223374854822,51.045488163726965],[-114.02206306864423,51.04552769786881],[-114.0214881468624,51.04551640240315],[-114.02089525877487,51.04528484475022],[-114.02050898320272,51.04537520885007],[-114.02040118536861,51.045459925033555],[-114.02039220221576,51.045544641062136],[-114.02002389294928,51.045437334066435],[-114.01992507826803,51.0454994591995],[-114.01979931412825,51.04545427729281],[-114.02002389294928,51.04526225369771]],[[-114.0228625692471,51.045081524881056],[-114.02288053555279,51.0451775371527],[-114.02316799644369,51.045092820452766],[-114.02299731653972,51.045041990358406],[-114.0228625692471,51.045081524881056]],[[-114.0242998737017,51.045070229306624],[-114.02437173892442,51.04516624160165],[-114.02443462099431,51.04514929826993],[-114.02441665468864,51.045058933729386],[-114.02434478946589,51.04501375139302],[-114.0242998737017,51.045070229306624]],[[-114.02465919981535,51.04486690849546],[-114.02473106503807,51.044821725971765],[-114.02460530089829,51.044782191227426],[-114.02457835143977,51.04481607815324],[-114.02465919981535,51.04486690849546]],[[-114.02540480150115,51.04496292121192],[-114.02546768357104,51.04500810359788],[-114.02574616130913,51.04509846823758],[-114.02564734662788,51.044985512410406],[-114.02544073411252,51.04494033000242],[-114.02540480150115,51.04496292121192]]]}},{"type":"Feature","id":"ab-flood-14530","properties":{"id":"ab-flood-14530","sourceObjectId":14530,"zone":"Flood Fringe","river":"Bow River","flowRegime":"Regulated","study":"Bow and Elbow River Flood Study","floodMechanism":"Open Water","layerType":"provincial-design-flood-hazard"},"geometry":{"type":"Polygon","coordinates":[[[-114.0130080505803,51.03952941801901],[-114.01312483156725,51.03946728487952],[-114.01327754516555,51.03963109024938],[-114.0131158484144,51.039653684048034],[-114.01299008427462,51.03961414489315],[-114.0130080505803,51.03952941801901]],[[-114.01306194949736,51.03958590261897],[-114.01309788210872,51.03960849643968],[-114.01310686526156,51.039546363406224],[-114.01306194949736,51.03958590261897]]]}},{"type":"Feature","id":"ab-flood-14531","properties":{"id":"ab-flood-14531","sourceObjectId":14531,"zone":"Flood Fringe","river":"Bow River","flowRegime":"Regulated","study":"Bow and Elbow River Flood Study","floodMechanism":"Open Water","layerType":"provincial-design-flood-hazard"},"geometry":{"type":"Polygon","coordinates":[[[-114.01544248500028,51.040190283528254],[-114.01563113120994,51.040297602678535],[-114.01522688933208,51.040224173813094],[-114.01544248500028,51.040190283528254]]]}},{"type":"Feature","id":"ab-flood-14532","properties":{"id":"ab-flood-14532","sourceObjectId":14532,"zone":"Flood Fringe","river":"Bow River","flowRegime":"Regulated","study":"Bow and Elbow River Flood Study","floodMechanism":"Open Water","layerType":"provincial-design-flood-hazard"},"geometry":{"type":"Polygon","coordinates":[[[-114.01515502410935,51.04047270181108],[-114.01516400726219,51.04054048194276],[-114.01500231051105,51.0404896468533],[-114.01502027681674,51.04043316335511],[-114.01515502410935,51.04047270181108]]]}},{"type":"Feature","id":"ab-flood-14533","properties":{"id":"ab-flood-14533","sourceObjectId":14533,"zone":"Flood Fringe","river":"Bow River","flowRegime":"Regulated","study":"Bow and Elbow River Flood Study","floodMechanism":"Open Water","layerType":"provincial-design-flood-hazard"},"geometry":{"type":"Polygon","coordinates":[[[-114.01485858006559,51.040167689991264],[-114.01498434420537,51.04020158029262],[-114.01495739474684,51.04026936082098],[-114.01480468114855,51.04027500919386],[-114.01485858006559,51.040167689991264]]]}},{"type":"Feature","id":"ab-flood-14600","properties":{"id":"ab-flood-14600","sourceObjectId":14600,"zone":"High Hazard Flood Fringe","river":"Bow River","flowRegime":"Regulated","study":"Bow and Elbow River Flood Study","floodMechanism":"Open Water","layerType":"provincial-design-flood-hazard"},"geometry":{"type":"Polygon","coordinates":[[[-114.01860455480038,51.04266420917269],[-114.01865845371742,51.04328549394512],[-114.01857760534185,51.04335891795859],[-114.01825421183958,51.04336456595482],[-114.01821827922821,51.04331938196579],[-114.01842489174355,51.04327419793271],[-114.01849675696627,51.04319512576877],[-114.01850574011912,51.04240439670623],[-114.01860455480038,51.04266420917269]]]}},{"type":"Feature","id":"ab-flood-14617","properties":{"id":"ab-flood-14617","sourceObjectId":14617,"zone":"High Hazard Flood Fringe","river":"Bow River","flowRegime":"Regulated","study":"Bow and Elbow River Flood Study","floodMechanism":"Open Water","layerType":"provincial-design-flood-hazard"},"geometry":{"type":"Polygon","coordinates":[[[-114.01304398319168,51.04185087833187],[-114.0123522804229,51.04115049866591],[-114.01207380268482,51.04064215195441],[-114.0121546510604,51.04012815127502],[-114.01240617933995,51.039444690989924],[-114.01283737067632,51.038975865295065],[-114.01305557075224,51.03879510570013],[-114.01330121134012,51.038814777899084],[-114.0132685620127,51.03886289453885],[-114.01337039263801,51.03882258695009],[-114.01334941038827,51.0389589196992],[-114.01316974733146,51.03919050897306],[-114.01328652831839,51.03932607288891],[-114.01329551147123,51.03947858182017],[-114.0134661913752,51.039619793345906],[-114.01377161857181,51.03968192628089],[-114.0147058664673,51.039698871612345],[-114.01458908548035,51.03972711381765],[-114.01472383277297,51.03974405913255],[-114.01472383277297,51.03990221510626],[-114.01502027681674,51.03980619190091],[-114.01539756923607,51.039845730891926],[-114.01601740678211,51.03980619190091],[-114.01606232254632,51.03974405913255],[-114.01535265347187,51.03971581693758],[-114.0162779182145,51.03965933249598],[-114.0164306318128,51.0395689572462],[-114.01647554757702,51.03965933249598],[-114.01676980820599,51.039671754595474],[-114.01701942737566,51.03979476924915],[-114.01765447288086,51.03994895360828],[-114.01761640798784,51.04017333837654],[-114.01777810473898,51.040178986761134],[-114.01789223714843,51.040016016008586],[-114.01815186977468,51.04005555055315],[-114.01815539715832,51.040099909314165],[-114.01823624553388,51.040054722141015],[-114.01830811075662,51.04015639321863],[-114.01807454878274,51.04054048194276],[-114.01811946454694,51.04025241569818],[-114.01807454878274,51.04030325104798],[-114.01785895311455,51.040941512359716],[-114.01796675094864,51.04098669866796],[-114.01740979547249,51.0410544780477],[-114.01722114926284,51.041325594575035],[-114.01709538512306,51.04138772522244],[-114.01713131773442,51.04130300159169],[-114.01699657044179,51.04142161463135],[-114.01671809270373,51.04192430461916],[-114.01656537910543,51.04192430461916],[-114.0165384296469,51.04200902711368],[-114.0163228339787,51.04206550869062],[-114.01625096875598,51.0421728234971],[-114.0161431709219,51.04217847163793],[-114.016080288852,51.04214458278266],[-114.01610723831052,51.04203161975273],[-114.0159724910179,51.041958193635566],[-114.01590062579518,51.041794396493266],[-114.01565808066846,51.041766155548146],[-114.01553231652869,51.04187347104807],[-114.01555028283437,51.04221236046842],[-114.0158646931838,51.04246087780115],[-114.01602638993495,51.042410044818816],[-114.0162779182145,51.04221800860444],[-114.01662826117531,51.04221800860444],[-114.01670012639804,51.04225754553716],[-114.01642164865996,51.04233661930143],[-114.01625995190882,51.04258513596759],[-114.0159275752537,51.04263596875779],[-114.01601740678211,51.04279976292457],[-114.01624198560313,51.04296355651228],[-114.01697860413611,51.043200773784946],[-114.01700555359464,51.043279845939246],[-114.01772420582193,51.04331373396406],[-114.01798471725432,51.04326290191755],[-114.01805658247706,51.043291141950284],[-114.01802963301853,51.04336456595482],[-114.01708640197022,51.04339280592557],[-114.01626893506166,51.04328549394512],[-114.01574791219687,51.04313864556904],[-114.01570299643267,51.04301438888725],[-114.01544248500028,51.04300874084835],[-114.0139422984758,51.04230273056183],[-114.01368178704341,51.04239310047897],[-114.0135290734451,51.04253430312159],[-114.01304398319168,51.04185087833187]],[[-114.01489451267696,51.04264726492582],[-114.01480468114855,51.04251735882721],[-114.0146429843974,51.04243263726227],[-114.01489451267696,51.04264726492582]],[[-114.01495739474684,51.04252300692601],[-114.01500231051105,51.04249476642502],[-114.01492146213549,51.042443933479895],[-114.0151011251923,51.04245522969474],[-114.01488552952412,51.04239874859295],[-114.01484061375992,51.042443933479895],[-114.01495739474684,51.04252300692601]],[[-114.01308889895589,51.04185087833187],[-114.01318771363714,51.04182828560471],[-114.01309788210872,51.04170402540826],[-114.01295415166325,51.04163624697881],[-114.01301703373315,51.041777451928255],[-114.01308889895589,51.04185087833187]],[[-114.01302601688599,51.04155152380253],[-114.01309788210872,51.041585413091624],[-114.01313381472009,51.04142161463135],[-114.01306194949736,51.04130864983858],[-114.01294516851041,51.04127476034702],[-114.01293618535757,51.041399021694836],[-114.01295415166325,51.04143291109548],[-114.01299008427462,51.04141031816445],[-114.01302601688599,51.04155152380253]],[[-114.0152538387906,51.04144985578652],[-114.01518197356788,51.04134818754738],[-114.01506519258095,51.04138772522244],[-114.01508315888663,51.04145550401549],[-114.0152538387906,51.04144985578652]],[[-114.0138794164059,51.04144985578652],[-114.01393331532294,51.04150068982242],[-114.0141399278383,51.04151763448865],[-114.01412196153261,51.04144985578652],[-114.01393331532294,51.04141596639826],[-114.0138794164059,51.04144985578652]],[[-114.01320567994281,51.04099799523813],[-114.01328652831839,51.04115049866591],[-114.01334941038827,51.0410544780477],[-114.0132685620127,51.04095280894091],[-114.01320567994281,51.04099799523813]],[[-114.01294516851041,51.040856787912965],[-114.01266669077235,51.04067039358472],[-114.01272957284223,51.04082289809086],[-114.01294516851041,51.040856787912965]],[[-114.01502027681674,51.040738173427194],[-114.01519095672072,51.040687338554626],[-114.0151011251923,51.04063650362628],[-114.01502027681674,51.040738173427194]],[[-114.01718521665147,51.040698635197806],[-114.01736487970828,51.040738173427194],[-114.01741877862533,51.040568723635054],[-114.01735589655544,51.0404896468533],[-114.0174547112367,51.04051788857656],[-114.01751759330658,51.0404218666472],[-114.01747267754237,51.04024111894622],[-114.01731996394408,51.04024111894622],[-114.01740081231965,51.04013944805453],[-114.01717623349863,51.04019593191078],[-114.01711335142873,51.04025806407315],[-114.01724809872135,51.04042751500151],[-114.0171492840401,51.04046140511282],[-114.01691572206623,51.04036538306639],[-114.01718521665147,51.040698635197806]],[[-114.01500231051105,51.0404896468533],[-114.01516400726219,51.04054048194276],[-114.01515502410935,51.04047270181108],[-114.01502027681674,51.04043316335511],[-114.01500231051105,51.0404896468533]],[[-114.01563113120994,51.040297602678535],[-114.01544248500028,51.040190283528254],[-114.01522688933208,51.040224173813094],[-114.01563113120994,51.040297602678535]],[[-114.01495739474684,51.04026936082098],[-114.01498434420537,51.04020158029262],[-114.01485858006559,51.040167689991264],[-114.01480468114855,51.04027500919386],[-114.01495739474684,51.04026936082098]],[[-114.0131158484144,51.039653684048034],[-114.01327754516555,51.03963109024938],[-114.01312483156725,51.03946728487952],[-114.0130080505803,51.03952941801901],[-114.01299008427462,51.03961414489315],[-114.0131158484144,51.039653684048034]],[[-114.01252296032689,51.03961414489315],[-114.01267567392519,51.03953506648209],[-114.0129182190519,51.03923004848951],[-114.0129002527462,51.039145320912965],[-114.01273855599507,51.03919615747746],[-114.0124421119513,51.03955201186728],[-114.01252296032689,51.03961414489315]]]}},{"type":"Feature","id":"ab-flood-14646","properties":{"id":"ab-flood-14646","sourceObjectId":14646,"zone":"High Hazard Flood Fringe","river":"Bow River","flowRegime":"Regulated","study":"Bow and Elbow River Flood Study","floodMechanism":"Open Water","layerType":"provincial-design-flood-hazard"},"geometry":{"type":"Polygon","coordinates":[[[-114.01758047537648,51.04104318149129],[-114.01762539114068,51.041060126324865],[-114.01757149222364,51.041094015973414],[-114.01772420582193,51.04112225732826],[-114.01746369438953,51.04117309172365],[-114.0174547112367,51.04108271942665],[-114.01758047537648,51.04104318149129]]]}},{"type":"Feature","id":"ab-flood-14647","properties":{"id":"ab-flood-14647","sourceObjectId":14647,"zone":"High Hazard Flood Fringe","river":"Bow River","flowRegime":"Regulated","study":"Bow and Elbow River Flood Study","floodMechanism":"Open Water","layerType":"provincial-design-flood-hazard"},"geometry":{"type":"Polygon","coordinates":[[[-114.01755352591795,51.041608005937256],[-114.01750861015374,51.041647543390596],[-114.01737386286113,51.041630598771874],[-114.01721216610999,51.04150068982242],[-114.01725708187419,51.04130300159169],[-114.0173469134026,51.04123522257555],[-114.01755352591795,51.041608005937256]]]}},{"type":"Feature","id":"ab-flood-14651","properties":{"id":"ab-flood-14651","sourceObjectId":14651,"zone":"High Hazard Flood Fringe","river":"Bow River","flowRegime":"Regulated","study":"Bow and Elbow River Flood Study","floodMechanism":"Open Water","layerType":"provincial-design-flood-hazard"},"geometry":{"type":"Polygon","coordinates":[[[-114.02441665468864,51.045058933729386],[-114.02443462099431,51.04514929826993],[-114.02437173892442,51.04516624160165],[-114.0242998737017,51.045070229306624],[-114.02434478946589,51.04501375139302],[-114.02441665468864,51.045058933729386]]]}},{"type":"Feature","id":"ab-flood-14652","properties":{"id":"ab-flood-14652","sourceObjectId":14652,"zone":"High Hazard Flood Fringe","river":"Bow River","flowRegime":"Regulated","study":"Bow and Elbow River Flood Study","floodMechanism":"Open Water","layerType":"provincial-design-flood-hazard"},"geometry":{"type":"Polygon","coordinates":[[[-114.02119170281864,51.04279976292457],[-114.02116475336011,51.0428449474204],[-114.02083237670499,51.042974852600416],[-114.02062576418965,51.04301438888725],[-114.02050898320272,51.04295226042137],[-114.02056288211976,51.042901427978215],[-114.02112882074876,51.04278846679374],[-114.02119170281864,51.04279976292457]]]}},{"type":"Feature","id":"ab-flood-14653","properties":{"id":"ab-flood-14653","sourceObjectId":14653,"zone":"High Hazard Flood Fringe","river":"Bow River","flowRegime":"Regulated","study":"Bow and Elbow River Flood Study","floodMechanism":"Open Water","layerType":"provincial-design-flood-hazard"},"geometry":{"type":"Polygon","coordinates":[[[-114.02316799644369,51.045092820452766],[-114.02288053555279,51.0451775371527],[-114.0228625692471,51.045081524881056],[-114.02299731653972,51.045041990358406],[-114.02316799644369,51.045092820452766]]]}},{"type":"Feature","id":"ab-flood-14654","properties":{"id":"ab-flood-14654","sourceObjectId":14654,"zone":"High Hazard Flood Fringe","river":"Bow River","flowRegime":"Regulated","study":"Bow and Elbow River Flood Study","floodMechanism":"Open Water","layerType":"provincial-design-flood-hazard"},"geometry":{"type":"Polygon","coordinates":[[[-114.02053593266123,51.04305392514032],[-114.02034728645157,51.04309346135968],[-114.02030237068736,51.04300309280873],[-114.02039220221576,51.04296355651228],[-114.02053593266123,51.04305392514032]]]}},{"type":"Feature","id":"ab-flood-14655","properties":{"id":"ab-flood-14655","sourceObjectId":14655,"zone":"High Hazard Flood Fringe","river":"Bow River","flowRegime":"Regulated","study":"Bow and Elbow River Flood Study","floodMechanism":"Open Water","layerType":"provincial-design-flood-hazard"},"geometry":{"type":"Polygon","coordinates":[[[-114.02023050546462,51.04311040544336],[-114.02013169078337,51.043144293592114],[-114.01887404938562,51.04338715793277],[-114.01890099884413,51.04323466186762],[-114.01908066190096,51.04323466186762],[-114.0201137244777,51.04298050064346],[-114.02021253915895,51.04298050064346],[-114.02024847177032,51.04304262907148],[-114.02023050546462,51.04311040544336]]]}},{"type":"Feature","id":"ab-flood-14656","properties":{"id":"ab-flood-14656","sourceObjectId":14656,"zone":"High Hazard Flood Fringe","river":"Bow River","flowRegime":"Regulated","study":"Bow and Elbow River Flood Study","floodMechanism":"Open Water","layerType":"provincial-design-flood-hazard"},"geometry":{"type":"Polygon","coordinates":[[[-114.02088627562203,51.045075877094185],[-114.02177560775331,51.04457322130383],[-114.0222966306181,51.044415081275574],[-114.0236710530028,51.04448285563951],[-114.02501852592899,51.04472006513238],[-114.02478496395511,51.044731360792234],[-114.02471309873239,51.04477654340403],[-114.0246951324267,51.044691825970745],[-114.02453343567556,51.04465793895404],[-114.02453343567556,51.044821725971765],[-114.02463225035682,51.044951625608554],[-114.0243897052301,51.04494597780583],[-114.02425495793749,51.04500810359788],[-114.02406631172782,51.044934682198345],[-114.02369800246133,51.04501375139302],[-114.02341054157041,51.04496292121192],[-114.0228625692471,51.04499680800553],[-114.02241341160504,51.04522271932933],[-114.021793574059,51.045346970087806],[-114.02178459090615,51.04544862955138],[-114.02136238272261,51.045369561098966],[-114.02126356804136,51.04527354922535],[-114.02110187129023,51.045307435791685],[-114.02058983157828,51.0451775371527],[-114.02088627562203,51.045075877094185]]]}},{"type":"Feature","id":"ab-flood-14657","properties":{"id":"ab-flood-14657","sourceObjectId":14657,"zone":"High Hazard Flood Fringe","river":"Bow River","flowRegime":"Regulated","study":"Bow and Elbow River Flood Study","floodMechanism":"Open Water","layerType":"provincial-design-flood-hazard"},"geometry":{"type":"Polygon","coordinates":[[[-114.03746917576689,51.04831759352546],[-114.03765782197655,51.04843054122731],[-114.0371008665004,51.04824982477216],[-114.03746917576689,51.04831759352546]]]}},{"type":"Feature","id":"ab-flood-14658","properties":{"id":"ab-flood-14658","sourceObjectId":14658,"zone":"High Hazard Flood Fringe","river":"Bow River","flowRegime":"Regulated","study":"Bow and Elbow River Flood Study","floodMechanism":"Open Water","layerType":"provincial-design-flood-hazard"},"geometry":{"type":"Polygon","coordinates":[[[-114.02564734662788,51.044985512410406],[-114.02574616130913,51.04509846823758],[-114.02540480150115,51.04496292121192],[-114.02544073411252,51.04494033000242],[-114.02564734662788,51.044985512410406]]]}},{"type":"Feature","id":"ab-flood-14764","properties":{"id":"ab-flood-14764","sourceObjectId":14764,"zone":"Flood Fringe","river":"Bow River","flowRegime":"Regulated","study":"Bow and Elbow River Flood Study","floodMechanism":"Open Water","layerType":"provincial-design-flood-hazard"},"geometry":{"type":"Polygon","coordinates":[[[-114.00800443444777,51.041252167338875],[-114.00851647415972,51.04228013805502],[-114.00912732855292,51.04289013187217],[-114.00989987969726,51.043268549925465],[-114.01074429606432,51.04379381165241],[-114.0106724308416,51.04379945959558],[-114.0107802286757,51.043895474524525],[-114.00944173890235,51.04323466186762],[-114.00882190135631,51.04270939380074],[-114.00836376056141,51.0421615272134],[-114.00813019858754,51.04170967360621],[-114.00756024752022,51.0402998337665],[-114.0076210032463,51.04024608165367],[-114.00800443444777,51.041252167338875]]]}},{"type":"Feature","id":"ab-flood-14769","properties":{"id":"ab-flood-14769","sourceObjectId":14769,"zone":"Flood Fringe","river":"Bow River","flowRegime":"Regulated","study":"Bow and Elbow River Flood Study","floodMechanism":"Open Water","layerType":"provincial-design-flood-hazard"},"geometry":{"type":"Polygon","coordinates":[[[-114.01691572206623,51.04036538306639],[-114.0171492840401,51.04046140511282],[-114.01724809872135,51.04042751500151],[-114.01711335142873,51.04025806407315],[-114.01717623349863,51.04019593191078],[-114.01740081231965,51.04013944805453],[-114.01731996394408,51.04024111894622],[-114.01747267754237,51.04024111894622],[-114.01751759330658,51.0404218666472],[-114.0174547112367,51.04051788857656],[-114.01735589655544,51.0404896468533],[-114.01741877862533,51.040568723635054],[-114.01736487970828,51.040738173427194],[-114.01718521665147,51.040698635197806],[-114.01691572206623,51.04036538306639]]]}},{"type":"Feature","id":"ab-flood-14770","properties":{"id":"ab-flood-14770","sourceObjectId":14770,"zone":"Flood Fringe","river":"Bow River","flowRegime":"Regulated","study":"Bow and Elbow River Flood Study","floodMechanism":"Open Water","layerType":"provincial-design-flood-hazard"},"geometry":{"type":"Polygon","coordinates":[[[-114.01488552952412,51.04239874859295],[-114.0151011251923,51.04245522969474],[-114.01492146213549,51.042443933479895],[-114.01500231051105,51.04249476642502],[-114.01495739474684,51.04252300692601],[-114.01484061375992,51.042443933479895],[-114.01488552952412,51.04239874859295]]]}},{"type":"Feature","id":"ab-flood-14771","properties":{"id":"ab-flood-14771","sourceObjectId":14771,"zone":"Flood Fringe","river":"Bow River","flowRegime":"Regulated","study":"Bow and Elbow River Flood Study","floodMechanism":"Open Water","layerType":"provincial-design-flood-hazard"},"geometry":{"type":"Polygon","coordinates":[[[-114.01480468114855,51.04251735882721],[-114.01489451267696,51.04264726492582],[-114.0146429843974,51.04243263726227],[-114.01480468114855,51.04251735882721]]]}},{"type":"Feature","id":"ab-flood-14772","properties":{"id":"ab-flood-14772","sourceObjectId":14772,"zone":"Flood Fringe","river":"Bow River","flowRegime":"Regulated","study":"Bow and Elbow River Flood Study","floodMechanism":"Open Water","layerType":"provincial-design-flood-hazard"},"geometry":{"type":"Polygon","coordinates":[[[-114.01506519258095,51.04138772522244],[-114.01518197356788,51.04134818754738],[-114.0152538387906,51.04144985578652],[-114.01508315888663,51.04145550401549],[-114.01506519258095,51.04138772522244]]]}},{"type":"Feature","id":"ab-flood-14773","properties":{"id":"ab-flood-14773","sourceObjectId":14773,"zone":"Flood Fringe","river":"Bow River","flowRegime":"Regulated","study":"Bow and Elbow River Flood Study","floodMechanism":"Open Water","layerType":"provincial-design-flood-hazard"},"geometry":{"type":"Polygon","coordinates":[[[-114.01412196153261,51.04144985578652],[-114.0141399278383,51.04151763448865],[-114.01393331532294,51.04150068982242],[-114.0138794164059,51.04144985578652],[-114.01393331532294,51.04141596639826],[-114.01412196153261,51.04144985578652]]]}},{"type":"Feature","id":"ab-flood-14774","properties":{"id":"ab-flood-14774","sourceObjectId":14774,"zone":"Flood Fringe","river":"Bow River","flowRegime":"Regulated","study":"Bow and Elbow River Flood Study","floodMechanism":"Open Water","layerType":"provincial-design-flood-hazard"},"geometry":{"type":"Polygon","coordinates":[[[-114.01334941038827,51.0410544780477],[-114.01328652831839,51.04115049866591],[-114.01320567994281,51.04099799523813],[-114.0132685620127,51.04095280894091],[-114.01334941038827,51.0410544780477]]]}},{"type":"Feature","id":"ab-flood-14775","properties":{"id":"ab-flood-14775","sourceObjectId":14775,"zone":"Flood Fringe","river":"Bow River","flowRegime":"Regulated","study":"Bow and Elbow River Flood Study","floodMechanism":"Open Water","layerType":"provincial-design-flood-hazard"},"geometry":{"type":"Polygon","coordinates":[[[-114.01316076417861,51.04178874830561],[-114.01308889895589,51.04174921097281],[-114.01301703373315,51.041777451928255],[-114.01295415166325,51.04163624697881],[-114.01318771363714,51.04178874830561],[-114.01316076417861,51.04184523015112],[-114.01306194949736,51.04184523015112],[-114.01316076417861,51.04178874830561]]]}},{"type":"Feature","id":"ab-flood-14793","properties":{"id":"ab-flood-14793","sourceObjectId":14793,"zone":"Flood Fringe","river":"Bow River","flowRegime":"Regulated","study":"Bow and Elbow River Flood Study","floodMechanism":"Open Water","layerType":"provincial-design-flood-hazard"},"geometry":{"type":"MultiPolygon","coordinates":[[[[-114.02154204577946,51.0423648598988],[-114.021793574059,51.04249476642502],[-114.02197323711582,51.04250041452662],[-114.0224942599806,51.04242134104193],[-114.02297935023404,51.04220671233173],[-114.02383274975395,51.04207115684453],[-114.02445258729999,51.04209939760375],[-114.02451546936989,51.04217847163793],[-114.02381478344827,51.04217847163793],[-114.02311409752664,51.04229143430981],[-114.02288053555279,51.04242698915246],[-114.02245832736925,51.04253995121833],[-114.02215290017266,51.04255689550447],[-114.02195527081014,51.04266420917269],[-114.02157797839081,51.042731986098225],[-114.02150611316807,51.04279976292457],[-114.02059881473112,51.04307086923848],[-114.02026643807599,51.04322336584282],[-114.01958371846007,51.043330677967184],[-114.01900879667822,51.0433532699617],[-114.01956575215438,51.043279845939246],[-114.02017660654758,51.04313299754528],[-114.02024847177032,51.04305957317373],[-114.02017660654758,51.042974852600416],[-114.01906269559527,51.04324030987897],[-114.01890099884413,51.04323466186762],[-114.01887404938562,51.0436356689634],[-114.0187842178572,51.04369779651274],[-114.01869438632878,51.043663908768885],[-114.01859557164752,51.04350011765742],[-114.01726606502703,51.043556597416455],[-114.01651148018838,51.04347752573453],[-114.01520892302639,51.04310475741616],[-114.01489451267696,51.04323466186762],[-114.0147687485372,51.04322336584282],[-114.01466993385593,51.04315558963618],[-114.0144902707991,51.04319512576877],[-114.01442738872922,51.04304827710623],[-114.0141399278383,51.04299179672747],[-114.01355602290361,51.04256254359846],[-114.01360992182067,51.042443933479895],[-114.01393331532294,51.04230273056183],[-114.01544248500028,51.04300874084835],[-114.01570299643267,51.04301438888725],[-114.01574791219687,51.04313864556904],[-114.01626893506166,51.04328549394512],[-114.01722114926284,51.04339280592557],[-114.01796675094864,51.04337586194517],[-114.01805658247706,51.04333632596685],[-114.01798471725432,51.04326290191755],[-114.01772420582193,51.04331373396406],[-114.01700555359464,51.043279845939246],[-114.01697860413611,51.043200773784946],[-114.01624198560313,51.04296355651228],[-114.01601740678211,51.04279976292457],[-114.0159275752537,51.04263596875779],[-114.01625995190882,51.04258513596759],[-114.01642164865996,51.04233661930143],[-114.01670012639804,51.04225754553716],[-114.01662826117531,51.04221800860444],[-114.0162779182145,51.04221800860444],[-114.01602638993495,51.042410044818816],[-114.0158646931838,51.04246087780115],[-114.01555028283437,51.04221236046842],[-114.01553231652869,51.04187347104807],[-114.01565808066846,51.041766155548146],[-114.01590062579518,51.041794396493266],[-114.0159724910179,51.041958193635566],[-114.01610723831052,51.04203161975273],[-114.016080288852,51.04214458278266],[-114.0161431709219,51.04217847163793],[-114.01625096875598,51.0421728234971],[-114.0163228339787,51.04206550869062],[-114.0165384296469,51.04200902711368],[-114.01656537910543,51.04192430461916],[-114.01671809270373,51.041918656447336],[-114.01699657044179,51.04142161463135],[-114.01713131773442,51.04130300159169],[-114.01709538512306,51.04138772522244],[-114.01722114926284,51.041325594575035],[-114.01740979547249,51.0410544780477],[-114.01796675094864,51.04098669866796],[-114.01785895311455,51.040941512359716],[-114.01805658247706,51.040354086341964],[-114.01811946454694,51.04025241569818],[-114.01807454878274,51.04054048194276],[-114.01828116129809,51.0402298221915],[-114.01828116129809,51.04010555770773],[-114.01822393877383,51.04005929747083],[-114.0187573825841,51.039853743129804],[-114.01887404938562,51.039941754015324],[-114.01859557164752,51.04078900824399],[-114.01844285804923,51.041884767401996],[-114.01833506021514,51.04143855932651],[-114.01813743085263,51.04146115224375],[-114.01783200365603,51.04172661819603],[-114.01720318295715,51.0417379145858],[-114.01687080630202,51.04168708081019],[-114.01698758728895,51.042116342050996],[-114.01671809270373,51.04218411977808],[-114.01670910955089,51.04229143430981],[-114.01643961496565,51.04234226742229],[-114.01628690136734,51.042579487876324],[-114.01606232254632,51.042720689950855],[-114.01608927200483,51.042811059052674],[-114.01629588452019,51.04296355651228],[-114.01678097477361,51.04309346135968],[-114.01692470521907,51.04309346135968],[-114.01705945251169,51.04303698103601],[-114.01729301448556,51.04312734952083],[-114.01794878464297,51.0431499416145],[-114.01810149824126,51.04329678995476],[-114.01836200967367,51.043268549925465],[-114.01844285804923,51.043229013855566],[-114.01846082435492,51.04312734952083],[-114.01830811075662,51.04305392514032],[-114.01824522868672,51.04279411485951],[-114.0181104813941,51.04266985725361],[-114.01816438031116,51.04260208023717],[-114.01844285804923,51.04253430312159],[-114.01849675696627,51.04226319366766],[-114.01863150425889,51.042692449570374],[-114.01863150425889,51.042974852600416],[-114.01860455480038,51.04266420917269],[-114.01851472327196,51.04239874859295],[-114.01849675696627,51.04319512576877],[-114.01842489174355,51.04327419793271],[-114.01821827922821,51.04331938196579],[-114.01825421183958,51.04336456595482],[-114.01857760534185,51.04335891795859],[-114.01863150425889,51.04330996862919],[-114.01863150425889,51.04340974989976],[-114.01874828524583,51.04367520468626],[-114.01884709992709,51.0435961332068],[-114.01884709992709,51.04305392514032],[-114.01894591460834,51.043200773784946],[-114.01916151027652,51.043200773784946],[-114.01995202772656,51.04294096432772],[-114.02028440438167,51.04276587452379],[-114.02047305059135,51.042822355178004],[-114.0207066125652,51.04279411485951],[-114.02091322508056,51.042703745724616],[-114.02169475937775,51.042568191691785],[-114.02170374253059,51.04250041452662],[-114.02154204577946,51.0423648598988]],[[-114.02036525275724,51.04295790846717],[-114.02030237068736,51.04300309280873],[-114.02032932014588,51.04308781333042],[-114.0205269495084,51.04306522120645],[-114.02036525275724,51.04295790846717]],[[-114.0207066125652,51.04300874084835],[-114.02115577020727,51.04285059547928],[-114.02115577020727,51.04278846679374],[-114.02056288211976,51.042901427978215],[-114.02050898320272,51.04295226042137],[-114.02059881473112,51.04300874084835],[-114.0207066125652,51.04300874084835]],[[-114.01685283999633,51.04343798984295],[-114.01703250305317,51.043449285815434],[-114.01681690738498,51.04340410190905],[-114.01685283999633,51.04343798984295]],[[-114.01648453072985,51.0433532699617],[-114.01635876659007,51.04336456595482],[-114.01670012639804,51.04340974989976],[-114.01648453072985,51.0433532699617]],[[-114.01555028283437,51.04212763834574],[-114.01564011436278,51.04228013805502],[-114.01580181111392,51.04239874859295],[-114.0159724910179,51.04239310047897],[-114.01611622146336,51.042297082436164],[-114.0161252046162,51.04225189740597],[-114.01599944047643,51.04218411977808],[-114.01584672687812,51.04185087833187],[-114.01567604697414,51.041805692866504],[-114.01557723229288,51.04189041557797],[-114.01555028283437,51.04212763834574]],[[-114.01755352591795,51.04162495056425],[-114.01748166069522,51.04144985578652],[-114.01733793024977,51.04124087083068],[-114.01720318295715,51.04149504159895],[-114.01746369438953,51.04165319159547],[-114.01755352591795,51.04162495056425]],[[-114.01772420582193,51.04112225732826],[-114.01756250907079,51.04108271942665],[-114.01762539114068,51.041060126324865],[-114.01746369438953,51.041060126324865],[-114.01746369438953,51.04117309172365],[-114.01772420582193,51.04112225732826]],[[-114.01422077621388,51.04261337641346],[-114.01446332134059,51.04274893031411],[-114.01436450665933,51.04283929936084],[-114.01436450665933,51.04295790846717],[-114.01452620341047,51.04311040544336],[-114.01484061375992,51.04320642180046],[-114.01516400726219,51.04304262907148],[-114.01544248500028,51.04310475741616],[-114.01540655238891,51.04304262907148],[-114.01509214203946,51.04287883576335],[-114.01393331532294,51.04235921178071],[-114.01368178704341,51.04253995121833],[-114.0139422984758,51.04266420917269],[-114.01400518054568,51.04259078405812],[-114.01422077621388,51.04261337641346]]],[[[-114.01815539715832,51.040099909314165],[-114.01815186977468,51.04005555055315],[-114.01821099737126,51.04005995489706],[-114.01815539715832,51.040099909314165]]],[[[-114.01790017997678,51.04001861245406],[-114.01777810473898,51.040178986761134],[-114.01761640798784,51.040178986761134],[-114.01765489884718,51.03994906574572],[-114.01790017997678,51.04001861245406]]],[[[-114.01676980820599,51.039671754595474],[-114.01647554757702,51.03965933249598],[-114.0164306318128,51.0395689572462],[-114.0162779182145,51.03965933249598],[-114.01535265347187,51.03971581693758],[-114.01606232254632,51.03974405913255],[-114.01601740678211,51.03980619190091],[-114.01539756923607,51.039845730891926],[-114.01502027681674,51.03980619190091],[-114.0147058664673,51.03990221510626],[-114.01472383277297,51.03974405913255],[-114.01458908548035,51.03972711381765],[-114.0147058664673,51.039698871612345],[-114.01375365226613,51.03968192628089],[-114.01339432615248,51.03958590261897],[-114.0131787304843,51.03918486046796],[-114.0133763598468,51.03889678579465],[-114.0133763598468,51.03882326051707],[-114.0134886395432,51.03883593443188],[-114.01344822506952,51.038885488712125],[-114.01351110713941,51.03899281088477],[-114.01334941038827,51.03924134548799],[-114.01344822506952,51.03956330878724],[-114.01377161857181,51.039636738700075],[-114.01483163060708,51.039636738700075],[-114.01479569799571,51.03958590261897],[-114.01437348981217,51.039506824159744],[-114.01431959089513,51.03946163640814],[-114.01393331532294,51.03942209708934],[-114.01382551748885,51.03903235056992],[-114.01385246694738,51.03898716235555],[-114.0141399278383,51.039015404994686],[-114.0144004392707,51.03912837537908],[-114.0144453550349,51.03920180598121],[-114.01431959089513,51.039224399989216],[-114.01417586044967,51.03938255773681],[-114.0142477256724,51.03943339404101],[-114.01457111917468,51.03921310298659],[-114.014719911963,51.03901923457356],[-114.01481941132715,51.039037192001224],[-114.01479569799571,51.039105781324224],[-114.01484061375992,51.03918486046796],[-114.0147687485372,51.039269587972186],[-114.01491247898265,51.039444690989924],[-114.0149663778997,51.039444690989924],[-114.01497536105254,51.03935996380594],[-114.0151011251923,51.03932607288891],[-114.01550536707016,51.03935996380594],[-114.01556824914005,51.039444690989924],[-114.01548740076448,51.03955201186728],[-114.01552333337584,51.03960849643968],[-114.01629588452019,51.039602847985556],[-114.01643195240379,51.03952085557063],[-114.01676980820599,51.039671754595474]]],[[[-114.01325957885986,51.038868543083204],[-114.0132961670148,51.03881420850541],[-114.01332931161156,51.03881794980334],[-114.01325957885986,51.038868543083204]]],[[[-114.01863150425889,51.04330996862919],[-114.01863150425889,51.042974852600416],[-114.01865845371742,51.04328549394512],[-114.01863150425889,51.04330996862919]]]]}},{"type":"Feature","id":"ab-flood-14796","properties":{"id":"ab-flood-14796","sourceObjectId":14796,"zone":"Flood Fringe","river":"Bow River","flowRegime":"Regulated","study":"Bow and Elbow River Flood Study","floodMechanism":"Open Water","layerType":"provincial-design-flood-hazard"},"geometry":{"type":"Polygon","coordinates":[[[-114.01273855599507,51.03919615747746],[-114.0129002527462,51.039145320912965],[-114.0129182190519,51.03923004848951],[-114.01267567392519,51.03953506648209],[-114.01252296032689,51.03961414489315],[-114.0124421119513,51.03955201186728],[-114.01273855599507,51.03919615747746]],[[-114.01252296032689,51.039540714944515],[-114.01265770761951,51.03948423028944],[-114.01281940437065,51.03921310298659],[-114.01252296032689,51.039540714944515]]]}},{"type":"Feature","id":"ab-flood-14820","properties":{"id":"ab-flood-14820","sourceObjectId":14820,"zone":"Flood Fringe","river":"Bow River","flowRegime":"Regulated","study":"Bow and Elbow River Flood Study","floodMechanism":"Open Water","layerType":"provincial-design-flood-hazard"},"geometry":{"type":"Polygon","coordinates":[[[-114.01266669077235,51.04067039358472],[-114.01294516851041,51.040856787912965],[-114.01272957284223,51.04082289809086],[-114.01266669077235,51.04067039358472]]]}},{"type":"Feature","id":"ab-flood-14821","properties":{"id":"ab-flood-14821","sourceObjectId":14821,"zone":"Flood Fringe","river":"Bow River","flowRegime":"Regulated","study":"Bow and Elbow River Flood Study","floodMechanism":"Open Water","layerType":"provincial-design-flood-hazard"},"geometry":{"type":"Polygon","coordinates":[[[-114.01295415166325,51.04143291109548],[-114.01294516851041,51.04127476034702],[-114.01306194949736,51.04130864983858],[-114.01313381472009,51.04142161463135],[-114.01309788210872,51.041585413091624],[-114.01302601688599,51.04155152380253],[-114.01299008427462,51.04141031816445],[-114.01295415166325,51.04143291109548]]]}},{"type":"Feature","id":"ab-flood-14840","properties":{"id":"ab-flood-14840","sourceObjectId":14840,"zone":"Flood Fringe","river":"Bow River","flowRegime":"Regulated","study":"Bow and Elbow River Flood Study","floodMechanism":"Open Water","layerType":"provincial-design-flood-hazard"},"geometry":{"type":"Polygon","coordinates":[[[-114.01519095672072,51.040687338554626],[-114.01502027681674,51.040738173427194],[-114.0151011251923,51.04063650362628],[-114.01519095672072,51.040687338554626]]]}},{"type":"Feature","id":"ab-flood-14848","properties":{"id":"ab-flood-14848","sourceObjectId":14848,"zone":"Flood Fringe","river":"Bow River","flowRegime":"Regulated","study":"Bow and Elbow River Flood Study","floodMechanism":"Open Water","layerType":"provincial-design-flood-hazard"},"geometry":{"type":"Polygon","coordinates":[[[-114.0157119795855,51.04522271932933],[-114.01678995792645,51.04528484475022],[-114.01661927802247,51.04534132233327],[-114.0163228339787,51.045307435791685],[-114.01605333939348,51.04538085660045],[-114.0150562094281,51.045138002712015],[-114.01462501809172,51.04516624160165],[-114.01422975936671,51.04513235493201],[-114.0138794164059,51.04497986461183],[-114.0157119795855,51.04522271932933]]]}},{"type":"Feature","id":"ab-flood-14849","properties":{"id":"ab-flood-14849","sourceObjectId":14849,"zone":"Flood Fringe","river":"Bow River","flowRegime":"Regulated","study":"Bow and Elbow River Flood Study","floodMechanism":"Open Water","layerType":"provincial-design-flood-hazard"},"geometry":{"type":"Polygon","coordinates":[[[-114.0264827798421,51.04205986053602],[-114.02659956082903,51.042054212380734],[-114.0270936342353,51.0421728234971],[-114.02634803254948,51.042155879070506],[-114.0264827798421,51.04205986053602]]]}},{"type":"Feature","id":"ab-flood-14850","properties":{"id":"ab-flood-14850","sourceObjectId":14850,"zone":"Flood Fringe","river":"Bow River","flowRegime":"Regulated","study":"Bow and Elbow River Flood Study","floodMechanism":"Open Water","layerType":"provincial-design-flood-hazard"},"geometry":{"type":"Polygon","coordinates":[[[-114.02624023471539,51.0421615272134],[-114.02597074013015,51.0421728234971],[-114.02600667274152,51.04202032343458],[-114.02624023471539,51.042025971593986],[-114.02627616732676,51.04207680499775],[-114.02624023471539,51.0421615272134]],[[-114.0261773526455,51.042155879070506],[-114.02620430210403,51.042082453150286],[-114.02614142003414,51.042048564224764],[-114.0261773526455,51.042155879070506]]]}},{"type":"Feature","id":"ab-flood-14851","properties":{"id":"ab-flood-14851","sourceObjectId":14851,"zone":"Flood Fringe","river":"Bow River","flowRegime":"Regulated","study":"Bow and Elbow River Flood Study","floodMechanism":"Open Water","layerType":"provincial-design-flood-hazard"},"geometry":{"type":"Polygon","coordinates":[[[-114.01961965107142,51.04578184511787],[-114.01967354998847,51.045612413773426],[-114.01972744890551,51.046182830164106],[-114.01965558368279,51.04612070594755],[-114.01961965107142,51.04578184511787]]]}},{"type":"Feature","id":"ab-flood-14852","properties":{"id":"ab-flood-14852","sourceObjectId":14852,"zone":"Flood Fringe","river":"Bow River","flowRegime":"Regulated","study":"Bow and Elbow River Flood Study","floodMechanism":"Open Water","layerType":"provincial-design-flood-hazard"},"geometry":{"type":"Polygon","coordinates":[[[-114.01916151027652,51.045917389747196],[-114.01936812279187,51.0470864457122],[-114.01926032495777,51.046979142288215],[-114.01906269559527,51.04578184511787],[-114.01916151027652,51.045917389747196]]]}},{"type":"Feature","id":"ab-flood-14853","properties":{"id":"ab-flood-14853","sourceObjectId":14853,"zone":"Flood Fringe","river":"Bow River","flowRegime":"Regulated","study":"Bow and Elbow River Flood Study","floodMechanism":"Open Water","layerType":"provincial-design-flood-hazard"},"geometry":{"type":"Polygon","coordinates":[[[-114.03257335746844,51.04494597780583],[-114.03188165469966,51.04457322130383],[-114.03261827323264,51.044833021606834],[-114.0319535199224,51.04448850349869],[-114.03268115530253,51.04484431723913],[-114.03350760536392,51.04514929826993],[-114.03346268959972,51.045143650491305],[-114.03365133580938,51.045267901461884],[-114.03257335746844,51.04494597780583]],[[-114.03294166673493,51.0449911602083],[-114.03313031294459,51.04503069477433],[-114.0327170879139,51.0448725563078],[-114.03294166673493,51.0449911602083]]]}},{"type":"Feature","id":"ab-flood-14855","properties":{"id":"ab-flood-14855","sourceObjectId":14855,"zone":"Flood Fringe","river":"Bow River","flowRegime":"Regulated","study":"Bow and Elbow River Flood Study","floodMechanism":"Open Water","layerType":"provincial-design-flood-hazard"},"geometry":{"type":"Polygon","coordinates":[[[-114.02002389294928,51.04526225369771],[-114.02058983157828,51.0451775371527],[-114.02110187129023,51.045307435791685],[-114.02126356804136,51.04527354922535],[-114.02136238272261,51.045369561098966],[-114.021793574059,51.04544862955138],[-114.021793574059,51.045346970087806],[-114.02241341160504,51.04522271932933],[-114.02288951870563,51.0449911602083],[-114.02341054157041,51.04496292121192],[-114.02369800246133,51.04501375139302],[-114.02407529488066,51.044934682198345],[-114.02425495793749,51.04500810359788],[-114.0243897052301,51.04494597780583],[-114.02463225035682,51.044951625608554],[-114.02453343567556,51.044821725971765],[-114.02455140198124,51.04465229111551],[-114.02470411557954,51.04469747380443],[-114.02471309873239,51.04477654340403],[-114.02482089656648,51.044725712962666],[-114.02511734061024,51.044742656449316],[-114.02619531895118,51.04522836709829],[-114.0260246390472,51.04525660593286],[-114.02575514446197,51.04523401486659],[-114.02527005420853,51.045064581518346],[-114.0251083574574,51.04497421681254],[-114.02500055962331,51.044782191227426],[-114.02491072809488,51.04483866942333],[-114.02493767755341,51.044957273410596],[-114.024847846025,51.044985512410406],[-114.02506344169319,51.04512670715134],[-114.02499157647047,51.04522271932933],[-114.0246951324267,51.045171889377535],[-114.0244076715358,51.045217071559655],[-114.02308714806813,51.04515494604788],[-114.02274578826017,51.045330026822164],[-114.02242239475788,51.04528484475022],[-114.02218883278401,51.045330026822164],[-114.02213493386697,51.045414743088294],[-114.02233256322947,51.045397799847464],[-114.0224044284522,51.04548251598966],[-114.02227866431242,51.04560111832843],[-114.02198222026865,51.04565759552587],[-114.02168577622491,51.04564630009189],[-114.02178459090615,51.04556158424923],[-114.02185645612889,51.04563500465516],[-114.0221618833255,51.04559547060489],[-114.02204510233855,51.04556723197692],[-114.02223374854822,51.045488163726965],[-114.02206306864423,51.04552769786881],[-114.0214881468624,51.04551640240315],[-114.02089525877487,51.04528484475022],[-114.02050898320272,51.04537520885007],[-114.02040118536861,51.045459925033555],[-114.02039220221576,51.045544641062136],[-114.02002389294928,51.045437334066435],[-114.01992507826803,51.0454994591995],[-114.01979931412825,51.04545427729281],[-114.02002389294928,51.04526225369771]],[[-114.0228625692471,51.045081524881056],[-114.02288053555279,51.0451775371527],[-114.02316799644369,51.045092820452766],[-114.02299731653972,51.045041990358406],[-114.0228625692471,51.045081524881056]],[[-114.0242998737017,51.045070229306624],[-114.02437173892442,51.04516624160165],[-114.02443462099431,51.04514929826993],[-114.02441665468864,51.045058933729386],[-114.02434478946589,51.04501375139302],[-114.0242998737017,51.045070229306624]],[[-114.02465919981535,51.04486690849546],[-114.02473106503807,51.044821725971765],[-114.02460530089829,51.044782191227426],[-114.02457835143977,51.04481607815324],[-114.02465919981535,51.04486690849546]],[[-114.02540480150115,51.04496292121192],[-114.02546768357104,51.04500810359788],[-114.02574616130913,51.04509846823758],[-114.02564734662788,51.044985512410406],[-114.02544073411252,51.04494033000242],[-114.02540480150115,51.04496292121192]]]}},{"type":"Feature","id":"ab-flood-14864","properties":{"id":"ab-flood-14864","sourceObjectId":14864,"zone":"Flood Fringe","river":"Bow River","flowRegime":"Regulated","study":"Bow and Elbow River Flood Study","floodMechanism":"Open Water","layerType":"provincial-design-flood-hazard"},"geometry":{"type":"Polygon","coordinates":[[[-114.0130080505803,51.03952941801901],[-114.01312483156725,51.03946728487952],[-114.01327754516555,51.03963109024938],[-114.0131158484144,51.039653684048034],[-114.01299008427462,51.03961414489315],[-114.0130080505803,51.03952941801901]],[[-114.01306194949736,51.03958590261897],[-114.01309788210872,51.03960849643968],[-114.01310686526156,51.039546363406224],[-114.01306194949736,51.03958590261897]]]}},{"type":"Feature","id":"ab-flood-14865","properties":{"id":"ab-flood-14865","sourceObjectId":14865,"zone":"Flood Fringe","river":"Bow River","flowRegime":"Regulated","study":"Bow and Elbow River Flood Study","floodMechanism":"Open Water","layerType":"provincial-design-flood-hazard"},"geometry":{"type":"Polygon","coordinates":[[[-114.01544248500028,51.040190283528254],[-114.01563113120994,51.040297602678535],[-114.01522688933208,51.040224173813094],[-114.01544248500028,51.040190283528254]]]}},{"type":"Feature","id":"ab-flood-14866","properties":{"id":"ab-flood-14866","sourceObjectId":14866,"zone":"Flood Fringe","river":"Bow River","flowRegime":"Regulated","study":"Bow and Elbow River Flood Study","floodMechanism":"Open Water","layerType":"provincial-design-flood-hazard"},"geometry":{"type":"Polygon","coordinates":[[[-114.01515502410935,51.04047270181108],[-114.01516400726219,51.04054048194276],[-114.01500231051105,51.0404896468533],[-114.01502027681674,51.04043316335511],[-114.01515502410935,51.04047270181108]]]}},{"type":"Feature","id":"ab-flood-14867","properties":{"id":"ab-flood-14867","sourceObjectId":14867,"zone":"Flood Fringe","river":"Bow River","flowRegime":"Regulated","study":"Bow and Elbow River Flood Study","floodMechanism":"Open Water","layerType":"provincial-design-flood-hazard"},"geometry":{"type":"Polygon","coordinates":[[[-114.01485858006559,51.040167689991264],[-114.01498434420537,51.04020158029262],[-114.01495739474684,51.04026936082098],[-114.01480468114855,51.04027500919386],[-114.01485858006559,51.040167689991264]]]}},{"type":"Feature","id":"ab-flood-14926","properties":{"id":"ab-flood-14926","sourceObjectId":14926,"zone":"High Hazard Flood Fringe","river":"Bow River","flowRegime":"Regulated","study":"Bow and Elbow River Flood Study","floodMechanism":"Open Water","layerType":"provincial-design-flood-hazard"},"geometry":{"type":"Polygon","coordinates":[[[-114.01860455480038,51.04266420917269],[-114.01865845371742,51.04328549394512],[-114.01857760534185,51.04335891795859],[-114.01825421183958,51.04336456595482],[-114.01821827922821,51.04331938196579],[-114.01842489174355,51.04327419793271],[-114.01849675696627,51.04319512576877],[-114.01850574011912,51.04240439670623],[-114.01860455480038,51.04266420917269]]]}},{"type":"Feature","id":"ab-flood-14943","properties":{"id":"ab-flood-14943","sourceObjectId":14943,"zone":"High Hazard Flood Fringe","river":"Bow River","flowRegime":"Regulated","study":"Bow and Elbow River Flood Study","floodMechanism":"Open Water","layerType":"provincial-design-flood-hazard"},"geometry":{"type":"Polygon","coordinates":[[[-114.01304398319168,51.04185087833187],[-114.0123522804229,51.04115049866591],[-114.01207380268482,51.04064215195441],[-114.0121546510604,51.04012815127502],[-114.01240617933995,51.039444690989924],[-114.01283737067632,51.038975865295065],[-114.01305557075224,51.03879510570013],[-114.01330121134012,51.038814777899084],[-114.0132685620127,51.03886289453885],[-114.01337039263801,51.03882258695009],[-114.01334941038827,51.0389589196992],[-114.01316974733146,51.03919050897306],[-114.01328652831839,51.03932607288891],[-114.01329551147123,51.03947858182017],[-114.0134661913752,51.039619793345906],[-114.01377161857181,51.03968192628089],[-114.0147058664673,51.039698871612345],[-114.01458908548035,51.03972711381765],[-114.01472383277297,51.03974405913255],[-114.01472383277297,51.03990221510626],[-114.01502027681674,51.03980619190091],[-114.01539756923607,51.039845730891926],[-114.01601740678211,51.03980619190091],[-114.01606232254632,51.03974405913255],[-114.01535265347187,51.03971581693758],[-114.0162779182145,51.03965933249598],[-114.0164306318128,51.0395689572462],[-114.01647554757702,51.03965933249598],[-114.01676980820599,51.039671754595474],[-114.01701942737566,51.03979476924915],[-114.01765447288086,51.03994895360828],[-114.01761640798784,51.04017333837654],[-114.01777810473898,51.040178986761134],[-114.01789223714843,51.040016016008586],[-114.01815186977468,51.04005555055315],[-114.01815539715832,51.040099909314165],[-114.01823624553388,51.040054722141015],[-114.01830811075662,51.04015639321863],[-114.01807454878274,51.04054048194276],[-114.01811946454694,51.04025241569818],[-114.01807454878274,51.04030325104798],[-114.01785895311455,51.040941512359716],[-114.01796675094864,51.04098669866796],[-114.01740979547249,51.0410544780477],[-114.01722114926284,51.041325594575035],[-114.01709538512306,51.04138772522244],[-114.01713131773442,51.04130300159169],[-114.01699657044179,51.04142161463135],[-114.01671809270373,51.04192430461916],[-114.01656537910543,51.04192430461916],[-114.0165384296469,51.04200902711368],[-114.0163228339787,51.04206550869062],[-114.01625096875598,51.0421728234971],[-114.0161431709219,51.04217847163793],[-114.016080288852,51.04214458278266],[-114.01610723831052,51.04203161975273],[-114.0159724910179,51.041958193635566],[-114.01590062579518,51.041794396493266],[-114.01565808066846,51.041766155548146],[-114.01553231652869,51.04187347104807],[-114.01555028283437,51.04221236046842],[-114.0158646931838,51.04246087780115],[-114.01602638993495,51.042410044818816],[-114.0162779182145,51.04221800860444],[-114.01662826117531,51.04221800860444],[-114.01670012639804,51.04225754553716],[-114.01642164865996,51.04233661930143],[-114.01625995190882,51.04258513596759],[-114.0159275752537,51.04263596875779],[-114.01601740678211,51.04279976292457],[-114.01624198560313,51.04296355651228],[-114.01697860413611,51.043200773784946],[-114.01700555359464,51.043279845939246],[-114.01772420582193,51.04331373396406],[-114.01798471725432,51.04326290191755],[-114.01805658247706,51.043291141950284],[-114.01802963301853,51.04336456595482],[-114.01708640197022,51.04339280592557],[-114.01626893506166,51.04328549394512],[-114.01574791219687,51.04313864556904],[-114.01570299643267,51.04301438888725],[-114.01544248500028,51.04300874084835],[-114.0139422984758,51.04230273056183],[-114.01368178704341,51.04239310047897],[-114.0135290734451,51.04253430312159],[-114.01304398319168,51.04185087833187]],[[-114.01489451267696,51.04264726492582],[-114.01480468114855,51.04251735882721],[-114.0146429843974,51.04243263726227],[-114.01489451267696,51.04264726492582]],[[-114.01495739474684,51.04252300692601],[-114.01500231051105,51.04249476642502],[-114.01492146213549,51.042443933479895],[-114.0151011251923,51.04245522969474],[-114.01488552952412,51.04239874859295],[-114.01484061375992,51.042443933479895],[-114.01495739474684,51.04252300692601]],[[-114.01308889895589,51.04185087833187],[-114.01318771363714,51.04182828560471],[-114.01309788210872,51.04170402540826],[-114.01295415166325,51.04163624697881],[-114.01301703373315,51.041777451928255],[-114.01308889895589,51.04185087833187]],[[-114.01302601688599,51.04155152380253],[-114.01309788210872,51.041585413091624],[-114.01313381472009,51.04142161463135],[-114.01306194949736,51.04130864983858],[-114.01294516851041,51.04127476034702],[-114.01293618535757,51.041399021694836],[-114.01295415166325,51.04143291109548],[-114.01299008427462,51.04141031816445],[-114.01302601688599,51.04155152380253]],[[-114.0152538387906,51.04144985578652],[-114.01518197356788,51.04134818754738],[-114.01506519258095,51.04138772522244],[-114.01508315888663,51.04145550401549],[-114.0152538387906,51.04144985578652]],[[-114.0138794164059,51.04144985578652],[-114.01393331532294,51.04150068982242],[-114.0141399278383,51.04151763448865],[-114.01412196153261,51.04144985578652],[-114.01393331532294,51.04141596639826],[-114.0138794164059,51.04144985578652]],[[-114.01320567994281,51.04099799523813],[-114.01328652831839,51.04115049866591],[-114.01334941038827,51.0410544780477],[-114.0132685620127,51.04095280894091],[-114.01320567994281,51.04099799523813]],[[-114.01294516851041,51.040856787912965],[-114.01266669077235,51.04067039358472],[-114.01272957284223,51.04082289809086],[-114.01294516851041,51.040856787912965]],[[-114.01502027681674,51.040738173427194],[-114.01519095672072,51.040687338554626],[-114.0151011251923,51.04063650362628],[-114.01502027681674,51.040738173427194]],[[-114.01718521665147,51.040698635197806],[-114.01736487970828,51.040738173427194],[-114.01741877862533,51.040568723635054],[-114.01735589655544,51.0404896468533],[-114.0174547112367,51.04051788857656],[-114.01751759330658,51.0404218666472],[-114.01747267754237,51.04024111894622],[-114.01731996394408,51.04024111894622],[-114.01740081231965,51.04013944805453],[-114.01717623349863,51.04019593191078],[-114.01711335142873,51.04025806407315],[-114.01724809872135,51.04042751500151],[-114.0171492840401,51.04046140511282],[-114.01691572206623,51.04036538306639],[-114.01718521665147,51.040698635197806]],[[-114.01500231051105,51.0404896468533],[-114.01516400726219,51.04054048194276],[-114.01515502410935,51.04047270181108],[-114.01502027681674,51.04043316335511],[-114.01500231051105,51.0404896468533]],[[-114.01563113120994,51.040297602678535],[-114.01544248500028,51.040190283528254],[-114.01522688933208,51.040224173813094],[-114.01563113120994,51.040297602678535]],[[-114.01495739474684,51.04026936082098],[-114.01498434420537,51.04020158029262],[-114.01485858006559,51.040167689991264],[-114.01480468114855,51.04027500919386],[-114.01495739474684,51.04026936082098]],[[-114.0131158484144,51.039653684048034],[-114.01327754516555,51.03963109024938],[-114.01312483156725,51.03946728487952],[-114.0130080505803,51.03952941801901],[-114.01299008427462,51.03961414489315],[-114.0131158484144,51.039653684048034]],[[-114.01252296032689,51.03961414489315],[-114.01267567392519,51.03953506648209],[-114.0129182190519,51.03923004848951],[-114.0129002527462,51.039145320912965],[-114.01273855599507,51.03919615747746],[-114.0124421119513,51.03955201186728],[-114.01252296032689,51.03961414489315]]]}},{"type":"Feature","id":"ab-flood-14972","properties":{"id":"ab-flood-14972","sourceObjectId":14972,"zone":"High Hazard Flood Fringe","river":"Bow River","flowRegime":"Regulated","study":"Bow and Elbow River Flood Study","floodMechanism":"Open Water","layerType":"provincial-design-flood-hazard"},"geometry":{"type":"Polygon","coordinates":[[[-114.01758047537648,51.04104318149129],[-114.01762539114068,51.041060126324865],[-114.01757149222364,51.041094015973414],[-114.01772420582193,51.04112225732826],[-114.01746369438953,51.04117309172365],[-114.0174547112367,51.04108271942665],[-114.01758047537648,51.04104318149129]]]}},{"type":"Feature","id":"ab-flood-14973","properties":{"id":"ab-flood-14973","sourceObjectId":14973,"zone":"High Hazard Flood Fringe","river":"Bow River","flowRegime":"Regulated","study":"Bow and Elbow River Flood Study","floodMechanism":"Open Water","layerType":"provincial-design-flood-hazard"},"geometry":{"type":"Polygon","coordinates":[[[-114.01755352591795,51.041608005937256],[-114.01750861015374,51.041647543390596],[-114.01737386286113,51.041630598771874],[-114.01721216610999,51.04150068982242],[-114.01725708187419,51.04130300159169],[-114.0173469134026,51.04123522257555],[-114.01755352591795,51.041608005937256]]]}},{"type":"Feature","id":"ab-flood-14977","properties":{"id":"ab-flood-14977","sourceObjectId":14977,"zone":"High Hazard Flood Fringe","river":"Bow River","flowRegime":"Regulated","study":"Bow and Elbow River Flood Study","floodMechanism":"Open Water","layerType":"provincial-design-flood-hazard"},"geometry":{"type":"Polygon","coordinates":[[[-114.02441665468864,51.045058933729386],[-114.02443462099431,51.04514929826993],[-114.02437173892442,51.04516624160165],[-114.0242998737017,51.045070229306624],[-114.02434478946589,51.04501375139302],[-114.02441665468864,51.045058933729386]]]}},{"type":"Feature","id":"ab-flood-14978","properties":{"id":"ab-flood-14978","sourceObjectId":14978,"zone":"High Hazard Flood Fringe","river":"Bow River","flowRegime":"Regulated","study":"Bow and Elbow River Flood Study","floodMechanism":"Open Water","layerType":"provincial-design-flood-hazard"},"geometry":{"type":"Polygon","coordinates":[[[-114.02119170281864,51.04279976292457],[-114.02116475336011,51.0428449474204],[-114.02083237670499,51.042974852600416],[-114.02062576418965,51.04301438888725],[-114.02050898320272,51.04295226042137],[-114.02056288211976,51.042901427978215],[-114.02112882074876,51.04278846679374],[-114.02119170281864,51.04279976292457]]]}},{"type":"Feature","id":"ab-flood-14979","properties":{"id":"ab-flood-14979","sourceObjectId":14979,"zone":"High Hazard Flood Fringe","river":"Bow River","flowRegime":"Regulated","study":"Bow and Elbow River Flood Study","floodMechanism":"Open Water","layerType":"provincial-design-flood-hazard"},"geometry":{"type":"Polygon","coordinates":[[[-114.02316799644369,51.045092820452766],[-114.02288053555279,51.0451775371527],[-114.0228625692471,51.045081524881056],[-114.02299731653972,51.045041990358406],[-114.02316799644369,51.045092820452766]]]}},{"type":"Feature","id":"ab-flood-14980","properties":{"id":"ab-flood-14980","sourceObjectId":14980,"zone":"High Hazard Flood Fringe","river":"Bow River","flowRegime":"Regulated","study":"Bow and Elbow River Flood Study","floodMechanism":"Open Water","layerType":"provincial-design-flood-hazard"},"geometry":{"type":"Polygon","coordinates":[[[-114.02053593266123,51.04305392514032],[-114.02034728645157,51.04309346135968],[-114.02030237068736,51.04300309280873],[-114.02039220221576,51.04296355651228],[-114.02053593266123,51.04305392514032]]]}},{"type":"Feature","id":"ab-flood-14981","properties":{"id":"ab-flood-14981","sourceObjectId":14981,"zone":"High Hazard Flood Fringe","river":"Bow River","flowRegime":"Regulated","study":"Bow and Elbow River Flood Study","floodMechanism":"Open Water","layerType":"provincial-design-flood-hazard"},"geometry":{"type":"Polygon","coordinates":[[[-114.02023050546462,51.04311040544336],[-114.02013169078337,51.043144293592114],[-114.01887404938562,51.04338715793277],[-114.01890099884413,51.04323466186762],[-114.01908066190096,51.04323466186762],[-114.0201137244777,51.04298050064346],[-114.02021253915895,51.04298050064346],[-114.02024847177032,51.04304262907148],[-114.02023050546462,51.04311040544336]]]}},{"type":"Feature","id":"ab-flood-14982","properties":{"id":"ab-flood-14982","sourceObjectId":14982,"zone":"High Hazard Flood Fringe","river":"Bow River","flowRegime":"Regulated","study":"Bow and Elbow River Flood Study","floodMechanism":"Open Water","layerType":"provincial-design-flood-hazard"},"geometry":{"type":"Polygon","coordinates":[[[-114.02088627562203,51.045075877094185],[-114.02177560775331,51.04457322130383],[-114.0222966306181,51.044415081275574],[-114.0236710530028,51.04448285563951],[-114.02501852592899,51.04472006513238],[-114.02478496395511,51.044731360792234],[-114.02471309873239,51.04477654340403],[-114.0246951324267,51.044691825970745],[-114.02453343567556,51.04465793895404],[-114.02453343567556,51.044821725971765],[-114.02463225035682,51.044951625608554],[-114.0243897052301,51.04494597780583],[-114.02425495793749,51.04500810359788],[-114.02406631172782,51.044934682198345],[-114.02369800246133,51.04501375139302],[-114.02341054157041,51.04496292121192],[-114.0228625692471,51.04499680800553],[-114.02241341160504,51.04522271932933],[-114.021793574059,51.045346970087806],[-114.02178459090615,51.04544862955138],[-114.02136238272261,51.045369561098966],[-114.02126356804136,51.04527354922535],[-114.02110187129023,51.045307435791685],[-114.02058983157828,51.0451775371527],[-114.02088627562203,51.045075877094185]]]}},{"type":"Feature","id":"ab-flood-14984","properties":{"id":"ab-flood-14984","sourceObjectId":14984,"zone":"High Hazard Flood Fringe","river":"Bow River","flowRegime":"Regulated","study":"Bow and Elbow River Flood Study","floodMechanism":"Open Water","layerType":"provincial-design-flood-hazard"},"geometry":{"type":"Polygon","coordinates":[[[-114.02564734662788,51.044985512410406],[-114.02574616130913,51.04509846823758],[-114.02540480150115,51.04496292121192],[-114.02544073411252,51.04494033000242],[-114.02564734662788,51.044985512410406]]]}},{"type":"Feature","id":"ab-flood-15090","properties":{"id":"ab-flood-15090","sourceObjectId":15090,"zone":"Flood Fringe","river":"Bow River","flowRegime":"Regulated","study":"Bow and Elbow River Flood Study","floodMechanism":"Open Water","layerType":"provincial-design-flood-hazard"},"geometry":{"type":"Polygon","coordinates":[[[-114.00800443444777,51.041252167338875],[-114.00851647415972,51.04228013805502],[-114.00912732855292,51.04289013187217],[-114.00989987969726,51.043268549925465],[-114.01074429606432,51.04379381165241],[-114.0106724308416,51.04379945959558],[-114.0107802286757,51.043895474524525],[-114.00944173890235,51.04323466186762],[-114.00882190135631,51.04270939380074],[-114.00836376056141,51.0421615272134],[-114.00813019858754,51.04170967360621],[-114.00756024752022,51.0402998337665],[-114.0076210032463,51.04024608165367],[-114.00800443444777,51.041252167338875]]]}},{"type":"Feature","id":"ab-flood-15095","properties":{"id":"ab-flood-15095","sourceObjectId":15095,"zone":"Flood Fringe","river":"Bow River","flowRegime":"Regulated","study":"Bow and Elbow River Flood Study","floodMechanism":"Open Water","layerType":"provincial-design-flood-hazard"},"geometry":{"type":"Polygon","coordinates":[[[-114.01691572206623,51.04036538306639],[-114.0171492840401,51.04046140511282],[-114.01724809872135,51.04042751500151],[-114.01711335142873,51.04025806407315],[-114.01717623349863,51.04019593191078],[-114.01740081231965,51.04013944805453],[-114.01731996394408,51.04024111894622],[-114.01747267754237,51.04024111894622],[-114.01751759330658,51.0404218666472],[-114.0174547112367,51.04051788857656],[-114.01735589655544,51.0404896468533],[-114.01741877862533,51.040568723635054],[-114.01736487970828,51.040738173427194],[-114.01718521665147,51.040698635197806],[-114.01691572206623,51.04036538306639]]]}},{"type":"Feature","id":"ab-flood-15096","properties":{"id":"ab-flood-15096","sourceObjectId":15096,"zone":"Flood Fringe","river":"Bow River","flowRegime":"Regulated","study":"Bow and Elbow River Flood Study","floodMechanism":"Open Water","layerType":"provincial-design-flood-hazard"},"geometry":{"type":"Polygon","coordinates":[[[-114.01488552952412,51.04239874859295],[-114.0151011251923,51.04245522969474],[-114.01492146213549,51.042443933479895],[-114.01500231051105,51.04249476642502],[-114.01495739474684,51.04252300692601],[-114.01484061375992,51.042443933479895],[-114.01488552952412,51.04239874859295]]]}},{"type":"Feature","id":"ab-flood-15097","properties":{"id":"ab-flood-15097","sourceObjectId":15097,"zone":"Flood Fringe","river":"Bow River","flowRegime":"Regulated","study":"Bow and Elbow River Flood Study","floodMechanism":"Open Water","layerType":"provincial-design-flood-hazard"},"geometry":{"type":"Polygon","coordinates":[[[-114.01480468114855,51.04251735882721],[-114.01489451267696,51.04264726492582],[-114.0146429843974,51.04243263726227],[-114.01480468114855,51.04251735882721]]]}},{"type":"Feature","id":"ab-flood-15098","properties":{"id":"ab-flood-15098","sourceObjectId":15098,"zone":"Flood Fringe","river":"Bow River","flowRegime":"Regulated","study":"Bow and Elbow River Flood Study","floodMechanism":"Open Water","layerType":"provincial-design-flood-hazard"},"geometry":{"type":"Polygon","coordinates":[[[-114.01506519258095,51.04138772522244],[-114.01518197356788,51.04134818754738],[-114.0152538387906,51.04144985578652],[-114.01508315888663,51.04145550401549],[-114.01506519258095,51.04138772522244]]]}},{"type":"Feature","id":"ab-flood-15099","properties":{"id":"ab-flood-15099","sourceObjectId":15099,"zone":"Flood Fringe","river":"Bow River","flowRegime":"Regulated","study":"Bow and Elbow River Flood Study","floodMechanism":"Open Water","layerType":"provincial-design-flood-hazard"},"geometry":{"type":"Polygon","coordinates":[[[-114.01412196153261,51.04144985578652],[-114.0141399278383,51.04151763448865],[-114.01393331532294,51.04150068982242],[-114.0138794164059,51.04144985578652],[-114.01393331532294,51.04141596639826],[-114.01412196153261,51.04144985578652]]]}},{"type":"Feature","id":"ab-flood-15100","properties":{"id":"ab-flood-15100","sourceObjectId":15100,"zone":"Flood Fringe","river":"Bow River","flowRegime":"Regulated","study":"Bow and Elbow River Flood Study","floodMechanism":"Open Water","layerType":"provincial-design-flood-hazard"},"geometry":{"type":"Polygon","coordinates":[[[-114.01334941038827,51.0410544780477],[-114.01328652831839,51.04115049866591],[-114.01320567994281,51.04099799523813],[-114.0132685620127,51.04095280894091],[-114.01334941038827,51.0410544780477]]]}},{"type":"Feature","id":"ab-flood-15101","properties":{"id":"ab-flood-15101","sourceObjectId":15101,"zone":"Flood Fringe","river":"Bow River","flowRegime":"Regulated","study":"Bow and Elbow River Flood Study","floodMechanism":"Open Water","layerType":"provincial-design-flood-hazard"},"geometry":{"type":"Polygon","coordinates":[[[-114.01316076417861,51.04178874830561],[-114.01308889895589,51.04174921097281],[-114.01301703373315,51.041777451928255],[-114.01295415166325,51.04163624697881],[-114.01318771363714,51.04178874830561],[-114.01316076417861,51.04184523015112],[-114.01306194949736,51.04184523015112],[-114.01316076417861,51.04178874830561]]]}},{"type":"Feature","id":"ab-flood-15119","properties":{"id":"ab-flood-15119","sourceObjectId":15119,"zone":"Flood Fringe","river":"Bow River","flowRegime":"Regulated","study":"Bow and Elbow River Flood Study","floodMechanism":"Open Water","layerType":"provincial-design-flood-hazard"},"geometry":{"type":"MultiPolygon","coordinates":[[[[-114.02154204577946,51.0423648598988],[-114.021793574059,51.04249476642502],[-114.02197323711582,51.04250041452662],[-114.0224942599806,51.04242134104193],[-114.02297935023404,51.04220671233173],[-114.02383274975395,51.04207115684453],[-114.02445258729999,51.04209939760375],[-114.02451546936989,51.04217847163793],[-114.02381478344827,51.04217847163793],[-114.02311409752664,51.04229143430981],[-114.02288053555279,51.04242698915246],[-114.02245832736925,51.04253995121833],[-114.02215290017266,51.04255689550447],[-114.02195527081014,51.04266420917269],[-114.02157797839081,51.042731986098225],[-114.02150611316807,51.04279976292457],[-114.02059881473112,51.04307086923848],[-114.02026643807599,51.04322336584282],[-114.01958371846007,51.043330677967184],[-114.01900879667822,51.0433532699617],[-114.01956575215438,51.043279845939246],[-114.02017660654758,51.04313299754528],[-114.02024847177032,51.04305957317373],[-114.02017660654758,51.042974852600416],[-114.01906269559527,51.04324030987897],[-114.01890099884413,51.04323466186762],[-114.01887404938562,51.0436356689634],[-114.0187842178572,51.04369779651274],[-114.01869438632878,51.043663908768885],[-114.01859557164752,51.04350011765742],[-114.01726606502703,51.043556597416455],[-114.01651148018838,51.04347752573453],[-114.01520892302639,51.04310475741616],[-114.01489451267696,51.04323466186762],[-114.0147687485372,51.04322336584282],[-114.01466993385593,51.04315558963618],[-114.0144902707991,51.04319512576877],[-114.01442738872922,51.04304827710623],[-114.0141399278383,51.04299179672747],[-114.01355602290361,51.04256254359846],[-114.01360992182067,51.042443933479895],[-114.01393331532294,51.04230273056183],[-114.01544248500028,51.04300874084835],[-114.01570299643267,51.04301438888725],[-114.01574791219687,51.04313864556904],[-114.01626893506166,51.04328549394512],[-114.01722114926284,51.04339280592557],[-114.01796675094864,51.04337586194517],[-114.01805658247706,51.04333632596685],[-114.01798471725432,51.04326290191755],[-114.01772420582193,51.04331373396406],[-114.01700555359464,51.043279845939246],[-114.01697860413611,51.043200773784946],[-114.01624198560313,51.04296355651228],[-114.01601740678211,51.04279976292457],[-114.0159275752537,51.04263596875779],[-114.01625995190882,51.04258513596759],[-114.01642164865996,51.04233661930143],[-114.01670012639804,51.04225754553716],[-114.01662826117531,51.04221800860444],[-114.0162779182145,51.04221800860444],[-114.01602638993495,51.042410044818816],[-114.0158646931838,51.04246087780115],[-114.01555028283437,51.04221236046842],[-114.01553231652869,51.04187347104807],[-114.01565808066846,51.041766155548146],[-114.01590062579518,51.041794396493266],[-114.0159724910179,51.041958193635566],[-114.01610723831052,51.04203161975273],[-114.016080288852,51.04214458278266],[-114.0161431709219,51.04217847163793],[-114.01625096875598,51.0421728234971],[-114.0163228339787,51.04206550869062],[-114.0165384296469,51.04200902711368],[-114.01656537910543,51.04192430461916],[-114.01671809270373,51.041918656447336],[-114.01699657044179,51.04142161463135],[-114.01713131773442,51.04130300159169],[-114.01709538512306,51.04138772522244],[-114.01722114926284,51.041325594575035],[-114.01740979547249,51.0410544780477],[-114.01796675094864,51.04098669866796],[-114.01785895311455,51.040941512359716],[-114.01805658247706,51.040354086341964],[-114.01811946454694,51.04025241569818],[-114.01807454878274,51.04054048194276],[-114.01828116129809,51.0402298221915],[-114.01828116129809,51.04010555770773],[-114.01822393877383,51.04005929747083],[-114.0187573825841,51.039853743129804],[-114.01887404938562,51.039941754015324],[-114.01859557164752,51.04078900824399],[-114.01844285804923,51.041884767401996],[-114.01833506021514,51.04143855932651],[-114.01813743085263,51.04146115224375],[-114.01783200365603,51.04172661819603],[-114.01720318295715,51.0417379145858],[-114.01687080630202,51.04168708081019],[-114.01698758728895,51.042116342050996],[-114.01671809270373,51.04218411977808],[-114.01670910955089,51.04229143430981],[-114.01643961496565,51.04234226742229],[-114.01628690136734,51.042579487876324],[-114.01606232254632,51.042720689950855],[-114.01608927200483,51.042811059052674],[-114.01629588452019,51.04296355651228],[-114.01678097477361,51.04309346135968],[-114.01692470521907,51.04309346135968],[-114.01705945251169,51.04303698103601],[-114.01729301448556,51.04312734952083],[-114.01794878464297,51.0431499416145],[-114.01810149824126,51.04329678995476],[-114.01836200967367,51.043268549925465],[-114.01844285804923,51.043229013855566],[-114.01846082435492,51.04312734952083],[-114.01830811075662,51.04305392514032],[-114.01824522868672,51.04279411485951],[-114.0181104813941,51.04266985725361],[-114.01816438031116,51.04260208023717],[-114.01844285804923,51.04253430312159],[-114.01849675696627,51.04226319366766],[-114.01863150425889,51.042692449570374],[-114.01863150425889,51.042974852600416],[-114.01860455480038,51.04266420917269],[-114.01851472327196,51.04239874859295],[-114.01849675696627,51.04319512576877],[-114.01842489174355,51.04327419793271],[-114.01821827922821,51.04331938196579],[-114.01825421183958,51.04336456595482],[-114.01857760534185,51.04335891795859],[-114.01863150425889,51.04330996862919],[-114.01863150425889,51.04340974989976],[-114.01874828524583,51.04367520468626],[-114.01884709992709,51.0435961332068],[-114.01884709992709,51.04305392514032],[-114.01894591460834,51.043200773784946],[-114.01916151027652,51.043200773784946],[-114.01995202772656,51.04294096432772],[-114.02028440438167,51.04276587452379],[-114.02047305059135,51.042822355178004],[-114.0207066125652,51.04279411485951],[-114.02091322508056,51.042703745724616],[-114.02169475937775,51.042568191691785],[-114.02170374253059,51.04250041452662],[-114.02154204577946,51.0423648598988]],[[-114.02036525275724,51.04295790846717],[-114.02030237068736,51.04300309280873],[-114.02032932014588,51.04308781333042],[-114.0205269495084,51.04306522120645],[-114.02036525275724,51.04295790846717]],[[-114.0207066125652,51.04300874084835],[-114.02115577020727,51.04285059547928],[-114.02115577020727,51.04278846679374],[-114.02056288211976,51.042901427978215],[-114.02050898320272,51.04295226042137],[-114.02059881473112,51.04300874084835],[-114.0207066125652,51.04300874084835]],[[-114.01685283999633,51.04343798984295],[-114.01703250305317,51.043449285815434],[-114.01681690738498,51.04340410190905],[-114.01685283999633,51.04343798984295]],[[-114.01648453072985,51.0433532699617],[-114.01635876659007,51.04336456595482],[-114.01670012639804,51.04340974989976],[-114.01648453072985,51.0433532699617]],[[-114.01555028283437,51.04212763834574],[-114.01564011436278,51.04228013805502],[-114.01580181111392,51.04239874859295],[-114.0159724910179,51.04239310047897],[-114.01611622146336,51.042297082436164],[-114.0161252046162,51.04225189740597],[-114.01599944047643,51.04218411977808],[-114.01584672687812,51.04185087833187],[-114.01567604697414,51.041805692866504],[-114.01557723229288,51.04189041557797],[-114.01555028283437,51.04212763834574]],[[-114.01755352591795,51.04162495056425],[-114.01748166069522,51.04144985578652],[-114.01733793024977,51.04124087083068],[-114.01720318295715,51.04149504159895],[-114.01746369438953,51.04165319159547],[-114.01755352591795,51.04162495056425]],[[-114.01772420582193,51.04112225732826],[-114.01756250907079,51.04108271942665],[-114.01762539114068,51.041060126324865],[-114.01746369438953,51.041060126324865],[-114.01746369438953,51.04117309172365],[-114.01772420582193,51.04112225732826]],[[-114.01422077621388,51.04261337641346],[-114.01446332134059,51.04274893031411],[-114.01436450665933,51.04283929936084],[-114.01436450665933,51.04295790846717],[-114.01452620341047,51.04311040544336],[-114.01484061375992,51.04320642180046],[-114.01516400726219,51.04304262907148],[-114.01544248500028,51.04310475741616],[-114.01540655238891,51.04304262907148],[-114.01509214203946,51.04287883576335],[-114.01393331532294,51.04235921178071],[-114.01368178704341,51.04253995121833],[-114.0139422984758,51.04266420917269],[-114.01400518054568,51.04259078405812],[-114.01422077621388,51.04261337641346]]],[[[-114.01815539715832,51.040099909314165],[-114.01815186977468,51.04005555055315],[-114.01821099737126,51.04005995489706],[-114.01815539715832,51.040099909314165]]],[[[-114.01790017997678,51.04001861245406],[-114.01777810473898,51.040178986761134],[-114.01761640798784,51.040178986761134],[-114.01765489884718,51.03994906574572],[-114.01790017997678,51.04001861245406]]],[[[-114.01676980820599,51.039671754595474],[-114.01647554757702,51.03965933249598],[-114.0164306318128,51.0395689572462],[-114.0162779182145,51.03965933249598],[-114.01535265347187,51.03971581693758],[-114.01606232254632,51.03974405913255],[-114.01601740678211,51.03980619190091],[-114.01539756923607,51.039845730891926],[-114.01502027681674,51.03980619190091],[-114.0147058664673,51.03990221510626],[-114.01472383277297,51.03974405913255],[-114.01458908548035,51.03972711381765],[-114.0147058664673,51.039698871612345],[-114.01375365226613,51.03968192628089],[-114.01339432615248,51.03958590261897],[-114.0131787304843,51.03918486046796],[-114.0133763598468,51.03889678579465],[-114.0133763598468,51.03882326051707],[-114.0134886395432,51.03883593443188],[-114.01344822506952,51.038885488712125],[-114.01351110713941,51.03899281088477],[-114.01334941038827,51.03924134548799],[-114.01344822506952,51.03956330878724],[-114.01377161857181,51.039636738700075],[-114.01483163060708,51.039636738700075],[-114.01479569799571,51.03958590261897],[-114.01437348981217,51.039506824159744],[-114.01431959089513,51.03946163640814],[-114.01393331532294,51.03942209708934],[-114.01382551748885,51.03903235056992],[-114.01385246694738,51.03898716235555],[-114.0141399278383,51.039015404994686],[-114.0144004392707,51.03912837537908],[-114.0144453550349,51.03920180598121],[-114.01431959089513,51.039224399989216],[-114.01417586044967,51.03938255773681],[-114.0142477256724,51.03943339404101],[-114.01457111917468,51.03921310298659],[-114.014719911963,51.03901923457356],[-114.01481941132715,51.039037192001224],[-114.01479569799571,51.039105781324224],[-114.01484061375992,51.03918486046796],[-114.0147687485372,51.039269587972186],[-114.01491247898265,51.039444690989924],[-114.0149663778997,51.039444690989924],[-114.01497536105254,51.03935996380594],[-114.0151011251923,51.03932607288891],[-114.01550536707016,51.03935996380594],[-114.01556824914005,51.039444690989924],[-114.01548740076448,51.03955201186728],[-114.01552333337584,51.03960849643968],[-114.01629588452019,51.039602847985556],[-114.01643195240379,51.03952085557063],[-114.01676980820599,51.039671754595474]]],[[[-114.01325957885986,51.038868543083204],[-114.0132961670148,51.03881420850541],[-114.01332931161156,51.03881794980334],[-114.01325957885986,51.038868543083204]]],[[[-114.01863150425889,51.04330996862919],[-114.01863150425889,51.042974852600416],[-114.01865845371742,51.04328549394512],[-114.01863150425889,51.04330996862919]]]]}},{"type":"Feature","id":"ab-flood-15122","properties":{"id":"ab-flood-15122","sourceObjectId":15122,"zone":"Flood Fringe","river":"Bow River","flowRegime":"Regulated","study":"Bow and Elbow River Flood Study","floodMechanism":"Open Water","layerType":"provincial-design-flood-hazard"},"geometry":{"type":"Polygon","coordinates":[[[-114.01273855599507,51.03919615747746],[-114.0129002527462,51.039145320912965],[-114.0129182190519,51.03923004848951],[-114.01267567392519,51.03953506648209],[-114.01252296032689,51.03961414489315],[-114.0124421119513,51.03955201186728],[-114.01273855599507,51.03919615747746]],[[-114.01252296032689,51.039540714944515],[-114.01265770761951,51.03948423028944],[-114.01281940437065,51.03921310298659],[-114.01252296032689,51.039540714944515]]]}},{"type":"Feature","id":"ab-flood-15146","properties":{"id":"ab-flood-15146","sourceObjectId":15146,"zone":"Flood Fringe","river":"Bow River","flowRegime":"Regulated","study":"Bow and Elbow River Flood Study","floodMechanism":"Open Water","layerType":"provincial-design-flood-hazard"},"geometry":{"type":"Polygon","coordinates":[[[-114.01266669077235,51.04067039358472],[-114.01294516851041,51.040856787912965],[-114.01272957284223,51.04082289809086],[-114.01266669077235,51.04067039358472]]]}},{"type":"Feature","id":"ab-flood-15147","properties":{"id":"ab-flood-15147","sourceObjectId":15147,"zone":"Flood Fringe","river":"Bow River","flowRegime":"Regulated","study":"Bow and Elbow River Flood Study","floodMechanism":"Open Water","layerType":"provincial-design-flood-hazard"},"geometry":{"type":"Polygon","coordinates":[[[-114.01295415166325,51.04143291109548],[-114.01294516851041,51.04127476034702],[-114.01306194949736,51.04130864983858],[-114.01313381472009,51.04142161463135],[-114.01309788210872,51.041585413091624],[-114.01302601688599,51.04155152380253],[-114.01299008427462,51.04141031816445],[-114.01295415166325,51.04143291109548]]]}},{"type":"Feature","id":"ab-flood-15166","properties":{"id":"ab-flood-15166","sourceObjectId":15166,"zone":"Flood Fringe","river":"Bow River","flowRegime":"Regulated","study":"Bow and Elbow River Flood Study","floodMechanism":"Open Water","layerType":"provincial-design-flood-hazard"},"geometry":{"type":"Polygon","coordinates":[[[-114.01519095672072,51.040687338554626],[-114.01502027681674,51.040738173427194],[-114.0151011251923,51.04063650362628],[-114.01519095672072,51.040687338554626]]]}},{"type":"Feature","id":"ab-flood-15174","properties":{"id":"ab-flood-15174","sourceObjectId":15174,"zone":"Flood Fringe","river":"Bow River","flowRegime":"Regulated","study":"Bow and Elbow River Flood Study","floodMechanism":"Open Water","layerType":"provincial-design-flood-hazard"},"geometry":{"type":"Polygon","coordinates":[[[-114.0157119795855,51.04522271932933],[-114.01678995792645,51.04528484475022],[-114.01661927802247,51.04534132233327],[-114.0163228339787,51.045307435791685],[-114.01605333939348,51.04538085660045],[-114.0150562094281,51.045138002712015],[-114.01462501809172,51.04516624160165],[-114.01422975936671,51.04513235493201],[-114.0138794164059,51.04497986461183],[-114.0157119795855,51.04522271932933]]]}},{"type":"Feature","id":"ab-flood-15175","properties":{"id":"ab-flood-15175","sourceObjectId":15175,"zone":"Flood Fringe","river":"Bow River","flowRegime":"Regulated","study":"Bow and Elbow River Flood Study","floodMechanism":"Open Water","layerType":"provincial-design-flood-hazard"},"geometry":{"type":"Polygon","coordinates":[[[-114.0264827798421,51.04205986053602],[-114.02659956082903,51.042054212380734],[-114.0270936342353,51.0421728234971],[-114.02634803254948,51.042155879070506],[-114.0264827798421,51.04205986053602]]]}},{"type":"Feature","id":"ab-flood-15176","properties":{"id":"ab-flood-15176","sourceObjectId":15176,"zone":"Flood Fringe","river":"Bow River","flowRegime":"Regulated","study":"Bow and Elbow River Flood Study","floodMechanism":"Open Water","layerType":"provincial-design-flood-hazard"},"geometry":{"type":"Polygon","coordinates":[[[-114.02624023471539,51.0421615272134],[-114.02597074013015,51.0421728234971],[-114.02600667274152,51.04202032343458],[-114.02624023471539,51.042025971593986],[-114.02627616732676,51.04207680499775],[-114.02624023471539,51.0421615272134]],[[-114.0261773526455,51.042155879070506],[-114.02620430210403,51.042082453150286],[-114.02614142003414,51.042048564224764],[-114.0261773526455,51.042155879070506]]]}},{"type":"Feature","id":"ab-flood-15177","properties":{"id":"ab-flood-15177","sourceObjectId":15177,"zone":"Flood Fringe","river":"Bow River","flowRegime":"Regulated","study":"Bow and Elbow River Flood Study","floodMechanism":"Open Water","layerType":"provincial-design-flood-hazard"},"geometry":{"type":"Polygon","coordinates":[[[-114.01961965107142,51.04578184511787],[-114.01967354998847,51.045612413773426],[-114.01972744890551,51.046182830164106],[-114.01965558368279,51.04612070594755],[-114.01961965107142,51.04578184511787]]]}},{"type":"Feature","id":"ab-flood-15178","properties":{"id":"ab-flood-15178","sourceObjectId":15178,"zone":"Flood Fringe","river":"Bow River","flowRegime":"Regulated","study":"Bow and Elbow River Flood Study","floodMechanism":"Open Water","layerType":"provincial-design-flood-hazard"},"geometry":{"type":"Polygon","coordinates":[[[-114.01916151027652,51.045917389747196],[-114.01936812279187,51.0470864457122],[-114.01926032495777,51.046979142288215],[-114.01906269559527,51.04578184511787],[-114.01916151027652,51.045917389747196]]]}},{"type":"Feature","id":"ab-flood-15179","properties":{"id":"ab-flood-15179","sourceObjectId":15179,"zone":"Flood Fringe","river":"Bow River","flowRegime":"Regulated","study":"Bow and Elbow River Flood Study","floodMechanism":"Open Water","layerType":"provincial-design-flood-hazard"},"geometry":{"type":"Polygon","coordinates":[[[-114.03257335746844,51.04494597780583],[-114.03188165469966,51.04457322130383],[-114.03261827323264,51.044833021606834],[-114.0319535199224,51.04448850349869],[-114.03268115530253,51.04484431723913],[-114.03350760536392,51.04514929826993],[-114.03346268959972,51.045143650491305],[-114.03365133580938,51.045267901461884],[-114.03257335746844,51.04494597780583]],[[-114.03294166673493,51.0449911602083],[-114.03313031294459,51.04503069477433],[-114.0327170879139,51.0448725563078],[-114.03294166673493,51.0449911602083]]]}},{"type":"Feature","id":"ab-flood-15181","properties":{"id":"ab-flood-15181","sourceObjectId":15181,"zone":"Flood Fringe","river":"Bow River","flowRegime":"Regulated","study":"Bow and Elbow River Flood Study","floodMechanism":"Open Water","layerType":"provincial-design-flood-hazard"},"geometry":{"type":"Polygon","coordinates":[[[-114.02002389294928,51.04526225369771],[-114.02058983157828,51.0451775371527],[-114.02110187129023,51.045307435791685],[-114.02126356804136,51.04527354922535],[-114.02136238272261,51.045369561098966],[-114.021793574059,51.04544862955138],[-114.021793574059,51.045346970087806],[-114.02241341160504,51.04522271932933],[-114.02288951870563,51.0449911602083],[-114.02341054157041,51.04496292121192],[-114.02369800246133,51.04501375139302],[-114.02407529488066,51.044934682198345],[-114.02425495793749,51.04500810359788],[-114.0243897052301,51.04494597780583],[-114.02463225035682,51.044951625608554],[-114.02453343567556,51.044821725971765],[-114.02455140198124,51.04465229111551],[-114.02470411557954,51.04469747380443],[-114.02471309873239,51.04477654340403],[-114.02482089656648,51.044725712962666],[-114.02511734061024,51.044742656449316],[-114.02619531895118,51.04522836709829],[-114.0260246390472,51.04525660593286],[-114.02575514446197,51.04523401486659],[-114.02527005420853,51.045064581518346],[-114.0251083574574,51.04497421681254],[-114.02500055962331,51.044782191227426],[-114.02491072809488,51.04483866942333],[-114.02493767755341,51.044957273410596],[-114.024847846025,51.044985512410406],[-114.02506344169319,51.04512670715134],[-114.02499157647047,51.04522271932933],[-114.0246951324267,51.045171889377535],[-114.0244076715358,51.045217071559655],[-114.02308714806813,51.04515494604788],[-114.02274578826017,51.045330026822164],[-114.02242239475788,51.04528484475022],[-114.02218883278401,51.045330026822164],[-114.02213493386697,51.045414743088294],[-114.02233256322947,51.045397799847464],[-114.0224044284522,51.04548251598966],[-114.02227866431242,51.04560111832843],[-114.02198222026865,51.04565759552587],[-114.02168577622491,51.04564630009189],[-114.02178459090615,51.04556158424923],[-114.02185645612889,51.04563500465516],[-114.0221618833255,51.04559547060489],[-114.02204510233855,51.04556723197692],[-114.02223374854822,51.045488163726965],[-114.02206306864423,51.04552769786881],[-114.0214881468624,51.04551640240315],[-114.02089525877487,51.04528484475022],[-114.02050898320272,51.04537520885007],[-114.02040118536861,51.045459925033555],[-114.02039220221576,51.045544641062136],[-114.02002389294928,51.045437334066435],[-114.01992507826803,51.0454994591995],[-114.01979931412825,51.04545427729281],[-114.02002389294928,51.04526225369771]],[[-114.0228625692471,51.045081524881056],[-114.02288053555279,51.0451775371527],[-114.02316799644369,51.045092820452766],[-114.02299731653972,51.045041990358406],[-114.0228625692471,51.045081524881056]],[[-114.0242998737017,51.045070229306624],[-114.02437173892442,51.04516624160165],[-114.02443462099431,51.04514929826993],[-114.02441665468864,51.045058933729386],[-114.02434478946589,51.04501375139302],[-114.0242998737017,51.045070229306624]],[[-114.02465919981535,51.04486690849546],[-114.02473106503807,51.044821725971765],[-114.02460530089829,51.044782191227426],[-114.02457835143977,51.04481607815324],[-114.02465919981535,51.04486690849546]],[[-114.02540480150115,51.04496292121192],[-114.02546768357104,51.04500810359788],[-114.02574616130913,51.04509846823758],[-114.02564734662788,51.044985512410406],[-114.02544073411252,51.04494033000242],[-114.02540480150115,51.04496292121192]]]}},{"type":"Feature","id":"ab-flood-15190","properties":{"id":"ab-flood-15190","sourceObjectId":15190,"zone":"Flood Fringe","river":"Bow River","flowRegime":"Regulated","study":"Bow and Elbow River Flood Study","floodMechanism":"Open Water","layerType":"provincial-design-flood-hazard"},"geometry":{"type":"Polygon","coordinates":[[[-114.0130080505803,51.03952941801901],[-114.01312483156725,51.03946728487952],[-114.01327754516555,51.03963109024938],[-114.0131158484144,51.039653684048034],[-114.01299008427462,51.03961414489315],[-114.0130080505803,51.03952941801901]],[[-114.01306194949736,51.03958590261897],[-114.01309788210872,51.03960849643968],[-114.01310686526156,51.039546363406224],[-114.01306194949736,51.03958590261897]]]}},{"type":"Feature","id":"ab-flood-15191","properties":{"id":"ab-flood-15191","sourceObjectId":15191,"zone":"Flood Fringe","river":"Bow River","flowRegime":"Regulated","study":"Bow and Elbow River Flood Study","floodMechanism":"Open Water","layerType":"provincial-design-flood-hazard"},"geometry":{"type":"Polygon","coordinates":[[[-114.01544248500028,51.040190283528254],[-114.01563113120994,51.040297602678535],[-114.01522688933208,51.040224173813094],[-114.01544248500028,51.040190283528254]]]}},{"type":"Feature","id":"ab-flood-15192","properties":{"id":"ab-flood-15192","sourceObjectId":15192,"zone":"Flood Fringe","river":"Bow River","flowRegime":"Regulated","study":"Bow and Elbow River Flood Study","floodMechanism":"Open Water","layerType":"provincial-design-flood-hazard"},"geometry":{"type":"Polygon","coordinates":[[[-114.01515502410935,51.04047270181108],[-114.01516400726219,51.04054048194276],[-114.01500231051105,51.0404896468533],[-114.01502027681674,51.04043316335511],[-114.01515502410935,51.04047270181108]]]}},{"type":"Feature","id":"ab-flood-15193","properties":{"id":"ab-flood-15193","sourceObjectId":15193,"zone":"Flood Fringe","river":"Bow River","flowRegime":"Regulated","study":"Bow and Elbow River Flood Study","floodMechanism":"Open Water","layerType":"provincial-design-flood-hazard"},"geometry":{"type":"Polygon","coordinates":[[[-114.01485858006559,51.040167689991264],[-114.01498434420537,51.04020158029262],[-114.01495739474684,51.04026936082098],[-114.01480468114855,51.04027500919386],[-114.01485858006559,51.040167689991264]]]}},{"type":"Feature","id":"ab-flood-15252","properties":{"id":"ab-flood-15252","sourceObjectId":15252,"zone":"High Hazard Flood Fringe","river":"Bow River","flowRegime":"Regulated","study":"Bow and Elbow River Flood Study","floodMechanism":"Open Water","layerType":"provincial-design-flood-hazard"},"geometry":{"type":"Polygon","coordinates":[[[-114.01860455480038,51.04266420917269],[-114.01865845371742,51.04328549394512],[-114.01857760534185,51.04335891795859],[-114.01825421183958,51.04336456595482],[-114.01821827922821,51.04331938196579],[-114.01842489174355,51.04327419793271],[-114.01849675696627,51.04319512576877],[-114.01850574011912,51.04240439670623],[-114.01860455480038,51.04266420917269]]]}},{"type":"Feature","id":"ab-flood-15269","properties":{"id":"ab-flood-15269","sourceObjectId":15269,"zone":"High Hazard Flood Fringe","river":"Bow River","flowRegime":"Regulated","study":"Bow and Elbow River Flood Study","floodMechanism":"Open Water","layerType":"provincial-design-flood-hazard"},"geometry":{"type":"Polygon","coordinates":[[[-114.01304398319168,51.04185087833187],[-114.0123522804229,51.04115049866591],[-114.01207380268482,51.04064215195441],[-114.0121546510604,51.04012815127502],[-114.01240617933995,51.039444690989924],[-114.01283737067632,51.038975865295065],[-114.01305557075224,51.03879510570013],[-114.01330121134012,51.038814777899084],[-114.0132685620127,51.03886289453885],[-114.01337039263801,51.03882258695009],[-114.01334941038827,51.0389589196992],[-114.01316974733146,51.03919050897306],[-114.01328652831839,51.03932607288891],[-114.01329551147123,51.03947858182017],[-114.0134661913752,51.039619793345906],[-114.01377161857181,51.03968192628089],[-114.0147058664673,51.039698871612345],[-114.01458908548035,51.03972711381765],[-114.01472383277297,51.03974405913255],[-114.01472383277297,51.03990221510626],[-114.01502027681674,51.03980619190091],[-114.01539756923607,51.039845730891926],[-114.01601740678211,51.03980619190091],[-114.01606232254632,51.03974405913255],[-114.01535265347187,51.03971581693758],[-114.0162779182145,51.03965933249598],[-114.0164306318128,51.0395689572462],[-114.01647554757702,51.03965933249598],[-114.01676980820599,51.039671754595474],[-114.01701942737566,51.03979476924915],[-114.01765447288086,51.03994895360828],[-114.01761640798784,51.04017333837654],[-114.01777810473898,51.040178986761134],[-114.01789223714843,51.040016016008586],[-114.01815186977468,51.04005555055315],[-114.01815539715832,51.040099909314165],[-114.01823624553388,51.040054722141015],[-114.01830811075662,51.04015639321863],[-114.01807454878274,51.04054048194276],[-114.01811946454694,51.04025241569818],[-114.01807454878274,51.04030325104798],[-114.01785895311455,51.040941512359716],[-114.01796675094864,51.04098669866796],[-114.01740979547249,51.0410544780477],[-114.01722114926284,51.041325594575035],[-114.01709538512306,51.04138772522244],[-114.01713131773442,51.04130300159169],[-114.01699657044179,51.04142161463135],[-114.01671809270373,51.04192430461916],[-114.01656537910543,51.04192430461916],[-114.0165384296469,51.04200902711368],[-114.0163228339787,51.04206550869062],[-114.01625096875598,51.0421728234971],[-114.0161431709219,51.04217847163793],[-114.016080288852,51.04214458278266],[-114.01610723831052,51.04203161975273],[-114.0159724910179,51.041958193635566],[-114.01590062579518,51.041794396493266],[-114.01565808066846,51.041766155548146],[-114.01553231652869,51.04187347104807],[-114.01555028283437,51.04221236046842],[-114.0158646931838,51.04246087780115],[-114.01602638993495,51.042410044818816],[-114.0162779182145,51.04221800860444],[-114.01662826117531,51.04221800860444],[-114.01670012639804,51.04225754553716],[-114.01642164865996,51.04233661930143],[-114.01625995190882,51.04258513596759],[-114.0159275752537,51.04263596875779],[-114.01601740678211,51.04279976292457],[-114.01624198560313,51.04296355651228],[-114.01697860413611,51.043200773784946],[-114.01700555359464,51.043279845939246],[-114.01772420582193,51.04331373396406],[-114.01798471725432,51.04326290191755],[-114.01805658247706,51.043291141950284],[-114.01802963301853,51.04336456595482],[-114.01708640197022,51.04339280592557],[-114.01626893506166,51.04328549394512],[-114.01574791219687,51.04313864556904],[-114.01570299643267,51.04301438888725],[-114.01544248500028,51.04300874084835],[-114.0139422984758,51.04230273056183],[-114.01368178704341,51.04239310047897],[-114.0135290734451,51.04253430312159],[-114.01304398319168,51.04185087833187]],[[-114.01489451267696,51.04264726492582],[-114.01480468114855,51.04251735882721],[-114.0146429843974,51.04243263726227],[-114.01489451267696,51.04264726492582]],[[-114.01495739474684,51.04252300692601],[-114.01500231051105,51.04249476642502],[-114.01492146213549,51.042443933479895],[-114.0151011251923,51.04245522969474],[-114.01488552952412,51.04239874859295],[-114.01484061375992,51.042443933479895],[-114.01495739474684,51.04252300692601]],[[-114.01308889895589,51.04185087833187],[-114.01318771363714,51.04182828560471],[-114.01309788210872,51.04170402540826],[-114.01295415166325,51.04163624697881],[-114.01301703373315,51.041777451928255],[-114.01308889895589,51.04185087833187]],[[-114.01302601688599,51.04155152380253],[-114.01309788210872,51.041585413091624],[-114.01313381472009,51.04142161463135],[-114.01306194949736,51.04130864983858],[-114.01294516851041,51.04127476034702],[-114.01293618535757,51.041399021694836],[-114.01295415166325,51.04143291109548],[-114.01299008427462,51.04141031816445],[-114.01302601688599,51.04155152380253]],[[-114.0152538387906,51.04144985578652],[-114.01518197356788,51.04134818754738],[-114.01506519258095,51.04138772522244],[-114.01508315888663,51.04145550401549],[-114.0152538387906,51.04144985578652]],[[-114.0138794164059,51.04144985578652],[-114.01393331532294,51.04150068982242],[-114.0141399278383,51.04151763448865],[-114.01412196153261,51.04144985578652],[-114.01393331532294,51.04141596639826],[-114.0138794164059,51.04144985578652]],[[-114.01320567994281,51.04099799523813],[-114.01328652831839,51.04115049866591],[-114.01334941038827,51.0410544780477],[-114.0132685620127,51.04095280894091],[-114.01320567994281,51.04099799523813]],[[-114.01294516851041,51.040856787912965],[-114.01266669077235,51.04067039358472],[-114.01272957284223,51.04082289809086],[-114.01294516851041,51.040856787912965]],[[-114.01502027681674,51.040738173427194],[-114.01519095672072,51.040687338554626],[-114.0151011251923,51.04063650362628],[-114.01502027681674,51.040738173427194]],[[-114.01718521665147,51.040698635197806],[-114.01736487970828,51.040738173427194],[-114.01741877862533,51.040568723635054],[-114.01735589655544,51.0404896468533],[-114.0174547112367,51.04051788857656],[-114.01751759330658,51.0404218666472],[-114.01747267754237,51.04024111894622],[-114.01731996394408,51.04024111894622],[-114.01740081231965,51.04013944805453],[-114.01717623349863,51.04019593191078],[-114.01711335142873,51.04025806407315],[-114.01724809872135,51.04042751500151],[-114.0171492840401,51.04046140511282],[-114.01691572206623,51.04036538306639],[-114.01718521665147,51.040698635197806]],[[-114.01500231051105,51.0404896468533],[-114.01516400726219,51.04054048194276],[-114.01515502410935,51.04047270181108],[-114.01502027681674,51.04043316335511],[-114.01500231051105,51.0404896468533]],[[-114.01563113120994,51.040297602678535],[-114.01544248500028,51.040190283528254],[-114.01522688933208,51.040224173813094],[-114.01563113120994,51.040297602678535]],[[-114.01495739474684,51.04026936082098],[-114.01498434420537,51.04020158029262],[-114.01485858006559,51.040167689991264],[-114.01480468114855,51.04027500919386],[-114.01495739474684,51.04026936082098]],[[-114.0131158484144,51.039653684048034],[-114.01327754516555,51.03963109024938],[-114.01312483156725,51.03946728487952],[-114.0130080505803,51.03952941801901],[-114.01299008427462,51.03961414489315],[-114.0131158484144,51.039653684048034]],[[-114.01252296032689,51.03961414489315],[-114.01267567392519,51.03953506648209],[-114.0129182190519,51.03923004848951],[-114.0129002527462,51.039145320912965],[-114.01273855599507,51.03919615747746],[-114.0124421119513,51.03955201186728],[-114.01252296032689,51.03961414489315]]]}},{"type":"Feature","id":"ab-flood-15298","properties":{"id":"ab-flood-15298","sourceObjectId":15298,"zone":"High Hazard Flood Fringe","river":"Bow River","flowRegime":"Regulated","study":"Bow and Elbow River Flood Study","floodMechanism":"Open Water","layerType":"provincial-design-flood-hazard"},"geometry":{"type":"Polygon","coordinates":[[[-114.01758047537648,51.04104318149129],[-114.01762539114068,51.041060126324865],[-114.01757149222364,51.041094015973414],[-114.01772420582193,51.04112225732826],[-114.01746369438953,51.04117309172365],[-114.0174547112367,51.04108271942665],[-114.01758047537648,51.04104318149129]]]}},{"type":"Feature","id":"ab-flood-15299","properties":{"id":"ab-flood-15299","sourceObjectId":15299,"zone":"High Hazard Flood Fringe","river":"Bow River","flowRegime":"Regulated","study":"Bow and Elbow River Flood Study","floodMechanism":"Open Water","layerType":"provincial-design-flood-hazard"},"geometry":{"type":"Polygon","coordinates":[[[-114.01755352591795,51.041608005937256],[-114.01750861015374,51.041647543390596],[-114.01737386286113,51.041630598771874],[-114.01721216610999,51.04150068982242],[-114.01725708187419,51.04130300159169],[-114.0173469134026,51.04123522257555],[-114.01755352591795,51.041608005937256]]]}},{"type":"Feature","id":"ab-flood-15303","properties":{"id":"ab-flood-15303","sourceObjectId":15303,"zone":"High Hazard Flood Fringe","river":"Bow River","flowRegime":"Regulated","study":"Bow and Elbow River Flood Study","floodMechanism":"Open Water","layerType":"provincial-design-flood-hazard"},"geometry":{"type":"Polygon","coordinates":[[[-114.02441665468864,51.045058933729386],[-114.02443462099431,51.04514929826993],[-114.02437173892442,51.04516624160165],[-114.0242998737017,51.045070229306624],[-114.02434478946589,51.04501375139302],[-114.02441665468864,51.045058933729386]]]}},{"type":"Feature","id":"ab-flood-15304","properties":{"id":"ab-flood-15304","sourceObjectId":15304,"zone":"High Hazard Flood Fringe","river":"Bow River","flowRegime":"Regulated","study":"Bow and Elbow River Flood Study","floodMechanism":"Open Water","layerType":"provincial-design-flood-hazard"},"geometry":{"type":"Polygon","coordinates":[[[-114.02119170281864,51.04279976292457],[-114.02116475336011,51.0428449474204],[-114.02083237670499,51.042974852600416],[-114.02062576418965,51.04301438888725],[-114.02050898320272,51.04295226042137],[-114.02056288211976,51.042901427978215],[-114.02112882074876,51.04278846679374],[-114.02119170281864,51.04279976292457]]]}},{"type":"Feature","id":"ab-flood-15305","properties":{"id":"ab-flood-15305","sourceObjectId":15305,"zone":"High Hazard Flood Fringe","river":"Bow River","flowRegime":"Regulated","study":"Bow and Elbow River Flood Study","floodMechanism":"Open Water","layerType":"provincial-design-flood-hazard"},"geometry":{"type":"Polygon","coordinates":[[[-114.02316799644369,51.045092820452766],[-114.02288053555279,51.0451775371527],[-114.0228625692471,51.045081524881056],[-114.02299731653972,51.045041990358406],[-114.02316799644369,51.045092820452766]]]}},{"type":"Feature","id":"ab-flood-15306","properties":{"id":"ab-flood-15306","sourceObjectId":15306,"zone":"High Hazard Flood Fringe","river":"Bow River","flowRegime":"Regulated","study":"Bow and Elbow River Flood Study","floodMechanism":"Open Water","layerType":"provincial-design-flood-hazard"},"geometry":{"type":"Polygon","coordinates":[[[-114.02053593266123,51.04305392514032],[-114.02034728645157,51.04309346135968],[-114.02030237068736,51.04300309280873],[-114.02039220221576,51.04296355651228],[-114.02053593266123,51.04305392514032]]]}},{"type":"Feature","id":"ab-flood-15307","properties":{"id":"ab-flood-15307","sourceObjectId":15307,"zone":"High Hazard Flood Fringe","river":"Bow River","flowRegime":"Regulated","study":"Bow and Elbow River Flood Study","floodMechanism":"Open Water","layerType":"provincial-design-flood-hazard"},"geometry":{"type":"Polygon","coordinates":[[[-114.02023050546462,51.04311040544336],[-114.02013169078337,51.043144293592114],[-114.01887404938562,51.04338715793277],[-114.01890099884413,51.04323466186762],[-114.01908066190096,51.04323466186762],[-114.0201137244777,51.04298050064346],[-114.02021253915895,51.04298050064346],[-114.02024847177032,51.04304262907148],[-114.02023050546462,51.04311040544336]]]}},{"type":"Feature","id":"ab-flood-15308","properties":{"id":"ab-flood-15308","sourceObjectId":15308,"zone":"High Hazard Flood Fringe","river":"Bow River","flowRegime":"Regulated","study":"Bow and Elbow River Flood Study","floodMechanism":"Open Water","layerType":"provincial-design-flood-hazard"},"geometry":{"type":"Polygon","coordinates":[[[-114.02088627562203,51.045075877094185],[-114.02177560775331,51.04457322130383],[-114.0222966306181,51.044415081275574],[-114.0236710530028,51.04448285563951],[-114.02501852592899,51.04472006513238],[-114.02478496395511,51.044731360792234],[-114.02471309873239,51.04477654340403],[-114.0246951324267,51.044691825970745],[-114.02453343567556,51.04465793895404],[-114.02453343567556,51.044821725971765],[-114.02463225035682,51.044951625608554],[-114.0243897052301,51.04494597780583],[-114.02425495793749,51.04500810359788],[-114.02406631172782,51.044934682198345],[-114.02369800246133,51.04501375139302],[-114.02341054157041,51.04496292121192],[-114.0228625692471,51.04499680800553],[-114.02241341160504,51.04522271932933],[-114.021793574059,51.045346970087806],[-114.02178459090615,51.04544862955138],[-114.02136238272261,51.045369561098966],[-114.02126356804136,51.04527354922535],[-114.02110187129023,51.045307435791685],[-114.02058983157828,51.0451775371527],[-114.02088627562203,51.045075877094185]]]}},{"type":"Feature","id":"ab-flood-15310","properties":{"id":"ab-flood-15310","sourceObjectId":15310,"zone":"High Hazard Flood Fringe","river":"Bow River","flowRegime":"Regulated","study":"Bow and Elbow River Flood Study","floodMechanism":"Open Water","layerType":"provincial-design-flood-hazard"},"geometry":{"type":"Polygon","coordinates":[[[-114.02564734662788,51.044985512410406],[-114.02574616130913,51.04509846823758],[-114.02540480150115,51.04496292121192],[-114.02544073411252,51.04494033000242],[-114.02564734662788,51.044985512410406]]]}},{"type":"Feature","id":"ab-flood-15416","properties":{"id":"ab-flood-15416","sourceObjectId":15416,"zone":"Flood Fringe","river":"Bow River","flowRegime":"Regulated","study":"Bow and Elbow River Flood Study","floodMechanism":"Open Water","layerType":"provincial-design-flood-hazard"},"geometry":{"type":"Polygon","coordinates":[[[-114.00800443444777,51.041252167338875],[-114.00851647415972,51.04228013805502],[-114.00912732855292,51.04289013187217],[-114.00989987969726,51.043268549925465],[-114.01074429606432,51.04379381165241],[-114.0106724308416,51.04379945959558],[-114.0107802286757,51.043895474524525],[-114.00944173890235,51.04323466186762],[-114.00882190135631,51.04270939380074],[-114.00836376056141,51.0421615272134],[-114.00813019858754,51.04170967360621],[-114.00756024752022,51.0402998337665],[-114.0076210032463,51.04024608165367],[-114.00800443444777,51.041252167338875]]]}},{"type":"Feature","id":"ab-flood-15441","properties":{"id":"ab-flood-15441","sourceObjectId":15441,"zone":"Flood Fringe","river":"Bow River","flowRegime":"Regulated","study":"Bow and Elbow River Flood Study","floodMechanism":"Open Water","layerType":"provincial-design-flood-hazard"},"geometry":{"type":"Polygon","coordinates":[[[-114.01691572206623,51.04036538306639],[-114.0171492840401,51.04046140511282],[-114.01724809872135,51.04042751500151],[-114.01711335142873,51.04025806407315],[-114.01717623349863,51.04019593191078],[-114.01740081231965,51.04013944805453],[-114.01731996394408,51.04024111894622],[-114.01747267754237,51.04024111894622],[-114.01751759330658,51.0404218666472],[-114.0174547112367,51.04051788857656],[-114.01735589655544,51.0404896468533],[-114.01741877862533,51.040568723635054],[-114.01736487970828,51.040738173427194],[-114.01718521665147,51.040698635197806],[-114.01691572206623,51.04036538306639]]]}},{"type":"Feature","id":"ab-flood-15442","properties":{"id":"ab-flood-15442","sourceObjectId":15442,"zone":"Flood Fringe","river":"Bow River","flowRegime":"Regulated","study":"Bow and Elbow River Flood Study","floodMechanism":"Open Water","layerType":"provincial-design-flood-hazard"},"geometry":{"type":"Polygon","coordinates":[[[-114.01488552952412,51.04239874859295],[-114.0151011251923,51.04245522969474],[-114.01492146213549,51.042443933479895],[-114.01500231051105,51.04249476642502],[-114.01495739474684,51.04252300692601],[-114.01484061375992,51.042443933479895],[-114.01488552952412,51.04239874859295]]]}},{"type":"Feature","id":"ab-flood-15443","properties":{"id":"ab-flood-15443","sourceObjectId":15443,"zone":"Flood Fringe","river":"Bow River","flowRegime":"Regulated","study":"Bow and Elbow River Flood Study","floodMechanism":"Open Water","layerType":"provincial-design-flood-hazard"},"geometry":{"type":"Polygon","coordinates":[[[-114.01480468114855,51.04251735882721],[-114.01489451267696,51.04264726492582],[-114.0146429843974,51.04243263726227],[-114.01480468114855,51.04251735882721]]]}},{"type":"Feature","id":"ab-flood-15444","properties":{"id":"ab-flood-15444","sourceObjectId":15444,"zone":"Flood Fringe","river":"Bow River","flowRegime":"Regulated","study":"Bow and Elbow River Flood Study","floodMechanism":"Open Water","layerType":"provincial-design-flood-hazard"},"geometry":{"type":"Polygon","coordinates":[[[-114.01506519258095,51.04138772522244],[-114.01518197356788,51.04134818754738],[-114.0152538387906,51.04144985578652],[-114.01508315888663,51.04145550401549],[-114.01506519258095,51.04138772522244]]]}},{"type":"Feature","id":"ab-flood-15445","properties":{"id":"ab-flood-15445","sourceObjectId":15445,"zone":"Flood Fringe","river":"Bow River","flowRegime":"Regulated","study":"Bow and Elbow River Flood Study","floodMechanism":"Open Water","layerType":"provincial-design-flood-hazard"},"geometry":{"type":"Polygon","coordinates":[[[-114.01412196153261,51.04144985578652],[-114.0141399278383,51.04151763448865],[-114.01393331532294,51.04150068982242],[-114.0138794164059,51.04144985578652],[-114.01393331532294,51.04141596639826],[-114.01412196153261,51.04144985578652]]]}},{"type":"Feature","id":"ab-flood-15446","properties":{"id":"ab-flood-15446","sourceObjectId":15446,"zone":"Flood Fringe","river":"Bow River","flowRegime":"Regulated","study":"Bow and Elbow River Flood Study","floodMechanism":"Open Water","layerType":"provincial-design-flood-hazard"},"geometry":{"type":"Polygon","coordinates":[[[-114.01334941038827,51.0410544780477],[-114.01328652831839,51.04115049866591],[-114.01320567994281,51.04099799523813],[-114.0132685620127,51.04095280894091],[-114.01334941038827,51.0410544780477]]]}},{"type":"Feature","id":"ab-flood-15447","properties":{"id":"ab-flood-15447","sourceObjectId":15447,"zone":"Flood Fringe","river":"Bow River","flowRegime":"Regulated","study":"Bow and Elbow River Flood Study","floodMechanism":"Open Water","layerType":"provincial-design-flood-hazard"},"geometry":{"type":"Polygon","coordinates":[[[-114.01316076417861,51.04178874830561],[-114.01308889895589,51.04174921097281],[-114.01301703373315,51.041777451928255],[-114.01295415166325,51.04163624697881],[-114.01318771363714,51.04178874830561],[-114.01316076417861,51.04184523015112],[-114.01306194949736,51.04184523015112],[-114.01316076417861,51.04178874830561]]]}},{"type":"Feature","id":"ab-flood-15461","properties":{"id":"ab-flood-15461","sourceObjectId":15461,"zone":"Flood Fringe","river":"Bow River","flowRegime":"Regulated","study":"Bow and Elbow River Flood Study","floodMechanism":"Open Water","layerType":"provincial-design-flood-hazard"},"geometry":{"type":"MultiPolygon","coordinates":[[[[-114.02154204577946,51.0423648598988],[-114.021793574059,51.04249476642502],[-114.02197323711582,51.04250041452662],[-114.0224942599806,51.04242134104193],[-114.02297935023404,51.04220671233173],[-114.02383274975395,51.04207115684453],[-114.02445258729999,51.04209939760375],[-114.02451546936989,51.04217847163793],[-114.02381478344827,51.04217847163793],[-114.02311409752664,51.04229143430981],[-114.02288053555279,51.04242698915246],[-114.02245832736925,51.04253995121833],[-114.02215290017266,51.04255689550447],[-114.02195527081014,51.04266420917269],[-114.02157797839081,51.042731986098225],[-114.02150611316807,51.04279976292457],[-114.02059881473112,51.04307086923848],[-114.02026643807599,51.04322336584282],[-114.01958371846007,51.043330677967184],[-114.01900879667822,51.0433532699617],[-114.01956575215438,51.043279845939246],[-114.02017660654758,51.04313299754528],[-114.02024847177032,51.04305957317373],[-114.02017660654758,51.042974852600416],[-114.01906269559527,51.04324030987897],[-114.01890099884413,51.04323466186762],[-114.01887404938562,51.0436356689634],[-114.0187842178572,51.04369779651274],[-114.01869438632878,51.043663908768885],[-114.01859557164752,51.04350011765742],[-114.01726606502703,51.043556597416455],[-114.01651148018838,51.04347752573453],[-114.01520892302639,51.04310475741616],[-114.01489451267696,51.04323466186762],[-114.0147687485372,51.04322336584282],[-114.01466993385593,51.04315558963618],[-114.0144902707991,51.04319512576877],[-114.01442738872922,51.04304827710623],[-114.0141399278383,51.04299179672747],[-114.01355602290361,51.04256254359846],[-114.01360992182067,51.042443933479895],[-114.01393331532294,51.04230273056183],[-114.01544248500028,51.04300874084835],[-114.01570299643267,51.04301438888725],[-114.01574791219687,51.04313864556904],[-114.01626893506166,51.04328549394512],[-114.01722114926284,51.04339280592557],[-114.01796675094864,51.04337586194517],[-114.01805658247706,51.04333632596685],[-114.01798471725432,51.04326290191755],[-114.01772420582193,51.04331373396406],[-114.01700555359464,51.043279845939246],[-114.01697860413611,51.043200773784946],[-114.01624198560313,51.04296355651228],[-114.01601740678211,51.04279976292457],[-114.0159275752537,51.04263596875779],[-114.01625995190882,51.04258513596759],[-114.01642164865996,51.04233661930143],[-114.01670012639804,51.04225754553716],[-114.01662826117531,51.04221800860444],[-114.0162779182145,51.04221800860444],[-114.01602638993495,51.042410044818816],[-114.0158646931838,51.04246087780115],[-114.01555028283437,51.04221236046842],[-114.01553231652869,51.04187347104807],[-114.01565808066846,51.041766155548146],[-114.01590062579518,51.041794396493266],[-114.0159724910179,51.041958193635566],[-114.01610723831052,51.04203161975273],[-114.016080288852,51.04214458278266],[-114.0161431709219,51.04217847163793],[-114.01625096875598,51.0421728234971],[-114.0163228339787,51.04206550869062],[-114.0165384296469,51.04200902711368],[-114.01656537910543,51.04192430461916],[-114.01671809270373,51.041918656447336],[-114.01699657044179,51.04142161463135],[-114.01713131773442,51.04130300159169],[-114.01709538512306,51.04138772522244],[-114.01722114926284,51.041325594575035],[-114.01740979547249,51.0410544780477],[-114.01796675094864,51.04098669866796],[-114.01785895311455,51.040941512359716],[-114.01805658247706,51.040354086341964],[-114.01811946454694,51.04025241569818],[-114.01807454878274,51.04054048194276],[-114.01828116129809,51.0402298221915],[-114.01828116129809,51.04010555770773],[-114.01822393877383,51.04005929747083],[-114.0187573825841,51.039853743129804],[-114.01887404938562,51.039941754015324],[-114.01859557164752,51.04078900824399],[-114.01844285804923,51.041884767401996],[-114.01833506021514,51.04143855932651],[-114.01813743085263,51.04146115224375],[-114.01783200365603,51.04172661819603],[-114.01720318295715,51.0417379145858],[-114.01687080630202,51.04168708081019],[-114.01698758728895,51.042116342050996],[-114.01671809270373,51.04218411977808],[-114.01670910955089,51.04229143430981],[-114.01643961496565,51.04234226742229],[-114.01628690136734,51.042579487876324],[-114.01606232254632,51.042720689950855],[-114.01608927200483,51.042811059052674],[-114.01629588452019,51.04296355651228],[-114.01678097477361,51.04309346135968],[-114.01692470521907,51.04309346135968],[-114.01705945251169,51.04303698103601],[-114.01729301448556,51.04312734952083],[-114.01794878464297,51.0431499416145],[-114.01810149824126,51.04329678995476],[-114.01836200967367,51.043268549925465],[-114.01844285804923,51.043229013855566],[-114.01846082435492,51.04312734952083],[-114.01830811075662,51.04305392514032],[-114.01824522868672,51.04279411485951],[-114.0181104813941,51.04266985725361],[-114.01816438031116,51.04260208023717],[-114.01844285804923,51.04253430312159],[-114.01849675696627,51.04226319366766],[-114.01863150425889,51.042692449570374],[-114.01863150425889,51.042974852600416],[-114.01860455480038,51.04266420917269],[-114.01851472327196,51.04239874859295],[-114.01849675696627,51.04319512576877],[-114.01842489174355,51.04327419793271],[-114.01821827922821,51.04331938196579],[-114.01825421183958,51.04336456595482],[-114.01857760534185,51.04335891795859],[-114.01863150425889,51.04330996862919],[-114.01863150425889,51.04340974989976],[-114.01874828524583,51.04367520468626],[-114.01884709992709,51.0435961332068],[-114.01884709992709,51.04305392514032],[-114.01894591460834,51.043200773784946],[-114.01916151027652,51.043200773784946],[-114.01995202772656,51.04294096432772],[-114.02028440438167,51.04276587452379],[-114.02047305059135,51.042822355178004],[-114.0207066125652,51.04279411485951],[-114.02091322508056,51.042703745724616],[-114.02169475937775,51.042568191691785],[-114.02170374253059,51.04250041452662],[-114.02154204577946,51.0423648598988]],[[-114.02036525275724,51.04295790846717],[-114.02030237068736,51.04300309280873],[-114.02032932014588,51.04308781333042],[-114.0205269495084,51.04306522120645],[-114.02036525275724,51.04295790846717]],[[-114.0207066125652,51.04300874084835],[-114.02115577020727,51.04285059547928],[-114.02115577020727,51.04278846679374],[-114.02056288211976,51.042901427978215],[-114.02050898320272,51.04295226042137],[-114.02059881473112,51.04300874084835],[-114.0207066125652,51.04300874084835]],[[-114.01685283999633,51.04343798984295],[-114.01703250305317,51.043449285815434],[-114.01681690738498,51.04340410190905],[-114.01685283999633,51.04343798984295]],[[-114.01648453072985,51.0433532699617],[-114.01635876659007,51.04336456595482],[-114.01670012639804,51.04340974989976],[-114.01648453072985,51.0433532699617]],[[-114.01555028283437,51.04212763834574],[-114.01564011436278,51.04228013805502],[-114.01580181111392,51.04239874859295],[-114.0159724910179,51.04239310047897],[-114.01611622146336,51.042297082436164],[-114.0161252046162,51.04225189740597],[-114.01599944047643,51.04218411977808],[-114.01584672687812,51.04185087833187],[-114.01567604697414,51.041805692866504],[-114.01557723229288,51.04189041557797],[-114.01555028283437,51.04212763834574]],[[-114.01755352591795,51.04162495056425],[-114.01748166069522,51.04144985578652],[-114.01733793024977,51.04124087083068],[-114.01720318295715,51.04149504159895],[-114.01746369438953,51.04165319159547],[-114.01755352591795,51.04162495056425]],[[-114.01772420582193,51.04112225732826],[-114.01756250907079,51.04108271942665],[-114.01762539114068,51.041060126324865],[-114.01746369438953,51.041060126324865],[-114.01746369438953,51.04117309172365],[-114.01772420582193,51.04112225732826]],[[-114.01422077621388,51.04261337641346],[-114.01446332134059,51.04274893031411],[-114.01436450665933,51.04283929936084],[-114.01436450665933,51.04295790846717],[-114.01452620341047,51.04311040544336],[-114.01484061375992,51.04320642180046],[-114.01516400726219,51.04304262907148],[-114.01544248500028,51.04310475741616],[-114.01540655238891,51.04304262907148],[-114.01509214203946,51.04287883576335],[-114.01393331532294,51.04235921178071],[-114.01368178704341,51.04253995121833],[-114.0139422984758,51.04266420917269],[-114.01400518054568,51.04259078405812],[-114.01422077621388,51.04261337641346]]],[[[-114.01815539715832,51.040099909314165],[-114.01815186977468,51.04005555055315],[-114.01821099737126,51.04005995489706],[-114.01815539715832,51.040099909314165]]],[[[-114.01790017997678,51.04001861245406],[-114.01777810473898,51.040178986761134],[-114.01761640798784,51.040178986761134],[-114.01765489884718,51.03994906574572],[-114.01790017997678,51.04001861245406]]],[[[-114.01676980820599,51.039671754595474],[-114.01647554757702,51.03965933249598],[-114.0164306318128,51.0395689572462],[-114.0162779182145,51.03965933249598],[-114.01535265347187,51.03971581693758],[-114.01606232254632,51.03974405913255],[-114.01601740678211,51.03980619190091],[-114.01539756923607,51.039845730891926],[-114.01502027681674,51.03980619190091],[-114.0147058664673,51.03990221510626],[-114.01472383277297,51.03974405913255],[-114.01458908548035,51.03972711381765],[-114.0147058664673,51.039698871612345],[-114.01375365226613,51.03968192628089],[-114.01339432615248,51.03958590261897],[-114.0131787304843,51.03918486046796],[-114.0133763598468,51.03889678579465],[-114.0133763598468,51.03882326051707],[-114.0134886395432,51.03883593443188],[-114.01344822506952,51.038885488712125],[-114.01351110713941,51.03899281088477],[-114.01334941038827,51.03924134548799],[-114.01344822506952,51.03956330878724],[-114.01377161857181,51.039636738700075],[-114.01483163060708,51.039636738700075],[-114.01479569799571,51.03958590261897],[-114.01437348981217,51.039506824159744],[-114.01431959089513,51.03946163640814],[-114.01393331532294,51.03942209708934],[-114.01382551748885,51.03903235056992],[-114.01385246694738,51.03898716235555],[-114.0141399278383,51.039015404994686],[-114.0144004392707,51.03912837537908],[-114.0144453550349,51.03920180598121],[-114.01431959089513,51.039224399989216],[-114.01417586044967,51.03938255773681],[-114.0142477256724,51.03943339404101],[-114.01457111917468,51.03921310298659],[-114.014719911963,51.03901923457356],[-114.01481941132715,51.039037192001224],[-114.01479569799571,51.039105781324224],[-114.01484061375992,51.03918486046796],[-114.0147687485372,51.039269587972186],[-114.01491247898265,51.039444690989924],[-114.0149663778997,51.039444690989924],[-114.01497536105254,51.03935996380594],[-114.0151011251923,51.03932607288891],[-114.01550536707016,51.03935996380594],[-114.01556824914005,51.039444690989924],[-114.01548740076448,51.03955201186728],[-114.01552333337584,51.03960849643968],[-114.01629588452019,51.039602847985556],[-114.01643195240379,51.03952085557063],[-114.01676980820599,51.039671754595474]]],[[[-114.01325957885986,51.038868543083204],[-114.0132961670148,51.03881420850541],[-114.01332931161156,51.03881794980334],[-114.01325957885986,51.038868543083204]]],[[[-114.01863150425889,51.04330996862919],[-114.01863150425889,51.042974852600416],[-114.01865845371742,51.04328549394512],[-114.01863150425889,51.04330996862919]]]]}},{"type":"Feature","id":"ab-flood-15479","properties":{"id":"ab-flood-15479","sourceObjectId":15479,"zone":"Flood Fringe","river":"Bow River","flowRegime":"Regulated","study":"Bow and Elbow River Flood Study","floodMechanism":"Open Water","layerType":"provincial-design-flood-hazard"},"geometry":{"type":"Polygon","coordinates":[[[-114.01295415166325,51.04143291109548],[-114.01294516851041,51.04127476034702],[-114.01306194949736,51.04130864983858],[-114.01313381472009,51.04142161463135],[-114.01309788210872,51.041585413091624],[-114.01302601688599,51.04155152380253],[-114.01299008427462,51.04141031816445],[-114.01295415166325,51.04143291109548]]]}},{"type":"Feature","id":"ab-flood-15489","properties":{"id":"ab-flood-15489","sourceObjectId":15489,"zone":"Flood Fringe","river":"Bow River","flowRegime":"Regulated","study":"Bow and Elbow River Flood Study","floodMechanism":"Open Water","layerType":"provincial-design-flood-hazard"},"geometry":{"type":"Polygon","coordinates":[[[-114.01266669077235,51.04067039358472],[-114.01294516851041,51.040856787912965],[-114.01272957284223,51.04082289809086],[-114.01266669077235,51.04067039358472]]]}},{"type":"Feature","id":"ab-flood-15494","properties":{"id":"ab-flood-15494","sourceObjectId":15494,"zone":"Flood Fringe","river":"Bow River","flowRegime":"Regulated","study":"Bow and Elbow River Flood Study","floodMechanism":"Open Water","layerType":"provincial-design-flood-hazard"},"geometry":{"type":"Polygon","coordinates":[[[-114.01273855599507,51.03919615747746],[-114.0129002527462,51.039145320912965],[-114.0129182190519,51.03923004848951],[-114.01267567392519,51.03953506648209],[-114.01252296032689,51.03961414489315],[-114.0124421119513,51.03955201186728],[-114.01273855599507,51.03919615747746]],[[-114.01252296032689,51.039540714944515],[-114.01265770761951,51.03948423028944],[-114.01281940437065,51.03921310298659],[-114.01252296032689,51.039540714944515]]]}},{"type":"Feature","id":"ab-flood-15495","properties":{"id":"ab-flood-15495","sourceObjectId":15495,"zone":"Flood Fringe","river":"Bow River","flowRegime":"Regulated","study":"Bow and Elbow River Flood Study","floodMechanism":"Open Water","layerType":"provincial-design-flood-hazard"},"geometry":{"type":"Polygon","coordinates":[[[-114.0157119795855,51.04522271932933],[-114.01678995792645,51.04528484475022],[-114.01661927802247,51.04534132233327],[-114.0163228339787,51.045307435791685],[-114.01605333939348,51.04538085660045],[-114.0150562094281,51.045138002712015],[-114.01462501809172,51.04516624160165],[-114.01422975936671,51.04513235493201],[-114.0138794164059,51.04497986461183],[-114.0157119795855,51.04522271932933]]]}},{"type":"Feature","id":"ab-flood-15496","properties":{"id":"ab-flood-15496","sourceObjectId":15496,"zone":"Flood Fringe","river":"Bow River","flowRegime":"Regulated","study":"Bow and Elbow River Flood Study","floodMechanism":"Open Water","layerType":"provincial-design-flood-hazard"},"geometry":{"type":"Polygon","coordinates":[[[-114.0264827798421,51.04205986053602],[-114.02659956082903,51.042054212380734],[-114.0270936342353,51.0421728234971],[-114.02634803254948,51.042155879070506],[-114.0264827798421,51.04205986053602]]]}},{"type":"Feature","id":"ab-flood-15497","properties":{"id":"ab-flood-15497","sourceObjectId":15497,"zone":"Flood Fringe","river":"Bow River","flowRegime":"Regulated","study":"Bow and Elbow River Flood Study","floodMechanism":"Open Water","layerType":"provincial-design-flood-hazard"},"geometry":{"type":"Polygon","coordinates":[[[-114.02624023471539,51.0421615272134],[-114.02597074013015,51.0421728234971],[-114.02600667274152,51.04202032343458],[-114.02624023471539,51.042025971593986],[-114.02627616732676,51.04207680499775],[-114.02624023471539,51.0421615272134]],[[-114.0261773526455,51.042155879070506],[-114.02620430210403,51.042082453150286],[-114.02614142003414,51.042048564224764],[-114.0261773526455,51.042155879070506]]]}},{"type":"Feature","id":"ab-flood-15498","properties":{"id":"ab-flood-15498","sourceObjectId":15498,"zone":"Flood Fringe","river":"Bow River","flowRegime":"Regulated","study":"Bow and Elbow River Flood Study","floodMechanism":"Open Water","layerType":"provincial-design-flood-hazard"},"geometry":{"type":"Polygon","coordinates":[[[-114.01961965107142,51.04578184511787],[-114.01967354998847,51.045612413773426],[-114.01972744890551,51.046182830164106],[-114.01965558368279,51.04612070594755],[-114.01961965107142,51.04578184511787]]]}},{"type":"Feature","id":"ab-flood-15499","properties":{"id":"ab-flood-15499","sourceObjectId":15499,"zone":"Flood Fringe","river":"Bow River","flowRegime":"Regulated","study":"Bow and Elbow River Flood Study","floodMechanism":"Open Water","layerType":"provincial-design-flood-hazard"},"geometry":{"type":"Polygon","coordinates":[[[-114.01916151027652,51.045917389747196],[-114.01936812279187,51.0470864457122],[-114.01926032495777,51.046979142288215],[-114.01906269559527,51.04578184511787],[-114.01916151027652,51.045917389747196]]]}},{"type":"Feature","id":"ab-flood-15500","properties":{"id":"ab-flood-15500","sourceObjectId":15500,"zone":"Flood Fringe","river":"Bow River","flowRegime":"Regulated","study":"Bow and Elbow River Flood Study","floodMechanism":"Open Water","layerType":"provincial-design-flood-hazard"},"geometry":{"type":"Polygon","coordinates":[[[-114.03257335746844,51.04494597780583],[-114.03188165469966,51.04457322130383],[-114.03261827323264,51.044833021606834],[-114.0319535199224,51.04448850349869],[-114.03268115530253,51.04484431723913],[-114.03350760536392,51.04514929826993],[-114.03346268959972,51.045143650491305],[-114.03365133580938,51.045267901461884],[-114.03257335746844,51.04494597780583]],[[-114.03294166673493,51.0449911602083],[-114.03313031294459,51.04503069477433],[-114.0327170879139,51.0448725563078],[-114.03294166673493,51.0449911602083]]]}},{"type":"Feature","id":"ab-flood-15502","properties":{"id":"ab-flood-15502","sourceObjectId":15502,"zone":"Flood Fringe","river":"Bow River","flowRegime":"Regulated","study":"Bow and Elbow River Flood Study","floodMechanism":"Open Water","layerType":"provincial-design-flood-hazard"},"geometry":{"type":"Polygon","coordinates":[[[-114.02002389294928,51.04526225369771],[-114.02058983157828,51.0451775371527],[-114.02110187129023,51.045307435791685],[-114.02126356804136,51.04527354922535],[-114.02136238272261,51.045369561098966],[-114.021793574059,51.04544862955138],[-114.021793574059,51.045346970087806],[-114.02241341160504,51.04522271932933],[-114.02288951870563,51.0449911602083],[-114.02341054157041,51.04496292121192],[-114.02369800246133,51.04501375139302],[-114.02407529488066,51.044934682198345],[-114.02425495793749,51.04500810359788],[-114.0243897052301,51.04494597780583],[-114.02463225035682,51.044951625608554],[-114.02453343567556,51.044821725971765],[-114.02455140198124,51.04465229111551],[-114.02470411557954,51.04469747380443],[-114.02471309873239,51.04477654340403],[-114.02482089656648,51.044725712962666],[-114.02511734061024,51.044742656449316],[-114.02619531895118,51.04522836709829],[-114.0260246390472,51.04525660593286],[-114.02575514446197,51.04523401486659],[-114.02527005420853,51.045064581518346],[-114.0251083574574,51.04497421681254],[-114.02500055962331,51.044782191227426],[-114.02491072809488,51.04483866942333],[-114.02493767755341,51.044957273410596],[-114.024847846025,51.044985512410406],[-114.02506344169319,51.04512670715134],[-114.02499157647047,51.04522271932933],[-114.0246951324267,51.045171889377535],[-114.0244076715358,51.045217071559655],[-114.02308714806813,51.04515494604788],[-114.02274578826017,51.045330026822164],[-114.02242239475788,51.04528484475022],[-114.02218883278401,51.045330026822164],[-114.02213493386697,51.045414743088294],[-114.02233256322947,51.045397799847464],[-114.0224044284522,51.04548251598966],[-114.02227866431242,51.04560111832843],[-114.02198222026865,51.04565759552587],[-114.02168577622491,51.04564630009189],[-114.02178459090615,51.04556158424923],[-114.02185645612889,51.04563500465516],[-114.0221618833255,51.04559547060489],[-114.02204510233855,51.04556723197692],[-114.02223374854822,51.045488163726965],[-114.02206306864423,51.04552769786881],[-114.0214881468624,51.04551640240315],[-114.02089525877487,51.04528484475022],[-114.02050898320272,51.04537520885007],[-114.02040118536861,51.045459925033555],[-114.02039220221576,51.045544641062136],[-114.02002389294928,51.045437334066435],[-114.01992507826803,51.0454994591995],[-114.01979931412825,51.04545427729281],[-114.02002389294928,51.04526225369771]],[[-114.0228625692471,51.045081524881056],[-114.02288053555279,51.0451775371527],[-114.02316799644369,51.045092820452766],[-114.02299731653972,51.045041990358406],[-114.0228625692471,51.045081524881056]],[[-114.0242998737017,51.045070229306624],[-114.02437173892442,51.04516624160165],[-114.02443462099431,51.04514929826993],[-114.02441665468864,51.045058933729386],[-114.02434478946589,51.04501375139302],[-114.0242998737017,51.045070229306624]],[[-114.02465919981535,51.04486690849546],[-114.02473106503807,51.044821725971765],[-114.02460530089829,51.044782191227426],[-114.02457835143977,51.04481607815324],[-114.02465919981535,51.04486690849546]],[[-114.02540480150115,51.04496292121192],[-114.02546768357104,51.04500810359788],[-114.02574616130913,51.04509846823758],[-114.02564734662788,51.044985512410406],[-114.02544073411252,51.04494033000242],[-114.02540480150115,51.04496292121192]]]}},{"type":"Feature","id":"ab-flood-15513","properties":{"id":"ab-flood-15513","sourceObjectId":15513,"zone":"Flood Fringe","river":"Bow River","flowRegime":"Regulated","study":"Bow and Elbow River Flood Study","floodMechanism":"Open Water","layerType":"provincial-design-flood-hazard"},"geometry":{"type":"Polygon","coordinates":[[[-114.0130080505803,51.03952941801901],[-114.01312483156725,51.03946728487952],[-114.01327754516555,51.03963109024938],[-114.0131158484144,51.039653684048034],[-114.01299008427462,51.03961414489315],[-114.0130080505803,51.03952941801901]],[[-114.01306194949736,51.03958590261897],[-114.01309788210872,51.03960849643968],[-114.01310686526156,51.039546363406224],[-114.01306194949736,51.03958590261897]]]}},{"type":"Feature","id":"ab-flood-15514","properties":{"id":"ab-flood-15514","sourceObjectId":15514,"zone":"Flood Fringe","river":"Bow River","flowRegime":"Regulated","study":"Bow and Elbow River Flood Study","floodMechanism":"Open Water","layerType":"provincial-design-flood-hazard"},"geometry":{"type":"Polygon","coordinates":[[[-114.01544248500028,51.040190283528254],[-114.01563113120994,51.040297602678535],[-114.01522688933208,51.040224173813094],[-114.01544248500028,51.040190283528254]]]}},{"type":"Feature","id":"ab-flood-15515","properties":{"id":"ab-flood-15515","sourceObjectId":15515,"zone":"Flood Fringe","river":"Bow River","flowRegime":"Regulated","study":"Bow and Elbow River Flood Study","floodMechanism":"Open Water","layerType":"provincial-design-flood-hazard"},"geometry":{"type":"Polygon","coordinates":[[[-114.01515502410935,51.04047270181108],[-114.01516400726219,51.04054048194276],[-114.01500231051105,51.0404896468533],[-114.01502027681674,51.04043316335511],[-114.01515502410935,51.04047270181108]]]}},{"type":"Feature","id":"ab-flood-15516","properties":{"id":"ab-flood-15516","sourceObjectId":15516,"zone":"Flood Fringe","river":"Bow River","flowRegime":"Regulated","study":"Bow and Elbow River Flood Study","floodMechanism":"Open Water","layerType":"provincial-design-flood-hazard"},"geometry":{"type":"Polygon","coordinates":[[[-114.01519095672072,51.040687338554626],[-114.01502027681674,51.040738173427194],[-114.0151011251923,51.04063650362628],[-114.01519095672072,51.040687338554626]]]}},{"type":"Feature","id":"ab-flood-15517","properties":{"id":"ab-flood-15517","sourceObjectId":15517,"zone":"Flood Fringe","river":"Bow River","flowRegime":"Regulated","study":"Bow and Elbow River Flood Study","floodMechanism":"Open Water","layerType":"provincial-design-flood-hazard"},"geometry":{"type":"Polygon","coordinates":[[[-114.01485858006559,51.040167689991264],[-114.01498434420537,51.04020158029262],[-114.01495739474684,51.04026936082098],[-114.01480468114855,51.04027500919386],[-114.01485858006559,51.040167689991264]]]}},{"type":"Feature","id":"ab-flood-15575","properties":{"id":"ab-flood-15575","sourceObjectId":15575,"zone":"High Hazard Flood Fringe","river":"Bow River","flowRegime":"Regulated","study":"Bow and Elbow River Flood Study","floodMechanism":"Open Water","layerType":"provincial-design-flood-hazard"},"geometry":{"type":"Polygon","coordinates":[[[-114.01860455480038,51.04266420917269],[-114.01865845371742,51.04328549394512],[-114.01857760534185,51.04335891795859],[-114.01825421183958,51.04336456595482],[-114.01821827922821,51.04331938196579],[-114.01842489174355,51.04327419793271],[-114.01849675696627,51.04319512576877],[-114.01850574011912,51.04240439670623],[-114.01860455480038,51.04266420917269]]]}},{"type":"Feature","id":"ab-flood-15599","properties":{"id":"ab-flood-15599","sourceObjectId":15599,"zone":"High Hazard Flood Fringe","river":"Bow River","flowRegime":"Regulated","study":"Bow and Elbow River Flood Study","floodMechanism":"Open Water","layerType":"provincial-design-flood-hazard"},"geometry":{"type":"Polygon","coordinates":[[[-114.01304398319168,51.04185087833187],[-114.0123522804229,51.04115049866591],[-114.01207380268482,51.04064215195441],[-114.0121546510604,51.04012815127502],[-114.01240617933995,51.039444690989924],[-114.01283737067632,51.038975865295065],[-114.01305557075224,51.03879510570013],[-114.01330121134012,51.038814777899084],[-114.0132685620127,51.03886289453885],[-114.01337039263801,51.03882258695009],[-114.01334941038827,51.0389589196992],[-114.01316974733146,51.03919050897306],[-114.01328652831839,51.03932607288891],[-114.01329551147123,51.03947858182017],[-114.0134661913752,51.039619793345906],[-114.01377161857181,51.03968192628089],[-114.0147058664673,51.039698871612345],[-114.01458908548035,51.03972711381765],[-114.01472383277297,51.03974405913255],[-114.01472383277297,51.03990221510626],[-114.01502027681674,51.03980619190091],[-114.01539756923607,51.039845730891926],[-114.01601740678211,51.03980619190091],[-114.01606232254632,51.03974405913255],[-114.01535265347187,51.03971581693758],[-114.0162779182145,51.03965933249598],[-114.0164306318128,51.0395689572462],[-114.01647554757702,51.03965933249598],[-114.01676980820599,51.039671754595474],[-114.01701942737566,51.03979476924915],[-114.01765447288086,51.03994895360828],[-114.01761640798784,51.04017333837654],[-114.01777810473898,51.040178986761134],[-114.01789223714843,51.040016016008586],[-114.01815186977468,51.04005555055315],[-114.01815539715832,51.040099909314165],[-114.01823624553388,51.040054722141015],[-114.01830811075662,51.04015639321863],[-114.01807454878274,51.04054048194276],[-114.01811946454694,51.04025241569818],[-114.01807454878274,51.04030325104798],[-114.01785895311455,51.040941512359716],[-114.01796675094864,51.04098669866796],[-114.01740979547249,51.0410544780477],[-114.01722114926284,51.041325594575035],[-114.01709538512306,51.04138772522244],[-114.01713131773442,51.04130300159169],[-114.01699657044179,51.04142161463135],[-114.01671809270373,51.04192430461916],[-114.01656537910543,51.04192430461916],[-114.0165384296469,51.04200902711368],[-114.0163228339787,51.04206550869062],[-114.01625096875598,51.0421728234971],[-114.0161431709219,51.04217847163793],[-114.016080288852,51.04214458278266],[-114.01610723831052,51.04203161975273],[-114.0159724910179,51.041958193635566],[-114.01590062579518,51.041794396493266],[-114.01565808066846,51.041766155548146],[-114.01553231652869,51.04187347104807],[-114.01555028283437,51.04221236046842],[-114.0158646931838,51.04246087780115],[-114.01602638993495,51.042410044818816],[-114.0162779182145,51.04221800860444],[-114.01662826117531,51.04221800860444],[-114.01670012639804,51.04225754553716],[-114.01642164865996,51.04233661930143],[-114.01625995190882,51.04258513596759],[-114.0159275752537,51.04263596875779],[-114.01601740678211,51.04279976292457],[-114.01624198560313,51.04296355651228],[-114.01697860413611,51.043200773784946],[-114.01700555359464,51.043279845939246],[-114.01772420582193,51.04331373396406],[-114.01798471725432,51.04326290191755],[-114.01805658247706,51.043291141950284],[-114.01802963301853,51.04336456595482],[-114.01708640197022,51.04339280592557],[-114.01626893506166,51.04328549394512],[-114.01574791219687,51.04313864556904],[-114.01570299643267,51.04301438888725],[-114.01544248500028,51.04300874084835],[-114.0139422984758,51.04230273056183],[-114.01368178704341,51.04239310047897],[-114.0135290734451,51.04253430312159],[-114.01304398319168,51.04185087833187]],[[-114.01489451267696,51.04264726492582],[-114.01480468114855,51.04251735882721],[-114.0146429843974,51.04243263726227],[-114.01489451267696,51.04264726492582]],[[-114.01495739474684,51.04252300692601],[-114.01500231051105,51.04249476642502],[-114.01492146213549,51.042443933479895],[-114.0151011251923,51.04245522969474],[-114.01488552952412,51.04239874859295],[-114.01484061375992,51.042443933479895],[-114.01495739474684,51.04252300692601]],[[-114.01308889895589,51.04185087833187],[-114.01318771363714,51.04182828560471],[-114.01309788210872,51.04170402540826],[-114.01295415166325,51.04163624697881],[-114.01301703373315,51.041777451928255],[-114.01308889895589,51.04185087833187]],[[-114.01302601688599,51.04155152380253],[-114.01309788210872,51.041585413091624],[-114.01313381472009,51.04142161463135],[-114.01306194949736,51.04130864983858],[-114.01294516851041,51.04127476034702],[-114.01293618535757,51.041399021694836],[-114.01295415166325,51.04143291109548],[-114.01299008427462,51.04141031816445],[-114.01302601688599,51.04155152380253]],[[-114.0152538387906,51.04144985578652],[-114.01518197356788,51.04134818754738],[-114.01506519258095,51.04138772522244],[-114.01508315888663,51.04145550401549],[-114.0152538387906,51.04144985578652]],[[-114.0138794164059,51.04144985578652],[-114.01393331532294,51.04150068982242],[-114.0141399278383,51.04151763448865],[-114.01412196153261,51.04144985578652],[-114.01393331532294,51.04141596639826],[-114.0138794164059,51.04144985578652]],[[-114.01320567994281,51.04099799523813],[-114.01328652831839,51.04115049866591],[-114.01334941038827,51.0410544780477],[-114.0132685620127,51.04095280894091],[-114.01320567994281,51.04099799523813]],[[-114.01294516851041,51.040856787912965],[-114.01266669077235,51.04067039358472],[-114.01272957284223,51.04082289809086],[-114.01294516851041,51.040856787912965]],[[-114.01502027681674,51.040738173427194],[-114.01519095672072,51.040687338554626],[-114.0151011251923,51.04063650362628],[-114.01502027681674,51.040738173427194]],[[-114.01718521665147,51.040698635197806],[-114.01736487970828,51.040738173427194],[-114.01741877862533,51.040568723635054],[-114.01735589655544,51.0404896468533],[-114.0174547112367,51.04051788857656],[-114.01751759330658,51.0404218666472],[-114.01747267754237,51.04024111894622],[-114.01731996394408,51.04024111894622],[-114.01740081231965,51.04013944805453],[-114.01717623349863,51.04019593191078],[-114.01711335142873,51.04025806407315],[-114.01724809872135,51.04042751500151],[-114.0171492840401,51.04046140511282],[-114.01691572206623,51.04036538306639],[-114.01718521665147,51.040698635197806]],[[-114.01500231051105,51.0404896468533],[-114.01516400726219,51.04054048194276],[-114.01515502410935,51.04047270181108],[-114.01502027681674,51.04043316335511],[-114.01500231051105,51.0404896468533]],[[-114.01563113120994,51.040297602678535],[-114.01544248500028,51.040190283528254],[-114.01522688933208,51.040224173813094],[-114.01563113120994,51.040297602678535]],[[-114.01495739474684,51.04026936082098],[-114.01498434420537,51.04020158029262],[-114.01485858006559,51.040167689991264],[-114.01480468114855,51.04027500919386],[-114.01495739474684,51.04026936082098]],[[-114.0131158484144,51.039653684048034],[-114.01327754516555,51.03963109024938],[-114.01312483156725,51.03946728487952],[-114.0130080505803,51.03952941801901],[-114.01299008427462,51.03961414489315],[-114.0131158484144,51.039653684048034]],[[-114.01252296032689,51.03961414489315],[-114.01267567392519,51.03953506648209],[-114.0129182190519,51.03923004848951],[-114.0129002527462,51.039145320912965],[-114.01273855599507,51.03919615747746],[-114.0124421119513,51.03955201186728],[-114.01252296032689,51.03961414489315]]]}},{"type":"Feature","id":"ab-flood-15635","properties":{"id":"ab-flood-15635","sourceObjectId":15635,"zone":"High Hazard Flood Fringe","river":"Bow River","flowRegime":"Regulated","study":"Bow and Elbow River Flood Study","floodMechanism":"Open Water","layerType":"provincial-design-flood-hazard"},"geometry":{"type":"Polygon","coordinates":[[[-114.02441665468864,51.045058933729386],[-114.02443462099431,51.04514929826993],[-114.02437173892442,51.04516624160165],[-114.0242998737017,51.045070229306624],[-114.02434478946589,51.04501375139302],[-114.02441665468864,51.045058933729386]]]}},{"type":"Feature","id":"ab-flood-15636","properties":{"id":"ab-flood-15636","sourceObjectId":15636,"zone":"High Hazard Flood Fringe","river":"Bow River","flowRegime":"Regulated","study":"Bow and Elbow River Flood Study","floodMechanism":"Open Water","layerType":"provincial-design-flood-hazard"},"geometry":{"type":"Polygon","coordinates":[[[-114.02119170281864,51.04279976292457],[-114.02116475336011,51.0428449474204],[-114.02083237670499,51.042974852600416],[-114.02062576418965,51.04301438888725],[-114.02050898320272,51.04295226042137],[-114.02056288211976,51.042901427978215],[-114.02112882074876,51.04278846679374],[-114.02119170281864,51.04279976292457]]]}},{"type":"Feature","id":"ab-flood-15637","properties":{"id":"ab-flood-15637","sourceObjectId":15637,"zone":"High Hazard Flood Fringe","river":"Bow River","flowRegime":"Regulated","study":"Bow and Elbow River Flood Study","floodMechanism":"Open Water","layerType":"provincial-design-flood-hazard"},"geometry":{"type":"Polygon","coordinates":[[[-114.02316799644369,51.045092820452766],[-114.02288053555279,51.0451775371527],[-114.0228625692471,51.045081524881056],[-114.02299731653972,51.045041990358406],[-114.02316799644369,51.045092820452766]]]}},{"type":"Feature","id":"ab-flood-15638","properties":{"id":"ab-flood-15638","sourceObjectId":15638,"zone":"High Hazard Flood Fringe","river":"Bow River","flowRegime":"Regulated","study":"Bow and Elbow River Flood Study","floodMechanism":"Open Water","layerType":"provincial-design-flood-hazard"},"geometry":{"type":"Polygon","coordinates":[[[-114.02053593266123,51.04305392514032],[-114.02034728645157,51.04309346135968],[-114.02030237068736,51.04300309280873],[-114.02039220221576,51.04296355651228],[-114.02053593266123,51.04305392514032]]]}},{"type":"Feature","id":"ab-flood-15639","properties":{"id":"ab-flood-15639","sourceObjectId":15639,"zone":"High Hazard Flood Fringe","river":"Bow River","flowRegime":"Regulated","study":"Bow and Elbow River Flood Study","floodMechanism":"Open Water","layerType":"provincial-design-flood-hazard"},"geometry":{"type":"Polygon","coordinates":[[[-114.02023050546462,51.04311040544336],[-114.02013169078337,51.043144293592114],[-114.01887404938562,51.04338715793277],[-114.01890099884413,51.04323466186762],[-114.01908066190096,51.04323466186762],[-114.0201137244777,51.04298050064346],[-114.02021253915895,51.04298050064346],[-114.02024847177032,51.04304262907148],[-114.02023050546462,51.04311040544336]]]}},{"type":"Feature","id":"ab-flood-15640","properties":{"id":"ab-flood-15640","sourceObjectId":15640,"zone":"High Hazard Flood Fringe","river":"Bow River","flowRegime":"Regulated","study":"Bow and Elbow River Flood Study","floodMechanism":"Open Water","layerType":"provincial-design-flood-hazard"},"geometry":{"type":"Polygon","coordinates":[[[-114.02088627562203,51.045075877094185],[-114.02177560775331,51.04457322130383],[-114.0222966306181,51.044415081275574],[-114.0236710530028,51.04448285563951],[-114.02501852592899,51.04472006513238],[-114.02478496395511,51.044731360792234],[-114.02471309873239,51.04477654340403],[-114.0246951324267,51.044691825970745],[-114.02453343567556,51.04465793895404],[-114.02453343567556,51.044821725971765],[-114.02463225035682,51.044951625608554],[-114.0243897052301,51.04494597780583],[-114.02425495793749,51.04500810359788],[-114.02406631172782,51.044934682198345],[-114.02369800246133,51.04501375139302],[-114.02341054157041,51.04496292121192],[-114.0228625692471,51.04499680800553],[-114.02241341160504,51.04522271932933],[-114.021793574059,51.045346970087806],[-114.02178459090615,51.04544862955138],[-114.02136238272261,51.045369561098966],[-114.02126356804136,51.04527354922535],[-114.02110187129023,51.045307435791685],[-114.02058983157828,51.0451775371527],[-114.02088627562203,51.045075877094185]]]}},{"type":"Feature","id":"ab-flood-15642","properties":{"id":"ab-flood-15642","sourceObjectId":15642,"zone":"High Hazard Flood Fringe","river":"Bow River","flowRegime":"Regulated","study":"Bow and Elbow River Flood Study","floodMechanism":"Open Water","layerType":"provincial-design-flood-hazard"},"geometry":{"type":"Polygon","coordinates":[[[-114.02564734662788,51.044985512410406],[-114.02574616130913,51.04509846823758],[-114.02540480150115,51.04496292121192],[-114.02544073411252,51.04494033000242],[-114.02564734662788,51.044985512410406]]]}},{"type":"Feature","id":"ab-flood-15654","properties":{"id":"ab-flood-15654","sourceObjectId":15654,"zone":"High Hazard Flood Fringe","river":"Bow River","flowRegime":"Regulated","study":"Bow and Elbow River Flood Study","floodMechanism":"Open Water","layerType":"provincial-design-flood-hazard"},"geometry":{"type":"Polygon","coordinates":[[[-114.01758047537648,51.04104318149129],[-114.01762539114068,51.041060126324865],[-114.01757149222364,51.041094015973414],[-114.01772420582193,51.04112225732826],[-114.01746369438953,51.04117309172365],[-114.0174547112367,51.04108271942665],[-114.01758047537648,51.04104318149129]]]}},{"type":"Feature","id":"ab-flood-15655","properties":{"id":"ab-flood-15655","sourceObjectId":15655,"zone":"High Hazard Flood Fringe","river":"Bow River","flowRegime":"Regulated","study":"Bow and Elbow River Flood Study","floodMechanism":"Open Water","layerType":"provincial-design-flood-hazard"},"geometry":{"type":"Polygon","coordinates":[[[-114.01755352591795,51.041608005937256],[-114.01750861015374,51.041647543390596],[-114.01737386286113,51.041630598771874],[-114.01721216610999,51.04150068982242],[-114.01725708187419,51.04130300159169],[-114.0173469134026,51.04123522257555],[-114.01755352591795,51.041608005937256]]]}}]}
