{"type":"FeatureCollection","features":[{"type":"Feature","geometry":{"type":"Point","coordinates":[-114.07367778669028,51.042806510945134]},"properties":{"kind":"development","id":"DP2026-05118","title":"#300 550 11 AV SW","description":"NEW: SIGN - CLASS B (FASCIA SIGN)","status":"Application Received","date":"2026-09-02","communityCode":"BLN"}},{"type":"Feature","geometry":{"type":"Point","coordinates":[-114.08120908386384,51.0382472187847]},"properties":{"kind":"development","id":"DP2026-05025","title":"#110 880 16 AV SW","description":"NEW: SIGN - CLASS B (FASCIA SIGN)","status":"Released","date":"2026-08-31","communityCode":"BLN"}},{"type":"Feature","geometry":{"type":"Point","coordinates":[-114.0458593440143,51.05665180754738]},"properties":{"kind":"development","id":"DP2026-05053","title":"515 7 ST NE","description":"NEW: CONTEXTUAL SINGLE DETACHED DWELLING, ACCESSORY RESIDENTIAL BUILDING (GARAGE)","status":"In Circulation","date":"2026-08-31","communityCode":"BRD"}},{"type":"Feature","geometry":{"type":"Point","coordinates":[-114.07559557903062,51.0605578514634]},"properties":{"kind":"development","id":"DP2026-04998","title":"938 5A ST NW","description":"NEW: SINGLE DETACHED DWELLING, ACCESSORY RESIDENTIAL BUILDING (GARAGE)","status":"In Circulation","date":"2026-08-28","communityCode":"SSD"}},{"type":"Feature","geometry":{"type":"Point","coordinates":[-114.08737947040314,51.056319517860594]},"properties":{"kind":"development","id":"DP2026-05019","title":"1122 GLADSTONE RD NW","description":"NEW: SIGN - CLASS D (CANOPY SIGN) - SIGNABLE AREA","status":"In Advertising","date":"2026-08-28","communityCode":"HIL"}},{"type":"Feature","geometry":{"type":"Point","coordinates":[-114.08900576307022,51.056142991337936]},"properties":{"kind":"development","id":"DP2026-04890","title":"409 11 ST NW","description":"NEW: SINGLE DETACHED DWELLING, ACCESSORY RESIDENTIAL BUILDING (GARAGE)","status":"In Circulation","date":"2026-08-24","communityCode":"HIL"}},{"type":"Feature","geometry":{"type":"Point","coordinates":[-114.07587148432624,51.04379587537816]},"properties":{"kind":"development","id":"DP2026-04630","title":"#110 620 10 AV SW","description":"CHANGE OF USE: PET CARE SERVICE, KENNEL","status":"Cancelled","date":"2026-08-10","communityCode":"BLN"}},{"type":"Feature","geometry":{"type":"Point","coordinates":[-114.05728318009899,51.037338345589596]},"properties":{"kind":"development","id":"DP2026-04577","title":"1883 FLORES LADUE PR SE","description":"REVISION: HOTEL, RESTAURANT - LICENSED, RESTAURANT - FOOD SERVICE ONLY, OUTDOOR CAFE, DRINKING ESTABLISHMENT (1 BUILDING), UTILITIES","status":"Pending Decision","date":"2026-08-06","communityCode":"BLN"}},{"type":"Feature","geometry":{"type":"Point","coordinates":[-114.03885506418658,51.05312290585914]},"properties":{"kind":"development","id":"DP2026-04551","title":"120 9A ST NE","description":"CHANGES TO SITE PLAN: MULTI-RESIDENTIAL DEVELOPMENT (PARKING)","status":"Under Review","date":"2026-08-05","communityCode":"BRD"}},{"type":"Feature","geometry":{"type":"Point","coordinates":[-114.08493846828365,51.05548527335992]},"properties":{"kind":"development","id":"DP2026-04525","title":"1015 3 AV NW","description":"RELAXATION: SIGN - CLASS A (BANNER SIGNS - 2) - SIGNABLE AREA","status":"Under Review","date":"2026-08-04","communityCode":"SSD"}},{"type":"Feature","geometry":{"type":"Point","coordinates":[-114.08977833888731,51.066669350397625]},"properties":{"kind":"development","id":"DP2026-04488","title":"501 BOYCE CR NW","description":"TEMPORARY USE: SIGN - CLASS E (DIGITAL MESSAGE SIGN) - 3 YEARS","status":"In Circulation","date":"2026-07-31","communityCode":"HIL"}},{"type":"Feature","geometry":{"type":"Point","coordinates":[-114.08493846828365,51.05548527335992]},"properties":{"kind":"development","id":"DP2026-04444","title":"#1106 1015 3 AV NW","description":"NEW: SIGN - CLASS B (FASCIA SIGNS - 2) - ILLUMINATION","status":"Approved","date":"2026-07-30","communityCode":"SSD"}},{"type":"Feature","geometry":{"type":"Point","coordinates":[-114.0935232481649,51.059685906817876]},"properties":{"kind":"development","id":"DP2026-04382","title":"1402 8 AV NW","description":"CHANGES TO SITE PLAN: MEDICAL CLINIC (PARKING & RETAINING WALL)","status":"Hold","date":"2026-07-28","communityCode":"HIL"}},{"type":"Feature","geometry":{"type":"Point","coordinates":[-114.06966265569636,51.04242390663092]},"properties":{"kind":"development","id":"DP2026-04268","title":"333 11 AV SW","description":"NEW: SIGN - CLASS B (FASCIA SIGN), SIGN - CLASS D (PROJECTING SIGN)","status":"Hold","date":"2026-07-23","communityCode":"BLN"}},{"type":"Feature","geometry":{"type":"Point","coordinates":[-114.08778598002496,51.05238612970506]},"properties":{"kind":"development","id":"DP2026-04301","title":"#50 1131 KENSINGTON RD NW","description":"CHANGES TO SITE PLAN: OUTDOOR CAFE, RESTAURANT: LICENSED","status":"Cancelled","date":"2026-07-23","communityCode":"HIL"}},{"type":"Feature","geometry":{"type":"Point","coordinates":[-114.08608833802212,51.05425284056979]},"properties":{"kind":"development","id":"DP2026-04184","title":"293 10 ST NW","description":"NEW: SIGN - CLASS D (PROJECTING SIGN - 1 & CANOPY SIGN - 1)","status":"Under Review","date":"2026-07-17","communityCode":"HIL"}},{"type":"Feature","geometry":{"type":"Point","coordinates":[-114.09181664507138,51.040449243577505]},"properties":{"kind":"development","id":"DP2026-04141","title":"1302 14 AV SW","description":"NEW: MULTI-RESIDENTIAL DEVELOPMENT (1 BUILDING)","status":"In Circulation","date":"2026-07-15","communityCode":"BLN"}},{"type":"Feature","geometry":{"type":"Point","coordinates":[-114.08472691554464,51.037932975099935]},"properties":{"kind":"development","id":"DP2026-04074","title":"1002 17 AV SW","description":"CHANGES TO SITE PLAN: OUTDOOR CAFE (ADJACENT TO 17TH AVENUE)","status":"In Advertising","date":"2026-07-13","communityCode":"BLN"}},{"type":"Feature","geometry":{"type":"Point","coordinates":[-114.07020531930348,51.04268019399178]},"properties":{"kind":"development","id":"DP2026-04048","title":"330 11 AV SW","description":"NEW: MULTI-RESIDENTIAL DEVELOPMENT, RETAIL AND CONSUMER SERVICE (1 BUILDING)","status":"Hold","date":"2026-07-10","communityCode":"BLN"}},{"type":"Feature","geometry":{"type":"Point","coordinates":[-114.0771534819032,51.043834483102046]},"properties":{"kind":"development","id":"DP2026-04018","title":"710 10 AV SW","description":"TEMPORARY USE: SIGN - CLASS F (THIRD PARTY ADVERTISING SIGN - 5 YEARS)","status":"Under Review","date":"2026-07-09","communityCode":"BLN"}},{"type":"Feature","geometry":{"type":"Point","coordinates":[-114.03203515619744,51.04468811527475]},"properties":{"kind":"development","id":"DP2026-03908","title":"1300 ZOO RD NE","description":"NEW: ZOO (CZ TIGER TRAIL) ","status":"Hold","date":"2026-07-06","communityCode":"BRD"}},{"type":"Feature","geometry":{"type":"Point","coordinates":[-114.09181664507138,51.040449243577505]},"properties":{"kind":"development","id":"DP2026-03872","title":"1302 14 AV SW","description":"NEW: MULTI-RESIDENTIAL DEVELOPMENT (1 BUILDING)","status":"Cancelled","date":"2026-07-02","communityCode":"BLN"}},{"type":"Feature","geometry":{"type":"Point","coordinates":[-114.09284611073043,51.03952895041391]},"properties":{"kind":"development","id":"DP2026-03805","title":"1322 15 AV SW","description":"TEMPORARY USE: HOME OCCUPATION - CLASS 2 (MODELING AGENCY - 5 YEARS)","status":"Released","date":"2026-06-29","communityCode":"BLN"}},{"type":"Feature","geometry":{"type":"Point","coordinates":[-114.08272068975334,51.056353409750876]},"properties":{"kind":"development","id":"DP2026-03811","title":"909 3 AV NW","description":"RELAXATION:  AIR CONDITIONING EQUIPMENT (EXISTING) - PROJECTION INTO SIDE SETBACK","status":"Released","date":"2026-06-29","communityCode":"SSD"}},{"type":"Feature","geometry":{"type":"Point","coordinates":[-114.03972045029596,51.05103250459147]},"properties":{"kind":"development","id":"DP2026-03762","title":"#1308 55 9A ST NE","description":"TEMPORARY USE: HOME OCCUPATION - CLASS 2 (NAIL SALON - 18 MONTHS)","status":"Released","date":"2026-06-26","communityCode":"BRD"}},{"type":"Feature","geometry":{"type":"Point","coordinates":[-114.05929027391,51.03857981720249]},"properties":{"kind":"development","id":"DP2026-03728","title":"232 15 AV SE","description":"TEMPORARY USE: SIGN - CLASS G (DIGITAL THIRD PARTY ADVERTISING SIGN)","status":"Cancelled","date":"2026-06-25","communityCode":"BLN"}},{"type":"Feature","geometry":{"type":"Point","coordinates":[-114.03888193642291,51.0580627462366]},"properties":{"kind":"development","id":"DP2026-03735","title":"1024 DRURY AV NE","description":"REVISION: SINGLE DETACHED DWELLING (CHANGES TO DP2025-00528)","status":"Pending Release","date":"2026-06-25","communityCode":"BRD"}},{"type":"Feature","geometry":{"type":"Point","coordinates":[-114.0756024060138,51.06093945124387]},"properties":{"kind":"development","id":"DP2026-03645","title":"569 9 AV NW","description":"ADDITION: MULTI-RESIDENTIAL DEVELOPMENT (ENCLOSED BALCONY)","status":"Pending Release","date":"2026-06-22","communityCode":"SSD"}},{"type":"Feature","geometry":{"type":"Point","coordinates":[-114.05929027391,51.03857981720249]},"properties":{"kind":"development","id":"DP2026-03652","title":"232 15 AV SE","description":"TEMPORARY USE: SIGN - CLASS G (DIGITAL THIRD PARTY ADVERTISING SIGN - 3 YEARS)","status":"Released","date":"2026-06-22","communityCode":"BLN"}},{"type":"Feature","geometry":{"type":"Point","coordinates":[-114.03972045029596,51.05103250459147]},"properties":{"kind":"development","id":"DP2026-03659","title":"60 9 ST NE","description":"NEW: SIGN - CLASS B (FASCIA SIGNS - 2)","status":"Released","date":"2026-06-22","communityCode":"BRD"}},{"type":"Feature","geometry":{"type":"Point","coordinates":[-114.09198719404876,51.05427037200205]},"properties":{"kind":"development","id":"DP2026-03599","title":"1304 GLADSTONE RD NW","description":"NEW: SINGLE DETACHED DWELLING, ACCESSORY RESIDENTIAL BUILDING (GARAGE)","status":"Hold","date":"2026-06-19","communityCode":"HIL"}},{"type":"Feature","geometry":{"type":"Point","coordinates":[-114.07197182827055,51.03794602072044]},"properties":{"kind":"development","id":"DP2026-03553","title":"508 17 AV SW","description":"EXTERIOR RENOVATIONS: RESTAURANT: LICENSED (REFURBISH BUILDING FACADE)","status":"Released","date":"2026-06-17","communityCode":"BLN"}},{"type":"Feature","geometry":{"type":"Point","coordinates":[-114.06807694596925,51.040959918079814]},"properties":{"kind":"development","id":"DP2026-03555","title":"#201 1220 2 ST SW","description":"NEW: SIGN - CLASS B (FASCIA SIGN)","status":"Released","date":"2026-06-17","communityCode":"BLN"}},{"type":"Feature","geometry":{"type":"Point","coordinates":[-114.09007948028994,51.05605410554548]},"properties":{"kind":"development","id":"DP2026-03560","title":"426 11A ST NW","description":"ADDITION: SINGLE DETACHED DWELLING (REAR PORCH) - PARCEL COVERAGE","status":"Released","date":"2026-06-17","communityCode":"HIL"}},{"type":"Feature","geometry":{"type":"Point","coordinates":[-114.04549570345544,51.05430715277114]},"properties":{"kind":"development","id":"DP2026-03497","title":"230 7 ST NE","description":"REVISION: ROWHOUSE BUILDING (1 BUILDING), SECONDARY SUITE (6 SUITES), ACCESSORY RESIDENTIAL BUILDING (CHANGE TO DP2024-01766, GARBAGE AREA)","status":"Released","date":"2026-06-16","communityCode":"BRD"}},{"type":"Feature","geometry":{"type":"Point","coordinates":[-114.0458665221015,51.0554277110412]},"properties":{"kind":"development","id":"DP2026-03447","title":"417 7 ST NW","description":"NEW: BACKYARD SUITE","status":"Inactive","date":"2026-06-12","communityCode":"BRD"}},{"type":"Feature","geometry":{"type":"Point","coordinates":[-114.04586678708057,51.05698096304]},"properties":{"kind":"development","id":"DP2026-03422","title":"521 7 ST NE","description":"NEW: SINGLE DETACHED DWELLING","status":"In Circulation","date":"2026-06-11","communityCode":"BRD"}},{"type":"Feature","geometry":{"type":"Point","coordinates":[-114.06414145011158,51.04321407358341]},"properties":{"kind":"development","id":"DP2026-03322","title":"1012 1 ST SW","description":"NEW: SIGN - CLASS B (FASCIA SIGN)","status":"Released","date":"2026-06-05","communityCode":"BLN"}},{"type":"Feature","geometry":{"type":"Point","coordinates":[-114.0949765338009,51.05782505988774]},"properties":{"kind":"development","id":"DP2026-03297","title":"#215 701 14 ST NW","description":"NEW: SIGN - CLASS B (FASCIA SIGN), SIGN - CLASS D (CANOPY SIGNS - 3) - MINIMUM DISTANCE BETWEEN SIGNS, COPY AREA","status":"Released","date":"2026-06-04","communityCode":"HIL"}},{"type":"Feature","geometry":{"type":"Point","coordinates":[-114.09518353675891,51.050321773549626]},"properties":{"kind":"development","id":"DP2026-03258","title":"#1 1606 BROADVIEW RD NW","description":"NEW: ACCESSORY RESIDENTIAL BUILDING (GARAGE), BACKYARD SUITE (ABOVE GARAGE)","status":"Hold","date":"2026-06-03","communityCode":"HIL"}},{"type":"Feature","geometry":{"type":"Point","coordinates":[-114.0522738358569,51.040977044299424]},"properties":{"kind":"development","id":"DP2026-03167","title":"1288 STAMPEDE TR SE","description":"NEW: SIGNS - CLASS 2 (ROOF SIGN)","status":"Released","date":"2026-05-31","communityCode":"BLN"}},{"type":"Feature","geometry":{"type":"Point","coordinates":[-114.07202896939776,51.03894384712975]},"properties":{"kind":"development","id":"DP2026-03137","title":"#102 510 15 AV SW","description":"NEW: SIGN - CLASS B (FASCIA SIGN)","status":"Released","date":"2026-05-29","communityCode":"BLN"}},{"type":"Feature","geometry":{"type":"Point","coordinates":[-114.043345792772,51.050695063632105]},"properties":{"kind":"development","id":"DP2026-02908","title":"835 MCDOUGALL RD NE","description":"REVISION: SECONDARY SUITE (CHANGE OF USE TO DP2023-07979, ADDED 2 SUITES)","status":"Released","date":"2026-05-19","communityCode":"BRD"}},{"type":"Feature","geometry":{"type":"Point","coordinates":[-114.07738441662674,51.05954078963534]},"properties":{"kind":"development","id":"DP2026-02838","title":"639 3 AV NW","description":"TEMPORARY USE: HOME OCCUPATION - CLASS 2 (MASSAGE THERAPIST - 5 YEARS)","status":"Released","date":"2026-05-13","communityCode":"SSD"}},{"type":"Feature","geometry":{"type":"Point","coordinates":[-114.08022261394787,51.05732700214653]},"properties":{"kind":"development","id":"DP2026-02767","title":"311 7 ST NW","description":"REVISION: MULTI-RESIDENTIAL DEVELOPMENT (1 BUILDING), SECONDARY SUITE (4 SUITES) (CHANGES TO PARKING)","status":"Hold","date":"2026-05-11","communityCode":"SSD"}},{"type":"Feature","geometry":{"type":"Point","coordinates":[-114.04994874248733,51.04116235074972]},"properties":{"kind":"development","id":"DP2026-02729","title":"614 12 AV SE","description":"TEMPORARY USE: PARKING LOT - GRADE (TEMPORARY - 3 YEARS)","status":"Released","date":"2026-05-09","communityCode":"BLN"}},{"type":"Feature","geometry":{"type":"Point","coordinates":[-114.09643522873448,51.058899134317514]},"properties":{"kind":"development","id":"DP2026-02719","title":"809 15 ST NW","description":"RELAXATION: ACCESSORY RESIDENTIAL BUILDING (EXISTING PERGOLA) - SEPARATION FROM MAIN RESIDENTIAL BUILDING","status":"Released","date":"2026-05-08","communityCode":"HIL"}},{"type":"Feature","geometry":{"type":"Point","coordinates":[-114.08226336998422,51.04304761461466]},"properties":{"kind":"development","id":"DP2026-02680","title":"#300 902 11 AV SW","description":"CHANGES TO SITE PLAN: OUTDOOR PLAY AREA, PARKING AREA, WASTE AND RECYCLING AREA. CHANGE OF USE: CHILD CARE SERVICE (62 CHILDREN), SCHOOL AUTHORITY - SCHOOL.","status":"Released","date":"2026-05-07","communityCode":"BLN"}},{"type":"Feature","geometry":{"type":"Point","coordinates":[-114.0860874054503,51.05441915108227]},"properties":{"kind":"development","id":"DP2026-02686","title":"#103 305 10 ST NW","description":"CHANGE OF USE: LIQUOR STORE","status":"Cancelled","date":"2026-05-07","communityCode":"HIL"}},{"type":"Feature","geometry":{"type":"Point","coordinates":[-114.07559591724231,51.06066041484743]},"properties":{"kind":"development","id":"DP2026-02605","title":"940 5A ST NW","description":"NEW: BACKYARD SUITE (ABOVE GARAGE), ACCESSORY RESIDENTIAL BUILDING (GARAGE) ","status":"Hold","date":"2026-05-04","communityCode":"SSD"}},{"type":"Feature","geometry":{"type":"Point","coordinates":[-114.08226336998422,51.04304761461466]},"properties":{"kind":"development","id":"DP2026-02548","title":"#100 902 11 AV SW","description":"CHANGE OF USE: SCHOOL AUTHORITY - SCHOOL","status":"Cancelled - Pending Refund","date":"2026-05-01","communityCode":"BLN"}},{"type":"Feature","geometry":{"type":"Point","coordinates":[-114.06807694596925,51.040959918079814]},"properties":{"kind":"development","id":"DP2026-02554","title":"1220 2 ST SW","description":"NEW: SIGN - CLASS B (FASCIA SIGN)","status":"Released","date":"2026-05-01","communityCode":"BLN"}},{"type":"Feature","geometry":{"type":"Point","coordinates":[-114.08977833888731,51.066669350397625]},"properties":{"kind":"development","id":"DP2026-02478","title":"501 BOYCE CR NW","description":"NEW: SIGN - CLASS A (ADDRESS SIGNS - 3, DIRECTIONAL SIGNS - 8), SIGN - CLASS B (FASCIA SIGNS - 5), SIGN - CLASS D (CANOPY SIGNS - 3)  ","status":"Released","date":"2026-04-29","communityCode":"HIL"}},{"type":"Feature","geometry":{"type":"Point","coordinates":[-114.0659027610754,51.0426782043676]},"properties":{"kind":"development","id":"DP2026-02497","title":"1011 1 ST SW","description":"NEW: SIGN - CLASS B (FASCIA SIGN) - SIGNABLE AREA, NUMBER OF SIGNS","status":"Released","date":"2026-04-29","communityCode":"BLN"}},{"type":"Feature","geometry":{"type":"Point","coordinates":[-114.03518735549886,51.05226105429855]},"properties":{"kind":"development","id":"DP2026-02441","title":"1165 CENTRE AV NE","description":"NEW: SIGN - CLASS B (FASCIA SIGNS - 3), SIGN - CLASS C (FREESTANDING SIGNS - 9)","status":"Released","date":"2026-04-28","communityCode":"BRD"}},{"type":"Feature","geometry":{"type":"Point","coordinates":[-114.08977833888731,51.066669350397625]},"properties":{"kind":"development","id":"DP2026-02453","title":"316 SAIT ST NW","description":"CHANGE OF USE: INSTRUCTIONAL FACILITY","status":"Cancelled","date":"2026-04-28","communityCode":"HIL"}},{"type":"Feature","geometry":{"type":"Point","coordinates":[-114.09699839802198,51.05009252680381]},"properties":{"kind":"development","id":"DP2026-02469","title":"1639 BROADVIEW RD NW","description":"REVISION: ACCESSORY RESIDENTIAL BUILDING (GARAGE), BACKYARD SUITE (ABOVE GARAGE, CHANGES TO DP2025-05062)","status":"Cancelled","date":"2026-04-28","communityCode":"HIL"}},{"type":"Feature","geometry":{"type":"Point","coordinates":[-114.05494479362486,51.04105038006985]},"properties":{"kind":"development","id":"DP2026-02417","title":"421 12 AV SE","description":"TEMPORARY USE: SPECIAL FUNCTION - CLASS 2 (COWBOYS CASINO OUTDOOR CAFE EXPANSION - JULY 2 - 12, 2026)","status":"Released","date":"2026-04-27","communityCode":"BLN"}},{"type":"Feature","geometry":{"type":"Point","coordinates":[-114.09917091562703,51.05472144537664]},"properties":{"kind":"development","id":"DP2026-02403","title":"302 16A ST NW","description":"NEW: SINGLE DETACHED DWELLING (NORTH PARCEL), ACCESSORY RESIDENTIAL BUILDING (GARAGE) ","status":"Pending Release","date":"2026-04-26","communityCode":"HIL"}},{"type":"Feature","geometry":{"type":"Point","coordinates":[-114.09917135459987,51.05464648871501]},"properties":{"kind":"development","id":"DP2026-02404","title":"300 16A ST NW","description":"NEW: SINGLE DETACHED DWELLING (SOUTH PARCEL), ACCESSORY RESIDENTIAL BUILDING (GARAGE)","status":"Pending Release","date":"2026-04-26","communityCode":"HIL"}},{"type":"Feature","geometry":{"type":"Point","coordinates":[-114.06507595931677,51.042561198745354]},"properties":{"kind":"development","id":"DP2026-02379","title":"#3 140 11 AV SW","description":"EXTERIOR RENOVATIONS: CONVENIENCE FOOD STORE (NEW REAR DOOR)","status":"Released","date":"2026-04-24","communityCode":"BLN"}},{"type":"Feature","geometry":{"type":"Point","coordinates":[-114.04297226651401,51.049809291122116]},"properties":{"kind":"development","id":"DP2026-02353","title":"845 MCPHERSON RD NE","description":"NEW: MULTI-RESIDENTIAL DEVELOPMENT (1 BUILDING)","status":"Hold","date":"2026-04-23","communityCode":"BRD"}},{"type":"Feature","geometry":{"type":"Point","coordinates":[-114.0860852120687,51.05389774890404]},"properties":{"kind":"development","id":"DP2026-02363","title":"273 10 ST NW","description":"CHANGE OF USE: RESTAURANT: FOOD SERVICE ONLY","status":"Released","date":"2026-04-23","communityCode":"HIL"}},{"type":"Feature","geometry":{"type":"Point","coordinates":[-114.05863237852564,51.040807717226954]},"properties":{"kind":"development","id":"DP2026-02218","title":"235 12 AV SE","description":"CHANGE OF USE: RETAIL AND CONSUMER SERVICE, HEALTH CARE SERVICE - LOCATION OF USE WITHIN BUILDING","status":"Released","date":"2026-04-17","communityCode":"BLN"}},{"type":"Feature","geometry":{"type":"Point","coordinates":[-114.08575528622686,51.043842979825264]},"properties":{"kind":"development","id":"DP2026-02189","title":"#2A 1029 10 AV SW","description":"CHANGE OF USE: CHILD CARE SERVICE (150 CHILDREN); CHANGES TO SITE PLAN: CHILD CARE SERVICE (OUTDOOR PLAY AREA)","status":"Hold","date":"2026-04-16","communityCode":"BLN"}},{"type":"Feature","geometry":{"type":"Point","coordinates":[-114.06120139954648,51.03920622623364]},"properties":{"kind":"development","id":"DP2026-02199","title":"1401 1 ST SE","description":"CHANGES TO SITE PLAN: CHILD CARE SERVICE (NEW GATE)","status":"Released","date":"2026-04-16","communityCode":"BLN"}},{"type":"Feature","geometry":{"type":"Point","coordinates":[-114.08249247715229,51.05402544062132]},"properties":{"kind":"development","id":"DP2026-02178","title":"1007 1 AV NW","description":"EXTERIOR RENOVATIONS: SINGLE DETACHED DWELLING (WINDOW ENLARGEMENT & WINDOW WELL)","status":"Released","date":"2026-04-15","communityCode":"SSD"}},{"type":"Feature","geometry":{"type":"Point","coordinates":[-114.04282419871124,51.053368736374296]},"properties":{"kind":"development","id":"DP2026-02134","title":"#101 906 1 AV NE","description":"NEW: SIGN - CLASS D (CANOPY SIGN) - COPY AREA (PROJECTING SIGNS - 3) - NUMBER OF SIGNS","status":"Released","date":"2026-04-14","communityCode":"BRD"}},{"type":"Feature","geometry":{"type":"Point","coordinates":[-114.07281026082218,51.04253219336896]},"properties":{"kind":"development","id":"DP2026-02140","title":"#100A 525 11 AV SW","description":"NEW: SIGN - CLASS B (FASCIA SIGN)","status":"Under Review","date":"2026-04-14","communityCode":"BLN"}},{"type":"Feature","geometry":{"type":"Point","coordinates":[-114.07020531930348,51.04268019399178]},"properties":{"kind":"development","id":"DP2026-02085","title":"330 11 AV SW","description":"TEMPORARY USE: SPECIAL FUNCTION - CLASS 2 (NATIONAL STAMPEDE EVENT, JULY 2 - 12, 2026)","status":"Released","date":"2026-04-13","communityCode":"BLN"}},{"type":"Feature","geometry":{"type":"Point","coordinates":[-114.04886694898465,51.04017843153319]},"properties":{"kind":"development","id":"DP2026-02086","title":"632 13 AV SE","description":"NEW: SIGN - CLASS C (FREESTANDING SIGNS - 2)","status":"Under Review","date":"2026-04-13","communityCode":"BLN"}},{"type":"Feature","geometry":{"type":"Point","coordinates":[-114.09605509462462,51.05389335223698]},"properties":{"kind":"development","id":"DP2026-02101","title":"212 15 ST NW","description":"ADDITION: SINGLE DETACHED DWELLING (MAIN FLOOR, 2ND FLOOR & BASEMENT - REAR)","status":"Released","date":"2026-04-13","communityCode":"HIL"}},{"type":"Feature","geometry":{"type":"Point","coordinates":[-114.03655821017047,51.05566773713334]},"properties":{"kind":"development","id":"DP2026-02051","title":"429 11 ST NE","description":"NEW: CONTEXTUAL SINGLE DETACHED DWELLING, ACCESSORY RESIDENTIAL BUILDING (GARAGE)","status":"Released","date":"2026-04-10","communityCode":"BRD"}},{"type":"Feature","geometry":{"type":"Point","coordinates":[-114.04549299930748,51.056555032580825]},"properties":{"kind":"development","id":"DP2026-01990","title":"512 7 ST NE","description":"NEW: CONTEXTUAL SINGLE DETACHED DWELLING, ACCESSORY RESIDENTIAL BUILDING (GARAGE)","status":"Released","date":"2026-04-08","communityCode":"BRD"}},{"type":"Feature","geometry":{"type":"Point","coordinates":[-114.06193829945057,51.041268983611914]},"properties":{"kind":"development","id":"DP2026-02004","title":"#200 133 12 AV SE","description":"TEMPORARY USE: SIGN - CLASS F (THIRD PARTY ADVERTISING SIGN)","status":"Cancelled","date":"2026-04-08","communityCode":"BLN"}},{"type":"Feature","geometry":{"type":"Point","coordinates":[-114.0405491734173,51.05504684948592]},"properties":{"kind":"development","id":"DP2026-01949","title":"411 9 ST NE","description":"RELAXATION: ACCESSORY RESIDENTIAL BUILDING (EXISTING PERGOLA) - SEPARATION FROM MAIN RESIDENTIAL BUILDING, FINISHED FLOOR HEIGHT","status":"Released","date":"2026-04-07","communityCode":"BRD"}},{"type":"Feature","geometry":{"type":"Point","coordinates":[-114.03522546275936,51.05338475793083]},"properties":{"kind":"development","id":"DP2026-01927","title":"201 11A ST NE","description":"NEW: ACCESSORY RESIDENTIAL BUILDING (GARAGE), BACKYARD SUITE (ABOVE GARAGE)","status":"Released","date":"2026-04-06","communityCode":"BRD"}},{"type":"Feature","geometry":{"type":"Point","coordinates":[-114.07173009735784,51.03849636866864]},"properties":{"kind":"development","id":"DP2026-01882","title":"1503 4 ST SW","description":"TEMPORARY USE: SPECIAL FUNCTION - CLASS 2 (ELEPHANT & CASTLE STAMPEDE EVENT JULY 1-11, 14, 15, 18, 19 2026)","status":"Released","date":"2026-04-02","communityCode":"BLN"}},{"type":"Feature","geometry":{"type":"Point","coordinates":[-114.0536029830468,51.037115347796785]},"properties":{"kind":"development","id":"DP2026-01904","title":"1730 STAMPEDE TR SE","description":"TEMPORARY USE: SPECIAL FUNCTION - CLASS 2","status":"Cancelled","date":"2026-04-02","communityCode":"BLN"}},{"type":"Feature","geometry":{"type":"Point","coordinates":[-114.03655821017047,51.05566773713334]},"properties":{"kind":"development","id":"DP2026-01872","title":"429 11 ST NE","description":"NEW: SINGLE DETACHED DWELLING, ACCESSORY RESIDENTIAL BUILDING (GARAGE)","status":"Cancelled","date":"2026-04-01","communityCode":"BRD"}},{"type":"Feature","geometry":{"type":"Point","coordinates":[-114.0673609107315,51.042349247647536]},"properties":{"kind":"development","id":"DP2026-01826","title":"220 12 AV SW","description":"TEMPORARY USE: SPECIAL FUNCTION - CLASS 2 (THE DISTRICT STAMPEDE EVENT JULY 2 - 12, 2026)","status":"Released","date":"2026-03-31","communityCode":"BLN"}},{"type":"Feature","geometry":{"type":"Point","coordinates":[-114.04549299930748,51.056555032580825]},"properties":{"kind":"development","id":"DP2026-01813","title":"512 7 ST NE","description":"NEW: SINGLE DETACHED DWELLING, ACCESSORY RESIDENTIAL BUILDING (GARAGE)","status":"Cancelled","date":"2026-03-30","communityCode":"BRD"}},{"type":"Feature","geometry":{"type":"Point","coordinates":[-114.0731214831259,51.060338377307765]},"properties":{"kind":"development","id":"DP2026-01815","title":"929 4A ST NW","description":"NEW: SINGLE DETACHED DWELLING, ACCESSORY RESIDENTIAL BUILDING (GARAGE)","status":"Released","date":"2026-03-30","communityCode":"SSD"}},{"type":"Feature","geometry":{"type":"Point","coordinates":[-114.07275279616238,51.058000922588384]},"properties":{"kind":"development","id":"DP2026-01816","title":"712 4A ST NW","description":"NEW: SINGLE DETACHED DWELLING (NORTH PARCEL), ACCESSORY RESIDENTIAL BUILDING (GARAGE)","status":"Pending Release","date":"2026-03-30","communityCode":"SSD"}},{"type":"Feature","geometry":{"type":"Point","coordinates":[-114.07275279616238,51.058000922588384]},"properties":{"kind":"development","id":"DP2026-01792","title":"712 4A ST NW","description":"NEW: SINGLE DETACHED DWELLING (SOUTH PARCEL), ACCESSORY RESIDENTIAL BUILDING (GARAGE)","status":"Pending Release","date":"2026-03-27","communityCode":"SSD"}},{"type":"Feature","geometry":{"type":"Point","coordinates":[-114.053660417469,51.03762324204744]},"properties":{"kind":"development","id":"DP2026-01795","title":"2200 STAMPEDE TR SE","description":"NEW: SIGN - CLASS B (FASCIA SIGNS - 2)","status":"Released","date":"2026-03-27","communityCode":"BLN"}},{"type":"Feature","geometry":{"type":"Point","coordinates":[-114.0860852120687,51.05389774890404]},"properties":{"kind":"development","id":"DP2026-01760","title":"273 10 ST NW","description":"NEW: SIGN - CLASS D (PROJECTING SIGN - 1 & CANOPY SIGNS - 2) - HEIGHT & AREA","status":"Released","date":"2026-03-26","communityCode":"HIL"}},{"type":"Feature","geometry":{"type":"Point","coordinates":[-114.06191289772045,51.04314785232108]},"properties":{"kind":"development","id":"DP2026-01683","title":"#A 121 10 AV SE","description":"CHANGES TO SITE PLAN: GENERAL INDUSTRIAL - LIGHT (NEW LOADING DOCK)","status":"Pending Release","date":"2026-03-25","communityCode":"BLN"}},{"type":"Feature","geometry":{"type":"Point","coordinates":[-114.07854861727914,51.042697358933154]},"properties":{"kind":"development","id":"DP2026-01695","title":"735 11 AV SW","description":"REVISION: DWELLING UNITS (1 BUILDING), RETAIL AND CONSUMER SERVICE (CHANGE TO DP2025-01112)","status":"Hold","date":"2026-03-25","communityCode":"BLN"}},{"type":"Feature","geometry":{"type":"Point","coordinates":[-114.07312947542518,51.06061236069612]},"properties":{"kind":"development","id":"DP2026-01615","title":"937 4A ST NW","description":"NEW: SEMI-DETACHED DWELLING, SECONDARY SUITE (BASEMENT - 2), ACCESSORY RESIDENTIAL BUILDING (GARAGE - 2), BACKYARD SUITE (ABOVE GARAGE - 1)","status":"Released","date":"2026-03-23","communityCode":"SSD"}},{"type":"Feature","geometry":{"type":"Point","coordinates":[-114.07088691566693,51.05777666991535]},"properties":{"kind":"development","id":"DP2026-01545","title":"434 MEMORIAL DR NW","description":"NEW: CONTEXTUAL SINGLE DETACHED DWELLING, ACCESSORY RESIDENTIAL BUILDING (GARAGE)","status":"Released","date":"2026-03-19","communityCode":"SSD"}},{"type":"Feature","geometry":{"type":"Point","coordinates":[-114.06760375886698,51.0404792416207]},"properties":{"kind":"development","id":"DP2026-01463","title":"221 13 AV SW","description":"CHANGES TO SITE PLAN: PARK","status":"Released","date":"2026-03-17","communityCode":"BLN"}},{"type":"Feature","geometry":{"type":"Point","coordinates":[-114.03794474897406,51.05810350792748]},"properties":{"kind":"development","id":"DP2026-01473","title":"1036 DRURY AV NE","description":"RELAXATION: RETAINING WALL - HEIGHT","status":"Pending Release","date":"2026-03-17","communityCode":"BRD"}},{"type":"Feature","geometry":{"type":"Point","coordinates":[-114.04416281695678,51.05664773224338]},"properties":{"kind":"development","id":"DP2026-01409","title":"518 7A ST NE","description":"NEW: SINGLE DETACHED DWELLING, SECONDARY SUITE (BASEMENT), ACCESSORY RESIDENTIAL BUILDING (GARAGE), BACKYARD SUITE (ABOVE GARAGE), ","status":"Pending Release","date":"2026-03-14","communityCode":"BRD"}},{"type":"Feature","geometry":{"type":"Point","coordinates":[-114.09389032432145,51.04397157397823]},"properties":{"kind":"development","id":"DP2026-01326","title":"1020 14 ST SW","description":"CHANGES TO SITE PLAN: OUTDOOR CAFE (ADJACENT TO 14 STREET SW)","status":"Released","date":"2026-03-11","communityCode":"BLN"}},{"type":"Feature","geometry":{"type":"Point","coordinates":[-114.08608132346502,51.0536775035996]},"properties":{"kind":"development","id":"DP2026-01217","title":"#103 227 10 ST NW","description":"CHANGE OF USE: INSTRUCTIONAL FACILITY (COOKING SCHOOL - 20 STUDENTS)","status":"Cancelled","date":"2026-03-06","communityCode":"HIL"}},{"type":"Feature","geometry":{"type":"Point","coordinates":[-114.07958277318127,51.03820628347881]},"properties":{"kind":"development","id":"DP2026-01190","title":"#2 802 16 AV SW","description":"NEW: SIGN - CLASS B (FASCIA SIGN)","status":"Released","date":"2026-03-05","communityCode":"BLN"}},{"type":"Feature","geometry":{"type":"Point","coordinates":[-114.08275272789322,51.042787897244736]},"properties":{"kind":"development","id":"DP2026-01185","title":"919 11 AV SW","description":"NEW: SIGN - CLASS B (FASCIA SIGN)","status":"Released","date":"2026-03-04","communityCode":"BLN"}},{"type":"Feature","geometry":{"type":"Point","coordinates":[-114.05101189954432,51.05179161029745]},"properties":{"kind":"development","id":"DP2026-00980","title":"16 4 ST NE","description":"NEW: SIGN - CLASS A (WINDOW SIGNS - 18) - SIGN AREA, SIGN - CLASS B (FASCIA SIGNS - 2)","status":"Released","date":"2026-02-23","communityCode":"BRD"}},{"type":"Feature","geometry":{"type":"Point","coordinates":[-114.09251972355585,51.03794055053863]},"properties":{"kind":"development","id":"DP2026-00923","title":"1314B 17 AV SW","description":"CHANGE OF USE: CANNABIS STORE","status":"Cancelled","date":"2026-02-21","communityCode":"BLN"}},{"type":"Feature","geometry":{"type":"Point","coordinates":[-114.05863237852564,51.040807717226954]},"properties":{"kind":"development","id":"DP2026-00897","title":"245 12 AV SE","description":"NEW: SIGN - CLASS B (FASCIA SIGN), SIGN - CLASS D (PROJECTING SIGN) - PROJECTION DISTANCE","status":"Released","date":"2026-02-20","communityCode":"BLN"}},{"type":"Feature","geometry":{"type":"Point","coordinates":[-114.03972045029596,51.05103250459147]},"properties":{"kind":"development","id":"DP2026-00848","title":"60 9 ST NE","description":"ADDITION: RESTAURANT: LICENSED (ADDITION: RESTAURANT (SOUTH ELEVATION))","status":"Released","date":"2026-02-18","communityCode":"BRD"}},{"type":"Feature","geometry":{"type":"Point","coordinates":[-114.03788424233343,51.052619800176295]},"properties":{"kind":"development","id":"DP2026-00784","title":"1028 CENTRE AV NE","description":"NEW: MULTI-RESIDENTIAL DEVELOPMENT (2 BUILDINGS)","status":"Hold","date":"2026-02-13","communityCode":"BRD"}},{"type":"Feature","geometry":{"type":"Point","coordinates":[-114.07454459651271,51.058514005265565]},"properties":{"kind":"development","id":"DP2026-00756","title":"731 5 ST NW","description":"EXTERIOR RENOVATIONS: SINGLE DETACHED DWELLING (FLOOD FRINGE)","status":"Released","date":"2026-02-11","communityCode":"SSD"}},{"type":"Feature","geometry":{"type":"Point","coordinates":[-114.07914747630649,51.038242538055044]},"properties":{"kind":"development","id":"DP2026-00714","title":"1518 7 ST SW","description":"ADDITION: ADDITION: RETAIL AND CONSUMER SERVICE, OFFICE (ROOFTOP PATIO; ENCLOSED PARKING AREA).  ","status":"Cancelled","date":"2026-02-10","communityCode":"BLN"}},{"type":"Feature","geometry":{"type":"Point","coordinates":[-114.0522738358569,51.040977044299424]},"properties":{"kind":"development","id":"DP2026-00687","title":"519 12 AV SE","description":"NEW: SIGNS - CLASS 1 (FASCIA SIGNS - 13, CANOPY SIGNS - 14, UNDER-CANOPY SIGNS - 3, PROJECTING SIGNS - 6, BANNER SIGNS - 7, WINDOW SIGNS - 12), SIGNS - CLASS 2 (ANIMATED SIGNS - 6)","status":"Released","date":"2026-02-09","communityCode":"BLN"}},{"type":"Feature","geometry":{"type":"Point","coordinates":[-114.04417026701309,51.05300864663992]},"properties":{"kind":"development","id":"DP2026-00704","title":"837 1 AV NE","description":"NEW: SIGN - CLASS B & D (FASCIA SIGN, PROJECTING SIGN)","status":"Released","date":"2026-02-09","communityCode":"BRD"}},{"type":"Feature","geometry":{"type":"Point","coordinates":[-114.08607792841008,51.053115648489985]},"properties":{"kind":"development","id":"DP2026-00589","title":"211 10 ST NW","description":"NEW: SIGN - CLASS B (FASCIA SIGN)","status":"Cancelled","date":"2026-02-03","communityCode":"HIL"}},{"type":"Feature","geometry":{"type":"Point","coordinates":[-114.0356211860568,51.0524586967684]},"properties":{"kind":"development","id":"DP2026-00561","title":"1230 CENTRE AV NE","description":"NEW: ROWHOUSE BUILDING (1 BUILDING), SECONDARY SUITE (3 SUITES), ACCESSORY RESIDENTIAL BUILDING (GARAGE)","status":"Pending Release","date":"2026-02-02","communityCode":"BRD"}},{"type":"Feature","geometry":{"type":"Point","coordinates":[-114.07197182827055,51.03794602072044]},"properties":{"kind":"development","id":"DP2026-00565","title":"508 17 AV SW","description":"ADDITION: RESTAURANT: LICENSED (MEZZANINE)","status":"Cancelled","date":"2026-02-02","communityCode":"BLN"}},{"type":"Feature","geometry":{"type":"Point","coordinates":[-114.08860369796594,51.054250960929835]},"properties":{"kind":"development","id":"DP2026-00555","title":"304 11 ST NW","description":"NEW: SINGLE DETACHED DWELLING","status":"Pending Release","date":"2026-02-01","communityCode":"HIL"}},{"type":"Feature","geometry":{"type":"Point","coordinates":[-114.0852136160004,51.03793262125422]},"properties":{"kind":"development","id":"DP2026-00544","title":"1012 17 AV SW","description":"TEMPORARY USE: SPECIAL FUNCTION - CLASS 2 (WHISKEY ROSE BEER GARDENS JULY 2 - 5, 2026)","status":"Released","date":"2026-01-30","communityCode":"BLN"}},{"type":"Feature","geometry":{"type":"Point","coordinates":[-114.09605835325482,51.05528919243992]},"properties":{"kind":"development","id":"DP2026-00514","title":"320 15 ST NW","description":"RELAXATION: WINDOW WELL (EXISTING) - PROJECTION INTO SIDE SETBACK","status":"Released","date":"2026-01-29","communityCode":"HIL"}},{"type":"Feature","geometry":{"type":"Point","coordinates":[-114.0428405806102,51.05588135662635]},"properties":{"kind":"development","id":"DP2026-00391","title":"438 8 ST NE","description":"NEW: SECONDARY SUITE (BASEMENT) - PARKING STALL WIDTH","status":"Released","date":"2026-01-23","communityCode":"BRD"}},{"type":"Feature","geometry":{"type":"Point","coordinates":[-114.09643200760117,51.05537746946964]},"properties":{"kind":"development","id":"DP2026-00325","title":"401 15 ST NW","description":"NEW: SINGLE DETACHED DWELLING, ACCESSORY RESIDENTIAL BUILDING (GARAGE)","status":"Released","date":"2026-01-20","communityCode":"HIL"}},{"type":"Feature","geometry":{"type":"Point","coordinates":[-114.09497024942289,51.051015144849146]},"properties":{"kind":"development","id":"DP2026-00277","title":"1601 BOWNESS RD NW","description":"NEW: ROWHOUSE BUILDING (1 BUILDING), TOWNHOUSE (1 BUILDING), SECONDARY SUITE (9 SUITES), ACCESSORY RESIDENTIAL BUILDING (GARAGE)","status":"Approved","date":"2026-01-19","communityCode":"HIL"}},{"type":"Feature","geometry":{"type":"Point","coordinates":[-114.0911985838468,51.04043194577896]},"properties":{"kind":"development","id":"DP2026-00227","title":"1238 14 AV SW","description":"NEW: MULTI-RESIDENTIAL DEVELOPMENT (1 BUILDING)","status":"Hold","date":"2026-01-15","communityCode":"BLN"}},{"type":"Feature","geometry":{"type":"Point","coordinates":[-114.07681666406131,51.041539274273134]},"properties":{"kind":"development","id":"DP2026-00129","title":"1209 6 ST SW","description":"CHANGES TO SITE PLAN: MULTI-RESIDENTIAL DEVELOPMENT (WASTE AND RECYCLING ENCLOSURE)","status":"Released","date":"2026-01-12","communityCode":"BLN"}},{"type":"Feature","geometry":{"type":"Point","coordinates":[-114.03875673656337,51.057842539846185]},"properties":{"kind":"development","id":"DP2026-00137","title":"1017 DRURY AV NE","description":"RELAXATION: SINGLE DETACHED DWELLING (EXISTING) - BUILDING SETBACK FROM FRONT PROPERTY LINE","status":"Released","date":"2026-01-12","communityCode":"BRD"}},{"type":"Feature","geometry":{"type":"Point","coordinates":[-114.09044624078115,51.056545577855985]},"properties":{"kind":"development","id":"DP2026-00107","title":"447 11A ST NW","description":"EXTERIOR RENOVATIONS: SINGLE DETACHED DWELLING (REPLACING WALLS, NEW PATIO DOOR)","status":"Released","date":"2026-01-09","communityCode":"HIL"}},{"type":"Feature","geometry":{"type":"Point","coordinates":[-114.06342629926881,51.042490790026996]},"properties":{"kind":"development","id":"DP2025-07423","title":"106 11 AV SW","description":"CHANGES TO SITE PLAN: PARKING LOT - GRADE (TEMPORARY)","status":"Hold","date":"2025-12-23","communityCode":"BLN"}},{"type":"Feature","geometry":{"type":"Point","coordinates":[-114.07681666406131,51.041539274273134]},"properties":{"kind":"development","id":"DP2025-07427","title":"1209 6 ST SW","description":"CHANGES TO SITE PLAN: MULTI-RESIDENTIAL DEVELOPMENT (REMOVAL OF GARBAGE ENCLOSURE)","status":"Cancelled","date":"2025-12-23","communityCode":"BLN"}},{"type":"Feature","geometry":{"type":"Point","coordinates":[-114.09957454465506,51.05262397987102]},"properties":{"kind":"development","id":"DP2025-07436","title":"1730 KENSINGTON RD NW","description":"NEW: TOWNHOUSE (1 BUILDING), SECONDARY SUITE (4 SUITES), ACCESSORY RESIDENTIAL BUILDING (GARAGE)","status":"Pending Appeal","date":"2025-12-23","communityCode":"HIL"}},{"type":"Feature","geometry":{"type":"Point","coordinates":[-114.04632193979906,51.04995130784589]},"properties":{"kind":"development","id":"DP2025-07446","title":"736 MCDOUGALL CO NE","description":"CHANGES TO SITE PLAN: APARTMENT BUILDING, CHILD CARE FACILITY (PARKING RECONFIGURATION & LANDSCAPING)","status":"Released","date":"2025-12-23","communityCode":"BRD"}},{"type":"Feature","geometry":{"type":"Point","coordinates":[-114.04102619916378,51.05017353488704]},"properties":{"kind":"development","id":"DP2025-07464","title":"950 MCPHERSON SQ NE","description":"RELAXATION: RETAIL AND CONSUMER SERVICE (CONVERSION OF BIKE STORAGE TO RETAIL WITH PARKING RELAXATION)","status":"Released","date":"2025-12-23","communityCode":"BRD"}},{"type":"Feature","geometry":{"type":"Point","coordinates":[-114.05728443407651,51.037279911629476]},"properties":{"kind":"development","id":"DP2025-07411","title":"1883 FLORES LADUE PR SE","description":"NEW: UTILITY BUILDINGS AND CHANGES TO SITE PLAN: (LANDSCAPE) ","status":"Released","date":"2025-12-22","communityCode":"BLN"}},{"type":"Feature","geometry":{"type":"Point","coordinates":[-114.09642988092108,51.05862518618484]},"properties":{"kind":"development","id":"DP2025-07417","title":"727 15 ST NW","description":"CHANGE OF USE: SINGLE DETACHED DWELLING; RELAXATION: WINDOW WELL (EXISTING) - PROJECTION INTO SIDE SETBACK","status":"Released","date":"2025-12-22","communityCode":"HIL"}},{"type":"Feature","geometry":{"type":"Point","coordinates":[-114.05062264430131,51.05596950001368]},"properties":{"kind":"development","id":"DP2025-07354","title":"625 4 AV NE","description":"NEW: SIGN - CLASS B (CANOPY SIGN)","status":"Released","date":"2025-12-19","communityCode":"BRD"}},{"type":"Feature","geometry":{"type":"Point","coordinates":[-114.09542451108142,51.051014711945314]},"properties":{"kind":"development","id":"DP2025-07319","title":"1611 BOWNESS RD NW","description":"NEW: TOWNHOUSE (1 BUILDING), SECONDARY SUITE (4 SUITES), ACCESSORY RESIDENTIAL BUILDING (GARAGE)","status":"Pending Release","date":"2025-12-17","communityCode":"HIL"}},{"type":"Feature","geometry":{"type":"Point","coordinates":[-114.09383621580463,51.052403984370066]},"properties":{"kind":"development","id":"DP2025-07322","title":"1421A KENSINGTON RD NW","description":"EXTERIOR RENOVATIONS: RETAIL AND CONSUMER SERVICE (WINDOW/DOOR SCREENING - 1 YEAR)","status":"Released","date":"2025-12-17","communityCode":"HIL"}},{"type":"Feature","geometry":{"type":"Point","coordinates":[-114.08903253265025,51.043301145091775]},"properties":{"kind":"development","id":"DP2025-07295","title":"1206 11 AV SW","description":"NEW: SIGN - CLASS D (CANOPY SIGNS - 2) - SIGNABLE AREA","status":"Released","date":"2025-12-16","communityCode":"BLN"}},{"type":"Feature","geometry":{"type":"Point","coordinates":[-114.09710885326733,51.05771423565983]},"properties":{"kind":"development","id":"DP2025-07231","title":"1610 6 AV NW","description":"NEW: ROWHOUSE BUILDING (1 BUILDING), SECONDARY SUITES (4 SUITES), ACCESSORY RESIDENTIAL BUILDING (GARAGE)","status":"Pending Release","date":"2025-12-14","communityCode":"HIL"}},{"type":"Feature","geometry":{"type":"Point","coordinates":[-114.07244368528504,51.059375488855814]},"properties":{"kind":"development","id":"DP2025-07206","title":"414 7 AV NW","description":"NEW: ROWHOUSE BUILDING (1 BUILDING), SEMI-DETACHED DWELLING (1 BUILDING), SECONDARY SUITE (6 SUITES), ACCESSORY RESIDENTIAL BUILDING (GARAGE)","status":"Pending Appeal","date":"2025-12-12","communityCode":"SSD"}},{"type":"Feature","geometry":{"type":"Point","coordinates":[-114.04102619916378,51.05017353488704]},"properties":{"kind":"development","id":"DP2025-07162","title":"950 MCPHERSON SQ NE","description":"CHANGE OF USE: RETAIL AND CONSUMER SERVICE (CONVERTING BIKE STORAGE TO RETAIL SPACE)","status":"Cancelled","date":"2025-12-11","communityCode":"BRD"}},{"type":"Feature","geometry":{"type":"Point","coordinates":[-114.09488955083977,51.05404375835801]},"properties":{"kind":"development","id":"DP2025-07167","title":"207 14 ST NW","description":"NEW: DWELLING UNIT, RETAIL AND CONSUMER SERVICE (1 BUILDING)","status":"Hold","date":"2025-12-11","communityCode":"HIL"}},{"type":"Feature","geometry":{"type":"Point","coordinates":[-114.04270116260523,51.05781869118452]},"properties":{"kind":"development","id":"DP2025-07187","title":"902 DRURY AV NE","description":"NEW: SINGLE DETACHED DWELLING (SOUTH PARCEL)","status":"Pending Appeal","date":"2025-12-11","communityCode":"BRD"}},{"type":"Feature","geometry":{"type":"Point","coordinates":[-114.04287411060082,51.05814675240447]},"properties":{"kind":"development","id":"DP2025-07188","title":"855 BRIDGE CR NE","description":"NEW: SINGLE DETACHED DWELLING (NORTH PARCEL)","status":"Under Review","date":"2025-12-11","communityCode":"BRD"}},{"type":"Feature","geometry":{"type":"Point","coordinates":[-114.04998722965485,51.05136567941884]},"properties":{"kind":"development","id":"DP2025-07160","title":"#110 12 EDMONTON TR NE","description":"TEMPORARY USE: CHILD CARE SERVICE (ROOFTOP OUTDOOR PLAY AREA - 2 YEARS); CHANGES TO SITE PLAN: CHILD CARE SERVICE (OUTDOOR PLAY AREA)","status":"Released","date":"2025-12-10","communityCode":"BRD"}},{"type":"Feature","geometry":{"type":"Point","coordinates":[-114.08171757299507,51.04373350090174]},"properties":{"kind":"development","id":"DP2025-07106","title":"901 10 AV SW","description":"CHANGES TO SITE PLAN: OFFICE, MULTI-RESIDENTIAL DEVELOPMENT, RETAIL AND CONSUMER SERVICE (PARKING RECONFIGURATION)","status":"Released","date":"2025-12-09","communityCode":"BLN"}},{"type":"Feature","geometry":{"type":"Point","coordinates":[-114.09339401042007,51.05661111416359]},"properties":{"kind":"development","id":"DP2025-06966","title":"437 13 ST NW","description":"ADDITION: SINGLE DETACHED DWELLING (SECOND STORY - REAR)","status":"Released","date":"2025-12-04","communityCode":"HIL"}},{"type":"Feature","geometry":{"type":"Point","coordinates":[-114.0943148505561,51.04431284216543]},"properties":{"kind":"development","id":"DP2025-06982","title":"#120 1400 10 AV SW","description":"NEW: SIGN - CLASS B (FASCIA SIGNS - 2)","status":"Released","date":"2025-12-04","communityCode":"BLN"}},{"type":"Feature","geometry":{"type":"Point","coordinates":[-114.06026776190997,51.039993313831594]},"properties":{"kind":"development","id":"DP2025-06916","title":"#3006 211 13 AV SE","description":"REVISION: APARTMENT BUILDING (MEZZANINE)","status":"Cancelled - Pending Refund","date":"2025-12-03","communityCode":"BLN"}},{"type":"Feature","geometry":{"type":"Point","coordinates":[-114.04150545943175,51.055029073781625]},"properties":{"kind":"development","id":"DP2025-06813","title":"408 8A ST NE","description":"NEW: SINGLE DETACHED DWELLING, ACCESSORY RESIDENTIAL BUILDING (GARAGE)","status":"Released","date":"2025-12-01","communityCode":"BRD"}},{"type":"Feature","geometry":{"type":"Point","coordinates":[-114.03132038247963,51.0534802616057]},"properties":{"kind":"development","id":"DP2025-06838","title":"209 THOMSON AV NE","description":"NEW: SINGLE DETACHED DWELLING","status":"Pending Release","date":"2025-12-01","communityCode":"BRD"}},{"type":"Feature","geometry":{"type":"Point","coordinates":[-114.07646556047655,51.04150310505165]},"properties":{"kind":"development","id":"DP2025-06729","title":"1200 6 ST SW","description":"NEW: SIGN - CLASS C (FREESTANDING SIGN)","status":"Released","date":"2025-11-27","communityCode":"BLN"}},{"type":"Feature","geometry":{"type":"Point","coordinates":[-114.07588657705007,51.04285643807785]},"properties":{"kind":"development","id":"DP2025-06771","title":"#101 638 11 AV SW","description":"CHANGE OF USE: INSTRUCTIONAL FACILITY","status":"Cancelled - Pending Refund","date":"2025-11-27","communityCode":"BLN"}},{"type":"Feature","geometry":{"type":"Point","coordinates":[-114.0860508203081,51.052826558976996]},"properties":{"kind":"development","id":"DP2025-06692","title":"#1 201 10 ST NW","description":"CHANGE OF USE: RESTAURANT: FOOD SERVICE ONLY","status":"Released","date":"2025-11-26","communityCode":"HIL"}},{"type":"Feature","geometry":{"type":"Point","coordinates":[-114.09137447880819,51.05096032407634]},"properties":{"kind":"development","id":"DP2025-06670","title":"#1 1230 MEMORIAL DR NW","description":"TEMPORARY USE: HOME OCCUPATION - CLASS 2 (MASSAGE THERAPY - 5 YEARS)","status":"Released","date":"2025-11-25","communityCode":"HIL"}},{"type":"Feature","geometry":{"type":"Point","coordinates":[-114.09490010491203,51.05485282464259]},"properties":{"kind":"development","id":"DP2025-06690","title":"#406 301 14 ST NW","description":"CHANGE OF USE: RETAIL AND CONSUMER SERVICE","status":"Cancelled","date":"2025-11-25","communityCode":"HIL"}},{"type":"Feature","geometry":{"type":"Point","coordinates":[-114.0736768959402,51.037992370198346]},"properties":{"kind":"development","id":"DP2025-06592","title":"534 17 AV SW","description":"ADDITION: DWELLING UNIT (1 BUILDING), DRINKING ESTABLISHMENT - MEDIUM, RETAIL AND CONSUMER SERVICE, EXTERIOR RENOVATIONS: MULTI-USE COMMERCIAL (REFURBISH BUILDING FACADE)","status":"Hold","date":"2025-11-21","communityCode":"BLN"}},{"type":"Feature","geometry":{"type":"Point","coordinates":[-114.0418722475058,51.05388443493311]},"properties":{"kind":"development","id":"DP2025-06594","title":"215 8A ST NE","description":"NEW: SINGLE DETACHED DWELLING, ACCESSORY RESIDENTIAL BUILDING (GARAGE)","status":"Released","date":"2025-11-21","communityCode":"BRD"}},{"type":"Feature","geometry":{"type":"Point","coordinates":[-114.09605625538273,51.05474400361863]},"properties":{"kind":"development","id":"DP2025-06598","title":"#406 301 14 ST NW","description":"CHANGE OF USE: OFFICE","status":"Cancelled","date":"2025-11-21","communityCode":"HIL"}},{"type":"Feature","geometry":{"type":"Point","coordinates":[-114.05050011121142,51.052358823317135]},"properties":{"kind":"development","id":"DP2025-06604","title":"#203 65 EDMONTON TR NE","description":"NEW: SIGN - CLASS B (FASCIA SIGNS - 2)","status":"Released","date":"2025-11-21","communityCode":"BRD"}},{"type":"Feature","geometry":{"type":"Point","coordinates":[-114.08416678644387,51.04308192170138]},"properties":{"kind":"development","id":"DP2025-06580","title":"1002 11 AV SW","description":"TEMPORARY USE: SIGN - CLASS F (THIRD PARTY ADVERTISING SIGN - 5 YEARS)","status":"Released","date":"2025-11-20","communityCode":"BLN"}},{"type":"Feature","geometry":{"type":"Point","coordinates":[-114.03122216409513,51.053372411244]},"properties":{"kind":"development","id":"DP2025-06585","title":"205 THOMSON AV NE","description":"NEW: SINGLE DETACHED DWELLING","status":"Hold","date":"2025-11-20","communityCode":"BRD"}},{"type":"Feature","geometry":{"type":"Point","coordinates":[-114.087922371396,51.03794171721401]},"properties":{"kind":"development","id":"DP2025-06373","title":"1112 17 AV SW","description":"NEW: DWELLING UNITS, RETAIL AND CONSUMER SERVICE (1 BUILDING)","status":"Hold","date":"2025-11-12","communityCode":"BLN"}},{"type":"Feature","geometry":{"type":"Point","coordinates":[-114.09006972476479,51.05530471215543]},"properties":{"kind":"development","id":"DP2025-06334","title":"404 11A ST NW","description":"NEW: SEMI-DETACHED DWELLING","status":"Pending Release","date":"2025-11-10","communityCode":"HIL"}},{"type":"Feature","geometry":{"type":"Point","coordinates":[-114.03485547428261,51.05424128344927]},"properties":{"kind":"development","id":"DP2025-06269","title":"230 11A ST NE","description":"CHANGE OF USE: SINGLE DETACHED DWELLING (EXISTING), RELAXATION: DECK (EXISTING) - PROJECTION INTO SIDE SETBACK","status":"Released","date":"2025-11-06","communityCode":"BRD"}},{"type":"Feature","geometry":{"type":"Point","coordinates":[-114.08664196213601,51.05547503336603]},"properties":{"kind":"development","id":"DP2025-06181","title":"405 10 ST NW","description":"CHANGE OF USE: RESTAURANT: FOOD SERVICE ONLY","status":"Released","date":"2025-10-31","communityCode":"HIL"}},{"type":"Feature","geometry":{"type":"Point","coordinates":[-114.04894706480106,51.05202588438611]},"properties":{"kind":"development","id":"DP2025-06154","title":"650 MEREDITH RD NE","description":"CHANGE OF USE: MULTI-RESIDENTIAL DEVELOPMENT (1 ADDITIONAL DWELLING UNIT)","status":"Released","date":"2025-10-30","communityCode":"BRD"}},{"type":"Feature","geometry":{"type":"Point","coordinates":[-114.07454167571967,51.05941346383456]},"properties":{"kind":"development","id":"DP2025-06015","title":"901 5 ST NW","description":"TEMPORARY USE: HOME OCCUPATION - CLASS 2 (PHOTOGRAPHER - 18 MONTHS)","status":"Released","date":"2025-10-23","communityCode":"SSD"}},{"type":"Feature","geometry":{"type":"Point","coordinates":[-114.0522738358569,51.040977044299424]},"properties":{"kind":"development","id":"DP2025-06029","title":"519 12 AV SE","description":"TEMPORARY USE: SIGNS - CLASS 2 (DIGITAL MEDIA BOARDS - 2, APRIL 1, 2027-APRIL 1, 2030)","status":"Released","date":"2025-10-23","communityCode":"BLN"}},{"type":"Feature","geometry":{"type":"Point","coordinates":[-114.07696827330179,51.04262401126366]},"properties":{"kind":"development","id":"DP2025-05974","title":"705 11 AV SW","description":"NEW: SIGN - CLASS B (FASCIA SIGN)","status":"Cancelled","date":"2025-10-22","communityCode":"BLN"}},{"type":"Feature","geometry":{"type":"Point","coordinates":[-114.0857669939612,51.05778904740483]},"properties":{"kind":"development","id":"DP2025-06000","title":"628 10 ST NW","description":"NEW: DWELLING UNITS (1 BUILDING)","status":"Hold","date":"2025-10-22","communityCode":"SSD"}},{"type":"Feature","geometry":{"type":"Point","coordinates":[-114.03618797003298,51.05502194117678]},"properties":{"kind":"development","id":"DP2025-05963","title":"406 11 ST NE","description":"NEW: SECONDARY SUITE (BASEMENT) - AVPA","status":"Released","date":"2025-10-21","communityCode":"BRD"}},{"type":"Feature","geometry":{"type":"Point","coordinates":[-114.03256180088121,51.053475427510044]},"properties":{"kind":"development","id":"DP2025-05935","title":"203 12A ST NE","description":"NEW: SEMI-DETACHED DWELLING, SINGLE DETACHED DWELLING, SECONDARY SUITE (BASEMENT - 3), ACCESSORY RESIDENTIAL BUILDING (GARAGE)","status":"Pending Release","date":"2025-10-20","communityCode":"BRD"}},{"type":"Feature","geometry":{"type":"Point","coordinates":[-114.09643780251368,51.05908746669496]},"properties":{"kind":"development","id":"DP2025-05902","title":"815 15 ST NW","description":"NEW: SINGLE DETACHED DWELLING","status":"Released","date":"2025-10-17","communityCode":"HIL"}},{"type":"Feature","geometry":{"type":"Point","coordinates":[-114.08153430195027,51.03880369127592]},"properties":{"kind":"development","id":"DP2025-05810","title":"#201 1508 8 ST SW","description":"NEW: SIGN - CLASS B (FASCIA SIGNS - 7)","status":"Released","date":"2025-10-10","communityCode":"BLN"}},{"type":"Feature","geometry":{"type":"Point","coordinates":[-114.05648760226882,51.04136885226089]},"properties":{"kind":"development","id":"DP2025-05775","title":"334 12 AV SE","description":"TEMPORARY USE: PARKING LOT - GRADE (3 YEARS), CHANGES TO SITE PLAN: PARKING LOT - GRADE (PARKING RECONFIGURATION) ","status":"Released","date":"2025-10-09","communityCode":"BLN"}},{"type":"Feature","geometry":{"type":"Point","coordinates":[-114.09104127274398,51.057206705126504]},"properties":{"kind":"development","id":"DP2025-05777","title":"#1701 1234 5 AV NW","description":"ADDITION: MULTI-RESIDENTIAL DEVELOPMENT (ENCLOSED SUNROOM)","status":"Cancelled","date":"2025-10-09","communityCode":"HIL"}},{"type":"Feature","geometry":{"type":"Point","coordinates":[-114.09008268321462,51.056300709011964]},"properties":{"kind":"development","id":"DP2025-05561","title":"432 11A ST NW","description":"NEW: SINGLE DETACHED DWELLING, ACCESSORY RESIDENTIAL BUILDING (GARAGE)","status":"Released","date":"2025-09-26","communityCode":"HIL"}},{"type":"Feature","geometry":{"type":"Point","coordinates":[-114.05057568583312,51.05478997953363]},"properties":{"kind":"development","id":"DP2025-05567","title":"618 2 AV NE","description":"CHANGES TO SITE PLAN: PLACE OF WORSHIP - SMALL (BUILDING FACADE AND ENTRANCE)","status":"Released","date":"2025-09-26","communityCode":"BRD"}},{"type":"Feature","geometry":{"type":"Point","coordinates":[-114.05368987770328,51.04165962255843]},"properties":{"kind":"development","id":"DP2025-05444","title":"1129 OLYMPIC WY SE","description":"NEW: SIGN - CLASS B (FASCIA SIGN)","status":"Released","date":"2025-09-22","communityCode":"BLN"}},{"type":"Feature","geometry":{"type":"Point","coordinates":[-114.07951024854218,51.039869435416435]},"properties":{"kind":"development","id":"DP2025-05449","title":"805 14 AV SW","description":"CHANGES TO SITE PLAN: WASTE AND RECYCLING ENCLOSURE, VEHICLE AND BICYCLE PARKING CONFIGURATION, LANDSCAPE","status":"Released","date":"2025-09-22","communityCode":"BLN"}},{"type":"Feature","geometry":{"type":"Point","coordinates":[-114.08363014000348,51.05509066912541]},"properties":{"kind":"development","id":"DP2025-05400","title":"305 9 ST NW","description":"NEW: MULTI-RESIDENTIAL DEVELOPMENT (1 BUILDING)","status":"Released","date":"2025-09-18","communityCode":"SSD"}},{"type":"Feature","geometry":{"type":"Point","coordinates":[-114.04053993810359,51.05696686725848]},"properties":{"kind":"development","id":"DP2025-05403","title":"523 9 ST NE","description":"NEW: TOWNHOUSE (1 BUILDING)","status":"Released","date":"2025-09-18","communityCode":"BRD"}},{"type":"Feature","geometry":{"type":"Point","coordinates":[-114.06073646993094,51.039345809779185]},"properties":{"kind":"development","id":"DP2025-05359","title":"#100 1410 1 ST SE","description":"TEMPORARY USE: MULTI-USE COMMERCIAL (PLANTERS & FENCE) - 5 YEARS","status":"Released","date":"2025-09-17","communityCode":"BLN"}},{"type":"Feature","geometry":{"type":"Point","coordinates":[-114.05057568583312,51.05478997953363]},"properties":{"kind":"development","id":"DP2025-05352","title":"618 2 AV NE","description":"CHANGES TO SITE PLAN: PLACE OF WORSHIP - SMALL (REFURBISH BUILDING FACADE)","status":"Cancelled","date":"2025-09-16","communityCode":"BRD"}},{"type":"Feature","geometry":{"type":"Point","coordinates":[-114.0544405,51.0577372]},"properties":{"kind":"transit","id":"2024","title":"SB Edmonton TR @ 6 AV NE","description":"Calgary Transit stop 2024","status":"ACTIVE","date":"2026-08-18","communityCode":""}},{"type":"Feature","geometry":{"type":"Point","coordinates":[-114.0651529,51.0609977]},"properties":{"kind":"transit","id":"2025","title":"Crescent Heights High School","description":"Calgary Transit stop 2025","status":"ACTIVE","date":"2026-08-18","communityCode":""}},{"type":"Feature","geometry":{"type":"Point","coordinates":[-114.0788386,51.0470606]},"properties":{"kind":"transit","id":"2030","title":"SB 7 ST SW @ 7 AVE SW","description":"Calgary Transit stop 2030","status":"ACTIVE","date":"2026-08-18","communityCode":""}},{"type":"Feature","geometry":{"type":"Point","coordinates":[-114.0584458,51.0325661]},"properties":{"kind":"transit","id":"2306","title":"SB 2A ST SE @ N. of 25 AV SE","description":"Calgary Transit stop 2306","status":"ACTIVE","date":"2026-08-18","communityCode":""}},{"type":"Feature","geometry":{"type":"Point","coordinates":[-114.0860643,51.0562449]},"properties":{"kind":"transit","id":"2309","title":"SB 10 ST NW @ S.of Gladstone RD","description":"Calgary Transit stop 2309","status":"ACTIVE","date":"2026-08-18","communityCode":""}},{"type":"Feature","geometry":{"type":"Point","coordinates":[-114.1055044,51.0542593]},"properties":{"kind":"transit","id":"2349","title":"NB 19 ST NW @ 2 AV NW","description":"Calgary Transit stop 2349","status":"ACTIVE","date":"2026-08-18","communityCode":""}},{"type":"Feature","geometry":{"type":"Point","coordinates":[-114.0628691,51.0495024]},"properties":{"kind":"transit","id":"2371","title":"SB Centre St S @ 4 Ave SW","description":"Calgary Transit stop 2371","status":"ACTIVE","date":"2026-08-18","communityCode":""}},{"type":"Feature","geometry":{"type":"Point","coordinates":[-114.0830992,51.0480854]},"properties":{"kind":"transit","id":"2377","title":"WB 6 AV SW @ 9 ST SW","description":"Calgary Transit stop 2377","status":"ACTIVE","date":"2026-08-18","communityCode":""}},{"type":"Feature","geometry":{"type":"Point","coordinates":[-114.0655646,51.0472936]},"properties":{"kind":"transit","id":"2491","title":"SB 1 ST @ 6 AV SW","description":"Calgary Transit stop 2491","status":"ACTIVE","date":"2026-08-18","communityCode":""}},{"type":"Feature","geometry":{"type":"Point","coordinates":[-114.0555084,51.0454555]},"properties":{"kind":"transit","id":"2653","title":"NB 3 ST @ 7 AV SE","description":"Calgary Transit stop 2653","status":"ACTIVE","date":"2026-08-18","communityCode":""}},{"type":"Feature","geometry":{"type":"Point","coordinates":[-114.0540432,51.0470476]},"properties":{"kind":"transit","id":"2902","title":"EB 6 AV SE @ 3 ST SE","description":"Calgary Transit stop 2902","status":"ACTIVE","date":"2026-08-18","communityCode":""}},{"type":"Feature","geometry":{"type":"Point","coordinates":[-114.0503236,51.0469285]},"properties":{"kind":"transit","id":"2903","title":"EB 6 AV SE @ 5 ST SE","description":"Calgary Transit stop 2903","status":"ACTIVE","date":"2026-08-18","communityCode":""}},{"type":"Feature","geometry":{"type":"Point","coordinates":[-114.0487999,51.0442311]},"properties":{"kind":"transit","id":"3389","title":"WB 9 AV @ 6 ST SE","description":"Calgary Transit stop 3389","status":"ACTIVE","date":"2026-08-18","communityCode":""}},{"type":"Feature","geometry":{"type":"Point","coordinates":[-114.0654743,51.0466688]},"properties":{"kind":"transit","id":"3392","title":"1st Street SW","description":"Calgary Transit stop 3392","status":"ACTIVE","date":"2026-08-18","communityCode":""}},{"type":"Feature","geometry":{"type":"Point","coordinates":[-114.0885327,51.0465912]},"properties":{"kind":"transit","id":"3450","title":"NB 11 ST SW @ 8 AV SW","description":"Calgary Transit stop 3450","status":"ACTIVE","date":"2026-08-18","communityCode":""}},{"type":"Feature","geometry":{"type":"Point","coordinates":[-114.0836783,51.0548326]},"properties":{"kind":"transit","id":"3479","title":"WB 2 AV @ 9 ST NW","description":"Calgary Transit stop 3479","status":"ACTIVE","date":"2026-08-18","communityCode":""}},{"type":"Feature","geometry":{"type":"Point","coordinates":[-114.0893542,51.0704813]},"properties":{"kind":"transit","id":"3480","title":"EB 20 AV @ 12 ST NW","description":"Calgary Transit stop 3480","status":"ACTIVE","date":"2026-08-18","communityCode":""}},{"type":"Feature","geometry":{"type":"Point","coordinates":[-114.1002118,51.0448624]},"properties":{"kind":"transit","id":"3636","title":"WB Sunalta CTrain Station","description":"Calgary Transit stop 3636","status":"ACTIVE","date":"2026-08-18","communityCode":""}},{"type":"Feature","geometry":{"type":"Point","coordinates":[-114.0988326,51.044579]},"properties":{"kind":"transit","id":"3637","title":"EB Sunalta CTrain Station","description":"Calgary Transit stop 3637","status":"ACTIVE","date":"2026-08-18","communityCode":""}},{"type":"Feature","geometry":{"type":"Point","coordinates":[-114.0877117,51.0472372]},"properties":{"kind":"transit","id":"3638","title":"WB Downtown-West Kerby Station (Free Fare Zone)","description":"Calgary Transit stop 3638","status":"ACTIVE","date":"2026-08-18","communityCode":""}},{"type":"Feature","geometry":{"type":"Point","coordinates":[-114.0876984,51.0471298]},"properties":{"kind":"transit","id":"3639","title":"EB Downtown West-Kerby Station (Free Fare Zone)","description":"Calgary Transit stop 3639","status":"ACTIVE","date":"2026-08-18","communityCode":""}},{"type":"Feature","geometry":{"type":"Point","coordinates":[-114.0687417,51.0414997]},"properties":{"kind":"transit","id":"3788","title":"EB 12 AV SW @ 2 ST SW","description":"Calgary Transit stop 3788","status":"ACTIVE","date":"2026-08-18","communityCode":""}},{"type":"Feature","geometry":{"type":"Point","coordinates":[-114.093008,51.0442381]},"properties":{"kind":"transit","id":"3791","title":"WB 10 AV @ E. of 14 ST SW","description":"Calgary Transit stop 3791","status":"ACTIVE","date":"2026-08-18","communityCode":""}},{"type":"Feature","geometry":{"type":"Point","coordinates":[-114.0997422,51.0444073]},"properties":{"kind":"transit","id":"3792","title":"Sunalta LRT Station WB","description":"Calgary Transit stop 3792","status":"ACTIVE","date":"2026-08-18","communityCode":""}},{"type":"Feature","geometry":{"type":"Point","coordinates":[-114.0600524,51.0493857]},"properties":{"kind":"transit","id":"3880","title":"WB 4 AV SE @ 1 ST SE","description":"Calgary Transit stop 3880","status":"ACTIVE","date":"2026-08-18","communityCode":""}},{"type":"Feature","geometry":{"type":"Point","coordinates":[-114.0739225,51.046906]},"properties":{"kind":"transit","id":"3882","title":"SB 5 ST SW @ 7 AV SW","description":"Calgary Transit stop 3882","status":"ACTIVE","date":"2026-08-18","communityCode":""}},{"type":"Feature","geometry":{"type":"Point","coordinates":[-114.068954,51.0446892]},"properties":{"kind":"transit","id":"3883","title":"EB 9 AV SW @ 2 ST SW","description":"Calgary Transit stop 3883","status":"ACTIVE","date":"2026-08-18","communityCode":""}},{"type":"Feature","geometry":{"type":"Point","coordinates":[-114.0623586,51.0445145]},"properties":{"kind":"transit","id":"3884","title":"EB 9 AV S @ Centre ST S","description":"Calgary Transit stop 3884","status":"ACTIVE","date":"2026-08-18","communityCode":""}},{"type":"Feature","geometry":{"type":"Point","coordinates":[-114.0486797,51.0439906]},"properties":{"kind":"transit","id":"3886","title":"EB 9 AV SE @ 6 ST SE","description":"Calgary Transit stop 3886","status":"ACTIVE","date":"2026-08-18","communityCode":""}},{"type":"Feature","geometry":{"type":"Point","coordinates":[-114.0410283,51.0431484]},"properties":{"kind":"transit","id":"3887","title":"EB 9 AV SE @ 8 ST SE","description":"Calgary Transit stop 3887","status":"ACTIVE","date":"2026-08-18","communityCode":""}},{"type":"Feature","geometry":{"type":"Point","coordinates":[-114.057965,51.0464988]},"properties":{"kind":"transit","id":"3905","title":"NB Macleod TR @ 7 AVE SE","description":"Calgary Transit stop 3905","status":"ACTIVE","date":"2026-08-18","communityCode":""}},{"type":"Feature","geometry":{"type":"Point","coordinates":[-114.0626016,51.0496927]},"properties":{"kind":"transit","id":"3911","title":"NB Centre ST S @ 4 AV S","description":"Calgary Transit stop 3911","status":"ACTIVE","date":"2026-08-18","communityCode":""}},{"type":"Feature","geometry":{"type":"Point","coordinates":[-114.0486293,51.0439749]},"properties":{"kind":"transit","id":"3917","title":"EB 9 AV SE @ 6 ST SE","description":"Calgary Transit stop 3917","status":"ACTIVE","date":"2026-08-18","communityCode":""}},{"type":"Feature","geometry":{"type":"Point","coordinates":[-114.0826886,51.0488739]},"properties":{"kind":"transit","id":"3944","title":"EB 5 AV SW @ 9 ST SW","description":"Calgary Transit stop 3944","status":"ACTIVE","date":"2026-08-18","communityCode":""}},{"type":"Feature","geometry":{"type":"Point","coordinates":[-114.0406334,51.0532118]},"properties":{"kind":"transit","id":"4157","title":"EB 1 AV NE @ 8A ST NE","description":"Calgary Transit stop 4157","status":"ACTIVE","date":"2026-08-18","communityCode":""}},{"type":"Feature","geometry":{"type":"Point","coordinates":[-114.0403061,51.0506679]},"properties":{"kind":"transit","id":"4271","title":"NB 9 ST NE @ McDougall RD","description":"Calgary Transit stop 4271","status":"ACTIVE","date":"2026-08-18","communityCode":""}},{"type":"Feature","geometry":{"type":"Point","coordinates":[-114.0418236,51.0398494]},"properties":{"kind":"transit","id":"4542","title":"SB 8 ST SE @ 11 AV SE","description":"Calgary Transit stop 4542","status":"ACTIVE","date":"2026-08-18","communityCode":""}},{"type":"Feature","geometry":{"type":"Point","coordinates":[-114.0626072,51.0491531]},"properties":{"kind":"transit","id":"4556","title":"NB Centre ST S @ 4 AV S","description":"Calgary Transit stop 4556","status":"ACTIVE","date":"2026-08-18","communityCode":""}},{"type":"Feature","geometry":{"type":"Point","coordinates":[-114.0761447,51.0467404]},"properties":{"kind":"transit","id":"4567","title":"NB 6 ST SW @ 7 AV SW","description":"Calgary Transit stop 4567","status":"ACTIVE","date":"2026-08-18","communityCode":""}},{"type":"Feature","geometry":{"type":"Point","coordinates":[-114.0842797,51.0451268]},"properties":{"kind":"transit","id":"4568","title":"EB 9 AV SW @ 9 ST SW","description":"Calgary Transit stop 4568","status":"ACTIVE","date":"2026-08-18","communityCode":""}},{"type":"Feature","geometry":{"type":"Point","coordinates":[-114.0744617,51.0478586]},"properties":{"kind":"transit","id":"4582","title":"WB 6 AV SW @ 5 ST SW","description":"Calgary Transit stop 4582","status":"ACTIVE","date":"2026-08-18","communityCode":""}},{"type":"Feature","geometry":{"type":"Point","coordinates":[-114.0687081,51.0476783]},"properties":{"kind":"transit","id":"4583","title":"WB 6 AV SW @ 2 ST SW","description":"Calgary Transit stop 4583","status":"ACTIVE","date":"2026-08-18","communityCode":""}},{"type":"Feature","geometry":{"type":"Point","coordinates":[-114.0434987,51.0596897]},"properties":{"kind":"transit","id":"4610","title":"WB 8 AV NE @ Remington RD","description":"Calgary Transit stop 4610","status":"ACTIVE","date":"2026-08-18","communityCode":""}},{"type":"Feature","geometry":{"type":"Point","coordinates":[-114.0413719,51.0596898]},"properties":{"kind":"transit","id":"4611","title":"WB 8 AV NE @ Russet RD","description":"Calgary Transit stop 4611","status":"ACTIVE","date":"2026-08-18","communityCode":""}},{"type":"Feature","geometry":{"type":"Point","coordinates":[-114.0372536,51.0609256]},"properties":{"kind":"transit","id":"4612","title":"SB Regal CR @ Radford RD NE","description":"Calgary Transit stop 4612","status":"ACTIVE","date":"2026-08-18","communityCode":""}},{"type":"Feature","geometry":{"type":"Point","coordinates":[-114.0986898,51.0423663]},"properties":{"kind":"transit","id":"4620","title":"EB 12 AV SW @ 16 ST SW","description":"Calgary Transit stop 4620","status":"ACTIVE","date":"2026-08-18","communityCode":""}},{"type":"Feature","geometry":{"type":"Point","coordinates":[-114.0817145,51.0364547]},"properties":{"kind":"transit","id":"4679","title":"NB 8 ST SW @ 19 AV SW","description":"Calgary Transit stop 4679","status":"ACTIVE","date":"2026-08-18","communityCode":""}},{"type":"Feature","geometry":{"type":"Point","coordinates":[-114.0819431,51.0357678]},"properties":{"kind":"transit","id":"4711","title":"SB 8 ST SW @ 19 AV SW","description":"Calgary Transit stop 4711","status":"ACTIVE","date":"2026-08-18","communityCode":""}},{"type":"Feature","geometry":{"type":"Point","coordinates":[-114.0722316,51.0427206]},"properties":{"kind":"transit","id":"4712","title":"WB 11 AV SW @ 4 ST SW","description":"Calgary Transit stop 4712","status":"ACTIVE","date":"2026-08-18","communityCode":""}},{"type":"Feature","geometry":{"type":"Point","coordinates":[-114.0468139,51.053308]},"properties":{"kind":"transit","id":"4759","title":"WB 1 AV NE @ 7 ST NE","description":"Calgary Transit stop 4759","status":"ACTIVE","date":"2026-08-18","communityCode":""}},{"type":"Feature","geometry":{"type":"Point","coordinates":[-114.0436189,51.0533243]},"properties":{"kind":"transit","id":"4760","title":"WB 1 AV NE @ 8 ST NE","description":"Calgary Transit stop 4760","status":"ACTIVE","date":"2026-08-18","communityCode":""}},{"type":"Feature","geometry":{"type":"Point","coordinates":[-114.0414316,51.0532941]},"properties":{"kind":"transit","id":"4761","title":"WB 1 AV NE @ 9 ST NE","description":"Calgary Transit stop 4761","status":"ACTIVE","date":"2026-08-18","communityCode":""}},{"type":"Feature","geometry":{"type":"Point","coordinates":[-114.0496689,51.0533424]},"properties":{"kind":"transit","id":"4762","title":"WB 1 AV NE @ Edmonton TR","description":"Calgary Transit stop 4762","status":"ACTIVE","date":"2026-08-18","communityCode":""}},{"type":"Feature","geometry":{"type":"Point","coordinates":[-114.0343294,51.0533047]},"properties":{"kind":"transit","id":"4763","title":"WB 1 AV NE @ 12 ST NE","description":"Calgary Transit stop 4763","status":"ACTIVE","date":"2026-08-18","communityCode":""}},{"type":"Feature","geometry":{"type":"Point","coordinates":[-114.042589,51.041272]},"properties":{"kind":"transit","id":"4789","title":"WB MacDonald AV @ 8 ST SE","description":"Calgary Transit stop 4789","status":"ACTIVE","date":"2026-08-18","communityCode":""}},{"type":"Feature","geometry":{"type":"Point","coordinates":[-114.0417003,51.04044]},"properties":{"kind":"transit","id":"4790","title":"NB 8 ST SE @ 11 AV SE","description":"Calgary Transit stop 4790","status":"ACTIVE","date":"2026-08-18","communityCode":""}},{"type":"Feature","geometry":{"type":"Point","coordinates":[-114.0153227,51.0523707]},"properties":{"kind":"transit","id":"4792","title":"EB Centre AV @ 16 ST E","description":"Calgary Transit stop 4792","status":"ACTIVE","date":"2026-08-18","communityCode":""}},{"type":"Feature","geometry":{"type":"Point","coordinates":[-114.0818502,51.0397412]},"properties":{"kind":"transit","id":"4849","title":"SB 8 ST SW @ 14 AV SW","description":"Calgary Transit stop 4849","status":"ACTIVE","date":"2026-08-18","communityCode":""}},{"type":"Feature","geometry":{"type":"Point","coordinates":[-114.0815093,51.0403983]},"properties":{"kind":"transit","id":"4850","title":"NB 8 ST SW @ 14 AV SW","description":"Calgary Transit stop 4850","status":"ACTIVE","date":"2026-08-18","communityCode":""}},{"type":"Feature","geometry":{"type":"Point","coordinates":[-114.0714494,51.0650622]},"properties":{"kind":"transit","id":"4851","title":"NB 4 ST NW @ 13 AV NW","description":"Calgary Transit stop 4851","status":"ACTIVE","date":"2026-08-18","communityCode":""}},{"type":"Feature","geometry":{"type":"Point","coordinates":[-114.0714433,51.0638028]},"properties":{"kind":"transit","id":"4852","title":"NB 4 ST NW @ 12 AV NW","description":"Calgary Transit stop 4852","status":"ACTIVE","date":"2026-08-18","communityCode":""}},{"type":"Feature","geometry":{"type":"Point","coordinates":[-114.067883,51.0634436]},"properties":{"kind":"transit","id":"4853","title":"WB 12 AV NW @ 2 ST NW","description":"Calgary Transit stop 4853","status":"ACTIVE","date":"2026-08-18","communityCode":""}},{"type":"Feature","geometry":{"type":"Point","coordinates":[-114.0669783,51.063304]},"properties":{"kind":"transit","id":"4854","title":"EB 12 AV NW @ 2 ST NW","description":"Calgary Transit stop 4854","status":"ACTIVE","date":"2026-08-18","communityCode":""}},{"type":"Feature","geometry":{"type":"Point","coordinates":[-114.0716569,51.0651664]},"properties":{"kind":"transit","id":"4856","title":"SB 4 ST NW @ 14 AV NW","description":"Calgary Transit stop 4856","status":"ACTIVE","date":"2026-08-18","communityCode":""}},{"type":"Feature","geometry":{"type":"Point","coordinates":[-114.0954422,51.0525829]},"properties":{"kind":"transit","id":"5008","title":"WB Kensington RD @ 14 ST NW","description":"Calgary Transit stop 5008","status":"ACTIVE","date":"2026-08-18","communityCode":""}},{"type":"Feature","geometry":{"type":"Point","coordinates":[-114.0986242,51.05259]},"properties":{"kind":"transit","id":"5009","title":"WB Kensington RD @ 16 ST NW","description":"Calgary Transit stop 5009","status":"ACTIVE","date":"2026-08-18","communityCode":""}},{"type":"Feature","geometry":{"type":"Point","coordinates":[-114.0973918,51.0524425]},"properties":{"kind":"transit","id":"5043","title":"EB Kensington RD @ 16 ST NW","description":"Calgary Transit stop 5043","status":"ACTIVE","date":"2026-08-18","communityCode":""}},{"type":"Feature","geometry":{"type":"Point","coordinates":[-114.0940657,51.0524587]},"properties":{"kind":"transit","id":"5044","title":"EB Kensington RD @ 14 ST NW","description":"Calgary Transit stop 5044","status":"ACTIVE","date":"2026-08-18","communityCode":""}},{"type":"Feature","geometry":{"type":"Point","coordinates":[-114.0898566,51.0524438]},"properties":{"kind":"transit","id":"5045","title":"EB Kensington RD @ Kensington CR NW","description":"Calgary Transit stop 5045","status":"ACTIVE","date":"2026-08-18","communityCode":""}},{"type":"Feature","geometry":{"type":"Point","coordinates":[-114.0826886,51.0488739]},"properties":{"kind":"transit","id":"5048","title":"EB 5 AV SW @ 9 ST SW","description":"Calgary Transit stop 5048","status":"ACTIVE","date":"2026-08-18","communityCode":""}},{"type":"Feature","geometry":{"type":"Point","coordinates":[-114.103092,51.052575]},"properties":{"kind":"transit","id":"5051","title":"WB Kensington RD @ 18 ST NW","description":"Calgary Transit stop 5051","status":"ACTIVE","date":"2026-08-18","communityCode":""}},{"type":"Feature","geometry":{"type":"Point","coordinates":[-114.0484904,51.0447225]},"properties":{"kind":"transit","id":"5056","title":"SB 6 ST SE @ 8 AV SE","description":"Calgary Transit stop 5056","status":"ACTIVE","date":"2026-08-18","communityCode":""}},{"type":"Feature","geometry":{"type":"Point","coordinates":[-114.0409391,51.0431156]},"properties":{"kind":"transit","id":"5057","title":"EB 9 AV @ 8 ST SE","description":"Calgary Transit stop 5057","status":"ACTIVE","date":"2026-08-18","communityCode":""}},{"type":"Feature","geometry":{"type":"Point","coordinates":[-114.0285426,51.0389275]},"properties":{"kind":"transit","id":"5058","title":"EB 9 AV SE @ 14 ST SE","description":"Calgary Transit stop 5058","status":"ACTIVE","date":"2026-08-18","communityCode":""}},{"type":"Feature","geometry":{"type":"Point","coordinates":[-114.0349091,51.041554]},"properties":{"kind":"transit","id":"5078","title":"WB 9 AV SE @ 12 ST SE","description":"Calgary Transit stop 5078","status":"ACTIVE","date":"2026-08-18","communityCode":""}},{"type":"Feature","geometry":{"type":"Point","coordinates":[-114.0454989,51.0439722]},"properties":{"kind":"transit","id":"5079","title":"WB 9 AV SE @ The Confluence","description":"Calgary Transit stop 5079","status":"ACTIVE","date":"2026-08-18","communityCode":""}},{"type":"Feature","geometry":{"type":"Point","coordinates":[-114.0626136,51.0497289]},"properties":{"kind":"transit","id":"5086","title":"NB Centre ST S @ 4 AV S","description":"Calgary Transit stop 5086","status":"ACTIVE","date":"2026-08-18","communityCode":""}},{"type":"Feature","geometry":{"type":"Point","coordinates":[-114.062709,51.0590411]},"properties":{"kind":"transit","id":"5087","title":"SB Centre ST N @ 7 AV N","description":"Calgary Transit stop 5087","status":"ACTIVE","date":"2026-08-18","communityCode":""}},{"type":"Feature","geometry":{"type":"Point","coordinates":[-114.0846919,51.0562818]},"properties":{"kind":"transit","id":"5108","title":"Sunnyside LRT Station (SB 9A ST NW @ 4 AV NW)","description":"Calgary Transit stop 5108","status":"ACTIVE","date":"2026-08-18","communityCode":""}},{"type":"Feature","geometry":{"type":"Point","coordinates":[-114.071657,51.0635833]},"properties":{"kind":"transit","id":"5110","title":"SB 4 ST NW @ 13 AV NW","description":"Calgary Transit stop 5110","status":"ACTIVE","date":"2026-08-18","communityCode":""}},{"type":"Feature","geometry":{"type":"Point","coordinates":[-114.0626774,51.0611181]},"properties":{"kind":"transit","id":"5111","title":"SB Centre ST N @ 10 AV N","description":"Calgary Transit stop 5111","status":"ACTIVE","date":"2026-08-18","communityCode":""}},{"type":"Feature","geometry":{"type":"Point","coordinates":[-114.0626445,51.0558669]},"properties":{"kind":"transit","id":"5113","title":"SB Centre ST N @ Across from Samis RD NE","description":"Calgary Transit stop 5113","status":"ACTIVE","date":"2026-08-18","communityCode":""}},{"type":"Feature","geometry":{"type":"Point","coordinates":[-114.0651067,51.0475852]},"properties":{"kind":"transit","id":"5115","title":"WB 6 AV SW @ 1 ST SW","description":"Calgary Transit stop 5115","status":"ACTIVE","date":"2026-08-18","communityCode":""}},{"type":"Feature","geometry":{"type":"Point","coordinates":[-114.0674664,51.0476831]},"properties":{"kind":"transit","id":"5118","title":"WB 6 AV SW @ 2 ST SW","description":"Calgary Transit stop 5118","status":"ACTIVE","date":"2026-08-18","communityCode":""}},{"type":"Feature","geometry":{"type":"Point","coordinates":[-114.0707075,51.0477429]},"properties":{"kind":"transit","id":"5120","title":"WB 6 AV SW @ 3 ST SW","description":"Calgary Transit stop 5120","status":"ACTIVE","date":"2026-08-18","communityCode":""}},{"type":"Feature","geometry":{"type":"Point","coordinates":[-114.081296,51.0471931]},"properties":{"kind":"transit","id":"5122","title":"SB 8 ST SW @ 7 AV SW ns","description":"Calgary Transit stop 5122","status":"ACTIVE","date":"2026-08-18","communityCode":""}},{"type":"Feature","geometry":{"type":"Point","coordinates":[-114.0816643,51.042471]},"properties":{"kind":"transit","id":"5124","title":"SB 8 ST SW @ 11 AV SW","description":"Calgary Transit stop 5124","status":"ACTIVE","date":"2026-08-18","communityCode":""}},{"type":"Feature","geometry":{"type":"Point","coordinates":[-114.0982384,51.0377659]},"properties":{"kind":"transit","id":"5138","title":"EB 17 AV SW @ 16 St SW","description":"Calgary Transit stop 5138","status":"ACTIVE","date":"2026-08-18","communityCode":""}},{"type":"Feature","geometry":{"type":"Point","coordinates":[-114.0939167,51.0377484]},"properties":{"kind":"transit","id":"5140","title":"EB 17 AV SW @ 14 ST SW","description":"Calgary Transit stop 5140","status":"ACTIVE","date":"2026-08-18","communityCode":""}},{"type":"Feature","geometry":{"type":"Point","coordinates":[-114.0816316,51.0389748]},"properties":{"kind":"transit","id":"5142","title":"NB 8 ST SW @ 15 AV SW","description":"Calgary Transit stop 5142","status":"ACTIVE","date":"2026-08-18","communityCode":""}},{"type":"Feature","geometry":{"type":"Point","coordinates":[-114.0813681,51.0426435]},"properties":{"kind":"transit","id":"5143","title":"NB 8 ST SW @ 11 AV SW","description":"Calgary Transit stop 5143","status":"ACTIVE","date":"2026-08-18","communityCode":""}},{"type":"Feature","geometry":{"type":"Point","coordinates":[-114.0810907,51.0467139]},"properties":{"kind":"transit","id":"5144","title":"NB 8 ST SW @ 7 AV SW","description":"Calgary Transit stop 5144","status":"ACTIVE","date":"2026-08-18","communityCode":""}},{"type":"Feature","geometry":{"type":"Point","coordinates":[-114.0802255,51.0487854]},"properties":{"kind":"transit","id":"5146","title":"EB 5 AV SW @ 8 ST SW","description":"Calgary Transit stop 5146","status":"ACTIVE","date":"2026-08-18","communityCode":""}},{"type":"Feature","geometry":{"type":"Point","coordinates":[-114.0626323,51.0492077]},"properties":{"kind":"transit","id":"5148","title":"NB Centre ST S @ 4 AV S","description":"Calgary Transit stop 5148","status":"ACTIVE","date":"2026-08-18","communityCode":""}},{"type":"Feature","geometry":{"type":"Point","coordinates":[-114.0685947,51.0476665]},"properties":{"kind":"transit","id":"5178","title":"WB 6 AV SW@ 2 ST SW","description":"Calgary Transit stop 5178","status":"ACTIVE","date":"2026-08-18","communityCode":""}},{"type":"Feature","geometry":{"type":"Point","coordinates":[-114.0730335,51.0416343]},"properties":{"kind":"transit","id":"5181","title":"EB 12 AV SW@ 5 ST SW","description":"Calgary Transit stop 5181","status":"ACTIVE","date":"2026-08-18","communityCode":""}},{"type":"Feature","geometry":{"type":"Point","coordinates":[-114.0716026,51.0409544]},"properties":{"kind":"transit","id":"5183","title":"SB 4 ST SW@ 12 AV SW","description":"Calgary Transit stop 5183","status":"ACTIVE","date":"2026-08-18","communityCode":""}},{"type":"Feature","geometry":{"type":"Point","coordinates":[-114.0714078,51.0381395]},"properties":{"kind":"transit","id":"5218","title":"NB 4 ST SW@ 17 AV SW","description":"Calgary Transit stop 5218","status":"ACTIVE","date":"2026-08-18","communityCode":""}},{"type":"Feature","geometry":{"type":"Point","coordinates":[-114.085783,51.0529989]},"properties":{"kind":"transit","id":"5224","title":"NB 10 ST @ Kensington RD NW","description":"Calgary Transit stop 5224","status":"ACTIVE","date":"2026-08-18","communityCode":""}},{"type":"Feature","geometry":{"type":"Point","coordinates":[-114.0847095,51.0691718]},"properties":{"kind":"transit","id":"5229","title":"NB 10 ST NW @ 18 AV NW","description":"Calgary Transit stop 5229","status":"ACTIVE","date":"2026-08-18","communityCode":""}},{"type":"Feature","geometry":{"type":"Point","coordinates":[-114.0849998,51.0702314]},"properties":{"kind":"transit","id":"5243","title":"SB 10 ST NW@ 20 AV NW","description":"Calgary Transit stop 5243","status":"ACTIVE","date":"2026-08-18","communityCode":""}},{"type":"Feature","geometry":{"type":"Point","coordinates":[-114.0849757,51.0672086]},"properties":{"kind":"transit","id":"5244","title":"SB 10 ST NW@ 16 AV NW","description":"Calgary Transit stop 5244","status":"ACTIVE","date":"2026-08-18","communityCode":""}},{"type":"Feature","geometry":{"type":"Point","coordinates":[-114.086134,51.0580897]},"properties":{"kind":"transit","id":"5245","title":"SB 10 ST NW@ 5 AV NW","description":"Calgary Transit stop 5245","status":"ACTIVE","date":"2026-08-18","communityCode":""}},{"type":"Feature","geometry":{"type":"Point","coordinates":[-114.0579635,51.0464781]},"properties":{"kind":"transit","id":"5251","title":"City Hall LRT Station (NB Macleod TR @ 7 AV SE)","description":"Calgary Transit stop 5251","status":"ACTIVE","date":"2026-08-18","communityCode":""}},{"type":"Feature","geometry":{"type":"Point","coordinates":[-114.0567954,51.0480893]},"properties":{"kind":"transit","id":"5252","title":"EB 5 AV SE @ Macleod TR","description":"Calgary Transit stop 5252","status":"ACTIVE","date":"2026-08-18","communityCode":""}},{"type":"Feature","geometry":{"type":"Point","coordinates":[-114.0501033,51.0523459]},"properties":{"kind":"transit","id":"5254","title":"NB Edmonton TR @ Meredith RD NE","description":"Calgary Transit stop 5254","status":"ACTIVE","date":"2026-08-18","communityCode":""}},{"type":"Feature","geometry":{"type":"Point","coordinates":[-114.0512669,51.0549209]},"properties":{"kind":"transit","id":"5255","title":"NB Edmonton TR @ 2 AV NE","description":"Calgary Transit stop 5255","status":"ACTIVE","date":"2026-08-18","communityCode":""}},{"type":"Feature","geometry":{"type":"Point","coordinates":[-114.0518274,51.0521646]},"properties":{"kind":"transit","id":"5279","title":"SB 4 ST NE @ Meredith RD","description":"Calgary Transit stop 5279","status":"ACTIVE","date":"2026-08-18","communityCode":""}},{"type":"Feature","geometry":{"type":"Point","coordinates":[-114.0609447,51.0427339]},"properties":{"kind":"transit","id":"5284","title":"SB 1 ST SE@ 10 AV SE","description":"Calgary Transit stop 5284","status":"ACTIVE","date":"2026-08-18","communityCode":""}},{"type":"Feature","geometry":{"type":"Point","coordinates":[-114.0610231,51.0410448]},"properties":{"kind":"transit","id":"5285","title":"SB 1 ST SE@ 12 AV SE","description":"Calgary Transit stop 5285","status":"ACTIVE","date":"2026-08-18","communityCode":""}},{"type":"Feature","geometry":{"type":"Point","coordinates":[-114.0666001,51.0379109]},"properties":{"kind":"transit","id":"5287","title":"WB 17 AV SW@ 1 ST SW","description":"Calgary Transit stop 5287","status":"ACTIVE","date":"2026-08-18","communityCode":""}},{"type":"Feature","geometry":{"type":"Point","coordinates":[-114.0945963,51.038287]},"properties":{"kind":"transit","id":"5288","title":"NB 14 ST SW@ 17 AV SW","description":"Calgary Transit stop 5288","status":"ACTIVE","date":"2026-08-18","communityCode":""}},{"type":"Feature","geometry":{"type":"Point","coordinates":[-114.0946066,51.0397175]},"properties":{"kind":"transit","id":"5290","title":"NB 14 ST SW@ 15 AV SW","description":"Calgary Transit stop 5290","status":"ACTIVE","date":"2026-08-18","communityCode":""}},{"type":"Feature","geometry":{"type":"Point","coordinates":[-114.0942634,51.0422365]},"properties":{"kind":"transit","id":"5291","title":"EB 12 AV SW@ 14 ST SW","description":"Calgary Transit stop 5291","status":"ACTIVE","date":"2026-08-18","communityCode":""}},{"type":"Feature","geometry":{"type":"Point","coordinates":[-114.0819234,51.041891]},"properties":{"kind":"transit","id":"5292","title":"EB 12 AV SW@ 8 ST SW","description":"Calgary Transit stop 5292","status":"ACTIVE","date":"2026-08-18","communityCode":""}},{"type":"Feature","geometry":{"type":"Point","coordinates":[-114.0654217,51.0452661]},"properties":{"kind":"transit","id":"5299","title":"NB 1 ST SW @ 8 AV SW","description":"Calgary Transit stop 5299","status":"ACTIVE","date":"2026-08-18","communityCode":""}},{"type":"Feature","geometry":{"type":"Point","coordinates":[-114.0653496,51.0464067]},"properties":{"kind":"transit","id":"5303","title":"NB 1 ST SW @ 7 AV SW","description":"Calgary Transit stop 5303","status":"ACTIVE","date":"2026-08-18","communityCode":""}},{"type":"Feature","geometry":{"type":"Point","coordinates":[-114.0820897,51.0429673]},"properties":{"kind":"transit","id":"5304","title":"WB 11 AV SW@ 8 ST SW","description":"Calgary Transit stop 5304","status":"ACTIVE","date":"2026-08-18","communityCode":""}},{"type":"Feature","geometry":{"type":"Point","coordinates":[-114.0948357,51.0419611]},"properties":{"kind":"transit","id":"5305","title":"SB 14 ST SW@ 12 AV SW","description":"Calgary Transit stop 5305","status":"ACTIVE","date":"2026-08-18","communityCode":""}},{"type":"Feature","geometry":{"type":"Point","coordinates":[-114.0680398,51.0377042]},"properties":{"kind":"transit","id":"5324","title":"EB 17 AV SW@ 2 ST SW","description":"Calgary Transit stop 5324","status":"ACTIVE","date":"2026-08-18","communityCode":""}},{"type":"Feature","geometry":{"type":"Point","coordinates":[-114.0659113,51.0381994]},"properties":{"kind":"transit","id":"5325","title":"NB 1 ST SW @ 17 AV SW","description":"Calgary Transit stop 5325","status":"ACTIVE","date":"2026-08-18","communityCode":""}},{"type":"Feature","geometry":{"type":"Point","coordinates":[-114.0657285,51.0403914]},"properties":{"kind":"transit","id":"5327","title":"NB 1 ST SW @ 13 AV SW ns","description":"Calgary Transit stop 5327","status":"ACTIVE","date":"2026-08-18","communityCode":""}},{"type":"Feature","geometry":{"type":"Point","coordinates":[-114.064086,51.0424711]},"properties":{"kind":"transit","id":"5329","title":"WB 11 AV S @ Centre ST","description":"Calgary Transit stop 5329","status":"ACTIVE","date":"2026-08-18","communityCode":""}},{"type":"Feature","geometry":{"type":"Point","coordinates":[-114.0948907,51.0374578]},"properties":{"kind":"transit","id":"5331","title":"SB 14 ST SW@ 17 AV SW","description":"Calgary Transit stop 5331","status":"ACTIVE","date":"2026-08-18","communityCode":""}},{"type":"Feature","geometry":{"type":"Point","coordinates":[-114.0947919,51.0351617]},"properties":{"kind":"transit","id":"5332","title":"SB 14 ST SW@ 21 AV SW","description":"Calgary Transit stop 5332","status":"ACTIVE","date":"2026-08-18","communityCode":""}},{"type":"Feature","geometry":{"type":"Point","coordinates":[-114.0828256,51.0550928]},"properties":{"kind":"transit","id":"5378","title":"NB 2 AV NW@ 9 ST NW","description":"Calgary Transit stop 5378","status":"ACTIVE","date":"2026-08-18","communityCode":""}},{"type":"Feature","geometry":{"type":"Point","coordinates":[-114.0741151,51.0590125]},"properties":{"kind":"transit","id":"5380","title":"NB @ 5 ST NW Terminal","description":"Calgary Transit stop 5380","status":"ACTIVE","date":"2026-08-18","communityCode":""}},{"type":"Feature","geometry":{"type":"Point","coordinates":[-114.0604977,51.0412295]},"properties":{"kind":"transit","id":"5387","title":"EB 12 AV SE@ 1 ST SE","description":"Calgary Transit stop 5387","status":"ACTIVE","date":"2026-08-18","communityCode":""}},{"type":"Feature","geometry":{"type":"Point","coordinates":[-114.0437947,51.0410246]},"properties":{"kind":"transit","id":"5388","title":"EB 7 ST @ MacDonald AV SE","description":"Calgary Transit stop 5388","status":"ACTIVE","date":"2026-08-18","communityCode":""}},{"type":"Feature","geometry":{"type":"Point","coordinates":[-114.0433606,51.0408058]},"properties":{"kind":"transit","id":"5389","title":"SB Bellevue AV @ MacDonald AV SE","description":"Calgary Transit stop 5389","status":"ACTIVE","date":"2026-08-18","communityCode":""}},{"type":"Feature","geometry":{"type":"Point","coordinates":[-114.0583741,51.0326398]},"properties":{"kind":"transit","id":"5391","title":"SB 2A ST SE @ N. of 25 AV SE","description":"Calgary Transit stop 5391","status":"ACTIVE","date":"2026-08-18","communityCode":""}},{"type":"Feature","geometry":{"type":"Point","coordinates":[-114.0479478,51.0310454]},"properties":{"kind":"transit","id":"5392","title":"NB Spiller RD@ 6 ST SE","description":"Calgary Transit stop 5392","status":"ACTIVE","date":"2026-08-18","communityCode":""}},{"type":"Feature","geometry":{"type":"Point","coordinates":[-114.0413324,51.0381549]},"properties":{"kind":"transit","id":"5395","title":"NB 8 ST SE@ 17 AV SE","description":"Calgary Transit stop 5395","status":"ACTIVE","date":"2026-08-18","communityCode":""}},{"type":"Feature","geometry":{"type":"Point","coordinates":[-114.048793,51.0410872]},"properties":{"kind":"transit","id":"5396","title":"WB 12 AV SE@ 6 ST SE","description":"Calgary Transit stop 5396","status":"ACTIVE","date":"2026-08-18","communityCode":""}},{"type":"Feature","geometry":{"type":"Point","coordinates":[-114.0533701,51.0415805]},"properties":{"kind":"transit","id":"5397","title":"NB Olympic WY@ 12 AV SE","description":"Calgary Transit stop 5397","status":"ACTIVE","date":"2026-08-18","communityCode":""}},{"type":"Feature","geometry":{"type":"Point","coordinates":[-114.1062062,51.0573295]},"properties":{"kind":"transit","id":"5400","title":"WB 5 AV NW@ 19 ST NW","description":"Calgary Transit stop 5400","status":"ACTIVE","date":"2026-08-18","communityCode":""}},{"type":"Feature","geometry":{"type":"Point","coordinates":[-114.0714147,51.0428242]},"properties":{"kind":"transit","id":"5431","title":"NB 4 ST SW@ 11 AV SW","description":"Calgary Transit stop 5431","status":"ACTIVE","date":"2026-08-18","communityCode":""}},{"type":"Feature","geometry":{"type":"Point","coordinates":[-114.0876123,51.045228]},"properties":{"kind":"transit","id":"5432","title":"EB 9 AV SW @ 11 ST SW","description":"Calgary Transit stop 5432","status":"ACTIVE","date":"2026-08-18","communityCode":""}},{"type":"Feature","geometry":{"type":"Point","coordinates":[-114.1017541,51.0575429]},"properties":{"kind":"transit","id":"5436","title":"EB 6 AV NW@ 18 ST NW","description":"Calgary Transit stop 5436","status":"ACTIVE","date":"2026-08-18","communityCode":""}},{"type":"Feature","geometry":{"type":"Point","coordinates":[-114.0911539,51.0570186]},"properties":{"kind":"transit","id":"5437","title":"EB 5 AV NW@ 12 ST NW","description":"Calgary Transit stop 5437","status":"ACTIVE","date":"2026-08-18","communityCode":""}},{"type":"Feature","geometry":{"type":"Point","coordinates":[-114.0477077,51.0532119]},"properties":{"kind":"transit","id":"5438","title":"EB 1 AV NE@ 6 ST NE","description":"Calgary Transit stop 5438","status":"ACTIVE","date":"2026-08-18","communityCode":""}},{"type":"Feature","geometry":{"type":"Point","coordinates":[-114.0380672,51.0532133]},"properties":{"kind":"transit","id":"5439","title":"EB 1 AV NE@ 10 ST NE","description":"Calgary Transit stop 5439","status":"ACTIVE","date":"2026-08-18","communityCode":""}},{"type":"Feature","geometry":{"type":"Point","coordinates":[-114.0368628,51.0505086]},"properties":{"kind":"transit","id":"5440","title":"SB 11 ST NE@ McDougall RD","description":"Calgary Transit stop 5440","status":"ACTIVE","date":"2026-08-18","communityCode":""}},{"type":"Feature","geometry":{"type":"Point","coordinates":[-114.0362502,51.0489279]},"properties":{"kind":"transit","id":"5441","title":"EB Bow Valley LN @ 11 ST NE","description":"Calgary Transit stop 5441","status":"ACTIVE","date":"2026-08-18","communityCode":""}},{"type":"Feature","geometry":{"type":"Point","coordinates":[-114.0388618,51.0532857]},"properties":{"kind":"transit","id":"5442","title":"WB 1 AV NE@ 10 ST NE","description":"Calgary Transit stop 5442","status":"ACTIVE","date":"2026-08-18","communityCode":""}},{"type":"Feature","geometry":{"type":"Point","coordinates":[-114.0939648,51.0463217]},"properties":{"kind":"transit","id":"5448","title":"WB 6 AV SW@ 14 ST SW","description":"Calgary Transit stop 5448","status":"ACTIVE","date":"2026-08-18","communityCode":""}},{"type":"Feature","geometry":{"type":"Point","coordinates":[-114.0945938,51.0529126]},"properties":{"kind":"transit","id":"5451","title":"NB 14 ST NW @ Kensington RD","description":"Calgary Transit stop 5451","status":"ACTIVE","date":"2026-08-18","communityCode":""}},{"type":"Feature","geometry":{"type":"Point","coordinates":[-114.0939498,51.0641041]},"properties":{"kind":"transit","id":"5453","title":"NB 14 ST NW @ 14 AV NW","description":"Calgary Transit stop 5453","status":"ACTIVE","date":"2026-08-18","communityCode":""}},{"type":"Feature","geometry":{"type":"Point","coordinates":[-114.0940254,51.0653347]},"properties":{"kind":"transit","id":"5455","title":"NB 14 ST NW @ 14 AV NW","description":"Calgary Transit stop 5455","status":"ACTIVE","date":"2026-08-18","communityCode":""}},{"type":"Feature","geometry":{"type":"Point","coordinates":[-114.0942385,51.0679251]},"properties":{"kind":"transit","id":"5457","title":"NB 14 ST NW @ 16 AV NW","description":"Calgary Transit stop 5457","status":"ACTIVE","date":"2026-08-18","communityCode":""}},{"type":"Feature","geometry":{"type":"Point","coordinates":[-114.0713462,51.0463503]},"properties":{"kind":"transit","id":"5464","title":"NB 4 ST SW@ 7 AV SW","description":"Calgary Transit stop 5464","status":"ACTIVE","date":"2026-08-18","communityCode":""}},{"type":"Feature","geometry":{"type":"Point","coordinates":[-114.0132942,51.0506278]},"properties":{"kind":"transit","id":"5465","title":"NB 17 ST SE@ 3 AV SE","description":"Calgary Transit stop 5465","status":"ACTIVE","date":"2026-08-18","communityCode":""}},{"type":"Feature","geometry":{"type":"Point","coordinates":[-114.0945541,51.0578767]},"properties":{"kind":"transit","id":"5483","title":"NB 14 ST NW @ 5 AV NW","description":"Calgary Transit stop 5483","status":"ACTIVE","date":"2026-08-18","communityCode":""}},{"type":"Feature","geometry":{"type":"Point","coordinates":[-114.054036,51.0472731]},"properties":{"kind":"transit","id":"5485","title":"WB 6 AV SE @ 4 ST SE","description":"Calgary Transit stop 5485","status":"ACTIVE","date":"2026-08-18","communityCode":""}},{"type":"Feature","geometry":{"type":"Point","coordinates":[-114.0949985,51.0699229]},"properties":{"kind":"transit","id":"5505","title":"SB 14 ST NW @ 20 AV NW","description":"Calgary Transit stop 5505","status":"ACTIVE","date":"2026-08-18","communityCode":""}},{"type":"Feature","geometry":{"type":"Point","coordinates":[-114.0953456,51.0657489]},"properties":{"kind":"transit","id":"5508","title":"SB 14 ST NW @ 16 AV NW","description":"Calgary Transit stop 5508","status":"ACTIVE","date":"2026-08-18","communityCode":""}},{"type":"Feature","geometry":{"type":"Point","coordinates":[-114.0952852,51.0637506]},"properties":{"kind":"transit","id":"5509","title":"SB 14 ST NW @ 14 AV NW","description":"Calgary Transit stop 5509","status":"ACTIVE","date":"2026-08-18","communityCode":""}},{"type":"Feature","geometry":{"type":"Point","coordinates":[-114.0948573,51.0571377]},"properties":{"kind":"transit","id":"5511","title":"SB 14 ST NW @ 6 AV NW","description":"Calgary Transit stop 5511","status":"ACTIVE","date":"2026-08-18","communityCode":""}},{"type":"Feature","geometry":{"type":"Point","coordinates":[-114.0948833,51.0521642]},"properties":{"kind":"transit","id":"5513","title":"SB 14 ST NW @ Kensington RD","description":"Calgary Transit stop 5513","status":"ACTIVE","date":"2026-08-18","communityCode":""}},{"type":"Feature","geometry":{"type":"Point","coordinates":[-114.095842,51.0457388]},"properties":{"kind":"transit","id":"5515","title":"SB 14 ST SW @ 9 AV SW","description":"Calgary Transit stop 5515","status":"ACTIVE","date":"2026-08-18","communityCode":""}},{"type":"Feature","geometry":{"type":"Point","coordinates":[-114.0612904,51.0374986]},"properties":{"kind":"transit","id":"5520","title":"SB 1 ST SE @ 17 AV SE","description":"Calgary Transit stop 5520","status":"ACTIVE","date":"2026-08-18","communityCode":""}},{"type":"Feature","geometry":{"type":"Point","coordinates":[-114.0585255,51.0383554]},"properties":{"kind":"transit","id":"5559","title":"NB Macleod TR @ 17 AV SE","description":"Calgary Transit stop 5559","status":"ACTIVE","date":"2026-08-18","communityCode":""}},{"type":"Feature","geometry":{"type":"Point","coordinates":[-114.0582875,51.0414347]},"properties":{"kind":"transit","id":"5560","title":"NB Macleod TR @ 12 AV SE","description":"Calgary Transit stop 5560","status":"ACTIVE","date":"2026-08-18","communityCode":""}},{"type":"Feature","geometry":{"type":"Point","coordinates":[-114.0368041,51.0491938]},"properties":{"kind":"transit","id":"5571","title":"SB 11 ST NE @ Bow Valley LN","description":"Calgary Transit stop 5571","status":"ACTIVE","date":"2026-08-18","communityCode":""}},{"type":"Feature","geometry":{"type":"Point","coordinates":[-114.0656082,51.045815]},"properties":{"kind":"transit","id":"5580","title":"SB 1 ST SW @ 8 AV SW","description":"Calgary Transit stop 5580","status":"ACTIVE","date":"2026-08-18","communityCode":""}},{"type":"Feature","geometry":{"type":"Point","coordinates":[-114.0687432,51.0426061]},"properties":{"kind":"transit","id":"5581","title":"WB 11 AV SW @ 2 ST SW","description":"Calgary Transit stop 5581","status":"ACTIVE","date":"2026-08-18","communityCode":""}},{"type":"Feature","geometry":{"type":"Point","coordinates":[-114.0774023,51.0428591]},"properties":{"kind":"transit","id":"5582","title":"WB 11 AV @ 6 ST SW","description":"Calgary Transit stop 5582","status":"ACTIVE","date":"2026-08-18","communityCode":""}},{"type":"Feature","geometry":{"type":"Point","coordinates":[-114.0819245,51.0371975]},"properties":{"kind":"transit","id":"5583","title":"SB 8 ST SW @ 17 AV SW","description":"Calgary Transit stop 5583","status":"ACTIVE","date":"2026-08-18","communityCode":""}},{"type":"Feature","geometry":{"type":"Point","coordinates":[-114.0345991,51.0493088]},"properties":{"kind":"transit","id":"5589","title":"NB 11A ST @ Colonel Baker PL NE","description":"Calgary Transit stop 5589","status":"ACTIVE","date":"2026-08-18","communityCode":""}},{"type":"Feature","geometry":{"type":"Point","coordinates":[-114.0451247,51.0532095]},"properties":{"kind":"transit","id":"5590","title":"EB 1 AV NE @ 7 ST NE","description":"Calgary Transit stop 5590","status":"ACTIVE","date":"2026-08-18","communityCode":""}},{"type":"Feature","geometry":{"type":"Point","coordinates":[-114.0342736,51.0508296]},"properties":{"kind":"transit","id":"5601","title":"EB McDougall RD @ 11A ST NE","description":"Calgary Transit stop 5601","status":"ACTIVE","date":"2026-08-18","communityCode":""}},{"type":"Feature","geometry":{"type":"Point","coordinates":[-114.0510157,51.0471969]},"properties":{"kind":"transit","id":"5610","title":"WB 6 AV SE @ 5 ST SE","description":"Calgary Transit stop 5610","status":"ACTIVE","date":"2026-08-18","communityCode":""}},{"type":"Feature","geometry":{"type":"Point","coordinates":[-114.0944882,51.0425209]},"properties":{"kind":"transit","id":"5616","title":"NB 14 ST SW @ 12 AV SW","description":"Calgary Transit stop 5616","status":"ACTIVE","date":"2026-08-18","communityCode":""}},{"type":"Feature","geometry":{"type":"Point","coordinates":[-114.0945289,51.0462008]},"properties":{"kind":"transit","id":"5617","title":"NB 14 ST SW @ 6 AV SW","description":"Calgary Transit stop 5617","status":"ACTIVE","date":"2026-08-18","communityCode":""}},{"type":"Feature","geometry":{"type":"Point","coordinates":[-114.0948976,51.046237]},"properties":{"kind":"transit","id":"5622","title":"SB 14 ST SW @ 6 AV SW","description":"Calgary Transit stop 5622","status":"ACTIVE","date":"2026-08-18","communityCode":""}},{"type":"Feature","geometry":{"type":"Point","coordinates":[-114.098781,51.036844]},"properties":{"kind":"transit","id":"5623","title":"NB 16 ST SW @ 19 AV SW","description":"Calgary Transit stop 5623","status":"ACTIVE","date":"2026-08-18","communityCode":""}},{"type":"Feature","geometry":{"type":"Point","coordinates":[-114.0725532,51.0478018]},"properties":{"kind":"transit","id":"5645","title":"WB 6 AV SW @ 4 ST SW","description":"Calgary Transit stop 5645","status":"ACTIVE","date":"2026-08-18","communityCode":""}},{"type":"Feature","geometry":{"type":"Point","coordinates":[-114.0957371,51.0462758]},"properties":{"kind":"transit","id":"5648","title":"SB 6 AV SW @ 15 ST SW","description":"Calgary Transit stop 5648","status":"ACTIVE","date":"2026-08-18","communityCode":""}},{"type":"Feature","geometry":{"type":"Point","coordinates":[-114.094156,51.0460026]},"properties":{"kind":"transit","id":"5671","title":"EB 14 ST SW @ Ramp To 9 AV SW","description":"Calgary Transit stop 5671","status":"ACTIVE","date":"2026-08-18","communityCode":""}},{"type":"Feature","geometry":{"type":"Point","coordinates":[-114.0362877,51.0588413]},"properties":{"kind":"transit","id":"5677","title":"EB Child AV @ 10 ST NE","description":"Calgary Transit stop 5677","status":"ACTIVE","date":"2026-08-18","communityCode":""}},{"type":"Feature","geometry":{"type":"Point","coordinates":[-114.033328,51.0580286]},"properties":{"kind":"transit","id":"5678","title":"WB Child AV @ 12A ST NE","description":"Calgary Transit stop 5678","status":"ACTIVE","date":"2026-08-18","communityCode":""}},{"type":"Feature","geometry":{"type":"Point","coordinates":[-114.0482532,51.0601158]},"properties":{"kind":"transit","id":"5679","title":"NB 6 ST NE @ 8 AV NE","description":"Calgary Transit stop 5679","status":"ACTIVE","date":"2026-08-18","communityCode":""}},{"type":"Feature","geometry":{"type":"Point","coordinates":[-114.0625599,51.0492239]},"properties":{"kind":"transit","id":"5700","title":"NB Centre ST S @ 4 AV S","description":"Calgary Transit stop 5700","status":"ACTIVE","date":"2026-08-18","communityCode":""}},{"type":"Feature","geometry":{"type":"Point","coordinates":[-114.0891649,51.0667194]},"properties":{"kind":"transit","id":"5701","title":"SAIT Station (EB)","description":"Calgary Transit stop 5701","status":"ACTIVE","date":"2026-08-18","communityCode":""}},{"type":"Feature","geometry":{"type":"Point","coordinates":[-114.0401669,51.0595603]},"properties":{"kind":"transit","id":"5706","title":"EB 8 AV NE @ 9 ST NE","description":"Calgary Transit stop 5706","status":"ACTIVE","date":"2026-08-18","communityCode":""}},{"type":"Feature","geometry":{"type":"Point","coordinates":[-114.0332126,51.0584934]},"properties":{"kind":"transit","id":"5707","title":"EB Danloe ST @ Child AV NE","description":"Calgary Transit stop 5707","status":"ACTIVE","date":"2026-08-18","communityCode":""}},{"type":"Feature","geometry":{"type":"Point","coordinates":[-114.040665,51.0600317]},"properties":{"kind":"transit","id":"5729","title":"NB Russet RD @ 8 AV NE","description":"Calgary Transit stop 5729","status":"ACTIVE","date":"2026-08-18","communityCode":""}},{"type":"Feature","geometry":{"type":"Point","coordinates":[-114.0886449,51.0670662]},"properties":{"kind":"transit","id":"5734","title":"SAIT Station (WB)","description":"Calgary Transit stop 5734","status":"ACTIVE","date":"2026-08-18","communityCode":""}},{"type":"Feature","geometry":{"type":"Point","coordinates":[-114.0336323,51.0521536]},"properties":{"kind":"transit","id":"5756","title":"NB 12 ST NE @ Centre AV NE","description":"Calgary Transit stop 5756","status":"ACTIVE","date":"2026-08-18","communityCode":""}},{"type":"Feature","geometry":{"type":"Point","coordinates":[-114.0796472,51.0479974]},"properties":{"kind":"transit","id":"5765","title":"WB 6 AV SW @ W. of 7 ST SW","description":"Calgary Transit stop 5765","status":"ACTIVE","date":"2026-08-18","communityCode":""}},{"type":"Feature","geometry":{"type":"Point","coordinates":[-114.0338332,51.0528063]},"properties":{"kind":"transit","id":"5810","title":"SB 12 ST NE @ 1 AV NE","description":"Calgary Transit stop 5810","status":"ACTIVE","date":"2026-08-18","communityCode":""}},{"type":"Feature","geometry":{"type":"Point","coordinates":[-114.033825,51.0520416]},"properties":{"kind":"transit","id":"5832","title":"SB 12 ST NE @ Centre AV NE","description":"Calgary Transit stop 5832","status":"ACTIVE","date":"2026-08-18","communityCode":""}},{"type":"Feature","geometry":{"type":"Point","coordinates":[-114.0653586,51.0460381]},"properties":{"kind":"transit","id":"5833","title":"NB 1 ST SW @ 8 AV SW farside","description":"Calgary Transit stop 5833","status":"ACTIVE","date":"2026-08-18","communityCode":""}},{"type":"Feature","geometry":{"type":"Point","coordinates":[-114.0424847,51.0411165]},"properties":{"kind":"transit","id":"5834","title":"EB MacDonald AV @ Maggie ST SE","description":"Calgary Transit stop 5834","status":"ACTIVE","date":"2026-08-18","communityCode":""}},{"type":"Feature","geometry":{"type":"Point","coordinates":[-114.0893178,51.0482928]},"properties":{"kind":"transit","id":"5907","title":"WB 6 AV SW @ 11 ST SW","description":"Calgary Transit stop 5907","status":"ACTIVE","date":"2026-08-18","communityCode":""}},{"type":"Feature","geometry":{"type":"Point","coordinates":[-114.0546067,51.0598624]},"properties":{"kind":"transit","id":"5918","title":"SB Edmonton TR @ 8 AV NE","description":"Calgary Transit stop 5918","status":"ACTIVE","date":"2026-08-18","communityCode":""}},{"type":"Feature","geometry":{"type":"Point","coordinates":[-114.0518352,51.053613]},"properties":{"kind":"transit","id":"5938","title":"SB 4 ST NE @ 1 AV NE","description":"Calgary Transit stop 5938","status":"ACTIVE","date":"2026-08-18","communityCode":""}},{"type":"Feature","geometry":{"type":"Point","coordinates":[-114.0501687,51.0535619]},"properties":{"kind":"transit","id":"5941","title":"NB Edmonton TR @ 1 AV NE","description":"Calgary Transit stop 5941","status":"ACTIVE","date":"2026-08-18","communityCode":""}},{"type":"Feature","geometry":{"type":"Point","coordinates":[-114.0135537,51.0503646]},"properties":{"kind":"transit","id":"6060","title":"SB 17 ST SE @ 3 AV SE","description":"Calgary Transit stop 6060","status":"ACTIVE","date":"2026-08-18","communityCode":""}},{"type":"Feature","geometry":{"type":"Point","coordinates":[-114.0541918,51.05808]},"properties":{"kind":"transit","id":"6071","title":"NB Edmonton TR @ 6 AV NE","description":"Calgary Transit stop 6071","status":"ACTIVE","date":"2026-08-18","communityCode":""}},{"type":"Feature","geometry":{"type":"Point","coordinates":[-114.0956732,51.0576923]},"properties":{"kind":"transit","id":"6130","title":"WB 6 AV NW @ 15 ST NW","description":"Calgary Transit stop 6130","status":"ACTIVE","date":"2026-08-18","communityCode":""}},{"type":"Feature","geometry":{"type":"Point","coordinates":[-114.0792572,51.0498855]},"properties":{"kind":"transit","id":"6133","title":"WB 4 AV SW @ 7 ST SW","description":"Calgary Transit stop 6133","status":"ACTIVE","date":"2026-08-18","communityCode":""}},{"type":"Feature","geometry":{"type":"Point","coordinates":[-114.0755173,51.0515325]},"properties":{"kind":"transit","id":"6204","title":"EB 2 AV SW @ 6 ST SW","description":"Calgary Transit stop 6204","status":"ACTIVE","date":"2026-08-18","communityCode":""}},{"type":"Feature","geometry":{"type":"Point","coordinates":[-114.0544614,51.0601286]},"properties":{"kind":"transit","id":"6242","title":"NB Edmonton TR @ 8 AV NE","description":"Calgary Transit stop 6242","status":"ACTIVE","date":"2026-08-18","communityCode":""}},{"type":"Feature","geometry":{"type":"Point","coordinates":[-114.0459354,51.0411498]},"properties":{"kind":"transit","id":"6294","title":"WB 7 ST @ MacDonald AV SE","description":"Calgary Transit stop 6294","status":"ACTIVE","date":"2026-08-18","communityCode":""}},{"type":"Feature","geometry":{"type":"Point","coordinates":[-114.0485742,51.0409377]},"properties":{"kind":"transit","id":"6295","title":"EB 12 AV SE @ 6 ST SE","description":"Calgary Transit stop 6295","status":"ACTIVE","date":"2026-08-18","communityCode":""}},{"type":"Feature","geometry":{"type":"Point","coordinates":[-114.0642274,51.0475883]},"properties":{"kind":"transit","id":"6334","title":"WB 6 AV SW @ E. of 1 ST SW","description":"Calgary Transit stop 6334","status":"ACTIVE","date":"2026-08-18","communityCode":""}},{"type":"Feature","geometry":{"type":"Point","coordinates":[-114.0530317,51.0410683]},"properties":{"kind":"transit","id":"6337","title":"EB 12 AV @ Olympic WY SE","description":"Calgary Transit stop 6337","status":"ACTIVE","date":"2026-08-18","communityCode":""}},{"type":"Feature","geometry":{"type":"Point","coordinates":[-114.0982678,51.0576947]},"properties":{"kind":"transit","id":"6400","title":"WB 6 AV NW @ 16 ST NW","description":"Calgary Transit stop 6400","status":"ACTIVE","date":"2026-08-18","communityCode":""}},{"type":"Feature","geometry":{"type":"Point","coordinates":[-114.1020318,51.0576668]},"properties":{"kind":"transit","id":"6487","title":"WB 6 AV NW @ 18 ST NW","description":"Calgary Transit stop 6487","status":"ACTIVE","date":"2026-08-18","communityCode":""}},{"type":"Feature","geometry":{"type":"Point","coordinates":[-114.0977996,51.0452387]},"properties":{"kind":"transit","id":"6504","title":"EB 9 AV SW @ 16 ST SW","description":"Calgary Transit stop 6504","status":"ACTIVE","date":"2026-08-18","communityCode":""}},{"type":"Feature","geometry":{"type":"Point","coordinates":[-114.0756157,51.0478884]},"properties":{"kind":"transit","id":"6523","title":"WB 6 AV SW @ 6 ST SW","description":"Calgary Transit stop 6523","status":"ACTIVE","date":"2026-08-18","communityCode":""}},{"type":"Feature","geometry":{"type":"Point","coordinates":[-114.0976788,51.0597174]},"properties":{"kind":"transit","id":"6580","title":"WB 8 AV NW @ 16 ST NW","description":"Calgary Transit stop 6580","status":"ACTIVE","date":"2026-08-18","communityCode":""}},{"type":"Feature","geometry":{"type":"Point","coordinates":[-114.09415,51.0704774]},"properties":{"kind":"transit","id":"6621","title":"EB 20 AV NW @ 14 ST NW","description":"Calgary Transit stop 6621","status":"ACTIVE","date":"2026-08-18","communityCode":""}},{"type":"Feature","geometry":{"type":"Point","coordinates":[-114.0980941,51.064486]},"properties":{"kind":"transit","id":"6646","title":"WB 14 AV NW @ 14 ST NW","description":"Calgary Transit stop 6646","status":"ACTIVE","date":"2026-08-18","communityCode":""}},{"type":"Feature","geometry":{"type":"Point","coordinates":[-114.0623317,51.0555326]},"properties":{"kind":"transit","id":"6656","title":"NB Centre ST N @ Samis RD N","description":"Calgary Transit stop 6656","status":"ACTIVE","date":"2026-08-18","communityCode":""}},{"type":"Feature","geometry":{"type":"Point","coordinates":[-114.0624099,51.0601579]},"properties":{"kind":"transit","id":"6666","title":"NB Centre ST N @ 8 AV N","description":"Calgary Transit stop 6666","status":"ACTIVE","date":"2026-08-18","communityCode":""}},{"type":"Feature","geometry":{"type":"Point","coordinates":[-114.0629919,51.0489379]},"properties":{"kind":"transit","id":"6669","title":"SB Centre ST S @ 4 AV S","description":"Calgary Transit stop 6669","status":"ACTIVE","date":"2026-08-18","communityCode":""}},{"type":"Feature","geometry":{"type":"Point","coordinates":[-114.0843557,51.0704852]},"properties":{"kind":"transit","id":"6728","title":"EB 20 AV NW @ 10 ST NW","description":"Calgary Transit stop 6728","status":"ACTIVE","date":"2026-08-18","communityCode":""}},{"type":"Feature","geometry":{"type":"Point","coordinates":[-114.0980941,51.064486]},"properties":{"kind":"transit","id":"6729","title":"WB 14 AV NW @ 14 ST NW","description":"Calgary Transit stop 6729","status":"ACTIVE","date":"2026-08-18","communityCode":""}},{"type":"Feature","geometry":{"type":"Point","coordinates":[-114.0594261,51.0311192]},"properties":{"kind":"transit","id":"6797","title":"NB Macleod TR @ 25 AV SE","description":"Calgary Transit stop 6797","status":"ACTIVE","date":"2026-08-18","communityCode":""}},{"type":"Feature","geometry":{"type":"Point","coordinates":[-114.0588469,51.0319321]},"properties":{"kind":"transit","id":"6806","title":"NB Erlton / Stampede CTrain Staion","description":"Calgary Transit stop 6806","status":"ACTIVE","date":"2026-08-18","communityCode":""}},{"type":"Feature","geometry":{"type":"Point","coordinates":[-114.0582229,51.0384018]},"properties":{"kind":"transit","id":"6807","title":"NB Victoria Park / Stampede CTrain Station","description":"Calgary Transit stop 6807","status":"ACTIVE","date":"2026-08-18","communityCode":""}},{"type":"Feature","geometry":{"type":"Point","coordinates":[-114.0066791,51.0454158]},"properties":{"kind":"transit","id":"6812","title":"EB Barlow - Max Bell CTrain Station","description":"Calgary Transit stop 6812","status":"ACTIVE","date":"2026-08-18","communityCode":""}},{"type":"Feature","geometry":{"type":"Point","coordinates":[-114.0255112,51.0472697]},"properties":{"kind":"transit","id":"6813","title":"EB Zoo CTrain Station","description":"Calgary Transit stop 6813","status":"ACTIVE","date":"2026-08-18","communityCode":""}},{"type":"Feature","geometry":{"type":"Point","coordinates":[-114.0399091,51.0489065]},"properties":{"kind":"transit","id":"6814","title":"EB Bridgeland - Memorial CTrain Station","description":"Calgary Transit stop 6814","status":"ACTIVE","date":"2026-08-18","communityCode":""}},{"type":"Feature","geometry":{"type":"Point","coordinates":[-114.0910598,51.0630697]},"properties":{"kind":"transit","id":"6819","title":"NB SAIT / AUArts / Jubilee CTrain Stn","description":"Calgary Transit stop 6819","status":"ACTIVE","date":"2026-08-18","communityCode":""}},{"type":"Feature","geometry":{"type":"Point","coordinates":[-114.0843705,51.0563997]},"properties":{"kind":"transit","id":"6820","title":"NB Sunnyside CTrain Station","description":"Calgary Transit stop 6820","status":"ACTIVE","date":"2026-08-18","communityCode":""}},{"type":"Feature","geometry":{"type":"Point","coordinates":[-114.0567338,51.0463607]},"properties":{"kind":"transit","id":"6822","title":"WB City Hall/Bow Valley College (Free Fare Zone)","description":"Calgary Transit stop 6822","status":"ACTIVE","date":"2026-08-18","communityCode":""}},{"type":"Feature","geometry":{"type":"Point","coordinates":[-114.0643968,51.0465806]},"properties":{"kind":"transit","id":"6823","title":"WB 1 Street SW Station (Free Fare Zone)","description":"Calgary Transit stop 6823","status":"ACTIVE","date":"2026-08-18","communityCode":""}},{"type":"Feature","geometry":{"type":"Point","coordinates":[-114.0724303,51.0468093]},"properties":{"kind":"transit","id":"6824","title":"WB 4 Street SW Station (Free Fare Zone)","description":"Calgary Transit stop 6824","status":"ACTIVE","date":"2026-08-18","communityCode":""}},{"type":"Feature","geometry":{"type":"Point","coordinates":[-114.0779849,51.0469754]},"properties":{"kind":"transit","id":"6825","title":"WB 7 Street SW Station (Free Fare Zone)","description":"Calgary Transit stop 6825","status":"ACTIVE","date":"2026-08-18","communityCode":""}},{"type":"Feature","geometry":{"type":"Point","coordinates":[-114.0799674,51.0469224]},"properties":{"kind":"transit","id":"6827","title":"EB 8 Street SW Station (Free Fare Zone)","description":"Calgary Transit stop 6827","status":"ACTIVE","date":"2026-08-18","communityCode":""}},{"type":"Feature","geometry":{"type":"Point","coordinates":[-114.0748727,51.0467715]},"properties":{"kind":"transit","id":"6828","title":"EB 6 Street SW Station (Free Fare Zone)","description":"Calgary Transit stop 6828","status":"ACTIVE","date":"2026-08-18","communityCode":""}},{"type":"Feature","geometry":{"type":"Point","coordinates":[-114.0689181,51.0466132]},"properties":{"kind":"transit","id":"6829","title":"EB 3 Street SW Station (Free Fare Zone)","description":"Calgary Transit stop 6829","status":"ACTIVE","date":"2026-08-18","communityCode":""}},{"type":"Feature","geometry":{"type":"Point","coordinates":[-114.0612557,51.0463847]},"properties":{"kind":"transit","id":"6830","title":"EB Centre Street Station (Free Fare Zone)","description":"Calgary Transit stop 6830","status":"ACTIVE","date":"2026-08-18","communityCode":""}},{"type":"Feature","geometry":{"type":"Point","coordinates":[-114.0567401,51.0462619]},"properties":{"kind":"transit","id":"6831","title":"EB City Hall/Bow Valley College (Free Fare Zone)","description":"Calgary Transit stop 6831","status":"ACTIVE","date":"2026-08-18","communityCode":""}},{"type":"Feature","geometry":{"type":"Point","coordinates":[-114.1026132,51.0593272]},"properties":{"kind":"transit","id":"6848","title":"SB 18 ST NW @ 8 AV NW","description":"Calgary Transit stop 6848","status":"ACTIVE","date":"2026-08-18","communityCode":""}},{"type":"Feature","geometry":{"type":"Point","coordinates":[-114.0770547,51.0479235]},"properties":{"kind":"transit","id":"6974","title":"WB 6 AV SW @ 6 ST SW","description":"Calgary Transit stop 6974","status":"ACTIVE","date":"2026-08-18","communityCode":""}},{"type":"Feature","geometry":{"type":"Point","coordinates":[-114.080254,51.0487861]},"properties":{"kind":"transit","id":"6997","title":"EB 5 AV SW @ 8 ST SW","description":"Calgary Transit stop 6997","status":"ACTIVE","date":"2026-08-18","communityCode":""}},{"type":"Feature","geometry":{"type":"Point","coordinates":[-114.0802414,51.0487588]},"properties":{"kind":"transit","id":"6998","title":"EB 5 AV SW @ 8 ST SW","description":"Calgary Transit stop 6998","status":"ACTIVE","date":"2026-08-18","communityCode":""}},{"type":"Feature","geometry":{"type":"Point","coordinates":[-114.0172596,51.0526541]},"properties":{"kind":"transit","id":"7250","title":"SB Manning RD @ Centre AV NE","description":"Calgary Transit stop 7250","status":"ACTIVE","date":"2026-08-18","communityCode":""}},{"type":"Feature","geometry":{"type":"Point","coordinates":[-114.0482686,51.0455174]},"properties":{"kind":"transit","id":"7251","title":"NB 6 ST SE @ 8 AV SE","description":"Calgary Transit stop 7251","status":"ACTIVE","date":"2026-08-18","communityCode":""}},{"type":"Feature","geometry":{"type":"Point","coordinates":[-114.0837276,51.0489179]},"properties":{"kind":"transit","id":"7285","title":"EB 5 AV SW @ 9 ST SW","description":"Calgary Transit stop 7285","status":"ACTIVE","date":"2026-08-18","communityCode":""}},{"type":"Feature","geometry":{"type":"Point","coordinates":[-114.0598102,51.0493796]},"properties":{"kind":"transit","id":"7293","title":"WB 4 AV SE @ 1 ST SE","description":"Calgary Transit stop 7293","status":"ACTIVE","date":"2026-08-18","communityCode":""}},{"type":"Feature","geometry":{"type":"Point","coordinates":[-114.0716377,51.037119]},"properties":{"kind":"transit","id":"7305","title":"SB 4 ST SW @ 17 AV SW","description":"Calgary Transit stop 7305","status":"ACTIVE","date":"2026-08-18","communityCode":""}},{"type":"Feature","geometry":{"type":"Point","coordinates":[-114.0716895,51.035709]},"properties":{"kind":"transit","id":"7306","title":"SB 4 ST SW @ 19 AV SW","description":"Calgary Transit stop 7306","status":"ACTIVE","date":"2026-08-18","communityCode":""}},{"type":"Feature","geometry":{"type":"Point","coordinates":[-114.071651,51.0394859]},"properties":{"kind":"transit","id":"7307","title":"SB 4 ST SW @ 14 AV SW","description":"Calgary Transit stop 7307","status":"ACTIVE","date":"2026-08-18","communityCode":""}},{"type":"Feature","geometry":{"type":"Point","coordinates":[-114.0655409,51.0431553]},"properties":{"kind":"transit","id":"7315","title":"NB 1 ST SW @ 10 AV SW","description":"Calgary Transit stop 7315","status":"ACTIVE","date":"2026-08-18","communityCode":""}},{"type":"Feature","geometry":{"type":"Point","coordinates":[-114.0135436,51.0520734]},"properties":{"kind":"transit","id":"7316","title":"SB 17 ST E @ Centre AV E","description":"Calgary Transit stop 7316","status":"ACTIVE","date":"2026-08-18","communityCode":""}},{"type":"Feature","geometry":{"type":"Point","coordinates":[-114.0147197,51.0504304]},"properties":{"kind":"transit","id":"7317","title":"NB 16 ST SE @ 3 AV SE","description":"Calgary Transit stop 7317","status":"ACTIVE","date":"2026-08-18","communityCode":""}},{"type":"Feature","geometry":{"type":"Point","coordinates":[-114.0149486,51.0506431]},"properties":{"kind":"transit","id":"7318","title":"SB 16 ST SE @ 3 AV SE","description":"Calgary Transit stop 7318","status":"ACTIVE","date":"2026-08-18","communityCode":""}},{"type":"Feature","geometry":{"type":"Point","coordinates":[-114.0655733,51.0457565]},"properties":{"kind":"transit","id":"7337","title":"SB 1 ST SW @ 8 AV SW","description":"Calgary Transit stop 7337","status":"ACTIVE","date":"2026-08-18","communityCode":""}},{"type":"Feature","geometry":{"type":"Point","coordinates":[-114.0614616,51.03547]},"properties":{"kind":"transit","id":"7340","title":"SB 1 ST SE @ S. of 18 AV SE","description":"Calgary Transit stop 7340","status":"ACTIVE","date":"2026-08-18","communityCode":""}},{"type":"Feature","geometry":{"type":"Point","coordinates":[-114.102543,51.0524535]},"properties":{"kind":"transit","id":"7370","title":"EB Kensington RD @ 18 ST NW","description":"Calgary Transit stop 7370","status":"ACTIVE","date":"2026-08-18","communityCode":""}},{"type":"Feature","geometry":{"type":"Point","coordinates":[-114.0623582,51.0444758]},"properties":{"kind":"transit","id":"7380","title":"EB 9 AV S @ Centre ST S","description":"Calgary Transit stop 7380","status":"ACTIVE","date":"2026-08-18","communityCode":""}},{"type":"Feature","geometry":{"type":"Point","coordinates":[-114.0838416,51.0489207]},"properties":{"kind":"transit","id":"7402","title":"EB 5 AV SW @ 9 ST SW","description":"Calgary Transit stop 7402","status":"ACTIVE","date":"2026-08-18","communityCode":""}},{"type":"Feature","geometry":{"type":"Point","coordinates":[-114.094869,51.0400838]},"properties":{"kind":"transit","id":"7415","title":"SB 14 ST SW @ 14 AV SW","description":"Calgary Transit stop 7415","status":"ACTIVE","date":"2026-08-18","communityCode":""}},{"type":"Feature","geometry":{"type":"Point","coordinates":[-114.0948603,51.0593685]},"properties":{"kind":"transit","id":"7416","title":"SB 14 ST NW @ 8 AV NW","description":"Calgary Transit stop 7416","status":"ACTIVE","date":"2026-08-18","communityCode":""}},{"type":"Feature","geometry":{"type":"Point","coordinates":[-114.0948349,51.0543038]},"properties":{"kind":"transit","id":"7417","title":"SB 14 ST NW @ 2 AV NW","description":"Calgary Transit stop 7417","status":"ACTIVE","date":"2026-08-18","communityCode":""}},{"type":"Feature","geometry":{"type":"Point","coordinates":[-114.0946446,51.0592111]},"properties":{"kind":"transit","id":"7418","title":"NB 14 ST NW @ 7 AV NW","description":"Calgary Transit stop 7418","status":"ACTIVE","date":"2026-08-18","communityCode":""}},{"type":"Feature","geometry":{"type":"Point","coordinates":[-114.0946006,51.0548556]},"properties":{"kind":"transit","id":"7419","title":"NB 14 ST NW @ 2 AV NW","description":"Calgary Transit stop 7419","status":"ACTIVE","date":"2026-08-18","communityCode":""}},{"type":"Feature","geometry":{"type":"Point","coordinates":[-114.0837863,51.0488924]},"properties":{"kind":"transit","id":"7440","title":"EB 5 AV SW @ 9 ST SW","description":"Calgary Transit stop 7440","status":"ACTIVE","date":"2026-08-18","communityCode":""}},{"type":"Feature","geometry":{"type":"Point","coordinates":[-114.0865373,51.052577]},"properties":{"kind":"transit","id":"7456","title":"WB Kensington RD @ 10 ST NW","description":"Calgary Transit stop 7456","status":"ACTIVE","date":"2026-08-18","communityCode":""}},{"type":"Feature","geometry":{"type":"Point","coordinates":[-114.091118,51.0525832]},"properties":{"kind":"transit","id":"7457","title":"WB Kensington RD @ 11A ST NW","description":"Calgary Transit stop 7457","status":"ACTIVE","date":"2026-08-18","communityCode":""}},{"type":"Feature","geometry":{"type":"Point","coordinates":[-114.0828761,51.0488426]},"properties":{"kind":"transit","id":"7464","title":"EB 5 AV SW @ 9 ST SW","description":"Calgary Transit stop 7464","status":"ACTIVE","date":"2026-08-18","communityCode":""}},{"type":"Feature","geometry":{"type":"Point","coordinates":[-114.0574175,51.0443541]},"properties":{"kind":"transit","id":"7585","title":"EB 9 AV SE @ Macleod TR","description":"Calgary Transit stop 7585","status":"ACTIVE","date":"2026-08-18","communityCode":""}},{"type":"Feature","geometry":{"type":"Point","coordinates":[-114.081921,51.0499611]},"properties":{"kind":"transit","id":"7666","title":"WB 4 AV SW @ 8 ST SW","description":"Calgary Transit stop 7666","status":"ACTIVE","date":"2026-08-18","communityCode":""}},{"type":"Feature","geometry":{"type":"Point","coordinates":[-114.0866598,51.0524451]},"properties":{"kind":"transit","id":"7669","title":"EB Kensington RD @ 10A ST NW","description":"Calgary Transit stop 7669","status":"ACTIVE","date":"2026-08-18","communityCode":""}},{"type":"Feature","geometry":{"type":"Point","coordinates":[-114.0844808,51.0644078]},"properties":{"kind":"transit","id":"7672","title":"NB 10 ST NW @ 13 AV NW","description":"Calgary Transit stop 7672","status":"ACTIVE","date":"2026-08-18","communityCode":""}},{"type":"Feature","geometry":{"type":"Point","coordinates":[-114.0507803,51.0297948]},"properties":{"kind":"transit","id":"7705","title":"WB 25 AV SE @ Spiller RD","description":"Calgary Transit stop 7705","status":"ACTIVE","date":"2026-08-18","communityCode":""}},{"type":"Feature","geometry":{"type":"Point","coordinates":[-114.0711362,51.0365424]},"properties":{"kind":"transit","id":"7814","title":"NB 4 ST SW @ 19 AV SW","description":"Calgary Transit stop 7814","status":"ACTIVE","date":"2026-08-18","communityCode":""}},{"type":"Feature","geometry":{"type":"Point","coordinates":[-114.0618358,51.0304603]},"properties":{"kind":"transit","id":"7818","title":"EB 25 AV SW @ Erlton ST SW","description":"Calgary Transit stop 7818","status":"ACTIVE","date":"2026-08-18","communityCode":""}},{"type":"Feature","geometry":{"type":"Point","coordinates":[-114.0617709,51.0305846]},"properties":{"kind":"transit","id":"7819","title":"WB 25 AV SW @ Erlton RD","description":"Calgary Transit stop 7819","status":"ACTIVE","date":"2026-08-18","communityCode":""}},{"type":"Feature","geometry":{"type":"Point","coordinates":[-114.0512395,51.0295275]},"properties":{"kind":"transit","id":"7820","title":"EB 25 AV SE @ Spiller RD","description":"Calgary Transit stop 7820","status":"ACTIVE","date":"2026-08-18","communityCode":""}},{"type":"Feature","geometry":{"type":"Point","coordinates":[-114.045475,51.0358312]},"properties":{"kind":"transit","id":"7821","title":"EB Burns AV @ Ramsay ST SE","description":"Calgary Transit stop 7821","status":"ACTIVE","date":"2026-08-18","communityCode":""}},{"type":"Feature","geometry":{"type":"Point","coordinates":[-114.0447743,51.0380982]},"properties":{"kind":"transit","id":"7822","title":"SB Bellevue AV @ 17 AV SE","description":"Calgary Transit stop 7822","status":"ACTIVE","date":"2026-08-18","communityCode":""}},{"type":"Feature","geometry":{"type":"Point","coordinates":[-114.0487682,51.0307064]},"properties":{"kind":"transit","id":"7823","title":"SB Spiller RD @ 6 ST SE","description":"Calgary Transit stop 7823","status":"ACTIVE","date":"2026-08-18","communityCode":""}},{"type":"Feature","geometry":{"type":"Point","coordinates":[-114.0459189,51.0326672]},"properties":{"kind":"transit","id":"7824","title":"SB Spiller RD @ 23 AV SE","description":"Calgary Transit stop 7824","status":"ACTIVE","date":"2026-08-18","communityCode":""}},{"type":"Feature","geometry":{"type":"Point","coordinates":[-114.0447623,51.0329078]},"properties":{"kind":"transit","id":"7826","title":"EB 23 AV SE @ Spiller RD","description":"Calgary Transit stop 7826","status":"ACTIVE","date":"2026-08-18","communityCode":""}},{"type":"Feature","geometry":{"type":"Point","coordinates":[-114.0605901,51.0467547]},"properties":{"kind":"transit","id":"7830","title":"SB 1 ST SE @ 7 AV SE","description":"Calgary Transit stop 7830","status":"ACTIVE","date":"2026-08-18","communityCode":""}},{"type":"Feature","geometry":{"type":"Point","coordinates":[-114.0588158,51.0423295]},"properties":{"kind":"transit","id":"7834","title":"WB 11 AV @ Macleod TR SE","description":"Calgary Transit stop 7834","status":"ACTIVE","date":"2026-08-18","communityCode":""}},{"type":"Feature","geometry":{"type":"Point","coordinates":[-114.0515547,51.0411839]},"properties":{"kind":"transit","id":"7836","title":"WB 12 AV SE @ 5 ST SE","description":"Calgary Transit stop 7836","status":"ACTIVE","date":"2026-08-18","communityCode":""}},{"type":"Feature","geometry":{"type":"Point","coordinates":[-114.0505827,51.0409885]},"properties":{"kind":"transit","id":"7837","title":"EB 12 AV SE @ 5 ST SE","description":"Calgary Transit stop 7837","status":"ACTIVE","date":"2026-08-18","communityCode":""}},{"type":"Feature","geometry":{"type":"Point","coordinates":[-114.0579336,51.0411649]},"properties":{"kind":"transit","id":"7838","title":"EB 12 AV SE @ Macleod TR","description":"Calgary Transit stop 7838","status":"ACTIVE","date":"2026-08-18","communityCode":""}},{"type":"Feature","geometry":{"type":"Point","coordinates":[-114.0555382,51.0411405]},"properties":{"kind":"transit","id":"7839","title":"EB 12 AV SE @ 3 ST SE","description":"Calgary Transit stop 7839","status":"ACTIVE","date":"2026-08-18","communityCode":""}},{"type":"Feature","geometry":{"type":"Point","coordinates":[-114.0657905,51.0430446]},"properties":{"kind":"transit","id":"7840","title":"SB 1 ST SW @ 10 AV SW","description":"Calgary Transit stop 7840","status":"ACTIVE","date":"2026-08-18","communityCode":""}},{"type":"Feature","geometry":{"type":"Point","coordinates":[-114.065592,51.0473122]},"properties":{"kind":"transit","id":"7845","title":"SB 1 ST SW @ 6 AV SW","description":"Calgary Transit stop 7845","status":"ACTIVE","date":"2026-08-18","communityCode":""}},{"type":"Feature","geometry":{"type":"Point","coordinates":[-114.0713969,51.0410257]},"properties":{"kind":"transit","id":"7846","title":"NB 4 ST SW @ 13 AV SW","description":"Calgary Transit stop 7846","status":"ACTIVE","date":"2026-08-18","communityCode":""}},{"type":"Feature","geometry":{"type":"Point","coordinates":[-114.0949527,51.0439896]},"properties":{"kind":"transit","id":"7857","title":"SB 14 ST SW @ 10 AV SW","description":"Calgary Transit stop 7857","status":"ACTIVE","date":"2026-08-18","communityCode":""}},{"type":"Feature","geometry":{"type":"Point","coordinates":[-114.0939035,51.0377301]},"properties":{"kind":"transit","id":"7918","title":"EB 17 AV SW @ 14 ST SW","description":"Calgary Transit stop 7918","status":"ACTIVE","date":"2026-08-18","communityCode":""}},{"type":"Feature","geometry":{"type":"Point","coordinates":[-114.0908348,51.0377526]},"properties":{"kind":"transit","id":"7919","title":"EB 17 AV SW @ 12 ST SW","description":"Calgary Transit stop 7919","status":"ACTIVE","date":"2026-08-18","communityCode":""}},{"type":"Feature","geometry":{"type":"Point","coordinates":[-114.0897842,51.0377624]},"properties":{"kind":"transit","id":"7920","title":"EB 17 AV SW @ 11 ST SW fs","description":"Calgary Transit stop 7920","status":"ACTIVE","date":"2026-08-18","communityCode":""}},{"type":"Feature","geometry":{"type":"Point","coordinates":[-114.0862003,51.037718]},"properties":{"kind":"transit","id":"7921","title":"EB 17 AV SW @ 10 ST SW","description":"Calgary Transit stop 7921","status":"ACTIVE","date":"2026-08-18","communityCode":""}},{"type":"Feature","geometry":{"type":"Point","coordinates":[-114.085411,51.0377694]},"properties":{"kind":"transit","id":"7922","title":"EB 17 AV SW @ 9A ST SW fs","description":"Calgary Transit stop 7922","status":"ACTIVE","date":"2026-08-18","communityCode":""}},{"type":"Feature","geometry":{"type":"Point","coordinates":[-114.0765685,51.0377471]},"properties":{"kind":"transit","id":"7926","title":"EB 17 AV SW @ 6 ST SW","description":"Calgary Transit stop 7926","status":"ACTIVE","date":"2026-08-18","communityCode":""}},{"type":"Feature","geometry":{"type":"Point","coordinates":[-114.0709912,51.0377333]},"properties":{"kind":"transit","id":"7928","title":"EB 17 AV SW @ 4 ST SW","description":"Calgary Transit stop 7928","status":"ACTIVE","date":"2026-08-18","communityCode":""}},{"type":"Feature","geometry":{"type":"Point","coordinates":[-114.0599296,51.0301514]},"properties":{"kind":"transit","id":"7929","title":"SB Macleod TR @ 25 AV SW","description":"Calgary Transit stop 7929","status":"ACTIVE","date":"2026-08-18","communityCode":""}},{"type":"Feature","geometry":{"type":"Point","coordinates":[-114.0611414,51.0391769]},"properties":{"kind":"transit","id":"7930","title":"SB 1 ST SE @ 14 AV SE","description":"Calgary Transit stop 7930","status":"ACTIVE","date":"2026-08-18","communityCode":""}},{"type":"Feature","geometry":{"type":"Point","coordinates":[-114.0719929,51.0379113]},"properties":{"kind":"transit","id":"7932","title":"WB 17 AV SW @ 4 ST SW","description":"Calgary Transit stop 7932","status":"ACTIVE","date":"2026-08-18","communityCode":""}},{"type":"Feature","geometry":{"type":"Point","coordinates":[-114.0772432,51.0379079]},"properties":{"kind":"transit","id":"7933","title":"WB 17 AV SW @ 6 ST SW","description":"Calgary Transit stop 7933","status":"ACTIVE","date":"2026-08-18","communityCode":""}},{"type":"Feature","geometry":{"type":"Point","coordinates":[-114.0823078,51.0379087]},"properties":{"kind":"transit","id":"7934","title":"WB 17 AV SW @ 8 ST SW","description":"Calgary Transit stop 7934","status":"ACTIVE","date":"2026-08-18","communityCode":""}},{"type":"Feature","geometry":{"type":"Point","coordinates":[-114.087144,51.0379125]},"properties":{"kind":"transit","id":"7938","title":"WB 17 AV SW @ 10 ST SW","description":"Calgary Transit stop 7938","status":"ACTIVE","date":"2026-08-18","communityCode":""}},{"type":"Feature","geometry":{"type":"Point","coordinates":[-114.0897396,51.0379043]},"properties":{"kind":"transit","id":"7940","title":"WB 17 AV SW @ 11 ST SW fs","description":"Calgary Transit stop 7940","status":"ACTIVE","date":"2026-08-18","communityCode":""}},{"type":"Feature","geometry":{"type":"Point","coordinates":[-114.0954911,51.0378955]},"properties":{"kind":"transit","id":"7941","title":"WB 17 AV SW @ 14 ST SW","description":"Calgary Transit stop 7941","status":"ACTIVE","date":"2026-08-18","communityCode":""}},{"type":"Feature","geometry":{"type":"Point","coordinates":[-114.1003842,51.0379002]},"properties":{"kind":"transit","id":"7942","title":"WB 17 AV SW @ 16 A ST SW","description":"Calgary Transit stop 7942","status":"ACTIVE","date":"2026-08-18","communityCode":""}},{"type":"Feature","geometry":{"type":"Point","coordinates":[-114.100399,51.0378916]},"properties":{"kind":"transit","id":"7943","title":"WB 17 AV SW @ 16A ST SW","description":"Calgary Transit stop 7943","status":"ACTIVE","date":"2026-08-18","communityCode":""}},{"type":"Feature","geometry":{"type":"Point","coordinates":[-114.1074531,51.0524402]},"properties":{"kind":"transit","id":"8019","title":"EB Kensington RD @ 20 ST NW","description":"Calgary Transit stop 8019","status":"ACTIVE","date":"2026-08-18","communityCode":""}},{"type":"Feature","geometry":{"type":"Point","coordinates":[-114.1075724,51.0571655]},"properties":{"kind":"transit","id":"8031","title":"EB 5 AV NW @ 20 ST NW","description":"Calgary Transit stop 8031","status":"ACTIVE","date":"2026-08-18","communityCode":""}},{"type":"Feature","geometry":{"type":"Point","coordinates":[-114.105463,51.0584894]},"properties":{"kind":"transit","id":"8032","title":"NB 19 ST NW @ 6 AV NW","description":"Calgary Transit stop 8032","status":"ACTIVE","date":"2026-08-18","communityCode":""}},{"type":"Feature","geometry":{"type":"Point","coordinates":[-114.1027252,51.0595909]},"properties":{"kind":"transit","id":"8036","title":"EB 8 AV NW @ 18 ST NW","description":"Calgary Transit stop 8036","status":"ACTIVE","date":"2026-08-18","communityCode":""}},{"type":"Feature","geometry":{"type":"Point","coordinates":[-114.0969582,51.0596006]},"properties":{"kind":"transit","id":"8037","title":"EB 8 AV NW @ W. of 15 ST NW","description":"Calgary Transit stop 8037","status":"ACTIVE","date":"2026-08-18","communityCode":""}},{"type":"Feature","geometry":{"type":"Point","coordinates":[-114.0782707,51.0580732]},"properties":{"kind":"transit","id":"8040","title":"SB 2 AV NW @ 6 ST NW","description":"Calgary Transit stop 8040","status":"ACTIVE","date":"2026-08-18","communityCode":""}},{"type":"Feature","geometry":{"type":"Point","coordinates":[-114.0790564,51.0573822]},"properties":{"kind":"transit","id":"8043","title":"NB 2 AV NW @ 7 ST NW","description":"Calgary Transit stop 8043","status":"ACTIVE","date":"2026-08-18","communityCode":""}},{"type":"Feature","geometry":{"type":"Point","coordinates":[-114.0857958,51.0559765]},"properties":{"kind":"transit","id":"8045","title":"NB 10 ST NW @ 3 AV NW","description":"Calgary Transit stop 8045","status":"ACTIVE","date":"2026-08-18","communityCode":""}},{"type":"Feature","geometry":{"type":"Point","coordinates":[-114.0858155,51.0574791]},"properties":{"kind":"transit","id":"8046","title":"NB 10 ST NW @ 5 AV NW","description":"Calgary Transit stop 8046","status":"ACTIVE","date":"2026-08-18","communityCode":""}},{"type":"Feature","geometry":{"type":"Point","coordinates":[-114.0893465,51.0571624]},"properties":{"kind":"transit","id":"8048","title":"WB 5 AV NW @ 11 ST NW","description":"Calgary Transit stop 8048","status":"ACTIVE","date":"2026-08-18","communityCode":""}},{"type":"Feature","geometry":{"type":"Point","coordinates":[-114.0922586,51.057154]},"properties":{"kind":"transit","id":"8049","title":"WB 5 AV NW @ 12 ST NW","description":"Calgary Transit stop 8049","status":"ACTIVE","date":"2026-08-18","communityCode":""}},{"type":"Feature","geometry":{"type":"Point","coordinates":[-114.0859934,51.0530581]},"properties":{"kind":"transit","id":"8051","title":"SB 10 ST NW @ Kensington RD","description":"Calgary Transit stop 8051","status":"ACTIVE","date":"2026-08-18","communityCode":""}},{"type":"Feature","geometry":{"type":"Point","coordinates":[-114.094236,51.0572572]},"properties":{"kind":"transit","id":"8052","title":"EB 5 AV NW @ 14 ST NW","description":"Calgary Transit stop 8052","status":"ACTIVE","date":"2026-08-18","communityCode":""}},{"type":"Feature","geometry":{"type":"Point","coordinates":[-114.0971006,51.0575533]},"properties":{"kind":"transit","id":"8053","title":"EB 6 AV NW @ 16 ST NW","description":"Calgary Transit stop 8053","status":"ACTIVE","date":"2026-08-18","communityCode":""}},{"type":"Feature","geometry":{"type":"Point","coordinates":[-114.0882691,51.0570456]},"properties":{"kind":"transit","id":"8054","title":"EB 5 AV NW @ 11 ST NW","description":"Calgary Transit stop 8054","status":"ACTIVE","date":"2026-08-18","communityCode":""}},{"type":"Feature","geometry":{"type":"Point","coordinates":[-114.0707769,51.0377369]},"properties":{"kind":"transit","id":"8070","title":"EB 17 AV SW @ 4 ST SW","description":"Calgary Transit stop 8070","status":"ACTIVE","date":"2026-08-18","communityCode":""}},{"type":"Feature","geometry":{"type":"Point","coordinates":[-114.0670693,51.0503536]},"properties":{"kind":"transit","id":"8072","title":"EB 3 AV SW @ 2 ST SW","description":"Calgary Transit stop 8072","status":"ACTIVE","date":"2026-08-18","communityCode":""}},{"type":"Feature","geometry":{"type":"Point","coordinates":[-114.0659578,51.0406913]},"properties":{"kind":"transit","id":"8076","title":"SB 1 ST SW @ 13 AV SW ns","description":"Calgary Transit stop 8076","status":"ACTIVE","date":"2026-08-18","communityCode":""}},{"type":"Feature","geometry":{"type":"Point","coordinates":[-114.0909738,51.0421366]},"properties":{"kind":"transit","id":"8089","title":"EB 12 AV SW @ 12 ST SW","description":"Calgary Transit stop 8089","status":"ACTIVE","date":"2026-08-18","communityCode":""}},{"type":"Feature","geometry":{"type":"Point","coordinates":[-114.0883532,51.0420623]},"properties":{"kind":"transit","id":"8090","title":"EB 12 AV SW @ 11 ST SW","description":"Calgary Transit stop 8090","status":"ACTIVE","date":"2026-08-18","communityCode":""}},{"type":"Feature","geometry":{"type":"Point","coordinates":[-114.0860887,51.0419968]},"properties":{"kind":"transit","id":"8091","title":"EB 12 AV SW @ 10 ST SW","description":"Calgary Transit stop 8091","status":"ACTIVE","date":"2026-08-18","communityCode":""}},{"type":"Feature","geometry":{"type":"Point","coordinates":[-114.078583,51.0417823]},"properties":{"kind":"transit","id":"8093","title":"EB 12 AV SW @ 7 ST SW","description":"Calgary Transit stop 8093","status":"ACTIVE","date":"2026-08-18","communityCode":""}},{"type":"Feature","geometry":{"type":"Point","coordinates":[-114.07629,51.0417159]},"properties":{"kind":"transit","id":"8094","title":"EB 12 AV SW @ 6 ST SW","description":"Calgary Transit stop 8094","status":"ACTIVE","date":"2026-08-18","communityCode":""}},{"type":"Feature","geometry":{"type":"Point","coordinates":[-114.0698901,51.047717]},"properties":{"kind":"transit","id":"8200","title":"WB 6 AV SW @ 3 ST SW","description":"Calgary Transit stop 8200","status":"ACTIVE","date":"2026-08-18","communityCode":""}},{"type":"Feature","geometry":{"type":"Point","coordinates":[-114.0845768,51.0481205]},"properties":{"kind":"transit","id":"8426","title":"WB 6 AV SW @ 9 ST SW farside","description":"Calgary Transit stop 8426","status":"ACTIVE","date":"2026-08-18","communityCode":""}},{"type":"Feature","geometry":{"type":"Point","coordinates":[-114.033241,51.0504616]},"properties":{"kind":"transit","id":"8442","title":"EB 12 ST NE @ McDougall RD","description":"Calgary Transit stop 8442","status":"ACTIVE","date":"2026-08-18","communityCode":""}},{"type":"Feature","geometry":{"type":"Point","coordinates":[-114.0607159,51.0456245]},"properties":{"kind":"transit","id":"8449","title":"SB 1 ST SE @ 8 AV SE","description":"Calgary Transit stop 8449","status":"ACTIVE","date":"2026-08-18","communityCode":""}},{"type":"Feature","geometry":{"type":"Point","coordinates":[-114.049849,51.053203]},"properties":{"kind":"transit","id":"8528","title":"EB 1 AV NE @ Edmonton TR","description":"Calgary Transit stop 8528","status":"ACTIVE","date":"2026-08-18","communityCode":""}},{"type":"Feature","geometry":{"type":"Point","coordinates":[-114.080254,51.0487861]},"properties":{"kind":"transit","id":"8529","title":"EB 5 AV SW @ 8 ST SW","description":"Calgary Transit stop 8529","status":"ACTIVE","date":"2026-08-18","communityCode":""}},{"type":"Feature","geometry":{"type":"Point","coordinates":[-114.0584793,51.0384082]},"properties":{"kind":"transit","id":"8556","title":"SB Victoria Park / Stampede CTrain Station","description":"Calgary Transit stop 8556","status":"ACTIVE","date":"2026-08-18","communityCode":""}},{"type":"Feature","geometry":{"type":"Point","coordinates":[-114.0590611,51.0319285]},"properties":{"kind":"transit","id":"8557","title":"SB Erlton / Stampede Station","description":"Calgary Transit stop 8557","status":"ACTIVE","date":"2026-08-18","communityCode":""}},{"type":"Feature","geometry":{"type":"Point","coordinates":[-114.0845021,51.056349]},"properties":{"kind":"transit","id":"8562","title":"SB Sunnyside CTrain Station","description":"Calgary Transit stop 8562","status":"ACTIVE","date":"2026-08-18","communityCode":""}},{"type":"Feature","geometry":{"type":"Point","coordinates":[-114.0912792,51.0629853]},"properties":{"kind":"transit","id":"8563","title":"SB SAIT / AUArts / Jubilee CTrain Stn","description":"Calgary Transit stop 8563","status":"ACTIVE","date":"2026-08-18","communityCode":""}},{"type":"Feature","geometry":{"type":"Point","coordinates":[-114.0398696,51.0490098]},"properties":{"kind":"transit","id":"8567","title":"WB Bridgeland - Memorial CTrain Station","description":"Calgary Transit stop 8567","status":"ACTIVE","date":"2026-08-18","communityCode":""}},{"type":"Feature","geometry":{"type":"Point","coordinates":[-114.0255447,51.0474144]},"properties":{"kind":"transit","id":"8568","title":"WB Zoo CTrain Station","description":"Calgary Transit stop 8568","status":"ACTIVE","date":"2026-08-18","communityCode":""}},{"type":"Feature","geometry":{"type":"Point","coordinates":[-114.0066035,51.0455704]},"properties":{"kind":"transit","id":"8569","title":"WB Barlow - Max Bell CTrain Station","description":"Calgary Transit stop 8569","status":"ACTIVE","date":"2026-08-18","communityCode":""}},{"type":"Feature","geometry":{"type":"Point","coordinates":[-114.0842792,51.0451358]},"properties":{"kind":"transit","id":"8649","title":"EB 9 AV SW @ 9 ST SW","description":"Calgary Transit stop 8649","status":"ACTIVE","date":"2026-08-18","communityCode":""}},{"type":"Feature","geometry":{"type":"Point","coordinates":[-114.0772509,51.0449457]},"properties":{"kind":"transit","id":"8650","title":"EB 9 AV SW @ W. of 6 ST SW","description":"Calgary Transit stop 8650","status":"ACTIVE","date":"2026-08-18","communityCode":""}},{"type":"Feature","geometry":{"type":"Point","coordinates":[-114.0733408,51.0448172]},"properties":{"kind":"transit","id":"8651","title":"EB 9 AV SW @ 5 ST SW","description":"Calgary Transit stop 8651","status":"ACTIVE","date":"2026-08-18","communityCode":""}},{"type":"Feature","geometry":{"type":"Point","coordinates":[-114.0688971,51.0446878]},"properties":{"kind":"transit","id":"8652","title":"EB 9 AV SW @ 2 ST SW","description":"Calgary Transit stop 8652","status":"ACTIVE","date":"2026-08-18","communityCode":""}},{"type":"Feature","geometry":{"type":"Point","coordinates":[-114.0555671,51.0455209]},"properties":{"kind":"transit","id":"8653","title":"NB 3 ST @ 7 AV SE","description":"Calgary Transit stop 8653","status":"ACTIVE","date":"2026-08-18","communityCode":""}},{"type":"Feature","geometry":{"type":"Point","coordinates":[-114.0802392,51.0487947]},"properties":{"kind":"transit","id":"8658","title":"EB 5 AV SW @ 8 ST SW","description":"Calgary Transit stop 8658","status":"ACTIVE","date":"2026-08-18","communityCode":""}},{"type":"Feature","geometry":{"type":"Point","coordinates":[-114.0175662,51.0541011]},"properties":{"kind":"transit","id":"8663","title":"NB Manning RD @ N. of Centre AV E","description":"Calgary Transit stop 8663","status":"ACTIVE","date":"2026-08-18","communityCode":""}},{"type":"Feature","geometry":{"type":"Point","coordinates":[-114.0876012,51.0431319]},"properties":{"kind":"transit","id":"8665","title":"WB 11 AV @ 10 ST SW","description":"Calgary Transit stop 8665","status":"ACTIVE","date":"2026-08-18","communityCode":""}},{"type":"Feature","geometry":{"type":"Point","coordinates":[-114.0945972,51.0353097]},"properties":{"kind":"transit","id":"8752","title":"NB 14 ST SW @ 21 AV SW","description":"Calgary Transit stop 8752","status":"ACTIVE","date":"2026-08-18","communityCode":""}},{"type":"Feature","geometry":{"type":"Point","coordinates":[-114.0810765,51.037752]},"properties":{"kind":"transit","id":"8771","title":"EB 17 AV SW @ 8 ST SW","description":"Calgary Transit stop 8771","status":"ACTIVE","date":"2026-08-18","communityCode":""}},{"type":"Feature","geometry":{"type":"Point","coordinates":[-114.0401591,51.0431075]},"properties":{"kind":"transit","id":"8832","title":"WB 9 AV @ 9 ST SE","description":"Calgary Transit stop 8832","status":"ACTIVE","date":"2026-08-18","communityCode":""}},{"type":"Feature","geometry":{"type":"Point","coordinates":[-114.1062157,51.0525796]},"properties":{"kind":"transit","id":"8839","title":"WB Kensington RD @ 19 ST NW","description":"Calgary Transit stop 8839","status":"ACTIVE","date":"2026-08-18","communityCode":""}},{"type":"Feature","geometry":{"type":"Point","coordinates":[-114.0293679,51.0394073]},"properties":{"kind":"transit","id":"8849","title":"WB 9 AV SE @ 14 ST SE","description":"Calgary Transit stop 8849","status":"ACTIVE","date":"2026-08-18","communityCode":""}},{"type":"Feature","geometry":{"type":"Point","coordinates":[-114.0845453,51.0636089]},"properties":{"kind":"transit","id":"8962","title":"SB 10 ST NW @ 13 AV NW","description":"Calgary Transit stop 8962","status":"ACTIVE","date":"2026-08-18","communityCode":""}},{"type":"Feature","geometry":{"type":"Point","coordinates":[-114.0850041,51.0683696]},"properties":{"kind":"transit","id":"8967","title":"SB 10 ST NW @ 18 AV NW","description":"Calgary Transit stop 8967","status":"ACTIVE","date":"2026-08-18","communityCode":""}},{"type":"Feature","geometry":{"type":"Point","coordinates":[-114.0847623,51.0666753]},"properties":{"kind":"transit","id":"8968","title":"NB 10 ST NW @ 16 AV NW","description":"Calgary Transit stop 8968","status":"ACTIVE","date":"2026-08-18","communityCode":""}},{"type":"Feature","geometry":{"type":"Point","coordinates":[-114.0865549,51.0482059]},"properties":{"kind":"transit","id":"9078","title":"WB 6 AV SW @ 10 ST SW","description":"Calgary Transit stop 9078","status":"ACTIVE","date":"2026-08-18","communityCode":""}},{"type":"Feature","geometry":{"type":"Point","coordinates":[-114.0973608,51.0643419]},"properties":{"kind":"transit","id":"9081","title":"EB 14 AV NW @ 14 ST NW","description":"Calgary Transit stop 9081","status":"ACTIVE","date":"2026-08-18","communityCode":""}},{"type":"Feature","geometry":{"type":"Point","coordinates":[-114.083976,51.0667609]},"properties":{"kind":"transit","id":"9404","title":"EB 16 AV NW @ 10 ST NW","description":"Calgary Transit stop 9404","status":"ACTIVE","date":"2026-08-18","communityCode":""}},{"type":"Feature","geometry":{"type":"Point","coordinates":[-114.0808632,51.0667731]},"properties":{"kind":"transit","id":"9405","title":"EB 16 AV NW @ 8 ST NW","description":"Calgary Transit stop 9405","status":"ACTIVE","date":"2026-08-18","communityCode":""}},{"type":"Feature","geometry":{"type":"Point","coordinates":[-114.0415794,51.061584]},"properties":{"kind":"transit","id":"9411","title":"SB Russet RD @ Remington RD NE","description":"Calgary Transit stop 9411","status":"ACTIVE","date":"2026-08-18","communityCode":""}},{"type":"Feature","geometry":{"type":"Point","coordinates":[-114.0356441,51.0588609]},"properties":{"kind":"transit","id":"9412","title":"WB Child AV @ Bantry ST NE","description":"Calgary Transit stop 9412","status":"ACTIVE","date":"2026-08-18","communityCode":""}},{"type":"Feature","geometry":{"type":"Point","coordinates":[-114.0374177,51.0596975]},"properties":{"kind":"transit","id":"9413","title":"WB 8 AV NE @ Regal CR","description":"Calgary Transit stop 9413","status":"ACTIVE","date":"2026-08-18","communityCode":""}},{"type":"Feature","geometry":{"type":"Point","coordinates":[-114.0818439,51.0670674]},"properties":{"kind":"transit","id":"9433","title":"WB 16 AV NW @ 8 ST NW","description":"Calgary Transit stop 9433","status":"ACTIVE","date":"2026-08-18","communityCode":""}},{"type":"Feature","geometry":{"type":"Point","coordinates":[-114.0859562,51.0670532]},"properties":{"kind":"transit","id":"9434","title":"WB 16 AV NW @ 10 ST NW","description":"Calgary Transit stop 9434","status":"ACTIVE","date":"2026-08-18","communityCode":""}},{"type":"Feature","geometry":{"type":"Point","coordinates":[-114.1019886,51.0576504]},"properties":{"kind":"transit","id":"9770","title":"WB 6 AV NW @ 18 ST NW","description":"Calgary Transit stop 9770","status":"ACTIVE","date":"2026-08-18","communityCode":""}},{"type":"Feature","geometry":{"type":"Point","coordinates":[-114.1017056,51.057566]},"properties":{"kind":"transit","id":"9777","title":"EB 6 AV NW @ 18 ST NW","description":"Calgary Transit stop 9777","status":"ACTIVE","date":"2026-08-18","communityCode":""}},{"type":"Feature","geometry":{"type":"Point","coordinates":[-114.0573457,51.0443613]},"properties":{"kind":"transit","id":"9802","title":"EB 9 AV @ Macleod TR SE","description":"Calgary Transit stop 9802","status":"ACTIVE","date":"2026-08-18","communityCode":""}},{"type":"Feature","geometry":{"type":"Point","coordinates":[-114.0339968,51.0410271]},"properties":{"kind":"transit","id":"9805","title":"EB 9 AV SE @ 12 ST SE","description":"Calgary Transit stop 9805","status":"ACTIVE","date":"2026-08-18","communityCode":""}},{"type":"Feature","geometry":{"type":"Point","coordinates":[-114.0348208,51.0415302]},"properties":{"kind":"transit","id":"9820","title":"WB 9 AV @ 12 ST SE","description":"Calgary Transit stop 9820","status":"ACTIVE","date":"2026-08-18","communityCode":""}},{"type":"Feature","geometry":{"type":"Point","coordinates":[-114.045308,51.0440573]},"properties":{"kind":"transit","id":"9821","title":"WB 9 AV SE @ The Confluence","description":"Calgary Transit stop 9821","status":"ACTIVE","date":"2026-08-18","communityCode":""}},{"type":"Feature","geometry":{"type":"Point","coordinates":[-114.0793623,51.0479902]},"properties":{"kind":"transit","id":"9828","title":"WB 6 AV SW @ W. of 7 ST SW","description":"Calgary Transit stop 9828","status":"ACTIVE","date":"2026-08-18","communityCode":""}},{"type":"Feature","geometry":{"type":"Point","coordinates":[-114.0739483,51.046429]},"properties":{"kind":"transit","id":"9921","title":"SB 5 ST SW @ 7 AVE SW","description":"Calgary Transit stop 9921","status":"ACTIVE","date":"2026-08-18","communityCode":""}},{"type":"Feature","geometry":{"type":"Point","coordinates":[-114.0629366,51.0489095]},"properties":{"kind":"transit","id":"9971","title":"SB Centre ST S @ 4 AV S","description":"Calgary Transit stop 9971","status":"ACTIVE","date":"2026-08-18","communityCode":""}},{"type":"Feature","geometry":{"type":"Point","coordinates":[-114.0575511,51.047378]},"properties":{"kind":"transit","id":"9977","title":"WB 6 AV SE @ Macleod TR","description":"Calgary Transit stop 9977","status":"ACTIVE","date":"2026-08-18","communityCode":""}},{"type":"Feature","geometry":{"type":"Point","coordinates":[-114.078251,51.0479625]},"properties":{"kind":"transit","id":"9979","title":"WB 6 AV SW @ 7 ST SW","description":"Calgary Transit stop 9979","status":"ACTIVE","date":"2026-08-18","communityCode":""}},{"type":"Feature","geometry":{"type":"Point","coordinates":[-114.0698189,51.0477152]},"properties":{"kind":"transit","id":"9982","title":"WB 6 AV SW @ 3 ST SW","description":"Calgary Transit stop 9982","status":"ACTIVE","date":"2026-08-18","communityCode":""}},{"type":"Feature","geometry":{"type":"Point","coordinates":[-114.0651724,51.0609379]},"properties":{"kind":"transit","id":"112112","title":"Crescent Heights High School","description":"Calgary Transit stop 112112","status":"ACTIVE","date":"2026-08-18","communityCode":""}}],"metadata":{"licence":{"name":"Open Government Licence – City of Calgary","url":"https://data.calgary.ca/stories/s/Open-Calgary-Terms-of-Use/u45n-7awa/","attribution":"Contains information licensed under the Open Government Licence – City of Calgary."},"sourceNote":"Point display extract: 178 City of Calgary development permits and 381 transit stops. Source-specific details and dates remain in the source register.","sources":[{"title":"Development Permits","url":"https://data.calgary.ca/d/6933-unw5"},{"title":"Calgary Transit Stops","url":"https://data.calgary.ca/d/muzh-c9qc"}]}}
