{"type":"FeatureCollection","metadata":{"schemaVersion":1,"source":{"publisher":"City of Calgary","title":"Schools","url":"https://data.calgary.ca/d/fd9t-tdn2","metadataUrl":"https://data.calgary.ca/api/views/fd9t-tdn2.json","retrievedAt":"2026-09-16T09:46:36.568Z","sourceRowsUpdatedAt":"2026-09-01T12:36:49.000Z","licenceUrl":"https://data.calgary.ca/stories/s/Open-Calgary-Terms-of-Use/u45n-7awa/","attribution":"Contains information licensed under the Open Government Licence – City of Calgary.","rawSha256":"a813ac407694efe168a90a187c69b8f45961f78ea28afee9c36a1a7fe0b34507","queryUrl":"https://data.calgary.ca/resource/fd9t-tdn2.json?%24select=board%2Cname%2Caddress_ab%2Cpostal_cod%2Ccity%2Cprovince%2Cgrades%2Cpostsecond%2Celem%2Cjunior_h%2Csenior_h%2Cglobal_id%2Cpoint%2C%3Aid+as+source_row_id&%24order=global_id%2C%3Aid&%24limit=5000"},"counts":{"sourceRows":506,"schools":499,"postSecondary":7,"unknownLevel":31,"elementary":385,"juniorHigh":202,"high":111,"schoolPointsOutsideCommunityPolygons":0,"schoolWebsites":438,"rejectedWebsiteValues":1},"websiteSource":{"retrievedAt":"2026-09-16T09:49:58.639861Z","publisher":"Government of Alberta, Education","sourceUrl":"https://education.alberta.ca/media/1626669/authority_and_school.xlsx","catalogueUrl":"https://open.canada.ca/data/api/action/package_show?id=3542f7c1-fe9b-4203-aa01-8c859a871bd3","licence":"Open Government Licence – Alberta","licenceUrl":"https://open.alberta.ca/licence","attribution":"Contains information licensed under the Open Government Licence – Alberta.","extractDates":["2026-09-14"],"workbookSha256":"3c446638d7524743c2637bc9e092d7843f400e0bdb9851cfab82fca0b19e9a24","catalogueSha256":"ba91e544c8eceb09026990405e3f1cb64d9b11d057bd441950b36bd56daa4cef","citySourceSha256":"a813ac407694efe168a90a187c69b8f45961f78ea28afee9c36a1a7fe0b34507","method":"Exact normalized school name AND address1, with exact normalized authority name as an extra check. Normalization: case and diacritics, punctuation/whitespace; address-only common street-type/direction abbreviations and numeric ordinal suffixes. No school-name words removed; no fuzzy match, address-only match, name-only match or guessed URLs. Require exactly one provincial candidate and an http(s) School Website. Source URLs retained without rewriting.","limitations":"The provincial directory identifies the published school website but individual destinations have not all been opened. Does not establish attendance boundaries, current grade-specific program availability, admission eligibility, or operating status. Unmatched and ambiguous cases get no website.","counts":{"cityRows":506,"provinceCalgaryRows":605,"matched":439,"unmatched":39,"missing-or-invalid-website":24,"authority-mismatch":4}},"qualityNotes":[{"recordId":"{DF794E74-08FB-4D8D-8CF6-F40C501551EA}","name":"Chinook Learning Services","note":"The City publishes a southwest address with a map point in Tuxedo Park. Confirm the current campus before using this distance.","reviewedAt":"2026-09-16","sourceUrl":"https://data.calgary.ca/d/fd9t-tdn2","treatment":"Source point, address and area membership retained unchanged; display the discrepancy beside the distance."}],"method":{"levels":"The source elem, junior_h and senior_h flags establish the three groups. Multi-level schools appear in every reported group. GRADES is preserved as the supplied group description, not interpreted as a numbered grade range. Unknown levels remain available in a separate filter. School names are never used to guess grade levels.","records":"All source points retained, with distinct institutions at a shared campus kept separate. Post-secondary institutions are excluded from the elementary/junior-high/high-school directory.","areaMembership":"Source points tested against the bundled community and quadrant polygons using containsPoint. All matched area codes are retained; a single community/quadrant is assigned only when unambiguous. Geographic inclusion does not establish a school catchment.","boundaryHashes":{"communities.geojson":"8f373c177cbffb7497716c9ea591d572620d162a0331e90465334f70c7662fe4","quadrants.geojson":"f26604e77bc85e953a413e97b218b8d9c078a0636b74c6de59e7bc0e2c5485b7"},"distances":"Great-circle straight-line distance from the selected property or labelled representative area point. Not walking/driving distance, travel time, designated school or admission eligibility.","websites":"No individual website field is present in the City school schema. When the reviewed Alberta directory join is supplied, require exact normalized name, address and authority; preserve its provenance separately. Invalid or multi-URL values remain null, as do unmatched records. Links are source-published, not individually uptime-verified."},"limitations":["Coverage is the published City registry, not a guarantee that every currently operating institution or program is listed.","The publisher excludes private Early Childhood Services operators. Post-secondary sites are retained only for source reconciliation, not shown in the school list.","School grades, operators, addresses and admission rules can change. Confirm with the school or authority.","Distances and area membership use the published school map point. Source locations can lag a move or differ from the supplied address; reviewed discrepancies are shown on individual records.","Listed points can include online or specialized program offices; a mapped record is not proof of an in-person teaching campus.","No school rankings, enrolment capacity, attendance-boundary polygons or guaranteed placement are supplied.","City quadrant polygons have their own dated footprint; school address quadrants and geographic quadrant membership can differ."]},"features":[{"type":"Feature","id":"{001AD653-B981-4D64-B31E-5003BAA10605}","properties":{"id":"{001AD653-B981-4D64-B31E-5003BAA10605}","name":"Woodlands School","address":"88 Woodgreen Dr SW","locationNote":null,"board":"The Calgary School Division","grades":"Elementary","levels":["elementary"],"levelFlags":{"elementary":true,"juniorHigh":false,"high":false},"postSecondary":false,"website":"https://woodlands.cbe.ab.ca/","websiteSourceUrl":"https://education.alberta.ca/media/1626669/authority_and_school.xlsx","sourceUrl":"https://data.calgary.ca/d/fd9t-tdn2","communityCode":"WOO","quadrant":"SW","areaCodes":["Q_SW","WOO"]},"geometry":{"type":"Point","coordinates":[-114.1069838,50.9389419]}},{"type":"Feature","id":"{00347938-9CCC-4623-A781-67265F1D9368}","properties":{"id":"{00347938-9CCC-4623-A781-67265F1D9368}","name":"Glamorgan School","address":"50 Grafton Dr SW","locationNote":null,"board":"The Calgary School Division","grades":"Elementary/Junior High","levels":["elementary","juniorHigh"],"levelFlags":{"elementary":true,"juniorHigh":true,"high":false},"postSecondary":false,"website":"http://www.cbe.ab.ca/b121","websiteSourceUrl":"https://education.alberta.ca/media/1626669/authority_and_school.xlsx","sourceUrl":"https://data.calgary.ca/d/fd9t-tdn2","communityCode":"GLA","quadrant":"SW","areaCodes":["GLA","Q_SW"]},"geometry":{"type":"Point","coordinates":[-114.1454125,51.0153867]}},{"type":"Feature","id":"{0037DC75-DBCE-4ADF-8137-FA919C2679B2}","properties":{"id":"{0037DC75-DBCE-4ADF-8137-FA919C2679B2}","name":"Maria Montessori School","address":"Chief Crowfoot School Building \n2605 13 Avenue NW","locationNote":null,"board":"Maria Montessori Education Centre of Calgary, Ltd.","grades":"Elementary/Junior High","levels":["elementary","juniorHigh"],"levelFlags":{"elementary":true,"juniorHigh":true,"high":false},"postSecondary":false,"website":null,"websiteSourceUrl":null,"sourceUrl":"https://data.calgary.ca/d/fd9t-tdn2","communityCode":"STA","quadrant":"NW","areaCodes":["Q_NW","STA"]},"geometry":{"type":"Point","coordinates":[-114.1235969,51.0627165]}},{"type":"Feature","id":"{019AE1BF-0B38-4DE6-92A0-15A5DB207FBC}","properties":{"id":"{019AE1BF-0B38-4DE6-92A0-15A5DB207FBC}","name":"Collingwood School","address":"3826 Collingwood Dr NW","locationNote":null,"board":"The Calgary School Division","grades":"Elementary","levels":["elementary"],"levelFlags":{"elementary":true,"juniorHigh":false,"high":false},"postSecondary":false,"website":"http://www.cbe.ab.ca/b212","websiteSourceUrl":"https://education.alberta.ca/media/1626669/authority_and_school.xlsx","sourceUrl":"https://data.calgary.ca/d/fd9t-tdn2","communityCode":"COL","quadrant":"NW","areaCodes":["COL","Q_NW"]},"geometry":{"type":"Point","coordinates":[-114.1032718,51.0857887]}},{"type":"Feature","id":"{024380DE-4EDC-47B7-9D45-8E6B87377A81}","properties":{"id":"{024380DE-4EDC-47B7-9D45-8E6B87377A81}","name":"Lycee Louis Pasteur","address":"4099 Garrison Blvd. S.W.","locationNote":null,"board":"Lycee Louis Pasteur Society","grades":"Elementary/Junior High/Senior High","levels":["elementary","juniorHigh","high"],"levelFlags":{"elementary":true,"juniorHigh":true,"high":true},"postSecondary":false,"website":null,"websiteSourceUrl":null,"sourceUrl":"https://data.calgary.ca/d/fd9t-tdn2","communityCode":"GAW","quadrant":"SW","areaCodes":["GAW","Q_SW"]},"geometry":{"type":"Point","coordinates":[-114.1144579,51.0178108]}},{"type":"Feature","id":"{02456F66-733C-4156-B1E4-28B00B972BBB}","properties":{"id":"{02456F66-733C-4156-B1E4-28B00B972BBB}","name":"St. Cyril School","address":"2990 Cedarbrae Drive S.W.","locationNote":null,"board":"The Calgary Roman Catholic Separate School Division","grades":"Elementary/Junior High","levels":["elementary","juniorHigh"],"levelFlags":{"elementary":true,"juniorHigh":true,"high":false},"postSecondary":false,"website":"http://www.cssd.ab.ca/schools/stcyril","websiteSourceUrl":"https://education.alberta.ca/media/1626669/authority_and_school.xlsx","sourceUrl":"https://data.calgary.ca/d/fd9t-tdn2","communityCode":"CED","quadrant":"SW","areaCodes":["CED","Q_SW"]},"geometry":{"type":"Point","coordinates":[-114.1285361,50.9555002]}},{"type":"Feature","id":"{02A1C85E-E919-4CE2-AEC6-BC72234E58F9}","properties":{"id":"{02A1C85E-E919-4CE2-AEC6-BC72234E58F9}","name":"Marshall Springs School","address":"1100 Everridge Dr SW","locationNote":null,"board":"The Calgary School Division","grades":"Elementary/Junior High","levels":["elementary","juniorHigh"],"levelFlags":{"elementary":true,"juniorHigh":true,"high":false},"postSecondary":false,"website":"https://marshallsprings.cbe.ab.ca/","websiteSourceUrl":"https://education.alberta.ca/media/1626669/authority_and_school.xlsx","sourceUrl":"https://data.calgary.ca/d/fd9t-tdn2","communityCode":"EVE","quadrant":"SW","areaCodes":["EVE","Q_SW"]},"geometry":{"type":"Point","coordinates":[-114.1123146,50.9114516]}},{"type":"Feature","id":"{02D30BA1-EED8-42BF-9513-00919A8BCAFE}","properties":{"id":"{02D30BA1-EED8-42BF-9513-00919A8BCAFE}","name":"Colonel Sanders School","address":"226 Northmount Dr NW","locationNote":null,"board":"The Calgary School Division","grades":"Elementary","levels":["elementary"],"levelFlags":{"elementary":true,"juniorHigh":false,"high":false},"postSecondary":false,"website":"https://colonelsanders.cbe.ab.ca/","websiteSourceUrl":"https://education.alberta.ca/media/1626669/authority_and_school.xlsx","sourceUrl":"https://data.calgary.ca/d/fd9t-tdn2","communityCode":"THO","quadrant":"NW","areaCodes":["Q_NW","THO"]},"geometry":{"type":"Point","coordinates":[-114.0747847,51.0998205]}},{"type":"Feature","id":"{0301C692-5270-49AE-B36E-8B9D97851E47}","properties":{"id":"{0301C692-5270-49AE-B36E-8B9D97851E47}","name":"Janus Academy","address":"200 - 403 33 Street NE","locationNote":null,"board":"Janus Academy Society","grades":"Elementary","levels":["elementary"],"levelFlags":{"elementary":true,"juniorHigh":false,"high":false},"postSecondary":false,"website":"http://www.janusacademy.org","websiteSourceUrl":"https://education.alberta.ca/media/1626669/authority_and_school.xlsx","sourceUrl":"https://data.calgary.ca/d/fd9t-tdn2","communityCode":"FRA","quadrant":"NE","areaCodes":["FRA","Q_NE"]},"geometry":{"type":"Point","coordinates":[-113.9875469,51.0553729]}},{"type":"Feature","id":"{03F96602-6649-4172-971B-BC7660CB720A}","properties":{"id":"{03F96602-6649-4172-971B-BC7660CB720A}","name":"Horizon Heritage Arabic School","address":"199 Queen Charlotte Way SE","locationNote":null,"board":"Horizon Academy Institute","grades":"Unknown","levels":["unknown"],"levelFlags":{"elementary":false,"juniorHigh":false,"high":false},"postSecondary":false,"website":null,"websiteSourceUrl":null,"sourceUrl":"https://data.calgary.ca/d/fd9t-tdn2","communityCode":"RCK","quadrant":"SW","areaCodes":["Q_SW","RCK"]},"geometry":{"type":"Point","coordinates":[-114.1398235,51.0396824]}},{"type":"Feature","id":"{04396839-395D-40E4-9390-6C3F18421B02}","properties":{"id":"{04396839-395D-40E4-9390-6C3F18421B02}","name":"Holy Trinity School","address":"1717 - 41 Street S.E.","locationNote":null,"board":"The Calgary Roman Catholic Separate School Division","grades":"Elementary","levels":["elementary"],"levelFlags":{"elementary":true,"juniorHigh":false,"high":false},"postSecondary":false,"website":"http://www.cssd.ab.ca/schools/holytrinity","websiteSourceUrl":"https://education.alberta.ca/media/1626669/authority_and_school.xlsx","sourceUrl":"https://data.calgary.ca/d/fd9t-tdn2","communityCode":"FLN","quadrant":"SE","areaCodes":["FLN","Q_SE"]},"geometry":{"type":"Point","coordinates":[-113.9749598,51.0389768]}},{"type":"Feature","id":"{0528943D-FB74-4DCC-9E73-C77D74079263}","properties":{"id":"{0528943D-FB74-4DCC-9E73-C77D74079263}","name":"UNIVERSITY OF CALGARY - MAIN CAMPUS - MACEWAN STUDENT CENTRE","address":null,"locationNote":null,"board":null,"grades":null,"levels":[],"levelFlags":{"elementary":null,"juniorHigh":null,"high":null},"postSecondary":true,"website":null,"websiteSourceUrl":null,"sourceUrl":"https://data.calgary.ca/d/fd9t-tdn2","communityCode":"UOC","quadrant":"NW","areaCodes":["Q_NW","UOC"]},"geometry":{"type":"Point","coordinates":[-114.1317287,51.0782159]}},{"type":"Feature","id":"{052E642B-5E09-46EB-BA4F-447526817648}","properties":{"id":"{052E642B-5E09-46EB-BA4F-447526817648}","name":"BCS@Home","address":"15001 - 69 Street NW","locationNote":null,"board":"Bearspaw Christian School Society","grades":"Elementary/Junior High/Senior High","levels":["elementary","juniorHigh","high"],"levelFlags":{"elementary":true,"juniorHigh":true,"high":true},"postSecondary":false,"website":null,"websiteSourceUrl":null,"sourceUrl":"https://data.calgary.ca/d/fd9t-tdn2","communityCode":"02K","quadrant":"NW","areaCodes":["02K","Q_NW"]},"geometry":{"type":"Point","coordinates":[-114.1893601,51.1869508]}},{"type":"Feature","id":"{05468E20-3C47-4A8A-BC8A-F29795440E12}","properties":{"id":"{05468E20-3C47-4A8A-BC8A-F29795440E12}","name":"BOW VALLEY COLLEGE","address":null,"locationNote":null,"board":null,"grades":null,"levels":[],"levelFlags":{"elementary":null,"juniorHigh":null,"high":null},"postSecondary":true,"website":null,"websiteSourceUrl":null,"sourceUrl":"https://data.calgary.ca/d/fd9t-tdn2","communityCode":"DNC","quadrant":"SE","areaCodes":["DNC","Q_SE"]},"geometry":{"type":"Point","coordinates":[-114.0560154,51.0467729]}},{"type":"Feature","id":"{05C78A16-BDCA-4F12-811F-9F11F5B08DC2}","properties":{"id":"{05C78A16-BDCA-4F12-811F-9F11F5B08DC2}","name":"Ernest Manning High School","address":"20 Springborough Blvd SW","locationNote":null,"board":"The Calgary School Division","grades":"Senior High","levels":["high"],"levelFlags":{"elementary":false,"juniorHigh":false,"high":true},"postSecondary":false,"website":"https://ernestmanning.cbe.ab.ca/","websiteSourceUrl":"https://education.alberta.ca/media/1626669/authority_and_school.xlsx","sourceUrl":"https://data.calgary.ca/d/fd9t-tdn2","communityCode":"SPH","quadrant":"SW","areaCodes":["Q_SW","SPH"]},"geometry":{"type":"Point","coordinates":[-114.1892383,51.0359676]}},{"type":"Feature","id":"{060A6A5C-1DB0-4F07-8ACC-2D9E9144DAFA}","properties":{"id":"{060A6A5C-1DB0-4F07-8ACC-2D9E9144DAFA}","name":"Colonel Irvine School","address":"412 Northmount Dr NW","locationNote":null,"board":"The Calgary School Division","grades":"Elementary/Junior High","levels":["elementary","juniorHigh"],"levelFlags":{"elementary":true,"juniorHigh":true,"high":false},"postSecondary":false,"website":"http://schools.cbe.ab.ca/b622/","websiteSourceUrl":"https://education.alberta.ca/media/1626669/authority_and_school.xlsx","sourceUrl":"https://data.calgary.ca/d/fd9t-tdn2","communityCode":"HIW","quadrant":"NW","areaCodes":["HIW","Q_NW"]},"geometry":{"type":"Point","coordinates":[-114.0801018,51.0925028]}},{"type":"Feature","id":"{063ABE6D-2F8A-4201-AF14-6A0FADA9FA28}","properties":{"id":"{063ABE6D-2F8A-4201-AF14-6A0FADA9FA28}","name":"St. Luke Bilingual Elementary School","address":"1232 Northmount Dr., N.W.","locationNote":null,"board":"The Calgary Roman Catholic Separate School Division","grades":"Elementary","levels":["elementary"],"levelFlags":{"elementary":true,"juniorHigh":false,"high":false},"postSecondary":false,"website":"http://www.cssd.ab.ca/schools/stluke","websiteSourceUrl":"https://education.alberta.ca/media/1626669/authority_and_school.xlsx","sourceUrl":"https://data.calgary.ca/d/fd9t-tdn2","communityCode":"BRE","quadrant":"NW","areaCodes":["BRE","Q_NW"]},"geometry":{"type":"Point","coordinates":[-114.1227011,51.0908335]}},{"type":"Feature","id":"{0643E3DE-B6B0-4358-848D-CAA97088CD0F}","properties":{"id":"{0643E3DE-B6B0-4358-848D-CAA97088CD0F}","name":"St. Stephen School","address":"10910 Elbow Drive S.W.","locationNote":null,"board":"The Calgary Roman Catholic Separate School Division","grades":"Elementary/Junior High","levels":["elementary","juniorHigh"],"levelFlags":{"elementary":true,"juniorHigh":true,"high":false},"postSecondary":false,"website":"http://www.cssd.ab.ca/schools/ststephen","websiteSourceUrl":"https://education.alberta.ca/media/1626669/authority_and_school.xlsx","sourceUrl":"https://data.calgary.ca/d/fd9t-tdn2","communityCode":"SOW","quadrant":"SW","areaCodes":["Q_SW","SOW"]},"geometry":{"type":"Point","coordinates":[-114.0838667,50.9557022]}},{"type":"Feature","id":"{067D9E06-888A-46D4-A7B8-76260CA90AEA}","properties":{"id":"{067D9E06-888A-46D4-A7B8-76260CA90AEA}","name":"Madeleine D' Houet Bilingual School","address":"108 - 22 Street N.W.","locationNote":null,"board":"The Calgary Roman Catholic Separate School Division","grades":"Junior High","levels":["juniorHigh"],"levelFlags":{"elementary":false,"juniorHigh":true,"high":false},"postSecondary":false,"website":"http://www.cssd.ab.ca/schools/madeleinedhouet","websiteSourceUrl":"https://education.alberta.ca/media/1626669/authority_and_school.xlsx","sourceUrl":"https://data.calgary.ca/d/fd9t-tdn2","communityCode":"WHL","quadrant":"NW","areaCodes":["Q_NW","WHL"]},"geometry":{"type":"Point","coordinates":[-114.1122526,51.0532003]}},{"type":"Feature","id":"{06BD6286-370A-40A7-88FA-6D1A81DC2A35}","properties":{"id":"{06BD6286-370A-40A7-88FA-6D1A81DC2A35}","name":"Deer Run School","address":"2127  146 Ave SE","locationNote":null,"board":"The Calgary School Division","grades":"Elementary","levels":["elementary"],"levelFlags":{"elementary":true,"juniorHigh":false,"high":false},"postSecondary":false,"website":"https://deerrun.cbe.ab.ca","websiteSourceUrl":"https://education.alberta.ca/media/1626669/authority_and_school.xlsx","sourceUrl":"https://data.calgary.ca/d/fd9t-tdn2","communityCode":"DRN","quadrant":"SE","areaCodes":["DRN","Q_SE"]},"geometry":{"type":"Point","coordinates":[-114.0094687,50.9215622]}},{"type":"Feature","id":"{06E41442-5896-4D2C-BDE3-C7BD0EEB06C3}","properties":{"id":"{06E41442-5896-4D2C-BDE3-C7BD0EEB06C3}","name":"BCS@Home Blended-Learning North Campus","address":"15001 69 Street NW","locationNote":null,"board":"Bearspaw Christian School Society","grades":"Unknown","levels":["unknown"],"levelFlags":{"elementary":false,"juniorHigh":false,"high":false},"postSecondary":false,"website":"http://www.bearspawschool.com","websiteSourceUrl":"https://education.alberta.ca/media/1626669/authority_and_school.xlsx","sourceUrl":"https://data.calgary.ca/d/fd9t-tdn2","communityCode":"02K","quadrant":"NW","areaCodes":["02K","Q_NW"]},"geometry":{"type":"Point","coordinates":[-114.1893601,51.1869508]}},{"type":"Feature","id":"{070081B3-F7AD-485E-903D-E20FE1CB025B}","properties":{"id":"{070081B3-F7AD-485E-903D-E20FE1CB025B}","name":"South Middle School Campus","address":"8710 Ancourt Rd. SE","locationNote":null,"board":"Foundations for the Future Charter Academy Charter School Society","grades":"Elementary/Junior High","levels":["elementary","juniorHigh"],"levelFlags":{"elementary":true,"juniorHigh":true,"high":false},"postSecondary":false,"website":"http://www.ffca-calgary.com","websiteSourceUrl":"https://education.alberta.ca/media/1626669/authority_and_school.xlsx","sourceUrl":"https://data.calgary.ca/d/fd9t-tdn2","communityCode":"ACA","quadrant":"SE","areaCodes":["ACA","Q_SE"]},"geometry":{"type":"Point","coordinates":[-114.0533193,50.975297]}},{"type":"Feature","id":"{07218A4D-F6A2-45B2-8551-0FD3059EE4BD}","properties":{"id":"{07218A4D-F6A2-45B2-8551-0FD3059EE4BD}","name":"Coventry Hills School","address":"12350 Coventry Hills Way NE","locationNote":null,"board":"The Calgary School Division","grades":"Elementary","levels":["elementary"],"levelFlags":{"elementary":true,"juniorHigh":false,"high":false},"postSecondary":false,"website":"http://schools.cbe.ab.ca/b116/","websiteSourceUrl":"https://education.alberta.ca/media/1626669/authority_and_school.xlsx","sourceUrl":"https://data.calgary.ca/d/fd9t-tdn2","communityCode":"COV","quadrant":"NE","areaCodes":["COV","Q_NE"]},"geometry":{"type":"Point","coordinates":[-114.0514279,51.1651872]}},{"type":"Feature","id":"{08823D08-BB64-4236-99F0-F34ED0E615A1}","properties":{"id":"{08823D08-BB64-4236-99F0-F34ED0E615A1}","name":"The Gilbertine Academy","address":"1423 8 Ave SE","locationNote":null,"board":"The Gilbertine Institute of Catholic Studies","grades":"Elementary/Junior High/Senior High","levels":["elementary","juniorHigh","high"],"levelFlags":{"elementary":true,"juniorHigh":true,"high":true},"postSecondary":false,"website":"http://gilbertineacademy.com","websiteSourceUrl":"https://education.alberta.ca/media/1626669/authority_and_school.xlsx","sourceUrl":"https://data.calgary.ca/d/fd9t-tdn2","communityCode":"ING","quadrant":"SE","areaCodes":["ING","Q_SE"]},"geometry":{"type":"Point","coordinates":[-114.0292647,51.0400303]}},{"type":"Feature","id":"{09285E81-1404-4469-9CC0-57917918947E}","properties":{"id":"{09285E81-1404-4469-9CC0-57917918947E}","name":"St. Matthew School","address":"416 - 83 Avenue S.E.","locationNote":null,"board":"The Calgary Roman Catholic Separate School Division","grades":"Elementary/Junior High","levels":["elementary","juniorHigh"],"levelFlags":{"elementary":true,"juniorHigh":true,"high":false},"postSecondary":false,"website":"http://www.cssd.ab.ca/schools/stmatthew","websiteSourceUrl":"https://education.alberta.ca/media/1626669/authority_and_school.xlsx","sourceUrl":"https://data.calgary.ca/d/fd9t-tdn2","communityCode":"ACA","quadrant":"SE","areaCodes":["ACA","Q_SE"]},"geometry":{"type":"Point","coordinates":[-114.0585238,50.9786834]}},{"type":"Feature","id":"{09361A10-3E8D-4D4F-B4ED-92FA32B6BA11}","properties":{"id":"{09361A10-3E8D-4D4F-B4ED-92FA32B6BA11}","name":"School of East Indian Languages and Performing Arts","address":"376 Silverado Boulevard SW","locationNote":null,"board":"School of East Indian Languages and Performing Arts of Calgary","grades":"Unknown","levels":["unknown"],"levelFlags":{"elementary":false,"juniorHigh":false,"high":false},"postSecondary":false,"website":null,"websiteSourceUrl":null,"sourceUrl":"https://data.calgary.ca/d/fd9t-tdn2","communityCode":"SVO","quadrant":"SW","areaCodes":["Q_SW","SVO"]},"geometry":{"type":"Point","coordinates":[-114.0875596,50.8837483]}},{"type":"Feature","id":"{094DEAFE-999F-41F6-B743-6A6ED2D50838}","properties":{"id":"{094DEAFE-999F-41F6-B743-6A6ED2D50838}","name":"Heritage Christian Academy","address":"2003 McKnight Boulevard N.E.","locationNote":null,"board":"The Palliser School Division","grades":"Elementary/Junior High/Senior High","levels":["elementary","juniorHigh","high"],"levelFlags":{"elementary":true,"juniorHigh":true,"high":true},"postSecondary":false,"website":"http://www.heritagechristianacademy.com","websiteSourceUrl":"https://education.alberta.ca/media/1626669/authority_and_school.xlsx","sourceUrl":"https://data.calgary.ca/d/fd9t-tdn2","communityCode":"NAW","quadrant":"NE","areaCodes":["NAW","Q_NE"]},"geometry":{"type":"Point","coordinates":[-114.0100347,51.0921419]}},{"type":"Feature","id":"{09528B27-2735-4A9D-A851-A517A76DB672}","properties":{"id":"{09528B27-2735-4A9D-A851-A517A76DB672}","name":"Cecil Swanson School","address":"4820 Rundlewood Dr NE","locationNote":null,"board":"The Calgary School Division","grades":"Elementary","levels":["elementary"],"levelFlags":{"elementary":true,"juniorHigh":false,"high":false},"postSecondary":false,"website":"http://schools.cbe.ab.ca/b373/","websiteSourceUrl":"https://education.alberta.ca/media/1626669/authority_and_school.xlsx","sourceUrl":"https://data.calgary.ca/d/fd9t-tdn2","communityCode":"RUN","quadrant":"NE","areaCodes":["Q_NE","RUN"]},"geometry":{"type":"Point","coordinates":[-113.9675574,51.0741889]}},{"type":"Feature","id":"{09ED9B78-468C-42FA-A07E-FF8DCB35D0E9}","properties":{"id":"{09ED9B78-468C-42FA-A07E-FF8DCB35D0E9}","name":"Mountain Park School","address":"312 Mt Douglas Close SE","locationNote":null,"board":"The Calgary School Division","grades":"Elementary/Junior High","levels":["elementary","juniorHigh"],"levelFlags":{"elementary":true,"juniorHigh":true,"high":false},"postSecondary":false,"website":"http://school.cbe.ab.ca/school/MountainPark/","websiteSourceUrl":"https://education.alberta.ca/media/1626669/authority_and_school.xlsx","sourceUrl":"https://data.calgary.ca/d/fd9t-tdn2","communityCode":"MCK","quadrant":"SE","areaCodes":["MCK","Q_SE"]},"geometry":{"type":"Point","coordinates":[-113.9818941,50.9238051]}},{"type":"Feature","id":"{0A0C5AA7-8AAB-44FA-ABBC-4A5A862C5A6B}","properties":{"id":"{0A0C5AA7-8AAB-44FA-ABBC-4A5A862C5A6B}","name":"École du Nouveau-Monde","address":"220 Scenic Acres Drive NW","locationNote":null,"board":"The Southern Francophone Education Region","grades":"Elementary","levels":["elementary"],"levelFlags":{"elementary":true,"juniorHigh":false,"high":false},"postSecondary":false,"website":"http://nouveaumonde.francosud.ca","websiteSourceUrl":"https://education.alberta.ca/media/1626669/authority_and_school.xlsx","sourceUrl":"https://data.calgary.ca/d/fd9t-tdn2","communityCode":"SCE","quadrant":"NW","areaCodes":["Q_NW","SCE"]},"geometry":{"type":"Point","coordinates":[-114.2151383,51.1116028]}},{"type":"Feature","id":"{0A307097-F3C6-46A0-9509-CDA8D50B023A}","properties":{"id":"{0A307097-F3C6-46A0-9509-CDA8D50B023A}","name":"Briar Hill School","address":"1233  21 St NW","locationNote":null,"board":"The Calgary School Division","grades":"Elementary","levels":["elementary"],"levelFlags":{"elementary":true,"juniorHigh":false,"high":false},"postSecondary":false,"website":"http://www.cbe.ab.ca/b205","websiteSourceUrl":"https://education.alberta.ca/media/1626669/authority_and_school.xlsx","sourceUrl":"https://data.calgary.ca/d/fd9t-tdn2","communityCode":"HOU","quadrant":"NW","areaCodes":["HOU","Q_NW"]},"geometry":{"type":"Point","coordinates":[-114.1114328,51.06312]}},{"type":"Feature","id":"{0A6EA6E8-261C-49BB-986E-2E24895B3781}","properties":{"id":"{0A6EA6E8-261C-49BB-986E-2E24895B3781}","name":"McKenzie Towne School","address":"679 Prestwick Cir SE","locationNote":null,"board":"The Calgary School Division","grades":"Elementary","levels":["elementary"],"levelFlags":{"elementary":true,"juniorHigh":false,"high":false},"postSecondary":false,"website":"http://school.cbe.ab.ca/school/McKenzieTowne","websiteSourceUrl":"https://education.alberta.ca/media/1626669/authority_and_school.xlsx","sourceUrl":"https://data.calgary.ca/d/fd9t-tdn2","communityCode":"MCT","quadrant":"SE","areaCodes":["MCT","Q_SE"]},"geometry":{"type":"Point","coordinates":[-113.9667317,50.9270555]}},{"type":"Feature","id":"{0A97FBB5-9579-41AE-9681-8C681C94382B}","properties":{"id":"{0A97FBB5-9579-41AE-9681-8C681C94382B}","name":"Dr. Gordon Townsend School","address":"28 Oki Drive NW","locationNote":null,"board":"The Calgary School Division","grades":"Elementary/Junior High/Senior High","levels":["elementary","juniorHigh","high"],"levelFlags":{"elementary":true,"juniorHigh":true,"high":true},"postSecondary":false,"website":"http://school.cbe.ab.ca/school/drgordontownsend/","websiteSourceUrl":"https://education.alberta.ca/media/1626669/authority_and_school.xlsx","sourceUrl":"https://data.calgary.ca/d/fd9t-tdn2","communityCode":"UND","quadrant":"NW","areaCodes":["Q_NW","UND"]},"geometry":{"type":"Point","coordinates":[-114.1483598,51.0745013]}},{"type":"Feature","id":"{0B185C8B-A173-4535-9C4B-CF3C164EE273}","properties":{"id":"{0B185C8B-A173-4535-9C4B-CF3C164EE273}","name":"Rundle College Academy","address":"4330 - 16 Street S.W.","locationNote":null,"board":"Rundle College Society","grades":"Elementary/Junior High/Senior High","levels":["elementary","juniorHigh","high"],"levelFlags":{"elementary":true,"juniorHigh":true,"high":true},"postSecondary":false,"website":"http://www.rundle.ab.ca","websiteSourceUrl":"https://education.alberta.ca/media/1626669/authority_and_school.xlsx","sourceUrl":"https://data.calgary.ca/d/fd9t-tdn2","communityCode":"ALT","quadrant":"SW","areaCodes":["ALT","Q_SW"]},"geometry":{"type":"Point","coordinates":[-114.099986,51.0152427]}},{"type":"Feature","id":"{0B6154DF-367A-4F4F-B972-5C389D9B372E}","properties":{"id":"{0B6154DF-367A-4F4F-B972-5C389D9B372E}","name":"Samuel W. Shaw School","address":"115 Shannon Dr SW","locationNote":null,"board":"The Calgary School Division","grades":"Elementary/Junior High","levels":["elementary","juniorHigh"],"levelFlags":{"elementary":true,"juniorHigh":true,"high":false},"postSecondary":false,"website":"http://school.cbe.ab.ca/school/SamuelWShaw/Pages/d","websiteSourceUrl":"https://education.alberta.ca/media/1626669/authority_and_school.xlsx","sourceUrl":"https://data.calgary.ca/d/fd9t-tdn2","communityCode":"SHN","quadrant":"SW","areaCodes":["Q_SW","SHN"]},"geometry":{"type":"Point","coordinates":[-114.0873898,50.9081389]}},{"type":"Feature","id":"{0BD1FF0C-51AC-4EBB-8842-BA384D9A1FE8}","properties":{"id":"{0BD1FF0C-51AC-4EBB-8842-BA384D9A1FE8}","name":"St. Hubert Elementary School","address":"320 - 72 Avenue N.E.","locationNote":null,"board":"The Calgary Roman Catholic Separate School Division","grades":"Elementary","levels":["elementary"],"levelFlags":{"elementary":true,"juniorHigh":false,"high":false},"postSecondary":false,"website":"http://www.cssd.ab.ca/schools/sthubert","websiteSourceUrl":"https://education.alberta.ca/media/1626669/authority_and_school.xlsx","sourceUrl":"https://data.calgary.ca/d/fd9t-tdn2","communityCode":"HUN","quadrant":"NE","areaCodes":["HUN","Q_NE"]},"geometry":{"type":"Point","coordinates":[-114.0622275,51.1183827]}},{"type":"Feature","id":"{0C88CCEB-DAC1-4455-90D4-292C76B26730}","properties":{"id":"{0C88CCEB-DAC1-4455-90D4-292C76B26730}","name":"Bearspaw Christian School & College","address":"15001 - 69 Street NW","locationNote":null,"board":"Bearspaw Christian School Society","grades":"Elementary/Junior High/Senior High","levels":["elementary","juniorHigh","high"],"levelFlags":{"elementary":true,"juniorHigh":true,"high":true},"postSecondary":false,"website":"http://www.bearspawschool.com","websiteSourceUrl":"https://education.alberta.ca/media/1626669/authority_and_school.xlsx","sourceUrl":"https://data.calgary.ca/d/fd9t-tdn2","communityCode":"02K","quadrant":"NW","areaCodes":["02K","Q_NW"]},"geometry":{"type":"Point","coordinates":[-114.1893601,51.1869508]}},{"type":"Feature","id":"{0CAC2372-8706-4EDD-970C-B4D39EC2C07E}","properties":{"id":"{0CAC2372-8706-4EDD-970C-B4D39EC2C07E}","name":"Bishop Kidd School","address":"1420 - 28 Street S.E.","locationNote":null,"board":"The Calgary Roman Catholic Separate School Division","grades":"Junior High","levels":["juniorHigh"],"levelFlags":{"elementary":false,"juniorHigh":true,"high":false},"postSecondary":false,"website":"http://www.cssd.ab.ca/schools/bishopkidd","websiteSourceUrl":"https://education.alberta.ca/media/1626669/authority_and_school.xlsx","sourceUrl":"https://data.calgary.ca/d/fd9t-tdn2","communityCode":"ALB","quadrant":"SE","areaCodes":["ALB","Q_SE"]},"geometry":{"type":"Point","coordinates":[-113.9921426,51.040584]}},{"type":"Feature","id":"{0CEE0C1D-58FA-4010-BD02-DFD4AC887D86}","properties":{"id":"{0CEE0C1D-58FA-4010-BD02-DFD4AC887D86}","name":"Sacred Heart Elementary School","address":"1312 - 15 Street S.W.","locationNote":null,"board":"The Calgary Roman Catholic Separate School Division","grades":"Elementary","levels":["elementary"],"levelFlags":{"elementary":true,"juniorHigh":false,"high":false},"postSecondary":false,"website":"http://www.cssd.ab.ca/schools/sacredheart","websiteSourceUrl":"https://education.alberta.ca/media/1626669/authority_and_school.xlsx","sourceUrl":"https://data.calgary.ca/d/fd9t-tdn2","communityCode":"SNA","quadrant":"SW","areaCodes":["Q_SW","SNA"]},"geometry":{"type":"Point","coordinates":[-114.0966401,51.040932]}},{"type":"Feature","id":"{0D098143-336F-4866-81B5-40DEC860EDAF}","properties":{"id":"{0D098143-336F-4866-81B5-40DEC860EDAF}","name":"Discovering Choices II","address":"3610 - 9th Street SE","locationNote":null,"board":"The Calgary School Division","grades":"Senior High","levels":["high"],"levelFlags":{"elementary":false,"juniorHigh":false,"high":true},"postSecondary":false,"website":"https://school.cbe.ab.ca/school/discoveringchoices","websiteSourceUrl":"https://education.alberta.ca/media/1626669/authority_and_school.xlsx","sourceUrl":"https://data.calgary.ca/d/fd9t-tdn2","communityCode":"FRA","quadrant":"NE","areaCodes":["FRA","Q_NE"]},"geometry":{"type":"Point","coordinates":[-113.9849539,51.0565383]}},{"type":"Feature","id":"{0E598C51-FD90-4A9D-A7DB-65F7DAE8AB41}","properties":{"id":"{0E598C51-FD90-4A9D-A7DB-65F7DAE8AB41}","name":"Vista Virtual School","address":"341 - 58 Avenue SE","locationNote":null,"board":"The Pembina Hills School Division","grades":"Elementary/Junior High/Senior High","levels":["elementary","juniorHigh","high"],"levelFlags":{"elementary":true,"juniorHigh":true,"high":true},"postSecondary":false,"website":"http://www.vvschool.ca","websiteSourceUrl":"https://education.alberta.ca/media/1626669/authority_and_school.xlsx","sourceUrl":"https://data.calgary.ca/d/fd9t-tdn2","communityCode":"MNI","quadrant":"SE","areaCodes":["MNI","Q_SE"]},"geometry":{"type":"Point","coordinates":[-114.0576739,51.0004922]}},{"type":"Feature","id":"{0E80A47A-6A7F-4588-AC4F-DC188D3E9D70}","properties":{"id":"{0E80A47A-6A7F-4588-AC4F-DC188D3E9D70}","name":"West Dover School","address":"3113  30 Avenue SE","locationNote":null,"board":"The Calgary School Division","grades":"Elementary","levels":["elementary"],"levelFlags":{"elementary":true,"juniorHigh":false,"high":false},"postSecondary":false,"website":"http://school.cbe.ab.ca/school/WestDover/Pages/def","websiteSourceUrl":"https://education.alberta.ca/media/1626669/authority_and_school.xlsx","sourceUrl":"https://data.calgary.ca/d/fd9t-tdn2","communityCode":"DOV","quadrant":"SE","areaCodes":["DOV","Q_SE"]},"geometry":{"type":"Point","coordinates":[-113.9906622,51.026336]}},{"type":"Feature","id":"{0F7ACA23-F0D1-41F2-AC21-C5958DC01F26}","properties":{"id":"{0F7ACA23-F0D1-41F2-AC21-C5958DC01F26}","name":"Ramsay School","address":"2223 Spiller Rd SE","locationNote":null,"board":"The Calgary School Division","grades":"Elementary","levels":["elementary"],"levelFlags":{"elementary":true,"juniorHigh":false,"high":false},"postSecondary":false,"website":"https://ramsay.cbe.ab.ca/","websiteSourceUrl":"https://education.alberta.ca/media/1626669/authority_and_school.xlsx","sourceUrl":"https://data.calgary.ca/d/fd9t-tdn2","communityCode":"RAM","quadrant":"SE","areaCodes":["Q_SE","RAM"]},"geometry":{"type":"Point","coordinates":[-114.0458037,51.0331953]}},{"type":"Feature","id":"{0FBE8853-490E-4A1F-9D3A-7CE6C653CDA1}","properties":{"id":"{0FBE8853-490E-4A1F-9D3A-7CE6C653CDA1}","name":"Thomas B. Riley School","address":"3915  69 St NW","locationNote":null,"board":"The Calgary School Division","grades":"Junior High","levels":["juniorHigh"],"levelFlags":{"elementary":false,"juniorHigh":true,"high":false},"postSecondary":false,"website":"http://thomasbriley.cbe.ab.ca","websiteSourceUrl":"https://education.alberta.ca/media/1626669/authority_and_school.xlsx","sourceUrl":"https://data.calgary.ca/d/fd9t-tdn2","communityCode":"BOW","quadrant":"NW","areaCodes":["BOW","Q_NW"]},"geometry":{"type":"Point","coordinates":[-114.1890659,51.0875359]}},{"type":"Feature","id":"{106625FE-A557-4D2E-9F35-480D3EF7D4CA}","properties":{"id":"{106625FE-A557-4D2E-9F35-480D3EF7D4CA}","name":"Monsignor J. S. Smith School","address":"2919 Douglasdale Boulevard S.E","locationNote":null,"board":"The Calgary Roman Catholic Separate School Division","grades":"Elementary/Junior High","levels":["elementary","juniorHigh"],"levelFlags":{"elementary":true,"juniorHigh":true,"high":false},"postSecondary":false,"website":"http://www.cssd.ab.ca/schools/msgrsmith","websiteSourceUrl":"https://education.alberta.ca/media/1626669/authority_and_school.xlsx","sourceUrl":"https://data.calgary.ca/d/fd9t-tdn2","communityCode":"DDG","quadrant":"SE","areaCodes":["DDG","Q_SE"]},"geometry":{"type":"Point","coordinates":[-113.9898805,50.9412152]}},{"type":"Feature","id":"{11757D75-83A5-4259-B5CF-AE731EDCD557}","properties":{"id":"{11757D75-83A5-4259-B5CF-AE731EDCD557}","name":"Horizon Leadership Academy","address":"199 Queen Charlotte Drive SE","locationNote":null,"board":"The Palliser School Division","grades":"Elementary/Junior High","levels":["elementary","juniorHigh"],"levelFlags":{"elementary":true,"juniorHigh":true,"high":false},"postSecondary":false,"website":"https://www.horizonelementary.ca/","websiteSourceUrl":"https://education.alberta.ca/media/1626669/authority_and_school.xlsx","sourceUrl":"https://data.calgary.ca/d/fd9t-tdn2","communityCode":"CUR","quadrant":"SW","areaCodes":["CUR","Q_SW"]},"geometry":{"type":"Point","coordinates":[-114.119061,51.0176511]}},{"type":"Feature","id":"{119B9857-39CF-4439-BADD-8743242C1CA7}","properties":{"id":"{119B9857-39CF-4439-BADD-8743242C1CA7}","name":"Dr. Gladys McKelvie Egbert School","address":"6033 Madigan Dr NE","locationNote":null,"board":"The Calgary School Division","grades":"Junior High","levels":["juniorHigh"],"levelFlags":{"elementary":false,"juniorHigh":true,"high":false},"postSecondary":false,"website":"http://school.cbe.ab.ca/school/drgmegbert/Pages/de","websiteSourceUrl":"https://education.alberta.ca/media/1626669/authority_and_school.xlsx","sourceUrl":"https://data.calgary.ca/d/fd9t-tdn2","communityCode":"MPK","quadrant":"NE","areaCodes":["MPK","Q_NE"]},"geometry":{"type":"Point","coordinates":[-113.9415433,51.058899]}},{"type":"Feature","id":"{127081D2-3A20-40A6-AA4D-D0969838C008}","properties":{"id":"{127081D2-3A20-40A6-AA4D-D0969838C008}","name":"Capitol Hill School","address":"2210  18 St NW","locationNote":null,"board":"The Calgary School Division","grades":"Elementary","levels":["elementary"],"levelFlags":{"elementary":true,"juniorHigh":false,"high":false},"postSecondary":false,"website":"http://schools.cbe.ab.ca/CapitolHill","websiteSourceUrl":"https://education.alberta.ca/media/1626669/authority_and_school.xlsx","sourceUrl":"https://data.calgary.ca/d/fd9t-tdn2","communityCode":"CAP","quadrant":"NW","areaCodes":["CAP","Q_NW"]},"geometry":{"type":"Point","coordinates":[-114.1039318,51.0720834]}},{"type":"Feature","id":"{12CA53C7-2C9E-433D-A30D-3A45294B345B}","properties":{"id":"{12CA53C7-2C9E-433D-A30D-3A45294B345B}","name":"St. Brigid","address":"730 Citadel Way, N.W.","locationNote":null,"board":"The Calgary Roman Catholic Separate School Division","grades":"Elementary/Junior High","levels":["elementary","juniorHigh"],"levelFlags":{"elementary":true,"juniorHigh":true,"high":false},"postSecondary":false,"website":"http://www.cssd.ab.ca/schools/stbrigid","websiteSourceUrl":"https://education.alberta.ca/media/1626669/authority_and_school.xlsx","sourceUrl":"https://data.calgary.ca/d/fd9t-tdn2","communityCode":"CIT","quadrant":"NW","areaCodes":["CIT","Q_NW"]},"geometry":{"type":"Point","coordinates":[-114.1877325,51.1463309]}},{"type":"Feature","id":"{12D60916-3DDE-484E-847B-2AED7618144E}","properties":{"id":"{12D60916-3DDE-484E-847B-2AED7618144E}","name":"Trinity Christian School","address":"#100, 295 Midpark Way S.E.","locationNote":null,"board":"The Palliser School Division","grades":"Elementary/Junior High","levels":["elementary","juniorHigh"],"levelFlags":{"elementary":true,"juniorHigh":true,"high":false},"postSecondary":false,"website":null,"websiteSourceUrl":null,"sourceUrl":"https://data.calgary.ca/d/fd9t-tdn2","communityCode":"MID","quadrant":"SE","areaCodes":["MID","Q_SE"]},"geometry":{"type":"Point","coordinates":[-114.0622509,50.9093351]}},{"type":"Feature","id":"{1662A8AB-280C-4BE0-A073-53C0E72D1954}","properties":{"id":"{1662A8AB-280C-4BE0-A073-53C0E72D1954}","name":"Our Lady of Lourdes","address":"1916 2nd Street SW","locationNote":null,"board":"The Calgary Roman Catholic Separate School Division","grades":"Elementary/Junior High","levels":["elementary","juniorHigh"],"levelFlags":{"elementary":true,"juniorHigh":true,"high":false},"postSecondary":false,"website":"http://www.cssd.ab.ca/schools/ourladyoflourdes","websiteSourceUrl":"https://education.alberta.ca/media/1626669/authority_and_school.xlsx","sourceUrl":"https://data.calgary.ca/d/fd9t-tdn2","communityCode":"MIS","quadrant":"SW","areaCodes":["MIS","Q_SW"]},"geometry":{"type":"Point","coordinates":[-114.0681746,51.0356799]}},{"type":"Feature","id":"{172BA45B-DD3E-4B88-8A1C-20C7E1B25A6C}","properties":{"id":"{172BA45B-DD3E-4B88-8A1C-20C7E1B25A6C}","name":"Louis Riel School","address":"9632 Oakfield Dr SW","locationNote":null,"board":"The Calgary School Division","grades":"Elementary/Junior High","levels":["elementary","juniorHigh"],"levelFlags":{"elementary":true,"juniorHigh":true,"high":false},"postSecondary":false,"website":"http://www.cbe.ab.ca/b625","websiteSourceUrl":"https://education.alberta.ca/media/1626669/authority_and_school.xlsx","sourceUrl":"https://data.calgary.ca/d/fd9t-tdn2","communityCode":"OAK","quadrant":"SW","areaCodes":["OAK","Q_SW"]},"geometry":{"type":"Point","coordinates":[-114.1322722,50.9667379]}},{"type":"Feature","id":"{17CAF490-6424-4247-AC40-7DE66B9A56DE}","properties":{"id":"{17CAF490-6424-4247-AC40-7DE66B9A56DE}","name":"Calgary Classical Academy Currie Campus","address":"2415 Battleford Ave SW","locationNote":null,"board":"Alberta Classical Academy Ltd.","grades":"Elementary/Junior High","levels":["elementary","juniorHigh"],"levelFlags":{"elementary":true,"juniorHigh":true,"high":false},"postSecondary":false,"website":null,"websiteSourceUrl":null,"sourceUrl":"https://data.calgary.ca/d/fd9t-tdn2","communityCode":"CUR","quadrant":"SW","areaCodes":["CUR","Q_SW"]},"geometry":{"type":"Point","coordinates":[-114.119061,51.0176511]}},{"type":"Feature","id":"{1885FC86-2409-400A-9E83-ABF572DA7682}","properties":{"id":"{1885FC86-2409-400A-9E83-ABF572DA7682}","name":"Elboya School","address":"4804  6 St SW","locationNote":null,"board":"The Calgary School Division","grades":"Elementary/Junior High","levels":["elementary","juniorHigh"],"levelFlags":{"elementary":true,"juniorHigh":true,"high":false},"postSecondary":false,"website":"http://school.cbe.ab.ca/school/Elboya/Pages/defaul","websiteSourceUrl":"https://education.alberta.ca/media/1626669/authority_and_school.xlsx","sourceUrl":"https://data.calgary.ca/d/fd9t-tdn2","communityCode":"EYA","quadrant":"SW","areaCodes":["EYA","Q_SW"]},"geometry":{"type":"Point","coordinates":[-114.0782279,51.0108901]}},{"type":"Feature","id":"{1986E342-5378-4067-82D1-8DFAD295CE9A}","properties":{"id":"{1986E342-5378-4067-82D1-8DFAD295CE9A}","name":"Copperfield School","address":"54 Copperstone Rd SE","locationNote":null,"board":"The Calgary School Division","grades":"Elementary","levels":["elementary"],"levelFlags":{"elementary":true,"juniorHigh":false,"high":false},"postSecondary":false,"website":"http://school.cbe.ab.ca/school/copperfield/","websiteSourceUrl":"https://education.alberta.ca/media/1626669/authority_and_school.xlsx","sourceUrl":"https://data.calgary.ca/d/fd9t-tdn2","communityCode":"CPF","quadrant":"SE","areaCodes":["CPF","Q_SE"]},"geometry":{"type":"Point","coordinates":[-113.9288201,50.9148388]}},{"type":"Feature","id":"{19944ADA-3A18-41FC-95D9-5022741D6816}","properties":{"id":"{19944ADA-3A18-41FC-95D9-5022741D6816}","name":"Renfrew Educational Services - Child Development Centre","address":"2050 - 21 Street N.E.","locationNote":null,"board":"Renfrew Educational Services Society","grades":"Unknown","levels":["unknown"],"levelFlags":{"elementary":false,"juniorHigh":false,"high":false},"postSecondary":false,"website":"http://www.renfreweducation.org","websiteSourceUrl":"https://education.alberta.ca/media/1626669/authority_and_school.xlsx","sourceUrl":"https://data.calgary.ca/d/fd9t-tdn2","communityCode":"UND","quadrant":"NW","areaCodes":["Q_NW","UND"]},"geometry":{"type":"Point","coordinates":[-114.1439434,51.074772]}},{"type":"Feature","id":"{199B7590-9C18-4179-84C8-464F7875DE25}","properties":{"id":"{199B7590-9C18-4179-84C8-464F7875DE25}","name":"Almadina Language Charter Academy, Mountain View Campus","address":"2031 Sable Drive S.E.","locationNote":null,"board":"Almadina School Society","grades":"Elementary","levels":["elementary"],"levelFlags":{"elementary":true,"juniorHigh":false,"high":false},"postSecondary":false,"website":"http://www.esl-almadina.com","websiteSourceUrl":"https://education.alberta.ca/media/1626669/authority_and_school.xlsx","sourceUrl":"https://data.calgary.ca/d/fd9t-tdn2","communityCode":"SOV","quadrant":"SE","areaCodes":["Q_SE","SOV"]},"geometry":{"type":"Point","coordinates":[-113.9865729,51.0323697]}},{"type":"Feature","id":"{19DF6226-CD2F-48FB-BD96-7EA2DA2699EA}","properties":{"id":"{19DF6226-CD2F-48FB-BD96-7EA2DA2699EA}","name":"Prince of Wales School","address":"253 Parkland Way SE","locationNote":null,"board":"The Calgary School Division","grades":"Elementary","levels":["elementary"],"levelFlags":{"elementary":true,"juniorHigh":false,"high":false},"postSecondary":false,"website":"http://school.cbe.ab.ca/school/PrinceOfWales/Pages","websiteSourceUrl":"https://education.alberta.ca/media/1626669/authority_and_school.xlsx","sourceUrl":"https://data.calgary.ca/d/fd9t-tdn2","communityCode":"PKL","quadrant":"SE","areaCodes":["PKL","Q_SE"]},"geometry":{"type":"Point","coordinates":[-114.0333222,50.9247709]}},{"type":"Feature","id":"{19E5166D-8A2A-4AAC-BDA6-B06866275D9D}","properties":{"id":"{19E5166D-8A2A-4AAC-BDA6-B06866275D9D}","name":"Al-Qaim International School","address":"510 77 Ave SE, Calgary, AB T2H","locationNote":null,"board":"Al-Zahra Islamic Research Foundation","grades":"Elementary/Junior High/Senior High","levels":["elementary","juniorHigh","high"],"levelFlags":{"elementary":true,"juniorHigh":true,"high":true},"postSecondary":false,"website":"http://alqaimschool.ca","websiteSourceUrl":"https://education.alberta.ca/media/1626669/authority_and_school.xlsx","sourceUrl":"https://data.calgary.ca/d/fd9t-tdn2","communityCode":"FVI","quadrant":"SE","areaCodes":["FVI","Q_SE"]},"geometry":{"type":"Point","coordinates":[-114.0514737,50.9851288]}},{"type":"Feature","id":"{1B8E8DDF-2739-43D0-A31C-C8993A0B2152}","properties":{"id":"{1B8E8DDF-2739-43D0-A31C-C8993A0B2152}","name":"St. Teresa of Calcutta School","address":"St. Teresa School 121 Midlake","locationNote":null,"board":"The Calgary Roman Catholic Separate School Division","grades":"Elementary","levels":["elementary"],"levelFlags":{"elementary":true,"juniorHigh":false,"high":false},"postSecondary":false,"website":"http://www.cssd.ab.ca/schools/motherteresa","websiteSourceUrl":"https://education.alberta.ca/media/1626669/authority_and_school.xlsx","sourceUrl":"https://data.calgary.ca/d/fd9t-tdn2","communityCode":"MID","quadrant":"SE","areaCodes":["MID","Q_SE"]},"geometry":{"type":"Point","coordinates":[-114.0520974,50.9143846]}},{"type":"Feature","id":"{1C5314B1-F5DC-4AE5-A25D-DB9A62E6BCC4}","properties":{"id":"{1C5314B1-F5DC-4AE5-A25D-DB9A62E6BCC4}","name":"St. Jerome Elementary School","address":"11616 Panorama Hills Blvd NW","locationNote":null,"board":"The Calgary Roman Catholic Separate School Division","grades":"Elementary","levels":["elementary"],"levelFlags":{"elementary":true,"juniorHigh":false,"high":false},"postSecondary":false,"website":"http://www.cssd.ab.ca/schools/stjerome","websiteSourceUrl":"https://education.alberta.ca/media/1626669/authority_and_school.xlsx","sourceUrl":"https://data.calgary.ca/d/fd9t-tdn2","communityCode":"PAN","quadrant":"NW","areaCodes":["PAN","Q_NW"]},"geometry":{"type":"Point","coordinates":[-114.079297,51.1577179]}},{"type":"Feature","id":"{1DA61A58-6944-4A84-81EE-062526861160}","properties":{"id":"{1DA61A58-6944-4A84-81EE-062526861160}","name":"Valley View School","address":"4105  26 Ave SE","locationNote":null,"board":"The Calgary School Division","grades":"Elementary","levels":["elementary"],"levelFlags":{"elementary":true,"juniorHigh":false,"high":false},"postSecondary":false,"website":"http://schools.cbe.ab/b330/","websiteSourceUrl":"https://education.alberta.ca/media/1626669/authority_and_school.xlsx","sourceUrl":"https://data.calgary.ca/d/fd9t-tdn2","communityCode":"DOV","quadrant":"SE","areaCodes":["DOV","Q_SE"]},"geometry":{"type":"Point","coordinates":[-113.9752921,51.0300613]}},{"type":"Feature","id":"{1E03B4DC-F00C-425E-BB7F-6F8970109DFA}","properties":{"id":"{1E03B4DC-F00C-425E-BB7F-6F8970109DFA}","name":"Le Roi Daniels School","address":"47 Fyffe Rd SE","locationNote":null,"board":"The Calgary School Division","grades":"Elementary","levels":["elementary"],"levelFlags":{"elementary":true,"juniorHigh":false,"high":false},"postSecondary":false,"website":"http://school.cbe.ab.ca/school/LeRoiDaniels","websiteSourceUrl":"https://education.alberta.ca/media/1626669/authority_and_school.xlsx","sourceUrl":"https://data.calgary.ca/d/fd9t-tdn2","communityCode":"FAI","quadrant":"SE","areaCodes":["FAI","Q_SE"]},"geometry":{"type":"Point","coordinates":[-114.0579698,50.9838651]}},{"type":"Feature","id":"{1FF757D8-CA00-4705-87C2-D7F18B6539CB}","properties":{"id":"{1FF757D8-CA00-4705-87C2-D7F18B6539CB}","name":"Monterey Park School","address":"7400 California Blvd NE","locationNote":null,"board":"The Calgary School Division","grades":"Elementary","levels":["elementary"],"levelFlags":{"elementary":true,"juniorHigh":false,"high":false},"postSecondary":false,"website":"http://school.cbe.ab.ca/school/montereypark","websiteSourceUrl":"https://education.alberta.ca/media/1626669/authority_and_school.xlsx","sourceUrl":"https://data.calgary.ca/d/fd9t-tdn2","communityCode":"MOR","quadrant":"NE","areaCodes":["MOR","Q_NE"]},"geometry":{"type":"Point","coordinates":[-113.9304971,51.0774314]}},{"type":"Feature","id":"{2008B1F9-C295-4973-B605-59971C0130BA}","properties":{"id":"{2008B1F9-C295-4973-B605-59971C0130BA}","name":"Access Academy","address":"Suite 100, B1, 2451 Dieppe Ave","locationNote":null,"board":"Access Academy Inc.","grades":"Junior High/Senior High","levels":["juniorHigh","high"],"levelFlags":{"elementary":false,"juniorHigh":true,"high":true},"postSecondary":false,"website":null,"websiteSourceUrl":null,"sourceUrl":"https://data.calgary.ca/d/fd9t-tdn2","communityCode":"CUR","quadrant":"SW","areaCodes":["CUR","Q_SW"]},"geometry":{"type":"Point","coordinates":[-114.119053,51.0192933]}},{"type":"Feature","id":"{20802CA6-3EAB-441E-9652-43850DF6FFAF}","properties":{"id":"{20802CA6-3EAB-441E-9652-43850DF6FFAF}","name":"Edgemont School","address":"55 Edgevalley Cir NW","locationNote":null,"board":"The Calgary School Division","grades":"Elementary","levels":["elementary"],"levelFlags":{"elementary":true,"juniorHigh":false,"high":false},"postSecondary":false,"website":"http://school.cbe.ab.ca/school/Edgemont","websiteSourceUrl":"https://education.alberta.ca/media/1626669/authority_and_school.xlsx","sourceUrl":"https://data.calgary.ca/d/fd9t-tdn2","communityCode":"EDG","quadrant":"NW","areaCodes":["EDG","Q_NW"]},"geometry":{"type":"Point","coordinates":[-114.1435928,51.1288954]}},{"type":"Feature","id":"{20F518EA-CDB6-4F29-8A56-52E871A4A553}","properties":{"id":"{20F518EA-CDB6-4F29-8A56-52E871A4A553}","name":"St. Anne Academic Centre","address":"1010 - 21 Avenue S.E.","locationNote":null,"board":"The Calgary Roman Catholic Separate School Division","grades":"Elementary/Junior High/Senior High","levels":["elementary","juniorHigh","high"],"levelFlags":{"elementary":true,"juniorHigh":true,"high":true},"postSecondary":false,"website":"http://www.cssd.ab.ca/schools/stanne/","websiteSourceUrl":"https://education.alberta.ca/media/1626669/authority_and_school.xlsx","sourceUrl":"https://data.calgary.ca/d/fd9t-tdn2","communityCode":"RAM","quadrant":"SE","areaCodes":["Q_SE","RAM"]},"geometry":{"type":"Point","coordinates":[-114.0389376,51.0351446]}},{"type":"Feature","id":"{21C4DF84-D1C3-4990-BD1E-EC814E1C6B34}","properties":{"id":"{21C4DF84-D1C3-4990-BD1E-EC814E1C6B34}","name":"Southwest Elementary Campus","address":"898 Sylvester Cres. SW","locationNote":null,"board":"Foundations for the Future Charter Academy Charter School Society","grades":"Elementary","levels":["elementary"],"levelFlags":{"elementary":true,"juniorHigh":false,"high":false},"postSecondary":false,"website":"http://www.ffca-calgary.com","websiteSourceUrl":"https://education.alberta.ca/media/1626669/authority_and_school.xlsx","sourceUrl":"https://data.calgary.ca/d/fd9t-tdn2","communityCode":"SOW","quadrant":"SW","areaCodes":["Q_SW","SOW"]},"geometry":{"type":"Point","coordinates":[-114.0825608,50.9589875]}},{"type":"Feature","id":"{2290771A-23C7-45FC-B060-B8B0EE45D7A6}","properties":{"id":"{2290771A-23C7-45FC-B060-B8B0EE45D7A6}","name":"Marlborough School","address":"4711 Maryvale Dr NE","locationNote":null,"board":"The Calgary School Division","grades":"Elementary","levels":["elementary"],"levelFlags":{"elementary":true,"juniorHigh":false,"high":false},"postSecondary":false,"website":"https://marlborough.cbe.ab.ca/","websiteSourceUrl":"https://education.alberta.ca/media/1626669/authority_and_school.xlsx","sourceUrl":"https://data.calgary.ca/d/fd9t-tdn2","communityCode":"MRL","quadrant":"NE","areaCodes":["MRL","Q_NE"]},"geometry":{"type":"Point","coordinates":[-113.9655139,51.0560903]}},{"type":"Feature","id":"{229A2597-FF40-4F35-82F3-5E41BCC02D11}","properties":{"id":"{229A2597-FF40-4F35-82F3-5E41BCC02D11}","name":"Christine Meikle School","address":"3525 50 St NW","locationNote":null,"board":"The Calgary School Division","grades":"Elementary/Junior High/Senior High","levels":["elementary","juniorHigh","high"],"levelFlags":{"elementary":true,"juniorHigh":true,"high":true},"postSecondary":false,"website":"http://school.cbe.ab.ca/school/christinemeikle/","websiteSourceUrl":"https://education.alberta.ca/media/1626669/authority_and_school.xlsx","sourceUrl":"https://data.calgary.ca/d/fd9t-tdn2","communityCode":"VAR","quadrant":"NW","areaCodes":["Q_NW","VAR"]},"geometry":{"type":"Point","coordinates":[-114.16108,51.0845514]}},{"type":"Feature","id":"{22D40F37-1865-4451-B67F-7DF03EC04D3F}","properties":{"id":"{22D40F37-1865-4451-B67F-7DF03EC04D3F}","name":"North Haven School","address":"4922 North Haven Dr NW","locationNote":null,"board":"The Calgary School Division","grades":"Elementary","levels":["elementary"],"levelFlags":{"elementary":true,"juniorHigh":false,"high":false},"postSecondary":false,"website":"http://school.cbe.ab.ca/school/NorthHaven/Pages/de","websiteSourceUrl":"https://education.alberta.ca/media/1626669/authority_and_school.xlsx","sourceUrl":"https://data.calgary.ca/d/fd9t-tdn2","communityCode":"NHV","quadrant":"NW","areaCodes":["NHV","Q_NW"]},"geometry":{"type":"Point","coordinates":[-114.0866271,51.0975158]}},{"type":"Feature","id":"{23560355-FCA4-40B0-BBCC-37039F4C319B}","properties":{"id":"{23560355-FCA4-40B0-BBCC-37039F4C319B}","name":"The Chinese Academy","address":"#191, 1518 Centre Street N.E.","locationNote":null,"board":"The Chinese Academy Foundation","grades":"Senior High","levels":["high"],"levelFlags":{"elementary":false,"juniorHigh":false,"high":true},"postSecondary":false,"website":"http://www.chineseacademy.ca","websiteSourceUrl":"https://education.alberta.ca/media/1626669/authority_and_school.xlsx","sourceUrl":"https://data.calgary.ca/d/fd9t-tdn2","communityCode":"HUN","quadrant":"NW","areaCodes":["HUN","Q_NW"]},"geometry":{"type":"Point","coordinates":[-114.0701434,51.112806]}},{"type":"Feature","id":"{23BF4603-8208-4596-88A9-83FBC4557D1A}","properties":{"id":"{23BF4603-8208-4596-88A9-83FBC4557D1A}","name":"North Point School for Boys","address":"2445 - 23 Avenue SW","locationNote":null,"board":"North Point School for Boys","grades":"Elementary/Junior High","levels":["elementary","juniorHigh"],"levelFlags":{"elementary":true,"juniorHigh":true,"high":false},"postSecondary":false,"website":null,"websiteSourceUrl":null,"sourceUrl":"https://data.calgary.ca/d/fd9t-tdn2","communityCode":"RIC","quadrant":"SW","areaCodes":["Q_SW","RIC"]},"geometry":{"type":"Point","coordinates":[-114.1174982,51.0325631]}},{"type":"Feature","id":"{2406CEFF-A026-4A1C-9923-D6D3A4306569}","properties":{"id":"{2406CEFF-A026-4A1C-9923-D6D3A4306569}","name":"Calgary Classical Academy","address":"231 6 St NE","locationNote":null,"board":"Alberta Classical Academy Ltd.","grades":"Elementary","levels":["elementary"],"levelFlags":{"elementary":true,"juniorHigh":false,"high":false},"postSecondary":false,"website":"http://www.calgaryclassicalacademy.ca","websiteSourceUrl":"https://education.alberta.ca/media/1626669/authority_and_school.xlsx","sourceUrl":"https://data.calgary.ca/d/fd9t-tdn2","communityCode":"BRD","quadrant":"NE","areaCodes":["BRD","Q_NE"]},"geometry":{"type":"Point","coordinates":[-114.048834,51.0544287]}},{"type":"Feature","id":"{24381B94-FCA7-40D9-8531-CDCC95BE4850}","properties":{"id":"{24381B94-FCA7-40D9-8531-CDCC95BE4850}","name":"Altadore School","address":"4506  16 St SW","locationNote":null,"board":"The Calgary School Division","grades":"Elementary","levels":["elementary"],"levelFlags":{"elementary":true,"juniorHigh":false,"high":false},"postSecondary":false,"website":"http://school.cbe.ab.ca/school/altadore","websiteSourceUrl":"https://education.alberta.ca/media/1626669/authority_and_school.xlsx","sourceUrl":"https://data.calgary.ca/d/fd9t-tdn2","communityCode":"ALT","quadrant":"SW","areaCodes":["ALT","Q_SW"]},"geometry":{"type":"Point","coordinates":[-114.0997475,51.0140094]}},{"type":"Feature","id":"{24839914-ADE3-4BF2-9D27-F62C0839A3F0}","properties":{"id":"{24839914-ADE3-4BF2-9D27-F62C0839A3F0}","name":"Dr. E. P. Scarlett High School","address":"220 Canterbury Dr SW","locationNote":null,"board":"The Calgary School Division","grades":"Senior High","levels":["high"],"levelFlags":{"elementary":false,"juniorHigh":false,"high":true},"postSecondary":false,"website":"http://school.cbe.ab.ca/school/drepscarlett","websiteSourceUrl":"https://education.alberta.ca/media/1626669/authority_and_school.xlsx","sourceUrl":"https://data.calgary.ca/d/fd9t-tdn2","communityCode":"CAN","quadrant":"SW","areaCodes":["CAN","Q_SW"]},"geometry":{"type":"Point","coordinates":[-114.0879958,50.9487948]}},{"type":"Feature","id":"{254700A4-4943-4135-9662-9AF091AE32DB}","properties":{"id":"{254700A4-4943-4135-9662-9AF091AE32DB}","name":"St. Helena School","address":"320 - 64 Avenue N.W.","locationNote":null,"board":"The Calgary Roman Catholic Separate School Division","grades":"Junior High","levels":["juniorHigh"],"levelFlags":{"elementary":false,"juniorHigh":true,"high":false},"postSecondary":false,"website":"http://www.cssd.ab.ca/schools/sthelena","websiteSourceUrl":"https://education.alberta.ca/media/1626669/authority_and_school.xlsx","sourceUrl":"https://data.calgary.ca/d/fd9t-tdn2","communityCode":"HUN","quadrant":"NW","areaCodes":["HUN","Q_NW"]},"geometry":{"type":"Point","coordinates":[-114.0677967,51.1115405]}},{"type":"Feature","id":"{2582FFB2-1D33-469B-A27D-0D6EF0CBC052}","properties":{"id":"{2582FFB2-1D33-469B-A27D-0D6EF0CBC052}","name":"Lord Beaverbrook High School","address":"9019 Fairmount Dr SE","locationNote":null,"board":"The Calgary School Division","grades":"Senior High","levels":["high"],"levelFlags":{"elementary":false,"juniorHigh":false,"high":true},"postSecondary":false,"website":"http://schools.cbe.ab.ca/b850","websiteSourceUrl":"https://education.alberta.ca/media/1626669/authority_and_school.xlsx","sourceUrl":"https://data.calgary.ca/d/fd9t-tdn2","communityCode":"ACA","quadrant":"SE","areaCodes":["ACA","Q_SE"]},"geometry":{"type":"Point","coordinates":[-114.0616538,50.9731066]}},{"type":"Feature","id":"{2600DDB7-0839-49EB-BFA9-26635373F347}","properties":{"id":"{2600DDB7-0839-49EB-BFA9-26635373F347}","name":"St. Patrick School","address":"6006 Rundlehorn Drive N.E.","locationNote":null,"board":"The Calgary Roman Catholic Separate School Division","grades":"Elementary","levels":["elementary"],"levelFlags":{"elementary":true,"juniorHigh":false,"high":false},"postSecondary":false,"website":"http://www.cssd.ab.ca/schools/stpatrick","websiteSourceUrl":"https://education.alberta.ca/media/1626669/authority_and_school.xlsx","sourceUrl":"https://data.calgary.ca/d/fd9t-tdn2","communityCode":"PIN","quadrant":"NE","areaCodes":["PIN","Q_NE"]},"geometry":{"type":"Point","coordinates":[-113.946717,51.0719967]}},{"type":"Feature","id":"{2602DEF3-A5C6-4F00-BFF3-6D89783FED17}","properties":{"id":"{2602DEF3-A5C6-4F00-BFF3-6D89783FED17}","name":"Senator Patrick Burns School","address":"2155 Chilcotin Rd NW","locationNote":null,"board":"The Calgary School Division","grades":"Elementary/Junior High","levels":["elementary","juniorHigh"],"levelFlags":{"elementary":true,"juniorHigh":true,"high":false},"postSecondary":false,"website":"https://senatorpatrickburns.cbe.ab.ca/","websiteSourceUrl":"https://education.alberta.ca/media/1626669/authority_and_school.xlsx","sourceUrl":"https://data.calgary.ca/d/fd9t-tdn2","communityCode":"CHW","quadrant":"NW","areaCodes":["CHW","Q_NW"]},"geometry":{"type":"Point","coordinates":[-114.115551,51.0882178]}},{"type":"Feature","id":"{2634F66B-79BA-4D87-867B-64D52399B319}","properties":{"id":"{2634F66B-79BA-4D87-867B-64D52399B319}","name":"F. E. Osborne School","address":"5315 Varsity Dr NW","locationNote":null,"board":"The Calgary School Division","grades":"Elementary/Junior High","levels":["elementary","juniorHigh"],"levelFlags":{"elementary":true,"juniorHigh":true,"high":false},"postSecondary":false,"website":"http://schools.cbe.ab.ca/b651/","websiteSourceUrl":"https://education.alberta.ca/media/1626669/authority_and_school.xlsx","sourceUrl":"https://data.calgary.ca/d/fd9t-tdn2","communityCode":"VAR","quadrant":"NW","areaCodes":["Q_NW","VAR"]},"geometry":{"type":"Point","coordinates":[-114.1629793,51.0928185]}},{"type":"Feature","id":"{266F0488-5583-48C7-A4A2-77817CBF4D6B}","properties":{"id":"{266F0488-5583-48C7-A4A2-77817CBF4D6B}","name":"St. Bernadette School","address":"55 Lynndale Crescent S.E.","locationNote":null,"board":"The Calgary Roman Catholic Separate School Division","grades":"Elementary","levels":["elementary"],"levelFlags":{"elementary":true,"juniorHigh":false,"high":false},"postSecondary":false,"website":"http://www.cssd.ab.ca/schools/stbernadette","websiteSourceUrl":"https://education.alberta.ca/media/1626669/authority_and_school.xlsx","sourceUrl":"https://data.calgary.ca/d/fd9t-tdn2","communityCode":"OGD","quadrant":"SE","areaCodes":["OGD","Q_SE"]},"geometry":{"type":"Point","coordinates":[-114.009212,50.9903976]}},{"type":"Feature","id":"{268DA0FA-1DEA-428F-A4D5-9F30BCE8B800}","properties":{"id":"{268DA0FA-1DEA-428F-A4D5-9F30BCE8B800}","name":"Our Lady of Grace School","address":"736 Evanston Drive","locationNote":null,"board":"The Calgary Roman Catholic Separate School Division","grades":"Elementary/Junior High","levels":["elementary","juniorHigh"],"levelFlags":{"elementary":true,"juniorHigh":true,"high":false},"postSecondary":false,"website":"http://www.cssd.ab.ca/schools/ourladyofgrace","websiteSourceUrl":"https://education.alberta.ca/media/1626669/authority_and_school.xlsx","sourceUrl":"https://data.calgary.ca/d/fd9t-tdn2","communityCode":"EVN","quadrant":"NW","areaCodes":["EVN","Q_NW"]},"geometry":{"type":"Point","coordinates":[-114.1205009,51.1793462]}},{"type":"Feature","id":"{27331358-E1A4-47D6-AB01-FB9DD7B13877}","properties":{"id":"{27331358-E1A4-47D6-AB01-FB9DD7B13877}","name":"St. Mark Elementary School","address":"4589 Marbank Drive N.E.","locationNote":null,"board":"The Calgary Roman Catholic Separate School Division","grades":"Elementary","levels":["elementary"],"levelFlags":{"elementary":true,"juniorHigh":false,"high":false},"postSecondary":false,"website":"http://www.cssd.ab.ca/schools/stmark","websiteSourceUrl":"https://education.alberta.ca/media/1626669/authority_and_school.xlsx","sourceUrl":"https://data.calgary.ca/d/fd9t-tdn2","communityCode":"MRL","quadrant":"NE","areaCodes":["MRL","Q_NE"]},"geometry":{"type":"Point","coordinates":[-113.9693781,51.0629852]}},{"type":"Feature","id":"{277623F1-9932-4DE9-9DD2-5F4848D172D3}","properties":{"id":"{277623F1-9932-4DE9-9DD2-5F4848D172D3}","name":"Lakeshore School","address":"430 Auburn Bay Dr SE","locationNote":null,"board":"The Calgary School Division","grades":"Elementary/Junior High","levels":["elementary","juniorHigh"],"levelFlags":{"elementary":true,"juniorHigh":true,"high":false},"postSecondary":false,"website":null,"websiteSourceUrl":null,"sourceUrl":"https://data.calgary.ca/d/fd9t-tdn2","communityCode":"AUB","quadrant":"SE","areaCodes":["AUB","Q_SE"]},"geometry":{"type":"Point","coordinates":[-113.9538082,50.8959186]}},{"type":"Feature","id":"{27C0ADAF-CD2F-41AE-AA3F-413B717D54F2}","properties":{"id":"{27C0ADAF-CD2F-41AE-AA3F-413B717D54F2}","name":"St. Rose of Lima Junior High School","address":"2419 50 Street NE","locationNote":null,"board":"The Calgary Roman Catholic Separate School Division","grades":"Elementary/Junior High","levels":["elementary","juniorHigh"],"levelFlags":{"elementary":true,"juniorHigh":true,"high":false},"postSecondary":false,"website":"http://www.cssd.ab.ca/schools/strose","websiteSourceUrl":"https://education.alberta.ca/media/1626669/authority_and_school.xlsx","sourceUrl":"https://data.calgary.ca/d/fd9t-tdn2","communityCode":"RUN","quadrant":"NE","areaCodes":["Q_NE","RUN"]},"geometry":{"type":"Point","coordinates":[-113.9622931,51.0758073]}},{"type":"Feature","id":"{280A4126-DC52-4DF7-9362-3942CDE85D26}","properties":{"id":"{280A4126-DC52-4DF7-9362-3942CDE85D26}","name":"St. Catherine Elementary School","address":"11 Canata Close S.W.","locationNote":null,"board":"The Calgary Roman Catholic Separate School Division","grades":"Elementary","levels":["elementary"],"levelFlags":{"elementary":true,"juniorHigh":false,"high":false},"postSecondary":false,"website":"http://www.cssd.ab.ca/schools/stcatherine","websiteSourceUrl":"https://education.alberta.ca/media/1626669/authority_and_school.xlsx","sourceUrl":"https://data.calgary.ca/d/fd9t-tdn2","communityCode":"CAN","quadrant":"SW","areaCodes":["CAN","Q_SW"]},"geometry":{"type":"Point","coordinates":[-114.0865053,50.9438531]}},{"type":"Feature","id":"{2866B255-2AAE-4236-89B3-8E2F0DBC43B5}","properties":{"id":"{2866B255-2AAE-4236-89B3-8E2F0DBC43B5}","name":"CLS Alternative Site","address":"45 Saddletowne Circle NE","locationNote":null,"board":"The Calgary School Division","grades":"Unknown","levels":["unknown"],"levelFlags":{"elementary":false,"juniorHigh":false,"high":false},"postSecondary":false,"website":"http://www.chinooklearningservices.com","websiteSourceUrl":"https://education.alberta.ca/media/1626669/authority_and_school.xlsx","sourceUrl":"https://data.calgary.ca/d/fd9t-tdn2","communityCode":"MRT","quadrant":"NE","areaCodes":["MRT","Q_NE"]},"geometry":{"type":"Point","coordinates":[-113.94886,51.1219873]}},{"type":"Feature","id":"{287F84D5-EB66-4FE4-A811-C4BEC5BC065A}","properties":{"id":"{287F84D5-EB66-4FE4-A811-C4BEC5BC065A}","name":"Colonel Macleod School","address":"1610  6 St NE","locationNote":null,"board":"The Calgary School Division","grades":"Elementary/Junior High","levels":["elementary","juniorHigh"],"levelFlags":{"elementary":true,"juniorHigh":true,"high":false},"postSecondary":false,"website":"https://colonelmacleod.cbe.ab.ca/","websiteSourceUrl":"https://education.alberta.ca/media/1626669/authority_and_school.xlsx","sourceUrl":"https://data.calgary.ca/d/fd9t-tdn2","communityCode":"REN","quadrant":"NE","areaCodes":["Q_NE","REN"]},"geometry":{"type":"Point","coordinates":[-114.0476596,51.0661896]}},{"type":"Feature","id":"{288F20F8-F63F-4D1A-AAA3-475EEF8090E4}","properties":{"id":"{288F20F8-F63F-4D1A-AAA3-475EEF8090E4}","name":"Calgary Waldorf School","address":"515 Cougar Ridge Drive S.W.","locationNote":null,"board":"Calgary Waldorf School Society","grades":"Elementary/Junior High","levels":["elementary","juniorHigh"],"levelFlags":{"elementary":true,"juniorHigh":true,"high":false},"postSecondary":false,"website":"http://www.calgarywaldorf.org","websiteSourceUrl":"https://education.alberta.ca/media/1626669/authority_and_school.xlsx","sourceUrl":"https://data.calgary.ca/d/fd9t-tdn2","communityCode":"CGR","quadrant":"SW","areaCodes":["CGR","Q_SW"]},"geometry":{"type":"Point","coordinates":[-114.2183405,51.0723561]}},{"type":"Feature","id":"{28DC8F50-0C5C-4381-AE4E-DFB6F5ABA8F2}","properties":{"id":"{28DC8F50-0C5C-4381-AE4E-DFB6F5ABA8F2}","name":"St. Josephine Bakhita School","address":"3 Evansglen Cl NW","locationNote":null,"board":"The Calgary Roman Catholic Separate School Division","grades":"Elementary","levels":["elementary"],"levelFlags":{"elementary":true,"juniorHigh":false,"high":false},"postSecondary":false,"website":"https://stjosephinebakhita.cssd.ab.ca/","websiteSourceUrl":"https://education.alberta.ca/media/1626669/authority_and_school.xlsx","sourceUrl":"https://data.calgary.ca/d/fd9t-tdn2","communityCode":"EVN","quadrant":"NW","areaCodes":["EVN","Q_NW"]},"geometry":{"type":"Point","coordinates":[-114.101512,51.1767822]}},{"type":"Feature","id":"{294499B0-D27F-4374-8FE1-D99FCD09F2F0}","properties":{"id":"{294499B0-D27F-4374-8FE1-D99FCD09F2F0}","name":"St. Francis High School","address":"877 Northmount Drive N.W.","locationNote":null,"board":"The Calgary Roman Catholic Separate School Division","grades":"Senior High","levels":["high"],"levelFlags":{"elementary":false,"juniorHigh":false,"high":true},"postSecondary":false,"website":"http://www.cssd.ab.ca/stfrancis","websiteSourceUrl":"https://education.alberta.ca/media/1626669/authority_and_school.xlsx","sourceUrl":"https://data.calgary.ca/d/fd9t-tdn2","communityCode":"COL","quadrant":"NW","areaCodes":["COL","Q_NW"]},"geometry":{"type":"Point","coordinates":[-114.1024218,51.0845133]}},{"type":"Feature","id":"{29B61F98-54BA-42F5-A6D9-4B1C9C9BA0B7}","properties":{"id":"{29B61F98-54BA-42F5-A6D9-4B1C9C9BA0B7}","name":"Calgary Arts Academy Rosscarrock Middle School","address":"1406 40th Street SW","locationNote":null,"board":"Calgary Arts Academy Society","grades":"Unknown","levels":["unknown"],"levelFlags":{"elementary":false,"juniorHigh":false,"high":false},"postSecondary":false,"website":null,"websiteSourceUrl":null,"sourceUrl":"https://data.calgary.ca/d/fd9t-tdn2","communityCode":"RCK","quadrant":"SW","areaCodes":["Q_SW","RCK"]},"geometry":{"type":"Point","coordinates":[-114.1447965,51.0412231]}},{"type":"Feature","id":"{29C51ED2-62A1-480C-ACC0-60565A1D301B}","properties":{"id":"{29C51ED2-62A1-480C-ACC0-60565A1D301B}","name":"Mountain View Academy","address":"3915 34 Street NE","locationNote":null,"board":"Mountain View Academy Society","grades":"Elementary/Junior High/Senior High","levels":["elementary","juniorHigh","high"],"levelFlags":{"elementary":true,"juniorHigh":true,"high":true},"postSecondary":false,"website":null,"websiteSourceUrl":null,"sourceUrl":"https://data.calgary.ca/d/fd9t-tdn2","communityCode":"HOR","quadrant":"NE","areaCodes":["HOR","Q_NE"]},"geometry":{"type":"Point","coordinates":[-113.9861182,51.0884446]}},{"type":"Feature","id":"{2A019F1E-26D7-4516-8EB6-B5A7B64337D9}","properties":{"id":"{2A019F1E-26D7-4516-8EB6-B5A7B64337D9}","name":"Capstone Engineering Academy","address":"11950 Country Village Link NE","locationNote":null,"board":"Capstone Engineering Academy","grades":"Elementary/Junior High/Senior High","levels":["elementary","juniorHigh","high"],"levelFlags":{"elementary":true,"juniorHigh":true,"high":true},"postSecondary":false,"website":null,"websiteSourceUrl":null,"sourceUrl":"https://data.calgary.ca/d/fd9t-tdn2","communityCode":"BUR","quadrant":"SE","areaCodes":["BUR","Q_SE"]},"geometry":{"type":"Point","coordinates":[-114.04,50.9982873]}},{"type":"Feature","id":"{2BC439AA-57CE-40E2-8948-6F8F135F0190}","properties":{"id":"{2BC439AA-57CE-40E2-8948-6F8F135F0190}","name":"Guy Weadick School","address":"5612 Templehill Rd NE","locationNote":null,"board":"The Calgary School Division","grades":"Elementary","levels":["elementary"],"levelFlags":{"elementary":true,"juniorHigh":false,"high":false},"postSecondary":false,"website":"http://ww.cbe.ab.ca/b343","websiteSourceUrl":"https://education.alberta.ca/media/1626669/authority_and_school.xlsx","sourceUrl":"https://data.calgary.ca/d/fd9t-tdn2","communityCode":"TEM","quadrant":"NE","areaCodes":["Q_NE","TEM"]},"geometry":{"type":"Point","coordinates":[-113.9529891,51.0869951]}},{"type":"Feature","id":"{2C008110-4804-4804-AE71-D91C0CD91F82}","properties":{"id":"{2C008110-4804-4804-AE71-D91C0CD91F82}","name":"Rosedale School","address":"905 13 Ave NW","locationNote":null,"board":"The Calgary School Division","grades":"Elementary/Junior High","levels":["elementary","juniorHigh"],"levelFlags":{"elementary":true,"juniorHigh":true,"high":false},"postSecondary":false,"website":"http://school.cbe.ab.ca/school/rosedale","websiteSourceUrl":"https://education.alberta.ca/media/1626669/authority_and_school.xlsx","sourceUrl":"https://data.calgary.ca/d/fd9t-tdn2","communityCode":"RDL","quadrant":"NW","areaCodes":["Q_NW","RDL"]},"geometry":{"type":"Point","coordinates":[-114.0815133,51.0636038]}},{"type":"Feature","id":"{2C6DF8D9-33A1-45A8-92CA-2DD2DEF09B00}","properties":{"id":"{2C6DF8D9-33A1-45A8-92CA-2DD2DEF09B00}","name":"New Brighton School","address":"30 New Brighton Dr SE","locationNote":null,"board":"The Calgary School Division","grades":"Elementary","levels":["elementary"],"levelFlags":{"elementary":true,"juniorHigh":false,"high":false},"postSecondary":false,"website":"https://newbrighton.cbe.ab.ca/","websiteSourceUrl":"https://education.alberta.ca/media/1626669/authority_and_school.xlsx","sourceUrl":"https://data.calgary.ca/d/fd9t-tdn2","communityCode":"NEB","quadrant":"SE","areaCodes":["NEB","Q_SE"]},"geometry":{"type":"Point","coordinates":[-113.953722,50.9194839]}},{"type":"Feature","id":"{2CAA32AE-18F9-4A16-A8C5-039F1500546A}","properties":{"id":"{2CAA32AE-18F9-4A16-A8C5-039F1500546A}","name":"École de la Source","address":"360 - 94 Avenue S.E.","locationNote":null,"board":"The Southern Francophone Education Region","grades":"Elementary/Junior High","levels":["elementary","juniorHigh"],"levelFlags":{"elementary":true,"juniorHigh":true,"high":false},"postSecondary":false,"website":"http://www.lasource.francosud.ca","websiteSourceUrl":"https://education.alberta.ca/media/1626669/authority_and_school.xlsx","sourceUrl":"https://data.calgary.ca/d/fd9t-tdn2","communityCode":"ACA","quadrant":"SE","areaCodes":["ACA","Q_SE"]},"geometry":{"type":"Point","coordinates":[-114.0618391,50.9692407]}},{"type":"Feature","id":"{2CBC5771-3845-4760-88A2-C726B845E65A}","properties":{"id":"{2CBC5771-3845-4760-88A2-C726B845E65A}","name":"Apostles of Jesus","address":"15 Skyview Ranch Street NE","locationNote":null,"board":"The Calgary Roman Catholic Separate School Division","grades":"Elementary/Junior High","levels":["elementary","juniorHigh"],"levelFlags":{"elementary":true,"juniorHigh":true,"high":false},"postSecondary":false,"website":"http://www.cssd.ab.ca/schools/apostlesofjesus","websiteSourceUrl":"https://education.alberta.ca/media/1626669/authority_and_school.xlsx","sourceUrl":"https://data.calgary.ca/d/fd9t-tdn2","communityCode":"SKR","quadrant":"NE","areaCodes":["Q_NE","SKR"]},"geometry":{"type":"Point","coordinates":[-113.9565273,51.1584241]}},{"type":"Feature","id":"{2EE4D9D1-D083-4EBF-9E9F-8192525E2DAF}","properties":{"id":"{2EE4D9D1-D083-4EBF-9E9F-8192525E2DAF}","name":"Vincent Massey School","address":"939  45 St SW","locationNote":null,"board":"The Calgary School Division","grades":"Junior High","levels":["juniorHigh"],"levelFlags":{"elementary":false,"juniorHigh":true,"high":false},"postSecondary":false,"website":"http://vincentmassey.cbe.ab.ca","websiteSourceUrl":"https://education.alberta.ca/media/1626669/authority_and_school.xlsx","sourceUrl":"https://data.calgary.ca/d/fd9t-tdn2","communityCode":"WGT","quadrant":"SW","areaCodes":["Q_SW","WGT"]},"geometry":{"type":"Point","coordinates":[-114.1534374,51.044044]}},{"type":"Feature","id":"{2F9E187C-E3F6-42F7-B455-05EAD3CE1B22}","properties":{"id":"{2F9E187C-E3F6-42F7-B455-05EAD3CE1B22}","name":"Elbow Park School","address":"721  38 Ave SW","locationNote":null,"board":"The Calgary School Division","grades":"Elementary","levels":["elementary"],"levelFlags":{"elementary":true,"juniorHigh":false,"high":false},"postSecondary":false,"website":"https://elbowpark.cbe.ab.ca/","websiteSourceUrl":"https://education.alberta.ca/media/1626669/authority_and_school.xlsx","sourceUrl":"https://data.calgary.ca/d/fd9t-tdn2","communityCode":"EPK","quadrant":"SW","areaCodes":["EPK","Q_SW"]},"geometry":{"type":"Point","coordinates":[-114.0822113,51.0195842]}},{"type":"Feature","id":"{30F743EB-B2AF-43A8-9FBF-B2E8B2A8A5DF}","properties":{"id":"{30F743EB-B2AF-43A8-9FBF-B2E8B2A8A5DF}","name":"Tom Baines School","address":"250 Edgepark Blvd NW","locationNote":null,"board":"The Calgary School Division","grades":"Elementary/Junior High","levels":["elementary","juniorHigh"],"levelFlags":{"elementary":true,"juniorHigh":true,"high":false},"postSecondary":false,"website":"https://tombaines.cbe.ab.ca/","websiteSourceUrl":"https://education.alberta.ca/media/1626669/authority_and_school.xlsx","sourceUrl":"https://data.calgary.ca/d/fd9t-tdn2","communityCode":"EDG","quadrant":"NW","areaCodes":["EDG","Q_NW"]},"geometry":{"type":"Point","coordinates":[-114.1570078,51.1335211]}},{"type":"Feature","id":"{3284CE77-8467-4AFF-8B56-C857B68EAFA3}","properties":{"id":"{3284CE77-8467-4AFF-8B56-C857B68EAFA3}","name":"Calgary French & International School","address":"700 - 77 Street S.W.","locationNote":null,"board":"Calgary French & International School Society","grades":"Elementary/Junior High/Senior High","levels":["elementary","juniorHigh","high"],"levelFlags":{"elementary":true,"juniorHigh":true,"high":true},"postSecondary":false,"website":"http://www.cfis.com","websiteSourceUrl":"https://education.alberta.ca/media/1626669/authority_and_school.xlsx","sourceUrl":"https://data.calgary.ca/d/fd9t-tdn2","communityCode":"CGR","quadrant":"SW","areaCodes":["CGR","Q_SW"]},"geometry":{"type":"Point","coordinates":[-114.1979831,51.0679379]}},{"type":"Feature","id":"{33CEF98A-86BB-4C19-B06D-36C59BBAE941}","properties":{"id":"{33CEF98A-86BB-4C19-B06D-36C59BBAE941}","name":"Filipino Language and Cultural School of Calgary","address":"Bay 204 & 206  4656 Westwinds Dr NE","locationNote":null,"board":"Philippine Cultural Center Foundation (Calgary)","grades":"Unknown","levels":["unknown"],"levelFlags":{"elementary":false,"juniorHigh":false,"high":false},"postSecondary":false,"website":null,"websiteSourceUrl":null,"sourceUrl":"https://data.calgary.ca/d/fd9t-tdn2","communityCode":"WES","quadrant":"NE","areaCodes":["Q_NE","WES"]},"geometry":{"type":"Point","coordinates":[-113.9678147,51.1006537]}},{"type":"Feature","id":"{340183E9-D1DF-4571-96BB-8A85C51183FB}","properties":{"id":"{340183E9-D1DF-4571-96BB-8A85C51183FB}","name":"Clear Water Academy","address":"3910 Quesnay Wood Drive SW","locationNote":null,"board":"Clear Water Academy Foundation","grades":"Elementary/Junior High/Senior High","levels":["elementary","juniorHigh","high"],"levelFlags":{"elementary":true,"juniorHigh":true,"high":true},"postSecondary":false,"website":null,"websiteSourceUrl":null,"sourceUrl":"https://data.calgary.ca/d/fd9t-tdn2","communityCode":"CUR","quadrant":"SW","areaCodes":["CUR","Q_SW"]},"geometry":{"type":"Point","coordinates":[-114.1232548,51.0192825]}},{"type":"Feature","id":"{344ACF50-7EF8-4676-93E1-CCD921032292}","properties":{"id":"{344ACF50-7EF8-4676-93E1-CCD921032292}","name":"Griffith Woods School","address":"7652  26 Ave SW","locationNote":null,"board":"The Calgary School Division","grades":"Elementary/Junior High","levels":["elementary","juniorHigh"],"levelFlags":{"elementary":true,"juniorHigh":true,"high":false},"postSecondary":false,"website":"https://griffithwoods.cbe.ab.ca/","websiteSourceUrl":"https://education.alberta.ca/media/1626669/authority_and_school.xlsx","sourceUrl":"https://data.calgary.ca/d/fd9t-tdn2","communityCode":"SPH","quadrant":"SW","areaCodes":["Q_SW","SPH"]},"geometry":{"type":"Point","coordinates":[-114.1947612,51.0309861]}},{"type":"Feature","id":"{34D31F01-D205-4C4E-A243-BE5D65938FBE}","properties":{"id":"{34D31F01-D205-4C4E-A243-BE5D65938FBE}","name":"Bridlewood School","address":"207 Bridleridge Way SW","locationNote":null,"board":"The Calgary School Division","grades":"Elementary","levels":["elementary"],"levelFlags":{"elementary":true,"juniorHigh":false,"high":false},"postSecondary":false,"website":"http://school.cbe.ab.ca/school/Bridlewood/","websiteSourceUrl":"https://education.alberta.ca/media/1626669/authority_and_school.xlsx","sourceUrl":"https://data.calgary.ca/d/fd9t-tdn2","communityCode":"BRI","quadrant":"SW","areaCodes":["BRI","Q_SW"]},"geometry":{"type":"Point","coordinates":[-114.1106762,50.9023903]}},{"type":"Feature","id":"{350DA77A-D6CB-4252-9D44-263D9B798547}","properties":{"id":"{350DA77A-D6CB-4252-9D44-263D9B798547}","name":"St. John Paul II School","address":"119 Castleridge Drive N.E.","locationNote":null,"board":"The Calgary Roman Catholic Separate School Division","grades":"Elementary","levels":["elementary"],"levelFlags":{"elementary":true,"juniorHigh":false,"high":false},"postSecondary":false,"website":"http://www.cssd.ab.ca/schools/stjohnpaul2","websiteSourceUrl":"https://education.alberta.ca/media/1626669/authority_and_school.xlsx","sourceUrl":"https://data.calgary.ca/d/fd9t-tdn2","communityCode":"CAS","quadrant":"NE","areaCodes":["CAS","Q_NE"]},"geometry":{"type":"Point","coordinates":[-113.9562136,51.107717]}},{"type":"Feature","id":"{3535D6C8-7A78-4940-A18F-116963146FC8}","properties":{"id":"{3535D6C8-7A78-4940-A18F-116963146FC8}","name":"West Ridge School","address":"8903 Wentworth Ave SW","locationNote":null,"board":"The Calgary School Division","grades":"Elementary/Junior High","levels":["elementary","juniorHigh"],"levelFlags":{"elementary":true,"juniorHigh":true,"high":false},"postSecondary":false,"website":"https://westridge.cbe.ab.ca/","websiteSourceUrl":"https://education.alberta.ca/media/1626669/authority_and_school.xlsx","sourceUrl":"https://data.calgary.ca/d/fd9t-tdn2","communityCode":"WSP","quadrant":"SW","areaCodes":["Q_SW","WSP"]},"geometry":{"type":"Point","coordinates":[-114.2142566,51.058496]}},{"type":"Feature","id":"{353BFF21-6AD2-4CBF-A654-63D29ACEA984}","properties":{"id":"{353BFF21-6AD2-4CBF-A654-63D29ACEA984}","name":"UNIVERSITY OF LETHBRIDGE","address":null,"locationNote":null,"board":null,"grades":null,"levels":[],"levelFlags":{"elementary":null,"juniorHigh":null,"high":null},"postSecondary":true,"website":null,"websiteSourceUrl":null,"sourceUrl":"https://data.calgary.ca/d/fd9t-tdn2","communityCode":"DNC","quadrant":"SE","areaCodes":["DNC","Q_SE"]},"geometry":{"type":"Point","coordinates":[-114.0560154,51.0467729]}},{"type":"Feature","id":"{35A437D5-B519-4138-AB5D-EE0F014ED680}","properties":{"id":"{35A437D5-B519-4138-AB5D-EE0F014ED680}","name":"Hugh A. Bennett School","address":"40 Saddlelake Way NE","locationNote":null,"board":"The Calgary School Division","grades":"Elementary","levels":["elementary"],"levelFlags":{"elementary":true,"juniorHigh":false,"high":false},"postSecondary":false,"website":"https://hughabennett.cbe.ab.ca","websiteSourceUrl":"https://education.alberta.ca/media/1626669/authority_and_school.xlsx","sourceUrl":"https://data.calgary.ca/d/fd9t-tdn2","communityCode":"SAD","quadrant":"NE","areaCodes":["Q_NE","SAD"]},"geometry":{"type":"Point","coordinates":[-113.9285519,51.1317157]}},{"type":"Feature","id":"{35F0F0FB-50E0-476B-BD4D-6DE5AFA19C49}","properties":{"id":"{35F0F0FB-50E0-476B-BD4D-6DE5AFA19C49}","name":"Start Outreach","address":"3610 9th Street SE","locationNote":null,"board":"The Calgary School Division","grades":"Senior High","levels":["high"],"levelFlags":{"elementary":false,"juniorHigh":false,"high":true},"postSecondary":false,"website":"https://school.cbe.ab.ca/school/discoveringchoices","websiteSourceUrl":"https://education.alberta.ca/media/1626669/authority_and_school.xlsx","sourceUrl":"https://data.calgary.ca/d/fd9t-tdn2","communityCode":"BOW","quadrant":"NW","areaCodes":["BOW","Q_NW"]},"geometry":{"type":"Point","coordinates":[-114.2019175,51.0894363]}},{"type":"Feature","id":"{368E3580-6450-440D-A93D-A7821F37B6A0}","properties":{"id":"{368E3580-6450-440D-A93D-A7821F37B6A0}","name":"Cappy Smart School","address":"5808 Madigan Dr NE","locationNote":null,"board":"The Calgary School Division","grades":"Elementary","levels":["elementary"],"levelFlags":{"elementary":true,"juniorHigh":false,"high":false},"postSecondary":false,"website":"http://school.cbe.ab.ca/school/CappySmart/Pages/de","websiteSourceUrl":"https://education.alberta.ca/media/1626669/authority_and_school.xlsx","sourceUrl":"https://data.calgary.ca/d/fd9t-tdn2","communityCode":"MPK","quadrant":"NE","areaCodes":["MPK","Q_NE"]},"geometry":{"type":"Point","coordinates":[-113.945082,51.0636998]}},{"type":"Feature","id":"{374FFD9F-C575-4DC5-B450-B064CAE69246}","properties":{"id":"{374FFD9F-C575-4DC5-B450-B064CAE69246}","name":"Dalhousie School","address":"4440 Dallyn St NW","locationNote":null,"board":"The Calgary School Division","grades":"Elementary","levels":["elementary"],"levelFlags":{"elementary":true,"juniorHigh":false,"high":false},"postSecondary":false,"website":"http://www.cbe.ab.ca/dalhousie","websiteSourceUrl":"https://education.alberta.ca/media/1626669/authority_and_school.xlsx","sourceUrl":"https://data.calgary.ca/d/fd9t-tdn2","communityCode":"DAL","quadrant":"NW","areaCodes":["DAL","Q_NW"]},"geometry":{"type":"Point","coordinates":[-114.1513928,51.1065337]}},{"type":"Feature","id":"{3784B71D-DB91-4D6A-9B6F-3D93217C7E8D}","properties":{"id":"{3784B71D-DB91-4D6A-9B6F-3D93217C7E8D}","name":"Jennie Elliott School","address":"3031 Lindsay Dr SW","locationNote":null,"board":"The Calgary School Division","grades":"Elementary","levels":["elementary"],"levelFlags":{"elementary":true,"juniorHigh":false,"high":false},"postSecondary":false,"website":"http://school.cbe.ab.ca/school/JennieElliott","websiteSourceUrl":"https://education.alberta.ca/media/1626669/authority_and_school.xlsx","sourceUrl":"https://data.calgary.ca/d/fd9t-tdn2","communityCode":"LKV","quadrant":"SW","areaCodes":["LKV","Q_SW"]},"geometry":{"type":"Point","coordinates":[-114.1272429,50.9961363]}},{"type":"Feature","id":"{37A7B785-5E8E-4094-8500-97F1460C4097}","properties":{"id":"{37A7B785-5E8E-4094-8500-97F1460C4097}","name":"New Heights School and Learning Services","address":"2521 Dieppe Ave SW","locationNote":null,"board":"New Heights School and Learning Services Society","grades":"Elementary/Junior High/Senior High","levels":["elementary","juniorHigh","high"],"levelFlags":{"elementary":true,"juniorHigh":true,"high":true},"postSecondary":false,"website":null,"websiteSourceUrl":null,"sourceUrl":"https://data.calgary.ca/d/fd9t-tdn2","communityCode":"CUR","quadrant":"SW","areaCodes":["CUR","Q_SW"]},"geometry":{"type":"Point","coordinates":[-114.1223486,51.0184803]}},{"type":"Feature","id":"{3874DDDB-B288-4663-89D6-C05CAD8CEA82}","properties":{"id":"{3874DDDB-B288-4663-89D6-C05CAD8CEA82}","name":"W.H.Cushing Workplace School","address":"130 - 7 Avenue S.W.","locationNote":null,"board":"The Calgary School Division","grades":"Unknown","levels":["unknown"],"levelFlags":{"elementary":false,"juniorHigh":false,"high":false},"postSecondary":false,"website":null,"websiteSourceUrl":null,"sourceUrl":"https://data.calgary.ca/d/fd9t-tdn2","communityCode":"DNC","quadrant":"SW","areaCodes":["DNC","Q_SW"]},"geometry":{"type":"Point","coordinates":[-114.0649275,51.0468308]}},{"type":"Feature","id":"{3A8D0294-8BB3-47EF-B79F-1D0F4F926E02}","properties":{"id":"{3A8D0294-8BB3-47EF-B79F-1D0F4F926E02}","name":"Beddington Heights School","address":"95 Bermuda Rd NW","locationNote":null,"board":"The Calgary School Division","grades":"Elementary","levels":["elementary"],"levelFlags":{"elementary":true,"juniorHigh":false,"high":false},"postSecondary":false,"website":"https://beddingtonheights.cbe.ab.ca/","websiteSourceUrl":"https://education.alberta.ca/media/1626669/authority_and_school.xlsx","sourceUrl":"https://data.calgary.ca/d/fd9t-tdn2","communityCode":"BED","quadrant":"NW","areaCodes":["BED","Q_NW"]},"geometry":{"type":"Point","coordinates":[-114.0794072,51.1317524]}},{"type":"Feature","id":"{3AC220BB-168C-4B89-ADC1-CA5A02803117}","properties":{"id":"{3AC220BB-168C-4B89-ADC1-CA5A02803117}","name":"Eastside Christian Academy","address":"1320 Abbeydale Drive SE","locationNote":null,"board":"Eastside City Church and Missionary Society","grades":"Elementary/Junior High/Senior High","levels":["elementary","juniorHigh","high"],"levelFlags":{"elementary":true,"juniorHigh":true,"high":true},"postSecondary":false,"website":null,"websiteSourceUrl":null,"sourceUrl":"https://data.calgary.ca/d/fd9t-tdn2","communityCode":"ABB","quadrant":"SE","areaCodes":["ABB","Q_SE"]},"geometry":{"type":"Point","coordinates":[-113.9302342,51.0519591]}},{"type":"Feature","id":"{3B811B49-9FFF-4905-923D-0D21636226B3}","properties":{"id":"{3B811B49-9FFF-4905-923D-0D21636226B3}","name":"Penbrooke Meadows School","address":"5645 Pensacola Cres SE","locationNote":null,"board":"The Calgary School Division","grades":"Elementary","levels":["elementary"],"levelFlags":{"elementary":true,"juniorHigh":false,"high":false},"postSecondary":false,"website":"http://school.cbe.ab.ca/school/penbrookemeadows/Pa","websiteSourceUrl":"https://education.alberta.ca/media/1626669/authority_and_school.xlsx","sourceUrl":"https://data.calgary.ca/d/fd9t-tdn2","communityCode":"PEN","quadrant":"SE","areaCodes":["PEN","Q_SE"]},"geometry":{"type":"Point","coordinates":[-113.952203,51.0418021]}},{"type":"Feature","id":"{3BA71E87-ABF5-4EA0-A72E-8D069D486D38}","properties":{"id":"{3BA71E87-ABF5-4EA0-A72E-8D069D486D38}","name":"Access Academy","address":"Suite 100  B1  2451 Dieppe AVE","locationNote":null,"board":"Access Academy Inc.","grades":"Unknown","levels":["unknown"],"levelFlags":{"elementary":false,"juniorHigh":false,"high":false},"postSecondary":false,"website":null,"websiteSourceUrl":null,"sourceUrl":"https://data.calgary.ca/d/fd9t-tdn2","communityCode":"CUR","quadrant":"SW","areaCodes":["CUR","Q_SW"]},"geometry":{"type":"Point","coordinates":[-114.119053,51.0192933]}},{"type":"Feature","id":"{3C3FE655-0B00-4212-9ED1-473165BD4EB7}","properties":{"id":"{3C3FE655-0B00-4212-9ED1-473165BD4EB7}","name":"Eric Harvie School","address":"357 Tuscany Dr NW","locationNote":null,"board":"The Calgary School Division","grades":"Elementary","levels":["elementary"],"levelFlags":{"elementary":true,"juniorHigh":false,"high":false},"postSecondary":false,"website":"http://www.cbe.ab.ca/ericharvie","websiteSourceUrl":"https://education.alberta.ca/media/1626669/authority_and_school.xlsx","sourceUrl":"https://data.calgary.ca/d/fd9t-tdn2","communityCode":"TUS","quadrant":"NW","areaCodes":["Q_NW","TUS"]},"geometry":{"type":"Point","coordinates":[-114.2511254,51.1280486]}},{"type":"Feature","id":"{3C5A3221-830C-4BF7-B94D-DDD6E75017ED}","properties":{"id":"{3C5A3221-830C-4BF7-B94D-DDD6E75017ED}","name":"Calgary Girls Charter School","address":"6304 Larkspur Way S.W.","locationNote":null,"board":"Calgary Girls' School Society","grades":"Elementary/Junior High","levels":["elementary","juniorHigh"],"levelFlags":{"elementary":true,"juniorHigh":true,"high":false},"postSecondary":false,"website":"http://www.calgarygirlsschool.com","websiteSourceUrl":"https://education.alberta.ca/media/1626669/authority_and_school.xlsx","sourceUrl":"https://data.calgary.ca/d/fd9t-tdn2","communityCode":"NGM","quadrant":"SW","areaCodes":["NGM","Q_SW"]},"geometry":{"type":"Point","coordinates":[-114.1147784,50.9989993]}},{"type":"Feature","id":"{3D9DCCB5-5EDF-42F4-9AE1-9819A2E4AF98}","properties":{"id":"{3D9DCCB5-5EDF-42F4-9AE1-9819A2E4AF98}","name":"Phoenix Education Foundation","address":"320 19 Street S.E.","locationNote":null,"board":"Phoenix Education Foundation","grades":"Elementary/Junior High/Senior High","levels":["elementary","juniorHigh","high"],"levelFlags":{"elementary":true,"juniorHigh":true,"high":true},"postSecondary":false,"website":"http://www.phoenixfoundation.ca","websiteSourceUrl":"https://education.alberta.ca/media/1626669/authority_and_school.xlsx","sourceUrl":"https://data.calgary.ca/d/fd9t-tdn2","communityCode":"MLI","quadrant":"SE","areaCodes":["MLI","Q_SE"]},"geometry":{"type":"Point","coordinates":[-114.0078399,51.0502709]}},{"type":"Feature","id":"{3DA38F29-6C30-42D5-B00E-C189DC77EA31}","properties":{"id":"{3DA38F29-6C30-42D5-B00E-C189DC77EA31}","name":"North Point School","address":"2445 - 23 Ave SW","locationNote":null,"board":"North Point School for Boys","grades":"Elementary/Junior High/Senior High","levels":["elementary","juniorHigh","high"],"levelFlags":{"elementary":true,"juniorHigh":true,"high":true},"postSecondary":false,"website":null,"websiteSourceUrl":null,"sourceUrl":"https://data.calgary.ca/d/fd9t-tdn2","communityCode":"RIC","quadrant":"SW","areaCodes":["Q_SW","RIC"]},"geometry":{"type":"Point","coordinates":[-114.1174982,51.0325631]}},{"type":"Feature","id":"{3E5DCC87-8B75-48E2-99B9-08ED93EEBBA2}","properties":{"id":"{3E5DCC87-8B75-48E2-99B9-08ED93EEBBA2}","name":"Glenmore Christian Academy Junior High","address":"16520-24 Street SW","locationNote":null,"board":"GCA Educational Society","grades":"Elementary/Junior High","levels":["elementary","juniorHigh"],"levelFlags":{"elementary":true,"juniorHigh":true,"high":false},"postSecondary":false,"website":null,"websiteSourceUrl":null,"sourceUrl":"https://data.calgary.ca/d/fd9t-tdn2","communityCode":"BRI","quadrant":"SW","areaCodes":["BRI","Q_SW"]},"geometry":{"type":"Point","coordinates":[-114.1152532,50.9039855]}},{"type":"Feature","id":"{3E7F4C9D-C877-461C-9826-B51D109F49C9}","properties":{"id":"{3E7F4C9D-C877-461C-9826-B51D109F49C9}","name":"Southeast Elementary Campus","address":"9711 Academy Drive SE","locationNote":null,"board":"Foundations for the Future Charter Academy Charter School Society","grades":"Elementary","levels":["elementary"],"levelFlags":{"elementary":true,"juniorHigh":false,"high":false},"postSecondary":false,"website":"http://www.ffca-calgary.com","websiteSourceUrl":"https://education.alberta.ca/media/1626669/authority_and_school.xlsx","sourceUrl":"https://data.calgary.ca/d/fd9t-tdn2","communityCode":"ACA","quadrant":"SE","areaCodes":["ACA","Q_SE"]},"geometry":{"type":"Point","coordinates":[-114.0454205,50.9672487]}},{"type":"Feature","id":"{3E984242-318B-4EF2-B968-659223CDCF20}","properties":{"id":"{3E984242-318B-4EF2-B968-659223CDCF20}","name":"Chinook Park School","address":"1312  75 Ave SW","locationNote":null,"board":"The Calgary School Division","grades":"Elementary","levels":["elementary"],"levelFlags":{"elementary":true,"juniorHigh":false,"high":false},"postSecondary":false,"website":"http://chinookpark.cbe.ab.ca","websiteSourceUrl":"https://education.alberta.ca/media/1626669/authority_and_school.xlsx","sourceUrl":"https://data.calgary.ca/d/fd9t-tdn2","communityCode":"KEL","quadrant":"SW","areaCodes":["KEL","Q_SW"]},"geometry":{"type":"Point","coordinates":[-114.0893846,50.9864545]}},{"type":"Feature","id":"{3F1DA34E-B86E-44E7-876B-28B1C81140AF}","properties":{"id":"{3F1DA34E-B86E-44E7-876B-28B1C81140AF}","name":"Captain John Palliser School","address":"1484 Northmount Dr NW","locationNote":null,"board":"The Calgary School Division","grades":"Elementary","levels":["elementary"],"levelFlags":{"elementary":true,"juniorHigh":false,"high":false},"postSecondary":false,"website":"http://school.cbe.ab.ca/school/CaptainJohnPalliser","websiteSourceUrl":"https://education.alberta.ca/media/1626669/authority_and_school.xlsx","sourceUrl":"https://data.calgary.ca/d/fd9t-tdn2","communityCode":"BRE","quadrant":"NW","areaCodes":["BRE","Q_NW"]},"geometry":{"type":"Point","coordinates":[-114.1360304,51.0963716]}},{"type":"Feature","id":"{3F9C8705-5D6C-4C6B-95C2-79C1D04167DE}","properties":{"id":"{3F9C8705-5D6C-4C6B-95C2-79C1D04167DE}","name":"Mount View School","address":"2004  4 St NE","locationNote":null,"board":"The Calgary School Division","grades":"Elementary","levels":["elementary"],"levelFlags":{"elementary":true,"juniorHigh":false,"high":false},"postSecondary":false,"website":"http://schools.cbe.ab.ca/mountview","websiteSourceUrl":"https://education.alberta.ca/media/1626669/authority_and_school.xlsx","sourceUrl":"https://data.calgary.ca/d/fd9t-tdn2","communityCode":"WIN","quadrant":"NE","areaCodes":["Q_NE","WIN"]},"geometry":{"type":"Point","coordinates":[-114.0520762,51.0696322]}},{"type":"Feature","id":"{401749DA-E52C-4CBF-A738-61CF4FC08564}","properties":{"id":"{401749DA-E52C-4CBF-A738-61CF4FC08564}","name":"St. Bonaventure School","address":"1710 Acadia Drive S.E.","locationNote":null,"board":"The Calgary Roman Catholic Separate School Division","grades":"Junior High","levels":["juniorHigh"],"levelFlags":{"elementary":false,"juniorHigh":true,"high":false},"postSecondary":false,"website":"http://cssd.ab.ca/schools/stbonaventure","websiteSourceUrl":"https://education.alberta.ca/media/1626669/authority_and_school.xlsx","sourceUrl":"https://data.calgary.ca/d/fd9t-tdn2","communityCode":"LKB","quadrant":"SE","areaCodes":["LKB","Q_SE"]},"geometry":{"type":"Point","coordinates":[-114.0471954,50.9317438]}},{"type":"Feature","id":"{40EDE085-4CFF-41A2-9BAC-2CD526FF9DAE}","properties":{"id":"{40EDE085-4CFF-41A2-9BAC-2CD526FF9DAE}","name":"Sunnyside School","address":"211 7 St NW","locationNote":null,"board":"The Calgary School Division","grades":"Elementary","levels":["elementary"],"levelFlags":{"elementary":true,"juniorHigh":false,"high":false},"postSecondary":false,"website":"http://school.cbe.ab.ca/school/sunnyside","websiteSourceUrl":"https://education.alberta.ca/media/1626669/authority_and_school.xlsx","sourceUrl":"https://data.calgary.ca/d/fd9t-tdn2","communityCode":"SSD","quadrant":"NW","areaCodes":["Q_NW","SSD"]},"geometry":{"type":"Point","coordinates":[-114.0795583,51.0565691]}},{"type":"Feature","id":"{411EC3C5-60FB-475B-8C90-CB79917B7E14}","properties":{"id":"{411EC3C5-60FB-475B-8C90-CB79917B7E14}","name":"Sir Winston Churchill High School","address":"5220 Northland Dr NW","locationNote":null,"board":"The Calgary School Division","grades":"Senior High","levels":["high"],"levelFlags":{"elementary":false,"juniorHigh":false,"high":true},"postSecondary":false,"website":"https://school.cbe.ab.ca/school/SirWinstonChurchil","websiteSourceUrl":"https://education.alberta.ca/media/1626669/authority_and_school.xlsx","sourceUrl":"https://data.calgary.ca/d/fd9t-tdn2","communityCode":"BRE","quadrant":"NW","areaCodes":["BRE","Q_NW"]},"geometry":{"type":"Point","coordinates":[-114.1400026,51.1001279]}},{"type":"Feature","id":"{41FE430C-1A58-4BEF-A217-1BE8A2FFA967}","properties":{"id":"{41FE430C-1A58-4BEF-A217-1BE8A2FFA967}","name":"St. Sylvester School","address":"7318 Silver Springs Blvd NW.","locationNote":null,"board":"The Calgary Roman Catholic Separate School Division","grades":"Elementary","levels":["elementary"],"levelFlags":{"elementary":true,"juniorHigh":false,"high":false},"postSecondary":false,"website":"http://www.cssd.ab.ca/schools/stsylvester","websiteSourceUrl":"https://education.alberta.ca/media/1626669/authority_and_school.xlsx","sourceUrl":"https://data.calgary.ca/d/fd9t-tdn2","communityCode":"SIL","quadrant":"NW","areaCodes":["Q_NW","SIL"]},"geometry":{"type":"Point","coordinates":[-114.1943669,51.1092619]}},{"type":"Feature","id":"{4248D63B-3CC8-43F3-AD62-050EF839D9FD}","properties":{"id":"{4248D63B-3CC8-43F3-AD62-050EF839D9FD}","name":"École de la Rose sauvage","address":"2512 - 4 Street N.W.","locationNote":null,"board":"The Southern Francophone Education Region","grades":"Junior High/Senior High","levels":["juniorHigh","high"],"levelFlags":{"elementary":false,"juniorHigh":true,"high":true},"postSecondary":false,"website":"http://www.larosesauvage.francosud.ca","websiteSourceUrl":"https://education.alberta.ca/media/1626669/authority_and_school.xlsx","sourceUrl":"https://data.calgary.ca/d/fd9t-tdn2","communityCode":"MOP","quadrant":"NW","areaCodes":["MOP","Q_NW"]},"geometry":{"type":"Point","coordinates":[-114.0703177,51.0748514]}},{"type":"Feature","id":"{43CDB439-993B-4B21-8930-8B9F1A6162C8}","properties":{"id":"{43CDB439-993B-4B21-8930-8B9F1A6162C8}","name":"Our Lady of Peace Elementary Junior High School","address":"14826 Millrise Hill S.W.","locationNote":null,"board":"The Calgary Roman Catholic Separate School Division","grades":"Elementary/Junior High","levels":["elementary","juniorHigh"],"levelFlags":{"elementary":true,"juniorHigh":true,"high":false},"postSecondary":false,"website":"http://www.cssd.ab.ca/schools/olp","websiteSourceUrl":"https://education.alberta.ca/media/1626669/authority_and_school.xlsx","sourceUrl":"https://data.calgary.ca/d/fd9t-tdn2","communityCode":"MLR","quadrant":"SW","areaCodes":["MLR","Q_SW"]},"geometry":{"type":"Point","coordinates":[-114.0877237,50.9184796]}},{"type":"Feature","id":"{44781B54-0E86-4C75-8BBB-94ED80F41158}","properties":{"id":"{44781B54-0E86-4C75-8BBB-94ED80F41158}","name":"Wood's Homes School","address":"805 37 ST NW","locationNote":null,"board":"The Calgary School Division","grades":"Junior High/Senior High","levels":["juniorHigh","high"],"levelFlags":{"elementary":false,"juniorHigh":true,"high":true},"postSecondary":false,"website":"http://schools.cbe.ab.ca/b035/","websiteSourceUrl":"https://education.alberta.ca/media/1626669/authority_and_school.xlsx","sourceUrl":"https://data.calgary.ca/d/fd9t-tdn2","communityCode":"BOW","quadrant":"NW","areaCodes":["BOW","Q_NW"]},"geometry":{"type":"Point","coordinates":[-114.2242426,51.0961048]}},{"type":"Feature","id":"{45A1C827-2AF6-4184-9A95-A428C21AFE23}","properties":{"id":"{45A1C827-2AF6-4184-9A95-A428C21AFE23}","name":"Renfrew Educational Services-Janice McTighe Centre","address":"2050 - 21 Street N.E.","locationNote":null,"board":"Renfrew Educational Services Society","grades":"Elementary/Junior High","levels":["elementary","juniorHigh"],"levelFlags":{"elementary":true,"juniorHigh":true,"high":false},"postSecondary":false,"website":"http://www.renfreweducation.org","websiteSourceUrl":"https://education.alberta.ca/media/1626669/authority_and_school.xlsx","sourceUrl":"https://data.calgary.ca/d/fd9t-tdn2","communityCode":"SAW","quadrant":"NE","areaCodes":["Q_NE","SAW"]},"geometry":{"type":"Point","coordinates":[-114.008306,51.0696237]}},{"type":"Feature","id":"{45F4D46D-746B-4198-AF3D-548C540FD11D}","properties":{"id":"{45F4D46D-746B-4198-AF3D-548C540FD11D}","name":"National Sport School","address":"151 Canada Olympic Rd SW","locationNote":null,"board":"The Palliser School Division","grades":"Junior High/Senior High","levels":["juniorHigh","high"],"levelFlags":{"elementary":false,"juniorHigh":true,"high":true},"postSecondary":false,"website":"http://www.nationalsportschool.com","websiteSourceUrl":"https://education.alberta.ca/media/1626669/authority_and_school.xlsx","sourceUrl":"https://data.calgary.ca/d/fd9t-tdn2","communityCode":"COP","quadrant":"SW","areaCodes":["COP","Q_SW"]},"geometry":{"type":"Point","coordinates":[-114.2210408,51.0848015]}},{"type":"Feature","id":"{46442D41-399A-4BFD-AC7F-07B86DD9C705}","properties":{"id":"{46442D41-399A-4BFD-AC7F-07B86DD9C705}","name":"Dr. J. K. Mulloy School","address":"7440 10 St NW","locationNote":null,"board":"The Calgary School Division","grades":"Elementary","levels":["elementary"],"levelFlags":{"elementary":true,"juniorHigh":false,"high":false},"postSecondary":false,"website":"http://schools.cbe.ab.ca/b242","websiteSourceUrl":"https://education.alberta.ca/media/1626669/authority_and_school.xlsx","sourceUrl":"https://data.calgary.ca/d/fd9t-tdn2","communityCode":"HUN","quadrant":"NW","areaCodes":["HUN","Q_NW"]},"geometry":{"type":"Point","coordinates":[-114.0799833,51.1192318]}},{"type":"Feature","id":"{466CD740-410C-4F76-A2E1-26C645271DD3}","properties":{"id":"{466CD740-410C-4F76-A2E1-26C645271DD3}","name":"Ranchlands School","address":"610 Ranchlands Blvd NW","locationNote":null,"board":"The Calgary School Division","grades":"Elementary","levels":["elementary"],"levelFlags":{"elementary":true,"juniorHigh":false,"high":false},"postSecondary":false,"website":"http://school.cbe.ab.ca/school/ranchlands/Pages/de","websiteSourceUrl":"https://education.alberta.ca/media/1626669/authority_and_school.xlsx","sourceUrl":"https://data.calgary.ca/d/fd9t-tdn2","communityCode":"RAN","quadrant":"NW","areaCodes":["Q_NW","RAN"]},"geometry":{"type":"Point","coordinates":[-114.179224,51.1187116]}},{"type":"Feature","id":"{473D5D0D-9773-4C40-ABC4-94833404E00D}","properties":{"id":"{473D5D0D-9773-4C40-ABC4-94833404E00D}","name":"Sir Wilfrid Laurier School","address":"819  32 St SE","locationNote":null,"board":"The Calgary School Division","grades":"Elementary/Junior High","levels":["elementary","juniorHigh"],"levelFlags":{"elementary":true,"juniorHigh":true,"high":false},"postSecondary":false,"website":"http://school.cbe.ab.ca/school/SirWilfridLaurier/P","websiteSourceUrl":"https://education.alberta.ca/media/1626669/authority_and_school.xlsx","sourceUrl":"https://data.calgary.ca/d/fd9t-tdn2","communityCode":"ALB","quadrant":"SE","areaCodes":["ALB","Q_SE"]},"geometry":{"type":"Point","coordinates":[-113.9893203,51.0457415]}},{"type":"Feature","id":"{47879B5D-B575-4E6E-B084-495011B1DC69}","properties":{"id":"{47879B5D-B575-4E6E-B084-495011B1DC69}","name":"Northern Lights School","address":"711 Coventry Dr NE","locationNote":null,"board":"The Calgary School Division","grades":"Elementary","levels":["elementary"],"levelFlags":{"elementary":true,"juniorHigh":false,"high":false},"postSecondary":false,"website":null,"websiteSourceUrl":null,"sourceUrl":"https://data.calgary.ca/d/fd9t-tdn2","communityCode":"COV","quadrant":"NE","areaCodes":["COV","Q_NE"]},"geometry":{"type":"Point","coordinates":[-114.0469408,51.1576231]}},{"type":"Feature","id":"{47A25479-C120-454C-99D4-4B79E9FF2C03}","properties":{"id":"{47A25479-C120-454C-99D4-4B79E9FF2C03}","name":"Holy Family School","address":"904 - 32 St. S.E.","locationNote":null,"board":"The Calgary Roman Catholic Separate School Division","grades":"Elementary","levels":["elementary"],"levelFlags":{"elementary":true,"juniorHigh":false,"high":false},"postSecondary":false,"website":"http://www.cssd.ab.ca/schools/holyfamily","websiteSourceUrl":"https://education.alberta.ca/media/1626669/authority_and_school.xlsx","sourceUrl":"https://data.calgary.ca/d/fd9t-tdn2","communityCode":"ALB","quadrant":"SE","areaCodes":["ALB","Q_SE"]},"geometry":{"type":"Point","coordinates":[-113.9878779,51.0455409]}},{"type":"Feature","id":"{48B2304D-F85D-49AE-9CE9-F1D9D7AE497E}","properties":{"id":"{48B2304D-F85D-49AE-9CE9-F1D9D7AE497E}","name":"Holy Name (Bilingual) School","address":"3011 - 35 Street S.W.","locationNote":null,"board":"The Calgary Roman Catholic Separate School Division","grades":"Elementary","levels":["elementary"],"levelFlags":{"elementary":true,"juniorHigh":false,"high":false},"postSecondary":false,"website":"http://www.cssd.ab.ca/schools/holyname","websiteSourceUrl":"https://education.alberta.ca/media/1626669/authority_and_school.xlsx","sourceUrl":"https://data.calgary.ca/d/fd9t-tdn2","communityCode":"KIL","quadrant":"SW","areaCodes":["KIL","Q_SW"]},"geometry":{"type":"Point","coordinates":[-114.1390179,51.0282786]}},{"type":"Feature","id":"{4905404E-D370-408E-BEAD-9966FFCEAF2E}","properties":{"id":"{4905404E-D370-408E-BEAD-9966FFCEAF2E}","name":"Yufeng Chinese School","address":"169 Citadel Ridge Close NW","locationNote":null,"board":"Yufeng Chinese School Centre","grades":"Elementary/Junior High/Senior High","levels":["elementary","juniorHigh","high"],"levelFlags":{"elementary":true,"juniorHigh":true,"high":true},"postSecondary":false,"website":"http://www.yufeng.ca","websiteSourceUrl":"https://education.alberta.ca/media/1626669/authority_and_school.xlsx","sourceUrl":"https://data.calgary.ca/d/fd9t-tdn2","communityCode":"CIT","quadrant":"NW","areaCodes":["CIT","Q_NW"]},"geometry":{"type":"Point","coordinates":[-114.1834835,51.1461011]}},{"type":"Feature","id":"{4931812B-1941-42DA-9B61-6BD39FBBB89F}","properties":{"id":"{4931812B-1941-42DA-9B61-6BD39FBBB89F}","name":"Green Dome Islamic School","address":"4618 80 Avenue NE","locationNote":null,"board":"The Prairie Land School Division","grades":"Elementary","levels":["elementary"],"levelFlags":{"elementary":true,"juniorHigh":false,"high":false},"postSecondary":false,"website":"https://www.greendomeislamicschool.com/","websiteSourceUrl":"https://education.alberta.ca/media/1626669/authority_and_school.xlsx","sourceUrl":"https://data.calgary.ca/d/fd9t-tdn2","communityCode":"SAD","quadrant":"NE","areaCodes":["Q_NE","SAD"]},"geometry":{"type":"Point","coordinates":[-113.9682729,51.1265019]}},{"type":"Feature","id":"{49B49054-BB18-4C67-8F52-E31AC3FF3945}","properties":{"id":"{49B49054-BB18-4C67-8F52-E31AC3FF3945}","name":"Douglasdale School","address":"400 Douglas Park Blvd SE","locationNote":null,"board":"The Calgary School Division","grades":"Elementary","levels":["elementary"],"levelFlags":{"elementary":true,"juniorHigh":false,"high":false},"postSecondary":false,"website":"http://school.cbe.ab.ca/school/douglasdale/Pages/d","websiteSourceUrl":"https://education.alberta.ca/media/1626669/authority_and_school.xlsx","sourceUrl":"https://data.calgary.ca/d/fd9t-tdn2","communityCode":"DDG","quadrant":"SE","areaCodes":["DDG","Q_SE"]},"geometry":{"type":"Point","coordinates":[-113.982663,50.9352697]}},{"type":"Feature","id":"{49BE815A-D22A-44C1-A010-BE6FA46BA1C1}","properties":{"id":"{49BE815A-D22A-44C1-A010-BE6FA46BA1C1}","name":"MOUNT ROYAL UNIVERSITY - LINCOLN PARK CAMPUS","address":null,"locationNote":null,"board":null,"grades":null,"levels":[],"levelFlags":{"elementary":null,"juniorHigh":null,"high":null},"postSecondary":true,"website":null,"websiteSourceUrl":null,"sourceUrl":"https://data.calgary.ca/d/fd9t-tdn2","communityCode":"LPK","quadrant":"SW","areaCodes":["LPK","Q_SW"]},"geometry":{"type":"Point","coordinates":[-114.1327346,51.0128117]}},{"type":"Feature","id":"{49EF25C5-D79A-417E-8941-9518209A77C6}","properties":{"id":"{49EF25C5-D79A-417E-8941-9518209A77C6}","name":"Panorama Hills School","address":"1057 Panorama Hills Dr NW","locationNote":null,"board":"The Calgary School Division","grades":"Elementary","levels":["elementary"],"levelFlags":{"elementary":true,"juniorHigh":false,"high":false},"postSecondary":false,"website":"http://school.cbe.ab.ca/school/panoramahills","websiteSourceUrl":"https://education.alberta.ca/media/1626669/authority_and_school.xlsx","sourceUrl":"https://data.calgary.ca/d/fd9t-tdn2","communityCode":"PAN","quadrant":"NW","areaCodes":["PAN","Q_NW"]},"geometry":{"type":"Point","coordinates":[-114.0859357,51.1558208]}},{"type":"Feature","id":"{4B11389E-95C5-42EF-B9A5-213E88124224}","properties":{"id":"{4B11389E-95C5-42EF-B9A5-213E88124224}","name":"Niitsitapi Learning Centre","address":"3743 Dover Ridge Dr SW","locationNote":null,"board":"The Calgary School Division","grades":"Elementary","levels":["elementary"],"levelFlags":{"elementary":true,"juniorHigh":false,"high":false},"postSecondary":false,"website":"http://school.cbe.ab.ca/school/Niitsitapi","websiteSourceUrl":"https://education.alberta.ca/media/1626669/authority_and_school.xlsx","sourceUrl":"https://data.calgary.ca/d/fd9t-tdn2","communityCode":"DOV","quadrant":"SE","areaCodes":["DOV","Q_SE"]},"geometry":{"type":"Point","coordinates":[-113.9793514,51.0205955]}},{"type":"Feature","id":"{4F2C9365-1F39-4B1E-935F-1D2DE4A78B33}","properties":{"id":"{4F2C9365-1F39-4B1E-935F-1D2DE4A78B33}","name":"Bishop Carroll High School","address":"4624 Richard Road S.W.","locationNote":null,"board":"The Calgary Roman Catholic Separate School Division","grades":"Senior High","levels":["high"],"levelFlags":{"elementary":false,"juniorHigh":false,"high":true},"postSecondary":false,"website":"http://www.cssd.ab.ca/schools/bishopcarroll","websiteSourceUrl":"https://education.alberta.ca/media/1626669/authority_and_school.xlsx","sourceUrl":"https://data.calgary.ca/d/fd9t-tdn2","communityCode":"CUR","quadrant":"SW","areaCodes":["CUR","Q_SW"]},"geometry":{"type":"Point","coordinates":[-114.1208057,51.0127004]}},{"type":"Feature","id":"{4F55655C-CB12-49F1-8D29-44596C2D4B4C}","properties":{"id":"{4F55655C-CB12-49F1-8D29-44596C2D4B4C}","name":"Canadian Montessori School West","address":"1112 - 70 Avenue S.W.","locationNote":null,"board":"The Canadian Montessori School Ltd.","grades":"Unknown","levels":["unknown"],"levelFlags":{"elementary":false,"juniorHigh":false,"high":false},"postSecondary":false,"website":null,"websiteSourceUrl":null,"sourceUrl":"https://data.calgary.ca/d/fd9t-tdn2","communityCode":"KEL","quadrant":"SW","areaCodes":["KEL","Q_SW"]},"geometry":{"type":"Point","coordinates":[-114.0882764,50.9907515]}},{"type":"Feature","id":"{4F6CBC33-A7C6-4D79-A307-0064D349B43E}","properties":{"id":"{4F6CBC33-A7C6-4D79-A307-0064D349B43E}","name":"Children's Village School","address":"1210 Russet Rd NE","locationNote":null,"board":"The Calgary School Division","grades":"Elementary","levels":["elementary"],"levelFlags":{"elementary":true,"juniorHigh":false,"high":false},"postSecondary":false,"website":"http://school.cbe.ab.ca/school/childrensvillage/Pa","websiteSourceUrl":"https://education.alberta.ca/media/1626669/authority_and_school.xlsx","sourceUrl":"https://data.calgary.ca/d/fd9t-tdn2","communityCode":"REN","quadrant":"NE","areaCodes":["Q_NE","REN"]},"geometry":{"type":"Point","coordinates":[-114.0419786,51.0638755]}},{"type":"Feature","id":"{4FA28AC0-B311-4B13-8CCF-92BC4B11FE36}","properties":{"id":"{4FA28AC0-B311-4B13-8CCF-92BC4B11FE36}","name":"Mayland Heights School","address":"2324 Maunsell Drive NE","locationNote":null,"board":"The Calgary School Division","grades":"Elementary","levels":["elementary"],"levelFlags":{"elementary":true,"juniorHigh":false,"high":false},"postSecondary":false,"website":"http://school.cbe.ab.ca/school/maylandheights/Page","websiteSourceUrl":"https://education.alberta.ca/media/1626669/authority_and_school.xlsx","sourceUrl":"https://data.calgary.ca/d/fd9t-tdn2","communityCode":"MAL","quadrant":"NE","areaCodes":["MAL","Q_NE"]},"geometry":{"type":"Point","coordinates":[-114.007307,51.0589586]}},{"type":"Feature","id":"{4FA942A8-871B-410E-AA6A-C4E4B5CA7152}","properties":{"id":"{4FA942A8-871B-410E-AA6A-C4E4B5CA7152}","name":"Sam Livingston School","address":"12011 Bonaventure Dr SE","locationNote":null,"board":"The Calgary School Division","grades":"Elementary","levels":["elementary"],"levelFlags":{"elementary":true,"juniorHigh":false,"high":false},"postSecondary":false,"website":"https://school.cbe.ab.ca/school/samlivingston/Page","websiteSourceUrl":"https://education.alberta.ca/media/1626669/authority_and_school.xlsx","sourceUrl":"https://data.calgary.ca/d/fd9t-tdn2","communityCode":"LKB","quadrant":"SE","areaCodes":["LKB","Q_SE"]},"geometry":{"type":"Point","coordinates":[-114.0612846,50.9454549]}},{"type":"Feature","id":"{51E9A045-8254-4801-B1EC-41B335432D72}","properties":{"id":"{51E9A045-8254-4801-B1EC-41B335432D72}","name":"Midnapore School","address":"55 Midpark Rise SE","locationNote":null,"board":"The Calgary School Division","grades":"Elementary","levels":["elementary"],"levelFlags":{"elementary":true,"juniorHigh":false,"high":false},"postSecondary":false,"website":"http://schools.cbe.ab.ca/b363/","websiteSourceUrl":"https://education.alberta.ca/media/1626669/authority_and_school.xlsx","sourceUrl":"https://data.calgary.ca/d/fd9t-tdn2","communityCode":"MID","quadrant":"SE","areaCodes":["MID","Q_SE"]},"geometry":{"type":"Point","coordinates":[-114.0551889,50.9150469]}},{"type":"Feature","id":"{52EAE5E7-3C3C-45D8-9E92-9CA081BCD57B}","properties":{"id":"{52EAE5E7-3C3C-45D8-9E92-9CA081BCD57B}","name":"MAC Islamic School - Calgary Chapter","address":"64 12 street NE","locationNote":null,"board":"Muslim Association of Canada","grades":"Elementary/Junior High","levels":["elementary","juniorHigh"],"levelFlags":{"elementary":true,"juniorHigh":true,"high":false},"postSecondary":false,"website":null,"websiteSourceUrl":null,"sourceUrl":"https://data.calgary.ca/d/fd9t-tdn2","communityCode":"RAN","quadrant":"NW","areaCodes":["Q_NW","RAN"]},"geometry":{"type":"Point","coordinates":[-114.1799465,51.1148437]}},{"type":"Feature","id":"{541DFE22-26B8-4641-B683-70117768A8C6}","properties":{"id":"{541DFE22-26B8-4641-B683-70117768A8C6}","name":"Saddle Ridge School","address":"368 Saddlecrest Blvd NE","locationNote":null,"board":"The Calgary School Division","grades":"Elementary","levels":["elementary"],"levelFlags":{"elementary":true,"juniorHigh":false,"high":false},"postSecondary":false,"website":"http://school.cbe.ab.ca/school/saddleridge","websiteSourceUrl":"https://education.alberta.ca/media/1626669/authority_and_school.xlsx","sourceUrl":"https://data.calgary.ca/d/fd9t-tdn2","communityCode":"SAD","quadrant":"NE","areaCodes":["Q_NE","SAD"]},"geometry":{"type":"Point","coordinates":[-113.9368939,51.1368893]}},{"type":"Feature","id":"{553A0107-4C6C-4C34-B7BF-1EB38EDC7763}","properties":{"id":"{553A0107-4C6C-4C34-B7BF-1EB38EDC7763}","name":"G. W. Skene School","address":"6226 Penbrooke Dr SE","locationNote":null,"board":"The Calgary School Division","grades":"Elementary","levels":["elementary"],"levelFlags":{"elementary":true,"juniorHigh":false,"high":false},"postSecondary":false,"website":"http://school.cbe.ab.ca/school/GWSkene/","websiteSourceUrl":"https://education.alberta.ca/media/1626669/authority_and_school.xlsx","sourceUrl":"https://data.calgary.ca/d/fd9t-tdn2","communityCode":"PEN","quadrant":"SE","areaCodes":["PEN","Q_SE"]},"geometry":{"type":"Point","coordinates":[-113.945235,51.0456316]}},{"type":"Feature","id":"{560C9E83-BC49-457D-B279-AA0F02E2F0EE}","properties":{"id":"{560C9E83-BC49-457D-B279-AA0F02E2F0EE}","name":"West Springs School","address":"8999 Wentworth Ave SW","locationNote":null,"board":"The Calgary School Division","grades":"Elementary","levels":["elementary"],"levelFlags":{"elementary":true,"juniorHigh":false,"high":false},"postSecondary":false,"website":"http://school.cbe.ab.ca/school/westsprings/Pages/d","websiteSourceUrl":"https://education.alberta.ca/media/1626669/authority_and_school.xlsx","sourceUrl":"https://data.calgary.ca/d/fd9t-tdn2","communityCode":"WSP","quadrant":"SW","areaCodes":["Q_SW","WSP"]},"geometry":{"type":"Point","coordinates":[-114.2167641,51.0584445]}},{"type":"Feature","id":"{579CA5F1-4FCC-48DE-8E42-9B7C2EEA1F0E}","properties":{"id":"{579CA5F1-4FCC-48DE-8E42-9B7C2EEA1F0E}","name":"Gobind Sarvar School Guru Nanak Gate Campus","address":"8730 - 45 Street NE","locationNote":null,"board":"Gobind Marg Charitable Trust Foundation","grades":"Elementary/Junior High/Senior High","levels":["elementary","juniorHigh","high"],"levelFlags":{"elementary":true,"juniorHigh":true,"high":true},"postSecondary":false,"website":"http://www.gscalgary.com","websiteSourceUrl":"https://education.alberta.ca/media/1626669/authority_and_school.xlsx","sourceUrl":"https://data.calgary.ca/d/fd9t-tdn2","communityCode":"SAD","quadrant":"NE","areaCodes":["Q_NE","SAD"]},"geometry":{"type":"Point","coordinates":[-113.9663163,51.129449]}},{"type":"Feature","id":"{57F30898-3BF4-49BE-BCF4-9D426BCCD97A}","properties":{"id":"{57F30898-3BF4-49BE-BCF4-9D426BCCD97A}","name":"Glendale School","address":"2415 Kelwood Dr SW","locationNote":null,"board":"The Calgary School Division","grades":"Elementary","levels":["elementary"],"levelFlags":{"elementary":true,"juniorHigh":false,"high":false},"postSecondary":false,"website":"http://school.cbe.ab.ca/school/glendale","websiteSourceUrl":"https://education.alberta.ca/media/1626669/authority_and_school.xlsx","sourceUrl":"https://data.calgary.ca/d/fd9t-tdn2","communityCode":"GDL","quadrant":"SW","areaCodes":["GDL","Q_SW"]},"geometry":{"type":"Point","coordinates":[-114.1455943,51.032474]}},{"type":"Feature","id":"{57F8A365-08F0-4684-A229-F248FF4E657D}","properties":{"id":"{57F8A365-08F0-4684-A229-F248FF4E657D}","name":"St. Isidore Online School","address":"124 24 Ave NE","locationNote":null,"board":"The Calgary Roman Catholic Separate School Division","grades":"Elementary/Junior High/Senior High","levels":["elementary","juniorHigh","high"],"levelFlags":{"elementary":true,"juniorHigh":true,"high":true},"postSecondary":false,"website":"https://www.cssd.ab.ca/schools/stisidore","websiteSourceUrl":"https://education.alberta.ca/media/1626669/authority_and_school.xlsx","sourceUrl":"https://data.calgary.ca/d/fd9t-tdn2","communityCode":"TUX","quadrant":"NE","areaCodes":["Q_NE","TUX"]},"geometry":{"type":"Point","coordinates":[-114.0611471,51.0744979]}},{"type":"Feature","id":"{582EC156-C24E-4013-AD96-CD92B543484C}","properties":{"id":"{582EC156-C24E-4013-AD96-CD92B543484C}","name":"Louise Dean School","address":"120  23 St NW","locationNote":null,"board":"The Calgary School Division","grades":"Senior High","levels":["high"],"levelFlags":{"elementary":false,"juniorHigh":false,"high":true},"postSecondary":false,"website":null,"websiteSourceUrl":null,"sourceUrl":"https://data.calgary.ca/d/fd9t-tdn2","communityCode":"WHL","quadrant":"NW","areaCodes":["Q_NW","WHL"]},"geometry":{"type":"Point","coordinates":[-114.1146967,51.0531575]}},{"type":"Feature","id":"{5872634F-9660-4394-8CD3-A680C3E9546F}","properties":{"id":"{5872634F-9660-4394-8CD3-A680C3E9546F}","name":"Corpus Christi School","address":"5607 Thornton Road N.W.","locationNote":null,"board":"The Calgary Roman Catholic Separate School Division","grades":"Elementary","levels":["elementary"],"levelFlags":{"elementary":true,"juniorHigh":false,"high":false},"postSecondary":false,"website":"http://www.cssd.ab.ca/schools/corpuschristi","websiteSourceUrl":"https://education.alberta.ca/media/1626669/authority_and_school.xlsx","sourceUrl":"https://data.calgary.ca/d/fd9t-tdn2","communityCode":"THO","quadrant":"NW","areaCodes":["Q_NW","THO"]},"geometry":{"type":"Point","coordinates":[-114.0680461,51.1016037]}},{"type":"Feature","id":"{58F61248-5AFE-432D-B182-1FBB384867B6}","properties":{"id":"{58F61248-5AFE-432D-B182-1FBB384867B6}","name":"Wilma Hansen School","address":"963 Queensland Dr SE","locationNote":null,"board":"The Calgary School Division","grades":"Elementary/Junior High","levels":["elementary","juniorHigh"],"levelFlags":{"elementary":true,"juniorHigh":true,"high":false},"postSecondary":false,"website":"http://school.cbe.ab.ca/school/wilmahansen/","websiteSourceUrl":"https://education.alberta.ca/media/1626669/authority_and_school.xlsx","sourceUrl":"https://data.calgary.ca/d/fd9t-tdn2","communityCode":"QLD","quadrant":"SE","areaCodes":["QLD","Q_SE"]},"geometry":{"type":"Point","coordinates":[-114.0188846,50.932294]}},{"type":"Feature","id":"{5920D5C8-DB9F-4129-80D1-E87BEE2A1B3A}","properties":{"id":"{5920D5C8-DB9F-4129-80D1-E87BEE2A1B3A}","name":"Annie Foote School","address":"6320 Temple Dr NE","locationNote":null,"board":"The Calgary School Division","grades":"Elementary","levels":["elementary"],"levelFlags":{"elementary":true,"juniorHigh":false,"high":false},"postSecondary":false,"website":"http://schools.cbe.ab.ca/b377/","websiteSourceUrl":"https://education.alberta.ca/media/1626669/authority_and_school.xlsx","sourceUrl":"https://data.calgary.ca/d/fd9t-tdn2","communityCode":"TEM","quadrant":"NE","areaCodes":["Q_NE","TEM"]},"geometry":{"type":"Point","coordinates":[-113.9403445,51.0859954]}},{"type":"Feature","id":"{5A6411C9-389E-404D-84FC-801144DE98F2}","properties":{"id":"{5A6411C9-389E-404D-84FC-801144DE98F2}","name":"Glenmeadows School","address":"4931 Grove Hill Rd SW","locationNote":null,"board":"The Calgary School Division","grades":"Elementary","levels":["elementary"],"levelFlags":{"elementary":true,"juniorHigh":false,"high":false},"postSecondary":false,"website":"http://school.cbe.ab.ca/school/glenmeadows","websiteSourceUrl":"https://education.alberta.ca/media/1626669/authority_and_school.xlsx","sourceUrl":"https://data.calgary.ca/d/fd9t-tdn2","communityCode":"GDL","quadrant":"SW","areaCodes":["GDL","Q_SW"]},"geometry":{"type":"Point","coordinates":[-114.1589433,51.0348685]}},{"type":"Feature","id":"{5AAF79A6-71AF-498D-9586-CF4FBB26D335}","properties":{"id":"{5AAF79A6-71AF-498D-9586-CF4FBB26D335}","name":"École Sainte-Marguerite-Bourgeoys","address":"4700 Richard Road S.W.","locationNote":null,"board":"The Southern Francophone Education Region","grades":"Elementary/Junior High/Senior High","levels":["elementary","juniorHigh","high"],"levelFlags":{"elementary":true,"juniorHigh":true,"high":true},"postSecondary":false,"website":"http://smb.francosud.ca","websiteSourceUrl":"https://education.alberta.ca/media/1626669/authority_and_school.xlsx","sourceUrl":"https://data.calgary.ca/d/fd9t-tdn2","communityCode":"LPK","quadrant":"SW","areaCodes":["LPK","Q_SW"]},"geometry":{"type":"Point","coordinates":[-114.1215974,51.0111443]}},{"type":"Feature","id":"{5AC8EE10-748E-4D58-AF71-09FB35C3F9EA}","properties":{"id":"{5AC8EE10-748E-4D58-AF71-09FB35C3F9EA}","name":"Nose Creek School","address":"135 Covepark Sq NE","locationNote":null,"board":"The Calgary School Division","grades":"Elementary/Junior High","levels":["elementary","juniorHigh"],"levelFlags":{"elementary":true,"juniorHigh":true,"high":false},"postSecondary":false,"website":"http://www.cbe.ab.ca/b661","websiteSourceUrl":"https://education.alberta.ca/media/1626669/authority_and_school.xlsx","sourceUrl":"https://data.calgary.ca/d/fd9t-tdn2","communityCode":"COV","quadrant":"NE","areaCodes":["COV","Q_NE"]},"geometry":{"type":"Point","coordinates":[-114.060714,51.1671563]}},{"type":"Feature","id":"{5B0E47F9-335A-4162-B12E-FF2315299269}","properties":{"id":"{5B0E47F9-335A-4162-B12E-FF2315299269}","name":"Prince of Peace School","address":"43 Auburn Meadows Blvd SE","locationNote":null,"board":"The Calgary Roman Catholic Separate School Division","grades":"Elementary/Junior High","levels":["elementary","juniorHigh"],"levelFlags":{"elementary":true,"juniorHigh":true,"high":false},"postSecondary":false,"website":"http://www.cssd.ab.ca/schools/princeofpeace","websiteSourceUrl":"https://education.alberta.ca/media/1626669/authority_and_school.xlsx","sourceUrl":"https://data.calgary.ca/d/fd9t-tdn2","communityCode":"AUB","quadrant":"SE","areaCodes":["AUB","Q_SE"]},"geometry":{"type":"Point","coordinates":[-113.9498563,50.8932706]}},{"type":"Feature","id":"{5BA777B7-3685-4383-93A8-8AC91093369B}","properties":{"id":"{5BA777B7-3685-4383-93A8-8AC91093369B}","name":"St. Augustine Elementary Junior High School","address":"7112 - 7 Street S.W.","locationNote":null,"board":"The Calgary Roman Catholic Separate School Division","grades":"Elementary/Junior High","levels":["elementary","juniorHigh"],"levelFlags":{"elementary":true,"juniorHigh":true,"high":false},"postSecondary":false,"website":"http://www.cssd.ab.ca/schools/staugustine","websiteSourceUrl":"https://education.alberta.ca/media/1626669/authority_and_school.xlsx","sourceUrl":"https://data.calgary.ca/d/fd9t-tdn2","communityCode":"KIN","quadrant":"SW","areaCodes":["KIN","Q_SW"]},"geometry":{"type":"Point","coordinates":[-114.0807914,50.9911204]}},{"type":"Feature","id":"{5C6CED49-A2FD-42DC-BF7F-F090C021B2ED}","properties":{"id":"{5C6CED49-A2FD-42DC-BF7F-F090C021B2ED}","name":"Sundance School","address":"200 Sunmills Dr SE","locationNote":null,"board":"The Calgary School Division","grades":"Elementary","levels":["elementary"],"levelFlags":{"elementary":true,"juniorHigh":false,"high":false},"postSecondary":false,"website":"http://school.cbe.ab.ca/school/sundance/Pages/defa","websiteSourceUrl":"https://education.alberta.ca/media/1626669/authority_and_school.xlsx","sourceUrl":"https://data.calgary.ca/d/fd9t-tdn2","communityCode":"SDC","quadrant":"SE","areaCodes":["Q_SE","SDC"]},"geometry":{"type":"Point","coordinates":[-114.0468273,50.9006673]}},{"type":"Feature","id":"{5C773AFE-A830-409F-9F37-A0B990E08102}","properties":{"id":"{5C773AFE-A830-409F-9F37-A0B990E08102}","name":"Ted Harrison School","address":"215 Taravista Way NE","locationNote":null,"board":"The Calgary School Division","grades":"Elementary/Junior High","levels":["elementary","juniorHigh"],"levelFlags":{"elementary":true,"juniorHigh":true,"high":false},"postSecondary":false,"website":"http://www.cbe.ab.ca/b663","websiteSourceUrl":"https://education.alberta.ca/media/1626669/authority_and_school.xlsx","sourceUrl":"https://data.calgary.ca/d/fd9t-tdn2","communityCode":"TAR","quadrant":"NE","areaCodes":["Q_NE","TAR"]},"geometry":{"type":"Point","coordinates":[-113.9282685,51.1172395]}},{"type":"Feature","id":"{5C9EA768-075E-4DD1-814B-4631AD2E6EC0}","properties":{"id":"{5C9EA768-075E-4DD1-814B-4631AD2E6EC0}","name":"Calgary International Academy","address":"1248 Livingston Way NE","locationNote":null,"board":"Calgary International Academy Ltd","grades":"Elementary","levels":["elementary"],"levelFlags":{"elementary":true,"juniorHigh":false,"high":false},"postSecondary":false,"website":"http://www.ciacademy.ca","websiteSourceUrl":"https://education.alberta.ca/media/1626669/authority_and_school.xlsx","sourceUrl":"https://data.calgary.ca/d/fd9t-tdn2","communityCode":"ROY","quadrant":"NW","areaCodes":["Q_NW","ROY"]},"geometry":{"type":"Point","coordinates":[-114.2318814,51.1391257]}},{"type":"Feature","id":"{5CCF45E2-81D6-4237-BCDE-521D795E3E50}","properties":{"id":"{5CCF45E2-81D6-4237-BCDE-521D795E3E50}","name":"Evergreen School","address":"367 Everstone Dr SW","locationNote":null,"board":"The Calgary School Division","grades":"Elementary","levels":["elementary"],"levelFlags":{"elementary":true,"juniorHigh":false,"high":false},"postSecondary":false,"website":"http://schools.cbe.ab.ca/b401/","websiteSourceUrl":"https://education.alberta.ca/media/1626669/authority_and_school.xlsx","sourceUrl":"https://data.calgary.ca/d/fd9t-tdn2","communityCode":"EVE","quadrant":"SW","areaCodes":["EVE","Q_SW"]},"geometry":{"type":"Point","coordinates":[-114.1065341,50.9169307]}},{"type":"Feature","id":"{5EC96EDF-98A9-4CBA-96F9-A0F9E2F2A71E}","properties":{"id":"{5EC96EDF-98A9-4CBA-96F9-A0F9E2F2A71E}","name":"Mother Mary Greene School","address":"115 Edenwold Drive N.W.","locationNote":null,"board":"The Calgary Roman Catholic Separate School Division","grades":"Elementary","levels":["elementary"],"levelFlags":{"elementary":true,"juniorHigh":false,"high":false},"postSecondary":false,"website":"http://www.cssd.ab.ca/schools/mothermarygreene","websiteSourceUrl":"https://education.alberta.ca/media/1626669/authority_and_school.xlsx","sourceUrl":"https://data.calgary.ca/d/fd9t-tdn2","communityCode":"EDG","quadrant":"NW","areaCodes":["EDG","Q_NW"]},"geometry":{"type":"Point","coordinates":[-114.1392912,51.1242494]}},{"type":"Feature","id":"{5EE5D94F-47C9-4313-9427-7F497A2017D2}","properties":{"id":"{5EE5D94F-47C9-4313-9427-7F497A2017D2}","name":"St. Michael School","address":"4511 - 8 Avenue S.W.","locationNote":null,"board":"The Calgary Roman Catholic Separate School Division","grades":"Elementary/Junior High","levels":["elementary","juniorHigh"],"levelFlags":{"elementary":true,"juniorHigh":true,"high":false},"postSecondary":false,"website":"http://www.cssd.ab.ca/schools/stmichael","websiteSourceUrl":"https://education.alberta.ca/media/1626669/authority_and_school.xlsx","sourceUrl":"https://data.calgary.ca/d/fd9t-tdn2","communityCode":"RCK","quadrant":"SW","areaCodes":["Q_SW","RCK"]},"geometry":{"type":"Point","coordinates":[-114.1515917,51.0447916]}},{"type":"Feature","id":"{5F3430C5-3B0A-4FA6-80E1-7FEF64AD6ECA}","properties":{"id":"{5F3430C5-3B0A-4FA6-80E1-7FEF64AD6ECA}","name":"Father James Whelihan","address":"70 Sunmills Drive S.E.","locationNote":null,"board":"The Calgary Roman Catholic Separate School Division","grades":"Elementary/Junior High","levels":["elementary","juniorHigh"],"levelFlags":{"elementary":true,"juniorHigh":true,"high":false},"postSecondary":false,"website":"http://www.cssd.ab.ca/schools/fatherwhelihan","websiteSourceUrl":"https://education.alberta.ca/media/1626669/authority_and_school.xlsx","sourceUrl":"https://data.calgary.ca/d/fd9t-tdn2","communityCode":"SDC","quadrant":"SE","areaCodes":["Q_SE","SDC"]},"geometry":{"type":"Point","coordinates":[-114.0470336,50.9045311]}},{"type":"Feature","id":"{5F90BB0E-2F2E-4A63-B5C9-F787593E3391}","properties":{"id":"{5F90BB0E-2F2E-4A63-B5C9-F787593E3391}","name":"A. E. Cross School","address":"3445  37 St SW","locationNote":null,"board":"The Calgary School Division","grades":"Junior High","levels":["juniorHigh"],"levelFlags":{"elementary":false,"juniorHigh":true,"high":false},"postSecondary":false,"website":"https://aecross.cbe.ab.ca/","websiteSourceUrl":"https://education.alberta.ca/media/1626669/authority_and_school.xlsx","sourceUrl":"https://data.calgary.ca/d/fd9t-tdn2","communityCode":"GBK","quadrant":"SW","areaCodes":["GBK","Q_SW"]},"geometry":{"type":"Point","coordinates":[-114.1421101,51.023251]}},{"type":"Feature","id":"{5F966DF3-9617-44FC-8371-74CE34B67016}","properties":{"id":"{5F966DF3-9617-44FC-8371-74CE34B67016}","name":"Cambrian Heights School","address":"640 Northmount Dr NW","locationNote":null,"board":"The Calgary School Division","grades":"Elementary","levels":["elementary"],"levelFlags":{"elementary":true,"juniorHigh":false,"high":false},"postSecondary":false,"website":"http://school.cbe.ab.ca/school/CambrianHeights","websiteSourceUrl":"https://education.alberta.ca/media/1626669/authority_and_school.xlsx","sourceUrl":"https://data.calgary.ca/d/fd9t-tdn2","communityCode":"CAM","quadrant":"NW","areaCodes":["CAM","Q_NW"]},"geometry":{"type":"Point","coordinates":[-114.0879887,51.0853585]}},{"type":"Feature","id":"{5FB0749E-8058-475F-9D54-CA8CC1F11824}","properties":{"id":"{5FB0749E-8058-475F-9D54-CA8CC1F11824}","name":"Rundle College Junior Senior High","address":"7375 - 17 Avenue SW","locationNote":null,"board":"Rundle College Society","grades":"Junior High/Senior High","levels":["juniorHigh","high"],"levelFlags":{"elementary":false,"juniorHigh":true,"high":true},"postSecondary":false,"website":"http://www.rundle.ab.ca","websiteSourceUrl":"https://education.alberta.ca/media/1626669/authority_and_school.xlsx","sourceUrl":"https://data.calgary.ca/d/fd9t-tdn2","communityCode":"SPH","quadrant":"SW","areaCodes":["Q_SW","SPH"]},"geometry":{"type":"Point","coordinates":[-114.1939364,51.0369008]}},{"type":"Feature","id":"{5FDA7A02-139F-4DA4-83BF-35645BDE02F2}","properties":{"id":"{5FDA7A02-139F-4DA4-83BF-35645BDE02F2}","name":"Annie Gale School","address":"577 Whiteridge Way NE","locationNote":null,"board":"The Calgary School Division","grades":"Elementary/Junior High","levels":["elementary","juniorHigh"],"levelFlags":{"elementary":true,"juniorHigh":true,"high":false},"postSecondary":false,"website":"https://anniegale.cbe.ab.ca/","websiteSourceUrl":"https://education.alberta.ca/media/1626669/authority_and_school.xlsx","sourceUrl":"https://data.calgary.ca/d/fd9t-tdn2","communityCode":"WHI","quadrant":"NE","areaCodes":["Q_NE","WHI"]},"geometry":{"type":"Point","coordinates":[-113.9689571,51.0890794]}},{"type":"Feature","id":"{6017022A-0A83-4590-9E1D-59762D0A0E70}","properties":{"id":"{6017022A-0A83-4590-9E1D-59762D0A0E70}","name":"St. Monica School","address":"235 - 18 Avenue S.W.","locationNote":null,"board":"The Calgary Roman Catholic Separate School Division","grades":"Elementary/Junior High","levels":["elementary","juniorHigh"],"levelFlags":{"elementary":true,"juniorHigh":true,"high":false},"postSecondary":false,"website":"http://Www.cssd.ab.ca/schools/stmonica","websiteSourceUrl":"https://education.alberta.ca/media/1626669/authority_and_school.xlsx","sourceUrl":"https://data.calgary.ca/d/fd9t-tdn2","communityCode":"MIS","quadrant":"SW","areaCodes":["MIS","Q_SW"]},"geometry":{"type":"Point","coordinates":[-114.0678286,51.0367765]}},{"type":"Feature","id":"{610E8677-04A1-4B86-B378-75756D90EF5A}","properties":{"id":"{610E8677-04A1-4B86-B378-75756D90EF5A}","name":"Banbury Crossroads Academy","address":"201, 2451 Dieppe Ave. SW","locationNote":null,"board":"Banbury Crossroads School","grades":"Elementary/Junior High/Senior High","levels":["elementary","juniorHigh","high"],"levelFlags":{"elementary":true,"juniorHigh":true,"high":true},"postSecondary":false,"website":null,"websiteSourceUrl":null,"sourceUrl":"https://data.calgary.ca/d/fd9t-tdn2","communityCode":"CUR","quadrant":"SW","areaCodes":["CUR","Q_SW"]},"geometry":{"type":"Point","coordinates":[-114.119053,51.0192933]}},{"type":"Feature","id":"{62ECAEEC-E8C4-4170-9B35-362AAFEAA0CF}","properties":{"id":"{62ECAEEC-E8C4-4170-9B35-362AAFEAA0CF}","name":"Our Lady of the Evergreens Catholic School","address":"322 Everridge Dr. S.W.","locationNote":null,"board":"The Calgary Roman Catholic Separate School Division","grades":"Elementary","levels":["elementary"],"levelFlags":{"elementary":true,"juniorHigh":false,"high":false},"postSecondary":false,"website":"http://www.cssd.ab.ca/schools/ourladyevergreens","websiteSourceUrl":"https://education.alberta.ca/media/1626669/authority_and_school.xlsx","sourceUrl":"https://data.calgary.ca/d/fd9t-tdn2","communityCode":"EVE","quadrant":"SW","areaCodes":["EVE","Q_SW"]},"geometry":{"type":"Point","coordinates":[-114.1222085,50.9143805]}},{"type":"Feature","id":"{631F812D-CC75-4D06-A18A-43F4BADA3058}","properties":{"id":"{631F812D-CC75-4D06-A18A-43F4BADA3058}","name":"St. John Henry Newman School","address":"16201 McKenzie Lake  Boulevard S.E.","locationNote":null,"board":"The Calgary Roman Catholic Separate School Division","grades":"Elementary/Junior High","levels":["elementary","juniorHigh"],"levelFlags":{"elementary":true,"juniorHigh":true,"high":false},"postSecondary":false,"website":null,"websiteSourceUrl":null,"sourceUrl":"https://data.calgary.ca/d/fd9t-tdn2","communityCode":"MCK","quadrant":"SE","areaCodes":["MCK","Q_SE"]},"geometry":{"type":"Point","coordinates":[-113.9888638,50.9073474]}},{"type":"Feature","id":"{64AD316B-B3D5-4C3A-9AB6-C6DC980A1A58}","properties":{"id":"{64AD316B-B3D5-4C3A-9AB6-C6DC980A1A58}","name":"ST. MARY'S UNIVERSITY - STUDENTS' ASSOCIATION","address":null,"locationNote":null,"board":null,"grades":null,"levels":[],"levelFlags":{"elementary":null,"juniorHigh":null,"high":null},"postSecondary":true,"website":null,"websiteSourceUrl":null,"sourceUrl":"https://data.calgary.ca/d/fd9t-tdn2","communityCode":"MID","quadrant":"SE","areaCodes":["MID","Q_SE"]},"geometry":{"type":"Point","coordinates":[-114.0663533,50.9224441]}},{"type":"Feature","id":"{655C846D-F4BF-422F-96CC-0A7E14FE1109}","properties":{"id":"{655C846D-F4BF-422F-96CC-0A7E14FE1109}","name":"James Fowler High School","address":"4004  4 St NW","locationNote":null,"board":"The Calgary School Division","grades":"Senior High","levels":["high"],"levelFlags":{"elementary":false,"juniorHigh":false,"high":true},"postSecondary":false,"website":"http://www.cbe.ab.ca/b825","websiteSourceUrl":"https://education.alberta.ca/media/1626669/authority_and_school.xlsx","sourceUrl":"https://data.calgary.ca/d/fd9t-tdn2","communityCode":"HPK","quadrant":"NW","areaCodes":["HPK","Q_NW"]},"geometry":{"type":"Point","coordinates":[-114.0705306,51.0865389]}},{"type":"Feature","id":"{659E11FA-8BBF-4B58-89FD-0056FF00CBF8}","properties":{"id":"{659E11FA-8BBF-4B58-89FD-0056FF00CBF8}","name":"St. Kateri Tekakwitha School","address":"1005 Abbotsford Drive N.E.","locationNote":null,"board":"The Calgary Roman Catholic Separate School Division","grades":"Elementary","levels":["elementary"],"levelFlags":{"elementary":true,"juniorHigh":false,"high":false},"postSecondary":false,"website":"http://www.cssd.ab.ca/schools/stkateri","websiteSourceUrl":"https://education.alberta.ca/media/1626669/authority_and_school.xlsx","sourceUrl":"https://data.calgary.ca/d/fd9t-tdn2","communityCode":"ABB","quadrant":"NE","areaCodes":["ABB","Q_NE"]},"geometry":{"type":"Point","coordinates":[-113.9277404,51.0618652]}},{"type":"Feature","id":"{65A21DDF-B18C-4D21-B913-4C8484D4854D}","properties":{"id":"{65A21DDF-B18C-4D21-B913-4C8484D4854D}","name":"St. Albert the Great","address":"225 Prestwick Ave SE","locationNote":null,"board":"The Calgary Roman Catholic Separate School Division","grades":"Elementary/Junior High","levels":["elementary","juniorHigh"],"levelFlags":{"elementary":true,"juniorHigh":true,"high":false},"postSecondary":false,"website":"http://Www.cssd.ab.ca/schools/stalbert","websiteSourceUrl":"https://education.alberta.ca/media/1626669/authority_and_school.xlsx","sourceUrl":"https://data.calgary.ca/d/fd9t-tdn2","communityCode":"MCT","quadrant":"SE","areaCodes":["MCT","Q_SE"]},"geometry":{"type":"Point","coordinates":[-113.9601439,50.9215173]}},{"type":"Feature","id":"{65CC63C5-774D-4C80-B54E-8969C8EABD62}","properties":{"id":"{65CC63C5-774D-4C80-B54E-8969C8EABD62}","name":"Ernest Morrow School","address":"1212  47 St SE","locationNote":null,"board":"The Calgary School Division","grades":"Junior High","levels":["juniorHigh"],"levelFlags":{"elementary":false,"juniorHigh":true,"high":false},"postSecondary":false,"website":"http://schools.cbe.ab.ca/b644/","websiteSourceUrl":"https://education.alberta.ca/media/1626669/authority_and_school.xlsx","sourceUrl":"https://data.calgary.ca/d/fd9t-tdn2","communityCode":"FLN","quadrant":"SE","areaCodes":["FLN","Q_SE"]},"geometry":{"type":"Point","coordinates":[-113.9648529,51.0433913]}},{"type":"Feature","id":"{65CF8C1D-B223-42D6-B21C-1DED7AA58235}","properties":{"id":"{65CF8C1D-B223-42D6-B21C-1DED7AA58235}","name":"William Aberhart High School","address":"3009 Morley Trail NW","locationNote":null,"board":"The Calgary School Division","grades":"Junior High/Senior High","levels":["juniorHigh","high"],"levelFlags":{"elementary":false,"juniorHigh":true,"high":true},"postSecondary":false,"website":"https://williamaberhart.cbe.ab.ca/","websiteSourceUrl":"https://education.alberta.ca/media/1626669/authority_and_school.xlsx","sourceUrl":"https://data.calgary.ca/d/fd9t-tdn2","communityCode":"BNF","quadrant":"NW","areaCodes":["BNF","Q_NW"]},"geometry":{"type":"Point","coordinates":[-114.1153518,51.0786763]}},{"type":"Feature","id":"{6673A6E6-A077-4372-AA03-F0FC15943D33}","properties":{"id":"{6673A6E6-A077-4372-AA03-F0FC15943D33}","name":"Calgary Quest School","address":"3405 Spruce Drive S.W.  c/o Spruce Cliff Elementary","locationNote":null,"board":"Calgary Quest Children's Society","grades":"Elementary/Junior High/Senior High","levels":["elementary","juniorHigh","high"],"levelFlags":{"elementary":true,"juniorHigh":true,"high":true},"postSecondary":false,"website":null,"websiteSourceUrl":null,"sourceUrl":"https://data.calgary.ca/d/fd9t-tdn2","communityCode":"SPR","quadrant":"SW","areaCodes":["Q_SW","SPR"]},"geometry":{"type":"Point","coordinates":[-114.1366529,51.0497282]}},{"type":"Feature","id":"{6986A0DB-5756-4812-AE1E-806ACD05CB40}","properties":{"id":"{6986A0DB-5756-4812-AE1E-806ACD05CB40}","name":"CLS Lord Beaverbrook Writing Centre","address":"9019 Fairmount Dr.  S.E.","locationNote":null,"board":"The Calgary School Division","grades":"Unknown","levels":["unknown"],"levelFlags":{"elementary":false,"juniorHigh":false,"high":false},"postSecondary":false,"website":"http://www.chinooklearningservices.com","websiteSourceUrl":"https://education.alberta.ca/media/1626669/authority_and_school.xlsx","sourceUrl":"https://data.calgary.ca/d/fd9t-tdn2","communityCode":"ACA","quadrant":"SE","areaCodes":["ACA","Q_SE"]},"geometry":{"type":"Point","coordinates":[-114.0616538,50.9731066]}},{"type":"Feature","id":"{6A1FAAD1-D4C7-42E6-800E-39AE13511419}","properties":{"id":"{6A1FAAD1-D4C7-42E6-800E-39AE13511419}","name":"Midsun School","address":"660 Sunmills Dr SE","locationNote":null,"board":"The Calgary School Division","grades":"Elementary/Junior High","levels":["elementary","juniorHigh"],"levelFlags":{"elementary":true,"juniorHigh":true,"high":false},"postSecondary":false,"website":"http://school.cbe.ab.ca/school/midsun/","websiteSourceUrl":"https://education.alberta.ca/media/1626669/authority_and_school.xlsx","sourceUrl":"https://data.calgary.ca/d/fd9t-tdn2","communityCode":"SDC","quadrant":"SE","areaCodes":["Q_SE","SDC"]},"geometry":{"type":"Point","coordinates":[-114.0309296,50.9018562]}},{"type":"Feature","id":"{6A7B37D7-E27E-430A-8AFB-99EDC29F55C1}","properties":{"id":"{6A7B37D7-E27E-430A-8AFB-99EDC29F55C1}","name":"ALBERTA UNIVERSITY OF THE ARTS","address":null,"locationNote":null,"board":null,"grades":null,"levels":[],"levelFlags":{"elementary":null,"juniorHigh":null,"high":null},"postSecondary":true,"website":null,"websiteSourceUrl":null,"sourceUrl":"https://data.calgary.ca/d/fd9t-tdn2","communityCode":"HIL","quadrant":"NW","areaCodes":["HIL","Q_NW"]},"geometry":{"type":"Point","coordinates":[-114.0916194,51.0620132]}},{"type":"Feature","id":"{6AA55FA7-8C54-4A71-A4BC-CF39BBC1790A}","properties":{"id":"{6AA55FA7-8C54-4A71-A4BC-CF39BBC1790A}","name":"Centennial High School","address":"55 Sun Valley Blvd SE","locationNote":null,"board":"The Calgary School Division","grades":"Senior High","levels":["high"],"levelFlags":{"elementary":false,"juniorHigh":false,"high":true},"postSecondary":false,"website":"http://school.cbe.ab.ca/school/centennial/Pages/de","websiteSourceUrl":"https://education.alberta.ca/media/1626669/authority_and_school.xlsx","sourceUrl":"https://data.calgary.ca/d/fd9t-tdn2","communityCode":"SDC","quadrant":"SE","areaCodes":["Q_SE","SDC"]},"geometry":{"type":"Point","coordinates":[-114.0533681,50.9061114]}},{"type":"Feature","id":"{6BC36B5D-E6F1-47C7-908A-B798DBEEABEC}","properties":{"id":"{6BC36B5D-E6F1-47C7-908A-B798DBEEABEC}","name":"St. Marguerite School","address":"1100 New Brighton Drive SE","locationNote":null,"board":"The Calgary Roman Catholic Separate School Division","grades":"Elementary","levels":["elementary"],"levelFlags":{"elementary":true,"juniorHigh":false,"high":false},"postSecondary":false,"website":"http://www.cssd.ab.ca/schools/stmarguerite","websiteSourceUrl":"https://education.alberta.ca/media/1626669/authority_and_school.xlsx","sourceUrl":"https://data.calgary.ca/d/fd9t-tdn2","communityCode":"NEB","quadrant":"SE","areaCodes":["NEB","Q_SE"]},"geometry":{"type":"Point","coordinates":[-113.9372449,50.9211617]}},{"type":"Feature","id":"{6C4478D0-A64E-458B-B698-A9BCD4095859}","properties":{"id":"{6C4478D0-A64E-458B-B698-A9BCD4095859}","name":"Emily Follensbee School","address":"5139 14 ST SW","locationNote":null,"board":"The Calgary School Division","grades":"Elementary/Junior High","levels":["elementary","juniorHigh"],"levelFlags":{"elementary":true,"juniorHigh":true,"high":false},"postSecondary":false,"website":"http://www.cbe.ab.ca/b036","websiteSourceUrl":"https://education.alberta.ca/media/1626669/authority_and_school.xlsx","sourceUrl":"https://data.calgary.ca/d/fd9t-tdn2","communityCode":"GPK","quadrant":"SW","areaCodes":["GPK","Q_SW"]},"geometry":{"type":"Point","coordinates":[-114.0955892,51.0076426]}},{"type":"Feature","id":"{6C71597C-2569-42C3-9962-CDE985F1F9E2}","properties":{"id":"{6C71597C-2569-42C3-9962-CDE985F1F9E2}","name":"St. Andrew School","address":"4331 - 41 Avenue S.W.","locationNote":null,"board":"The Calgary Roman Catholic Separate School Division","grades":"Elementary","levels":["elementary"],"levelFlags":{"elementary":true,"juniorHigh":false,"high":false},"postSecondary":false,"website":"http://www.cssd.ab.ca/schools/standrew","websiteSourceUrl":"https://education.alberta.ca/media/1626669/authority_and_school.xlsx","sourceUrl":"https://data.calgary.ca/d/fd9t-tdn2","communityCode":"GLA","quadrant":"SW","areaCodes":["GLA","Q_SW"]},"geometry":{"type":"Point","coordinates":[-114.1477384,51.0163696]}},{"type":"Feature","id":"{6D1CB5EB-1487-44D0-8163-8249E2867E9A}","properties":{"id":"{6D1CB5EB-1487-44D0-8163-8249E2867E9A}","name":"Joane Cardinal-Schubert High School","address":"19480 45 St SE","locationNote":null,"board":"The Calgary School Division","grades":"Senior High","levels":["high"],"levelFlags":{"elementary":false,"juniorHigh":false,"high":true},"postSecondary":false,"website":"http://school.cbe.ab.ca/school/JoaneCardinalSchube","websiteSourceUrl":"https://education.alberta.ca/media/1626669/authority_and_school.xlsx","sourceUrl":"https://data.calgary.ca/d/fd9t-tdn2","communityCode":"SET","quadrant":"SE","areaCodes":["Q_SE","SET"]},"geometry":{"type":"Point","coordinates":[-113.9442407,50.8781272]}},{"type":"Feature","id":"{6DBFB8D1-3CD3-43B1-A498-E73489904F4A}","properties":{"id":"{6DBFB8D1-3CD3-43B1-A498-E73489904F4A}","name":"Westmount Elementary School","address":"728 - 32 Street NW","locationNote":null,"board":"Westmount Charter School Society","grades":"Elementary","levels":["elementary"],"levelFlags":{"elementary":true,"juniorHigh":false,"high":false},"postSecondary":false,"website":"http://www.westmountcharter.com","websiteSourceUrl":"https://education.alberta.ca/media/1626669/authority_and_school.xlsx","sourceUrl":"https://data.calgary.ca/d/fd9t-tdn2","communityCode":"PKD","quadrant":"NW","areaCodes":["PKD","Q_NW"]},"geometry":{"type":"Point","coordinates":[-114.1314426,51.0581544]}},{"type":"Feature","id":"{6DCA2BF7-180B-4ED9-8739-A9730D4184E9}","properties":{"id":"{6DCA2BF7-180B-4ED9-8739-A9730D4184E9}","name":"Our Lady of Fatima","address":"6320 Taralea Park NE","locationNote":null,"board":"The Calgary Roman Catholic Separate School Division","grades":"Elementary","levels":["elementary"],"levelFlags":{"elementary":true,"juniorHigh":false,"high":false},"postSecondary":false,"website":"http://www.cssd.ab.ca/schools/ourladyoffatima","websiteSourceUrl":"https://education.alberta.ca/media/1626669/authority_and_school.xlsx","sourceUrl":"https://data.calgary.ca/d/fd9t-tdn2","communityCode":"TAR","quadrant":"NE","areaCodes":["Q_NE","TAR"]},"geometry":{"type":"Point","coordinates":[-113.9379404,51.1162976]}},{"type":"Feature","id":"{6F17C30B-7BA7-4704-B65E-F1ADF1FDA111}","properties":{"id":"{6F17C30B-7BA7-4704-B65E-F1ADF1FDA111}","name":"Patrick Airlie School","address":"1520  39 St SE","locationNote":null,"board":"The Calgary School Division","grades":"Elementary","levels":["elementary"],"levelFlags":{"elementary":true,"juniorHigh":false,"high":false},"postSecondary":false,"website":"http://schools.cbe.ab.ca/b327/","websiteSourceUrl":"https://education.alberta.ca/media/1626669/authority_and_school.xlsx","sourceUrl":"https://data.calgary.ca/d/fd9t-tdn2","communityCode":"FLN","quadrant":"SE","areaCodes":["FLN","Q_SE"]},"geometry":{"type":"Point","coordinates":[-113.9767981,51.0399181]}},{"type":"Feature","id":"{6F6B51D3-8EF1-448A-A351-D8EDBD10EB85}","properties":{"id":"{6F6B51D3-8EF1-448A-A351-D8EDBD10EB85}","name":"Al-Amal Online Academy","address":"9 Royal Vista Drive NW","locationNote":null,"board":"The Prairie Land School Division","grades":"Junior High/Senior High","levels":["juniorHigh","high"],"levelFlags":{"elementary":false,"juniorHigh":true,"high":true},"postSecondary":false,"website":null,"websiteSourceUrl":null,"sourceUrl":"https://data.calgary.ca/d/fd9t-tdn2","communityCode":"RYV","quadrant":"NW","areaCodes":["Q_NW","RYV"]},"geometry":{"type":"Point","coordinates":[-114.2075571,51.150739]}},{"type":"Feature","id":"{70AE0D83-9A3B-4051-B823-298FE2425D24}","properties":{"id":"{70AE0D83-9A3B-4051-B823-298FE2425D24}","name":"Keeler School","address":"4807 Forego Ave SE","locationNote":null,"board":"The Calgary School Division","grades":"Elementary","levels":["elementary"],"levelFlags":{"elementary":true,"juniorHigh":false,"high":false},"postSecondary":false,"website":"http://schools.cbe.ab.ca/b318/","websiteSourceUrl":"https://education.alberta.ca/media/1626669/authority_and_school.xlsx","sourceUrl":"https://data.calgary.ca/d/fd9t-tdn2","communityCode":"FHT","quadrant":"SE","areaCodes":["FHT","Q_SE"]},"geometry":{"type":"Point","coordinates":[-113.9648274,51.0492636]}},{"type":"Feature","id":"{70B9092C-2994-46AA-81E6-8162CD008F2A}","properties":{"id":"{70B9092C-2994-46AA-81E6-8162CD008F2A}","name":"Renfrew Educational Services-Bowness Centre","address":"2050 - 21 Street N.E.","locationNote":null,"board":"Renfrew Educational Services Society","grades":"Unknown","levels":["unknown"],"levelFlags":{"elementary":false,"juniorHigh":false,"high":false},"postSecondary":false,"website":"http://www.renfreweducation.org","websiteSourceUrl":"https://education.alberta.ca/media/1626669/authority_and_school.xlsx","sourceUrl":"https://data.calgary.ca/d/fd9t-tdn2","communityCode":"BOW","quadrant":"NW","areaCodes":["BOW","Q_NW"]},"geometry":{"type":"Point","coordinates":[-114.2119387,51.096336]}},{"type":"Feature","id":"{71016DFE-B633-4464-8350-8F69CEF0CA43}","properties":{"id":"{71016DFE-B633-4464-8350-8F69CEF0CA43}","name":"Ecole St. Pius X School","address":"2312 - 18 Street N.W.","locationNote":null,"board":"The Calgary Roman Catholic Separate School Division","grades":"Elementary","levels":["elementary"],"levelFlags":{"elementary":true,"juniorHigh":false,"high":false},"postSecondary":false,"website":"https://stpiusx.cssd.ab.ca/","websiteSourceUrl":"https://education.alberta.ca/media/1626669/authority_and_school.xlsx","sourceUrl":"https://data.calgary.ca/d/fd9t-tdn2","communityCode":"CAP","quadrant":"NW","areaCodes":["CAP","Q_NW"]},"geometry":{"type":"Point","coordinates":[-114.1034205,51.0729793]}},{"type":"Feature","id":"{714F452A-DEB8-471D-B1F7-80332DBC4371}","properties":{"id":"{714F452A-DEB8-471D-B1F7-80332DBC4371}","name":"Simon Fraser School","address":"5215  33 St NW","locationNote":null,"board":"The Calgary School Division","grades":"Elementary/Junior High","levels":["elementary","juniorHigh"],"levelFlags":{"elementary":true,"juniorHigh":true,"high":false},"postSecondary":false,"website":"https://simonfraser.cbe.ab.ca/","websiteSourceUrl":"https://education.alberta.ca/media/1626669/authority_and_school.xlsx","sourceUrl":"https://data.calgary.ca/d/fd9t-tdn2","communityCode":"BRE","quadrant":"NW","areaCodes":["BRE","Q_NW"]},"geometry":{"type":"Point","coordinates":[-114.1365647,51.1003262]}},{"type":"Feature","id":"{72AD0344-7F6E-408F-ADD6-72AA3E6AA4CF}","properties":{"id":"{72AD0344-7F6E-408F-ADD6-72AA3E6AA4CF}","name":"Almadina Language Charter Academy, Ogden Campus","address":"1919 - 76th Avenue SE","locationNote":null,"board":"Almadina School Society","grades":"Elementary/Junior High","levels":["elementary","juniorHigh"],"levelFlags":{"elementary":true,"juniorHigh":true,"high":false},"postSecondary":false,"website":"http://www.alca-calgary.com","websiteSourceUrl":"https://education.alberta.ca/media/1626669/authority_and_school.xlsx","sourceUrl":"https://data.calgary.ca/d/fd9t-tdn2","communityCode":"OGD","quadrant":"SE","areaCodes":["OGD","Q_SE"]},"geometry":{"type":"Point","coordinates":[-114.0120022,50.9844621]}},{"type":"Feature","id":"{72B2919B-530E-498A-BAD3-0C76A9EAB86B}","properties":{"id":"{72B2919B-530E-498A-BAD3-0C76A9EAB86B}","name":"Eugene Coste School","address":"10 Hillgrove Cres SW","locationNote":null,"board":"The Calgary School Division","grades":"Elementary","levels":["elementary"],"levelFlags":{"elementary":true,"juniorHigh":false,"high":false},"postSecondary":false,"website":"http://schools.cbe.ab.ca/school/EugeneCoste/Pages/","websiteSourceUrl":"https://education.alberta.ca/media/1626669/authority_and_school.xlsx","sourceUrl":"https://data.calgary.ca/d/fd9t-tdn2","communityCode":"HAY","quadrant":"SW","areaCodes":["HAY","Q_SW"]},"geometry":{"type":"Point","coordinates":[-114.086992,50.9678963]}},{"type":"Feature","id":"{73B76C27-816E-4521-89F7-1DC574B402DD}","properties":{"id":"{73B76C27-816E-4521-89F7-1DC574B402DD}","name":"R. T. Alderman School","address":"725 Mapleton Dr SE","locationNote":null,"board":"The Calgary School Division","grades":"Elementary/Junior High","levels":["elementary","juniorHigh"],"levelFlags":{"elementary":true,"juniorHigh":true,"high":false},"postSecondary":false,"website":"http://www.cbe.ab.ca/b653","websiteSourceUrl":"https://education.alberta.ca/media/1626669/authority_and_school.xlsx","sourceUrl":"https://data.calgary.ca/d/fd9t-tdn2","communityCode":"MPL","quadrant":"SE","areaCodes":["MPL","Q_SE"]},"geometry":{"type":"Point","coordinates":[-114.0446021,50.9611661]}},{"type":"Feature","id":"{73DCEE7E-AA12-4EEE-B493-332557814221}","properties":{"id":"{73DCEE7E-AA12-4EEE-B493-332557814221}","name":"St. Wilfrid Elementary School","address":"4225 - 44 Avenue N.E.","locationNote":null,"board":"The Calgary Roman Catholic Separate School Division","grades":"Elementary","levels":["elementary"],"levelFlags":{"elementary":true,"juniorHigh":false,"high":false},"postSecondary":false,"website":"http://www.cssd.ab.ca/schools/stwilfrid","websiteSourceUrl":"https://education.alberta.ca/media/1626669/authority_and_school.xlsx","sourceUrl":"https://data.calgary.ca/d/fd9t-tdn2","communityCode":"WHI","quadrant":"NE","areaCodes":["Q_NE","WHI"]},"geometry":{"type":"Point","coordinates":[-113.969019,51.0919284]}},{"type":"Feature","id":"{73DD3530-7B5B-4121-B123-D80D1A153676}","properties":{"id":"{73DD3530-7B5B-4121-B123-D80D1A153676}","name":"St. Martha School","address":"6020 - 4 Avenue N.E.","locationNote":null,"board":"The Calgary Roman Catholic Separate School Division","grades":"Elementary/Junior High","levels":["elementary","juniorHigh"],"levelFlags":{"elementary":true,"juniorHigh":true,"high":false},"postSecondary":false,"website":"http://www.cssd.ab.ca/schools/stmartha","websiteSourceUrl":"https://education.alberta.ca/media/1626669/authority_and_school.xlsx","sourceUrl":"https://data.calgary.ca/d/fd9t-tdn2","communityCode":"MPK","quadrant":"NE","areaCodes":["MPK","Q_NE"]},"geometry":{"type":"Point","coordinates":[-113.9456501,51.0565501]}},{"type":"Feature","id":"{748A047A-EEAE-4134-9EA7-9D89F2F35315}","properties":{"id":"{748A047A-EEAE-4134-9EA7-9D89F2F35315}","name":"St. Dominic School","address":"4820 Dalhart Road N.W.","locationNote":null,"board":"The Calgary Roman Catholic Separate School Division","grades":"Elementary","levels":["elementary"],"levelFlags":{"elementary":true,"juniorHigh":false,"high":false},"postSecondary":false,"website":"http://www.cssd.ab.ca/schools/stdominic","websiteSourceUrl":"https://education.alberta.ca/media/1626669/authority_and_school.xlsx","sourceUrl":"https://data.calgary.ca/d/fd9t-tdn2","communityCode":"DAL","quadrant":"NW","areaCodes":["DAL","Q_NW"]},"geometry":{"type":"Point","coordinates":[-114.1542583,51.1095655]}},{"type":"Feature","id":"{7651A7EB-F32F-4292-8271-73D78FEE8DDE}","properties":{"id":"{7651A7EB-F32F-4292-8271-73D78FEE8DDE}","name":"Canadian Montessori School North","address":"1112 - 70 Avenue S.W.","locationNote":null,"board":"The Canadian Montessori School Ltd.","grades":"Unknown","levels":["unknown"],"levelFlags":{"elementary":false,"juniorHigh":false,"high":false},"postSecondary":false,"website":null,"websiteSourceUrl":null,"sourceUrl":"https://data.calgary.ca/d/fd9t-tdn2","communityCode":"KEL","quadrant":"SW","areaCodes":["KEL","Q_SW"]},"geometry":{"type":"Point","coordinates":[-114.0882764,50.9907515]}},{"type":"Feature","id":"{766E6E83-A536-4092-9609-EDF22104F1FE}","properties":{"id":"{766E6E83-A536-4092-9609-EDF22104F1FE}","name":"Hidden Valley School","address":"10959 Hidden Valley Dr  NW","locationNote":null,"board":"The Calgary School Division","grades":"Elementary","levels":["elementary"],"levelFlags":{"elementary":true,"juniorHigh":false,"high":false},"postSecondary":false,"website":"http://school.cbe.ab.ca/school/HiddenValley/Pages/","websiteSourceUrl":"https://education.alberta.ca/media/1626669/authority_and_school.xlsx","sourceUrl":"https://data.calgary.ca/d/fd9t-tdn2","communityCode":"HID","quadrant":"NW","areaCodes":["HID","Q_NW"]},"geometry":{"type":"Point","coordinates":[-114.1196043,51.1502605]}},{"type":"Feature","id":"{768F5574-1FFA-45C7-A590-BA578ED53984}","properties":{"id":"{768F5574-1FFA-45C7-A590-BA578ED53984}","name":"Colonel J. Fred Scott School","address":"171 Whitehorn Rd NE","locationNote":null,"board":"The Calgary School Division","grades":"Elementary","levels":["elementary"],"levelFlags":{"elementary":true,"juniorHigh":false,"high":false},"postSecondary":false,"website":"http://school.cbe.ab.ca/school/ColonelJFredScott/","websiteSourceUrl":"https://education.alberta.ca/media/1626669/authority_and_school.xlsx","sourceUrl":"https://data.calgary.ca/d/fd9t-tdn2","communityCode":"WHI","quadrant":"NE","areaCodes":["Q_NE","WHI"]},"geometry":{"type":"Point","coordinates":[-113.9681787,51.0877737]}},{"type":"Feature","id":"{779F6D0C-3F5F-46B6-AAD6-2301DFA01358}","properties":{"id":"{779F6D0C-3F5F-46B6-AAD6-2301DFA01358}","name":"Peter Lougheed School","address":"148 Saddletree Close NE","locationNote":null,"board":"The Calgary School Division","grades":"Elementary/Junior High","levels":["elementary","juniorHigh"],"levelFlags":{"elementary":true,"juniorHigh":true,"high":false},"postSecondary":false,"website":"http://school.cbe.ab.ca/school/peterlougheed","websiteSourceUrl":"https://education.alberta.ca/media/1626669/authority_and_school.xlsx","sourceUrl":"https://data.calgary.ca/d/fd9t-tdn2","communityCode":"SAD","quadrant":"NE","areaCodes":["Q_NE","SAD"]},"geometry":{"type":"Point","coordinates":[-113.9556975,51.1306764]}},{"type":"Feature","id":"{77C3B62E-AE18-484D-946D-3A4DADDFC127}","properties":{"id":"{77C3B62E-AE18-484D-946D-3A4DADDFC127}","name":"Northeast Elementary Campus","address":"1140 Mayland Drive NE","locationNote":null,"board":"Foundations for the Future Charter Academy Charter School Society","grades":"Elementary","levels":["elementary"],"levelFlags":{"elementary":true,"juniorHigh":false,"high":false},"postSecondary":false,"website":"http://www.ffca-calgary.com","websiteSourceUrl":"https://education.alberta.ca/media/1626669/authority_and_school.xlsx","sourceUrl":"https://data.calgary.ca/d/fd9t-tdn2","communityCode":"MAL","quadrant":"NE","areaCodes":["MAL","Q_NE"]},"geometry":{"type":"Point","coordinates":[-114.0113049,51.064201]}},{"type":"Feature","id":"{7888F81D-A3D1-4983-ADD8-0C6BE0322E99}","properties":{"id":"{7888F81D-A3D1-4983-ADD8-0C6BE0322E99}","name":"St. Gianna School","address":"800 Auburn Bay Blvd SE","locationNote":null,"board":"The Calgary Roman Catholic Separate School Division","grades":"Elementary","levels":["elementary"],"levelFlags":{"elementary":true,"juniorHigh":false,"high":false},"postSecondary":false,"website":"https://www.cssd.ab.ca/schools/stgianna","websiteSourceUrl":"https://education.alberta.ca/media/1626669/authority_and_school.xlsx","sourceUrl":"https://data.calgary.ca/d/fd9t-tdn2","communityCode":"AUB","quadrant":"SE","areaCodes":["AUB","Q_SE"]},"geometry":{"type":"Point","coordinates":[-113.9680452,50.8955204]}},{"type":"Feature","id":"{78A773DC-E0F4-457A-B042-F6C4E772C655}","properties":{"id":"{78A773DC-E0F4-457A-B042-F6C4E772C655}","name":"Bishop O'Byrne High School","address":"Suite 500  333 Shawville Boulevard S.E.","locationNote":null,"board":"The Calgary Roman Catholic Separate School Division","grades":"Senior High","levels":["high"],"levelFlags":{"elementary":false,"juniorHigh":false,"high":true},"postSecondary":false,"website":null,"websiteSourceUrl":null,"sourceUrl":"https://data.calgary.ca/d/fd9t-tdn2","communityCode":"SHN","quadrant":"SE","areaCodes":["Q_SE","SHN"]},"geometry":{"type":"Point","coordinates":[-114.064581,50.8980986]}},{"type":"Feature","id":"{78BEA7C4-56F5-4E86-8281-DAC6A26270DD}","properties":{"id":"{78BEA7C4-56F5-4E86-8281-DAC6A26270DD}","name":"Henry Wise Wood High School","address":"910  75 Ave SW","locationNote":null,"board":"The Calgary School Division","grades":"Senior High","levels":["high"],"levelFlags":{"elementary":false,"juniorHigh":false,"high":true},"postSecondary":false,"website":"https://henrywisewood.cbe.ab.ca/","websiteSourceUrl":"https://education.alberta.ca/media/1626669/authority_and_school.xlsx","sourceUrl":"https://data.calgary.ca/d/fd9t-tdn2","communityCode":"KEL","quadrant":"SW","areaCodes":["KEL","Q_SW"]},"geometry":{"type":"Point","coordinates":[-114.0846986,50.9863474]}},{"type":"Feature","id":"{7963B47A-908B-4632-9BAD-5130661FA1FF}","properties":{"id":"{7963B47A-908B-4632-9BAD-5130661FA1FF}","name":"Banting and Best School","address":"1819 66 Avenue SE","locationNote":null,"board":"The Calgary School Division","grades":"Elementary","levels":["elementary"],"levelFlags":{"elementary":true,"juniorHigh":false,"high":false},"postSecondary":false,"website":"https://bantingandbest.cbe.ab.ca/","websiteSourceUrl":"https://education.alberta.ca/media/1626669/authority_and_school.xlsx","sourceUrl":"https://data.calgary.ca/d/fd9t-tdn2","communityCode":"OGD","quadrant":"SE","areaCodes":["OGD","Q_SE"]},"geometry":{"type":"Point","coordinates":[-114.0138764,50.9937496]}},{"type":"Feature","id":"{797E8C64-4873-40E2-B2D9-DCBEA16E9B95}","properties":{"id":"{797E8C64-4873-40E2-B2D9-DCBEA16E9B95}","name":"Asasa Academy","address":"PO Box 54073 Pro Village Squar","locationNote":null,"board":"Al-Ghani Learning","grades":"Unknown","levels":["unknown"],"levelFlags":{"elementary":false,"juniorHigh":false,"high":false},"postSecondary":false,"website":null,"websiteSourceUrl":null,"sourceUrl":"https://data.calgary.ca/d/fd9t-tdn2","communityCode":"PIN","quadrant":"NE","areaCodes":["PIN","Q_NE"]},"geometry":{"type":"Point","coordinates":[-113.9548921,51.0747556]}},{"type":"Feature","id":"{7A24A649-591C-4B4A-99DD-53482E34F5B3}","properties":{"id":"{7A24A649-591C-4B4A-99DD-53482E34F5B3}","name":"Battalion Park School","address":"369 Sienna Park Dr SW","locationNote":null,"board":"The Calgary School Division","grades":"Elementary","levels":["elementary"],"levelFlags":{"elementary":true,"juniorHigh":false,"high":false},"postSecondary":false,"website":"http://school.cbe.ab.ca/school/battalionpark/Pages","websiteSourceUrl":"https://education.alberta.ca/media/1626669/authority_and_school.xlsx","sourceUrl":"https://data.calgary.ca/d/fd9t-tdn2","communityCode":"SIG","quadrant":"SW","areaCodes":["Q_SW","SIG"]},"geometry":{"type":"Point","coordinates":[-114.1819153,51.0235736]}},{"type":"Feature","id":"{7B41F561-EE2A-4B74-AB94-7530DB89FA13}","properties":{"id":"{7B41F561-EE2A-4B74-AB94-7530DB89FA13}","name":"Lake Bonavista School","address":"1015  120 Ave SE","locationNote":null,"board":"The Calgary School Division","grades":"Elementary","levels":["elementary"],"levelFlags":{"elementary":true,"juniorHigh":false,"high":false},"postSecondary":false,"website":"http://school.cbe.ab.ca/school/LakeBonavista","websiteSourceUrl":"https://education.alberta.ca/media/1626669/authority_and_school.xlsx","sourceUrl":"https://data.calgary.ca/d/fd9t-tdn2","communityCode":"LKB","quadrant":"SE","areaCodes":["LKB","Q_SE"]},"geometry":{"type":"Point","coordinates":[-114.040938,50.9445477]}},{"type":"Feature","id":"{7C8F060D-279E-428C-9F23-0DA9BED90D82}","properties":{"id":"{7C8F060D-279E-428C-9F23-0DA9BED90D82}","name":"Balmoral School","address":"220 16 Ave NW","locationNote":null,"board":"The Calgary School Division","grades":"Elementary/Junior High","levels":["elementary","juniorHigh"],"levelFlags":{"elementary":true,"juniorHigh":true,"high":false},"postSecondary":false,"website":"https://school.cbe.ab.ca/school/balmoral/Pages/def","websiteSourceUrl":"https://education.alberta.ca/media/1626669/authority_and_school.xlsx","sourceUrl":"https://data.calgary.ca/d/fd9t-tdn2","communityCode":"TUX","quadrant":"NW","areaCodes":["Q_NW","TUX"]},"geometry":{"type":"Point","coordinates":[-114.0664944,51.0678886]}},{"type":"Feature","id":"{7DB95F72-EB25-4B89-BED9-DED34D75A992}","properties":{"id":"{7DB95F72-EB25-4B89-BED9-DED34D75A992}","name":"Twelve Mile Coulee School","address":"65 Tuscany Hills Rd NW","locationNote":null,"board":"The Calgary School Division","grades":"Elementary/Junior High","levels":["elementary","juniorHigh"],"levelFlags":{"elementary":true,"juniorHigh":true,"high":false},"postSecondary":false,"website":"http://school.cbe.ab.ca/school/twelvemilecoulee","websiteSourceUrl":"https://education.alberta.ca/media/1626669/authority_and_school.xlsx","sourceUrl":"https://data.calgary.ca/d/fd9t-tdn2","communityCode":"TUS","quadrant":"NW","areaCodes":["Q_NW","TUS"]},"geometry":{"type":"Point","coordinates":[-114.2434944,51.1228429]}},{"type":"Feature","id":"{7FD14EC7-3962-4470-A336-7C23312CE741}","properties":{"id":"{7FD14EC7-3962-4470-A336-7C23312CE741}","name":"St. Peter Elementary School","address":"720 - 58 Street S.E.","locationNote":null,"board":"The Calgary Roman Catholic Separate School Division","grades":"Elementary","levels":["elementary"],"levelFlags":{"elementary":true,"juniorHigh":false,"high":false},"postSecondary":false,"website":"http://www.cssd.ab.ca/schools/stpeter","websiteSourceUrl":"https://education.alberta.ca/media/1626669/authority_and_school.xlsx","sourceUrl":"https://data.calgary.ca/d/fd9t-tdn2","communityCode":"PEN","quadrant":"SE","areaCodes":["PEN","Q_SE"]},"geometry":{"type":"Point","coordinates":[-113.9491212,51.0461918]}},{"type":"Feature","id":"{7FD2465B-0984-4EFE-9AFC-5546A4BEACCA}","properties":{"id":"{7FD2465B-0984-4EFE-9AFC-5546A4BEACCA}","name":"The Hamptons School","address":"10330 Hamptons Blvd NW","locationNote":null,"board":"The Calgary School Division","grades":"Elementary","levels":["elementary"],"levelFlags":{"elementary":true,"juniorHigh":false,"high":false},"postSecondary":false,"website":"https://thehamptons.cbe.ab.ca/","websiteSourceUrl":"https://education.alberta.ca/media/1626669/authority_and_school.xlsx","sourceUrl":"https://data.calgary.ca/d/fd9t-tdn2","communityCode":"HAM","quadrant":"NW","areaCodes":["HAM","Q_NW"]},"geometry":{"type":"Point","coordinates":[-114.1485213,51.1434525]}},{"type":"Feature","id":"{817A3D6D-7B83-437E-8E2E-2C149A6EF830}","properties":{"id":"{817A3D6D-7B83-437E-8E2E-2C149A6EF830}","name":"Calgary Jewish Academy","address":"6700 Kootenay Street S.W.","locationNote":null,"board":"The Calgary Jewish Academy","grades":"Elementary/Junior High","levels":["elementary","juniorHigh"],"levelFlags":{"elementary":true,"juniorHigh":true,"high":false},"postSecondary":false,"website":"http://www.cja.ab.ca","websiteSourceUrl":"https://education.alberta.ca/media/1626669/authority_and_school.xlsx","sourceUrl":"https://data.calgary.ca/d/fd9t-tdn2","communityCode":"KEL","quadrant":"SW","areaCodes":["KEL","Q_SW"]},"geometry":{"type":"Point","coordinates":[-114.0926207,50.9935015]}},{"type":"Feature","id":"{81C7D66A-E6DB-4B88-AA7F-AA57C52115C2}","properties":{"id":"{81C7D66A-E6DB-4B88-AA7F-AA57C52115C2}","name":"Hillhurst School","address":"1418  7 Ave NW","locationNote":null,"board":"The Calgary School Division","grades":"Elementary","levels":["elementary"],"levelFlags":{"elementary":true,"juniorHigh":false,"high":false},"postSecondary":false,"website":"https://school.cbe.ab.ca/school/Hillhurst/Pages/de","websiteSourceUrl":"https://education.alberta.ca/media/1626669/authority_and_school.xlsx","sourceUrl":"https://data.calgary.ca/d/fd9t-tdn2","communityCode":"HIL","quadrant":"NW","areaCodes":["HIL","Q_NW"]},"geometry":{"type":"Point","coordinates":[-114.0931514,51.0593015]}},{"type":"Feature","id":"{8321467D-F9EB-4523-9B3A-82DB20887BF3}","properties":{"id":"{8321467D-F9EB-4523-9B3A-82DB20887BF3}","name":"All Saints School","address":"729 Legacy Village Rd SE","locationNote":null,"board":"The Calgary Roman Catholic Separate School Division","grades":"Senior High","levels":["high"],"levelFlags":{"elementary":false,"juniorHigh":false,"high":true},"postSecondary":false,"website":"http://www.cssd.ab.ca/schools/allsaints","websiteSourceUrl":"https://education.alberta.ca/media/1626669/authority_and_school.xlsx","sourceUrl":"https://data.calgary.ca/d/fd9t-tdn2","communityCode":"LEG","quadrant":"SE","areaCodes":["LEG","Q_SE"]},"geometry":{"type":"Point","coordinates":[-114.0267651,50.8593354]}},{"type":"Feature","id":"{83525AE5-B11B-4ECB-BCB5-B78B20A49844}","properties":{"id":"{83525AE5-B11B-4ECB-BCB5-B78B20A49844}","name":"Glenmore Christian Academy Elementary","address":"16520 - 24 Street S.W.","locationNote":null,"board":"GCA Educational Society","grades":"Elementary","levels":["elementary"],"levelFlags":{"elementary":true,"juniorHigh":false,"high":false},"postSecondary":false,"website":"http://www.gcaschool.com","websiteSourceUrl":"https://education.alberta.ca/media/1626669/authority_and_school.xlsx","sourceUrl":"https://data.calgary.ca/d/fd9t-tdn2","communityCode":"BRI","quadrant":"SW","areaCodes":["BRI","Q_SW"]},"geometry":{"type":"Point","coordinates":[-114.1152532,50.9039855]}},{"type":"Feature","id":"{839393F7-A547-40CD-8846-8305BD9BE23B}","properties":{"id":"{839393F7-A547-40CD-8846-8305BD9BE23B}","name":"Janet Johnstone School","address":"224 Shawnessy Dr SW","locationNote":null,"board":"The Calgary School Division","grades":"Elementary","levels":["elementary"],"levelFlags":{"elementary":true,"juniorHigh":false,"high":false},"postSecondary":false,"website":"http://school.cbe.ab.ca/school/JanetJohnstone","websiteSourceUrl":"https://education.alberta.ca/media/1626669/authority_and_school.xlsx","sourceUrl":"https://data.calgary.ca/d/fd9t-tdn2","communityCode":"SHN","quadrant":"SW","areaCodes":["Q_SW","SHN"]},"geometry":{"type":"Point","coordinates":[-114.0801002,50.909376]}},{"type":"Feature","id":"{83C36F0C-0253-48CB-B007-9F5CC41825E8}","properties":{"id":"{83C36F0C-0253-48CB-B007-9F5CC41825E8}","name":"Andrew Sibbald School","address":"1711 Lake Bonavista Dr SE","locationNote":null,"board":"The Calgary School Division","grades":"Elementary","levels":["elementary"],"levelFlags":{"elementary":true,"juniorHigh":false,"high":false},"postSecondary":false,"website":"http://school.cbe.ab.ca/school/andrewsibbald","websiteSourceUrl":"https://education.alberta.ca/media/1626669/authority_and_school.xlsx","sourceUrl":"https://data.calgary.ca/d/fd9t-tdn2","communityCode":"LKB","quadrant":"SE","areaCodes":["LKB","Q_SE"]},"geometry":{"type":"Point","coordinates":[-114.0408918,50.9351853]}},{"type":"Feature","id":"{8417B639-1CE7-4758-86A4-803013F58E51}","properties":{"id":"{8417B639-1CE7-4758-86A4-803013F58E51}","name":"Delta West Academy","address":"414 - 11A Street N.E.","locationNote":null,"board":"Delta West Academy Society","grades":"Elementary/Junior High/Senior High","levels":["elementary","juniorHigh","high"],"levelFlags":{"elementary":true,"juniorHigh":true,"high":true},"postSecondary":false,"website":null,"websiteSourceUrl":null,"sourceUrl":"https://data.calgary.ca/d/fd9t-tdn2","communityCode":"BRD","quadrant":"NE","areaCodes":["BRD","Q_NE"]},"geometry":{"type":"Point","coordinates":[-114.0346391,51.0551144]}},{"type":"Feature","id":"{842861C4-C449-4915-B7BF-8398846CFF79}","properties":{"id":"{842861C4-C449-4915-B7BF-8398846CFF79}","name":"Master's College","address":"4414 Crowchild Trail SW","locationNote":null,"board":"The Palliser School Division","grades":"Junior High/Senior High","levels":["juniorHigh","high"],"levelFlags":{"elementary":false,"juniorHigh":true,"high":true},"postSecondary":false,"website":"http://www.masters.ab.ca","websiteSourceUrl":"https://education.alberta.ca/media/1626669/authority_and_school.xlsx","sourceUrl":"https://data.calgary.ca/d/fd9t-tdn2","communityCode":"GAW","quadrant":"SW","areaCodes":["GAW","Q_SW"]},"geometry":{"type":"Point","coordinates":[-114.1165602,51.0153091]}},{"type":"Feature","id":"{84D6C63D-E1DE-4BEF-967E-5AC6D0936208}","properties":{"id":"{84D6C63D-E1DE-4BEF-967E-5AC6D0936208}","name":"All Boys Program","address":"3519  36 Avenue SW","locationNote":null,"board":"The Calgary School Division","grades":"Elementary","levels":["elementary"],"levelFlags":{"elementary":true,"juniorHigh":false,"high":false},"postSecondary":false,"website":null,"websiteSourceUrl":null,"sourceUrl":"https://data.calgary.ca/d/fd9t-tdn2","communityCode":"RUT","quadrant":"SW","areaCodes":["Q_SW","RUT"]},"geometry":{"type":"Point","coordinates":[-114.13624,51.0211865]}},{"type":"Feature","id":"{8618CC75-8729-4978-9076-36CB95B746EF}","properties":{"id":"{8618CC75-8729-4978-9076-36CB95B746EF}","name":"St. Mary's High School","address":"111 - 18 Avenue S.W.","locationNote":null,"board":"The Calgary Roman Catholic Separate School Division","grades":"Senior High","levels":["high"],"levelFlags":{"elementary":false,"juniorHigh":false,"high":true},"postSecondary":false,"website":"https://stmarys.cssd.ab.ca/","websiteSourceUrl":"https://education.alberta.ca/media/1626669/authority_and_school.xlsx","sourceUrl":"https://data.calgary.ca/d/fd9t-tdn2","communityCode":"MIS","quadrant":"SW","areaCodes":["MIS","Q_SW"]},"geometry":{"type":"Point","coordinates":[-114.0640406,51.0366179]}},{"type":"Feature","id":"{86AB1F05-055F-4FE1-AB41-77BEF78DE53E}","properties":{"id":"{86AB1F05-055F-4FE1-AB41-77BEF78DE53E}","name":"West View School","address":"Calgary Young Offender Centre  12626 - 85 Street N.W.","locationNote":null,"board":"The Calgary School Division","grades":"Elementary/Junior High/Senior High","levels":["elementary","juniorHigh","high"],"levelFlags":{"elementary":true,"juniorHigh":true,"high":true},"postSecondary":false,"website":null,"websiteSourceUrl":null,"sourceUrl":"https://data.calgary.ca/d/fd9t-tdn2","communityCode":"02E","quadrant":"NW","areaCodes":["02E","Q_NW"]},"geometry":{"type":"Point","coordinates":[-114.2080279,51.1655373]}},{"type":"Feature","id":"{873E184B-2419-4D57-B0C3-DB023E68421E}","properties":{"id":"{873E184B-2419-4D57-B0C3-DB023E68421E}","name":"Little Angels","address":"PO Box 54073 \nPro Village Square","locationNote":null,"board":"Al-Ghani Learning","grades":"Unknown","levels":["unknown"],"levelFlags":{"elementary":false,"juniorHigh":false,"high":false},"postSecondary":false,"website":null,"websiteSourceUrl":null,"sourceUrl":"https://data.calgary.ca/d/fd9t-tdn2","communityCode":"ST1","quadrant":"NE","areaCodes":["Q_NE","ST1"]},"geometry":{"type":"Point","coordinates":[-114.0321078,51.1520563]}},{"type":"Feature","id":"{8810AE7C-591B-40AD-B75F-058E7090C87D}","properties":{"id":"{8810AE7C-591B-40AD-B75F-058E7090C87D}","name":"Grant MacEwan School","address":"180 Falshire Dr NE","locationNote":null,"board":"The Calgary School Division","grades":"Elementary","levels":["elementary"],"levelFlags":{"elementary":true,"juniorHigh":false,"high":false},"postSecondary":false,"website":"https://grantmacewan.cbe.ab.ca","websiteSourceUrl":"https://education.alberta.ca/media/1626669/authority_and_school.xlsx","sourceUrl":"https://data.calgary.ca/d/fd9t-tdn2","communityCode":"FAL","quadrant":"NE","areaCodes":["FAL","Q_NE"]},"geometry":{"type":"Point","coordinates":[-113.942965,51.1064336]}},{"type":"Feature","id":"{881DAF64-AE9C-4B01-BF57-6BB01CC85D1A}","properties":{"id":"{881DAF64-AE9C-4B01-BF57-6BB01CC85D1A}","name":"Clarence Sansom School","address":"5840  24 Ave NE","locationNote":null,"board":"The Calgary School Division","grades":"Elementary/Junior High","levels":["elementary","juniorHigh"],"levelFlags":{"elementary":true,"juniorHigh":true,"high":false},"postSecondary":false,"website":"http://school.cbe.ab.ca/school/clarencesansom/Page","websiteSourceUrl":"https://education.alberta.ca/media/1626669/authority_and_school.xlsx","sourceUrl":"https://data.calgary.ca/d/fd9t-tdn2","communityCode":"PIN","quadrant":"NE","areaCodes":["PIN","Q_NE"]},"geometry":{"type":"Point","coordinates":[-113.9492097,51.0746202]}},{"type":"Feature","id":"{886DB29A-F1A5-46DF-BD2D-172566CFCE27}","properties":{"id":"{886DB29A-F1A5-46DF-BD2D-172566CFCE27}","name":"Bowness High School","address":"4627  77 St NW","locationNote":null,"board":"The Calgary School Division","grades":"Senior High","levels":["high"],"levelFlags":{"elementary":false,"juniorHigh":false,"high":true},"postSecondary":false,"website":"http://school.cbe.ab.ca/school/bowness/Pages/defau","websiteSourceUrl":"https://education.alberta.ca/media/1626669/authority_and_school.xlsx","sourceUrl":"https://data.calgary.ca/d/fd9t-tdn2","communityCode":"BOW","quadrant":"NW","areaCodes":["BOW","Q_NW"]},"geometry":{"type":"Point","coordinates":[-114.2002653,51.093182]}},{"type":"Feature","id":"{887E1E4F-1F4F-4997-89D1-B79551774E34}","properties":{"id":"{887E1E4F-1F4F-4997-89D1-B79551774E34}","name":"Nellie McClung School","address":"2315 Palliser Dr SW","locationNote":null,"board":"The Calgary School Division","grades":"Elementary","levels":["elementary"],"levelFlags":{"elementary":true,"juniorHigh":false,"high":false},"postSecondary":false,"website":"http://school.cbe.ab.ca/school/NellieMcClung/","websiteSourceUrl":"https://education.alberta.ca/media/1626669/authority_and_school.xlsx","sourceUrl":"https://data.calgary.ca/d/fd9t-tdn2","communityCode":"PAL","quadrant":"SW","areaCodes":["PAL","Q_SW"]},"geometry":{"type":"Point","coordinates":[-114.113028,50.968502]}},{"type":"Feature","id":"{88DE60C3-31F1-4A97-9AFD-1BD932C780BD}","properties":{"id":"{88DE60C3-31F1-4A97-9AFD-1BD932C780BD}","name":"École La Mosaïque","address":"199 Martindale Blvd NE","locationNote":null,"board":"The Southern Francophone Education Region","grades":"Elementary","levels":["elementary"],"levelFlags":{"elementary":true,"juniorHigh":false,"high":false},"postSecondary":false,"website":"http://www.lamosaique.francosud.ca","websiteSourceUrl":"https://education.alberta.ca/media/1626669/authority_and_school.xlsx","sourceUrl":"https://data.calgary.ca/d/fd9t-tdn2","communityCode":"MRT","quadrant":"NE","areaCodes":["MRT","Q_NE"]},"geometry":{"type":"Point","coordinates":[-113.957526,51.1137735]}},{"type":"Feature","id":"{89153657-D15C-455E-AF91-C7D0C95A7E20}","properties":{"id":"{89153657-D15C-455E-AF91-C7D0C95A7E20}","name":"Alternative High School","address":"5003  20 St SW","locationNote":null,"board":"The Calgary School Division","grades":"Senior High","levels":["high"],"levelFlags":{"elementary":false,"juniorHigh":false,"high":true},"postSecondary":false,"website":"http://www.cbe.ab.ca/b863/","websiteSourceUrl":"https://education.alberta.ca/media/1626669/authority_and_school.xlsx","sourceUrl":"https://data.calgary.ca/d/fd9t-tdn2","communityCode":"ALT","quadrant":"SW","areaCodes":["ALT","Q_SW"]},"geometry":{"type":"Point","coordinates":[-114.1099742,51.0096662]}},{"type":"Feature","id":"{8C65F590-E900-4779-9599-FEE413914414}","properties":{"id":"{8C65F590-E900-4779-9599-FEE413914414}","name":"Somerset School","address":"150 Somerset Manor SW","locationNote":null,"board":"The Calgary School Division","grades":"Elementary","levels":["elementary"],"levelFlags":{"elementary":true,"juniorHigh":false,"high":false},"postSecondary":false,"website":"https://school.cbe.ab.ca/school/Somerset/Pages/def","websiteSourceUrl":"https://education.alberta.ca/media/1626669/authority_and_school.xlsx","sourceUrl":"https://data.calgary.ca/d/fd9t-tdn2","communityCode":"SOM","quadrant":"SW","areaCodes":["Q_SW","SOM"]},"geometry":{"type":"Point","coordinates":[-114.0849814,50.8974187]}},{"type":"Feature","id":"{8C84DFC8-374F-49B3-939D-3C9FE0CD9349}","properties":{"id":"{8C84DFC8-374F-49B3-939D-3C9FE0CD9349}","name":"St. Margaret School","address":"3320 Carol Drive N.W.","locationNote":null,"board":"The Calgary Roman Catholic Separate School Division","grades":"Elementary/Junior High","levels":["elementary","juniorHigh"],"levelFlags":{"elementary":true,"juniorHigh":true,"high":false},"postSecondary":false,"website":"http://www.cssd.ab.ca/schools/stmargaret","websiteSourceUrl":"https://education.alberta.ca/media/1626669/authority_and_school.xlsx","sourceUrl":"https://data.calgary.ca/d/fd9t-tdn2","communityCode":"COL","quadrant":"NW","areaCodes":["COL","Q_NW"]},"geometry":{"type":"Point","coordinates":[-114.0976517,51.0821473]}},{"type":"Feature","id":"{8D702F16-D28C-42C9-869D-4F725E6CC33C}","properties":{"id":"{8D702F16-D28C-42C9-869D-4F725E6CC33C}","name":"Foothills Academy","address":"745 - 37 Street N.W.","locationNote":null,"board":"Foothills Academy Society","grades":"Elementary/Junior High/Senior High","levels":["elementary","juniorHigh","high"],"levelFlags":{"elementary":true,"juniorHigh":true,"high":true},"postSecondary":false,"website":"http://www.foothillsacademy.org","websiteSourceUrl":"https://education.alberta.ca/media/1626669/authority_and_school.xlsx","sourceUrl":"https://data.calgary.ca/d/fd9t-tdn2","communityCode":"PKD","quadrant":"NW","areaCodes":["PKD","Q_NW"]},"geometry":{"type":"Point","coordinates":[-114.1423208,51.0640789]}},{"type":"Feature","id":"{8DF7A786-53E8-4C83-A734-0B955EF46141}","properties":{"id":"{8DF7A786-53E8-4C83-A734-0B955EF46141}","name":"Monsignor E. L. Doyle Elementary School","address":"8887 Scurfield Drive NW","locationNote":null,"board":"The Calgary Roman Catholic Separate School Division","grades":"Elementary","levels":["elementary"],"levelFlags":{"elementary":true,"juniorHigh":false,"high":false},"postSecondary":false,"website":"http://www.cssd.ab.ca/schools/msgrdoyle","websiteSourceUrl":"https://education.alberta.ca/media/1626669/authority_and_school.xlsx","sourceUrl":"https://data.calgary.ca/d/fd9t-tdn2","communityCode":"SCE","quadrant":"NW","areaCodes":["Q_NW","SCE"]},"geometry":{"type":"Point","coordinates":[-114.2166262,51.1220249]}},{"type":"Feature","id":"{8E762679-EC5A-4218-B7E0-B36C7E6DC732}","properties":{"id":"{8E762679-EC5A-4218-B7E0-B36C7E6DC732}","name":"Neriah Christian School","address":"400 Midpark BLVD","locationNote":null,"board":"Neriah Christian School Society of the Netherlands Reformed Congregation","grades":"Elementary/Junior High","levels":["elementary","juniorHigh"],"levelFlags":{"elementary":true,"juniorHigh":true,"high":false},"postSecondary":false,"website":null,"websiteSourceUrl":null,"sourceUrl":"https://data.calgary.ca/d/fd9t-tdn2","communityCode":"MID","quadrant":"SE","areaCodes":["MID","Q_SE"]},"geometry":{"type":"Point","coordinates":[-114.0587985,50.9087082]}},{"type":"Feature","id":"{8E9A1DF5-A96A-489A-BE74-FC0764736548}","properties":{"id":"{8E9A1DF5-A96A-489A-BE74-FC0764736548}","name":"James Short Memorial School","address":"6333  5 Ave SE","locationNote":null,"board":"The Calgary School Division","grades":"Elementary","levels":["elementary"],"levelFlags":{"elementary":true,"juniorHigh":false,"high":false},"postSecondary":false,"website":"http://www.cbe.ab.ca/b364","websiteSourceUrl":"https://education.alberta.ca/media/1626669/authority_and_school.xlsx","sourceUrl":"https://data.calgary.ca/d/fd9t-tdn2","communityCode":"PEN","quadrant":"SE","areaCodes":["PEN","Q_SE"]},"geometry":{"type":"Point","coordinates":[-113.9428125,51.0478673]}},{"type":"Feature","id":"{8ED349D7-6595-4CC1-8450-8CE5C23153D6}","properties":{"id":"{8ED349D7-6595-4CC1-8450-8CE5C23153D6}","name":"Columbia College","address":"802 Manning Road N.E.","locationNote":null,"board":"Columbia College Calgary","grades":"Senior High","levels":["high"],"levelFlags":{"elementary":false,"juniorHigh":false,"high":true},"postSecondary":false,"website":null,"websiteSourceUrl":null,"sourceUrl":"https://data.calgary.ca/d/fd9t-tdn2","communityCode":"MLI","quadrant":"NE","areaCodes":["MLI","Q_NE"]},"geometry":{"type":"Point","coordinates":[-114.0180362,51.0570086]}},{"type":"Feature","id":"{90064184-22C4-495A-998B-A2825D2EB66F}","properties":{"id":"{90064184-22C4-495A-998B-A2825D2EB66F}","name":"Valley Creek School","address":"10951 Hidden Valley Dr NW","locationNote":null,"board":"The Calgary School Division","grades":"Elementary/Junior High","levels":["elementary","juniorHigh"],"levelFlags":{"elementary":true,"juniorHigh":true,"high":false},"postSecondary":false,"website":"https://valleycreek.cbe.ab.ca/","websiteSourceUrl":"https://education.alberta.ca/media/1626669/authority_and_school.xlsx","sourceUrl":"https://data.calgary.ca/d/fd9t-tdn2","communityCode":"HID","quadrant":"NW","areaCodes":["HID","Q_NW"]},"geometry":{"type":"Point","coordinates":[-114.1166872,51.1502406]}},{"type":"Feature","id":"{90D8C38C-942B-45C7-9E18-355E1C422840}","properties":{"id":"{90D8C38C-942B-45C7-9E18-355E1C422840}","name":"Greek Community School","address":"1 Tamarac Crescent S.W.","locationNote":null,"board":"Hellenic Society of Calgary and District","grades":"Senior High","levels":["high"],"levelFlags":{"elementary":false,"juniorHigh":false,"high":true},"postSecondary":false,"website":null,"websiteSourceUrl":null,"sourceUrl":"https://data.calgary.ca/d/fd9t-tdn2","communityCode":"SPR","quadrant":"SW","areaCodes":["Q_SW","SPR"]},"geometry":{"type":"Point","coordinates":[-114.137508,51.0481806]}},{"type":"Feature","id":"{90E27FEF-CD21-470D-881F-A717A878B979}","properties":{"id":"{90E27FEF-CD21-470D-881F-A717A878B979}","name":"Ron Southern School","address":"483 Silverado Blvd SW","locationNote":null,"board":"The Calgary School Division","grades":"Elementary","levels":["elementary"],"levelFlags":{"elementary":true,"juniorHigh":false,"high":false},"postSecondary":false,"website":"http://school.cbe.ab.ca/school/ronsouthern","websiteSourceUrl":"https://education.alberta.ca/media/1626669/authority_and_school.xlsx","sourceUrl":"https://data.calgary.ca/d/fd9t-tdn2","communityCode":"SVO","quadrant":"SW","areaCodes":["Q_SW","SVO"]},"geometry":{"type":"Point","coordinates":[-114.0857024,50.8809386]}},{"type":"Feature","id":"{90F123A6-ADAD-4920-B655-32513707F048}","properties":{"id":"{90F123A6-ADAD-4920-B655-32513707F048}","name":"Glenbrook School","address":"4725 33 Ave. S.W.","locationNote":null,"board":"The Calgary School Division","grades":"Elementary","levels":["elementary"],"levelFlags":{"elementary":true,"juniorHigh":false,"high":false},"postSecondary":false,"website":"https://school.cbe.ab.ca/school/Glenbrook","websiteSourceUrl":"https://education.alberta.ca/media/1626669/authority_and_school.xlsx","sourceUrl":"https://data.calgary.ca/d/fd9t-tdn2","communityCode":"GBK","quadrant":"SW","areaCodes":["GBK","Q_SW"]},"geometry":{"type":"Point","coordinates":[-114.1550118,51.0235181]}},{"type":"Feature","id":"{91466E0B-D083-417C-8008-73351F5A4926}","properties":{"id":"{91466E0B-D083-417C-8008-73351F5A4926}","name":"West Island College","address":"7410 Blackfoot Trail S.E.","locationNote":null,"board":"West Island College Society of Alberta","grades":"Junior High/Senior High","levels":["juniorHigh","high"],"levelFlags":{"elementary":false,"juniorHigh":true,"high":true},"postSecondary":false,"website":"http://www.westislandcollege.ab.ca","websiteSourceUrl":"https://education.alberta.ca/media/1626669/authority_and_school.xlsx","sourceUrl":"https://data.calgary.ca/d/fd9t-tdn2","communityCode":"FVI","quadrant":"SE","areaCodes":["FVI","Q_SE"]},"geometry":{"type":"Point","coordinates":[-114.0521746,50.9871111]}},{"type":"Feature","id":"{917E35F8-E1BF-48D9-8249-1639B57DF3A6}","properties":{"id":"{917E35F8-E1BF-48D9-8249-1639B57DF3A6}","name":"Sibylla Kiddle School","address":"126 Cranford Dr SE","locationNote":null,"board":"The Calgary School Division","grades":"Elementary","levels":["elementary"],"levelFlags":{"elementary":true,"juniorHigh":false,"high":false},"postSecondary":false,"website":"http://school.cbe.ab.ca/school/sibyllakiddle/Pages","websiteSourceUrl":"https://education.alberta.ca/media/1626669/authority_and_school.xlsx","sourceUrl":"https://data.calgary.ca/d/fd9t-tdn2","communityCode":"CRA","quadrant":"SE","areaCodes":["CRA","Q_SE"]},"geometry":{"type":"Point","coordinates":[-113.9708165,50.8778693]}},{"type":"Feature","id":"{9247A79D-6379-47D2-89B0-9D96AFAD9C66}","properties":{"id":"{9247A79D-6379-47D2-89B0-9D96AFAD9C66}","name":"McKenzie Highlands School","address":"25 McKenzie Towne Dr SE","locationNote":null,"board":"The Calgary School Division","grades":"Elementary/Junior High","levels":["elementary","juniorHigh"],"levelFlags":{"elementary":true,"juniorHigh":true,"high":false},"postSecondary":false,"website":"http://school.cbe.ab.ca/school/McKenzieHighlands","websiteSourceUrl":"https://education.alberta.ca/media/1626669/authority_and_school.xlsx","sourceUrl":"https://data.calgary.ca/d/fd9t-tdn2","communityCode":"MCT","quadrant":"SE","areaCodes":["MCT","Q_SE"]},"geometry":{"type":"Point","coordinates":[-113.9700874,50.9110004]}},{"type":"Feature","id":"{9329BF05-BDEA-4B9C-A83A-6B958FD0A997}","properties":{"id":"{9329BF05-BDEA-4B9C-A83A-6B958FD0A997}","name":"St. Benedict School","address":"10340 - 19 Street S.W.","locationNote":null,"board":"The Calgary Roman Catholic Separate School Division","grades":"Elementary","levels":["elementary"],"levelFlags":{"elementary":true,"juniorHigh":false,"high":false},"postSecondary":false,"website":"http://www.cssd.ab.ca/schools/stbenedict","websiteSourceUrl":"https://education.alberta.ca/media/1626669/authority_and_school.xlsx","sourceUrl":"https://data.calgary.ca/d/fd9t-tdn2","communityCode":"PUM","quadrant":"SW","areaCodes":["PUM","Q_SW"]},"geometry":{"type":"Point","coordinates":[-114.1054613,50.9620004]}},{"type":"Feature","id":"{932C0527-2238-40CD-84DE-D46568492E59}","properties":{"id":"{932C0527-2238-40CD-84DE-D46568492E59}","name":"Light of Christ Catholic School","address":"6270 Saddlehorn Dr. N.E.","locationNote":null,"board":"The Calgary Roman Catholic Separate School Division","grades":"Elementary/Junior High","levels":["elementary","juniorHigh"],"levelFlags":{"elementary":true,"juniorHigh":true,"high":false},"postSecondary":false,"website":"http://www.cssd.ab.ca/lightofchrist","websiteSourceUrl":"https://education.alberta.ca/media/1626669/authority_and_school.xlsx","sourceUrl":"https://data.calgary.ca/d/fd9t-tdn2","communityCode":"SAD","quadrant":"NE","areaCodes":["Q_NE","SAD"]},"geometry":{"type":"Point","coordinates":[-113.9412877,51.129544]}},{"type":"Feature","id":"{94A1E350-B883-4422-A110-2735590FD0E4}","properties":{"id":"{94A1E350-B883-4422-A110-2735590FD0E4}","name":"Adolescent Mental Health Services","address":"805  37 St NW","locationNote":null,"board":"The Calgary School Division","grades":"Elementary/Junior High/Senior High","levels":["elementary","juniorHigh","high"],"levelFlags":{"elementary":true,"juniorHigh":true,"high":true},"postSecondary":false,"website":"http://schools.cbe.ab.ca/b512/","websiteSourceUrl":"https://education.alberta.ca/media/1626669/authority_and_school.xlsx","sourceUrl":"https://data.calgary.ca/d/fd9t-tdn2","communityCode":"STA","quadrant":"NW","areaCodes":["Q_NW","STA"]},"geometry":{"type":"Point","coordinates":[-114.134425,51.0646755]}},{"type":"Feature","id":"{9570A6B3-9311-4966-9C55-C9656A733D0B}","properties":{"id":"{9570A6B3-9311-4966-9C55-C9656A733D0B}","name":"St. Ambrose School","address":"1500 Arbour Lake Road N.W.","locationNote":null,"board":"The Calgary Roman Catholic Separate School Division","grades":"Elementary/Junior High","levels":["elementary","juniorHigh"],"levelFlags":{"elementary":true,"juniorHigh":true,"high":false},"postSecondary":false,"website":"http://stambrose.cssd.ab.ca","websiteSourceUrl":"https://education.alberta.ca/media/1626669/authority_and_school.xlsx","sourceUrl":"https://data.calgary.ca/d/fd9t-tdn2","communityCode":"ARB","quadrant":"NW","areaCodes":["ARB","Q_NW"]},"geometry":{"type":"Point","coordinates":[-114.2061721,51.1334735]}},{"type":"Feature","id":"{95FBA603-6F60-4C6E-B99F-3871854A94CE}","properties":{"id":"{95FBA603-6F60-4C6E-B99F-3871854A94CE}","name":"Sir John Franklin School","address":"2215  8 Ave NE","locationNote":null,"board":"The Calgary School Division","grades":"Elementary/Junior High","levels":["elementary","juniorHigh"],"levelFlags":{"elementary":true,"juniorHigh":true,"high":false},"postSecondary":false,"website":"http://www.cbe.ab.ca/b649","websiteSourceUrl":"https://education.alberta.ca/media/1626669/authority_and_school.xlsx","sourceUrl":"https://data.calgary.ca/d/fd9t-tdn2","communityCode":"MAL","quadrant":"NE","areaCodes":["MAL","Q_NE"]},"geometry":{"type":"Point","coordinates":[-114.0079373,51.059684]}},{"type":"Feature","id":"{95FDAF60-90E2-4F18-8758-AB1A69CE521F}","properties":{"id":"{95FDAF60-90E2-4F18-8758-AB1A69CE521F}","name":"Palliser Beyond Borders at Calgary","address":"151 Canada Olympic Road SW","locationNote":null,"board":"The Palliser School Division","grades":"Unknown","levels":["unknown"],"levelFlags":{"elementary":false,"juniorHigh":false,"high":false},"postSecondary":false,"website":"https://www.palliserbeyondborders.com/","websiteSourceUrl":"https://education.alberta.ca/media/1626669/authority_and_school.xlsx","sourceUrl":"https://data.calgary.ca/d/fd9t-tdn2","communityCode":"HOR","quadrant":"NE","areaCodes":["HOR","Q_NE"]},"geometry":{"type":"Point","coordinates":[-113.9990566,51.0861212]}},{"type":"Feature","id":"{962CF771-34B0-4FD3-A29C-2D3AF3EEB356}","properties":{"id":"{962CF771-34B0-4FD3-A29C-2D3AF3EEB356}","name":"Belvedere Parkway School","address":"4631  85 St NW","locationNote":null,"board":"The Calgary School Division","grades":"Elementary","levels":["elementary"],"levelFlags":{"elementary":true,"juniorHigh":false,"high":false},"postSecondary":false,"website":"http://school.cbe.ab.ca/school/BelvedereParkway","websiteSourceUrl":"https://education.alberta.ca/media/1626669/authority_and_school.xlsx","sourceUrl":"https://data.calgary.ca/d/fd9t-tdn2","communityCode":"BOW","quadrant":"NW","areaCodes":["BOW","Q_NW"]},"geometry":{"type":"Point","coordinates":[-114.2115735,51.0927236]}},{"type":"Feature","id":"{96BA0461-B821-4800-BD0A-3445F2A3107B}","properties":{"id":"{96BA0461-B821-4800-BD0A-3445F2A3107B}","name":"Terry Fox School","address":"139 Falshire Dr NE","locationNote":null,"board":"The Calgary School Division","grades":"Junior High","levels":["juniorHigh"],"levelFlags":{"elementary":false,"juniorHigh":true,"high":false},"postSecondary":false,"website":"https://terryfox.cbe.ab.ca/","websiteSourceUrl":"https://education.alberta.ca/media/1626669/authority_and_school.xlsx","sourceUrl":"https://data.calgary.ca/d/fd9t-tdn2","communityCode":"FAL","quadrant":"NE","areaCodes":["FAL","Q_NE"]},"geometry":{"type":"Point","coordinates":[-113.9451182,51.1046637]}},{"type":"Feature","id":"{96C7380E-DCAA-49A2-8BCF-9CD549BB1192}","properties":{"id":"{96C7380E-DCAA-49A2-8BCF-9CD549BB1192}","name":"Notre Dame High School","address":"11900 Country Village Link NE","locationNote":null,"board":"The Calgary Roman Catholic Separate School Division","grades":"Senior High","levels":["high"],"levelFlags":{"elementary":false,"juniorHigh":false,"high":true},"postSecondary":false,"website":"http://www.cssd.ab.ca/schools/notredame","websiteSourceUrl":"https://education.alberta.ca/media/1626669/authority_and_school.xlsx","sourceUrl":"https://data.calgary.ca/d/fd9t-tdn2","communityCode":"CHV","quadrant":"NE","areaCodes":["CHV","Q_NE"]},"geometry":{"type":"Point","coordinates":[-114.0657893,51.1576257]}},{"type":"Feature","id":"{978CAECA-2689-4DD0-B421-75431661D5A5}","properties":{"id":"{978CAECA-2689-4DD0-B421-75431661D5A5}","name":"Erin Woods School","address":"25 Erin Park Dr SE","locationNote":null,"board":"The Calgary School Division","grades":"Elementary","levels":["elementary"],"levelFlags":{"elementary":true,"juniorHigh":false,"high":false},"postSecondary":false,"website":"http://school.cbe.ab.ca/school/erinwoods/Pages/def","websiteSourceUrl":"https://education.alberta.ca/media/1626669/authority_and_school.xlsx","sourceUrl":"https://data.calgary.ca/d/fd9t-tdn2","communityCode":"ERI","quadrant":"SE","areaCodes":["ERI","Q_SE"]},"geometry":{"type":"Point","coordinates":[-113.9657916,51.0227065]}},{"type":"Feature","id":"{9856E2BB-5199-47F0-B0F4-08EFAB8A8AF5}","properties":{"id":"{9856E2BB-5199-47F0-B0F4-08EFAB8A8AF5}","name":"Calgary Academy Collegiate","address":"1677 - 93rd Street S.W.","locationNote":null,"board":"Calgary Academy Society","grades":"Elementary/Junior High/Senior High","levels":["elementary","juniorHigh","high"],"levelFlags":{"elementary":true,"juniorHigh":true,"high":true},"postSecondary":false,"website":"http://www.calgaryacademy.com","websiteSourceUrl":"https://education.alberta.ca/media/1626669/authority_and_school.xlsx","sourceUrl":"https://data.calgary.ca/d/fd9t-tdn2","communityCode":"ASP","quadrant":"SW","areaCodes":["ASP","Q_SW"]},"geometry":{"type":"Point","coordinates":[-114.2243915,51.039438]}},{"type":"Feature","id":"{9959F0D8-FD5F-48D3-B155-B6E8FA237D59}","properties":{"id":"{9959F0D8-FD5F-48D3-B155-B6E8FA237D59}","name":"BCS@Home Blended-Learning South Campus","address":"15001 69 Street NW","locationNote":null,"board":"Bearspaw Christian School Society","grades":"Unknown","levels":["unknown"],"levelFlags":{"elementary":false,"juniorHigh":false,"high":false},"postSecondary":false,"website":"http://www.bearspawschool.com","websiteSourceUrl":"https://education.alberta.ca/media/1626669/authority_and_school.xlsx","sourceUrl":"https://data.calgary.ca/d/fd9t-tdn2","communityCode":"02K","quadrant":"NW","areaCodes":["02K","Q_NW"]},"geometry":{"type":"Point","coordinates":[-114.1893601,51.1869508]}},{"type":"Feature","id":"{9ADBA868-9A90-4630-8D55-040C22D8B207}","properties":{"id":"{9ADBA868-9A90-4630-8D55-040C22D8B207}","name":"Crossing Park School","address":"500 Martindale Blvd NE","locationNote":null,"board":"The Calgary School Division","grades":"Elementary/Junior High","levels":["elementary","juniorHigh"],"levelFlags":{"elementary":true,"juniorHigh":true,"high":false},"postSecondary":false,"website":"http://school.cbe.ab.ca/school/crossingpark/Pages/","websiteSourceUrl":"https://education.alberta.ca/media/1626669/authority_and_school.xlsx","sourceUrl":"https://data.calgary.ca/d/fd9t-tdn2","communityCode":"MRT","quadrant":"NE","areaCodes":["MRT","Q_NE"]},"geometry":{"type":"Point","coordinates":[-113.9663379,51.115699]}},{"type":"Feature","id":"{9B059A43-C59E-460A-A7C9-13303D3CE8EC}","properties":{"id":"{9B059A43-C59E-460A-A7C9-13303D3CE8EC}","name":"Christ the King Catholic School","address":"333 Cranston Way SE","locationNote":null,"board":"The Calgary Roman Catholic Separate School Division","grades":"Elementary/Junior High","levels":["elementary","juniorHigh"],"levelFlags":{"elementary":true,"juniorHigh":true,"high":false},"postSecondary":false,"website":"http://www.cssd.ab.ca/schools/christtheking","websiteSourceUrl":"https://education.alberta.ca/media/1626669/authority_and_school.xlsx","sourceUrl":"https://data.calgary.ca/d/fd9t-tdn2","communityCode":"CRA","quadrant":"SE","areaCodes":["CRA","Q_SE"]},"geometry":{"type":"Point","coordinates":[-113.9759845,50.8878437]}},{"type":"Feature","id":"{9B974305-C2E6-4008-AFB1-F042E34ADE30}","properties":{"id":"{9B974305-C2E6-4008-AFB1-F042E34ADE30}","name":"Catherine Nichols Gunn School","address":"6625  4 St NE","locationNote":null,"board":"The Calgary School Division","grades":"Elementary","levels":["elementary"],"levelFlags":{"elementary":true,"juniorHigh":false,"high":false},"postSecondary":false,"website":"https://catherinenicholsgunn.cbe.ab.ca/","websiteSourceUrl":"https://education.alberta.ca/media/1626669/authority_and_school.xlsx","sourceUrl":"https://data.calgary.ca/d/fd9t-tdn2","communityCode":"HUN","quadrant":"NE","areaCodes":["HUN","Q_NE"]},"geometry":{"type":"Point","coordinates":[-114.0579093,51.1116505]}},{"type":"Feature","id":"{9BC8CADF-23B2-4807-BEF3-E69C63D553B4}","properties":{"id":"{9BC8CADF-23B2-4807-BEF3-E69C63D553B4}","name":"Mount Royal School","address":"2234  14 St SW","locationNote":null,"board":"The Calgary School Division","grades":"Junior High","levels":["juniorHigh"],"levelFlags":{"elementary":false,"juniorHigh":true,"high":false},"postSecondary":false,"website":"http://schools.cbe.ab.ca/b639","websiteSourceUrl":"https://education.alberta.ca/media/1626669/authority_and_school.xlsx","sourceUrl":"https://data.calgary.ca/d/fd9t-tdn2","communityCode":"UMR","quadrant":"SW","areaCodes":["Q_SW","UMR"]},"geometry":{"type":"Point","coordinates":[-114.0939249,51.0347279]}},{"type":"Feature","id":"{9C26210A-A176-4352-B296-7D200E688FED}","properties":{"id":"{9C26210A-A176-4352-B296-7D200E688FED}","name":"Lester B. Pearson High School","address":"3020  52 St NE","locationNote":null,"board":"The Calgary School Division","grades":"Senior High","levels":["high"],"levelFlags":{"elementary":false,"juniorHigh":false,"high":true},"postSecondary":false,"website":"http://schools.cbe.ab.ca/b865","websiteSourceUrl":"https://education.alberta.ca/media/1626669/authority_and_school.xlsx","sourceUrl":"https://data.calgary.ca/d/fd9t-tdn2","communityCode":"PIN","quadrant":"NE","areaCodes":["PIN","Q_NE"]},"geometry":{"type":"Point","coordinates":[-113.9564095,51.0769577]}},{"type":"Feature","id":"{9C42349E-B8B5-40A8-A5BF-F5D7F85C9810}","properties":{"id":"{9C42349E-B8B5-40A8-A5BF-F5D7F85C9810}","name":"Maple Ridge School","address":"10203 Maplemont Rd SE","locationNote":null,"board":"The Calgary School Division","grades":"Elementary","levels":["elementary"],"levelFlags":{"elementary":true,"juniorHigh":false,"high":false},"postSecondary":false,"website":"http://school.cbe.ab.ca/school/mapleridge","websiteSourceUrl":"https://education.alberta.ca/media/1626669/authority_and_school.xlsx","sourceUrl":"https://data.calgary.ca/d/fd9t-tdn2","communityCode":"MPL","quadrant":"SE","areaCodes":["MPL","Q_SE"]},"geometry":{"type":"Point","coordinates":[-114.041973,50.9618973]}},{"type":"Feature","id":"{9C593FE5-0182-4301-834B-CD5D3A4D4B1D}","properties":{"id":"{9C593FE5-0182-4301-834B-CD5D3A4D4B1D}","name":"Chief Justice Milvain School","address":"3428  42 St NE","locationNote":null,"board":"The Calgary School Division","grades":"Elementary","levels":["elementary"],"levelFlags":{"elementary":true,"juniorHigh":false,"high":false},"postSecondary":false,"website":"http://schools.cbe.ab.ca/b361/","websiteSourceUrl":"https://education.alberta.ca/media/1626669/authority_and_school.xlsx","sourceUrl":"https://data.calgary.ca/d/fd9t-tdn2","communityCode":"WHI","quadrant":"NE","areaCodes":["Q_NE","WHI"]},"geometry":{"type":"Point","coordinates":[-113.9722042,51.0836928]}},{"type":"Feature","id":"{9CC32BDB-93FD-4AA1-A2C3-AE31ED82F632}","properties":{"id":"{9CC32BDB-93FD-4AA1-A2C3-AE31ED82F632}","name":"W. O. Mitchell School","address":"511 Silvergrove Dr NW","locationNote":null,"board":"The Calgary School Division","grades":"Elementary","levels":["elementary"],"levelFlags":{"elementary":true,"juniorHigh":false,"high":false},"postSecondary":false,"website":"https://womitchell.cbe.ab.ca/","websiteSourceUrl":"https://education.alberta.ca/media/1626669/authority_and_school.xlsx","sourceUrl":"https://data.calgary.ca/d/fd9t-tdn2","communityCode":"SIL","quadrant":"NW","areaCodes":["Q_NW","SIL"]},"geometry":{"type":"Point","coordinates":[-114.1943018,51.1136975]}},{"type":"Feature","id":"{9E0EBD74-C72B-4DFC-BAC3-A7529F1A9938}","properties":{"id":"{9E0EBD74-C72B-4DFC-BAC3-A7529F1A9938}","name":"Auburn Bay School","address":"7 Auburn Bay Ave SE","locationNote":null,"board":"The Calgary School Division","grades":"Elementary","levels":["elementary"],"levelFlags":{"elementary":true,"juniorHigh":false,"high":false},"postSecondary":false,"website":"http://school.cbe.ab.ca/school/auburnbay","websiteSourceUrl":"https://education.alberta.ca/media/1626669/authority_and_school.xlsx","sourceUrl":"https://data.calgary.ca/d/fd9t-tdn2","communityCode":"AUB","quadrant":"SE","areaCodes":["AUB","Q_SE"]},"geometry":{"type":"Point","coordinates":[-113.9623422,50.8967618]}},{"type":"Feature","id":"{9E1E98A9-CF72-4F33-BC5E-AB275EADD8DD}","properties":{"id":"{9E1E98A9-CF72-4F33-BC5E-AB275EADD8DD}","name":"Sir John A. Macdonald School","address":"6600  4 St NW","locationNote":null,"board":"The Calgary School Division","grades":"Junior High","levels":["juniorHigh"],"levelFlags":{"elementary":false,"juniorHigh":true,"high":false},"postSecondary":false,"website":"http://schools.cbe.ab.ca/b652","websiteSourceUrl":"https://education.alberta.ca/media/1626669/authority_and_school.xlsx","sourceUrl":"https://data.calgary.ca/d/fd9t-tdn2","communityCode":"HUN","quadrant":"NW","areaCodes":["HUN","Q_NW"]},"geometry":{"type":"Point","coordinates":[-114.0700599,51.1114838]}},{"type":"Feature","id":"{9E9125E8-811D-4C7F-95CB-3975C12B4517}","properties":{"id":"{9E9125E8-811D-4C7F-95CB-3975C12B4517}","name":"Olympic Heights School","address":"875 Strathcona Dr SW","locationNote":null,"board":"The Calgary School Division","grades":"Elementary","levels":["elementary"],"levelFlags":{"elementary":true,"juniorHigh":false,"high":false},"postSecondary":false,"website":"https://school.cbe.ab.ca/school/olympicheights","websiteSourceUrl":"https://education.alberta.ca/media/1626669/authority_and_school.xlsx","sourceUrl":"https://data.calgary.ca/d/fd9t-tdn2","communityCode":"STR","quadrant":"SW","areaCodes":["Q_SW","STR"]},"geometry":{"type":"Point","coordinates":[-114.1807907,51.0459743]}},{"type":"Feature","id":"{9E91DACD-0D9D-45CF-B8F8-CEBD10AA081B}","properties":{"id":"{9E91DACD-0D9D-45CF-B8F8-CEBD10AA081B}","name":"St. Thomas Aquinas School","address":"4540 - 26 Avenue S.W.","locationNote":null,"board":"The Calgary Roman Catholic Separate School Division","grades":"Elementary","levels":["elementary"],"levelFlags":{"elementary":true,"juniorHigh":false,"high":false},"postSecondary":false,"website":"http://www.cssd.ab.ca/schools/stthomasaquinas","websiteSourceUrl":"https://education.alberta.ca/media/1626669/authority_and_school.xlsx","sourceUrl":"https://data.calgary.ca/d/fd9t-tdn2","communityCode":"GDL","quadrant":"SW","areaCodes":["GDL","Q_SW"]},"geometry":{"type":"Point","coordinates":[-114.1518686,51.0309789]}},{"type":"Feature","id":"{A01B95A4-45F9-4EAC-A583-03B72A53857B}","properties":{"id":"{A01B95A4-45F9-4EAC-A583-03B72A53857B}","name":"North Middle School Campus","address":"211 McKnight Blvd. NE","locationNote":null,"board":"Foundations for the Future Charter Academy Charter School Society","grades":"Elementary/Junior High","levels":["elementary","juniorHigh"],"levelFlags":{"elementary":true,"juniorHigh":true,"high":false},"postSecondary":false,"website":"http://www.ffca-calgary.com","websiteSourceUrl":"https://education.alberta.ca/media/1626669/authority_and_school.xlsx","sourceUrl":"https://data.calgary.ca/d/fd9t-tdn2","communityCode":"GRV","quadrant":"NE","areaCodes":["GRV","Q_NE"]},"geometry":{"type":"Point","coordinates":[-114.0600524,51.0954545]}},{"type":"Feature","id":"{A069C070-75F6-4337-8A5C-2AACCA072AAC}","properties":{"id":"{A069C070-75F6-4337-8A5C-2AACCA072AAC}","name":"École Notre-Dame-de-la-Paix","address":"809 Willingdon Blvd SE","locationNote":null,"board":"The Southern Francophone Education Region","grades":"Elementary","levels":["elementary"],"levelFlags":{"elementary":true,"juniorHigh":false,"high":false},"postSecondary":false,"website":"http://www.ndp.francosud.ca","websiteSourceUrl":"https://education.alberta.ca/media/1626669/authority_and_school.xlsx","sourceUrl":"https://data.calgary.ca/d/fd9t-tdn2","communityCode":"WIL","quadrant":"SE","areaCodes":["Q_SE","WIL"]},"geometry":{"type":"Point","coordinates":[-114.0433868,50.9509238]}},{"type":"Feature","id":"{A0DFD569-194C-468A-98BD-255AF6127CBA}","properties":{"id":"{A0DFD569-194C-468A-98BD-255AF6127CBA}","name":"Nickle School","address":"2500 Lake Bonavista Dr SE","locationNote":null,"board":"The Calgary School Division","grades":"Elementary/Junior High","levels":["elementary","juniorHigh"],"levelFlags":{"elementary":true,"juniorHigh":true,"high":false},"postSecondary":false,"website":"http://school.cbe.ab.ca/school/nickle","websiteSourceUrl":"https://education.alberta.ca/media/1626669/authority_and_school.xlsx","sourceUrl":"https://data.calgary.ca/d/fd9t-tdn2","communityCode":"LKB","quadrant":"SE","areaCodes":["LKB","Q_SE"]},"geometry":{"type":"Point","coordinates":[-114.061449,50.9407435]}},{"type":"Feature","id":"{A1DD2EA9-E547-4111-BAA1-F4C7B995E844}","properties":{"id":"{A1DD2EA9-E547-4111-BAA1-F4C7B995E844}","name":"Highwood School","address":"11 Holmwood Ave NW","locationNote":null,"board":"The Calgary School Division","grades":"Elementary","levels":["elementary"],"levelFlags":{"elementary":true,"juniorHigh":false,"high":false},"postSecondary":false,"website":"http://school.cbe.ab.ca/school/Highwood/","websiteSourceUrl":"https://education.alberta.ca/media/1626669/authority_and_school.xlsx","sourceUrl":"https://data.calgary.ca/d/fd9t-tdn2","communityCode":"HIW","quadrant":"NW","areaCodes":["HIW","Q_NW"]},"geometry":{"type":"Point","coordinates":[-114.0765471,51.0922503]}},{"type":"Feature","id":"{A2003631-C354-480B-B7A9-2DECD1124565}","properties":{"id":"{A2003631-C354-480B-B7A9-2DECD1124565}","name":"Renert School","address":"14 Royal Vista Link NW","locationNote":null,"board":"The Renert School Foundation","grades":"Elementary/Junior High/Senior High","levels":["elementary","juniorHigh","high"],"levelFlags":{"elementary":true,"juniorHigh":true,"high":true},"postSecondary":false,"website":"http://www.renertschool.ca","websiteSourceUrl":"https://education.alberta.ca/media/1626669/authority_and_school.xlsx","sourceUrl":"https://data.calgary.ca/d/fd9t-tdn2","communityCode":"RYV","quadrant":"NW","areaCodes":["Q_NW","RYV"]},"geometry":{"type":"Point","coordinates":[-114.2028508,51.1518438]}},{"type":"Feature","id":"{A23A7743-5CCB-4DC1-9903-EAEEFC839A3F}","properties":{"id":"{A23A7743-5CCB-4DC1-9903-EAEEFC839A3F}","name":"Alberta Chung Wah School","address":"#270, 328 Centre Street S.E.","locationNote":null,"board":"Alberta Chung Wah School Society","grades":"Unknown","levels":["unknown"],"levelFlags":{"elementary":false,"juniorHigh":false,"high":false},"postSecondary":false,"website":"http://www.AlbertaChungWahSchool.ca","websiteSourceUrl":"https://education.alberta.ca/media/1626669/authority_and_school.xlsx","sourceUrl":"https://data.calgary.ca/d/fd9t-tdn2","communityCode":"CHN","quadrant":"SE","areaCodes":["CHN","Q_SE"]},"geometry":{"type":"Point","coordinates":[-114.0617526,51.0495717]}},{"type":"Feature","id":"{A38AFD22-6851-46EA-AA31-25E142D2B804}","properties":{"id":"{A38AFD22-6851-46EA-AA31-25E142D2B804}","name":"Crescent Heights High School","address":"1019 1 St NW","locationNote":null,"board":"The Calgary School Division","grades":"Senior High","levels":["high"],"levelFlags":{"elementary":false,"juniorHigh":false,"high":true},"postSecondary":false,"website":"https://school.cbe.ab.ca/school/CrescentHeights/Pa","websiteSourceUrl":"https://education.alberta.ca/media/1626669/authority_and_school.xlsx","sourceUrl":"https://data.calgary.ca/d/fd9t-tdn2","communityCode":"CRE","quadrant":"NW","areaCodes":["CRE","Q_NW"]},"geometry":{"type":"Point","coordinates":[-114.0661057,51.0614965]}},{"type":"Feature","id":"{A3DADCE4-4461-43E1-B6CD-C6E164890F0C}","properties":{"id":"{A3DADCE4-4461-43E1-B6CD-C6E164890F0C}","name":"Master's Academy","address":"4414 Crowchild Trail S.W.","locationNote":null,"board":"The Palliser School Division","grades":"Elementary","levels":["elementary"],"levelFlags":{"elementary":true,"juniorHigh":false,"high":false},"postSecondary":false,"website":"http://www.masters.ab.ca","websiteSourceUrl":"https://education.alberta.ca/media/1626669/authority_and_school.xlsx","sourceUrl":"https://data.calgary.ca/d/fd9t-tdn2","communityCode":"GAW","quadrant":"SW","areaCodes":["GAW","Q_SW"]},"geometry":{"type":"Point","coordinates":[-114.1165602,51.0153091]}},{"type":"Feature","id":"{A45DC7A2-E5B9-40B5-B49B-580DB893E09F}","properties":{"id":"{A45DC7A2-E5B9-40B5-B49B-580DB893E09F}","name":"Calgary Islamic School, Akram Jomaa Campus","address":"2612 - 37 Avenue N.E.","locationNote":null,"board":"The Palliser School Division","grades":"Elementary/Junior High/Senior High","levels":["elementary","juniorHigh","high"],"levelFlags":{"elementary":true,"juniorHigh":true,"high":true},"postSecondary":false,"website":null,"websiteSourceUrl":null,"sourceUrl":"https://data.calgary.ca/d/fd9t-tdn2","communityCode":"HOR","quadrant":"NE","areaCodes":["HOR","Q_NE"]},"geometry":{"type":"Point","coordinates":[-114.0004916,51.0875966]}},{"type":"Feature","id":"{A47E89C8-CC82-44CE-AAB2-0CF198838DAD}","properties":{"id":"{A47E89C8-CC82-44CE-AAB2-0CF198838DAD}","name":"St. Bede Elementary School","address":"333 Bermuda Drive N.W.","locationNote":null,"board":"The Calgary Roman Catholic Separate School Division","grades":"Elementary","levels":["elementary"],"levelFlags":{"elementary":true,"juniorHigh":false,"high":false},"postSecondary":false,"website":"http://www.cssd.ab.ca/schools/stbede","websiteSourceUrl":"https://education.alberta.ca/media/1626669/authority_and_school.xlsx","sourceUrl":"https://data.calgary.ca/d/fd9t-tdn2","communityCode":"BED","quadrant":"NW","areaCodes":["BED","Q_NW"]},"geometry":{"type":"Point","coordinates":[-114.0827663,51.1317069]}},{"type":"Feature","id":"{A4E74F55-6CBC-41DF-833E-C8D5189BD801}","properties":{"id":"{A4E74F55-6CBC-41DF-833E-C8D5189BD801}","name":"St. Clare","address":"12455 Coventry Hills Way, N.E.","locationNote":null,"board":"The Calgary Roman Catholic Separate School Division","grades":"Elementary","levels":["elementary"],"levelFlags":{"elementary":true,"juniorHigh":false,"high":false},"postSecondary":false,"website":"http://www.cssd.ab.ca/schools/stclare","websiteSourceUrl":"https://education.alberta.ca/media/1626669/authority_and_school.xlsx","sourceUrl":"https://data.calgary.ca/d/fd9t-tdn2","communityCode":"COV","quadrant":"NE","areaCodes":["COV","Q_NE"]},"geometry":{"type":"Point","coordinates":[-114.0454099,51.1647493]}},{"type":"Feature","id":"{A52AA4D4-D5F3-42A1-950F-EB17F7C932B6}","properties":{"id":"{A52AA4D4-D5F3-42A1-950F-EB17F7C932B6}","name":"Calgary Chinese Private School","address":"126 2nd Avenue S.W","locationNote":null,"board":"The Calgary Chinese Public School Society","grades":"Senior High","levels":["high"],"levelFlags":{"elementary":false,"juniorHigh":false,"high":true},"postSecondary":false,"website":null,"websiteSourceUrl":null,"sourceUrl":"https://data.calgary.ca/d/fd9t-tdn2","communityCode":"CHN","quadrant":"SW","areaCodes":["CHN","Q_SW"]},"geometry":{"type":"Point","coordinates":[-114.0643022,51.0516213]}},{"type":"Feature","id":"{A53E249B-8EE4-4A87-AE9A-6F00DAD0398D}","properties":{"id":"{A53E249B-8EE4-4A87-AE9A-6F00DAD0398D}","name":"Discovering Choices II","address":"3610 - 9th Street SE","locationNote":null,"board":"The Calgary School Division","grades":"Senior High","levels":["high"],"levelFlags":{"elementary":false,"juniorHigh":false,"high":true},"postSecondary":false,"website":"https://school.cbe.ab.ca/school/discoveringchoices","websiteSourceUrl":"https://education.alberta.ca/media/1626669/authority_and_school.xlsx","sourceUrl":"https://data.calgary.ca/d/fd9t-tdn2","communityCode":"FRA","quadrant":"NE","areaCodes":["FRA","Q_NE"]},"geometry":{"type":"Point","coordinates":[-113.9849539,51.0565383]}},{"type":"Feature","id":"{A5493EAD-B73B-47F1-B631-7D55EB4BC70B}","properties":{"id":"{A5493EAD-B73B-47F1-B631-7D55EB4BC70B}","name":"Fusion Collegiate","address":"3636 Research Road NW","locationNote":null,"board":"Fusion Education Association","grades":"Senior High","levels":["high"],"levelFlags":{"elementary":false,"juniorHigh":false,"high":true},"postSecondary":false,"website":"https://fusioncollegiate.ca","websiteSourceUrl":"https://education.alberta.ca/media/1626669/authority_and_school.xlsx","sourceUrl":"https://data.calgary.ca/d/fd9t-tdn2","communityCode":"VAR","quadrant":"NW","areaCodes":["Q_NW","VAR"]},"geometry":{"type":"Point","coordinates":[-114.1373455,51.0868412]}},{"type":"Feature","id":"{A553041D-43E8-4B31-BBA0-5CCBBDDD32A8}","properties":{"id":"{A553041D-43E8-4B31-BBA0-5CCBBDDD32A8}","name":"St. Anthony","address":"4811 6th St. SW","locationNote":null,"board":"The Calgary Roman Catholic Separate School Division","grades":"Elementary/Junior High/Senior High","levels":["elementary","juniorHigh","high"],"levelFlags":{"elementary":true,"juniorHigh":true,"high":true},"postSecondary":false,"website":"http://www.cssd.ab.ca/schools/stanthony","websiteSourceUrl":"https://education.alberta.ca/media/1626669/authority_and_school.xlsx","sourceUrl":"https://data.calgary.ca/d/fd9t-tdn2","communityCode":"EYA","quadrant":"SW","areaCodes":["EYA","Q_SW"]},"geometry":{"type":"Point","coordinates":[-114.0793151,51.0101158]}},{"type":"Feature","id":"{A5551F66-F534-435C-984F-C16190618731}","properties":{"id":"{A5551F66-F534-435C-984F-C16190618731}","name":"SCcyber E-Learning Institute","address":"Box 91099","locationNote":null,"board":"SCcyber ELearning Institute","grades":"Senior High","levels":["high"],"levelFlags":{"elementary":false,"juniorHigh":false,"high":true},"postSecondary":false,"website":"http://www.sccyber.net","websiteSourceUrl":"https://education.alberta.ca/media/1626669/authority_and_school.xlsx","sourceUrl":"https://data.calgary.ca/d/fd9t-tdn2","communityCode":"ROC","quadrant":"NW","areaCodes":["Q_NW","ROC"]},"geometry":{"type":"Point","coordinates":[-114.240431,51.1515104]}},{"type":"Feature","id":"{A599B664-AE6C-4011-990F-6589F41D1985}","properties":{"id":"{A599B664-AE6C-4011-990F-6589F41D1985}","name":"Holy Child School","address":"31 Silverado Terrace SW","locationNote":null,"board":"The Calgary Roman Catholic Separate School Division","grades":"Elementary/Junior High","levels":["elementary","juniorHigh"],"levelFlags":{"elementary":true,"juniorHigh":true,"high":false},"postSecondary":false,"website":"http://www.cssd.ab.ca/schools/holychild","websiteSourceUrl":"https://education.alberta.ca/media/1626669/authority_and_school.xlsx","sourceUrl":"https://data.calgary.ca/d/fd9t-tdn2","communityCode":"SVO","quadrant":"SW","areaCodes":["Q_SW","SVO"]},"geometry":{"type":"Point","coordinates":[-114.0831523,50.8861898]}},{"type":"Feature","id":"{A5FCD69D-89B4-43F7-875B-60A5F40D253A}","properties":{"id":"{A5FCD69D-89B4-43F7-875B-60A5F40D253A}","name":"Alberta Ballet School","address":"West Annex, 2nd Floor  906-12 Avenue S.W.","locationNote":null,"board":"The Alberta Ballet Company","grades":"Junior High/Senior High","levels":["juniorHigh","high"],"levelFlags":{"elementary":false,"juniorHigh":true,"high":true},"postSecondary":false,"website":null,"websiteSourceUrl":null,"sourceUrl":"https://data.calgary.ca/d/fd9t-tdn2","communityCode":"BLN","quadrant":"SW","areaCodes":["BLN","Q_SW"]},"geometry":{"type":"Point","coordinates":[-114.082,51.0422504]}},{"type":"Feature","id":"{A604E491-B3B4-4496-B047-33C3C5BE1867}","properties":{"id":"{A604E491-B3B4-4496-B047-33C3C5BE1867}","name":"Brentwood School","address":"1231 Northmount Dr NW","locationNote":null,"board":"The Calgary School Division","grades":"Elementary","levels":["elementary"],"levelFlags":{"elementary":true,"juniorHigh":false,"high":false},"postSecondary":false,"website":"http://schools.cbe.ab.ca/b204/","websiteSourceUrl":"https://education.alberta.ca/media/1626669/authority_and_school.xlsx","sourceUrl":"https://data.calgary.ca/d/fd9t-tdn2","communityCode":"BRE","quadrant":"NW","areaCodes":["BRE","Q_NW"]},"geometry":{"type":"Point","coordinates":[-114.1238723,51.0904962]}},{"type":"Feature","id":"{A68F8F13-9DEE-428A-9275-3F3EAD0845D8}","properties":{"id":"{A68F8F13-9DEE-428A-9275-3F3EAD0845D8}","name":"Arise Christian Academy","address":"155 Falconridge Crescent NE \nCalgary, AB T3J 1Z9","locationNote":null,"board":"Arise Calgary Church","grades":"Elementary/Junior High/Senior High","levels":["elementary","juniorHigh","high"],"levelFlags":{"elementary":true,"juniorHigh":true,"high":true},"postSecondary":false,"website":null,"websiteSourceUrl":null,"sourceUrl":"https://data.calgary.ca/d/fd9t-tdn2","communityCode":"FAL","quadrant":"NE","areaCodes":["FAL","Q_NE"]},"geometry":{"type":"Point","coordinates":[-113.9532429,51.0966299]}},{"type":"Feature","id":"{A7042689-5D86-48DF-89F8-F290C3682370}","properties":{"id":"{A7042689-5D86-48DF-89F8-F290C3682370}","name":"William Roper Hull School","address":"2266 Woodpark Ave SW","locationNote":null,"board":"The Calgary School Division","grades":"Elementary/Junior High/Senior High","levels":["elementary","juniorHigh","high"],"levelFlags":{"elementary":true,"juniorHigh":true,"high":true},"postSecondary":false,"website":"http://schools.cbe.ab.ca/b033/","websiteSourceUrl":"https://education.alberta.ca/media/1626669/authority_and_school.xlsx","sourceUrl":"https://data.calgary.ca/d/fd9t-tdn2","communityCode":"WOO","quadrant":"SW","areaCodes":["Q_SW","WOO"]},"geometry":{"type":"Point","coordinates":[-114.1138467,50.9483694]}},{"type":"Feature","id":"{A70F5C36-80B0-4F9C-8BF2-85E577147911}","properties":{"id":"{A70F5C36-80B0-4F9C-8BF2-85E577147911}","name":"Varsity Acres School","address":"4255 40 St NW","locationNote":null,"board":"The Calgary School Division","grades":"Elementary","levels":["elementary"],"levelFlags":{"elementary":true,"juniorHigh":false,"high":false},"postSecondary":false,"website":"http://school.cbe.ab.ca/school/VarsityAcres/Pages/","websiteSourceUrl":"https://education.alberta.ca/media/1626669/authority_and_school.xlsx","sourceUrl":"https://data.calgary.ca/d/fd9t-tdn2","communityCode":"VAR","quadrant":"NW","areaCodes":["Q_NW","VAR"]},"geometry":{"type":"Point","coordinates":[-114.1482325,51.0910211]}},{"type":"Feature","id":"{A71BF40A-81D8-4F02-AD02-4F5A7BA0DC3E}","properties":{"id":"{A71BF40A-81D8-4F02-AD02-4F5A7BA0DC3E}","name":"Tuscany School","address":"990 Tuscany Dr NW","locationNote":null,"board":"The Calgary School Division","grades":"Elementary","levels":["elementary"],"levelFlags":{"elementary":true,"juniorHigh":false,"high":false},"postSecondary":false,"website":"http://school.cbe.ab.ca/school/Tuscany/Pages/defau","websiteSourceUrl":"https://education.alberta.ca/media/1626669/authority_and_school.xlsx","sourceUrl":"https://data.calgary.ca/d/fd9t-tdn2","communityCode":"TUS","quadrant":"NW","areaCodes":["Q_NW","TUS"]},"geometry":{"type":"Point","coordinates":[-114.245445,51.1177938]}},{"type":"Feature","id":"{A8BC4F85-F530-44C9-9479-A66D916D13F8}","properties":{"id":"{A8BC4F85-F530-44C9-9479-A66D916D13F8}","name":"Holy Angels School","address":"275 Riverglen Drive SE","locationNote":null,"board":"The Calgary Roman Catholic Separate School Division","grades":"Elementary","levels":["elementary"],"levelFlags":{"elementary":true,"juniorHigh":false,"high":false},"postSecondary":false,"website":"http://www.cssd.ab.ca/schools/holyangel","websiteSourceUrl":"https://education.alberta.ca/media/1626669/authority_and_school.xlsx","sourceUrl":"https://data.calgary.ca/d/fd9t-tdn2","communityCode":"RIV","quadrant":"SE","areaCodes":["Q_SE","RIV"]},"geometry":{"type":"Point","coordinates":[-114.0100319,50.9741021]}},{"type":"Feature","id":"{ACA740C3-A25E-43CF-A888-223BE10B1026}","properties":{"id":"{ACA740C3-A25E-43CF-A888-223BE10B1026}","name":"Fairview School","address":"7840 Fairmount Dr SE","locationNote":null,"board":"The Calgary School Division","grades":"Elementary/Junior High","levels":["elementary","juniorHigh"],"levelFlags":{"elementary":true,"juniorHigh":true,"high":false},"postSecondary":false,"website":"http://school.cbe.ab.ca/school/fairview","websiteSourceUrl":"https://education.alberta.ca/media/1626669/authority_and_school.xlsx","sourceUrl":"https://data.calgary.ca/d/fd9t-tdn2","communityCode":"FAI","quadrant":"SE","areaCodes":["FAI","Q_SE"]},"geometry":{"type":"Point","coordinates":[-114.0594643,50.9839923]}},{"type":"Feature","id":"{AD384351-D0B9-4E9A-8A96-2341466621A0}","properties":{"id":"{AD384351-D0B9-4E9A-8A96-2341466621A0}","name":"Sherwood School","address":"2011  66 Ave SE","locationNote":null,"board":"The Calgary School Division","grades":"Elementary/Junior High","levels":["elementary","juniorHigh"],"levelFlags":{"elementary":true,"juniorHigh":true,"high":false},"postSecondary":false,"website":"https://school.cbe.ab.ca/school/Sherwood/Pages/def","websiteSourceUrl":"https://education.alberta.ca/media/1626669/authority_and_school.xlsx","sourceUrl":"https://data.calgary.ca/d/fd9t-tdn2","communityCode":"OGD","quadrant":"SE","areaCodes":["OGD","Q_SE"]},"geometry":{"type":"Point","coordinates":[-114.0114926,50.9937034]}},{"type":"Feature","id":"{ADB2A093-D9E4-4B46-829A-788D39CADFAD}","properties":{"id":"{ADB2A093-D9E4-4B46-829A-788D39CADFAD}","name":"Westgate School","address":"150 Westminster Dr SW","locationNote":null,"board":"The Calgary School Division","grades":"Elementary","levels":["elementary"],"levelFlags":{"elementary":true,"juniorHigh":false,"high":false},"postSecondary":false,"website":"http://school.cbe.ab.ca/school/westgate/Pages/defa","websiteSourceUrl":"https://education.alberta.ca/media/1626669/authority_and_school.xlsx","sourceUrl":"https://data.calgary.ca/d/fd9t-tdn2","communityCode":"WGT","quadrant":"SW","areaCodes":["Q_SW","WGT"]},"geometry":{"type":"Point","coordinates":[-114.1592141,51.0444949]}},{"type":"Feature","id":"{AE55AC22-852D-44D5-8374-46E503D5DD0F}","properties":{"id":"{AE55AC22-852D-44D5-8374-46E503D5DD0F}","name":"Banbury Crossroads School","address":"B1 #201  2451 Dieppe Avenue S.W.","locationNote":null,"board":"Banbury Crossroads School","grades":"Elementary/Junior High/Senior High","levels":["elementary","juniorHigh","high"],"levelFlags":{"elementary":true,"juniorHigh":true,"high":true},"postSecondary":false,"website":null,"websiteSourceUrl":null,"sourceUrl":"https://data.calgary.ca/d/fd9t-tdn2","communityCode":"CUR","quadrant":"SW","areaCodes":["CUR","Q_SW"]},"geometry":{"type":"Point","coordinates":[-114.119053,51.0192933]}},{"type":"Feature","id":"{AFB40108-F241-4B45-B5BA-E57D2E5ADDFE}","properties":{"id":"{AFB40108-F241-4B45-B5BA-E57D2E5ADDFE}","name":"Arbour Lake Middle School","address":"27 Arbour Crest Dr NW","locationNote":null,"board":"The Calgary School Division","grades":"Elementary/Junior High","levels":["elementary","juniorHigh"],"levelFlags":{"elementary":true,"juniorHigh":true,"high":false},"postSecondary":false,"website":"http://school.cbe.ab.ca/school/ArbourLake/","websiteSourceUrl":"https://education.alberta.ca/media/1626669/authority_and_school.xlsx","sourceUrl":"https://data.calgary.ca/d/fd9t-tdn2","communityCode":"ARB","quadrant":"NW","areaCodes":["ARB","Q_NW"]},"geometry":{"type":"Point","coordinates":[-114.2091915,51.1346577]}},{"type":"Feature","id":"{B06F28B4-025A-49FE-83FC-E48A8F2E3EC0}","properties":{"id":"{B06F28B4-025A-49FE-83FC-E48A8F2E3EC0}","name":"Blessed Marie-Rose","address":"999 Sherwood Blvd. NW","locationNote":null,"board":"The Calgary Roman Catholic Separate School Division","grades":"Elementary/Junior High","levels":["elementary","juniorHigh"],"levelFlags":{"elementary":true,"juniorHigh":true,"high":false},"postSecondary":false,"website":"http://www.cssd.ab.ca/schools/MarieRose","websiteSourceUrl":"https://education.alberta.ca/media/1626669/authority_and_school.xlsx","sourceUrl":"https://data.calgary.ca/d/fd9t-tdn2","communityCode":"SHW","quadrant":"NW","areaCodes":["Q_NW","SHW"]},"geometry":{"type":"Point","coordinates":[-114.148338,51.1598963]}},{"type":"Feature","id":"{B076B2A5-AB57-4870-865D-8B8DFA427A40}","properties":{"id":"{B076B2A5-AB57-4870-865D-8B8DFA427A40}","name":"Rosemont School","address":"19 Rosevale Dr NW","locationNote":null,"board":"The Calgary School Division","grades":"Elementary","levels":["elementary"],"levelFlags":{"elementary":true,"juniorHigh":false,"high":false},"postSecondary":false,"website":"https://school.cbe.ab.ca/school/Rosemont/Pages/def","websiteSourceUrl":"https://education.alberta.ca/media/1626669/authority_and_school.xlsx","sourceUrl":"https://data.calgary.ca/d/fd9t-tdn2","communityCode":"RMT","quadrant":"NW","areaCodes":["Q_NW","RMT"]},"geometry":{"type":"Point","coordinates":[-114.0923876,51.077878]}},{"type":"Feature","id":"{B176BF15-CD6C-463D-AB2B-0524157EAC9A}","properties":{"id":"{B176BF15-CD6C-463D-AB2B-0524157EAC9A}","name":"John Costello Catholic School","address":"300 Strathcona Drive S.W.","locationNote":null,"board":"The Calgary Roman Catholic Separate School Division","grades":"Elementary","levels":["elementary"],"levelFlags":{"elementary":true,"juniorHigh":false,"high":false},"postSecondary":false,"website":"http://Www.cssd.ab.ca/schools/johncostello","websiteSourceUrl":"https://education.alberta.ca/media/1626669/authority_and_school.xlsx","sourceUrl":"https://data.calgary.ca/d/fd9t-tdn2","communityCode":"STR","quadrant":"SW","areaCodes":["Q_SW","STR"]},"geometry":{"type":"Point","coordinates":[-114.1807218,51.0488393]}},{"type":"Feature","id":"{B254E49D-63F0-4AE3-BBB7-67135F50A0E6}","properties":{"id":"{B254E49D-63F0-4AE3-BBB7-67135F50A0E6}","name":"Robert Warren School","address":"12424 Elbow Dr SW","locationNote":null,"board":"The Calgary School Division","grades":"Elementary/Junior High","levels":["elementary","juniorHigh"],"levelFlags":{"elementary":true,"juniorHigh":true,"high":false},"postSecondary":false,"website":"http://schools.cbe.ab.ca/b655/","websiteSourceUrl":"https://education.alberta.ca/media/1626669/authority_and_school.xlsx","sourceUrl":"https://data.calgary.ca/d/fd9t-tdn2","communityCode":"CAN","quadrant":"SW","areaCodes":["CAN","Q_SW"]},"geometry":{"type":"Point","coordinates":[-114.0848313,50.9425285]}},{"type":"Feature","id":"{B2A44950-E880-4B78-9BCF-29C58C2310CE}","properties":{"id":"{B2A44950-E880-4B78-9BCF-29C58C2310CE}","name":"Stanley Jones School","address":"950 6 St NE","locationNote":null,"board":"The Calgary School Division","grades":"Elementary/Junior High","levels":["elementary","juniorHigh"],"levelFlags":{"elementary":true,"juniorHigh":true,"high":false},"postSecondary":false,"website":"http://school.cbe.ab.ca/school/stanleyjones","websiteSourceUrl":"https://education.alberta.ca/media/1626669/authority_and_school.xlsx","sourceUrl":"https://data.calgary.ca/d/fd9t-tdn2","communityCode":"REN","quadrant":"NE","areaCodes":["Q_NE","REN"]},"geometry":{"type":"Point","coordinates":[-114.0477215,51.0599122]}},{"type":"Feature","id":"{B2F4304F-826B-4F47-8E7A-E0E3FC9EEA84}","properties":{"id":"{B2F4304F-826B-4F47-8E7A-E0E3FC9EEA84}","name":"St. Boniface Elementary School","address":"927 Lake Sylvan Drive S.E.","locationNote":null,"board":"The Calgary Roman Catholic Separate School Division","grades":"Elementary","levels":["elementary"],"levelFlags":{"elementary":true,"juniorHigh":false,"high":false},"postSecondary":false,"website":"http://www.cssd.ab.ca/schools/stboniface","websiteSourceUrl":"https://education.alberta.ca/media/1626669/authority_and_school.xlsx","sourceUrl":"https://data.calgary.ca/d/fd9t-tdn2","communityCode":"LKB","quadrant":"SE","areaCodes":["LKB","Q_SE"]},"geometry":{"type":"Point","coordinates":[-114.0423555,50.9430704]}},{"type":"Feature","id":"{B30E9D80-D320-4A80-845D-DBA542578E5D}","properties":{"id":"{B30E9D80-D320-4A80-845D-DBA542578E5D}","name":"King George School","address":"2108  10 St NW","locationNote":null,"board":"The Calgary School Division","grades":"Elementary","levels":["elementary"],"levelFlags":{"elementary":true,"juniorHigh":false,"high":false},"postSecondary":false,"website":"http://school.cbe.ab.ca/school/kinggeorge/Pages/de","websiteSourceUrl":"https://education.alberta.ca/media/1626669/authority_and_school.xlsx","sourceUrl":"https://data.calgary.ca/d/fd9t-tdn2","communityCode":"MOP","quadrant":"NW","areaCodes":["MOP","Q_NW"]},"geometry":{"type":"Point","coordinates":[-114.0840698,51.0709038]}},{"type":"Feature","id":"{B3778112-8F0D-4CFF-B385-D8EED3DC42F4}","properties":{"id":"{B3778112-8F0D-4CFF-B385-D8EED3DC42F4}","name":"Sunalta School","address":"536 Sonora Ave SW","locationNote":null,"board":"The Calgary School Division","grades":"Elementary","levels":["elementary"],"levelFlags":{"elementary":true,"juniorHigh":false,"high":false},"postSecondary":false,"website":"http://school.cbe.ab.ca/school/Sunalta","websiteSourceUrl":"https://education.alberta.ca/media/1626669/authority_and_school.xlsx","sourceUrl":"https://data.calgary.ca/d/fd9t-tdn2","communityCode":"SCA","quadrant":"SW","areaCodes":["Q_SW","SCA"]},"geometry":{"type":"Point","coordinates":[-114.1109119,51.0413501]}},{"type":"Feature","id":"{B3D77BB1-6416-42EE-B269-9D839CE0B7EE}","properties":{"id":"{B3D77BB1-6416-42EE-B269-9D839CE0B7EE}","name":"Discovering Choices","address":"3610 9th Street SE","locationNote":null,"board":"The Calgary School Division","grades":"Senior High","levels":["high"],"levelFlags":{"elementary":false,"juniorHigh":false,"high":true},"postSecondary":false,"website":"https://school.cbe.ab.ca/school/discoveringchoices","websiteSourceUrl":"https://education.alberta.ca/media/1626669/authority_and_school.xlsx","sourceUrl":"https://data.calgary.ca/d/fd9t-tdn2","communityCode":"BLN","quadrant":"SE","areaCodes":["BLN","Q_SE"]},"geometry":{"type":"Point","coordinates":[-114.0567075,51.0428773]}},{"type":"Feature","id":"{B3F59A3B-0BFC-47BF-AAE4-815E55670B00}","properties":{"id":"{B3F59A3B-0BFC-47BF-AAE4-815E55670B00}","name":"St. Jude School","address":"730 Woodbine Boulevard S.W.","locationNote":null,"board":"The Calgary Roman Catholic Separate School Division","grades":"Elementary","levels":["elementary"],"levelFlags":{"elementary":true,"juniorHigh":false,"high":false},"postSecondary":false,"website":"http://www.cssd.ab.ca/schools/stjude","websiteSourceUrl":"https://education.alberta.ca/media/1626669/authority_and_school.xlsx","sourceUrl":"https://data.calgary.ca/d/fd9t-tdn2","communityCode":"WBN","quadrant":"SW","areaCodes":["Q_SW","WBN"]},"geometry":{"type":"Point","coordinates":[-114.1334517,50.942959]}},{"type":"Feature","id":"{B5704F03-E1E4-453E-9F2A-84259D6A437E}","properties":{"id":"{B5704F03-E1E4-453E-9F2A-84259D6A437E}","name":"Our Lady of the Rockies High School","address":"111 Haddon Road S.W.","locationNote":null,"board":"The Calgary Roman Catholic Separate School Division","grades":"Senior High","levels":["high"],"levelFlags":{"elementary":false,"juniorHigh":false,"high":true},"postSecondary":false,"website":"http://ourladyoftherockies.cssd.ab.ca","websiteSourceUrl":"https://education.alberta.ca/media/1626669/authority_and_school.xlsx","sourceUrl":"https://data.calgary.ca/d/fd9t-tdn2","communityCode":"HAY","quadrant":"SW","areaCodes":["HAY","Q_SW"]},"geometry":{"type":"Point","coordinates":[-114.0787552,50.9754445]}},{"type":"Feature","id":"{B57D3F22-3077-4849-90DE-0C95E7934C07}","properties":{"id":"{B57D3F22-3077-4849-90DE-0C95E7934C07}","name":"Georges P. Vanier School","address":"509  32 Ave NE","locationNote":null,"board":"The Calgary School Division","grades":"Elementary/Junior High","levels":["elementary","juniorHigh"],"levelFlags":{"elementary":true,"juniorHigh":true,"high":false},"postSecondary":false,"website":"http://school.cbe.ab.ca/school/gpvanier/Pages/defa","websiteSourceUrl":"https://education.alberta.ca/media/1626669/authority_and_school.xlsx","sourceUrl":"https://data.calgary.ca/d/fd9t-tdn2","communityCode":"WIN","quadrant":"NE","areaCodes":["Q_NE","WIN"]},"geometry":{"type":"Point","coordinates":[-114.0520834,51.0806121]}},{"type":"Feature","id":"{B59A43EE-4928-4243-913C-9C0D23752CE2}","properties":{"id":"{B59A43EE-4928-4243-913C-9C0D23752CE2}","name":"St. Joan of Arc Elementary/Junior High School","address":"7970 Wentworth Drive SW","locationNote":null,"board":"The Calgary Roman Catholic Separate School Division","grades":"Elementary/Junior High","levels":["elementary","juniorHigh"],"levelFlags":{"elementary":true,"juniorHigh":true,"high":false},"postSecondary":false,"website":"http://www.cssd.ab.ca/schools/stjoanofarc","websiteSourceUrl":"https://education.alberta.ca/media/1626669/authority_and_school.xlsx","sourceUrl":"https://data.calgary.ca/d/fd9t-tdn2","communityCode":"WSP","quadrant":"SW","areaCodes":["Q_SW","WSP"]},"geometry":{"type":"Point","coordinates":[-114.2072546,51.0571315]}},{"type":"Feature","id":"{B5B0FDCB-D9DC-4CA6-A0E6-EC5262DEDD6E}","properties":{"id":"{B5B0FDCB-D9DC-4CA6-A0E6-EC5262DEDD6E}","name":"St. Cecilia (Bilingual) Elementary School","address":"610 Agate Crescent S.E.","locationNote":null,"board":"The Calgary Roman Catholic Separate School Division","grades":"Elementary","levels":["elementary"],"levelFlags":{"elementary":true,"juniorHigh":false,"high":false},"postSecondary":false,"website":"http://www.cssd.ab.ca/schools/stcecilia","websiteSourceUrl":"https://education.alberta.ca/media/1626669/authority_and_school.xlsx","sourceUrl":"https://data.calgary.ca/d/fd9t-tdn2","communityCode":"ACA","quadrant":"SE","areaCodes":["ACA","Q_SE"]},"geometry":{"type":"Point","coordinates":[-114.0504253,50.9653028]}},{"type":"Feature","id":"{B5BC647A-C412-431A-BD5A-992E7562DA35}","properties":{"id":"{B5BC647A-C412-431A-BD5A-992E7562DA35}","name":"Lady Fatima Academy","address":"Suite 310 1001 1 St SE","locationNote":null,"board":"Lady Fatima Academy","grades":"Elementary/Junior High","levels":["elementary","juniorHigh"],"levelFlags":{"elementary":true,"juniorHigh":true,"high":false},"postSecondary":false,"website":null,"websiteSourceUrl":null,"sourceUrl":"https://data.calgary.ca/d/fd9t-tdn2","communityCode":"BLN","quadrant":"SE","areaCodes":["BLN","Q_SE"]},"geometry":{"type":"Point","coordinates":[-114.061255,51.0430128]}},{"type":"Feature","id":"{B7EFC062-3B60-41EB-BDD1-B01D7C99BDA2}","properties":{"id":"{B7EFC062-3B60-41EB-BDD1-B01D7C99BDA2}","name":"Monsignor A. J. Hetherington Elementary School","address":"4 Coral Springs Boulevard N.E","locationNote":null,"board":"The Calgary Roman Catholic Separate School Division","grades":"Elementary","levels":["elementary"],"levelFlags":{"elementary":true,"juniorHigh":false,"high":false},"postSecondary":false,"website":"https://msgrhetherington.cssd.ab.ca/","websiteSourceUrl":"https://education.alberta.ca/media/1626669/authority_and_school.xlsx","sourceUrl":"https://data.calgary.ca/d/fd9t-tdn2","communityCode":"COR","quadrant":"NE","areaCodes":["COR","Q_NE"]},"geometry":{"type":"Point","coordinates":[-113.9343077,51.0996085]}},{"type":"Feature","id":"{B83FCAF9-E9A5-4331-8484-253366CC57AC}","properties":{"id":"{B83FCAF9-E9A5-4331-8484-253366CC57AC}","name":"Webber Academy","address":"1515 - 93 Street SW","locationNote":null,"board":"Webber Academy Foundation","grades":"Elementary/Junior High/Senior High","levels":["elementary","juniorHigh","high"],"levelFlags":{"elementary":true,"juniorHigh":true,"high":true},"postSecondary":false,"website":null,"websiteSourceUrl":null,"sourceUrl":"https://data.calgary.ca/d/fd9t-tdn2","communityCode":"ASP","quadrant":"SW","areaCodes":["ASP","Q_SW"]},"geometry":{"type":"Point","coordinates":[-114.2250364,51.0441282]}},{"type":"Feature","id":"{B8415BFE-E4D9-43BE-9437-09FA9F56A94B}","properties":{"id":"{B8415BFE-E4D9-43BE-9437-09FA9F56A94B}","name":"Fish Creek School","address":"1039 Suncastle Dr SE","locationNote":null,"board":"The Calgary School Division","grades":"Elementary","levels":["elementary"],"levelFlags":{"elementary":true,"juniorHigh":false,"high":false},"postSecondary":false,"website":"http://schools.cbe.ab.ca/b384/","websiteSourceUrl":"https://education.alberta.ca/media/1626669/authority_and_school.xlsx","sourceUrl":"https://data.calgary.ca/d/fd9t-tdn2","communityCode":"SDC","quadrant":"SE","areaCodes":["Q_SE","SDC"]},"geometry":{"type":"Point","coordinates":[-114.0328256,50.9015119]}},{"type":"Feature","id":"{B9429F95-0D7D-437B-BCA2-6E27B58C8720}","properties":{"id":"{B9429F95-0D7D-437B-BCA2-6E27B58C8720}","name":"Simons Valley School","address":"375 Sandarac Drive NW","locationNote":null,"board":"The Calgary School Division","grades":"Elementary","levels":["elementary"],"levelFlags":{"elementary":true,"juniorHigh":false,"high":false},"postSecondary":false,"website":"http://school.cbe.ab.ca/school/simonsvalley/Pages/","websiteSourceUrl":"https://education.alberta.ca/media/1626669/authority_and_school.xlsx","sourceUrl":"https://data.calgary.ca/d/fd9t-tdn2","communityCode":"SAN","quadrant":"NW","areaCodes":["Q_NW","SAN"]},"geometry":{"type":"Point","coordinates":[-114.1073349,51.1396811]}},{"type":"Feature","id":"{B94ED885-9703-4404-9970-3203524A754A}","properties":{"id":"{B94ED885-9703-4404-9970-3203524A754A}","name":"Calgary Home Education","address":"5505 4A St. SW","locationNote":null,"board":"The Calgary School Division","grades":"Elementary/Junior High/Senior High","levels":["elementary","juniorHigh","high"],"levelFlags":{"elementary":true,"juniorHigh":true,"high":true},"postSecondary":false,"website":null,"websiteSourceUrl":null,"sourceUrl":"https://data.calgary.ca/d/fd9t-tdn2","communityCode":"WND","quadrant":"SW","areaCodes":["Q_SW","WND"]},"geometry":{"type":"Point","coordinates":[-114.0744582,51.0047107]}},{"type":"Feature","id":"{B9D4937C-D511-4942-B256-6C05DC4A57D2}","properties":{"id":"{B9D4937C-D511-4942-B256-6C05DC4A57D2}","name":"Italian School of Calgary","address":"416-1 Avenue N.E.","locationNote":null,"board":"Centro Linguistico E Culturale Italiano Calgary","grades":"Junior High/Senior High","levels":["juniorHigh","high"],"levelFlags":{"elementary":false,"juniorHigh":true,"high":true},"postSecondary":false,"website":null,"websiteSourceUrl":null,"sourceUrl":"https://data.calgary.ca/d/fd9t-tdn2","communityCode":"CRE","quadrant":"NE","areaCodes":["CRE","Q_NE"]},"geometry":{"type":"Point","coordinates":[-114.0531614,51.0537531]}},{"type":"Feature","id":"{BA64D3F0-EE64-4B32-ADBE-F6F928E3CF1B}","properties":{"id":"{BA64D3F0-EE64-4B32-ADBE-F6F928E3CF1B}","name":"Renfrew Thomas W. Buchanan Centre","address":"2050 - 21 Street N.E.","locationNote":null,"board":"Renfrew Educational Services Society","grades":"Elementary/Junior High","levels":["elementary","juniorHigh"],"levelFlags":{"elementary":true,"juniorHigh":true,"high":false},"postSecondary":false,"website":"http://www.renfreweducation.org","websiteSourceUrl":"https://education.alberta.ca/media/1626669/authority_and_school.xlsx","sourceUrl":"https://data.calgary.ca/d/fd9t-tdn2","communityCode":"SDC","quadrant":"SE","areaCodes":["Q_SE","SDC"]},"geometry":{"type":"Point","coordinates":[-114.0560199,50.9019504]}},{"type":"Feature","id":"{BC582CB2-1526-4A32-BC90-F2DA4C283779}","properties":{"id":"{BC582CB2-1526-4A32-BC90-F2DA4C283779}","name":"St. Elizabeth Seton","address":"10845 Hidden Valley Drive","locationNote":null,"board":"The Calgary Roman Catholic Separate School Division","grades":"Elementary/Junior High","levels":["elementary","juniorHigh"],"levelFlags":{"elementary":true,"juniorHigh":true,"high":false},"postSecondary":false,"website":"http://www.cssd.ab.ca/schools/stelizabethseton","websiteSourceUrl":"https://education.alberta.ca/media/1626669/authority_and_school.xlsx","sourceUrl":"https://data.calgary.ca/d/fd9t-tdn2","communityCode":"HID","quadrant":"NW","areaCodes":["HID","Q_NW"]},"geometry":{"type":"Point","coordinates":[-114.1104507,51.1511086]}},{"type":"Feature","id":"{BC587FAE-1FA2-4C76-B082-94FCCC013ABA}","properties":{"id":"{BC587FAE-1FA2-4C76-B082-94FCCC013ABA}","name":"Cedarbrae School","address":"10631 Oakfield Dr SW","locationNote":null,"board":"The Calgary School Division","grades":"Elementary","levels":["elementary"],"levelFlags":{"elementary":true,"juniorHigh":false,"high":false},"postSecondary":false,"website":"http://schools.cbe.ab.ca/b338/","websiteSourceUrl":"https://education.alberta.ca/media/1626669/authority_and_school.xlsx","sourceUrl":"https://data.calgary.ca/d/fd9t-tdn2","communityCode":"CED","quadrant":"SW","areaCodes":["CED","Q_SW"]},"geometry":{"type":"Point","coordinates":[-114.1331988,50.9584055]}},{"type":"Feature","id":"{BCB2BE4C-894F-4CF6-B205-3F07BF419FEF}","properties":{"id":"{BCB2BE4C-894F-4CF6-B205-3F07BF419FEF}","name":"Thorncliffe School","address":"5646 Thornton Rd NW","locationNote":null,"board":"The Calgary School Division","grades":"Elementary","levels":["elementary"],"levelFlags":{"elementary":true,"juniorHigh":false,"high":false},"postSecondary":false,"website":"http://school.cbe.ab.ca/school/thorncliffe/Pages/d","websiteSourceUrl":"https://education.alberta.ca/media/1626669/authority_and_school.xlsx","sourceUrl":"https://data.calgary.ca/d/fd9t-tdn2","communityCode":"THO","quadrant":"NW","areaCodes":["Q_NW","THO"]},"geometry":{"type":"Point","coordinates":[-114.0671109,51.1023299]}},{"type":"Feature","id":"{BD0C2648-2D18-41D3-8F81-5268616C381A}","properties":{"id":"{BD0C2648-2D18-41D3-8F81-5268616C381A}","name":"O. S. Geiger School","address":"100 Castlebrook Dr NE","locationNote":null,"board":"The Calgary School Division","grades":"Elementary","levels":["elementary"],"levelFlags":{"elementary":true,"juniorHigh":false,"high":false},"postSecondary":false,"website":"http://schools.cbe.ab.ca/b271/","websiteSourceUrl":"https://education.alberta.ca/media/1626669/authority_and_school.xlsx","sourceUrl":"https://data.calgary.ca/d/fd9t-tdn2","communityCode":"CAS","quadrant":"NE","areaCodes":["CAS","Q_NE"]},"geometry":{"type":"Point","coordinates":[-113.9615548,51.1048933]}},{"type":"Feature","id":"{BD68F8F2-A615-486E-BE8C-E45C96DAFD7B}","properties":{"id":"{BD68F8F2-A615-486E-BE8C-E45C96DAFD7B}","name":"St. Jean Brebeuf School","address":"5030 Northland Drive N.W.","locationNote":null,"board":"The Calgary Roman Catholic Separate School Division","grades":"Junior High","levels":["juniorHigh"],"levelFlags":{"elementary":false,"juniorHigh":true,"high":false},"postSecondary":false,"website":"http://www.cssd.ab.ca/schools/stjeanbrebeuf","websiteSourceUrl":"https://education.alberta.ca/media/1626669/authority_and_school.xlsx","sourceUrl":"https://data.calgary.ca/d/fd9t-tdn2","communityCode":"BRE","quadrant":"NW","areaCodes":["BRE","Q_NW"]},"geometry":{"type":"Point","coordinates":[-114.1402432,51.0979001]}},{"type":"Feature","id":"{BD789115-C4B6-45BD-A9E6-08EE4DD91A1F}","properties":{"id":"{BD789115-C4B6-45BD-A9E6-08EE4DD91A1F}","name":"FFCA High School Campus","address":"2116 McKay Road N.W.","locationNote":null,"board":"Foundations for the Future Charter Academy Charter School Society","grades":"Junior High/Senior High","levels":["juniorHigh","high"],"levelFlags":{"elementary":false,"juniorHigh":true,"high":true},"postSecondary":false,"website":null,"websiteSourceUrl":null,"sourceUrl":"https://data.calgary.ca/d/fd9t-tdn2","communityCode":"MON","quadrant":"NW","areaCodes":["MON","Q_NW"]},"geometry":{"type":"Point","coordinates":[-114.1518364,51.0702081]}},{"type":"Feature","id":"{BE4BD852-ED63-444B-9360-DC1D09392038}","properties":{"id":"{BE4BD852-ED63-444B-9360-DC1D09392038}","name":"AADAC Youth Services","address":"1005 - 17 Street N.W.","locationNote":null,"board":"The Calgary School Division","grades":"Unknown","levels":["unknown"],"levelFlags":{"elementary":false,"juniorHigh":false,"high":false},"postSecondary":false,"website":"http://schools.cbe.ab.ca/b573","websiteSourceUrl":"https://education.alberta.ca/media/1626669/authority_and_school.xlsx","sourceUrl":"https://data.calgary.ca/d/fd9t-tdn2","communityCode":"HOU","quadrant":"NW","areaCodes":["HOU","Q_NW"]},"geometry":{"type":"Point","coordinates":[-114.1016961,51.0612678]}},{"type":"Feature","id":"{BEA246EF-3D30-496C-BEE2-A657CB90B5EA}","properties":{"id":"{BEA246EF-3D30-496C-BEE2-A657CB90B5EA}","name":"McKenzie Lake School","address":"16210 McKenzie Lake Way SE","locationNote":null,"board":"The Calgary School Division","grades":"Elementary","levels":["elementary"],"levelFlags":{"elementary":true,"juniorHigh":false,"high":false},"postSecondary":false,"website":"http://school.cbe.ab.ca/school/McKenzieLake/Pages/","websiteSourceUrl":"https://education.alberta.ca/media/1626669/authority_and_school.xlsx","sourceUrl":"https://data.calgary.ca/d/fd9t-tdn2","communityCode":"MCK","quadrant":"SE","areaCodes":["MCK","Q_SE"]},"geometry":{"type":"Point","coordinates":[-113.9850116,50.9062247]}},{"type":"Feature","id":"{BEA2CED7-F501-4079-AD22-6929B47EECC7}","properties":{"id":"{BEA2CED7-F501-4079-AD22-6929B47EECC7}","name":"Acadia School","address":"9603  5 St SE","locationNote":null,"board":"The Calgary School Division","grades":"Elementary","levels":["elementary"],"levelFlags":{"elementary":true,"juniorHigh":false,"high":false},"postSecondary":false,"website":"http://school.cbe.ab.ca/school/Acadia","websiteSourceUrl":"https://education.alberta.ca/media/1626669/authority_and_school.xlsx","sourceUrl":"https://data.calgary.ca/d/fd9t-tdn2","communityCode":"ACA","quadrant":"SE","areaCodes":["ACA","Q_SE"]},"geometry":{"type":"Point","coordinates":[-114.0539411,50.9676174]}},{"type":"Feature","id":"{BF94E0E0-C996-4FBB-A227-89BF0160B1DB}","properties":{"id":"{BF94E0E0-C996-4FBB-A227-89BF0160B1DB}","name":"Calgary International Academy ECS","address":"110-1248 Livingston Way NE","locationNote":null,"board":"Calgary International Academy Ltd","grades":"Unknown","levels":["unknown"],"levelFlags":{"elementary":false,"juniorHigh":false,"high":false},"postSecondary":false,"website":null,"websiteSourceUrl":null,"sourceUrl":"https://data.calgary.ca/d/fd9t-tdn2","communityCode":"SAD","quadrant":"NE","areaCodes":["Q_NE","SAD"]},"geometry":{"type":"Point","coordinates":[-113.9528036,51.1258951]}},{"type":"Feature","id":"{C162C1A5-22A6-4175-90AA-DA6AF98B6254}","properties":{"id":"{C162C1A5-22A6-4175-90AA-DA6AF98B6254}","name":"Citadel Park School","address":"808 Citadel Dr NW","locationNote":null,"board":"The Calgary School Division","grades":"Elementary","levels":["elementary"],"levelFlags":{"elementary":true,"juniorHigh":false,"high":false},"postSecondary":false,"website":"http://school.cbe.ab.ca/school/CitadelPark/","websiteSourceUrl":"https://education.alberta.ca/media/1626669/authority_and_school.xlsx","sourceUrl":"https://data.calgary.ca/d/fd9t-tdn2","communityCode":"CIT","quadrant":"NW","areaCodes":["CIT","Q_NW"]},"geometry":{"type":"Point","coordinates":[-114.1742488,51.1454578]}},{"type":"Feature","id":"{C17DEC6E-870E-415A-94B6-46AB4DB4DB2C}","properties":{"id":"{C17DEC6E-870E-415A-94B6-46AB4DB4DB2C}","name":"Chaparral School","address":"480 Chaparral Dr SE","locationNote":null,"board":"The Calgary School Division","grades":"Elementary","levels":["elementary"],"levelFlags":{"elementary":true,"juniorHigh":false,"high":false},"postSecondary":false,"website":"https://chaparral.cbe.ab.ca/","websiteSourceUrl":"https://education.alberta.ca/media/1626669/authority_and_school.xlsx","sourceUrl":"https://data.calgary.ca/d/fd9t-tdn2","communityCode":"CHA","quadrant":"SE","areaCodes":["CHA","Q_SE"]},"geometry":{"type":"Point","coordinates":[-114.0449824,50.8829707]}},{"type":"Feature","id":"{C1B5BF91-E3A4-4C69-9066-339A189C2080}","properties":{"id":"{C1B5BF91-E3A4-4C69-9066-339A189C2080}","name":"STEM Innovation Academy High School","address":"3636 Research Road NW","locationNote":null,"board":"STEM Innovation Academy Society","grades":"Senior High","levels":["high"],"levelFlags":{"elementary":false,"juniorHigh":false,"high":true},"postSecondary":false,"website":"http://www.steminnovationacademy.com","websiteSourceUrl":"https://education.alberta.ca/media/1626669/authority_and_school.xlsx","sourceUrl":"https://data.calgary.ca/d/fd9t-tdn2","communityCode":"VAR","quadrant":"NW","areaCodes":["Q_NW","VAR"]},"geometry":{"type":"Point","coordinates":[-114.1309443,51.0845697]}},{"type":"Feature","id":"{C1B74167-EE29-4720-9293-797C389CF958}","properties":{"id":"{C1B74167-EE29-4720-9293-797C389CF958}","name":"Mahogany School","address":"165 Mahogany Blvd. SE","locationNote":null,"board":"The Calgary School Division","grades":"Elementary","levels":["elementary"],"levelFlags":{"elementary":true,"juniorHigh":false,"high":false},"postSecondary":false,"website":"https://mahogany.cbe.ab.ca/","websiteSourceUrl":"https://education.alberta.ca/media/1626669/authority_and_school.xlsx","sourceUrl":"https://data.calgary.ca/d/fd9t-tdn2","communityCode":"MAH","quadrant":"SE","areaCodes":["MAH","Q_SE"]},"geometry":{"type":"Point","coordinates":[-113.9265654,50.9025781]}},{"type":"Feature","id":"{C1E7314B-A886-4480-AB2C-E4C3C06FF3EE}","properties":{"id":"{C1E7314B-A886-4480-AB2C-E4C3C06FF3EE}","name":"Scenic Acres School","address":"50 Scurfield Way NW","locationNote":null,"board":"The Calgary School Division","grades":"Elementary","levels":["elementary"],"levelFlags":{"elementary":true,"juniorHigh":false,"high":false},"postSecondary":false,"website":"http://www.cbe.ab.ca/b352","websiteSourceUrl":"https://education.alberta.ca/media/1626669/authority_and_school.xlsx","sourceUrl":"https://data.calgary.ca/d/fd9t-tdn2","communityCode":"SCE","quadrant":"NW","areaCodes":["Q_NW","SCE"]},"geometry":{"type":"Point","coordinates":[-114.2156709,51.1200958]}},{"type":"Feature","id":"{C25E4FFD-9498-405D-BB6B-98B9B6C93AEE}","properties":{"id":"{C25E4FFD-9498-405D-BB6B-98B9B6C93AEE}","name":"Father Doucet School","address":"65 Shannon Drive S.W.","locationNote":null,"board":"The Calgary Roman Catholic Separate School Division","grades":"Elementary","levels":["elementary"],"levelFlags":{"elementary":true,"juniorHigh":false,"high":false},"postSecondary":false,"website":"http://www.cssd.ab.ca/schools/fatherdoucet","websiteSourceUrl":"https://education.alberta.ca/media/1626669/authority_and_school.xlsx","sourceUrl":"https://data.calgary.ca/d/fd9t-tdn2","communityCode":"SHN","quadrant":"SW","areaCodes":["Q_SW","SHN"]},"geometry":{"type":"Point","coordinates":[-114.0851831,50.909351]}},{"type":"Feature","id":"{C2E5C389-263D-411F-B59D-50ABA41F6598}","properties":{"id":"{C2E5C389-263D-411F-B59D-50ABA41F6598}","name":"Banff Trail School","address":"3232 Cochrane Rd NW","locationNote":null,"board":"The Calgary School Division","grades":"Elementary","levels":["elementary"],"levelFlags":{"elementary":true,"juniorHigh":false,"high":false},"postSecondary":false,"website":"https://banfftrail.cbe.ab.ca/","websiteSourceUrl":"https://education.alberta.ca/media/1626669/authority_and_school.xlsx","sourceUrl":"https://data.calgary.ca/d/fd9t-tdn2","communityCode":"CHW","quadrant":"NW","areaCodes":["CHW","Q_NW"]},"geometry":{"type":"Point","coordinates":[-114.116773,51.0816462]}},{"type":"Feature","id":"{C34A7EA1-9FF2-4BD3-BA8C-38806BE10E22}","properties":{"id":"{C34A7EA1-9FF2-4BD3-BA8C-38806BE10E22}","name":"Access Academy","address":"B1 - 2451 Dieppe Avenue S.W.  Box 100","locationNote":null,"board":"Access International College (Calgary) Incorporated","grades":"Unknown","levels":["unknown"],"levelFlags":{"elementary":false,"juniorHigh":false,"high":false},"postSecondary":false,"website":null,"websiteSourceUrl":null,"sourceUrl":"https://data.calgary.ca/d/fd9t-tdn2","communityCode":"CUR","quadrant":"SW","areaCodes":["CUR","Q_SW"]},"geometry":{"type":"Point","coordinates":[-114.119053,51.0192933]}},{"type":"Feature","id":"{C36A481D-E39D-4045-A7FB-B0E65D713F71}","properties":{"id":"{C36A481D-E39D-4045-A7FB-B0E65D713F71}","name":"Ahmadiyya Muslim School","address":"4353","locationNote":null,"board":"Ahmadiyya Muslim Schools Society Alberta","grades":"Elementary/Junior High","levels":["elementary","juniorHigh"],"levelFlags":{"elementary":true,"juniorHigh":true,"high":false},"postSecondary":false,"website":"https://ahmadiyyamuslimschool.ca/","websiteSourceUrl":"https://education.alberta.ca/media/1626669/authority_and_school.xlsx","sourceUrl":"https://data.calgary.ca/d/fd9t-tdn2","communityCode":"WES","quadrant":"NE","areaCodes":["Q_NE","WES"]},"geometry":{"type":"Point","coordinates":[-113.9712782,51.1018419]}},{"type":"Feature","id":"{C3A74111-7646-4218-A0A2-21ABA9909AD4}","properties":{"id":"{C3A74111-7646-4218-A0A2-21ABA9909AD4}","name":"Pineridge School","address":"1927  61 St NE","locationNote":null,"board":"The Calgary School Division","grades":"Elementary","levels":["elementary"],"levelFlags":{"elementary":true,"juniorHigh":false,"high":false},"postSecondary":false,"website":"http://school.cbe.ab.ca/school/Pineridge/","websiteSourceUrl":"https://education.alberta.ca/media/1626669/authority_and_school.xlsx","sourceUrl":"https://data.calgary.ca/d/fd9t-tdn2","communityCode":"PIN","quadrant":"NE","areaCodes":["PIN","Q_NE"]},"geometry":{"type":"Point","coordinates":[-113.9452435,51.0703316]}},{"type":"Feature","id":"{C4271206-68BE-4CE5-950D-77EE7DDA5A3C}","properties":{"id":"{C4271206-68BE-4CE5-950D-77EE7DDA5A3C}","name":"Canadian Montessori School","address":"1112 70 Avenue S.W.","locationNote":null,"board":"The Canadian Montessori School Ltd.","grades":"Elementary","levels":["elementary"],"levelFlags":{"elementary":true,"juniorHigh":false,"high":false},"postSecondary":false,"website":"http://www.calgarymontessorischool.com","websiteSourceUrl":"https://education.alberta.ca/media/1626669/authority_and_school.xlsx","sourceUrl":"https://data.calgary.ca/d/fd9t-tdn2","communityCode":"KEL","quadrant":"SW","areaCodes":["KEL","Q_SW"]},"geometry":{"type":"Point","coordinates":[-114.0882764,50.9907515]}},{"type":"Feature","id":"{C4AA3E18-CB1F-405C-8D31-83DCBA054EC5}","properties":{"id":"{C4AA3E18-CB1F-405C-8D31-83DCBA054EC5}","name":"Bishop McNally High School","address":"5700 Falconridge Boulevard N.E","locationNote":null,"board":"The Calgary Roman Catholic Separate School Division","grades":"Senior High","levels":["high"],"levelFlags":{"elementary":false,"juniorHigh":false,"high":true},"postSecondary":false,"website":"http://www.cssd.ab.ca/schools/bishopmcnally","websiteSourceUrl":"https://education.alberta.ca/media/1626669/authority_and_school.xlsx","sourceUrl":"https://data.calgary.ca/d/fd9t-tdn2","communityCode":"FAL","quadrant":"NE","areaCodes":["FAL","Q_NE"]},"geometry":{"type":"Point","coordinates":[-113.9536206,51.103228]}},{"type":"Feature","id":"{C5341800-C04C-4EEF-B71D-EEECBA011E9B}","properties":{"id":"{C5341800-C04C-4EEF-B71D-EEECBA011E9B}","name":"Connaught School","address":"1121  12 Ave SW","locationNote":null,"board":"The Calgary School Division","grades":"Elementary","levels":["elementary"],"levelFlags":{"elementary":true,"juniorHigh":false,"high":false},"postSecondary":false,"website":"http://schools.cbe.ab.ca/b114/","websiteSourceUrl":"https://education.alberta.ca/media/1626669/authority_and_school.xlsx","sourceUrl":"https://data.calgary.ca/d/fd9t-tdn2","communityCode":"BLN","quadrant":"SW","areaCodes":["BLN","Q_SW"]},"geometry":{"type":"Point","coordinates":[-114.0877305,51.0415385]}},{"type":"Feature","id":"{C58FD996-FE5A-4CD0-9BA7-A518079627EE}","properties":{"id":"{C58FD996-FE5A-4CD0-9BA7-A518079627EE}","name":"Calgary Charter School Hub ¿ Almadina Campus","address":"3636 Research Road NW","locationNote":null,"board":"Almadina School Society","grades":"Junior High/Senior High","levels":["juniorHigh","high"],"levelFlags":{"elementary":false,"juniorHigh":true,"high":true},"postSecondary":false,"website":"https://www.alca-calgary.com/","websiteSourceUrl":"https://education.alberta.ca/media/1626669/authority_and_school.xlsx","sourceUrl":"https://data.calgary.ca/d/fd9t-tdn2","communityCode":"VAR","quadrant":"NW","areaCodes":["Q_NW","VAR"]},"geometry":{"type":"Point","coordinates":[-114.1373455,51.0868412]}},{"type":"Feature","id":"{C6E2CE5B-FA83-472A-BF84-68701049BAC5}","properties":{"id":"{C6E2CE5B-FA83-472A-BF84-68701049BAC5}","name":"Earl Grey School","address":"845 Hillcrest Ave SW","locationNote":null,"board":"The Calgary School Division","grades":"Elementary","levels":["elementary"],"levelFlags":{"elementary":true,"juniorHigh":false,"high":false},"postSecondary":false,"website":"http://school.cbe.ab.ca/school/EarlGrey","websiteSourceUrl":"https://education.alberta.ca/media/1626669/authority_and_school.xlsx","sourceUrl":"https://data.calgary.ca/d/fd9t-tdn2","communityCode":"UMR","quadrant":"SW","areaCodes":["Q_SW","UMR"]},"geometry":{"type":"Point","coordinates":[-114.082668,51.0308812]}},{"type":"Feature","id":"{C7E5C513-A0E7-4390-9AEC-C51C6E12B736}","properties":{"id":"{C7E5C513-A0E7-4390-9AEC-C51C6E12B736}","name":"North Point School - DSEPS","address":"2445 23 Ave SW","locationNote":null,"board":"North Point School for Boys","grades":"Elementary/Junior High/Senior High","levels":["elementary","juniorHigh","high"],"levelFlags":{"elementary":true,"juniorHigh":true,"high":true},"postSecondary":false,"website":null,"websiteSourceUrl":null,"sourceUrl":"https://data.calgary.ca/d/fd9t-tdn2","communityCode":"RIC","quadrant":"SW","areaCodes":["Q_SW","RIC"]},"geometry":{"type":"Point","coordinates":[-114.1174982,51.0325631]}},{"type":"Feature","id":"{C8021FE9-8B6B-4513-9634-6F5D756138C2}","properties":{"id":"{C8021FE9-8B6B-4513-9634-6F5D756138C2}","name":"Radisson Park School","address":"2805 Radcliffe Dr SE","locationNote":null,"board":"The Calgary School Division","grades":"Elementary","levels":["elementary"],"levelFlags":{"elementary":true,"juniorHigh":false,"high":false},"postSecondary":false,"website":"http://school.cbe.ab.ca/school/RadissonPark/Pages/","websiteSourceUrl":"https://education.alberta.ca/media/1626669/authority_and_school.xlsx","sourceUrl":"https://data.calgary.ca/d/fd9t-tdn2","communityCode":"ALB","quadrant":"SE","areaCodes":["ALB","Q_SE"]},"geometry":{"type":"Point","coordinates":[-113.9922472,51.0461681]}},{"type":"Feature","id":"{C924F51B-91CE-4C38-8B2B-79E3CCD9EFF4}","properties":{"id":"{C924F51B-91CE-4C38-8B2B-79E3CCD9EFF4}","name":"Braeside School","address":"1747  107 Ave SW","locationNote":null,"board":"The Calgary School Division","grades":"Elementary","levels":["elementary"],"levelFlags":{"elementary":true,"juniorHigh":false,"high":false},"postSecondary":false,"website":"http://school.cbe.ab.ca/school/Braeside/Pages/defa","websiteSourceUrl":"https://education.alberta.ca/media/1626669/authority_and_school.xlsx","sourceUrl":"https://data.calgary.ca/d/fd9t-tdn2","communityCode":"BRA","quadrant":"SW","areaCodes":["BRA","Q_SW"]},"geometry":{"type":"Point","coordinates":[-114.1017086,50.9566803]}},{"type":"Feature","id":"{C93A63E2-7F42-4CC3-8BD4-51CD1AB6957E}","properties":{"id":"{C93A63E2-7F42-4CC3-8BD4-51CD1AB6957E}","name":"Buchanan School","address":"3717 Centre St NW","locationNote":null,"board":"The Calgary School Division","grades":"Elementary","levels":["elementary"],"levelFlags":{"elementary":true,"juniorHigh":false,"high":false},"postSecondary":false,"website":"http://school.cbe.ab.ca/school/Buchanan","websiteSourceUrl":"https://education.alberta.ca/media/1626669/authority_and_school.xlsx","sourceUrl":"https://data.calgary.ca/d/fd9t-tdn2","communityCode":"HPK","quadrant":"NW","areaCodes":["HPK","Q_NW"]},"geometry":{"type":"Point","coordinates":[-114.0631621,51.0856364]}},{"type":"Feature","id":"{C9579853-8534-4880-B865-FB954BD01891}","properties":{"id":"{C9579853-8534-4880-B865-FB954BD01891}","name":"Monsignor Neville Anderson School","address":"327 Sandarac Drive N.W.","locationNote":null,"board":"The Calgary Roman Catholic Separate School Division","grades":"Elementary","levels":["elementary"],"levelFlags":{"elementary":true,"juniorHigh":false,"high":false},"postSecondary":false,"website":"http://www.cssd.ab.ca/schools/msgranderson","websiteSourceUrl":"https://education.alberta.ca/media/1626669/authority_and_school.xlsx","sourceUrl":"https://data.calgary.ca/d/fd9t-tdn2","communityCode":"SAN","quadrant":"NW","areaCodes":["Q_NW","SAN"]},"geometry":{"type":"Point","coordinates":[-114.1040987,51.1391307]}},{"type":"Feature","id":"{C9CF376E-C77C-4FE1-AC20-529664D1D788}","properties":{"id":"{C9CF376E-C77C-4FE1-AC20-529664D1D788}","name":"Harold Panabaker School","address":"23 Sackville Dr SW","locationNote":null,"board":"The Calgary School Division","grades":"Elementary/Junior High","levels":["elementary","juniorHigh"],"levelFlags":{"elementary":true,"juniorHigh":true,"high":false},"postSecondary":false,"website":"http://www.cbe.ab.ca/b643","websiteSourceUrl":"https://education.alberta.ca/media/1626669/authority_and_school.xlsx","sourceUrl":"https://data.calgary.ca/d/fd9t-tdn2","communityCode":"SOW","quadrant":"SW","areaCodes":["Q_SW","SOW"]},"geometry":{"type":"Point","coordinates":[-114.0866624,50.9576463]}},{"type":"Feature","id":"{CB881739-EE2F-4D02-A6C3-5820C0E858BB}","properties":{"id":"{CB881739-EE2F-4D02-A6C3-5820C0E858BB}","name":"Connect Charter School","address":"5915 Lewis Drive S.W.","locationNote":null,"board":"Connect Charter School Society","grades":"Elementary/Junior High","levels":["elementary","juniorHigh"],"levelFlags":{"elementary":true,"juniorHigh":true,"high":false},"postSecondary":false,"website":"http://www.connectcharter.ca","websiteSourceUrl":"https://education.alberta.ca/media/1626669/authority_and_school.xlsx","sourceUrl":"https://data.calgary.ca/d/fd9t-tdn2","communityCode":"LKV","quadrant":"SW","areaCodes":["LKV","Q_SW"]},"geometry":{"type":"Point","coordinates":[-114.1357727,51.0003803]}},{"type":"Feature","id":"{CB962D5D-517D-4CE1-81CE-4AAD8E927281}","properties":{"id":"{CB962D5D-517D-4CE1-81CE-4AAD8E927281}","name":"Falconridge School","address":"1331 Falconridge Dr NE","locationNote":null,"board":"The Calgary School Division","grades":"Elementary","levels":["elementary"],"levelFlags":{"elementary":true,"juniorHigh":false,"high":false},"postSecondary":false,"website":"http://school.cbe.ab.ca/school/falconridge/Pages/d","websiteSourceUrl":"https://education.alberta.ca/media/1626669/authority_and_school.xlsx","sourceUrl":"https://data.calgary.ca/d/fd9t-tdn2","communityCode":"FAL","quadrant":"NE","areaCodes":["FAL","Q_NE"]},"geometry":{"type":"Point","coordinates":[-113.9454468,51.0993709]}},{"type":"Feature","id":"{CBD24E01-1B8E-4CA9-A451-34B87AC3DFB6}","properties":{"id":"{CBD24E01-1B8E-4CA9-A451-34B87AC3DFB6}","name":"Tyndale Christian School","address":"28 Hart Estates Blvd. NE","locationNote":null,"board":"The Canadian Reformed School Society of Calgary","grades":"Elementary/Junior High/Senior High","levels":["elementary","juniorHigh","high"],"levelFlags":{"elementary":true,"juniorHigh":true,"high":true},"postSecondary":false,"website":"http://www.tyndalecalgary.ca","websiteSourceUrl":"https://education.alberta.ca/media/1626669/authority_and_school.xlsx","sourceUrl":"https://data.calgary.ca/d/fd9t-tdn2","communityCode":"09O","quadrant":"NE","areaCodes":["09O","Q_NE"]},"geometry":{"type":"Point","coordinates":[-113.8677599,51.0586407]}},{"type":"Feature","id":"{CCCF7A0D-1409-4B53-BB8D-0859D8745FA7}","properties":{"id":"{CCCF7A0D-1409-4B53-BB8D-0859D8745FA7}","name":"Janus Academy Junior/Senior High School","address":"200 - 403 33 Street NE","locationNote":null,"board":"Janus Academy Society","grades":"Elementary/Junior High/Senior High","levels":["elementary","juniorHigh","high"],"levelFlags":{"elementary":true,"juniorHigh":true,"high":true},"postSecondary":false,"website":"http://www.janusacademy.org","websiteSourceUrl":"https://education.alberta.ca/media/1626669/authority_and_school.xlsx","sourceUrl":"https://data.calgary.ca/d/fd9t-tdn2","communityCode":"ACA","quadrant":"SE","areaCodes":["ACA","Q_SE"]},"geometry":{"type":"Point","coordinates":[-114.0563071,50.9774444]}},{"type":"Feature","id":"{CD4A91F7-DADB-4875-ABC9-AB5C6034D8DD}","properties":{"id":"{CD4A91F7-DADB-4875-ABC9-AB5C6034D8DD}","name":"Rideau Park School","address":"829 Rideau Rd SW","locationNote":null,"board":"The Calgary School Division","grades":"Elementary/Junior High","levels":["elementary","juniorHigh"],"levelFlags":{"elementary":true,"juniorHigh":true,"high":false},"postSecondary":false,"website":"http://school.cbe.ab.ca/school/rideaupark/","websiteSourceUrl":"https://education.alberta.ca/media/1626669/authority_and_school.xlsx","sourceUrl":"https://data.calgary.ca/d/fd9t-tdn2","communityCode":"RID","quadrant":"SW","areaCodes":["Q_SW","RID"]},"geometry":{"type":"Point","coordinates":[-114.075578,51.0252834]}},{"type":"Feature","id":"{CD9415F7-9CAA-40AF-B643-7C0E64DBA679}","properties":{"id":"{CD9415F7-9CAA-40AF-B643-7C0E64DBA679}","name":"Renfrew Educational Services - Park Place Centre","address":"2050 - 21 Street N.E.","locationNote":null,"board":"Renfrew Educational Services Society","grades":"Unknown","levels":["unknown"],"levelFlags":{"elementary":false,"juniorHigh":false,"high":false},"postSecondary":false,"website":"http://www.renfreweducation.org","websiteSourceUrl":"https://education.alberta.ca/media/1626669/authority_and_school.xlsx","sourceUrl":"https://data.calgary.ca/d/fd9t-tdn2","communityCode":"SAW","quadrant":"NE","areaCodes":["Q_NE","SAW"]},"geometry":{"type":"Point","coordinates":[-114.008306,51.0696237]}},{"type":"Feature","id":"{CD953356-4ACE-43CF-A192-76F82F2FD85A}","properties":{"id":"{CD953356-4ACE-43CF-A192-76F82F2FD85A}","name":"St. Maria Goretti Elementary School","address":"375 Hawkstone Drive N.W.","locationNote":null,"board":"The Calgary Roman Catholic Separate School Division","grades":"Elementary","levels":["elementary"],"levelFlags":{"elementary":true,"juniorHigh":false,"high":false},"postSecondary":false,"website":"http://www.cssd.ab.ca/schools/stmariagoretti","websiteSourceUrl":"https://education.alberta.ca/media/1626669/authority_and_school.xlsx","sourceUrl":"https://data.calgary.ca/d/fd9t-tdn2","communityCode":"HAW","quadrant":"NW","areaCodes":["HAW","Q_NW"]},"geometry":{"type":"Point","coordinates":[-114.177765,51.134531]}},{"type":"Feature","id":"{CDC744A0-E471-4259-8FEF-A95D966DE29D}","properties":{"id":"{CDC744A0-E471-4259-8FEF-A95D966DE29D}","name":"Calgary German Language School Society","address":"PO Box 84114    Market Mall RPO","locationNote":null,"board":"Calgary German Language School Society","grades":"Junior High/Senior High","levels":["juniorHigh","high"],"levelFlags":{"elementary":false,"juniorHigh":true,"high":true},"postSecondary":false,"website":null,"websiteSourceUrl":null,"sourceUrl":"https://data.calgary.ca/d/fd9t-tdn2","communityCode":"BOW","quadrant":"NW","areaCodes":["BOW","Q_NW"]},"geometry":{"type":"Point","coordinates":[-114.1928032,51.0875658]}},{"type":"Feature","id":"{CDDC101A-B36B-4444-8A88-DC836467E6E1}","properties":{"id":"{CDDC101A-B36B-4444-8A88-DC836467E6E1}","name":"Abbeydale School","address":"320 Abergale Dr NE","locationNote":null,"board":"The Calgary School Division","grades":"Elementary","levels":["elementary"],"levelFlags":{"elementary":true,"juniorHigh":false,"high":false},"postSecondary":false,"website":"http://www.cbe.ab.ca/b376","websiteSourceUrl":"https://education.alberta.ca/media/1626669/authority_and_school.xlsx","sourceUrl":"https://data.calgary.ca/d/fd9t-tdn2","communityCode":"ABB","quadrant":"NE","areaCodes":["ABB","Q_NE"]},"geometry":{"type":"Point","coordinates":[-113.9298628,51.056632]}},{"type":"Feature","id":"{CED29B5D-E061-4CF9-AE90-73CBB36BB8D3}","properties":{"id":"{CED29B5D-E061-4CF9-AE90-73CBB36BB8D3}","name":"Father Lacombe School","address":"3615 Radcliffe Drive S.E.","locationNote":null,"board":"The Calgary Roman Catholic Separate School Division","grades":"Senior High","levels":["high"],"levelFlags":{"elementary":false,"juniorHigh":false,"high":true},"postSecondary":false,"website":"http://www.cssd.ab.ca/schools/fatherlacombe","websiteSourceUrl":"https://education.alberta.ca/media/1626669/authority_and_school.xlsx","sourceUrl":"https://data.calgary.ca/d/fd9t-tdn2","communityCode":"ALB","quadrant":"SE","areaCodes":["ALB","Q_SE"]},"geometry":{"type":"Point","coordinates":[-113.983259,51.0473877]}},{"type":"Feature","id":"{CF5B507D-20F9-4032-94D9-5293F8CEABB1}","properties":{"id":"{CF5B507D-20F9-4032-94D9-5293F8CEABB1}","name":"St. Henry Elementary School","address":"7423 - 10 Street N.W.","locationNote":null,"board":"The Calgary Roman Catholic Separate School Division","grades":"Elementary","levels":["elementary"],"levelFlags":{"elementary":true,"juniorHigh":false,"high":false},"postSecondary":false,"website":"http://www.cssd.ab.ca/schools/sthenry","websiteSourceUrl":"https://education.alberta.ca/media/1626669/authority_and_school.xlsx","sourceUrl":"https://data.calgary.ca/d/fd9t-tdn2","communityCode":"HUN","quadrant":"NW","areaCodes":["HUN","Q_NW"]},"geometry":{"type":"Point","coordinates":[-114.0801921,51.1176043]}},{"type":"Feature","id":"{D0468290-5AD4-4B91-A66E-F48BD72B3D08}","properties":{"id":"{D0468290-5AD4-4B91-A66E-F48BD72B3D08}","name":"Riverbend School","address":"65 Rivervalley Dr SE","locationNote":null,"board":"The Calgary School Division","grades":"Elementary","levels":["elementary"],"levelFlags":{"elementary":true,"juniorHigh":false,"high":false},"postSecondary":false,"website":"http://school.cbe.ab.ca/school/Riverbend/Pages/def","websiteSourceUrl":"https://education.alberta.ca/media/1626669/authority_and_school.xlsx","sourceUrl":"https://data.calgary.ca/d/fd9t-tdn2","communityCode":"RIV","quadrant":"SE","areaCodes":["Q_SE","RIV"]},"geometry":{"type":"Point","coordinates":[-114.0185163,50.972163]}},{"type":"Feature","id":"{D06EFEA8-4720-42D5-BA50-93797BACBCD4}","properties":{"id":"{D06EFEA8-4720-42D5-BA50-93797BACBCD4}","name":"St. Thomas More School","address":"6110 Temple Drive N.E.","locationNote":null,"board":"The Calgary Roman Catholic Separate School Division","grades":"Elementary","levels":["elementary"],"levelFlags":{"elementary":true,"juniorHigh":false,"high":false},"postSecondary":false,"website":"http://www.cssd.ab.ca/schools/stthomasmore","websiteSourceUrl":"https://education.alberta.ca/media/1626669/authority_and_school.xlsx","sourceUrl":"https://data.calgary.ca/d/fd9t-tdn2","communityCode":"TEM","quadrant":"NE","areaCodes":["Q_NE","TEM"]},"geometry":{"type":"Point","coordinates":[-113.9455496,51.0854218]}},{"type":"Feature","id":"{D0846D09-FBE4-48A8-8252-5B2833AAEF36}","properties":{"id":"{D0846D09-FBE4-48A8-8252-5B2833AAEF36}","name":"Willow Park School","address":"343 Willow Park Dr SE","locationNote":null,"board":"The Calgary School Division","grades":"Elementary/Junior High","levels":["elementary","juniorHigh"],"levelFlags":{"elementary":true,"juniorHigh":true,"high":false},"postSecondary":false,"website":"http://www.cbe.ab.ca/b331","websiteSourceUrl":"https://education.alberta.ca/media/1626669/authority_and_school.xlsx","sourceUrl":"https://data.calgary.ca/d/fd9t-tdn2","communityCode":"WIL","quadrant":"SE","areaCodes":["Q_SE","WIL"]},"geometry":{"type":"Point","coordinates":[-114.0607015,50.9578029]}},{"type":"Feature","id":"{D13A2188-0777-4F72-A526-16BB137B0006}","properties":{"id":"{D13A2188-0777-4F72-A526-16BB137B0006}","name":"Westmount Mid/High School","address":"2215 Uxbridge Dr. N.W.","locationNote":null,"board":"Westmount Charter School Society","grades":"Elementary/Junior High/Senior High","levels":["elementary","juniorHigh","high"],"levelFlags":{"elementary":true,"juniorHigh":true,"high":true},"postSecondary":false,"website":"http://www.westmountcharter.com","websiteSourceUrl":"https://education.alberta.ca/media/1626669/authority_and_school.xlsx","sourceUrl":"https://data.calgary.ca/d/fd9t-tdn2","communityCode":"UNI","quadrant":"NW","areaCodes":["Q_NW","UNI"]},"geometry":{"type":"Point","coordinates":[-114.1325271,51.0710543]}},{"type":"Feature","id":"{D14E0357-C03A-46D7-A5D4-1732A4B45538}","properties":{"id":"{D14E0357-C03A-46D7-A5D4-1732A4B45538}","name":"Western Canada High School","address":"641  17 Ave SW","locationNote":null,"board":"The Calgary School Division","grades":"Senior High","levels":["high"],"levelFlags":{"elementary":false,"juniorHigh":false,"high":true},"postSecondary":false,"website":"https://westerncanada.cbe.ab.ca/","websiteSourceUrl":"https://education.alberta.ca/media/1626669/authority_and_school.xlsx","sourceUrl":"https://data.calgary.ca/d/fd9t-tdn2","communityCode":"CLI","quadrant":"SW","areaCodes":["CLI","Q_SW"]},"geometry":{"type":"Point","coordinates":[-114.0775618,51.0370015]}},{"type":"Feature","id":"{D2F016C3-1234-4F74-B674-88EE4542AFF9}","properties":{"id":"{D2F016C3-1234-4F74-B674-88EE4542AFF9}","name":"Bowcroft School","address":"3940  73 St NW","locationNote":null,"board":"The Calgary School Division","grades":"Elementary","levels":["elementary"],"levelFlags":{"elementary":true,"juniorHigh":false,"high":false},"postSecondary":false,"website":"http://school.cbe.ab.ca/school/bowcroft","websiteSourceUrl":"https://education.alberta.ca/media/1626669/authority_and_school.xlsx","sourceUrl":"https://data.calgary.ca/d/fd9t-tdn2","communityCode":"BOW","quadrant":"NW","areaCodes":["BOW","Q_NW"]},"geometry":{"type":"Point","coordinates":[-114.1928032,51.0875658]}},{"type":"Feature","id":"{D315E5D5-C58C-4399-8F92-1CC044C05FD9}","properties":{"id":"{D315E5D5-C58C-4399-8F92-1CC044C05FD9}","name":"Al-Amal Academy","address":"9 Royal Vista Drive NW","locationNote":null,"board":"The Prairie Land School Division","grades":"Elementary/Junior High","levels":["elementary","juniorHigh"],"levelFlags":{"elementary":true,"juniorHigh":true,"high":false},"postSecondary":false,"website":"https://al-amalacademy.com/","websiteSourceUrl":"https://education.alberta.ca/media/1626669/authority_and_school.xlsx","sourceUrl":"https://data.calgary.ca/d/fd9t-tdn2","communityCode":"RYV","quadrant":"NW","areaCodes":["Q_NW","RYV"]},"geometry":{"type":"Point","coordinates":[-114.2075571,51.150739]}},{"type":"Feature","id":"{D31A7190-F6CB-4817-959C-5863FF9C5CBA}","properties":{"id":"{D31A7190-F6CB-4817-959C-5863FF9C5CBA}","name":"Calgary Christian School","address":"2839 - 49 Street S.W.","locationNote":null,"board":"The Palliser School Division","grades":"Elementary","levels":["elementary"],"levelFlags":{"elementary":true,"juniorHigh":false,"high":false},"postSecondary":false,"website":"http://www.calgarychristianschool.com","websiteSourceUrl":"https://education.alberta.ca/media/1626669/authority_and_school.xlsx","sourceUrl":"https://data.calgary.ca/d/fd9t-tdn2","communityCode":"GBK","quadrant":"SW","areaCodes":["GBK","Q_SW"]},"geometry":{"type":"Point","coordinates":[-114.1589649,51.0274745]}},{"type":"Feature","id":"{D40FDB57-CF8C-4F6C-A27C-1F348613F427}","properties":{"id":"{D40FDB57-CF8C-4F6C-A27C-1F348613F427}","name":"STEM Innovation Academy Middle School","address":"1204 96 Ave SW","locationNote":null,"board":"STEM Innovation Academy Society","grades":"Junior High","levels":["juniorHigh"],"levelFlags":{"elementary":false,"juniorHigh":true,"high":false},"postSecondary":false,"website":"http://www.steminnovationacademy.com","websiteSourceUrl":"https://education.alberta.ca/media/1626669/authority_and_school.xlsx","sourceUrl":"https://data.calgary.ca/d/fd9t-tdn2","communityCode":"HAY","quadrant":"SW","areaCodes":["HAY","Q_SW"]},"geometry":{"type":"Point","coordinates":[-114.0884933,50.9688768]}},{"type":"Feature","id":"{D413F9A6-86D0-4A1D-9EF4-B3635F34E438}","properties":{"id":"{D413F9A6-86D0-4A1D-9EF4-B3635F34E438}","name":"Haultain Memorial School","address":"605 Queensland Dr SE","locationNote":null,"board":"The Calgary School Division","grades":"Elementary","levels":["elementary"],"levelFlags":{"elementary":true,"juniorHigh":false,"high":false},"postSecondary":false,"website":"https://haultainmemorial.cbe.ab.ca/","websiteSourceUrl":"https://education.alberta.ca/media/1626669/authority_and_school.xlsx","sourceUrl":"https://data.calgary.ca/d/fd9t-tdn2","communityCode":"QLD","quadrant":"SE","areaCodes":["QLD","Q_SE"]},"geometry":{"type":"Point","coordinates":[-114.0233329,50.9395509]}},{"type":"Feature","id":"{D4673F38-E353-44FC-B023-29142DC0077C}","properties":{"id":"{D4673F38-E353-44FC-B023-29142DC0077C}","name":"Manmeet Singh Bhullar School","address":"1027 Martindale Blvd NE","locationNote":null,"board":"The Calgary School Division","grades":"Elementary","levels":["elementary"],"levelFlags":{"elementary":true,"juniorHigh":false,"high":false},"postSecondary":false,"website":"http://school.cbe.ab.ca/school/ManmeetSinghBhullar","websiteSourceUrl":"https://education.alberta.ca/media/1626669/authority_and_school.xlsx","sourceUrl":"https://data.calgary.ca/d/fd9t-tdn2","communityCode":"MRT","quadrant":"NE","areaCodes":["MRT","Q_NE"]},"geometry":{"type":"Point","coordinates":[-113.9594368,51.1233136]}},{"type":"Feature","id":"{D47E35C5-8BC4-4110-9421-C33995E74DDD}","properties":{"id":"{D47E35C5-8BC4-4110-9421-C33995E74DDD}","name":"Queen Elizabeth School","address":"402 18 St NW","locationNote":null,"board":"The Calgary School Division","grades":"Elementary","levels":["elementary"],"levelFlags":{"elementary":true,"juniorHigh":false,"high":false},"postSecondary":false,"website":"http://schools.cbe.ab.ca/b227/","websiteSourceUrl":"https://education.alberta.ca/media/1626669/authority_and_school.xlsx","sourceUrl":"https://data.calgary.ca/d/fd9t-tdn2","communityCode":"HIL","quadrant":"NW","areaCodes":["HIL","Q_NW"]},"geometry":{"type":"Point","coordinates":[-114.1019754,51.0554651]}},{"type":"Feature","id":"{D4904E39-F5C5-48E4-A64A-CEBCE29787B5}","properties":{"id":"{D4904E39-F5C5-48E4-A64A-CEBCE29787B5}","name":"St. Joseph Elementary Junior High School","address":"2512 - 5 Street N.W.","locationNote":null,"board":"The Calgary Roman Catholic Separate School Division","grades":"Elementary/Junior High","levels":["elementary","juniorHigh"],"levelFlags":{"elementary":true,"juniorHigh":true,"high":false},"postSecondary":false,"website":"http://www.cssd.ab.ca/schools/stjoseph","websiteSourceUrl":"https://education.alberta.ca/media/1626669/authority_and_school.xlsx","sourceUrl":"https://data.calgary.ca/d/fd9t-tdn2","communityCode":"MOP","quadrant":"NW","areaCodes":["MOP","Q_NW"]},"geometry":{"type":"Point","coordinates":[-114.0733312,51.0747933]}},{"type":"Feature","id":"{D54D1AEF-DFC5-4EDC-9279-9A30CDB708B2}","properties":{"id":"{D54D1AEF-DFC5-4EDC-9279-9A30CDB708B2}","name":"Forest Lawn High School","address":"1304  44 St SE","locationNote":null,"board":"The Calgary School Division","grades":"Senior High","levels":["high"],"levelFlags":{"elementary":false,"juniorHigh":false,"high":true},"postSecondary":false,"website":"http://schools.cbe.ab.ca/b813/","websiteSourceUrl":"https://education.alberta.ca/media/1626669/authority_and_school.xlsx","sourceUrl":"https://data.calgary.ca/d/fd9t-tdn2","communityCode":"FLN","quadrant":"SE","areaCodes":["FLN","Q_SE"]},"geometry":{"type":"Point","coordinates":[-113.9689639,51.0424098]}},{"type":"Feature","id":"{D5CCCE56-A74D-4D98-9732-2CAAC141D72F}","properties":{"id":"{D5CCCE56-A74D-4D98-9732-2CAAC141D72F}","name":"Jack James High School","address":"5105  8 Ave SE","locationNote":null,"board":"The Calgary School Division","grades":"Senior High","levels":["high"],"levelFlags":{"elementary":false,"juniorHigh":false,"high":true},"postSecondary":false,"website":"https://jackjames.cbe.ab.ca/","websiteSourceUrl":"https://education.alberta.ca/media/1626669/authority_and_school.xlsx","sourceUrl":"https://data.calgary.ca/d/fd9t-tdn2","communityCode":"FLN","quadrant":"SE","areaCodes":["FLN","Q_SE"]},"geometry":{"type":"Point","coordinates":[-113.9599771,51.0445345]}},{"type":"Feature","id":"{D61B28CE-9729-4C76-8FA0-AAB30FB0A17A}","properties":{"id":"{D61B28CE-9729-4C76-8FA0-AAB30FB0A17A}","name":"Branton School","address":"2103  20 St NW","locationNote":null,"board":"The Calgary School Division","grades":"Elementary/Junior High","levels":["elementary","juniorHigh"],"levelFlags":{"elementary":true,"juniorHigh":true,"high":false},"postSecondary":false,"website":"http://www.cbe.ab.ca/b621","websiteSourceUrl":"https://education.alberta.ca/media/1626669/authority_and_school.xlsx","sourceUrl":"https://data.calgary.ca/d/fd9t-tdn2","communityCode":"BNF","quadrant":"NW","areaCodes":["BNF","Q_NW"]},"geometry":{"type":"Point","coordinates":[-114.1090447,51.0712537]}},{"type":"Feature","id":"{D62E51B9-DA9E-4D30-BD60-2DC08B9CD6AF}","properties":{"id":"{D62E51B9-DA9E-4D30-BD60-2DC08B9CD6AF}","name":"Silver Springs School","address":"7235 Silver Mead Rd NW","locationNote":null,"board":"The Calgary School Division","grades":"Elementary","levels":["elementary"],"levelFlags":{"elementary":true,"juniorHigh":false,"high":false},"postSecondary":false,"website":null,"websiteSourceUrl":null,"sourceUrl":"https://data.calgary.ca/d/fd9t-tdn2","communityCode":"SIL","quadrant":"NW","areaCodes":["Q_NW","SIL"]},"geometry":{"type":"Point","coordinates":[-114.1908398,51.1057169]}},{"type":"Feature","id":"{D63C4ED2-84E1-4A48-8F04-B994A8C83761}","properties":{"id":"{D63C4ED2-84E1-4A48-8F04-B994A8C83761}","name":"CLS Forest Lawn Writing Centre","address":"1304 44 St SE","locationNote":null,"board":"The Calgary School Division","grades":"Unknown","levels":["unknown"],"levelFlags":{"elementary":false,"juniorHigh":false,"high":false},"postSecondary":false,"website":null,"websiteSourceUrl":null,"sourceUrl":"https://data.calgary.ca/d/fd9t-tdn2","communityCode":"FLN","quadrant":"SE","areaCodes":["FLN","Q_SE"]},"geometry":{"type":"Point","coordinates":[-113.9689639,51.0424098]}},{"type":"Feature","id":"{D67E273C-B26E-4CD5-A476-D2EEFA2DEE1D}","properties":{"id":"{D67E273C-B26E-4CD5-A476-D2EEFA2DEE1D}","name":"Chinook Winds Adventist Academy","address":"10101 - 2nd Avenue S.W.","locationNote":null,"board":"Alberta Conference of 7th Day Adventist Church","grades":"Elementary/Junior High/Senior High","levels":["elementary","juniorHigh","high"],"levelFlags":{"elementary":true,"juniorHigh":true,"high":true},"postSecondary":false,"website":"http://cwaa.net","websiteSourceUrl":"https://education.alberta.ca/media/1626669/authority_and_school.xlsx","sourceUrl":"https://data.calgary.ca/d/fd9t-tdn2","communityCode":"06B","quadrant":"SW","areaCodes":["06B","Q_SW"]},"geometry":{"type":"Point","coordinates":[-114.2332805,51.0792409]}},{"type":"Feature","id":"{D766ECA5-F20D-4260-9B4A-34D912D09FE8}","properties":{"id":"{D766ECA5-F20D-4260-9B4A-34D912D09FE8}","name":"Menno Simons Christian School","address":"7000 Elkton Drive S.W.","locationNote":null,"board":"The Palliser School Division","grades":"Elementary/Junior High","levels":["elementary","juniorHigh"],"levelFlags":{"elementary":true,"juniorHigh":true,"high":false},"postSecondary":false,"website":"http://mennosimonschristianschool.ca","websiteSourceUrl":"https://education.alberta.ca/media/1626669/authority_and_school.xlsx","sourceUrl":"https://data.calgary.ca/d/fd9t-tdn2","communityCode":"SPH","quadrant":"SW","areaCodes":["Q_SW","SPH"]},"geometry":{"type":"Point","coordinates":[-114.1885153,51.024207]}},{"type":"Feature","id":"{D8D521FD-2A38-4169-A408-6323BD0DBDDB}","properties":{"id":"{D8D521FD-2A38-4169-A408-6323BD0DBDDB}","name":"CLS James Fowler Writing Centre","address":"4004 4 St NE","locationNote":null,"board":"The Calgary School Division","grades":"Unknown","levels":["unknown"],"levelFlags":{"elementary":false,"juniorHigh":false,"high":false},"postSecondary":false,"website":"http://www.chinooklearningservices.com","websiteSourceUrl":"https://education.alberta.ca/media/1626669/authority_and_school.xlsx","sourceUrl":"https://data.calgary.ca/d/fd9t-tdn2","communityCode":"HPK","quadrant":"NW","areaCodes":["HPK","Q_NW"]},"geometry":{"type":"Point","coordinates":[-114.0705306,51.0865389]}},{"type":"Feature","id":"{D8E41ABF-1043-4D5C-B5F1-F59343F7178E}","properties":{"id":"{D8E41ABF-1043-4D5C-B5F1-F59343F7178E}","name":"St. Rupert School","address":"111 Rundlehill Drive N.E.","locationNote":null,"board":"The Calgary Roman Catholic Separate School Division","grades":"Elementary","levels":["elementary"],"levelFlags":{"elementary":true,"juniorHigh":false,"high":false},"postSecondary":false,"website":"http://www.cssd.ab.ca/schools/strupert","websiteSourceUrl":"https://education.alberta.ca/media/1626669/authority_and_school.xlsx","sourceUrl":"https://data.calgary.ca/d/fd9t-tdn2","communityCode":"RUN","quadrant":"NE","areaCodes":["Q_NE","RUN"]},"geometry":{"type":"Point","coordinates":[-113.9705409,51.07692]}},{"type":"Feature","id":"{D95CE5E3-848F-43BD-934F-660C43C4D831}","properties":{"id":"{D95CE5E3-848F-43BD-934F-660C43C4D831}","name":"CLS Lord Shaughnessy Writing Centre","address":"2336 53 Ave SW","locationNote":null,"board":"The Calgary School Division","grades":"Unknown","levels":["unknown"],"levelFlags":{"elementary":false,"juniorHigh":false,"high":false},"postSecondary":false,"website":"http://www.chinooklearningservices.com","websiteSourceUrl":"https://education.alberta.ca/media/1626669/authority_and_school.xlsx","sourceUrl":"https://data.calgary.ca/d/fd9t-tdn2","communityCode":"NGM","quadrant":"SW","areaCodes":["NGM","Q_SW"]},"geometry":{"type":"Point","coordinates":[-114.113942,51.0065237]}},{"type":"Feature","id":"{DA6A2394-4D35-4ECE-A7B1-61E0732BFC96}","properties":{"id":"{DA6A2394-4D35-4ECE-A7B1-61E0732BFC96}","name":"Richmond School","address":"2701 - 22 St SW","locationNote":null,"board":"The Calgary School Division","grades":"Elementary","levels":["elementary"],"levelFlags":{"elementary":true,"juniorHigh":false,"high":false},"postSecondary":false,"website":"http://school.cbe.ab.ca/school/richmond/Pages/defa","websiteSourceUrl":"https://education.alberta.ca/media/1626669/authority_and_school.xlsx","sourceUrl":"https://data.calgary.ca/d/fd9t-tdn2","communityCode":"RIC","quadrant":"SW","areaCodes":["Q_SW","RIC"]},"geometry":{"type":"Point","coordinates":[-114.1150529,51.0301394]}},{"type":"Feature","id":"{DA8489C7-7473-468F-A95B-D9DBD80CF8FA}","properties":{"id":"{DA8489C7-7473-468F-A95B-D9DBD80CF8FA}","name":"Bishop Pinkham School","address":"3304  63 Ave SW","locationNote":null,"board":"The Calgary School Division","grades":"Junior High","levels":["juniorHigh"],"levelFlags":{"elementary":false,"juniorHigh":true,"high":false},"postSecondary":false,"website":"http://school.cbe.ab.ca/school/BishopPinkham","websiteSourceUrl":"https://education.alberta.ca/media/1626669/authority_and_school.xlsx","sourceUrl":"https://data.calgary.ca/d/fd9t-tdn2","communityCode":"LKV","quadrant":"SW","areaCodes":["LKV","Q_SW"]},"geometry":{"type":"Point","coordinates":[-114.1307135,50.9972697]}},{"type":"Feature","id":"{DAB01B5D-AB59-44A9-AC49-C2088BE0443B}","properties":{"id":"{DAB01B5D-AB59-44A9-AC49-C2088BE0443B}","name":"Project Trust","address":"3610 - 9th Street SE","locationNote":null,"board":"The Calgary School Division","grades":"Unknown","levels":["unknown"],"levelFlags":{"elementary":false,"juniorHigh":false,"high":false},"postSecondary":false,"website":"https://school.cbe.ab.ca/school/discoveringchoices","websiteSourceUrl":"https://education.alberta.ca/media/1626669/authority_and_school.xlsx","sourceUrl":"https://data.calgary.ca/d/fd9t-tdn2","communityCode":"MOP","quadrant":"NW","areaCodes":["MOP","Q_NW"]},"geometry":{"type":"Point","coordinates":[-114.0828546,51.072077]}},{"type":"Feature","id":"{DACAF391-F25E-4563-A708-7FDBF20C66DA}","properties":{"id":"{DACAF391-F25E-4563-A708-7FDBF20C66DA}","name":"West Dalhousie School","address":"6502  58 St NW","locationNote":null,"board":"The Calgary School Division","grades":"Elementary","levels":["elementary"],"levelFlags":{"elementary":true,"juniorHigh":false,"high":false},"postSecondary":false,"website":"http://schools.cbe.ab.ca/b344/","websiteSourceUrl":"https://education.alberta.ca/media/1626669/authority_and_school.xlsx","sourceUrl":"https://data.calgary.ca/d/fd9t-tdn2","communityCode":"DAL","quadrant":"NW","areaCodes":["DAL","Q_NW"]},"geometry":{"type":"Point","coordinates":[-114.1695532,51.1111749]}},{"type":"Feature","id":"{DE6A11AA-69A3-48B2-9157-B1B15ABA564B}","properties":{"id":"{DE6A11AA-69A3-48B2-9157-B1B15ABA564B}","name":"John Ware School","address":"10020  19 St SW","locationNote":null,"board":"The Calgary School Division","grades":"Junior High","levels":["juniorHigh"],"levelFlags":{"elementary":false,"juniorHigh":true,"high":false},"postSecondary":false,"website":"http://www.cbe.ab.ca/b603","websiteSourceUrl":"https://education.alberta.ca/media/1626669/authority_and_school.xlsx","sourceUrl":"https://data.calgary.ca/d/fd9t-tdn2","communityCode":"PUM","quadrant":"SW","areaCodes":["PUM","Q_SW"]},"geometry":{"type":"Point","coordinates":[-114.105319,50.9636615]}},{"type":"Feature","id":"{DE6AE0A3-799F-465C-B8C2-288CB8BAC1FD}","properties":{"id":"{DE6AE0A3-799F-465C-B8C2-288CB8BAC1FD}","name":"Colonel Walker School","address":"1921  9 Ave SE","locationNote":null,"board":"The Calgary School Division","grades":"Elementary","levels":["elementary"],"levelFlags":{"elementary":true,"juniorHigh":false,"high":false},"postSecondary":false,"website":"http://school.cbe.ab.ca/school/ColonelWalker/Pages","websiteSourceUrl":"https://education.alberta.ca/media/1626669/authority_and_school.xlsx","sourceUrl":"https://data.calgary.ca/d/fd9t-tdn2","communityCode":"ING","quadrant":"SE","areaCodes":["ING","Q_SE"]},"geometry":{"type":"Point","coordinates":[-114.019049,51.0343687]}},{"type":"Feature","id":"{DEFC0C6B-B36F-4D18-9D09-FD472F23659C}","properties":{"id":"{DEFC0C6B-B36F-4D18-9D09-FD472F23659C}","name":"Holy Cross Elementary Junior High School","address":"3719 - 26 Avenue S.E.","locationNote":null,"board":"The Calgary Roman Catholic Separate School Division","grades":"Elementary/Junior High","levels":["elementary","juniorHigh"],"levelFlags":{"elementary":true,"juniorHigh":true,"high":false},"postSecondary":false,"website":"http://www.cssd.ba.ca/holycross","websiteSourceUrl":"https://education.alberta.ca/media/1626669/authority_and_school.xlsx","sourceUrl":"https://data.calgary.ca/d/fd9t-tdn2","communityCode":"DOV","quadrant":"SE","areaCodes":["DOV","Q_SE"]},"geometry":{"type":"Point","coordinates":[-113.9795768,51.0300622]}},{"type":"Feature","id":"{DF794E74-08FB-4D8D-8CF6-F40C501551EA}","properties":{"id":"{DF794E74-08FB-4D8D-8CF6-F40C501551EA}","name":"Chinook Learning Services","address":"2336 53 Ave SW","locationNote":"The City publishes a southwest address with a map point in Tuxedo Park. Confirm the current campus before using this distance.","board":"The Calgary School Division","grades":"Senior High","levels":["high"],"levelFlags":{"elementary":false,"juniorHigh":false,"high":true},"postSecondary":false,"website":null,"websiteSourceUrl":null,"sourceUrl":"https://data.calgary.ca/d/fd9t-tdn2","communityCode":"TUX","quadrant":"NW","areaCodes":["Q_NW","TUX"]},"geometry":{"type":"Point","coordinates":[-114.0654399,51.0685884]}},{"type":"Feature","id":"{DFA57053-B5A4-4EC1-A795-927CAD75F8F9}","properties":{"id":"{DFA57053-B5A4-4EC1-A795-927CAD75F8F9}","name":"Huntington Hills School","address":"820  64 Ave NW","locationNote":null,"board":"The Calgary School Division","grades":"Elementary","levels":["elementary"],"levelFlags":{"elementary":true,"juniorHigh":false,"high":false},"postSecondary":false,"website":"https://huntingtonhills.cbe.ab.ca/","websiteSourceUrl":"https://education.alberta.ca/media/1626669/authority_and_school.xlsx","sourceUrl":"https://data.calgary.ca/d/fd9t-tdn2","communityCode":"HUN","quadrant":"NW","areaCodes":["HUN","Q_NW"]},"geometry":{"type":"Point","coordinates":[-114.0774711,51.1122157]}},{"type":"Feature","id":"{DFDA5522-2524-4E0A-85AB-47FF60479A22}","properties":{"id":"{DFDA5522-2524-4E0A-85AB-47FF60479A22}","name":"CBe-learn","address":"2336 53 Avenue SW","locationNote":null,"board":"The Calgary School Division","grades":"Elementary/Junior High/Senior High","levels":["elementary","juniorHigh","high"],"levelFlags":{"elementary":true,"juniorHigh":true,"high":true},"postSecondary":false,"website":"http://www.cbelearn.ca","websiteSourceUrl":"https://education.alberta.ca/media/1626669/authority_and_school.xlsx","sourceUrl":"https://data.calgary.ca/d/fd9t-tdn2","communityCode":"NGM","quadrant":"SW","areaCodes":["NGM","Q_SW"]},"geometry":{"type":"Point","coordinates":[-114.113942,51.0065237]}},{"type":"Feature","id":"{DFDE1089-E6E9-4C24-8110-ADE04B344F70}","properties":{"id":"{DFDE1089-E6E9-4C24-8110-ADE04B344F70}","name":"Monsignor J. J. O'Brien","address":"99 Bridlewood Road SW","locationNote":null,"board":"The Calgary Roman Catholic Separate School Division","grades":"Elementary/Junior High","levels":["elementary","juniorHigh"],"levelFlags":{"elementary":true,"juniorHigh":true,"high":false},"postSecondary":false,"website":"http://www.cssd.ab.ca/schools/msgrobrien/","websiteSourceUrl":"https://education.alberta.ca/media/1626669/authority_and_school.xlsx","sourceUrl":"https://data.calgary.ca/d/fd9t-tdn2","communityCode":"BRI","quadrant":"SW","areaCodes":["BRI","Q_SW"]},"geometry":{"type":"Point","coordinates":[-114.103873,50.9015731]}},{"type":"Feature","id":"{DFEEA5A8-9E82-4CF3-9B76-BB497C986347}","properties":{"id":"{DFEEA5A8-9E82-4CF3-9B76-BB497C986347}","name":"Alex Munro School","address":"427 78 Ave NE","locationNote":null,"board":"The Calgary School Division","grades":"Elementary","levels":["elementary"],"levelFlags":{"elementary":true,"juniorHigh":false,"high":false},"postSecondary":false,"website":"http://school.cbe.ab.ca/school/AlexMunro/","websiteSourceUrl":"https://education.alberta.ca/media/1626669/authority_and_school.xlsx","sourceUrl":"https://data.calgary.ca/d/fd9t-tdn2","communityCode":"HUN","quadrant":"NE","areaCodes":["HUN","Q_NE"]},"geometry":{"type":"Point","coordinates":[-114.0614094,51.1206541]}},{"type":"Feature","id":"{E00442CD-A1C7-42A1-A0D2-C5D6F146AA88}","properties":{"id":"{E00442CD-A1C7-42A1-A0D2-C5D6F146AA88}","name":"North Trail High School","address":"12500 Harvest Hills Blvd. NE","locationNote":null,"board":"The Calgary School Division","grades":"Senior High","levels":["high"],"levelFlags":{"elementary":false,"juniorHigh":false,"high":true},"postSecondary":false,"website":"https://northtrail.cbe.ab.ca/","websiteSourceUrl":"https://education.alberta.ca/media/1626669/authority_and_school.xlsx","sourceUrl":"https://data.calgary.ca/d/fd9t-tdn2","communityCode":"COV","quadrant":"NE","areaCodes":["COV","Q_NE"]},"geometry":{"type":"Point","coordinates":[-114.0664694,51.1675881]}},{"type":"Feature","id":"{E086ADED-AB61-4FFA-A95D-4E09876DF247}","properties":{"id":"{E086ADED-AB61-4FFA-A95D-4E09876DF247}","name":"Juno Beach Academy of Canadian Studies","address":"315 - 86 Avenue SE","locationNote":null,"board":"The Calgary School Division","grades":"Unknown","levels":["unknown"],"levelFlags":{"elementary":false,"juniorHigh":false,"high":false},"postSecondary":false,"website":"http://schools.cbe.ab.ca/b872/","websiteSourceUrl":"https://education.alberta.ca/media/1626669/authority_and_school.xlsx","sourceUrl":"https://data.calgary.ca/d/fd9t-tdn2","communityCode":"ACA","quadrant":"SE","areaCodes":["ACA","Q_SE"]},"geometry":{"type":"Point","coordinates":[-114.0650787,50.9753272]}},{"type":"Feature","id":"{E08CA44A-310B-4765-BC76-A1B42262FF0E}","properties":{"id":"{E08CA44A-310B-4765-BC76-A1B42262FF0E}","name":"Taradale School","address":"170 Taravista Dr NE","locationNote":null,"board":"The Calgary School Division","grades":"Elementary","levels":["elementary"],"levelFlags":{"elementary":true,"juniorHigh":false,"high":false},"postSecondary":false,"website":"http://school.cbe.ab.ca/school/taradale/","websiteSourceUrl":"https://education.alberta.ca/media/1626669/authority_and_school.xlsx","sourceUrl":"https://data.calgary.ca/d/fd9t-tdn2","communityCode":"TAR","quadrant":"NE","areaCodes":["Q_NE","TAR"]},"geometry":{"type":"Point","coordinates":[-113.9377693,51.1212598]}},{"type":"Feature","id":"{E0D63186-F24A-4A6A-8422-DDDF87EE69AB}","properties":{"id":"{E0D63186-F24A-4A6A-8422-DDDF87EE69AB}","name":"H. D. Cartwright School","address":"5500 Dalhart Rd NW","locationNote":null,"board":"The Calgary School Division","grades":"Junior High","levels":["juniorHigh"],"levelFlags":{"elementary":false,"juniorHigh":true,"high":false},"postSecondary":false,"website":"http://www.cbe.ab.ca/b660","websiteSourceUrl":"https://education.alberta.ca/media/1626669/authority_and_school.xlsx","sourceUrl":"https://data.calgary.ca/d/fd9t-tdn2","communityCode":"DAL","quadrant":"NW","areaCodes":["DAL","Q_NW"]},"geometry":{"type":"Point","coordinates":[-114.1613417,51.1126553]}},{"type":"Feature","id":"{E0EBD039-8008-4782-8DA6-98FB437287DE}","properties":{"id":"{E0EBD039-8008-4782-8DA6-98FB437287DE}","name":"Ethel M. Johnson School","address":"255 Sackville Dr SW","locationNote":null,"board":"The Calgary School Division","grades":"Elementary","levels":["elementary"],"levelFlags":{"elementary":true,"juniorHigh":false,"high":false},"postSecondary":false,"website":"http://school.cbe.ab.ca/school/EthelMJohnson/Pages","websiteSourceUrl":"https://education.alberta.ca/media/1626669/authority_and_school.xlsx","sourceUrl":"https://data.calgary.ca/d/fd9t-tdn2","communityCode":"SOW","quadrant":"SW","areaCodes":["Q_SW","SOW"]},"geometry":{"type":"Point","coordinates":[-114.0890531,50.9554801]}},{"type":"Feature","id":"{E1D83FED-247A-4BA4-B754-6465ED0B4E4E}","properties":{"id":"{E1D83FED-247A-4BA4-B754-6465ED0B4E4E}","name":"Akiva Academy","address":"140 Haddon Road S.W.","locationNote":null,"board":"Congregation House of Jacob-Mikveh Israel","grades":"Elementary/Junior High","levels":["elementary","juniorHigh"],"levelFlags":{"elementary":true,"juniorHigh":true,"high":false},"postSecondary":false,"website":"http://www.akiva.ca","websiteSourceUrl":"https://education.alberta.ca/media/1626669/authority_and_school.xlsx","sourceUrl":"https://data.calgary.ca/d/fd9t-tdn2","communityCode":"HAY","quadrant":"SW","areaCodes":["HAY","Q_SW"]},"geometry":{"type":"Point","coordinates":[-114.0778378,50.9732841]}},{"type":"Feature","id":"{E242F748-76F1-4D3C-B8AB-80CB6A4F8167}","properties":{"id":"{E242F748-76F1-4D3C-B8AB-80CB6A4F8167}","name":"Father Scollen School","address":"6839 Temple Drive N.E.","locationNote":null,"board":"The Calgary Roman Catholic Separate School Division","grades":"Elementary/Junior High","levels":["elementary","juniorHigh"],"levelFlags":{"elementary":true,"juniorHigh":true,"high":false},"postSecondary":false,"website":"http://www.cssd.ab.ca/schools/fatherscollen","websiteSourceUrl":"https://education.alberta.ca/media/1626669/authority_and_school.xlsx","sourceUrl":"https://data.calgary.ca/d/fd9t-tdn2","communityCode":"TEM","quadrant":"NE","areaCodes":["Q_NE","TEM"]},"geometry":{"type":"Point","coordinates":[-113.9419774,51.0930273]}},{"type":"Feature","id":"{E25F1D18-D0F9-47D1-B77A-11E19ECB247B}","properties":{"id":"{E25F1D18-D0F9-47D1-B77A-11E19ECB247B}","name":"St. Isabella School","address":"855 Copperfield Blvd SE","locationNote":null,"board":"The Calgary Roman Catholic Separate School Division","grades":"Elementary/Junior High","levels":["elementary","juniorHigh"],"levelFlags":{"elementary":true,"juniorHigh":true,"high":false},"postSecondary":false,"website":"http://www.cssd.ab.ca/schools/stisabella","websiteSourceUrl":"https://education.alberta.ca/media/1626669/authority_and_school.xlsx","sourceUrl":"https://data.calgary.ca/d/fd9t-tdn2","communityCode":"CPF","quadrant":"SE","areaCodes":["CPF","Q_SE"]},"geometry":{"type":"Point","coordinates":[-113.9360032,50.9105899]}},{"type":"Feature","id":"{E2881E62-272D-47C6-94E4-D9608DE0FF3E}","properties":{"id":"{E2881E62-272D-47C6-94E4-D9608DE0FF3E}","name":"Rundle College Elementary School","address":"7615 - 17 Ave SW","locationNote":null,"board":"Rundle College Society","grades":"Elementary","levels":["elementary"],"levelFlags":{"elementary":true,"juniorHigh":false,"high":false},"postSecondary":false,"website":"http://www.rundle.ab.ca","websiteSourceUrl":"https://education.alberta.ca/media/1626669/authority_and_school.xlsx","sourceUrl":"https://data.calgary.ca/d/fd9t-tdn2","communityCode":"SPH","quadrant":"SW","areaCodes":["Q_SW","SPH"]},"geometry":{"type":"Point","coordinates":[-114.197334,51.0367198]}},{"type":"Feature","id":"{E2A6A42C-2CA6-4E9A-80DA-C31769BEC17A}","properties":{"id":"{E2A6A42C-2CA6-4E9A-80DA-C31769BEC17A}","name":"Royal Oak School","address":"9100 Royal Birch Blvd NW","locationNote":null,"board":"The Calgary School Division","grades":"Elementary","levels":["elementary"],"levelFlags":{"elementary":true,"juniorHigh":false,"high":false},"postSecondary":false,"website":"http://school.cbe.ab.ca/school/RoyalOak/","websiteSourceUrl":"https://education.alberta.ca/media/1626669/authority_and_school.xlsx","sourceUrl":"https://data.calgary.ca/d/fd9t-tdn2","communityCode":"ROY","quadrant":"NW","areaCodes":["Q_NW","ROY"]},"geometry":{"type":"Point","coordinates":[-114.2220836,51.1455795]}},{"type":"Feature","id":"{E2B67687-2109-47A1-AFC8-82D835EA4EA1}","properties":{"id":"{E2B67687-2109-47A1-AFC8-82D835EA4EA1}","name":"Chris Akkerman School","address":"5004 Marbank Dr NE","locationNote":null,"board":"The Calgary School Division","grades":"Elementary","levels":["elementary"],"levelFlags":{"elementary":true,"juniorHigh":false,"high":false},"postSecondary":false,"website":"http://school.cbe.ab.ca/school/ChrisAkkerman/Pages","websiteSourceUrl":"https://education.alberta.ca/media/1626669/authority_and_school.xlsx","sourceUrl":"https://data.calgary.ca/d/fd9t-tdn2","communityCode":"MRL","quadrant":"NE","areaCodes":["MRL","Q_NE"]},"geometry":{"type":"Point","coordinates":[-113.9630252,51.063764]}},{"type":"Feature","id":"{E36EFC3F-AB98-4D29-A190-16CF729E5D61}","properties":{"id":"{E36EFC3F-AB98-4D29-A190-16CF729E5D61}","name":"St. Philip School","address":"13825 Parkside Drive S.E.","locationNote":null,"board":"The Calgary Roman Catholic Separate School Division","grades":"Elementary","levels":["elementary"],"levelFlags":{"elementary":true,"juniorHigh":false,"high":false},"postSecondary":false,"website":"http://www.cssd.ab.ca/schools/stphilip","websiteSourceUrl":"https://education.alberta.ca/media/1626669/authority_and_school.xlsx","sourceUrl":"https://data.calgary.ca/d/fd9t-tdn2","communityCode":"PKL","quadrant":"SE","areaCodes":["PKL","Q_SE"]},"geometry":{"type":"Point","coordinates":[-114.0382888,50.9278894]}},{"type":"Feature","id":"{E44C2F88-BD76-4EC9-9290-D2D8C509CB05}","properties":{"id":"{E44C2F88-BD76-4EC9-9290-D2D8C509CB05}","name":"Prairie Sky School","address":"201 Skyview Ranch Road NE","locationNote":null,"board":"The Calgary School Division","grades":"Elementary/Junior High","levels":["elementary","juniorHigh"],"levelFlags":{"elementary":true,"juniorHigh":true,"high":false},"postSecondary":false,"website":"http://school.cbe.ab.ca/school/prairiesky","websiteSourceUrl":"https://education.alberta.ca/media/1626669/authority_and_school.xlsx","sourceUrl":"https://data.calgary.ca/d/fd9t-tdn2","communityCode":"SKR","quadrant":"NE","areaCodes":["Q_NE","SKR"]},"geometry":{"type":"Point","coordinates":[-113.9569039,51.1621393]}},{"type":"Feature","id":"{E492F35F-A84B-41D0-AC07-687E6A8BA8B9}","properties":{"id":"{E492F35F-A84B-41D0-AC07-687E6A8BA8B9}","name":"École Terre des Jeunes","address":"3720 - 42 Street NW","locationNote":null,"board":"The Southern Francophone Education Region","grades":"Elementary","levels":["elementary"],"levelFlags":{"elementary":true,"juniorHigh":false,"high":false},"postSecondary":false,"website":"http://www.terredesjeunes.francosud.ca","websiteSourceUrl":"https://education.alberta.ca/media/1626669/authority_and_school.xlsx","sourceUrl":"https://data.calgary.ca/d/fd9t-tdn2","communityCode":"VAR","quadrant":"NW","areaCodes":["Q_NW","VAR"]},"geometry":{"type":"Point","coordinates":[-114.149987,51.0853162]}},{"type":"Feature","id":"{E60CB248-1F04-42EA-9E46-DAC77699C0F6}","properties":{"id":"{E60CB248-1F04-42EA-9E46-DAC77699C0F6}","name":"St. Vincent De Paul Elementary Junior High School","address":"4525 - 49 Street N.W.","locationNote":null,"board":"The Calgary Roman Catholic Separate School Division","grades":"Elementary/Junior High","levels":["elementary","juniorHigh"],"levelFlags":{"elementary":true,"juniorHigh":true,"high":false},"postSecondary":false,"website":"http://www.cssd.ab.ca/schools/stvincent","websiteSourceUrl":"https://education.alberta.ca/media/1626669/authority_and_school.xlsx","sourceUrl":"https://data.calgary.ca/d/fd9t-tdn2","communityCode":"VAR","quadrant":"NW","areaCodes":["Q_NW","VAR"]},"geometry":{"type":"Point","coordinates":[-114.159824,51.0931438]}},{"type":"Feature","id":"{E62307A9-60E4-4D27-8E97-33D0040F3FE8}","properties":{"id":"{E62307A9-60E4-4D27-8E97-33D0040F3FE8}","name":"St. Damien School","address":"3619 - 28 Street S.E.","locationNote":null,"board":"The Calgary Roman Catholic Separate School Division","grades":"Elementary","levels":["elementary"],"levelFlags":{"elementary":true,"juniorHigh":false,"high":false},"postSecondary":false,"website":"http://www.cssd.ab.ca/schools/stdamien","websiteSourceUrl":"https://education.alberta.ca/media/1626669/authority_and_school.xlsx","sourceUrl":"https://data.calgary.ca/d/fd9t-tdn2","communityCode":"DOV","quadrant":"SE","areaCodes":["DOV","Q_SE"]},"geometry":{"type":"Point","coordinates":[-113.9922423,51.021927]}},{"type":"Feature","id":"{E672B976-97D1-497C-B43D-41595EF555AA}","properties":{"id":"{E672B976-97D1-497C-B43D-41595EF555AA}","name":"Wildwood School","address":"120  45 St SW","locationNote":null,"board":"The Calgary School Division","grades":"Elementary","levels":["elementary"],"levelFlags":{"elementary":true,"juniorHigh":false,"high":false},"postSecondary":false,"website":"https://wildwood.cbe.ab.ca/","websiteSourceUrl":"https://education.alberta.ca/media/1626669/authority_and_school.xlsx","sourceUrl":"https://data.calgary.ca/d/fd9t-tdn2","communityCode":"WLD","quadrant":"SW","areaCodes":["Q_SW","WLD"]},"geometry":{"type":"Point","coordinates":[-114.1521308,51.0515963]}},{"type":"Feature","id":"{E73ECF0F-BFE9-430A-9AC5-66C1235196C2}","properties":{"id":"{E73ECF0F-BFE9-430A-9AC5-66C1235196C2}","name":"Dr. Oakley School","address":"3904  20 St SW","locationNote":null,"board":"The Calgary School Division","grades":"Elementary/Junior High/Senior High","levels":["elementary","juniorHigh","high"],"levelFlags":{"elementary":true,"juniorHigh":true,"high":true},"postSecondary":false,"website":"http://schools.cbe.ab.ca/b630/","websiteSourceUrl":"https://education.alberta.ca/media/1626669/authority_and_school.xlsx","sourceUrl":"https://data.calgary.ca/d/fd9t-tdn2","communityCode":"ALT","quadrant":"SW","areaCodes":["ALT","Q_SW"]},"geometry":{"type":"Point","coordinates":[-114.1084497,51.019279]}},{"type":"Feature","id":"{E7A10666-27F2-443A-B22F-E2ACB6038AB1}","properties":{"id":"{E7A10666-27F2-443A-B22F-E2ACB6038AB1}","name":"Bob Edwards School","address":"4424 Marlborough Dr NE","locationNote":null,"board":"The Calgary School Division","grades":"Elementary/Junior High","levels":["elementary","juniorHigh"],"levelFlags":{"elementary":true,"juniorHigh":true,"high":false},"postSecondary":false,"website":"https://bobedwards.cbe.ab.ca/","websiteSourceUrl":"https://education.alberta.ca/media/1626669/authority_and_school.xlsx","sourceUrl":"https://data.calgary.ca/d/fd9t-tdn2","communityCode":"MRL","quadrant":"NE","areaCodes":["MRL","Q_NE"]},"geometry":{"type":"Point","coordinates":[-113.968788,51.0599362]}},{"type":"Feature","id":"{E7F21BDA-280B-400E-AB40-4E5C3BC8DD0F}","properties":{"id":"{E7F21BDA-280B-400E-AB40-4E5C3BC8DD0F}","name":"Buffalo Rubbing Stone School","address":"1308 Panatella Blvd NW","locationNote":null,"board":"The Calgary School Division","grades":"Elementary","levels":["elementary"],"levelFlags":{"elementary":true,"juniorHigh":false,"high":false},"postSecondary":false,"website":"http://school.cbe.ab.ca/school/BuffaloRubbingStone","websiteSourceUrl":"https://education.alberta.ca/media/1626669/authority_and_school.xlsx","sourceUrl":"https://data.calgary.ca/d/fd9t-tdn2","communityCode":"PAN","quadrant":"NW","areaCodes":["PAN","Q_NW"]},"geometry":{"type":"Point","coordinates":[-114.0873828,51.1683592]}},{"type":"Feature","id":"{E7F4EF67-9B03-49C4-9521-606DD071CDB3}","properties":{"id":"{E7F4EF67-9B03-49C4-9521-606DD071CDB3}","name":"Captain Nichola Goddard School","address":"405 Panatella Blvd NW","locationNote":null,"board":"The Calgary School Division","grades":"Elementary/Junior High","levels":["elementary","juniorHigh"],"levelFlags":{"elementary":true,"juniorHigh":true,"high":false},"postSecondary":false,"website":"http://school.cbe.ab.ca/school/cptnicholagoddard/P","websiteSourceUrl":"https://education.alberta.ca/media/1626669/authority_and_school.xlsx","sourceUrl":"https://data.calgary.ca/d/fd9t-tdn2","communityCode":"PAN","quadrant":"NW","areaCodes":["PAN","Q_NW"]},"geometry":{"type":"Point","coordinates":[-114.088693,51.1624577]}},{"type":"Feature","id":"{E881A466-B289-4A83-A77A-25A39A018D8C}","properties":{"id":"{E881A466-B289-4A83-A77A-25A39A018D8C}","name":"Rundle School","address":"4120 Rundlehorn Dr NE","locationNote":null,"board":"The Calgary School Division","grades":"Elementary","levels":["elementary"],"levelFlags":{"elementary":true,"juniorHigh":false,"high":false},"postSecondary":false,"website":"https://rundle.cbe.ab.ca/","websiteSourceUrl":"https://education.alberta.ca/media/1626669/authority_and_school.xlsx","sourceUrl":"https://data.calgary.ca/d/fd9t-tdn2","communityCode":"RUN","quadrant":"NE","areaCodes":["Q_NE","RUN"]},"geometry":{"type":"Point","coordinates":[-113.973736,51.0711891]}},{"type":"Feature","id":"{E8C808FB-4453-4263-B792-AD2A8C5100E2}","properties":{"id":"{E8C808FB-4453-4263-B792-AD2A8C5100E2}","name":"Northwest Elementary Campus","address":"719-44 Ave NW","locationNote":null,"board":"Foundations for the Future Charter Academy Charter School Society","grades":"Elementary","levels":["elementary"],"levelFlags":{"elementary":true,"juniorHigh":false,"high":false},"postSecondary":false,"website":"http://www.ffca-calgary.com","websiteSourceUrl":"https://education.alberta.ca/media/1626669/authority_and_school.xlsx","sourceUrl":"https://data.calgary.ca/d/fd9t-tdn2","communityCode":"HIW","quadrant":"NW","areaCodes":["HIW","Q_NW"]},"geometry":{"type":"Point","coordinates":[-114.0780737,51.0931795]}},{"type":"Feature","id":"{E93B8E75-1A70-46B5-B453-AEBA2E14DE4C}","properties":{"id":"{E93B8E75-1A70-46B5-B453-AEBA2E14DE4C}","name":"William D. Pratt School","address":"9850 Royal Oak Dr NW","locationNote":null,"board":"The Calgary School Division","grades":"Elementary/Junior High","levels":["elementary","juniorHigh"],"levelFlags":{"elementary":true,"juniorHigh":true,"high":false},"postSecondary":false,"website":"http://www.cbe.ab.ca/williamdpratt","websiteSourceUrl":"https://education.alberta.ca/media/1626669/authority_and_school.xlsx","sourceUrl":"https://data.calgary.ca/d/fd9t-tdn2","communityCode":"ROY","quadrant":"NW","areaCodes":["Q_NW","ROY"]},"geometry":{"type":"Point","coordinates":[-114.2241069,51.1493674]}},{"type":"Feature","id":"{E93D0305-6CF7-4523-A18E-0C2B05A18B5A}","properties":{"id":"{E93D0305-6CF7-4523-A18E-0C2B05A18B5A}","name":"Montessori School of Calgary","address":"2201 Cliff Street S.W.","locationNote":null,"board":"Montessori School of Calgary","grades":"Elementary","levels":["elementary"],"levelFlags":{"elementary":true,"juniorHigh":false,"high":false},"postSecondary":false,"website":"http://www.montessorischoolofcalgary.com","websiteSourceUrl":"https://education.alberta.ca/media/1626669/authority_and_school.xlsx","sourceUrl":"https://data.calgary.ca/d/fd9t-tdn2","communityCode":"CLI","quadrant":"SW","areaCodes":["CLI","Q_SW"]},"geometry":{"type":"Point","coordinates":[-114.0760919,51.0333678]}},{"type":"Feature","id":"{E967E79A-1358-4B70-9A6F-CC824019982E}","properties":{"id":"{E967E79A-1358-4B70-9A6F-CC824019982E}","name":"Terrace Road School","address":"2103  46 St NW","locationNote":null,"board":"The Calgary School Division","grades":"Elementary","levels":["elementary"],"levelFlags":{"elementary":true,"juniorHigh":false,"high":false},"postSecondary":false,"website":"http://terraceroad.cbe.ab.ca","websiteSourceUrl":"https://education.alberta.ca/media/1626669/authority_and_school.xlsx","sourceUrl":"https://data.calgary.ca/d/fd9t-tdn2","communityCode":"MON","quadrant":"NW","areaCodes":["MON","Q_NW"]},"geometry":{"type":"Point","coordinates":[-114.157946,51.0745086]}},{"type":"Feature","id":"{E98621FC-3B31-458E-942A-DCC45E64F0B9}","properties":{"id":"{E98621FC-3B31-458E-942A-DCC45E64F0B9}","name":"St. Alphonsus Elementary Junior High School","address":"928 Radnor Avenue N.E.","locationNote":null,"board":"The Calgary Roman Catholic Separate School Division","grades":"Elementary/Junior High","levels":["elementary","juniorHigh"],"levelFlags":{"elementary":true,"juniorHigh":true,"high":false},"postSecondary":false,"website":"http://www.cssd.ab.ca/schools/stalphonsus","websiteSourceUrl":"https://education.alberta.ca/media/1626669/authority_and_school.xlsx","sourceUrl":"https://data.calgary.ca/d/fd9t-tdn2","communityCode":"REN","quadrant":"NE","areaCodes":["Q_NE","REN"]},"geometry":{"type":"Point","coordinates":[-114.0414326,51.0645564]}},{"type":"Feature","id":"{E9DB9E79-F3AA-41F3-B748-6FE28475D5D1}","properties":{"id":"{E9DB9E79-F3AA-41F3-B748-6FE28475D5D1}","name":"Woodman School","address":"8706 Elbow Dr SW","locationNote":null,"board":"The Calgary School Division","grades":"Elementary/Junior High","levels":["elementary","juniorHigh"],"levelFlags":{"elementary":true,"juniorHigh":true,"high":false},"postSecondary":false,"website":"http://schools.cbe.ab.ca/b631/","websiteSourceUrl":"https://education.alberta.ca/media/1626669/authority_and_school.xlsx","sourceUrl":"https://data.calgary.ca/d/fd9t-tdn2","communityCode":"HAY","quadrant":"SW","areaCodes":["HAY","Q_SW"]},"geometry":{"type":"Point","coordinates":[-114.0832272,50.975665]}},{"type":"Feature","id":"{EA731D2A-7C58-4945-843F-C9C202D7B103}","properties":{"id":"{EA731D2A-7C58-4945-843F-C9C202D7B103}","name":"David Thompson School","address":"9320 Arbour Cres SE","locationNote":null,"board":"The Calgary School Division","grades":"Elementary/Junior High","levels":["elementary","juniorHigh"],"levelFlags":{"elementary":true,"juniorHigh":true,"high":false},"postSecondary":false,"website":"http://school.cbe.ab.ca/school/davidthompson/Pages","websiteSourceUrl":"https://education.alberta.ca/media/1626669/authority_and_school.xlsx","sourceUrl":"https://data.calgary.ca/d/fd9t-tdn2","communityCode":"ACA","quadrant":"SE","areaCodes":["ACA","Q_SE"]},"geometry":{"type":"Point","coordinates":[-114.0546656,50.9694103]}},{"type":"Feature","id":"{EA916981-9B1E-461B-84B3-2DF3451C729D}","properties":{"id":"{EA916981-9B1E-461B-84B3-2DF3451C729D}","name":"Our Lady of the Assumption School","address":"7311 - 34 Avenue N.W.","locationNote":null,"board":"The Calgary Roman Catholic Separate School Division","grades":"Elementary/Junior High","levels":["elementary","juniorHigh"],"levelFlags":{"elementary":true,"juniorHigh":true,"high":false},"postSecondary":false,"website":"http://www.cssd.ab.ca/schools/assumption","websiteSourceUrl":"https://education.alberta.ca/media/1626669/authority_and_school.xlsx","sourceUrl":"https://data.calgary.ca/d/fd9t-tdn2","communityCode":"BOW","quadrant":"NW","areaCodes":["BOW","Q_NW"]},"geometry":{"type":"Point","coordinates":[-114.1913645,51.0833063]}},{"type":"Feature","id":"{EB81C455-7C34-4E71-85B7-4DF4B5EF0981}","properties":{"id":"{EB81C455-7C34-4E71-85B7-4DF4B5EF0981}","name":"William Reid School","address":"1216  36 Ave SW","locationNote":null,"board":"The Calgary School Division","grades":"Elementary","levels":["elementary"],"levelFlags":{"elementary":true,"juniorHigh":false,"high":false},"postSecondary":false,"website":"http://www.cbe.ab.ca/b142","websiteSourceUrl":"https://education.alberta.ca/media/1626669/authority_and_school.xlsx","sourceUrl":"https://data.calgary.ca/d/fd9t-tdn2","communityCode":"EPK","quadrant":"SW","areaCodes":["EPK","Q_SW"]},"geometry":{"type":"Point","coordinates":[-114.0903571,51.0221812]}},{"type":"Feature","id":"{EBE5E2D6-EC21-440A-A805-76FE387ED476}","properties":{"id":"{EBE5E2D6-EC21-440A-A805-76FE387ED476}","name":"Calgary Chinese Alliance School","address":"150 Beddington Blvd. NE","locationNote":null,"board":"Calgary Chinese Alliance School Society","grades":"Senior High","levels":["high"],"levelFlags":{"elementary":false,"juniorHigh":false,"high":true},"postSecondary":false,"website":"https://ccac.life/eng-chinese-school","websiteSourceUrl":"https://education.alberta.ca/media/1626669/authority_and_school.xlsx","sourceUrl":"https://data.calgary.ca/d/fd9t-tdn2","communityCode":"BED","quadrant":"NE","areaCodes":["BED","Q_NE"]},"geometry":{"type":"Point","coordinates":[-114.0676398,51.1257394]}},{"type":"Feature","id":"{EBF3D0FA-B60D-4280-A5BE-8512C0BFE7C8}","properties":{"id":"{EBF3D0FA-B60D-4280-A5BE-8512C0BFE7C8}","name":"Roland Michener School","address":"5958  4 Ave NE","locationNote":null,"board":"The Calgary School Division","grades":"Elementary","levels":["elementary"],"levelFlags":{"elementary":true,"juniorHigh":false,"high":false},"postSecondary":false,"website":"http://school.cbe.ab.ca/school/RolandMichener","websiteSourceUrl":"https://education.alberta.ca/media/1626669/authority_and_school.xlsx","sourceUrl":"https://data.calgary.ca/d/fd9t-tdn2","communityCode":"MPK","quadrant":"NE","areaCodes":["MPK","Q_NE"]},"geometry":{"type":"Point","coordinates":[-113.9474139,51.0570261]}},{"type":"Feature","id":"{EC1C4562-240C-4885-A4DA-D20B90DD1580}","properties":{"id":"{EC1C4562-240C-4885-A4DA-D20B90DD1580}","name":"Kenneth D. Taylor School","address":"30 Evanscove Cir NW","locationNote":null,"board":"The Calgary School Division","grades":"Elementary","levels":["elementary"],"levelFlags":{"elementary":true,"juniorHigh":false,"high":false},"postSecondary":false,"website":"http://school.cbe.ab.ca/school/kennethdtaylor","websiteSourceUrl":"https://education.alberta.ca/media/1626669/authority_and_school.xlsx","sourceUrl":"https://data.calgary.ca/d/fd9t-tdn2","communityCode":"EVN","quadrant":"NW","areaCodes":["EVN","Q_NW"]},"geometry":{"type":"Point","coordinates":[-114.1177852,51.1651135]}},{"type":"Feature","id":"{ED71191B-243D-4B54-8C1D-778F113993D0}","properties":{"id":"{ED71191B-243D-4B54-8C1D-778F113993D0}","name":"AMBROSE UNIVERSITY","address":null,"locationNote":null,"board":null,"grades":null,"levels":[],"levelFlags":{"elementary":null,"juniorHigh":null,"high":null},"postSecondary":true,"website":null,"websiteSourceUrl":null,"sourceUrl":"https://data.calgary.ca/d/fd9t-tdn2","communityCode":"SPH","quadrant":"SW","areaCodes":["Q_SW","SPH"]},"geometry":{"type":"Point","coordinates":[-114.1930641,51.0337138]}},{"type":"Feature","id":"{EE6C3703-84E3-4629-9641-A22DE21FBC81}","properties":{"id":"{EE6C3703-84E3-4629-9641-A22DE21FBC81}","name":"LYNX West","address":"3311-49 Street SW","locationNote":null,"board":"Third Academy International Ltd.","grades":"Elementary/Junior High","levels":["elementary","juniorHigh"],"levelFlags":{"elementary":true,"juniorHigh":true,"high":false},"postSecondary":false,"website":null,"websiteSourceUrl":null,"sourceUrl":"https://data.calgary.ca/d/fd9t-tdn2","communityCode":"GBK","quadrant":"SW","areaCodes":["GBK","Q_SW"]},"geometry":{"type":"Point","coordinates":[-114.1587786,51.0247923]}},{"type":"Feature","id":"{EE8EDD1B-ABDE-4BC2-989C-4A02B8929F18}","properties":{"id":"{EE8EDD1B-ABDE-4BC2-989C-4A02B8929F18}","name":"Woodbine School","address":"27 Woodfield Way SW","locationNote":null,"board":"The Calgary School Division","grades":"Elementary","levels":["elementary"],"levelFlags":{"elementary":true,"juniorHigh":false,"high":false},"postSecondary":false,"website":"http://school.cbe.ab.ca/school/Woodbine","websiteSourceUrl":"https://education.alberta.ca/media/1626669/authority_and_school.xlsx","sourceUrl":"https://data.calgary.ca/d/fd9t-tdn2","communityCode":"WBN","quadrant":"SW","areaCodes":["Q_SW","WBN"]},"geometry":{"type":"Point","coordinates":[-114.1289569,50.9365396]}},{"type":"Feature","id":"{EEB367DC-FC55-4C4B-8CCE-DB61C33DC5B7}","properties":{"id":"{EEB367DC-FC55-4C4B-8CCE-DB61C33DC5B7}","name":"Dr. George Stanley School","address":"585 Cranston Dr SE","locationNote":null,"board":"The Calgary School Division","grades":"Elementary/Junior High","levels":["elementary","juniorHigh"],"levelFlags":{"elementary":true,"juniorHigh":true,"high":false},"postSecondary":false,"website":"http://school.cbe.ab.ca/school/drgeorgestanley/Pag","websiteSourceUrl":"https://education.alberta.ca/media/1626669/authority_and_school.xlsx","sourceUrl":"https://data.calgary.ca/d/fd9t-tdn2","communityCode":"CRA","quadrant":"SE","areaCodes":["CRA","Q_SE"]},"geometry":{"type":"Point","coordinates":[-113.978303,50.8827839]}},{"type":"Feature","id":"{EF8673F7-92E1-4907-B37E-F4ABA784159E}","properties":{"id":"{EF8673F7-92E1-4907-B37E-F4ABA784159E}","name":"Guardian Angel School","address":"20 Aspen Hills Dr. SW","locationNote":null,"board":"The Calgary Roman Catholic Separate School Division","grades":"Elementary","levels":["elementary"],"levelFlags":{"elementary":true,"juniorHigh":false,"high":false},"postSecondary":false,"website":"http://www.cssd.ab.ca/schools/guardianangel","websiteSourceUrl":"https://education.alberta.ca/media/1626669/authority_and_school.xlsx","sourceUrl":"https://data.calgary.ca/d/fd9t-tdn2","communityCode":"ASP","quadrant":"SW","areaCodes":["ASP","Q_SW"]},"geometry":{"type":"Point","coordinates":[-114.2164797,51.0406355]}},{"type":"Feature","id":"{EFFEEEAC-8330-4160-B485-EB3421BC6880}","properties":{"id":"{EFFEEEAC-8330-4160-B485-EB3421BC6880}","name":"Haysboro School","address":"1123  87 Avenue SW","locationNote":null,"board":"The Calgary School Division","grades":"Elementary","levels":["elementary"],"levelFlags":{"elementary":true,"juniorHigh":false,"high":false},"postSecondary":false,"website":"https://school.cbe.ab.ca/school/Haysboro/Pages/def","websiteSourceUrl":"https://education.alberta.ca/media/1626669/authority_and_school.xlsx","sourceUrl":"https://data.calgary.ca/d/fd9t-tdn2","communityCode":"HAY","quadrant":"SW","areaCodes":["HAY","Q_SW"]},"geometry":{"type":"Point","coordinates":[-114.08915,50.9755019]}},{"type":"Feature","id":"{F04926A3-F6A1-4CF8-A79D-687AE7880D86}","properties":{"id":"{F04926A3-F6A1-4CF8-A79D-687AE7880D86}","name":"Central Memorial High School","address":"5111  21 St SW","locationNote":null,"board":"The Calgary School Division","grades":"Senior High","levels":["high"],"levelFlags":{"elementary":false,"juniorHigh":false,"high":true},"postSecondary":false,"website":"http://www.cbe.ab.ca/b823","websiteSourceUrl":"https://education.alberta.ca/media/1626669/authority_and_school.xlsx","sourceUrl":"https://data.calgary.ca/d/fd9t-tdn2","communityCode":"NGM","quadrant":"SW","areaCodes":["NGM","Q_SW"]},"geometry":{"type":"Point","coordinates":[-114.1135347,51.0079346]}},{"type":"Feature","id":"{F057F3FB-19F1-484F-9549-2C8F3F669497}","properties":{"id":"{F057F3FB-19F1-484F-9549-2C8F3F669497}","name":"Dr. Roberta Bondar School","address":"1580 Strathcona Dr SW","locationNote":null,"board":"The Calgary School Division","grades":"Elementary","levels":["elementary"],"levelFlags":{"elementary":true,"juniorHigh":false,"high":false},"postSecondary":false,"website":"http://schools.cbe.ab.ca/b127/","websiteSourceUrl":"https://education.alberta.ca/media/1626669/authority_and_school.xlsx","sourceUrl":"https://data.calgary.ca/d/fd9t-tdn2","communityCode":"STR","quadrant":"SW","areaCodes":["Q_SW","STR"]},"geometry":{"type":"Point","coordinates":[-114.2055447,51.0503435]}},{"type":"Feature","id":"{F06ADA50-993E-444A-9347-A25BD8AD0DB4}","properties":{"id":"{F06ADA50-993E-444A-9347-A25BD8AD0DB4}","name":"Riverside School","address":"107 6A St NE","locationNote":null,"board":"The Calgary School Division","grades":"Elementary/Junior High","levels":["elementary","juniorHigh"],"levelFlags":{"elementary":true,"juniorHigh":true,"high":false},"postSecondary":false,"website":"https://riverside.cbe.ab.ca/","websiteSourceUrl":"https://education.alberta.ca/media/1626669/authority_and_school.xlsx","sourceUrl":"https://data.calgary.ca/d/fd9t-tdn2","communityCode":"BRD","quadrant":"NE","areaCodes":["BRD","Q_NE"]},"geometry":{"type":"Point","coordinates":[-114.0477239,51.0528574]}},{"type":"Feature","id":"{F091B0F5-34B9-4FE2-A386-33CEC7BC8D94}","properties":{"id":"{F091B0F5-34B9-4FE2-A386-33CEC7BC8D94}","name":"Divine Mercy School","address":"228 Mahogany Blvd. SE","locationNote":null,"board":"The Calgary Roman Catholic Separate School Division","grades":"Elementary","levels":["elementary"],"levelFlags":{"elementary":true,"juniorHigh":false,"high":false},"postSecondary":false,"website":"http://www.cssd.ab.ca/schools/divinemercy","websiteSourceUrl":"https://education.alberta.ca/media/1626669/authority_and_school.xlsx","sourceUrl":"https://data.calgary.ca/d/fd9t-tdn2","communityCode":"MAH","quadrant":"SE","areaCodes":["MAH","Q_SE"]},"geometry":{"type":"Point","coordinates":[-113.923972,50.9015634]}},{"type":"Feature","id":"{F0DECDAD-F1EB-4321-B156-E81E1E06605F}","properties":{"id":"{F0DECDAD-F1EB-4321-B156-E81E1E06605F}","name":"Calgary Christian High School","address":"5029 - 26 Avenue S.W.","locationNote":null,"board":"The Palliser School Division","grades":"Junior High/Senior High","levels":["juniorHigh","high"],"levelFlags":{"elementary":false,"juniorHigh":true,"high":true},"postSecondary":false,"website":"http://www.calgarychristianschool.com","websiteSourceUrl":"https://education.alberta.ca/media/1626669/authority_and_school.xlsx","sourceUrl":"https://data.calgary.ca/d/fd9t-tdn2","communityCode":"GBK","quadrant":"SW","areaCodes":["GBK","Q_SW"]},"geometry":{"type":"Point","coordinates":[-114.1589554,51.0297701]}},{"type":"Feature","id":"{F1004DC5-3261-4FFF-9E77-CC9F4271ADD1}","properties":{"id":"{F1004DC5-3261-4FFF-9E77-CC9F4271ADD1}","name":"Maria Montessori School - cSPACE King Edward Location","address":"cSPACE Projects  1721-29 Avenue SW","locationNote":null,"board":"Maria Montessori Education Centre of Calgary, Ltd.","grades":"Unknown","levels":["unknown"],"levelFlags":{"elementary":false,"juniorHigh":false,"high":false},"postSecondary":false,"website":null,"websiteSourceUrl":null,"sourceUrl":"https://data.calgary.ca/d/fd9t-tdn2","communityCode":"SOC","quadrant":"SW","areaCodes":["Q_SW","SOC"]},"geometry":{"type":"Point","coordinates":[-114.1008977,51.0272766]}},{"type":"Feature","id":"{F110DB87-B12C-429C-8503-C7ED59DCBC2B}","properties":{"id":"{F110DB87-B12C-429C-8503-C7ED59DCBC2B}","name":"Calgary Islamic School, Omar Bin Al-Khattab Campus","address":"Omar Bin Al-Khattab Campus","locationNote":null,"board":"The Palliser School Division","grades":"Elementary/Junior High","levels":["elementary","juniorHigh"],"levelFlags":{"elementary":true,"juniorHigh":true,"high":false},"postSecondary":false,"website":null,"websiteSourceUrl":null,"sourceUrl":"https://data.calgary.ca/d/fd9t-tdn2","communityCode":"MER","quadrant":"SE","areaCodes":["MER","Q_SE"]},"geometry":{"type":"Point","coordinates":[-113.993824,51.0507518]}},{"type":"Feature","id":"{F124520D-D40E-4020-9E32-4F4C6D09C541}","properties":{"id":"{F124520D-D40E-4020-9E32-4F4C6D09C541}","name":"John G. Diefenbaker High School","address":"6620  4 St NW","locationNote":null,"board":"The Calgary School Division","grades":"Senior High","levels":["high"],"levelFlags":{"elementary":false,"juniorHigh":false,"high":true},"postSecondary":false,"website":"http://school.cbe.ab.ca/school/johngdiefenbaker/Pa","websiteSourceUrl":"https://education.alberta.ca/media/1626669/authority_and_school.xlsx","sourceUrl":"https://data.calgary.ca/d/fd9t-tdn2","communityCode":"HUN","quadrant":"NW","areaCodes":["HUN","Q_NW"]},"geometry":{"type":"Point","coordinates":[-114.0701434,51.112806]}},{"type":"Feature","id":"{F1308A06-F6E0-4B6F-8342-1816A3F3C887}","properties":{"id":"{F1308A06-F6E0-4B6F-8342-1816A3F3C887}","name":"St. Basil Elementary/Junior High School","address":"919 Tuscany Drive NW","locationNote":null,"board":"The Calgary Roman Catholic Separate School Division","grades":"Elementary/Junior High","levels":["elementary","juniorHigh"],"levelFlags":{"elementary":true,"juniorHigh":true,"high":false},"postSecondary":false,"website":"http://www.cssd.ab.ca/schools/stbasil","websiteSourceUrl":"https://education.alberta.ca/media/1626669/authority_and_school.xlsx","sourceUrl":"https://data.calgary.ca/d/fd9t-tdn2","communityCode":"TUS","quadrant":"NW","areaCodes":["Q_NW","TUS"]},"geometry":{"type":"Point","coordinates":[-114.2503314,51.1194252]}},{"type":"Feature","id":"{F139F1BB-BFA6-4040-A6FF-9052756504A8}","properties":{"id":"{F139F1BB-BFA6-4040-A6FF-9052756504A8}","name":"Cranston School","address":"205 Cranston Drive SE","locationNote":null,"board":"The Calgary School Division","grades":"Elementary","levels":["elementary"],"levelFlags":{"elementary":true,"juniorHigh":false,"high":false},"postSecondary":false,"website":"http://schools.cbe.ab.ca/school/Cranston/Pages/def","websiteSourceUrl":"https://education.alberta.ca/media/1626669/authority_and_school.xlsx","sourceUrl":"https://data.calgary.ca/d/fd9t-tdn2","communityCode":"CRA","quadrant":"SE","areaCodes":["CRA","Q_SE"]},"geometry":{"type":"Point","coordinates":[-113.987256,50.8867939]}},{"type":"Feature","id":"{F1424587-B9D0-426C-9228-970BD818BC46}","properties":{"id":"{F1424587-B9D0-426C-9228-970BD818BC46}","name":"River Valley School","address":"3127 Bowwood Drive N.W.","locationNote":null,"board":"River Valley School Society","grades":"Elementary","levels":["elementary"],"levelFlags":{"elementary":true,"juniorHigh":false,"high":false},"postSecondary":false,"website":null,"websiteSourceUrl":null,"sourceUrl":"https://data.calgary.ca/d/fd9t-tdn2","communityCode":"BOW","quadrant":"NW","areaCodes":["BOW","Q_NW"]},"geometry":{"type":"Point","coordinates":[-114.1743584,51.0794761]}},{"type":"Feature","id":"{F151E76F-CB88-49FD-B083-6EAD86ACBA7A}","properties":{"id":"{F151E76F-CB88-49FD-B083-6EAD86ACBA7A}","name":"Aurora Learning Calgary","address":"#137 5305 McCall Way NE","locationNote":null,"board":"Aurora Learning Foundation (Calgary)","grades":"Elementary/Junior High/Senior High","levels":["elementary","juniorHigh","high"],"levelFlags":{"elementary":true,"juniorHigh":true,"high":true},"postSecondary":false,"website":null,"websiteSourceUrl":null,"sourceUrl":"https://data.calgary.ca/d/fd9t-tdn2","communityCode":"CIA","quadrant":"NE","areaCodes":["CIA","Q_NE"]},"geometry":{"type":"Point","coordinates":[-114.0030488,51.1013461]}},{"type":"Feature","id":"{F1C71928-CA10-4872-8810-AC4248C89B63}","properties":{"id":"{F1C71928-CA10-4872-8810-AC4248C89B63}","name":"Dr. Gordon Higgins School","address":"155 Rundlehill Dr NE","locationNote":null,"board":"The Calgary School Division","grades":"Junior High","levels":["juniorHigh"],"levelFlags":{"elementary":false,"juniorHigh":true,"high":false},"postSecondary":false,"website":"http://schools.cbe.ab.ca/b681/","websiteSourceUrl":"https://education.alberta.ca/media/1626669/authority_and_school.xlsx","sourceUrl":"https://data.calgary.ca/d/fd9t-tdn2","communityCode":"RUN","quadrant":"NE","areaCodes":["Q_NE","RUN"]},"geometry":{"type":"Point","coordinates":[-113.9706783,51.0752764]}},{"type":"Feature","id":"{F1F5F621-FAC1-413A-AAFD-D7BF0530068F}","properties":{"id":"{F1F5F621-FAC1-413A-AAFD-D7BF0530068F}","name":"Dr. Martha Cohen School","address":"116 Brightondale Pk SE","locationNote":null,"board":"The Calgary School Division","grades":"Elementary/Junior High","levels":["elementary","juniorHigh"],"levelFlags":{"elementary":true,"juniorHigh":true,"high":false},"postSecondary":false,"website":"http://school.cbe.ab.ca/school/drmarthacohen/","websiteSourceUrl":"https://education.alberta.ca/media/1626669/authority_and_school.xlsx","sourceUrl":"https://data.calgary.ca/d/fd9t-tdn2","communityCode":"NEB","quadrant":"SE","areaCodes":["NEB","Q_SE"]},"geometry":{"type":"Point","coordinates":[-113.9447466,50.9171057]}},{"type":"Feature","id":"{F3641BD0-EE1A-4CB0-AFF6-B6EC37A87975}","properties":{"id":"{F3641BD0-EE1A-4CB0-AFF6-B6EC37A87975}","name":"Queen Elizabeth High School","address":"512  18 St NW","locationNote":null,"board":"The Calgary School Division","grades":"Junior High/Senior High","levels":["juniorHigh","high"],"levelFlags":{"elementary":false,"juniorHigh":true,"high":true},"postSecondary":false,"website":"http://school.cbe.ab.ca/school/queenelizabethhs/","websiteSourceUrl":"https://education.alberta.ca/media/1626669/authority_and_school.xlsx","sourceUrl":"https://data.calgary.ca/d/fd9t-tdn2","communityCode":"HIL","quadrant":"NW","areaCodes":["HIL","Q_NW"]},"geometry":{"type":"Point","coordinates":[-114.1019306,51.0562092]}},{"type":"Feature","id":"{F450266E-B680-44AB-A513-9EAA850BECCA}","properties":{"id":"{F450266E-B680-44AB-A513-9EAA850BECCA}","name":"Robert Thirsk High School","address":"8777 Nose Hill Dr NW","locationNote":null,"board":"The Calgary School Division","grades":"Senior High","levels":["high"],"levelFlags":{"elementary":false,"juniorHigh":false,"high":true},"postSecondary":false,"website":"http://schools.cbe.ab.ca/b880/","websiteSourceUrl":"https://education.alberta.ca/media/1626669/authority_and_school.xlsx","sourceUrl":"https://data.calgary.ca/d/fd9t-tdn2","communityCode":"ARB","quadrant":"NW","areaCodes":["ARB","Q_NW"]},"geometry":{"type":"Point","coordinates":[-114.1947926,51.1308481]}},{"type":"Feature","id":"{F48E3F3E-2C3B-45C8-A9B8-1EAFCE3D5F6D}","properties":{"id":"{F48E3F3E-2C3B-45C8-A9B8-1EAFCE3D5F6D}","name":"River Valley School ECS","address":"3127 Bowwood Drive N.W.","locationNote":null,"board":"River Valley School Society","grades":"Unknown","levels":["unknown"],"levelFlags":{"elementary":false,"juniorHigh":false,"high":false},"postSecondary":false,"website":"http://www.rivervalleyschool.ca","websiteSourceUrl":"https://education.alberta.ca/media/1626669/authority_and_school.xlsx","sourceUrl":"https://data.calgary.ca/d/fd9t-tdn2","communityCode":"BOW","quadrant":"NW","areaCodes":["BOW","Q_NW"]},"geometry":{"type":"Point","coordinates":[-114.1743584,51.0794761]}},{"type":"Feature","id":"{F49BCBC6-95DC-48AC-9996-041B57AE6621}","properties":{"id":"{F49BCBC6-95DC-48AC-9996-041B57AE6621}","name":"Dr. Freda Miller School","address":"211 Everbrook Dr SW","locationNote":null,"board":"The Calgary School Division","grades":"Elementary","levels":["elementary"],"levelFlags":{"elementary":true,"juniorHigh":false,"high":false},"postSecondary":false,"website":"http://school.cbe.ab.ca/school/drfredamiller","websiteSourceUrl":"https://education.alberta.ca/media/1626669/authority_and_school.xlsx","sourceUrl":"https://data.calgary.ca/d/fd9t-tdn2","communityCode":"EVE","quadrant":"SW","areaCodes":["EVE","Q_SW"]},"geometry":{"type":"Point","coordinates":[-114.1160328,50.9208572]}},{"type":"Feature","id":"{F5246B66-CC55-45A1-A3D2-6FD2EA2FFBE3}","properties":{"id":"{F5246B66-CC55-45A1-A3D2-6FD2EA2FFBE3}","name":"University School","address":"3035 Utah Dr NW","locationNote":null,"board":"The Calgary School Division","grades":"Elementary","levels":["elementary"],"levelFlags":{"elementary":true,"juniorHigh":false,"high":false},"postSecondary":false,"website":"http://school.cbe.ab.ca/school/university/","websiteSourceUrl":"https://education.alberta.ca/media/1626669/authority_and_school.xlsx","sourceUrl":"https://data.calgary.ca/d/fd9t-tdn2","communityCode":"UNI","quadrant":"NW","areaCodes":["Q_NW","UNI"]},"geometry":{"type":"Point","coordinates":[-114.1332899,51.0698149]}},{"type":"Feature","id":"{F526759B-9E4A-4FDD-8640-C6C07C1F7299}","properties":{"id":"{F526759B-9E4A-4FDD-8640-C6C07C1F7299}","name":"Killarney School","address":"3008  33 Street SW","locationNote":null,"board":"The Calgary School Division","grades":"Elementary","levels":["elementary"],"levelFlags":{"elementary":true,"juniorHigh":false,"high":false},"postSecondary":false,"website":"http://school.cbe.ab.ca/school/Killarney/Pages/def","websiteSourceUrl":"https://education.alberta.ca/media/1626669/authority_and_school.xlsx","sourceUrl":"https://data.calgary.ca/d/fd9t-tdn2","communityCode":"KIL","quadrant":"SW","areaCodes":["KIL","Q_SW"]},"geometry":{"type":"Point","coordinates":[-114.1347436,51.0282002]}},{"type":"Feature","id":"{F542B516-496F-4EE7-95AA-FB73E65FAEEB}","properties":{"id":"{F542B516-496F-4EE7-95AA-FB73E65FAEEB}","name":"Ian Bazalgette School","address":"3909  26 Ave SE","locationNote":null,"board":"The Calgary School Division","grades":"Junior High","levels":["juniorHigh"],"levelFlags":{"elementary":false,"juniorHigh":true,"high":false},"postSecondary":false,"website":"http://school.cbe.ab.ca/school/ianbazalgette/Pages","websiteSourceUrl":"https://education.alberta.ca/media/1626669/authority_and_school.xlsx","sourceUrl":"https://data.calgary.ca/d/fd9t-tdn2","communityCode":"DOV","quadrant":"SE","areaCodes":["DOV","Q_SE"]},"geometry":{"type":"Point","coordinates":[-113.9776832,51.0298368]}},{"type":"Feature","id":"{F5FDD64B-DC95-469C-A011-3D97F6EC2C43}","properties":{"id":"{F5FDD64B-DC95-469C-A011-3D97F6EC2C43}","name":"St. John XXIII School","address":"1420 Falconridge Drive N.E.","locationNote":null,"board":"The Calgary Roman Catholic Separate School Division","grades":"Elementary/Junior High","levels":["elementary","juniorHigh"],"levelFlags":{"elementary":true,"juniorHigh":true,"high":false},"postSecondary":false,"website":"http://www.cssd.ab.ca/schools/stjohn23","websiteSourceUrl":"https://education.alberta.ca/media/1626669/authority_and_school.xlsx","sourceUrl":"https://data.calgary.ca/d/fd9t-tdn2","communityCode":"FAL","quadrant":"NE","areaCodes":["FAL","Q_NE"]},"geometry":{"type":"Point","coordinates":[-113.939007,51.1014084]}},{"type":"Feature","id":"{F608C31A-09D8-482A-948F-D6F23D993BA8}","properties":{"id":"{F608C31A-09D8-482A-948F-D6F23D993BA8}","name":"Calgary Arts Academy","address":"2036 20 Avenue SW","locationNote":null,"board":"Calgary Arts Academy Society","grades":"Elementary/Junior High/Senior High","levels":["elementary","juniorHigh","high"],"levelFlags":{"elementary":true,"juniorHigh":true,"high":true},"postSecondary":false,"website":"http://www.caaschool.com","websiteSourceUrl":"https://education.alberta.ca/media/1626669/authority_and_school.xlsx","sourceUrl":"https://data.calgary.ca/d/fd9t-tdn2","communityCode":"RIC","quadrant":"SW","areaCodes":["Q_SW","RIC"]},"geometry":{"type":"Point","coordinates":[-114.1080951,51.036278]}},{"type":"Feature","id":"{F6546573-910A-4833-A972-E9FADBA8183F}","properties":{"id":"{F6546573-910A-4833-A972-E9FADBA8183F}","name":"Westbrook Outreach","address":"3610 - 9th Street SE","locationNote":null,"board":"The Calgary School Division","grades":"Senior High","levels":["high"],"levelFlags":{"elementary":false,"juniorHigh":false,"high":true},"postSecondary":false,"website":"https://school.cbe.ab.ca/school/discoveringchoices","websiteSourceUrl":"https://education.alberta.ca/media/1626669/authority_and_school.xlsx","sourceUrl":"https://data.calgary.ca/d/fd9t-tdn2","communityCode":"HIF","quadrant":"SE","areaCodes":["HIF","Q_SE"]},"geometry":{"type":"Point","coordinates":[-114.039639,51.0220042]}},{"type":"Feature","id":"{F6634F01-A14A-4FEC-B8BF-24C70E2C74CC}","properties":{"id":"{F6634F01-A14A-4FEC-B8BF-24C70E2C74CC}","name":"FFCA South High School Campus","address":"315 86 Avenue SE","locationNote":null,"board":"Foundations for the Future Charter Academy Charter School Society","grades":"Junior High/Senior High","levels":["juniorHigh","high"],"levelFlags":{"elementary":false,"juniorHigh":true,"high":true},"postSecondary":false,"website":"http://www.ffca-calgary.com","websiteSourceUrl":"https://education.alberta.ca/media/1626669/authority_and_school.xlsx","sourceUrl":"https://data.calgary.ca/d/fd9t-tdn2","communityCode":"ACA","quadrant":"SE","areaCodes":["ACA","Q_SE"]},"geometry":{"type":"Point","coordinates":[-114.0650787,50.9753272]}},{"type":"Feature","id":"{F66E3E8C-16D0-4DED-AAD3-EE43016CD398}","properties":{"id":"{F66E3E8C-16D0-4DED-AAD3-EE43016CD398}","name":"Project Trust","address":"3610 - 9th Street SE","locationNote":null,"board":"The Calgary School Division","grades":"Unknown","levels":["unknown"],"levelFlags":{"elementary":false,"juniorHigh":false,"high":false},"postSecondary":false,"website":"https://school.cbe.ab.ca/school/discoveringchoices","websiteSourceUrl":"https://education.alberta.ca/media/1626669/authority_and_school.xlsx","sourceUrl":"https://data.calgary.ca/d/fd9t-tdn2","communityCode":"MOP","quadrant":"NW","areaCodes":["MOP","Q_NW"]},"geometry":{"type":"Point","coordinates":[-114.0828546,51.072077]}},{"type":"Feature","id":"{F6A8BD37-1DF0-43AE-98A8-9F63FCDF9294}","properties":{"id":"{F6A8BD37-1DF0-43AE-98A8-9F63FCDF9294}","name":"Vista Virtual School South","address":"341 -  58 Avenue SE","locationNote":null,"board":"The Pembina Hills School Division","grades":"Unknown","levels":["unknown"],"levelFlags":{"elementary":false,"juniorHigh":false,"high":false},"postSecondary":false,"website":"http://www.vvschool.ca","websiteSourceUrl":"https://education.alberta.ca/media/1626669/authority_and_school.xlsx","sourceUrl":"https://data.calgary.ca/d/fd9t-tdn2","communityCode":"MNI","quadrant":"SE","areaCodes":["MNI","Q_SE"]},"geometry":{"type":"Point","coordinates":[-114.0576739,51.0004922]}},{"type":"Feature","id":"{F714C91F-FB62-481F-8D48-66E4C351B7EE}","properties":{"id":"{F714C91F-FB62-481F-8D48-66E4C351B7EE}","name":"Hawkwood School","address":"650 Hawkwood Blvd NW","locationNote":null,"board":"The Calgary School Division","grades":"Elementary","levels":["elementary"],"levelFlags":{"elementary":true,"juniorHigh":false,"high":false},"postSecondary":false,"website":"http://school.cbe.ab.ca/school/Hawkwood/Pages/defa","websiteSourceUrl":"https://education.alberta.ca/media/1626669/authority_and_school.xlsx","sourceUrl":"https://data.calgary.ca/d/fd9t-tdn2","communityCode":"HAW","quadrant":"NW","areaCodes":["HAW","Q_NW"]},"geometry":{"type":"Point","coordinates":[-114.1787604,51.1306637]}},{"type":"Feature","id":"{F7F85B1F-1C92-4104-8EAB-CF1602EED18C}","properties":{"id":"{F7F85B1F-1C92-4104-8EAB-CF1602EED18C}","name":"St. Rita School","address":"7811 Ranchview Drive N.W.","locationNote":null,"board":"The Calgary Roman Catholic Separate School Division","grades":"Elementary","levels":["elementary"],"levelFlags":{"elementary":true,"juniorHigh":false,"high":false},"postSecondary":false,"website":"http://www.cssd.ab.ca/schools/strita","websiteSourceUrl":"https://education.alberta.ca/media/1626669/authority_and_school.xlsx","sourceUrl":"https://data.calgary.ca/d/fd9t-tdn2","communityCode":"RAN","quadrant":"NW","areaCodes":["Q_NW","RAN"]},"geometry":{"type":"Point","coordinates":[-114.1817674,51.1198729]}},{"type":"Feature","id":"{F84540AF-59FA-4507-8E61-7696285CB17A}","properties":{"id":"{F84540AF-59FA-4507-8E61-7696285CB17A}","name":"Nelson Mandela High School","address":"45 Saddletowne Cir NE","locationNote":null,"board":"The Calgary School Division","grades":"Senior High","levels":["high"],"levelFlags":{"elementary":false,"juniorHigh":false,"high":true},"postSecondary":false,"website":"https://nelsonmandela.cbe.ab.ca/","websiteSourceUrl":"https://education.alberta.ca/media/1626669/authority_and_school.xlsx","sourceUrl":"https://data.calgary.ca/d/fd9t-tdn2","communityCode":"MRT","quadrant":"NE","areaCodes":["MRT","Q_NE"]},"geometry":{"type":"Point","coordinates":[-113.94886,51.1219873]}},{"type":"Feature","id":"{F876E866-1E8F-4D54-9795-6F76C7363BCF}","properties":{"id":"{F876E866-1E8F-4D54-9795-6F76C7363BCF}","name":"St. Gregory School","address":"5340 - 26 Avenue S.W.","locationNote":null,"board":"The Calgary Roman Catholic Separate School Division","grades":"Junior High","levels":["juniorHigh"],"levelFlags":{"elementary":false,"juniorHigh":true,"high":false},"postSecondary":false,"website":"http://www.cssd.ab.ca/schools/stgregory","websiteSourceUrl":"https://education.alberta.ca/media/1626669/authority_and_school.xlsx","sourceUrl":"https://data.calgary.ca/d/fd9t-tdn2","communityCode":"GDL","quadrant":"SW","areaCodes":["GDL","Q_SW"]},"geometry":{"type":"Point","coordinates":[-114.160488,51.0311442]}},{"type":"Feature","id":"{FA3763C6-B3A1-4AC2-8FCE-24286467E64A}","properties":{"id":"{FA3763C6-B3A1-4AC2-8FCE-24286467E64A}","name":"Alex Ferguson School","address":"1704  26 St SW","locationNote":null,"board":"The Calgary School Division","grades":"Elementary","levels":["elementary"],"levelFlags":{"elementary":true,"juniorHigh":false,"high":false},"postSecondary":false,"website":"http://school.cbe.ab.ca/school/AlexanderFerguson/P","websiteSourceUrl":"https://education.alberta.ca/media/1626669/authority_and_school.xlsx","sourceUrl":"https://data.calgary.ca/d/fd9t-tdn2","communityCode":"SHG","quadrant":"SW","areaCodes":["Q_SW","SHG"]},"geometry":{"type":"Point","coordinates":[-114.1229979,51.0393705]}},{"type":"Feature","id":"{FA4368C9-24C4-4562-85DD-87C9762F5C04}","properties":{"id":"{FA4368C9-24C4-4562-85DD-87C9762F5C04}","name":"Belfast School","address":"1229  17A St NE","locationNote":null,"board":"The Calgary School Division","grades":"Elementary","levels":["elementary"],"levelFlags":{"elementary":true,"juniorHigh":false,"high":false},"postSecondary":false,"website":"http://school.cbe.ab.ca/school/Belfast/Pages/defau","websiteSourceUrl":"https://education.alberta.ca/media/1626669/authority_and_school.xlsx","sourceUrl":"https://data.calgary.ca/d/fd9t-tdn2","communityCode":"MAL","quadrant":"NE","areaCodes":["MAL","Q_NE"]},"geometry":{"type":"Point","coordinates":[-114.0183225,51.0633817]}},{"type":"Feature","id":"{FA5468E0-1EAF-48E9-81F5-F598B674914C}","properties":{"id":"{FA5468E0-1EAF-48E9-81F5-F598B674914C}","name":"Bayside School","address":"15 Auburn Crest Park SE","locationNote":null,"board":"The Calgary School Division","grades":"Elementary","levels":["elementary"],"levelFlags":{"elementary":true,"juniorHigh":false,"high":false},"postSecondary":false,"website":"https://bayside.cbe.ab.ca/","websiteSourceUrl":"https://education.alberta.ca/media/1626669/authority_and_school.xlsx","sourceUrl":"https://data.calgary.ca/d/fd9t-tdn2","communityCode":"AUB","quadrant":"SE","areaCodes":["AUB","Q_SE"]},"geometry":{"type":"Point","coordinates":[-113.9475403,50.8882507]}},{"type":"Feature","id":"{FAD581D6-D48B-4D33-AA6A-A659187CDDE4}","properties":{"id":"{FAD581D6-D48B-4D33-AA6A-A659187CDDE4}","name":"Ascension of Our Lord","address":"509 Harvest Hills Drive N.E.","locationNote":null,"board":"The Calgary Roman Catholic Separate School Division","grades":"Elementary/Junior High","levels":["elementary","juniorHigh"],"levelFlags":{"elementary":true,"juniorHigh":true,"high":false},"postSecondary":false,"website":"http://www.cssd.ab.ca/schools/ascension","websiteSourceUrl":"https://education.alberta.ca/media/1626669/authority_and_school.xlsx","sourceUrl":"https://data.calgary.ca/d/fd9t-tdn2","communityCode":"HAR","quadrant":"NE","areaCodes":["HAR","Q_NE"]},"geometry":{"type":"Point","coordinates":[-114.059703,51.1469636]}},{"type":"Feature","id":"{FB4BFBE9-8A08-4E5A-AA30-B4836DF328B2}","properties":{"id":"{FB4BFBE9-8A08-4E5A-AA30-B4836DF328B2}","name":"Dr. E. W. Coffin School","address":"5615 Barrett Dr NW","locationNote":null,"board":"The Calgary School Division","grades":"Elementary","levels":["elementary"],"levelFlags":{"elementary":true,"juniorHigh":false,"high":false},"postSecondary":false,"website":"http://school.cbe.ab.ca/school/DrEWCoffin/Pages/de","websiteSourceUrl":"https://education.alberta.ca/media/1626669/authority_and_school.xlsx","sourceUrl":"https://data.calgary.ca/d/fd9t-tdn2","communityCode":"BRE","quadrant":"NW","areaCodes":["BRE","Q_NW"]},"geometry":{"type":"Point","coordinates":[-114.1348134,51.1037594]}},{"type":"Feature","id":"{FBA01368-FCCD-4205-A0EF-D48623A570DD}","properties":{"id":"{FBA01368-FCCD-4205-A0EF-D48623A570DD}","name":"Douglas Harkness School","address":"6203 24 Ave NE","locationNote":null,"board":"The Calgary School Division","grades":"Elementary","levels":["elementary"],"levelFlags":{"elementary":true,"juniorHigh":false,"high":false},"postSecondary":false,"website":"https://DouglasHarkness.cbe.ab.ca/","websiteSourceUrl":"https://education.alberta.ca/media/1626669/authority_and_school.xlsx","sourceUrl":"https://data.calgary.ca/d/fd9t-tdn2","communityCode":"PIN","quadrant":"NE","areaCodes":["PIN","Q_NE"]},"geometry":{"type":"Point","coordinates":[-113.9460588,51.0738502]}},{"type":"Feature","id":"{FBE5DE51-F253-462E-81F8-8C7134D67FF9}","properties":{"id":"{FBE5DE51-F253-462E-81F8-8C7134D67FF9}","name":"Marion Carson School","address":"5225 Varsity Dr NW","locationNote":null,"board":"The Calgary School Division","grades":"Elementary","levels":["elementary"],"levelFlags":{"elementary":true,"juniorHigh":false,"high":false},"postSecondary":false,"website":"https://marioncarson.cbe.ab.ca/","websiteSourceUrl":"https://education.alberta.ca/media/1626669/authority_and_school.xlsx","sourceUrl":"https://data.calgary.ca/d/fd9t-tdn2","communityCode":"VAR","quadrant":"NW","areaCodes":["Q_NW","VAR"]},"geometry":{"type":"Point","coordinates":[-114.1614206,51.0929233]}},{"type":"Feature","id":"{FC05A146-52E6-424F-961C-A1C15E563F56}","properties":{"id":"{FC05A146-52E6-424F-961C-A1C15E563F56}","name":"St. James Elementary Junior High School","address":"2227 - 58 Avenue S.W.","locationNote":null,"board":"The Calgary Roman Catholic Separate School Division","grades":"Elementary/Junior High","levels":["elementary","juniorHigh"],"levelFlags":{"elementary":true,"juniorHigh":true,"high":false},"postSecondary":false,"website":"http://www.cssd.ab.ca/schools/stjames","websiteSourceUrl":"https://education.alberta.ca/media/1626669/authority_and_school.xlsx","sourceUrl":"https://data.calgary.ca/d/fd9t-tdn2","communityCode":"NGM","quadrant":"SW","areaCodes":["NGM","Q_SW"]},"geometry":{"type":"Point","coordinates":[-114.1136783,51.0011481]}},{"type":"Feature","id":"{FC2DFC7C-4FEF-4EAC-B630-6D220C963961}","properties":{"id":"{FC2DFC7C-4FEF-4EAC-B630-6D220C963961}","name":"St. Sebastian Elementary School","address":"65 Chaparal Drive SE","locationNote":null,"board":"The Calgary Roman Catholic Separate School Division","grades":"Elementary","levels":["elementary"],"levelFlags":{"elementary":true,"juniorHigh":false,"high":false},"postSecondary":false,"website":"http://www.cssd.ab.ca/schools/stsebastian","websiteSourceUrl":"https://education.alberta.ca/media/1626669/authority_and_school.xlsx","sourceUrl":"https://data.calgary.ca/d/fd9t-tdn2","communityCode":"CHA","quadrant":"SE","areaCodes":["CHA","Q_SE"]},"geometry":{"type":"Point","coordinates":[-114.0291192,50.8848476]}},{"type":"Feature","id":"{FCCB1BC2-75BC-4202-997E-D315AD66BBA5}","properties":{"id":"{FCCB1BC2-75BC-4202-997E-D315AD66BBA5}","name":"St. Gemma Outreach High School","address":"38 - 3250 Sunridge Way NE","locationNote":null,"board":"The Calgary Roman Catholic Separate School Division","grades":"Senior High","levels":["high"],"levelFlags":{"elementary":false,"juniorHigh":false,"high":true},"postSecondary":false,"website":"http://www.cssd.ab.ca/schools/stgemma","websiteSourceUrl":"https://education.alberta.ca/media/1626669/authority_and_school.xlsx","sourceUrl":"https://data.calgary.ca/d/fd9t-tdn2","communityCode":"SUN","quadrant":"NE","areaCodes":["Q_NE","SUN"]},"geometry":{"type":"Point","coordinates":[-113.9901507,51.0696454]}},{"type":"Feature","id":"{FD8BFCD5-2E98-4CBE-B7F8-54AA80532703}","properties":{"id":"{FD8BFCD5-2E98-4CBE-B7F8-54AA80532703}","name":"Rundle Studio","address":"7379 - 17 Avenue SW","locationNote":null,"board":"Rundle College Society","grades":"Junior High/Senior High","levels":["juniorHigh","high"],"levelFlags":{"elementary":false,"juniorHigh":true,"high":true},"postSecondary":false,"website":"http://www.rundle.ab.ca","websiteSourceUrl":"https://education.alberta.ca/media/1626669/authority_and_school.xlsx","sourceUrl":"https://data.calgary.ca/d/fd9t-tdn2","communityCode":"SPH","quadrant":"SW","areaCodes":["Q_SW","SPH"]},"geometry":{"type":"Point","coordinates":[-114.1939364,51.0369008]}},{"type":"Feature","id":"{FD97E1D8-9232-43F4-B8DC-5E4D2DB228BA}","properties":{"id":"{FD97E1D8-9232-43F4-B8DC-5E4D2DB228BA}","name":"Canyon Meadows School","address":"395 Canterbury Dr SW","locationNote":null,"board":"The Calgary School Division","grades":"Elementary","levels":["elementary"],"levelFlags":{"elementary":true,"juniorHigh":false,"high":false},"postSecondary":false,"website":"http://school.cbe.ab.ca/school/CanyonMeadows/Pages","websiteSourceUrl":"https://education.alberta.ca/media/1626669/authority_and_school.xlsx","sourceUrl":"https://data.calgary.ca/d/fd9t-tdn2","communityCode":"CAN","quadrant":"SW","areaCodes":["CAN","Q_SW"]},"geometry":{"type":"Point","coordinates":[-114.0781054,50.9474171]}},{"type":"Feature","id":"{FEC913ED-253B-45A4-BAFF-73DD1F19E6C6}","properties":{"id":"{FEC913ED-253B-45A4-BAFF-73DD1F19E6C6}","name":"Our Lady of the Rosary School","address":"41 Cranston Gate SE","locationNote":null,"board":"The Calgary Roman Catholic Separate School Division","grades":"Elementary","levels":["elementary"],"levelFlags":{"elementary":true,"juniorHigh":false,"high":false},"postSecondary":false,"website":"http://www.cssd.ab.ca/schools/ourladyrosary","websiteSourceUrl":"https://education.alberta.ca/media/1626669/authority_and_school.xlsx","sourceUrl":"https://data.calgary.ca/d/fd9t-tdn2","communityCode":"CRA","quadrant":"SE","areaCodes":["CRA","Q_SE"]},"geometry":{"type":"Point","coordinates":[-113.9682202,50.8744359]}},{"type":"Feature","id":"{FF1155C4-D686-49C8-B6E7-CAE88B10AF9D}","properties":{"id":"{FF1155C4-D686-49C8-B6E7-CAE88B10AF9D}","name":"Don Bosco School","address":"13615 Deer Ridge Drive S.E.","locationNote":null,"board":"The Calgary Roman Catholic Separate School Division","grades":"Elementary/Junior High","levels":["elementary","juniorHigh"],"levelFlags":{"elementary":true,"juniorHigh":true,"high":false},"postSecondary":false,"website":"http://www.cssd.ab.ca/schools/donbosco","websiteSourceUrl":"https://education.alberta.ca/media/1626669/authority_and_school.xlsx","sourceUrl":"https://data.calgary.ca/d/fd9t-tdn2","communityCode":"DRG","quadrant":"SE","areaCodes":["DRG","Q_SE"]},"geometry":{"type":"Point","coordinates":[-114.0182669,50.9313074]}},{"type":"Feature","id":"{FF4B147F-8A7A-4352-A91B-D5C40B97FC44}","properties":{"id":"{FF4B147F-8A7A-4352-A91B-D5C40B97FC44}","name":"Vista Heights School","address":"2411 Vermillion St NE","locationNote":null,"board":"The Calgary School Division","grades":"Elementary","levels":["elementary"],"levelFlags":{"elementary":true,"juniorHigh":false,"high":false},"postSecondary":false,"website":"http://school.cbe.ab.ca/school/vistaheights/Pages/","websiteSourceUrl":"https://education.alberta.ca/media/1626669/authority_and_school.xlsx","sourceUrl":"https://data.calgary.ca/d/fd9t-tdn2","communityCode":"VIS","quadrant":"NE","areaCodes":["Q_NE","VIS"]},"geometry":{"type":"Point","coordinates":[-114.0170878,51.073894]}},{"type":"Feature","id":"{FF774CB5-16C8-4BFE-BDA5-062B743611E7}","properties":{"id":"{FF774CB5-16C8-4BFE-BDA5-062B743611E7}","name":"St. William School","address":"11020 Fairmount Drive S.E.","locationNote":null,"board":"The Calgary Roman Catholic Separate School Division","grades":"Elementary","levels":["elementary"],"levelFlags":{"elementary":true,"juniorHigh":false,"high":false},"postSecondary":false,"website":"http://www.cssd.ab.ca/schools/stwilliam","websiteSourceUrl":"https://education.alberta.ca/media/1626669/authority_and_school.xlsx","sourceUrl":"https://data.calgary.ca/d/fd9t-tdn2","communityCode":"WIL","quadrant":"SE","areaCodes":["Q_SE","WIL"]},"geometry":{"type":"Point","coordinates":[-114.0592724,50.9536283]}},{"type":"Feature","id":"{FFE9992F-B4C1-4FC2-9031-40D86BC5A7F7}","properties":{"id":"{FFE9992F-B4C1-4FC2-9031-40D86BC5A7F7}","name":"Calgary Academy","address":"1677 93 rd Street S.W.","locationNote":null,"board":"Calgary Academy Society","grades":"Elementary/Junior High/Senior High","levels":["elementary","juniorHigh","high"],"levelFlags":{"elementary":true,"juniorHigh":true,"high":true},"postSecondary":false,"website":"http://www.calgaryacademy.com","websiteSourceUrl":"https://education.alberta.ca/media/1626669/authority_and_school.xlsx","sourceUrl":"https://data.calgary.ca/d/fd9t-tdn2","communityCode":"ASP","quadrant":"SW","areaCodes":["ASP","Q_SW"]},"geometry":{"type":"Point","coordinates":[-114.2243915,51.039438]}}]}
