{"type":"FeatureCollection","metadata":{"title":"Water Main Breaks","datasetId":"dpcu-jr23","publisher":"The City of Calgary","sourceUrl":"https://data.calgary.ca/d/dpcu-jr23","queryUrls":["https://data.calgary.ca/resource/dpcu-jr23.json?%24where=intersects%28point%2C%27POLYGON%28%28-114.1031995+51.0300309%2C-114.0119171+51.0300309%2C-114.0119171+51.0669391%2C-114.1031995+51.0669391%2C-114.1031995+51.0300309%29%29%27%29&%24limit=50000&%24order=break_date+DESC"],"retrievedAt":"2026-09-13T20:08:19.444858+00:00","sourceUpdatedAt":"2026-09-08T15:56:40+00:00","updateFrequency":"Weekly","description":"Main breaks happen year-round. There are many contributing factors including: Pipe Age, Pipe Material and Soil Conditions, and Temperature. See <a href=\"http://www.calgary.ca/UEP/Water/Pages/construction-projects/Water-main-repairs-and-maintenance/water-outages.aspx\">Water outages and main breaks</a> for more information.","scope":{"communities":["BELTLINE","BRIDGELAND/RIVERSIDE","HILLHURST","SUNNYSIDE"],"communityCodes":["BLN","BRD","HIL","SSD"],"method":"Source geometries intersect original official community polygons. Boundary-crossing assets can belong to multiple communities."},"licenseUrl":"https://data.calgary.ca/d/Open-Data-Terms/u45n-7awa","schema":[{"field":"break_date","label":"BREAK_DATE","sourceType":"calendar_date","description":""},{"field":"break_type","label":"BREAK_TYPE","sourceType":"text","description":"A - Full Circular\nB - Split\nC - Corrosion\nD - Fitting\nE - Joint\nF - Diagonal Crack\nG - Hole\nS - Saddle\n\n"},{"field":"status","label":"STATUS","sourceType":"text","description":""},{"field":"point","label":"point","sourceType":"point","description":""}],"fetchedBoundingBoxRows":3027,"recordsIncluded":692,"outputFormat":"GeoJSON FeatureCollection; original geometry field moved to feature.geometry; source number columns converted from numeric strings to JSON numbers.","addedProperties":{"communityCodes":"string[]: intersecting official community codes","mapPoint":"number[2]: geometry centroid longitude, latitude"},"observedPeriod":{"earliest":"1956-03-01T00:00:00.000","latest":"2026-04-26T00:00:00.000","field":"break_date"},"limits":["Historic break records are not current outage reports.","Break points do not include a public water main globalid; exact pipe associations are not asserted."],"featureId":"Generated local identifier from record content hash and duplicate occurrence; not a City asset identifier."},"features":[{"type":"Feature","id":"water-breaks-7096e2e52d2fb460-1","properties":{"break_date":"2026-04-26T00:00:00.000","break_type":"CG","status":"ACTIVE","communityCodes":["BLN"],"mapPoint":[-114.0584746,51.0432284]},"geometry":{"type":"Point","coordinates":[-114.0584746,51.0432284]}},{"type":"Feature","id":"water-breaks-acedc74ad4791622-1","properties":{"break_date":"2025-09-13T00:00:00.000","break_type":"G","status":"ACTIVE","communityCodes":["BLN"],"mapPoint":[-114.0748957,51.0417961]},"geometry":{"type":"Point","coordinates":[-114.0748957,51.0417961]}},{"type":"Feature","id":"water-breaks-d429d6b1ef3a7fe3-1","properties":{"break_date":"2025-07-05T00:00:00.000","break_type":"CG","status":"RETIRED","communityCodes":["BLN"],"mapPoint":[-114.0608344,51.0414271]},"geometry":{"type":"Point","coordinates":[-114.0608344,51.0414271]}},{"type":"Feature","id":"water-breaks-9969dfe0faab9aa9-1","properties":{"break_date":"2025-06-11T00:00:00.000","break_type":"AC","status":"ACTIVE","communityCodes":["BRD"],"mapPoint":[-114.0456403,51.0538066]},"geometry":{"type":"Point","coordinates":[-114.0456403,51.0538066]}},{"type":"Feature","id":"water-breaks-77dabf921dbb6a2c-1","properties":{"break_date":"2025-03-08T00:00:00.000","break_type":"BCFG","status":"RETIRED","communityCodes":["BLN"],"mapPoint":[-114.0709441,51.0387641]},"geometry":{"type":"Point","coordinates":[-114.0709441,51.0387641]}},{"type":"Feature","id":"water-breaks-094066e3fcda8238-1","properties":{"break_date":"2024-12-29T00:00:00.000","break_type":"G","status":"ACTIVE","communityCodes":["HIL"],"mapPoint":[-114.1021479,51.0577588]},"geometry":{"type":"Point","coordinates":[-114.1021479,51.0577588]}},{"type":"Feature","id":"water-breaks-2d2e9e966e0afce7-1","properties":{"break_date":"2024-12-12T00:00:00.000","break_type":"AC","status":"ACTIVE","communityCodes":["HIL"],"mapPoint":[-114.0946962,51.0628809]},"geometry":{"type":"Point","coordinates":[-114.0946962,51.0628809]}},{"type":"Feature","id":"water-breaks-8f35b6cf7601ba4c-1","properties":{"break_date":"2024-10-08T00:00:00.000","break_type":"CG","status":"ACTIVE","communityCodes":["BLN"],"mapPoint":[-114.0637046,51.0395098]},"geometry":{"type":"Point","coordinates":[-114.0637046,51.0395098]}},{"type":"Feature","id":"water-breaks-1284b5f29e44b790-1","properties":{"break_date":"2024-07-24T00:00:00.000","break_type":"CDS","status":"RETIRED","communityCodes":["BLN"],"mapPoint":[-114.0800674,51.0390222]},"geometry":{"type":"Point","coordinates":[-114.0800674,51.0390222]}},{"type":"Feature","id":"water-breaks-b26ad7ac76821b06-1","properties":{"break_date":"2024-04-21T00:00:00.000","break_type":"CG","status":"ACTIVE","communityCodes":["BRD"],"mapPoint":[-114.0349151,51.0489217]},"geometry":{"type":"Point","coordinates":[-114.0349151,51.0489217]}},{"type":"Feature","id":"water-breaks-31a710ee72b020ca-1","properties":{"break_date":"2024-04-16T00:00:00.000","break_type":"B","status":"ACTIVE","communityCodes":["BRD"],"mapPoint":[-114.0423968,51.0578393]},"geometry":{"type":"Point","coordinates":[-114.0423968,51.0578393]}},{"type":"Feature","id":"water-breaks-b88ea53e93020ec8-1","properties":{"break_date":"2023-10-29T00:00:00.000","break_type":"AC","status":"RETIRED","communityCodes":["BLN"],"mapPoint":[-114.0785569,51.0389796]},"geometry":{"type":"Point","coordinates":[-114.0785569,51.0389796]}},{"type":"Feature","id":"water-breaks-165bc531073faaaa-1","properties":{"break_date":"2023-10-09T00:00:00.000","break_type":"CG","status":"ACTIVE","communityCodes":["BLN"],"mapPoint":[-114.0785534,51.0437271]},"geometry":{"type":"Point","coordinates":[-114.0785534,51.0437271]}},{"type":"Feature","id":"water-breaks-7703b71d6b4f0b28-1","properties":{"break_date":"2023-10-06T00:00:00.000","break_type":"C","status":"ACTIVE","communityCodes":["BLN"],"mapPoint":[-114.0847628,51.0439019]},"geometry":{"type":"Point","coordinates":[-114.0847628,51.0439019]}},{"type":"Feature","id":"water-breaks-3d2833af2965088e-1","properties":{"break_date":"2023-08-08T00:00:00.000","break_type":"CG","status":"RETIRED","communityCodes":["HIL"],"mapPoint":[-114.0910475,51.0571268]},"geometry":{"type":"Point","coordinates":[-114.0910475,51.0571268]}},{"type":"Feature","id":"water-breaks-a04eb08c770a7233-1","properties":{"break_date":"2023-08-02T00:00:00.000","break_type":"D","status":"ACTIVE","communityCodes":["BRD"],"mapPoint":[-114.0241019,51.0522932]},"geometry":{"type":"Point","coordinates":[-114.0241019,51.0522932]}},{"type":"Feature","id":"water-breaks-029ebfa3ca75086a-1","properties":{"break_date":"2023-07-04T00:00:00.000","break_type":"AC","status":"ACTIVE","communityCodes":["BLN"],"mapPoint":[-114.0802269,51.0399764]},"geometry":{"type":"Point","coordinates":[-114.0802269,51.0399764]}},{"type":"Feature","id":"water-breaks-b1a2b8bdc12fbe77-1","properties":{"break_date":"2022-10-17T00:00:00.000","break_type":"BC","status":"ACTIVE","communityCodes":["BRD"],"mapPoint":[-114.0377917,51.05741]},"geometry":{"type":"Point","coordinates":[-114.0377917,51.05741]}},{"type":"Feature","id":"water-breaks-cbcba2c17d70090b-1","properties":{"break_date":"2022-10-09T00:00:00.000","break_type":"D","status":"ACTIVE","communityCodes":["BLN"],"mapPoint":[-114.0703223,51.0387465]},"geometry":{"type":"Point","coordinates":[-114.0703223,51.0387465]}},{"type":"Feature","id":"water-breaks-6dd5feb494449352-1","properties":{"break_date":"2022-10-08T00:00:00.000","break_type":"CG","status":"ACTIVE","communityCodes":["BLN"],"mapPoint":[-114.0694909,51.038723]},"geometry":{"type":"Point","coordinates":[-114.0694909,51.038723]}},{"type":"Feature","id":"water-breaks-801f938fe7d4de54-1","properties":{"break_date":"2022-02-25T00:00:00.000","break_type":"CE","status":"ACTIVE","communityCodes":["SSD"],"mapPoint":[-114.0757516,51.0593762]},"geometry":{"type":"Point","coordinates":[-114.0757516,51.0593762]}},{"type":"Feature","id":"water-breaks-3cd533c151fcc963-1","properties":{"break_date":"2021-01-23T00:00:00.000","break_type":"AC","status":"ACTIVE","communityCodes":["BRD"],"mapPoint":[-114.0324533,51.0536773]},"geometry":{"type":"Point","coordinates":[-114.0324533,51.0536773]}},{"type":"Feature","id":"water-breaks-5c830f90c2320811-1","properties":{"break_date":"2020-10-24T00:00:00.000","break_type":"AC","status":"ACTIVE","communityCodes":["HIL"],"mapPoint":[-114.0947114,51.0590632]},"geometry":{"type":"Point","coordinates":[-114.0947114,51.0590632]}},{"type":"Feature","id":"water-breaks-a373fbf63c85a461-1","properties":{"break_date":"2020-09-05T00:00:00.000","break_type":"BC","status":"ACTIVE","communityCodes":["HIL"],"mapPoint":[-114.0860092,51.0567121]},"geometry":{"type":"Point","coordinates":[-114.0860092,51.0567121]}},{"type":"Feature","id":"water-breaks-1afdb25362aaf36f-1","properties":{"break_date":"2020-06-05T00:00:00.000","break_type":"CG","status":"ACTIVE","communityCodes":["BLN"],"mapPoint":[-114.0712846,51.0387737]},"geometry":{"type":"Point","coordinates":[-114.0712846,51.0387737]}},{"type":"Feature","id":"water-breaks-a4a7cbc10bae24ba-1","properties":{"break_date":"2020-03-23T00:00:00.000","break_type":"D","status":"ACTIVE","communityCodes":["BRD"],"mapPoint":[-114.0386456,51.0509277]},"geometry":{"type":"Point","coordinates":[-114.0386456,51.0509277]}},{"type":"Feature","id":"water-breaks-4be0db9b218ae475-1","properties":{"break_date":"2020-01-29T00:00:00.000","break_type":"AC","status":"ACTIVE","communityCodes":["HIL"],"mapPoint":[-114.092234,51.0533979]},"geometry":{"type":"Point","coordinates":[-114.092234,51.0533979]}},{"type":"Feature","id":"water-breaks-87b31be879faca68-1","properties":{"break_date":"2019-12-04T00:00:00.000","break_type":"AC","status":"ACTIVE","communityCodes":["HIL"],"mapPoint":[-114.0946981,51.0614447]},"geometry":{"type":"Point","coordinates":[-114.0946981,51.0614447]}},{"type":"Feature","id":"water-breaks-ea9dbecdd33b6ea3-1","properties":{"break_date":"2019-10-28T00:00:00.000","break_type":"A","status":"RETIRED","communityCodes":["BLN"],"mapPoint":[-114.0509594,51.0391571]},"geometry":{"type":"Point","coordinates":[-114.0509594,51.0391571]}},{"type":"Feature","id":"water-breaks-2777f326bcd741a1-1","properties":{"break_date":"2019-08-24T00:00:00.000","break_type":"D","status":"ACTIVE","communityCodes":["HIL"],"mapPoint":[-114.08597,51.0539093]},"geometry":{"type":"Point","coordinates":[-114.08597,51.0539093]}},{"type":"Feature","id":"water-breaks-bbc79fd5e4186917-1","properties":{"break_date":"2019-08-10T00:00:00.000","break_type":"AC","status":"ACTIVE","communityCodes":["BLN"],"mapPoint":[-114.0744139,51.0390153]},"geometry":{"type":"Point","coordinates":[-114.0744139,51.0390153]}},{"type":"Feature","id":"water-breaks-1e579f216370b438-1","properties":{"break_date":"2019-05-04T00:00:00.000","break_type":"AC","status":"ACTIVE","communityCodes":["BRD"],"mapPoint":[-114.0337831,51.0510162]},"geometry":{"type":"Point","coordinates":[-114.0337831,51.0510162]}},{"type":"Feature","id":"water-breaks-dcfccb98b50cce94-1","properties":{"break_date":"2019-04-21T00:00:00.000","break_type":"B","status":"RETIRED","communityCodes":["HIL"],"mapPoint":[-114.0945893,51.0588615]},"geometry":{"type":"Point","coordinates":[-114.0945893,51.0588615]}},{"type":"Feature","id":"water-breaks-44b2761b405368a2-1","properties":{"break_date":"2019-02-05T00:00:00.000","break_type":"A","status":"ACTIVE","communityCodes":["BLN"],"mapPoint":[-114.0505451,51.0419525]},"geometry":{"type":"Point","coordinates":[-114.0505451,51.0419525]}},{"type":"Feature","id":"water-breaks-8e694a32cee8a25d-1","properties":{"break_date":"2019-01-02T00:00:00.000","break_type":"CD","status":"ACTIVE","communityCodes":["HIL"],"mapPoint":[-114.0963123,51.054379]},"geometry":{"type":"Point","coordinates":[-114.0963123,51.054379]}},{"type":"Feature","id":"water-breaks-06829550bb2275cd-1","properties":{"break_date":"2018-06-17T00:00:00.000","break_type":"AC","status":"RETIRED","communityCodes":["BLN"],"mapPoint":[-114.0511297,51.0392163]},"geometry":{"type":"Point","coordinates":[-114.0511297,51.0392163]}},{"type":"Feature","id":"water-breaks-39a7c41cb0ff5237-1","properties":{"break_date":"2018-03-25T00:00:00.000","break_type":"A","status":"ACTIVE","communityCodes":["HIL"],"mapPoint":[-114.1024208,51.0534305]},"geometry":{"type":"Point","coordinates":[-114.1024208,51.0534305]}},{"type":"Feature","id":"water-breaks-16ba96836a932c6a-1","properties":{"break_date":"2018-01-03T00:00:00.000","break_type":"CD","status":"ACTIVE","communityCodes":["BLN"],"mapPoint":[-114.0824234,51.0382102]},"geometry":{"type":"Point","coordinates":[-114.0824234,51.0382102]}},{"type":"Feature","id":"water-breaks-6a1992bfb807dd2e-1","properties":{"break_date":"2017-10-24T00:00:00.000","break_type":"CE","status":"ACTIVE","communityCodes":["BLN"],"mapPoint":[-114.093346,51.0441437]},"geometry":{"type":"Point","coordinates":[-114.093346,51.0441437]}},{"type":"Feature","id":"water-breaks-6b47738aa4c806d7-1","properties":{"break_date":"2017-10-13T00:00:00.000","break_type":"CG","status":"RETIRED","communityCodes":["SSD"],"mapPoint":[-114.0715951,51.0603598]},"geometry":{"type":"Point","coordinates":[-114.0715951,51.0603598]}},{"type":"Feature","id":"water-breaks-1b774ddbf1383f07-1","properties":{"break_date":"2017-08-09T00:00:00.000","break_type":"D","status":"ACTIVE","communityCodes":["BLN"],"mapPoint":[-114.0919438,51.03848]},"geometry":{"type":"Point","coordinates":[-114.0919438,51.03848]}},{"type":"Feature","id":"water-breaks-d4a811d28caf7045-1","properties":{"break_date":"2017-07-11T00:00:00.000","break_type":"BC","status":"ACTIVE","communityCodes":["BLN"],"mapPoint":[-114.0648029,51.0433356]},"geometry":{"type":"Point","coordinates":[-114.0648029,51.0433356]}},{"type":"Feature","id":"water-breaks-b4a69598fc1f97f0-1","properties":{"break_date":"2017-06-07T00:00:00.000","break_type":"CF","status":"ACTIVE","communityCodes":["BRD"],"mapPoint":[-114.0349997,51.0540227]},"geometry":{"type":"Point","coordinates":[-114.0349997,51.0540227]}},{"type":"Feature","id":"water-breaks-4ddbd7eff67c145d-1","properties":{"break_date":"2017-06-03T00:00:00.000","break_type":"G","status":"RETIRED","communityCodes":["BLN"],"mapPoint":[-114.0513036,51.039167]},"geometry":{"type":"Point","coordinates":[-114.0513036,51.039167]}},{"type":"Feature","id":"water-breaks-9a64f3163d380e11-1","properties":{"break_date":"2017-05-11T00:00:00.000","break_type":"D","status":"ACTIVE","communityCodes":["BLN"],"mapPoint":[-114.065857,51.0398068]},"geometry":{"type":"Point","coordinates":[-114.065857,51.0398068]}},{"type":"Feature","id":"water-breaks-75f18e18845dd1c5-1","properties":{"break_date":"2017-01-19T00:00:00.000","break_type":"AC","status":"ACTIVE","communityCodes":["BLN"],"mapPoint":[-114.0638073,51.0385643]},"geometry":{"type":"Point","coordinates":[-114.0638073,51.0385643]}},{"type":"Feature","id":"water-breaks-a09332686302b27f-1","properties":{"break_date":"2017-01-15T00:00:00.000","break_type":"AC","status":"ACTIVE","communityCodes":["BLN"],"mapPoint":[-114.0723894,51.0417252]},"geometry":{"type":"Point","coordinates":[-114.0723894,51.0417252]}},{"type":"Feature","id":"water-breaks-bb1fc8d2ccaf7f62-1","properties":{"break_date":"2017-01-13T00:00:00.000","break_type":"AC","status":"RETIRED","communityCodes":["BLN"],"mapPoint":[-114.0511292,51.0392243]},"geometry":{"type":"Point","coordinates":[-114.0511292,51.0392243]}},{"type":"Feature","id":"water-breaks-e76f41247c7961be-1","properties":{"break_date":"2017-01-02T00:00:00.000","break_type":"BCG","status":"ACTIVE","communityCodes":["HIL"],"mapPoint":[-114.0963274,51.0595935]},"geometry":{"type":"Point","coordinates":[-114.0963274,51.0595935]}},{"type":"Feature","id":"water-breaks-d0126d79b2b6150a-1","properties":{"break_date":"2016-12-29T00:00:00.000","break_type":"D","status":"ACTIVE","communityCodes":["BLN"],"mapPoint":[-114.0652654,51.0414527]},"geometry":{"type":"Point","coordinates":[-114.0652654,51.0414527]}},{"type":"Feature","id":"water-breaks-664942d6711f57dc-1","properties":{"break_date":"2016-11-21T00:00:00.000","break_type":"A","status":"ACTIVE","communityCodes":["BRD"],"mapPoint":[-114.0353636,51.0508724]},"geometry":{"type":"Point","coordinates":[-114.0353636,51.0508724]}},{"type":"Feature","id":"water-breaks-63933ff89e1c2486-1","properties":{"break_date":"2016-09-10T00:00:00.000","break_type":"CF","status":"ACTIVE","communityCodes":["HIL"],"mapPoint":[-114.0946836,51.052079]},"geometry":{"type":"Point","coordinates":[-114.0946836,51.052079]}},{"type":"Feature","id":"water-breaks-3bac2bf3fbb5e33b-1","properties":{"break_date":"2016-08-27T00:00:00.000","break_type":"B","status":"ACTIVE","communityCodes":["HIL"],"mapPoint":[-114.1023473,51.0512007]},"geometry":{"type":"Point","coordinates":[-114.1023473,51.0512007]}},{"type":"Feature","id":"water-breaks-f10426ef40049284-1","properties":{"break_date":"2016-07-22T00:00:00.000","break_type":"AC","status":"ACTIVE","communityCodes":["BLN"],"mapPoint":[-114.0666268,51.0433877]},"geometry":{"type":"Point","coordinates":[-114.0666268,51.0433877]}},{"type":"Feature","id":"water-breaks-837e5a84c1692e99-1","properties":{"break_date":"2016-06-01T00:00:00.000","break_type":"CG","status":"ACTIVE","communityCodes":["HIL"],"mapPoint":[-114.0957922,51.0520825]},"geometry":{"type":"Point","coordinates":[-114.0957922,51.0520825]}},{"type":"Feature","id":"water-breaks-e1b449b797ba9993-1","properties":{"break_date":"2016-04-22T00:00:00.000","break_type":"D","status":"ACTIVE","communityCodes":["BLN"],"mapPoint":[-114.0694668,51.0425205]},"geometry":{"type":"Point","coordinates":[-114.0694668,51.0425205]}},{"type":"Feature","id":"water-breaks-145351e5de422805-1","properties":{"break_date":"2016-04-17T00:00:00.000","break_type":"D","status":"ACTIVE","communityCodes":["BLN"],"mapPoint":[-114.048417,51.0403712]},"geometry":{"type":"Point","coordinates":[-114.048417,51.0403712]}},{"type":"Feature","id":"water-breaks-8a7114a18df0099e-1","properties":{"break_date":"2016-04-01T00:00:00.000","break_type":"AC","status":"ACTIVE","communityCodes":["BLN"],"mapPoint":[-114.0484709,51.0418815]},"geometry":{"type":"Point","coordinates":[-114.0484709,51.0418815]}},{"type":"Feature","id":"water-breaks-352e8e321ac813c6-1","properties":{"break_date":"2016-02-12T00:00:00.000","break_type":"C2GS","status":"RETIRED","communityCodes":["BRD"],"mapPoint":[-114.0443092,51.0530757]},"geometry":{"type":"Point","coordinates":[-114.0443092,51.0530757]}},{"type":"Feature","id":"water-breaks-921073314be512aa-1","properties":{"break_date":"2015-12-28T00:00:00.000","break_type":"AC","status":"ACTIVE","communityCodes":["BLN"],"mapPoint":[-114.0661742,51.0386303]},"geometry":{"type":"Point","coordinates":[-114.0661742,51.0386303]}},{"type":"Feature","id":"water-breaks-fa79f465882057ba-1","properties":{"break_date":"2015-12-08T00:00:00.000","break_type":"AC","status":"ACTIVE","communityCodes":["BLN"],"mapPoint":[-114.0818361,51.0386221]},"geometry":{"type":"Point","coordinates":[-114.0818361,51.0386221]}},{"type":"Feature","id":"water-breaks-94f055f150270167-1","properties":{"break_date":"2015-09-26T00:00:00.000","break_type":"D","status":"ACTIVE","communityCodes":["BLN"],"mapPoint":[-114.0587964,51.041268]},"geometry":{"type":"Point","coordinates":[-114.0587964,51.041268]}},{"type":"Feature","id":"water-breaks-effb2036e6b8d102-1","properties":{"break_date":"2015-09-26T00:00:00.000","break_type":"G","status":"RETIRED","communityCodes":["BLN"],"mapPoint":[-114.0778254,51.038959]},"geometry":{"type":"Point","coordinates":[-114.0778254,51.038959]}},{"type":"Feature","id":"water-breaks-b6558074173ccfc0-1","properties":{"break_date":"2015-08-20T00:00:00.000","break_type":"D","status":"RETIRED","communityCodes":["BRD"],"mapPoint":[-114.0443097,51.0528607]},"geometry":{"type":"Point","coordinates":[-114.0443097,51.0528607]}},{"type":"Feature","id":"water-breaks-960a520ee6ea60be-1","properties":{"break_date":"2015-08-20T00:00:00.000","break_type":"E","status":"RETIRED","communityCodes":["BRD"],"mapPoint":[-114.0443096,51.0529237]},"geometry":{"type":"Point","coordinates":[-114.0443096,51.0529237]}},{"type":"Feature","id":"water-breaks-3963a0bc8dc0fcf2-1","properties":{"break_date":"2015-08-14T00:00:00.000","break_type":"AE","status":"ACTIVE","communityCodes":["BRD"],"mapPoint":[-114.0493637,51.0528232]},"geometry":{"type":"Point","coordinates":[-114.0493637,51.0528232]}},{"type":"Feature","id":"water-breaks-40a3c0c1c7ed12d1-1","properties":{"break_date":"2015-08-11T00:00:00.000","break_type":"E","status":"ACTIVE","communityCodes":["BLN"],"mapPoint":[-114.0936997,51.0441535]},"geometry":{"type":"Point","coordinates":[-114.0936997,51.0441535]}},{"type":"Feature","id":"water-breaks-4e6aa859daf2f61c-1","properties":{"break_date":"2015-06-13T00:00:00.000","status":"ACTIVE","communityCodes":["HIL"],"mapPoint":[-114.0946836,51.0520834]},"geometry":{"type":"Point","coordinates":[-114.0946836,51.0520834]}},{"type":"Feature","id":"water-breaks-858638adfddd4de6-1","properties":{"break_date":"2015-04-11T00:00:00.000","break_type":"A","status":"ACTIVE","communityCodes":["HIL"],"mapPoint":[-114.1022213,51.0577587]},"geometry":{"type":"Point","coordinates":[-114.1022213,51.0577587]}},{"type":"Feature","id":"water-breaks-a8b6959d8fe655d5-1","properties":{"break_date":"2015-03-14T00:00:00.000","break_type":"AC","status":"RETIRED","communityCodes":["HIL"],"mapPoint":[-114.0946969,51.0623136]},"geometry":{"type":"Point","coordinates":[-114.0946969,51.0623136]}},{"type":"Feature","id":"water-breaks-7baee6c9ffadb6d9-1","properties":{"break_date":"2015-03-04T00:00:00.000","break_type":"AC","status":"RETIRED","communityCodes":["HIL"],"mapPoint":[-114.0946963,51.0628063]},"geometry":{"type":"Point","coordinates":[-114.0946963,51.0628063]}},{"type":"Feature","id":"water-breaks-dbfab9fd06db2f56-1","properties":{"break_date":"2014-04-12T00:00:00.000","break_type":"A","status":"RETIRED","communityCodes":["SSD"],"mapPoint":[-114.0837407,51.0524712]},"geometry":{"type":"Point","coordinates":[-114.0837407,51.0524712]}},{"type":"Feature","id":"water-breaks-d11b801f63d0fa1d-1","properties":{"break_date":"2014-03-05T00:00:00.000","break_type":"A","status":"ACTIVE","communityCodes":["BLN"],"mapPoint":[-114.0793266,51.0427973]},"geometry":{"type":"Point","coordinates":[-114.0793266,51.0427973]}},{"type":"Feature","id":"water-breaks-3f9647171c92f7a6-1","properties":{"break_date":"2014-02-05T00:00:00.000","break_type":"AC","status":"ACTIVE","communityCodes":["BLN"],"mapPoint":[-114.08194,51.0428733]},"geometry":{"type":"Point","coordinates":[-114.08194,51.0428733]}},{"type":"Feature","id":"water-breaks-e40a416df2923015-1","properties":{"break_date":"2013-12-19T00:00:00.000","break_type":"AC","status":"ACTIVE","communityCodes":["HIL"],"mapPoint":[-114.1013941,51.0491145]},"geometry":{"type":"Point","coordinates":[-114.1013941,51.0491145]}},{"type":"Feature","id":"water-breaks-c7894173bfad0374-1","properties":{"break_date":"2013-12-01T00:00:00.000","break_type":"AC","status":"ACTIVE","communityCodes":["HIL"],"mapPoint":[-114.0946952,51.0534504]},"geometry":{"type":"Point","coordinates":[-114.0946952,51.0534504]}},{"type":"Feature","id":"water-breaks-08f2c407c62eba6a-1","properties":{"break_date":"2013-11-07T00:00:00.000","break_type":"AC","status":"ACTIVE","communityCodes":["BRD"],"mapPoint":[-114.048686,51.0528232]},"geometry":{"type":"Point","coordinates":[-114.048686,51.0528232]}},{"type":"Feature","id":"water-breaks-42ad30c8cb48bbf7-1","properties":{"break_date":"2013-08-13T00:00:00.000","break_type":"CG","status":"ACTIVE","communityCodes":["BRD"],"mapPoint":[-114.0354296,51.0566632]},"geometry":{"type":"Point","coordinates":[-114.0354296,51.0566632]}},{"type":"Feature","id":"water-breaks-745e4004d5179961-1","properties":{"break_date":"2013-06-28T00:00:00.000","break_type":"AC","status":"ACTIVE","communityCodes":["BLN"],"mapPoint":[-114.0791772,51.0399464]},"geometry":{"type":"Point","coordinates":[-114.0791772,51.0399464]}},{"type":"Feature","id":"water-breaks-c1974edaa5897aaa-1","properties":{"break_date":"2013-06-24T00:00:00.000","break_type":"AC","status":"ACTIVE","communityCodes":["BLN"],"mapPoint":[-114.0491612,51.0419137]},"geometry":{"type":"Point","coordinates":[-114.0491612,51.0419137]}},{"type":"Feature","id":"water-breaks-2db649018665025d-1","properties":{"break_date":"2013-05-24T00:00:00.000","break_type":"D","status":"ACTIVE","communityCodes":["HIL"],"mapPoint":[-114.0947076,51.0580276]},"geometry":{"type":"Point","coordinates":[-114.0947076,51.0580276]}},{"type":"Feature","id":"water-breaks-67b6e916b8197dfe-1","properties":{"break_date":"2013-05-03T00:00:00.000","break_type":"CG","status":"RETIRED","communityCodes":["BLN"],"mapPoint":[-114.0924438,51.0412696]},"geometry":{"type":"Point","coordinates":[-114.0924438,51.0412696]}},{"type":"Feature","id":"water-breaks-76d15433ed48cd87-1","properties":{"break_date":"2013-04-12T00:00:00.000","break_type":"CG","status":"RETIRED","communityCodes":["BLN"],"mapPoint":[-114.077828,51.038959]},"geometry":{"type":"Point","coordinates":[-114.077828,51.038959]}},{"type":"Feature","id":"water-breaks-7623f942f4f64fcb-1","properties":{"break_date":"2013-03-02T00:00:00.000","break_type":"AC","status":"RETIRED","communityCodes":["SSD"],"mapPoint":[-114.0832739,51.052569]},"geometry":{"type":"Point","coordinates":[-114.0832739,51.052569]}},{"type":"Feature","id":"water-breaks-ee4a6d1646a7a564-1","properties":{"break_date":"2013-02-08T00:00:00.000","break_type":"CG","status":"ACTIVE","communityCodes":["BLN"],"mapPoint":[-114.0797482,51.0437608]},"geometry":{"type":"Point","coordinates":[-114.0797482,51.0437608]}},{"type":"Feature","id":"water-breaks-5bb8e2097c7a7097-1","properties":{"break_date":"2013-02-06T00:00:00.000","break_type":"ACD","status":"RETIRED","communityCodes":["BLN"],"mapPoint":[-114.0585044,51.0393212]},"geometry":{"type":"Point","coordinates":[-114.0585044,51.0393212]}},{"type":"Feature","id":"water-breaks-edcea15b88ac974b-1","properties":{"break_date":"2012-11-16T00:00:00.000","break_type":"AC","status":"RETIRED","communityCodes":["BLN"],"mapPoint":[-114.0798388,51.0390157]},"geometry":{"type":"Point","coordinates":[-114.0798388,51.0390157]}},{"type":"Feature","id":"water-breaks-dcd1dbe82760f903-1","properties":{"break_date":"2012-11-05T00:00:00.000","break_type":"CD","status":"ACTIVE","communityCodes":["SSD"],"mapPoint":[-114.0701772,51.0581446]},"geometry":{"type":"Point","coordinates":[-114.0701772,51.0581446]}},{"type":"Feature","id":"water-breaks-53253e0c96bf4bfc-1","properties":{"break_date":"2012-10-28T00:00:00.000","break_type":"D","status":"RETIRED","communityCodes":["BLN"],"mapPoint":[-114.0509541,51.0391569]},"geometry":{"type":"Point","coordinates":[-114.0509541,51.0391569]}},{"type":"Feature","id":"water-breaks-be9994a69a4871dd-1","properties":{"break_date":"2012-10-24T00:00:00.000","break_type":"D","status":"ACTIVE","communityCodes":["BLN"],"mapPoint":[-114.0827277,51.0382187]},"geometry":{"type":"Point","coordinates":[-114.0827277,51.0382187]}},{"type":"Feature","id":"water-breaks-a95bbe2fc8b8a24a-1","properties":{"break_date":"2012-08-21T00:00:00.000","break_type":"DS","status":"ACTIVE","communityCodes":["BLN"],"mapPoint":[-114.0741484,51.0414217]},"geometry":{"type":"Point","coordinates":[-114.0741484,51.0414217]}},{"type":"Feature","id":"water-breaks-cffb79ae44c5dfe8-1","properties":{"break_date":"2012-07-17T00:00:00.000","break_type":"CG","status":"ACTIVE","communityCodes":["BRD"],"mapPoint":[-114.0354909,51.0566686]},"geometry":{"type":"Point","coordinates":[-114.0354909,51.0566686]}},{"type":"Feature","id":"water-breaks-46d6cd9eab946545-1","properties":{"break_date":"2012-06-21T00:00:00.000","break_type":"D","status":"ACTIVE","communityCodes":["HIL"],"mapPoint":[-114.0963133,51.0547434]},"geometry":{"type":"Point","coordinates":[-114.0963133,51.0547434]}},{"type":"Feature","id":"water-breaks-549ada6159bbae9e-1","properties":{"break_date":"2012-05-03T00:00:00.000","break_type":"G","status":"RETIRED","communityCodes":["BLN"],"mapPoint":[-114.0792018,51.0389978]},"geometry":{"type":"Point","coordinates":[-114.0792018,51.0389978]}},{"type":"Feature","id":"water-breaks-f9d3c42256e7f7d5-1","properties":{"break_date":"2012-04-15T00:00:00.000","break_type":"AC","status":"ACTIVE","communityCodes":["HIL"],"mapPoint":[-114.1012631,51.0577596]},"geometry":{"type":"Point","coordinates":[-114.1012631,51.0577596]}},{"type":"Feature","id":"water-breaks-8c1ce3fbb9c78584-1","properties":{"break_date":"2012-04-13T00:00:00.000","break_type":"D","status":"ACTIVE","communityCodes":["HIL"],"mapPoint":[-114.0977442,51.0570573]},"geometry":{"type":"Point","coordinates":[-114.0977442,51.0570573]}},{"type":"Feature","id":"water-breaks-dc2c57c28ac8fc53-1","properties":{"break_date":"2011-11-29T00:00:00.000","break_type":"AC","status":"ACTIVE","communityCodes":["BRD"],"mapPoint":[-114.03529,51.0508722]},"geometry":{"type":"Point","coordinates":[-114.03529,51.0508722]}},{"type":"Feature","id":"water-breaks-a7ca59824198749d-1","properties":{"break_date":"2011-11-23T00:00:00.000","break_type":"AC","status":"ACTIVE","communityCodes":["BLN"],"mapPoint":[-114.0724537,51.0426066]},"geometry":{"type":"Point","coordinates":[-114.0724537,51.0426066]}},{"type":"Feature","id":"water-breaks-2fdcc28e961111b9-1","properties":{"break_date":"2011-11-10T00:00:00.000","break_type":"AC","status":"RETIRED","communityCodes":["BRD"],"mapPoint":[-114.0482998,51.0518023]},"geometry":{"type":"Point","coordinates":[-114.0482998,51.0518023]}},{"type":"Feature","id":"water-breaks-1eec8b73f0a21e72-1","properties":{"break_date":"2011-05-16T00:00:00.000","break_type":"D","status":"RETIRED","communityCodes":["BLN"],"mapPoint":[-114.0772259,51.0408402]},"geometry":{"type":"Point","coordinates":[-114.0772259,51.0408402]}},{"type":"Feature","id":"water-breaks-b96b56276c8f3f51-1","properties":{"break_date":"2011-03-16T00:00:00.000","break_type":"BC","status":"RETIRED","communityCodes":["BLN"],"mapPoint":[-114.0826817,51.0420154]},"geometry":{"type":"Point","coordinates":[-114.0826817,51.0420154]}},{"type":"Feature","id":"water-breaks-88a951c9bc8ead27-1","properties":{"break_date":"2011-03-16T00:00:00.000","break_type":"CG","status":"RETIRED","communityCodes":["BLN"],"mapPoint":[-114.0832727,51.042032]},"geometry":{"type":"Point","coordinates":[-114.0832727,51.042032]}},{"type":"Feature","id":"water-breaks-108be45c241d233f-1","properties":{"break_date":"2011-03-10T00:00:00.000","break_type":"AC","status":"RETIRED","communityCodes":["BLN"],"mapPoint":[-114.0832556,51.0420315]},"geometry":{"type":"Point","coordinates":[-114.0832556,51.0420315]}},{"type":"Feature","id":"water-breaks-fa99496eb1f9e2b4-1","properties":{"break_date":"2010-11-25T00:00:00.000","break_type":"CG","status":"RETIRED","communityCodes":["BLN"],"mapPoint":[-114.0774179,51.0389475]},"geometry":{"type":"Point","coordinates":[-114.0774179,51.0389475]}},{"type":"Feature","id":"water-breaks-ea23f6fc8ba0382d-1","properties":{"break_date":"2010-11-14T00:00:00.000","break_type":"AC","status":"ACTIVE","communityCodes":["BLN"],"mapPoint":[-114.0487547,51.0419023]},"geometry":{"type":"Point","coordinates":[-114.0487547,51.0419023]}},{"type":"Feature","id":"water-breaks-f343485bfe69c5c3-1","properties":{"break_date":"2010-10-29T00:00:00.000","break_type":"CG2","status":"RETIRED","communityCodes":["BLN"],"mapPoint":[-114.0511211,51.0393355]},"geometry":{"type":"Point","coordinates":[-114.0511211,51.0393355]}},{"type":"Feature","id":"water-breaks-263dc25d3d18a0f9-1","properties":{"break_date":"2010-10-28T00:00:00.000","break_type":"CDS","status":"ACTIVE","communityCodes":["BRD"],"mapPoint":[-114.0464834,51.0547097]},"geometry":{"type":"Point","coordinates":[-114.0464834,51.0547097]}},{"type":"Feature","id":"water-breaks-eff040fb28468691-1","properties":{"break_date":"2010-09-30T00:00:00.000","break_type":"CG","status":"ACTIVE","communityCodes":["BRD"],"mapPoint":[-114.032453,51.0532619]},"geometry":{"type":"Point","coordinates":[-114.032453,51.0532619]}},{"type":"Feature","id":"water-breaks-73112457eb313082-1","properties":{"break_date":"2010-09-23T00:00:00.000","break_type":"CDS","status":"ACTIVE","communityCodes":["BRD"],"mapPoint":[-114.0516563,51.053998]},"geometry":{"type":"Point","coordinates":[-114.0516563,51.053998]}},{"type":"Feature","id":"water-breaks-36225f3e709d6540-1","properties":{"break_date":"2010-09-15T00:00:00.000","break_type":"CDS","status":"ACTIVE","communityCodes":["BRD"],"mapPoint":[-114.051656,51.0524769]},"geometry":{"type":"Point","coordinates":[-114.051656,51.0524769]}},{"type":"Feature","id":"water-breaks-c63fa4f5e4013cd7-1","properties":{"break_date":"2010-09-11T00:00:00.000","break_type":"E","status":"ACTIVE","communityCodes":["BRD"],"mapPoint":[-114.0332302,51.0523839]},"geometry":{"type":"Point","coordinates":[-114.0332302,51.0523839]}},{"type":"Feature","id":"water-breaks-0c8f1270a7619ac3-1","properties":{"break_date":"2010-08-21T00:00:00.000","break_type":"AC","status":"RETIRED","communityCodes":["BLN"],"mapPoint":[-114.0562414,51.0421165]},"geometry":{"type":"Point","coordinates":[-114.0562414,51.0421165]}},{"type":"Feature","id":"water-breaks-a8da73a8a30ecf2c-1","properties":{"break_date":"2010-08-17T00:00:00.000","break_type":"G","status":"ACTIVE","communityCodes":["SSD"],"mapPoint":[-114.0827052,51.0578201]},"geometry":{"type":"Point","coordinates":[-114.0827052,51.0578201]}},{"type":"Feature","id":"water-breaks-5f6b333bc23aef72-1","properties":{"break_date":"2010-08-01T00:00:00.000","break_type":"AC","status":"RETIRED","communityCodes":["BLN"],"mapPoint":[-114.0509801,51.0406728]},"geometry":{"type":"Point","coordinates":[-114.0509801,51.0406728]}},{"type":"Feature","id":"water-breaks-73ee6c6e08d6350c-1","properties":{"break_date":"2010-07-26T00:00:00.000","break_type":"CG","status":"ACTIVE","communityCodes":["BLN"],"mapPoint":[-114.0680189,51.0434278]},"geometry":{"type":"Point","coordinates":[-114.0680189,51.0434278]}},{"type":"Feature","id":"water-breaks-871736d56edc14aa-1","properties":{"break_date":"2010-07-20T00:00:00.000","break_type":"CG","status":"ACTIVE","communityCodes":["BRD"],"mapPoint":[-114.0355064,51.0566745]},"geometry":{"type":"Point","coordinates":[-114.0355064,51.0566745]}},{"type":"Feature","id":"water-breaks-e502fefbef07973b-1","properties":{"break_date":"2010-07-19T00:00:00.000","break_type":"CDS","status":"ACTIVE","communityCodes":["BRD"],"mapPoint":[-114.0355591,51.0566942]},"geometry":{"type":"Point","coordinates":[-114.0355591,51.0566942]}},{"type":"Feature","id":"water-breaks-cf285001c8176098-1","properties":{"break_date":"2010-07-02T00:00:00.000","break_type":"AC","status":"ACTIVE","communityCodes":["BRD"],"mapPoint":[-114.0375432,51.0560878]},"geometry":{"type":"Point","coordinates":[-114.0375432,51.0560878]}},{"type":"Feature","id":"water-breaks-26c829f2e24f6da8-1","properties":{"break_date":"2010-06-19T00:00:00.000","break_type":"CG2","status":"RETIRED","communityCodes":["BLN"],"mapPoint":[-114.0746967,51.042641]},"geometry":{"type":"Point","coordinates":[-114.0746967,51.042641]}},{"type":"Feature","id":"water-breaks-cd7f162325a27a91-1","properties":{"break_date":"2010-06-09T00:00:00.000","break_type":"D","status":"ACTIVE","communityCodes":["BRD"],"mapPoint":[-114.0337831,51.0509943]},"geometry":{"type":"Point","coordinates":[-114.0337831,51.0509943]}},{"type":"Feature","id":"water-breaks-e1ff808bfa6d598f-1","properties":{"break_date":"2010-06-08T00:00:00.000","break_type":"AC","status":"ACTIVE","communityCodes":["BLN"],"mapPoint":[-114.074254,51.0388575]},"geometry":{"type":"Point","coordinates":[-114.074254,51.0388575]}},{"type":"Feature","id":"water-breaks-cd39ab14645484a1-1","properties":{"break_date":"2010-03-10T00:00:00.000","break_type":"CDS","status":"ACTIVE","communityCodes":["SSD"],"mapPoint":[-114.0730126,51.059441]},"geometry":{"type":"Point","coordinates":[-114.0730126,51.059441]}},{"type":"Feature","id":"water-breaks-7063b2d1249cff2c-1","properties":{"break_date":"2010-02-17T00:00:00.000","break_type":"B","status":"ACTIVE","communityCodes":["HIL"],"mapPoint":[-114.0981008,51.0512057]},"geometry":{"type":"Point","coordinates":[-114.0981008,51.0512057]}},{"type":"Feature","id":"water-breaks-875c90851c2c50e7-1","properties":{"break_date":"2010-01-22T00:00:00.000","break_type":"CDS","status":"ACTIVE","communityCodes":["BRD"],"mapPoint":[-114.041826,51.0571566]},"geometry":{"type":"Point","coordinates":[-114.041826,51.0571566]}},{"type":"Feature","id":"water-breaks-3b60f2727764eb92-1","properties":{"break_date":"2010-01-13T00:00:00.000","break_type":"CDS","status":"ACTIVE","communityCodes":["HIL"],"mapPoint":[-114.0932916,51.0566871]},"geometry":{"type":"Point","coordinates":[-114.0932916,51.0566871]}},{"type":"Feature","id":"water-breaks-a8bd1a55697c8daa-1","properties":{"break_date":"2010-01-13T00:00:00.000","break_type":"D","status":"ACTIVE","communityCodes":["HIL"],"mapPoint":[-114.0932921,51.0567251]},"geometry":{"type":"Point","coordinates":[-114.0932921,51.0567251]}},{"type":"Feature","id":"water-breaks-2b5b7b9565cca43b-1","properties":{"break_date":"2010-01-07T00:00:00.000","break_type":"AC","status":"RETIRED","communityCodes":["BLN"],"mapPoint":[-114.0509583,51.041198]},"geometry":{"type":"Point","coordinates":[-114.0509583,51.041198]}},{"type":"Feature","id":"water-breaks-913e385f3ab9606f-1","properties":{"break_date":"2009-12-06T00:00:00.000","break_type":"G","status":"ACTIVE","communityCodes":["BRD"],"mapPoint":[-114.0376597,51.0564704]},"geometry":{"type":"Point","coordinates":[-114.0376597,51.0564704]}},{"type":"Feature","id":"water-breaks-c5f9a2c495c52d71-1","properties":{"break_date":"2009-07-30T00:00:00.000","break_type":"C2G","status":"RETIRED","communityCodes":["BLN"],"mapPoint":[-114.0747602,51.0426428]},"geometry":{"type":"Point","coordinates":[-114.0747602,51.0426428]}},{"type":"Feature","id":"water-breaks-dc6dcc88578db1b6-1","properties":{"break_date":"2009-07-11T00:00:00.000","break_type":"DS","status":"ACTIVE","communityCodes":["HIL"],"mapPoint":[-114.0963207,51.0573084]},"geometry":{"type":"Point","coordinates":[-114.0963207,51.0573084]}},{"type":"Feature","id":"water-breaks-4d913d5a6586aac8-1","properties":{"break_date":"2009-07-11T00:00:00.000","break_type":"E","status":"ACTIVE","communityCodes":["HIL"],"mapPoint":[-114.0963173,51.0561233]},"geometry":{"type":"Point","coordinates":[-114.0963173,51.0561233]}},{"type":"Feature","id":"water-breaks-9ed71d6fddc6b1d7-1","properties":{"break_date":"2009-05-11T00:00:00.000","break_type":"C2G2","status":"RETIRED","communityCodes":["BLN"],"mapPoint":[-114.0747701,51.042643]},"geometry":{"type":"Point","coordinates":[-114.0747701,51.042643]}},{"type":"Feature","id":"water-breaks-fab8e762e0cd4fee-1","properties":{"break_date":"2009-04-26T00:00:00.000","break_type":"DS","status":"ACTIVE","communityCodes":["BRD"],"mapPoint":[-114.0429763,51.0569173]},"geometry":{"type":"Point","coordinates":[-114.0429763,51.0569173]}},{"type":"Feature","id":"water-breaks-7c816387b46aae92-1","properties":{"break_date":"2009-03-18T00:00:00.000","break_type":"DS","status":"ACTIVE","communityCodes":["HIL"],"mapPoint":[-114.1015757,51.0587274]},"geometry":{"type":"Point","coordinates":[-114.1015757,51.0587274]}},{"type":"Feature","id":"water-breaks-96fb74ba427e0818-1","properties":{"break_date":"2009-02-14T00:00:00.000","break_type":"AC","status":"ACTIVE","communityCodes":["BLN"],"mapPoint":[-114.0758399,51.0398511]},"geometry":{"type":"Point","coordinates":[-114.0758399,51.0398511]}},{"type":"Feature","id":"water-breaks-4e80a6878e8a53a2-1","properties":{"break_date":"2009-02-09T00:00:00.000","break_type":"AC2","status":"RETIRED","communityCodes":["BRD"],"mapPoint":[-114.0482996,51.0510914]},"geometry":{"type":"Point","coordinates":[-114.0482996,51.0510914]}},{"type":"Feature","id":"water-breaks-aad7b4677d26b378-1","properties":{"break_date":"2009-01-03T00:00:00.000","break_type":"AC","status":"RETIRED","communityCodes":["BLN"],"mapPoint":[-114.075501,51.0378698]},"geometry":{"type":"Point","coordinates":[-114.075501,51.0378698]}},{"type":"Feature","id":"water-breaks-b9d122aefcf230f9-1","properties":{"break_date":"2008-12-14T00:00:00.000","break_type":"AC2","status":"RETIRED","communityCodes":["BLN"],"mapPoint":[-114.0592423,51.0384346]},"geometry":{"type":"Point","coordinates":[-114.0592423,51.0384346]}},{"type":"Feature","id":"water-breaks-845e7deeff9b86a9-1","properties":{"break_date":"2008-12-12T00:00:00.000","break_type":"A","status":"RETIRED","communityCodes":["HIL"],"mapPoint":[-114.0946962,51.0628326]},"geometry":{"type":"Point","coordinates":[-114.0946962,51.0628326]}},{"type":"Feature","id":"water-breaks-da9a49e20be29d54-1","properties":{"break_date":"2008-11-30T00:00:00.000","break_type":"AC","status":"ACTIVE","communityCodes":["BRD"],"mapPoint":[-114.0347312,51.0491151]},"geometry":{"type":"Point","coordinates":[-114.0347312,51.0491151]}},{"type":"Feature","id":"water-breaks-96950034643e5d4f-1","properties":{"break_date":"2008-11-23T00:00:00.000","break_type":"CG","status":"ACTIVE","communityCodes":["BLN"],"mapPoint":[-114.0684911,51.042492]},"geometry":{"type":"Point","coordinates":[-114.0684911,51.042492]}},{"type":"Feature","id":"water-breaks-f688faf98e7cecb9-1","properties":{"break_date":"2008-11-18T00:00:00.000","break_type":"CG2","status":"RETIRED","communityCodes":["BLN"],"mapPoint":[-114.06164,51.04227]},"geometry":{"type":"Point","coordinates":[-114.06164,51.04227]}},{"type":"Feature","id":"water-breaks-f1b5b44560019923-1","properties":{"break_date":"2008-11-08T00:00:00.000","break_type":"AC","status":"RETIRED","communityCodes":["BLN"],"mapPoint":[-114.0659932,51.0378925]},"geometry":{"type":"Point","coordinates":[-114.0659932,51.0378925]}},{"type":"Feature","id":"water-breaks-f9c726e25cae17a8-1","properties":{"break_date":"2008-10-25T00:00:00.000","break_type":"AC","status":"ACTIVE","communityCodes":["BLN"],"mapPoint":[-114.0647068,51.0423847]},"geometry":{"type":"Point","coordinates":[-114.0647068,51.0423847]}},{"type":"Feature","id":"water-breaks-2ca42841dd27849b-1","properties":{"break_date":"2008-10-19T00:00:00.000","break_type":"E","status":"RETIRED","communityCodes":["BLN"],"mapPoint":[-114.0764559,51.0378696]},"geometry":{"type":"Point","coordinates":[-114.0764559,51.0378696]}},{"type":"Feature","id":"water-breaks-263bd6b5573b96d3-1","properties":{"break_date":"2008-08-13T00:00:00.000","break_type":"D","status":"ACTIVE","communityCodes":["BLN"],"mapPoint":[-114.0715836,51.0410063]},"geometry":{"type":"Point","coordinates":[-114.0715836,51.0410063]}},{"type":"Feature","id":"water-breaks-0f0972f6a89faa51-1","properties":{"break_date":"2008-08-09T00:00:00.000","break_type":"G","status":"ACTIVE","communityCodes":["BLN"],"mapPoint":[-114.0664656,51.0415573]},"geometry":{"type":"Point","coordinates":[-114.0664656,51.0415573]}},{"type":"Feature","id":"water-breaks-4f0308d79ac24c90-1","properties":{"break_date":"2008-07-30T00:00:00.000","break_type":"A","status":"ACTIVE","communityCodes":["BLN"],"mapPoint":[-114.0669236,51.0396062]},"geometry":{"type":"Point","coordinates":[-114.0669236,51.0396062]}},{"type":"Feature","id":"water-breaks-a41e31c4797bb2e6-1","properties":{"break_date":"2008-07-26T00:00:00.000","break_type":"D","status":"ACTIVE","communityCodes":["BLN"],"mapPoint":[-114.0541152,51.0420837]},"geometry":{"type":"Point","coordinates":[-114.0541152,51.0420837]}},{"type":"Feature","id":"water-breaks-41df90bf8151f6ec-1","properties":{"break_date":"2008-07-19T00:00:00.000","break_type":"G","status":"RETIRED","communityCodes":["BLN"],"mapPoint":[-114.0577902,51.0421606]},"geometry":{"type":"Point","coordinates":[-114.0577902,51.0421606]}},{"type":"Feature","id":"water-breaks-185c4aa8d16c2801-1","properties":{"break_date":"2008-07-12T00:00:00.000","break_type":"CG4","status":"RETIRED","communityCodes":["BLN"],"mapPoint":[-114.061932,51.0422783]},"geometry":{"type":"Point","coordinates":[-114.061932,51.0422783]}},{"type":"Feature","id":"water-breaks-37f2605a5f13a177-1","properties":{"break_date":"2008-07-05T00:00:00.000","break_type":"G","status":"RETIRED","communityCodes":["BLN"],"mapPoint":[-114.0578314,51.0421617]},"geometry":{"type":"Point","coordinates":[-114.0578314,51.0421617]}},{"type":"Feature","id":"water-breaks-dbf93082cc60d13b-1","properties":{"break_date":"2008-06-26T00:00:00.000","break_type":"G","status":"ACTIVE","communityCodes":["BLN"],"mapPoint":[-114.0619795,51.043342]},"geometry":{"type":"Point","coordinates":[-114.0619795,51.043342]}},{"type":"Feature","id":"water-breaks-4c5c43a18df7ff2e-1","properties":{"break_date":"2008-06-22T00:00:00.000","break_type":"G","status":"ACTIVE","communityCodes":["HIL"],"mapPoint":[-114.1026447,51.0491616]},"geometry":{"type":"Point","coordinates":[-114.1026447,51.0491616]}},{"type":"Feature","id":"water-breaks-dd2668fe447353fd-1","properties":{"break_date":"2008-06-14T00:00:00.000","break_type":"A","status":"ACTIVE","communityCodes":["BLN"],"mapPoint":[-114.0658376,51.0400803]},"geometry":{"type":"Point","coordinates":[-114.0658376,51.0400803]}},{"type":"Feature","id":"water-breaks-d1d1d3dd80bf1201-1","properties":{"break_date":"2008-04-25T00:00:00.000","break_type":"DG","status":"RETIRED","communityCodes":["BLN"],"mapPoint":[-114.0578466,51.0421622]},"geometry":{"type":"Point","coordinates":[-114.0578466,51.0421622]}},{"type":"Feature","id":"water-breaks-0bd6bc371a5fcbdf-1","properties":{"break_date":"2008-03-15T00:00:00.000","break_type":"G","status":"RETIRED","communityCodes":["BLN"],"mapPoint":[-114.06264,51.0422985]},"geometry":{"type":"Point","coordinates":[-114.06264,51.0422985]}},{"type":"Feature","id":"water-breaks-7797352f8497ae4f-1","properties":{"break_date":"2008-03-08T00:00:00.000","break_type":"CG","status":"RETIRED","communityCodes":["BLN"],"mapPoint":[-114.0641049,51.0423401]},"geometry":{"type":"Point","coordinates":[-114.0641049,51.0423401]}},{"type":"Feature","id":"water-breaks-60d93448e5cd1e31-1","properties":{"break_date":"2008-01-06T00:00:00.000","break_type":"A","status":"RETIRED","communityCodes":["BLN"],"mapPoint":[-114.0742638,51.0407567]},"geometry":{"type":"Point","coordinates":[-114.0742638,51.0407567]}},{"type":"Feature","id":"water-breaks-5754708b463f2733-1","properties":{"break_date":"2008-01-05T00:00:00.000","break_type":"AC","status":"RETIRED","communityCodes":["BLN"],"mapPoint":[-114.0754959,51.0426632]},"geometry":{"type":"Point","coordinates":[-114.0754959,51.0426632]}},{"type":"Feature","id":"water-breaks-498cc286596e8501-1","properties":{"break_date":"2007-12-29T00:00:00.000","break_type":"AC","status":"ACTIVE","communityCodes":["BLN"],"mapPoint":[-114.0772075,51.0418612]},"geometry":{"type":"Point","coordinates":[-114.0772075,51.0418612]}},{"type":"Feature","id":"water-breaks-c2a4ddbc9127ad2c-1","properties":{"break_date":"2007-12-22T00:00:00.000","break_type":"A","status":"ACTIVE","communityCodes":["BLN"],"mapPoint":[-114.0608058,51.0432224]},"geometry":{"type":"Point","coordinates":[-114.0608058,51.0432224]}},{"type":"Feature","id":"water-breaks-aa3c40d99deaaa26-1","properties":{"break_date":"2007-11-29T00:00:00.000","break_type":"A","status":"RETIRED","communityCodes":["BRD"],"mapPoint":[-114.0482999,51.0521715]},"geometry":{"type":"Point","coordinates":[-114.0482999,51.0521715]}},{"type":"Feature","id":"water-breaks-6a3c62b4042ca0a0-1","properties":{"break_date":"2007-11-19T00:00:00.000","break_type":"G","status":"RETIRED","communityCodes":["BLN"],"mapPoint":[-114.0742597,51.0426567]},"geometry":{"type":"Point","coordinates":[-114.0742597,51.0426567]}},{"type":"Feature","id":"water-breaks-edf1fbd109ac3bfa-1","properties":{"break_date":"2007-11-19T00:00:00.000","break_type":"G","status":"RETIRED","communityCodes":["BLN"],"mapPoint":[-114.0742646,51.0426569]},"geometry":{"type":"Point","coordinates":[-114.0742646,51.0426569]}},{"type":"Feature","id":"water-breaks-dea6b2d93cc99909-1","properties":{"break_date":"2007-10-20T00:00:00.000","break_type":"CD","status":"ACTIVE","communityCodes":["BLN"],"mapPoint":[-114.0635173,51.0391976]},"geometry":{"type":"Point","coordinates":[-114.0635173,51.0391976]}},{"type":"Feature","id":"water-breaks-5fdc8c2dabbcb13d-1","properties":{"break_date":"2007-07-29T00:00:00.000","break_type":"G","status":"RETIRED","communityCodes":["BLN"],"mapPoint":[-114.0656378,51.042878]},"geometry":{"type":"Point","coordinates":[-114.0656378,51.042878]}},{"type":"Feature","id":"water-breaks-1a98b08b62a2e943-1","properties":{"break_date":"2007-07-29T00:00:00.000","break_type":"G","status":"RETIRED","communityCodes":["BLN"],"mapPoint":[-114.0656383,51.0428705]},"geometry":{"type":"Point","coordinates":[-114.0656383,51.0428705]}},{"type":"Feature","id":"water-breaks-59a513dec49513a2-1","properties":{"break_date":"2007-07-26T00:00:00.000","break_type":"E","status":"ACTIVE","communityCodes":["BLN"],"mapPoint":[-114.0815078,51.0432485]},"geometry":{"type":"Point","coordinates":[-114.0815078,51.0432485]}},{"type":"Feature","id":"water-breaks-80bb86593037b1ce-1","properties":{"break_date":"2007-07-20T00:00:00.000","break_type":"BFG","status":"RETIRED","communityCodes":["BLN"],"mapPoint":[-114.0597259,51.0422156]},"geometry":{"type":"Point","coordinates":[-114.0597259,51.0422156]}},{"type":"Feature","id":"water-breaks-94a44ea5185ef102-1","properties":{"break_date":"2007-05-03T00:00:00.000","break_type":"A","status":"RETIRED","communityCodes":["BLN"],"mapPoint":[-114.06563,51.0429875]},"geometry":{"type":"Point","coordinates":[-114.06563,51.0429875]}},{"type":"Feature","id":"water-breaks-086591191bb06db9-1","properties":{"break_date":"2007-04-16T00:00:00.000","break_type":"G","status":"RETIRED","communityCodes":["BLN"],"mapPoint":[-114.0595804,51.0422115]},"geometry":{"type":"Point","coordinates":[-114.0595804,51.0422115]}},{"type":"Feature","id":"water-breaks-bc1e0e0313bb0a2e-1","properties":{"break_date":"2007-04-14T00:00:00.000","break_type":"G","status":"RETIRED","communityCodes":["BLN"],"mapPoint":[-114.0593221,51.0422041]},"geometry":{"type":"Point","coordinates":[-114.0593221,51.0422041]}},{"type":"Feature","id":"water-breaks-25637db5b30d4859-1","properties":{"break_date":"2007-04-14T00:00:00.000","break_type":"G","status":"RETIRED","communityCodes":["BLN"],"mapPoint":[-114.0593632,51.0422053]},"geometry":{"type":"Point","coordinates":[-114.0593632,51.0422053]}},{"type":"Feature","id":"water-breaks-62b9220f090cb27e-1","properties":{"break_date":"2007-04-14T00:00:00.000","break_type":"G","status":"RETIRED","communityCodes":["BLN"],"mapPoint":[-114.0593385,51.0422046]},"geometry":{"type":"Point","coordinates":[-114.0593385,51.0422046]}},{"type":"Feature","id":"water-breaks-9a664b9cb9844fbc-1","properties":{"break_date":"2007-04-14T00:00:00.000","break_type":"G","status":"RETIRED","communityCodes":["BLN"],"mapPoint":[-114.0593508,51.0422049]},"geometry":{"type":"Point","coordinates":[-114.0593508,51.0422049]}},{"type":"Feature","id":"water-breaks-50d24086e58509ee-1","properties":{"break_date":"2007-04-06T00:00:00.000","break_type":"E","status":"ACTIVE","communityCodes":["HIL"],"mapPoint":[-114.0952291,51.0525575]},"geometry":{"type":"Point","coordinates":[-114.0952291,51.0525575]}},{"type":"Feature","id":"water-breaks-1f19d291b80dd556-1","properties":{"break_date":"2007-04-01T00:00:00.000","break_type":"A","status":"RETIRED","communityCodes":["BLN"],"mapPoint":[-114.0656086,51.0432902]},"geometry":{"type":"Point","coordinates":[-114.0656086,51.0432902]}},{"type":"Feature","id":"water-breaks-34189ea90b2405cd-1","properties":{"break_date":"2007-03-29T00:00:00.000","break_type":"AC","status":"ACTIVE","communityCodes":["BRD"],"mapPoint":[-114.031122,51.0525114]},"geometry":{"type":"Point","coordinates":[-114.031122,51.0525114]}},{"type":"Feature","id":"water-breaks-891ae254f2410079-1","properties":{"break_date":"2007-03-04T00:00:00.000","break_type":"G","status":"RETIRED","communityCodes":["BRD"],"mapPoint":[-114.0482999,51.0520374]},"geometry":{"type":"Point","coordinates":[-114.0482999,51.0520374]}},{"type":"Feature","id":"water-breaks-0b24738df72bad5c-1","properties":{"break_date":"2007-02-28T00:00:00.000","break_type":"A","status":"ACTIVE","communityCodes":["BLN"],"mapPoint":[-114.0780804,51.0418858]},"geometry":{"type":"Point","coordinates":[-114.0780804,51.0418858]}},{"type":"Feature","id":"water-breaks-9b3037fab18e1ab2-1","properties":{"break_date":"2007-02-25T00:00:00.000","break_type":"A","status":"ACTIVE","communityCodes":["BLN"],"mapPoint":[-114.0777172,51.0418755]},"geometry":{"type":"Point","coordinates":[-114.0777172,51.0418755]}},{"type":"Feature","id":"water-breaks-1d5078932590fae4-1","properties":{"break_date":"2007-02-03T00:00:00.000","break_type":"A","status":"RETIRED","communityCodes":["BLN"],"mapPoint":[-114.0818156,51.0419909]},"geometry":{"type":"Point","coordinates":[-114.0818156,51.0419909]}},{"type":"Feature","id":"water-breaks-ad3a9aa067aa1784-1","properties":{"break_date":"2006-12-20T00:00:00.000","break_type":"A","status":"RETIRED","communityCodes":["BLN"],"mapPoint":[-114.0602198,51.0403694]},"geometry":{"type":"Point","coordinates":[-114.0602198,51.0403694]}},{"type":"Feature","id":"water-breaks-8cf825236247611c-1","properties":{"break_date":"2006-12-07T00:00:00.000","break_type":"A","status":"ACTIVE","communityCodes":["HIL"],"mapPoint":[-114.100077,51.0490684]},"geometry":{"type":"Point","coordinates":[-114.100077,51.0490684]}},{"type":"Feature","id":"water-breaks-eef79b770c5969d0-1","properties":{"break_date":"2006-04-19T00:00:00.000","break_type":"G","status":"ACTIVE","communityCodes":["BRD"],"mapPoint":[-114.0350004,51.0525419]},"geometry":{"type":"Point","coordinates":[-114.0350004,51.0525419]}},{"type":"Feature","id":"water-breaks-006a99623563e074-1","properties":{"break_date":"2006-01-10T00:00:00.000","break_type":"A","status":"RETIRED","communityCodes":["BLN"],"mapPoint":[-114.0558081,51.0402929]},"geometry":{"type":"Point","coordinates":[-114.0558081,51.0402929]}},{"type":"Feature","id":"water-breaks-a65ee1354d359c59-1","properties":{"break_date":"2006-01-07T00:00:00.000","break_type":"D","status":"ACTIVE","communityCodes":["BLN"],"mapPoint":[-114.0662239,51.0415504]},"geometry":{"type":"Point","coordinates":[-114.0662239,51.0415504]}},{"type":"Feature","id":"water-breaks-053993fc3af2d900-1","properties":{"break_date":"2005-12-14T00:00:00.000","break_type":"A","status":"ACTIVE","communityCodes":["BLN"],"mapPoint":[-114.0746323,51.0417886]},"geometry":{"type":"Point","coordinates":[-114.0746323,51.0417886]}},{"type":"Feature","id":"water-breaks-bd896422144c08e0-1","properties":{"break_date":"2005-06-14T00:00:00.000","break_type":"D","status":"ACTIVE","communityCodes":["BRD"],"mapPoint":[-114.0429769,51.0564854]},"geometry":{"type":"Point","coordinates":[-114.0429769,51.0564854]}},{"type":"Feature","id":"water-breaks-f4c096d1c5090b3c-1","properties":{"break_date":"2005-03-16T00:00:00.000","break_type":"A","status":"RETIRED","communityCodes":["SSD"],"mapPoint":[-114.0744311,51.0604067]},"geometry":{"type":"Point","coordinates":[-114.0744311,51.0604067]}},{"type":"Feature","id":"water-breaks-bf91bb114da166dd-1","properties":{"break_date":"2005-02-12T00:00:00.000","break_type":"D","status":"ACTIVE","communityCodes":["BLN"],"mapPoint":[-114.0658777,51.0395163]},"geometry":{"type":"Point","coordinates":[-114.0658777,51.0395163]}},{"type":"Feature","id":"water-breaks-66bfa91eea0db86b-1","properties":{"break_date":"2005-01-15T00:00:00.000","break_type":"A","status":"RETIRED","communityCodes":["HIL"],"mapPoint":[-114.0973017,51.0512066]},"geometry":{"type":"Point","coordinates":[-114.0973017,51.0512066]}},{"type":"Feature","id":"water-breaks-d0101e0188155567-1","properties":{"break_date":"2005-01-06T00:00:00.000","break_type":"A","status":"RETIRED","communityCodes":["BLN"],"mapPoint":[-114.0510956,51.0396878]},"geometry":{"type":"Point","coordinates":[-114.0510956,51.0396878]}},{"type":"Feature","id":"water-breaks-aee39174035350a5-1","properties":{"break_date":"2005-01-01T00:00:00.000","break_type":"A","status":"RETIRED","communityCodes":["BLN"],"mapPoint":[-114.0510979,51.0396565]},"geometry":{"type":"Point","coordinates":[-114.0510979,51.0396565]}},{"type":"Feature","id":"water-breaks-72bd7d9e259f240b-1","properties":{"break_date":"2004-09-30T00:00:00.000","break_type":"A","status":"RETIRED","communityCodes":["SSD"],"mapPoint":[-114.0744304,51.0600568]},"geometry":{"type":"Point","coordinates":[-114.0744304,51.0600568]}},{"type":"Feature","id":"water-breaks-9ebacd65cccd75b8-1","properties":{"break_date":"2004-09-22T00:00:00.000","break_type":"D","status":"ACTIVE","communityCodes":["BLN"],"mapPoint":[-114.0653235,51.0386066]},"geometry":{"type":"Point","coordinates":[-114.0653235,51.0386066]}},{"type":"Feature","id":"water-breaks-c34d075c5627248f-1","properties":{"break_date":"2004-07-21T00:00:00.000","break_type":"B","status":"ACTIVE","communityCodes":["BLN"],"mapPoint":[-114.0766005,51.0398726]},"geometry":{"type":"Point","coordinates":[-114.0766005,51.0398726]}},{"type":"Feature","id":"water-breaks-62214ef1becd52f9-1","properties":{"break_date":"2004-01-14T00:00:00.000","break_type":"G","status":"RETIRED","communityCodes":["BLN"],"mapPoint":[-114.0599624,51.0384551]},"geometry":{"type":"Point","coordinates":[-114.0599624,51.0384551]}},{"type":"Feature","id":"water-breaks-0a78e26f08b7efbc-1","properties":{"break_date":"2004-01-14T00:00:00.000","break_type":"G","status":"RETIRED","communityCodes":["BLN"],"mapPoint":[-114.0599877,51.0384558]},"geometry":{"type":"Point","coordinates":[-114.0599877,51.0384558]}},{"type":"Feature","id":"water-breaks-81c24f6972c6c2d3-1","properties":{"break_date":"2003-12-31T00:00:00.000","break_type":"A","status":"RETIRED","communityCodes":["BLN"],"mapPoint":[-114.0598031,51.0378737]},"geometry":{"type":"Point","coordinates":[-114.0598031,51.0378737]}},{"type":"Feature","id":"water-breaks-67d32ae6e86bc2da-1","properties":{"break_date":"2003-12-31T00:00:00.000","break_type":"G","status":"ACTIVE","communityCodes":["BRD"],"mapPoint":[-114.042976,51.0570787]},"geometry":{"type":"Point","coordinates":[-114.042976,51.0570787]}},{"type":"Feature","id":"water-breaks-94ed9f71d903f2f3-1","properties":{"break_date":"2003-08-23T00:00:00.000","break_type":"B","status":"RETIRED","communityCodes":["BLN"],"mapPoint":[-114.0627746,51.0423023]},"geometry":{"type":"Point","coordinates":[-114.0627746,51.0423023]}},{"type":"Feature","id":"water-breaks-97fb864454d48b6a-1","properties":{"break_date":"2003-07-30T00:00:00.000","break_type":"G","status":"ACTIVE","communityCodes":["HIL"],"mapPoint":[-114.0977393,51.0553907]},"geometry":{"type":"Point","coordinates":[-114.0977393,51.0553907]}},{"type":"Feature","id":"water-breaks-76e83a8dd2d81bc4-1","properties":{"break_date":"2003-05-09T00:00:00.000","break_type":"A","status":"RETIRED","communityCodes":["BLN"],"mapPoint":[-114.0777499,51.0389568]},"geometry":{"type":"Point","coordinates":[-114.0777499,51.0389568]}},{"type":"Feature","id":"water-breaks-9d9c4c4fa1090b64-1","properties":{"break_date":"2003-04-26T00:00:00.000","break_type":"A","status":"ACTIVE","communityCodes":["BLN"],"mapPoint":[-114.0799492,51.0437665]},"geometry":{"type":"Point","coordinates":[-114.0799492,51.0437665]}},{"type":"Feature","id":"water-breaks-b0c12025b944fa36-1","properties":{"break_date":"2003-03-21T00:00:00.000","break_type":"A","status":"RETIRED","communityCodes":["HIL"],"mapPoint":[-114.0997152,51.0512038]},"geometry":{"type":"Point","coordinates":[-114.0997152,51.0512038]}},{"type":"Feature","id":"water-breaks-eeae60343dc1747d-1","properties":{"break_date":"2003-03-06T00:00:00.000","break_type":"A","status":"RETIRED","communityCodes":["SSD"],"mapPoint":[-114.0744298,51.0596873]},"geometry":{"type":"Point","coordinates":[-114.0744298,51.0596873]}},{"type":"Feature","id":"water-breaks-73d6af2046f5c1ff-1","properties":{"break_date":"2003-02-10T00:00:00.000","break_type":"A","status":"ACTIVE","communityCodes":["BLN"],"mapPoint":[-114.0874564,51.0401797]},"geometry":{"type":"Point","coordinates":[-114.0874564,51.0401797]}},{"type":"Feature","id":"water-breaks-8bc11930b210fec0-1","properties":{"break_date":"2003-02-02T00:00:00.000","break_type":"A","status":"RETIRED","communityCodes":["BLN"],"mapPoint":[-114.0855781,51.0410758]},"geometry":{"type":"Point","coordinates":[-114.0855781,51.0410758]}},{"type":"Feature","id":"water-breaks-5de42e6aa8c8b353-1","properties":{"break_date":"2002-12-31T00:00:00.000","break_type":"A","status":"RETIRED","communityCodes":["HIL"],"mapPoint":[-114.100605,51.0510643]},"geometry":{"type":"Point","coordinates":[-114.100605,51.0510643]}},{"type":"Feature","id":"water-breaks-daca4bdd8594ccce-1","properties":{"break_date":"2002-08-02T00:00:00.000","break_type":"G","status":"RETIRED","communityCodes":["BRD"],"mapPoint":[-114.0516085,51.0566915]},"geometry":{"type":"Point","coordinates":[-114.0516085,51.0566915]}},{"type":"Feature","id":"water-breaks-355b386b58016205-1","properties":{"break_date":"2002-07-03T00:00:00.000","break_type":"DG","status":"RETIRED","communityCodes":["BLN"],"mapPoint":[-114.0739795,51.0426211]},"geometry":{"type":"Point","coordinates":[-114.0739795,51.0426211]}},{"type":"Feature","id":"water-breaks-6846541468faa376-1","properties":{"break_date":"2002-04-18T00:00:00.000","break_type":"G","status":"ACTIVE","communityCodes":["BLN"],"mapPoint":[-114.0942423,51.0442347]},"geometry":{"type":"Point","coordinates":[-114.0942423,51.0442347]}},{"type":"Feature","id":"water-breaks-6c5a67ccc84a7057-1","properties":{"break_date":"2002-03-03T00:00:00.000","break_type":"B","status":"ACTIVE","communityCodes":["SSD"],"mapPoint":[-114.0796435,51.055958]},"geometry":{"type":"Point","coordinates":[-114.0796435,51.055958]}},{"type":"Feature","id":"water-breaks-546f7f14fbf31384-1","properties":{"break_date":"2002-01-06T00:00:00.000","break_type":"A","status":"ACTIVE","communityCodes":["HIL"],"mapPoint":[-114.0946831,51.0517607]},"geometry":{"type":"Point","coordinates":[-114.0946831,51.0517607]}},{"type":"Feature","id":"water-breaks-458f63a44a27de1e-1","properties":{"break_date":"2002-01-05T00:00:00.000","break_type":"A","status":"ACTIVE","communityCodes":["HIL"],"mapPoint":[-114.0946832,51.0518095]},"geometry":{"type":"Point","coordinates":[-114.0946832,51.0518095]}},{"type":"Feature","id":"water-breaks-dc74c39427ebeaf3-1","properties":{"break_date":"2001-12-02T00:00:00.000","break_type":"A","status":"ACTIVE","communityCodes":["BRD"],"mapPoint":[-114.0347313,51.0492301]},"geometry":{"type":"Point","coordinates":[-114.0347313,51.0492301]}},{"type":"Feature","id":"water-breaks-87c17cb6eabce529-1","properties":{"break_date":"2001-12-01T00:00:00.000","break_type":"B","status":"ACTIVE","communityCodes":["BLN"],"mapPoint":[-114.0669942,51.0415725]},"geometry":{"type":"Point","coordinates":[-114.0669942,51.0415725]}},{"type":"Feature","id":"water-breaks-f3cd23c9b5ffd80e-1","properties":{"break_date":"2001-11-14T00:00:00.000","break_type":"G","status":"ACTIVE","communityCodes":["HIL"],"mapPoint":[-114.1003285,51.0490772]},"geometry":{"type":"Point","coordinates":[-114.1003285,51.0490772]}},{"type":"Feature","id":"water-breaks-65eedc33f209b3c8-1","properties":{"break_date":"2001-10-29T00:00:00.000","break_type":"CG","status":"ACTIVE","communityCodes":["BLN"],"mapPoint":[-114.0522088,51.039193]},"geometry":{"type":"Point","coordinates":[-114.0522088,51.039193]}},{"type":"Feature","id":"water-breaks-ba5c52d1ec37b0d1-1","properties":{"break_date":"2001-10-18T00:00:00.000","break_type":"G","status":"RETIRED","communityCodes":["BRD"],"mapPoint":[-114.0516045,51.0568884]},"geometry":{"type":"Point","coordinates":[-114.0516045,51.0568884]}},{"type":"Feature","id":"water-breaks-87b7cc14ac69912e-1","properties":{"break_date":"2001-06-08T00:00:00.000","break_type":"E","status":"ACTIVE","communityCodes":["BLN"],"mapPoint":[-114.0715832,51.0393347]},"geometry":{"type":"Point","coordinates":[-114.0715832,51.0393347]}},{"type":"Feature","id":"water-breaks-1435772b799ae569-1","properties":{"break_date":"2001-01-26T00:00:00.000","break_type":"A","status":"ACTIVE","communityCodes":["BLN"],"mapPoint":[-114.0736625,51.0388408]},"geometry":{"type":"Point","coordinates":[-114.0736625,51.0388408]}},{"type":"Feature","id":"water-breaks-6db429fb3c90df96-1","properties":{"break_date":"2001-01-23T00:00:00.000","break_type":"D","status":"ACTIVE","communityCodes":["BLN"],"mapPoint":[-114.0725819,51.0397595]},"geometry":{"type":"Point","coordinates":[-114.0725819,51.0397595]}},{"type":"Feature","id":"water-breaks-00560c8f2c632c4a-1","properties":{"break_date":"2001-01-13T00:00:00.000","break_type":"A","status":"ACTIVE","communityCodes":["BLN"],"mapPoint":[-114.0803797,51.0437786]},"geometry":{"type":"Point","coordinates":[-114.0803797,51.0437786]}},{"type":"Feature","id":"water-breaks-ab7cbc932404b18a-1","properties":{"break_date":"2000-12-09T00:00:00.000","break_type":"C","status":"RETIRED","communityCodes":["BLN"],"mapPoint":[-114.0757332,51.0426698]},"geometry":{"type":"Point","coordinates":[-114.0757332,51.0426698]}},{"type":"Feature","id":"water-breaks-082c92afcf6429c3-1","properties":{"break_date":"2000-12-09T00:00:00.000","break_type":"CG","status":"RETIRED","communityCodes":["BLN"],"mapPoint":[-114.0757065,51.042669]},"geometry":{"type":"Point","coordinates":[-114.0757065,51.042669]}},{"type":"Feature","id":"water-breaks-8403ea23c0f44711-1","properties":{"break_date":"2000-11-19T00:00:00.000","break_type":"A","status":"ACTIVE","communityCodes":["HIL"],"mapPoint":[-114.0874412,51.0554378]},"geometry":{"type":"Point","coordinates":[-114.0874412,51.0554378]}},{"type":"Feature","id":"water-breaks-decbb9cfedce9fdd-1","properties":{"break_date":"2000-10-11T00:00:00.000","break_type":"D","status":"RETIRED","communityCodes":["BLN"],"mapPoint":[-114.0628072,51.0378732]},"geometry":{"type":"Point","coordinates":[-114.0628072,51.0378732]}},{"type":"Feature","id":"water-breaks-f9b89d7139962ea8-1","properties":{"break_date":"2000-08-14T00:00:00.000","break_type":"D","status":"RETIRED","communityCodes":["HIL"],"mapPoint":[-114.0884519,51.0514929]},"geometry":{"type":"Point","coordinates":[-114.0884519,51.0514929]}},{"type":"Feature","id":"water-breaks-00f476d4b88e28da-1","properties":{"break_date":"2000-06-10T00:00:00.000","break_type":"E","status":"ACTIVE","communityCodes":["BLN"],"mapPoint":[-114.074114,51.0436017]},"geometry":{"type":"Point","coordinates":[-114.074114,51.0436017]}},{"type":"Feature","id":"water-breaks-1d2d90c41cd34e4b-1","properties":{"break_date":"2000-05-03T00:00:00.000","break_type":"D","status":"ACTIVE","communityCodes":["BRD"],"mapPoint":[-114.0429761,51.0570331]},"geometry":{"type":"Point","coordinates":[-114.0429761,51.0570331]}},{"type":"Feature","id":"water-breaks-7125f8826f400618-1","properties":{"break_date":"2000-05-03T00:00:00.000","break_type":"D","status":"ACTIVE","communityCodes":["BRD"],"mapPoint":[-114.0429759,51.0571321]},"geometry":{"type":"Point","coordinates":[-114.0429759,51.0571321]}},{"type":"Feature","id":"water-breaks-ebf459e820d8e01c-1","properties":{"break_date":"2000-05-01T00:00:00.000","break_type":"E","status":"ACTIVE","communityCodes":["BLN"],"mapPoint":[-114.0680131,51.0424781]},"geometry":{"type":"Point","coordinates":[-114.0680131,51.0424781]}},{"type":"Feature","id":"water-breaks-ddad053c34310634-1","properties":{"break_date":"2000-04-14T00:00:00.000","break_type":"G","status":"ACTIVE","communityCodes":["BRD"],"mapPoint":[-114.0347315,51.0494618]},"geometry":{"type":"Point","coordinates":[-114.0347315,51.0494618]}},{"type":"Feature","id":"water-breaks-73f6528c112f862b-1","properties":{"break_date":"2000-03-22T00:00:00.000","break_type":"B","status":"ACTIVE","communityCodes":["BLN"],"mapPoint":[-114.0868961,51.0430122]},"geometry":{"type":"Point","coordinates":[-114.0868961,51.0430122]}},{"type":"Feature","id":"water-breaks-4486d84f496e7945-1","properties":{"break_date":"2000-03-18T00:00:00.000","break_type":"CDG","status":"ACTIVE","communityCodes":["HIL"],"mapPoint":[-114.0933543,51.0520193]},"geometry":{"type":"Point","coordinates":[-114.0933543,51.0520193]}},{"type":"Feature","id":"water-breaks-9d994453f305e924-1","properties":{"break_date":"2000-02-20T00:00:00.000","break_type":"B","status":"ACTIVE","communityCodes":["BRD"],"mapPoint":[-114.0375156,51.0560877]},"geometry":{"type":"Point","coordinates":[-114.0375156,51.0560877]}},{"type":"Feature","id":"water-breaks-78952930c0930174-1","properties":{"break_date":"2000-02-20T00:00:00.000","break_type":"A","status":"ACTIVE","communityCodes":["BRD"],"mapPoint":[-114.0374343,51.0560875]},"geometry":{"type":"Point","coordinates":[-114.0374343,51.0560875]}},{"type":"Feature","id":"water-breaks-ab883db4b5cca976-1","properties":{"break_date":"2000-01-01T00:00:00.000","break_type":"E","status":"RETIRED","communityCodes":["BLN"],"mapPoint":[-114.0831534,51.0410075]},"geometry":{"type":"Point","coordinates":[-114.0831534,51.0410075]}},{"type":"Feature","id":"water-breaks-18d2f09997234b4f-1","properties":{"break_date":"1999-10-10T00:00:00.000","break_type":"D","status":"ACTIVE","communityCodes":["BRD"],"mapPoint":[-114.0516561,51.053075]},"geometry":{"type":"Point","coordinates":[-114.0516561,51.053075]}},{"type":"Feature","id":"water-breaks-7ed1f498f3a64e2d-1","properties":{"break_date":"1999-10-10T00:00:00.000","break_type":"G","status":"RETIRED","communityCodes":["BLN"],"mapPoint":[-114.0511296,51.0392179]},"geometry":{"type":"Point","coordinates":[-114.0511296,51.0392179]}},{"type":"Feature","id":"water-breaks-4ab7d2ec08db349b-1","properties":{"break_date":"1999-09-05T00:00:00.000","break_type":"G","status":"ACTIVE","communityCodes":["BLN"],"mapPoint":[-114.0678251,51.0424728]},"geometry":{"type":"Point","coordinates":[-114.0678251,51.0424728]}},{"type":"Feature","id":"water-breaks-4fb8e1b9d11f5fcf-1","properties":{"break_date":"1999-03-01T00:00:00.000","break_type":"A","status":"RETIRED","communityCodes":["HIL"],"mapPoint":[-114.0969099,51.0512071]},"geometry":{"type":"Point","coordinates":[-114.0969099,51.0512071]}},{"type":"Feature","id":"water-breaks-d2a244be2a211d99-1","properties":{"break_date":"1999-02-01T00:00:00.000","break_type":"D","status":"RETIRED","communityCodes":["BLN"],"mapPoint":[-114.0587605,51.0403266]},"geometry":{"type":"Point","coordinates":[-114.0587605,51.0403266]}},{"type":"Feature","id":"water-breaks-813f77f172a5a05b-1","properties":{"break_date":"1998-10-01T00:00:00.000","break_type":"E","status":"ACTIVE","communityCodes":["SSD"],"mapPoint":[-114.0757213,51.0593333]},"geometry":{"type":"Point","coordinates":[-114.0757213,51.0593333]}},{"type":"Feature","id":"water-breaks-b1adcc846319ef91-1","properties":{"break_date":"1998-08-01T00:00:00.000","break_type":"G2","status":"RETIRED","communityCodes":["SSD"],"mapPoint":[-114.0730126,51.0592986]},"geometry":{"type":"Point","coordinates":[-114.0730126,51.0592986]}},{"type":"Feature","id":"water-breaks-a2e0c198691c2305-1","properties":{"break_date":"1998-08-01T00:00:00.000","break_type":"G2","status":"RETIRED","communityCodes":["SSD"],"mapPoint":[-114.0730126,51.0594389]},"geometry":{"type":"Point","coordinates":[-114.0730126,51.0594389]}},{"type":"Feature","id":"water-breaks-fe632f5525d26e28-1","properties":{"break_date":"1998-07-01T00:00:00.000","break_type":"A","status":"RETIRED","communityCodes":["BRD"],"mapPoint":[-114.0482995,51.0532075]},"geometry":{"type":"Point","coordinates":[-114.0482995,51.0532075]}},{"type":"Feature","id":"water-breaks-94c4852ed9b4c825-1","properties":{"break_date":"1998-06-01T00:00:00.000","break_type":"G","status":"ACTIVE","communityCodes":["BLN"],"mapPoint":[-114.0601863,51.0422569]},"geometry":{"type":"Point","coordinates":[-114.0601863,51.0422569]}},{"type":"Feature","id":"water-breaks-7b26da8d371ec6e5-1","properties":{"break_date":"1998-06-01T00:00:00.000","break_type":"A","status":"ACTIVE","communityCodes":["BLN"],"mapPoint":[-114.0649924,51.043341]},"geometry":{"type":"Point","coordinates":[-114.0649924,51.043341]}},{"type":"Feature","id":"water-breaks-6fefadfec1d4751f-1","properties":{"break_date":"1998-06-01T00:00:00.000","break_type":"A","status":"ACTIVE","communityCodes":["HIL"],"mapPoint":[-114.0993153,51.0546043]},"geometry":{"type":"Point","coordinates":[-114.0993153,51.0546043]}},{"type":"Feature","id":"water-breaks-9aa9005e4e4351b7-1","properties":{"break_date":"1998-04-01T00:00:00.000","break_type":"E","status":"ACTIVE","communityCodes":["BLN"],"mapPoint":[-114.0676056,51.0424665]},"geometry":{"type":"Point","coordinates":[-114.0676056,51.0424665]}},{"type":"Feature","id":"water-breaks-a4a315ace7dcc448-1","properties":{"break_date":"1998-03-01T00:00:00.000","break_type":"A","status":"ACTIVE","communityCodes":["BLN"],"mapPoint":[-114.0744444,51.0385911]},"geometry":{"type":"Point","coordinates":[-114.0744444,51.0385911]}},{"type":"Feature","id":"water-breaks-7ccabfc1c8ceb42c-1","properties":{"break_date":"1998-02-01T00:00:00.000","break_type":"A","status":"ACTIVE","communityCodes":["HIL"],"mapPoint":[-114.101899,51.0525517]},"geometry":{"type":"Point","coordinates":[-114.101899,51.0525517]}},{"type":"Feature","id":"water-breaks-43c92d2b3c579a9f-1","properties":{"break_date":"1998-01-01T00:00:00.000","break_type":"A","status":"RETIRED","communityCodes":["HIL"],"mapPoint":[-114.1006046,51.0506688]},"geometry":{"type":"Point","coordinates":[-114.1006046,51.0506688]}},{"type":"Feature","id":"water-breaks-72184b00ec982cfe-1","properties":{"break_date":"1998-01-01T00:00:00.000","break_type":"A","status":"ACTIVE","communityCodes":["BLN"],"mapPoint":[-114.0544272,51.0420926]},"geometry":{"type":"Point","coordinates":[-114.0544272,51.0420926]}},{"type":"Feature","id":"water-breaks-9c599c58fabe9918-1","properties":{"break_date":"1998-01-01T00:00:00.000","break_type":"CA","status":"ACTIVE","communityCodes":["HIL"],"mapPoint":[-114.087445,51.0558515]},"geometry":{"type":"Point","coordinates":[-114.087445,51.0558515]}},{"type":"Feature","id":"water-breaks-3d7b3b19b5303e63-1","properties":{"break_date":"1997-12-01T00:00:00.000","break_type":"D","status":"ACTIVE","communityCodes":["HIL"],"mapPoint":[-114.0888279,51.0526773]},"geometry":{"type":"Point","coordinates":[-114.0888279,51.0526773]}},{"type":"Feature","id":"water-breaks-d351dc526642443e-1","properties":{"break_date":"1997-09-01T00:00:00.000","break_type":"G","status":"ACTIVE","communityCodes":["BLN"],"mapPoint":[-114.0940404,51.044163]},"geometry":{"type":"Point","coordinates":[-114.0940404,51.044163]}},{"type":"Feature","id":"water-breaks-b5b7ddedbeb2403a-1","properties":{"break_date":"1997-06-01T00:00:00.000","break_type":"A","status":"ACTIVE","communityCodes":["BRD"],"mapPoint":[-114.0429761,51.057027]},"geometry":{"type":"Point","coordinates":[-114.0429761,51.057027]}},{"type":"Feature","id":"water-breaks-75dcaee33ca0e1d0-1","properties":{"break_date":"1997-05-01T00:00:00.000","break_type":"G","status":"RETIRED","communityCodes":["BLN"],"mapPoint":[-114.076288,51.0426852]},"geometry":{"type":"Point","coordinates":[-114.076288,51.0426852]}},{"type":"Feature","id":"water-breaks-7a3e3873f919a1c8-1","properties":{"break_date":"1997-04-19T00:00:00.000","break_type":"A","status":"ACTIVE","communityCodes":["HIL"],"mapPoint":[-114.0947034,51.056599]},"geometry":{"type":"Point","coordinates":[-114.0947034,51.056599]}},{"type":"Feature","id":"water-breaks-fa59c960a24254e6-1","properties":{"break_date":"1997-04-01T00:00:00.000","break_type":"A","status":"ACTIVE","communityCodes":["BRD"],"mapPoint":[-114.0348061,51.0489217]},"geometry":{"type":"Point","coordinates":[-114.0348061,51.0489217]}},{"type":"Feature","id":"water-breaks-444b7c93c5c7f26f-1","properties":{"break_date":"1996-06-01T00:00:00.000","break_type":"G","status":"RETIRED","communityCodes":["BLN"],"mapPoint":[-114.0588235,51.0421899]},"geometry":{"type":"Point","coordinates":[-114.0588235,51.0421899]}},{"type":"Feature","id":"water-breaks-8c1bd0107dd80f62-1","properties":{"break_date":"1996-05-01T00:00:00.000","break_type":"G","status":"RETIRED","communityCodes":["BLN"],"mapPoint":[-114.0483052,51.0418352]},"geometry":{"type":"Point","coordinates":[-114.0483052,51.0418352]}},{"type":"Feature","id":"water-breaks-2c7529a704edee77-1","properties":{"break_date":"1996-05-01T00:00:00.000","break_type":"A","status":"ACTIVE","communityCodes":["BRD"],"mapPoint":[-114.0350004,51.0524378]},"geometry":{"type":"Point","coordinates":[-114.0350004,51.0524378]}},{"type":"Feature","id":"water-breaks-a4a861825fe041d1-1","properties":{"break_date":"1996-04-01T00:00:00.000","break_type":"EG","status":"ACTIVE","communityCodes":["SSD"],"mapPoint":[-114.0677615,51.0576147]},"geometry":{"type":"Point","coordinates":[-114.0677615,51.0576147]}},{"type":"Feature","id":"water-breaks-70ada6b7bee67d02-1","properties":{"break_date":"1996-04-01T00:00:00.000","break_type":"G","status":"RETIRED","communityCodes":["BLN"],"mapPoint":[-114.0484199,51.0419919]},"geometry":{"type":"Point","coordinates":[-114.0484199,51.0419919]}},{"type":"Feature","id":"water-breaks-dfff626e3a059c63-1","properties":{"break_date":"1996-04-01T00:00:00.000","break_type":"A","status":"RETIRED","communityCodes":["SSD"],"mapPoint":[-114.0744325,51.0609449]},"geometry":{"type":"Point","coordinates":[-114.0744325,51.0609449]}},{"type":"Feature","id":"water-breaks-9b480025364defd1-1","properties":{"break_date":"1996-03-01T00:00:00.000","break_type":"AB","status":"RETIRED","communityCodes":["HIL"],"mapPoint":[-114.1007038,51.0512026]},"geometry":{"type":"Point","coordinates":[-114.1007038,51.0512026]}},{"type":"Feature","id":"water-breaks-c9b994075398f925-1","properties":{"break_date":"1996-03-01T00:00:00.000","break_type":"A","status":"RETIRED","communityCodes":["HIL"],"mapPoint":[-114.1006051,51.0511138]},"geometry":{"type":"Point","coordinates":[-114.1006051,51.0511138]}},{"type":"Feature","id":"water-breaks-dcea13b8cd3d514e-1","properties":{"break_date":"1996-02-01T00:00:00.000","break_type":"G","status":"ACTIVE","communityCodes":["SSD"],"mapPoint":[-114.0842886,51.0544082]},"geometry":{"type":"Point","coordinates":[-114.0842886,51.0544082]}},{"type":"Feature","id":"water-breaks-c8ed34e5e5cc459e-1","properties":{"break_date":"1996-01-01T00:00:00.000","break_type":"A","status":"RETIRED","communityCodes":["BLN"],"mapPoint":[-114.051106,51.0395446]},"geometry":{"type":"Point","coordinates":[-114.051106,51.0395446]}},{"type":"Feature","id":"water-breaks-b3278e71ccebe711-1","properties":{"break_date":"1995-12-21T00:00:00.000","break_type":"D","status":"RETIRED","communityCodes":["BLN"],"mapPoint":[-114.080438,51.0378685]},"geometry":{"type":"Point","coordinates":[-114.080438,51.0378685]}},{"type":"Feature","id":"water-breaks-66aef931204e3e7d-1","properties":{"break_date":"1995-12-01T00:00:00.000","break_type":"E","status":"ACTIVE","communityCodes":["SSD"],"mapPoint":[-114.0642864,51.0560921]},"geometry":{"type":"Point","coordinates":[-114.0642864,51.0560921]}},{"type":"Feature","id":"water-breaks-bf13dda15bfaeb61-1","properties":{"break_date":"1995-12-01T00:00:00.000","break_type":"A","status":"RETIRED","communityCodes":["HIL"],"mapPoint":[-114.0996924,51.0512038]},"geometry":{"type":"Point","coordinates":[-114.0996924,51.0512038]}},{"type":"Feature","id":"water-breaks-c09cefd1058baa4c-1","properties":{"break_date":"1995-09-01T00:00:00.000","break_type":"EG","status":"ACTIVE","communityCodes":["SSD"],"mapPoint":[-114.0787342,51.0577325]},"geometry":{"type":"Point","coordinates":[-114.0787342,51.0577325]}},{"type":"Feature","id":"water-breaks-b73a214edeb1d411-1","properties":{"break_date":"1995-05-01T00:00:00.000","break_type":"G","status":"RETIRED","communityCodes":["BLN"],"mapPoint":[-114.0487906,51.0420025]},"geometry":{"type":"Point","coordinates":[-114.0487906,51.0420025]}},{"type":"Feature","id":"water-breaks-c2119212ecf336d0-1","properties":{"break_date":"1995-01-01T00:00:00.000","break_type":"G","status":"RETIRED","communityCodes":["BLN"],"mapPoint":[-114.056957,51.0431132]},"geometry":{"type":"Point","coordinates":[-114.056957,51.0431132]}},{"type":"Feature","id":"water-breaks-b43bce6e51be753d-1","properties":{"break_date":"1995-01-01T00:00:00.000","break_type":"A","status":"RETIRED","communityCodes":["BRD"],"mapPoint":[-114.0482999,51.0524196]},"geometry":{"type":"Point","coordinates":[-114.0482999,51.0524196]}},{"type":"Feature","id":"water-breaks-c5f3220fdbc89241-1","properties":{"break_date":"1994-12-01T00:00:00.000","break_type":"A","status":"ACTIVE","communityCodes":["BLN"],"mapPoint":[-114.0744085,51.0390918]},"geometry":{"type":"Point","coordinates":[-114.0744085,51.0390918]}},{"type":"Feature","id":"water-breaks-5b348798658aaa3a-1","properties":{"break_date":"1994-12-01T00:00:00.000","break_type":"E","status":"ACTIVE","communityCodes":["HIL"],"mapPoint":[-114.0932766,51.0514379]},"geometry":{"type":"Point","coordinates":[-114.0932766,51.0514379]}},{"type":"Feature","id":"water-breaks-87fc5150108d14d0-1","properties":{"break_date":"1994-11-01T00:00:00.000","break_type":"G","status":"ACTIVE","communityCodes":["BLN"],"mapPoint":[-114.0589814,51.0422225]},"geometry":{"type":"Point","coordinates":[-114.0589814,51.0422225]}},{"type":"Feature","id":"water-breaks-324325048ee57069-1","properties":{"break_date":"1994-11-01T00:00:00.000","break_type":"G","status":"ACTIVE","communityCodes":["BRD"],"mapPoint":[-114.0324529,51.053666]},"geometry":{"type":"Point","coordinates":[-114.0324529,51.053666]}},{"type":"Feature","id":"water-breaks-f56ff90420754cb5-1","properties":{"break_date":"1994-11-01T00:00:00.000","break_type":"E","status":"RETIRED","communityCodes":["HIL"],"mapPoint":[-114.0978645,51.0544213]},"geometry":{"type":"Point","coordinates":[-114.0978645,51.0544213]}},{"type":"Feature","id":"water-breaks-ff9cd3a6b051382e-1","properties":{"break_date":"1994-10-01T00:00:00.000","break_type":"E","status":"RETIRED","communityCodes":["HIL"],"mapPoint":[-114.0946835,51.0525578]},"geometry":{"type":"Point","coordinates":[-114.0946835,51.0525578]}},{"type":"Feature","id":"water-breaks-1d44e14181ea2325-1","properties":{"break_date":"1994-10-01T00:00:00.000","break_type":"A","status":"ACTIVE","communityCodes":["BLN"],"mapPoint":[-114.0903545,51.042232]},"geometry":{"type":"Point","coordinates":[-114.0903545,51.042232]}},{"type":"Feature","id":"water-breaks-71e179d76dc204d6-1","properties":{"break_date":"1994-09-01T00:00:00.000","break_type":"B","status":"RETIRED","communityCodes":["SSD"],"mapPoint":[-114.073013,51.0601945]},"geometry":{"type":"Point","coordinates":[-114.073013,51.0601945]}},{"type":"Feature","id":"water-breaks-98e01a1912ed0414-1","properties":{"break_date":"1994-05-01T00:00:00.000","break_type":"G","status":"RETIRED","communityCodes":["BLN"],"mapPoint":[-114.0635942,51.0423256]},"geometry":{"type":"Point","coordinates":[-114.0635942,51.0423256]}},{"type":"Feature","id":"water-breaks-17a7943ab22a029b-1","properties":{"break_date":"1994-05-01T00:00:00.000","break_type":"G","status":"RETIRED","communityCodes":["BLN"],"mapPoint":[-114.0634687,51.042322]},"geometry":{"type":"Point","coordinates":[-114.0634687,51.042322]}},{"type":"Feature","id":"water-breaks-6c93173230279733-1","properties":{"break_date":"1994-02-01T00:00:00.000","break_type":"A","status":"ACTIVE","communityCodes":["BLN"],"mapPoint":[-114.0582876,51.0423807]},"geometry":{"type":"Point","coordinates":[-114.0582876,51.0423807]}},{"type":"Feature","id":"water-breaks-41becbb6b6e855b3-1","properties":{"break_date":"1993-12-01T00:00:00.000","break_type":"A","status":"ACTIVE","communityCodes":["BRD"],"mapPoint":[-114.0490488,51.0528232]},"geometry":{"type":"Point","coordinates":[-114.0490488,51.0528232]}},{"type":"Feature","id":"water-breaks-a62aa0a3a243a172-1","properties":{"break_date":"1993-10-01T00:00:00.000","break_type":"D","status":"ACTIVE","communityCodes":["BLN"],"mapPoint":[-114.0890812,51.044025]},"geometry":{"type":"Point","coordinates":[-114.0890812,51.044025]}},{"type":"Feature","id":"water-breaks-a8072a891f3e5b87-1","properties":{"break_date":"1993-10-01T00:00:00.000","break_type":"E","status":"ACTIVE","communityCodes":["HIL"],"mapPoint":[-114.1011705,51.0520777]},"geometry":{"type":"Point","coordinates":[-114.1011705,51.0520777]}},{"type":"Feature","id":"water-breaks-e61f5110f3678b43-1","properties":{"break_date":"1993-10-01T00:00:00.000","break_type":"G","status":"ACTIVE","communityCodes":["BLN"],"mapPoint":[-114.0594756,51.0422366]},"geometry":{"type":"Point","coordinates":[-114.0594756,51.0422366]}},{"type":"Feature","id":"water-breaks-e6d64786a2550ab5-1","properties":{"break_date":"1993-03-01T00:00:00.000","break_type":"E","status":"ACTIVE","communityCodes":["SSD"],"mapPoint":[-114.0688724,51.057917]},"geometry":{"type":"Point","coordinates":[-114.0688724,51.057917]}},{"type":"Feature","id":"water-breaks-f489a49d09dabb74-1","properties":{"break_date":"1993-01-01T00:00:00.000","break_type":"A","status":"ACTIVE","communityCodes":["BLN"],"mapPoint":[-114.0644286,51.0385816]},"geometry":{"type":"Point","coordinates":[-114.0644286,51.0385816]}},{"type":"Feature","id":"water-breaks-d9b005d5bb5870e9-1","properties":{"break_date":"1992-12-01T00:00:00.000","break_type":"G","status":"ACTIVE","communityCodes":["BRD"],"mapPoint":[-114.0403195,51.0570634]},"geometry":{"type":"Point","coordinates":[-114.0403195,51.0570634]}},{"type":"Feature","id":"water-breaks-4e92701a21e84820-1","properties":{"break_date":"1992-11-01T00:00:00.000","break_type":"A","status":"RETIRED","communityCodes":["HIL"],"mapPoint":[-114.0957931,51.0512084]},"geometry":{"type":"Point","coordinates":[-114.0957931,51.0512084]}},{"type":"Feature","id":"water-breaks-f832c15e12fc5669-1","properties":{"break_date":"1992-09-01T00:00:00.000","break_type":"B","status":"RETIRED","communityCodes":["BRD"],"mapPoint":[-114.0416494,51.05601]},"geometry":{"type":"Point","coordinates":[-114.0416494,51.05601]}},{"type":"Feature","id":"water-breaks-e0c4735ecd05f91b-1","properties":{"break_date":"1992-06-01T00:00:00.000","break_type":"EG","status":"RETIRED","communityCodes":["BLN"],"mapPoint":[-114.0603937,51.0422346]},"geometry":{"type":"Point","coordinates":[-114.0603937,51.0422346]}},{"type":"Feature","id":"water-breaks-4dbbafb1cb0fe5ba-1","properties":{"break_date":"1992-05-01T00:00:00.000","break_type":"G","status":"RETIRED","communityCodes":["BLN"],"mapPoint":[-114.0602537,51.0422306]},"geometry":{"type":"Point","coordinates":[-114.0602537,51.0422306]}},{"type":"Feature","id":"water-breaks-58ca4bfe694403d5-1","properties":{"break_date":"1992-03-01T00:00:00.000","break_type":"E","status":"RETIRED","communityCodes":["HIL"],"mapPoint":[-114.0918269,51.0596067]},"geometry":{"type":"Point","coordinates":[-114.0918269,51.0596067]}},{"type":"Feature","id":"water-breaks-24fad4149ff7c419-1","properties":{"break_date":"1992-02-01T00:00:00.000","break_type":"D","status":"RETIRED","communityCodes":["BRD"],"mapPoint":[-114.0482997,51.0527764]},"geometry":{"type":"Point","coordinates":[-114.0482997,51.0527764]}},{"type":"Feature","id":"water-breaks-bcddf32651af3639-1","properties":{"break_date":"1991-12-01T00:00:00.000","break_type":"G","status":"ACTIVE","communityCodes":["BRD"],"mapPoint":[-114.0429761,51.0570146]},"geometry":{"type":"Point","coordinates":[-114.0429761,51.0570146]}},{"type":"Feature","id":"water-breaks-5bdbc2e021ebe1f8-1","properties":{"break_date":"1991-11-01T00:00:00.000","break_type":"D","status":"ACTIVE","communityCodes":["SSD"],"mapPoint":[-114.0757349,51.0608866]},"geometry":{"type":"Point","coordinates":[-114.0757349,51.0608866]}},{"type":"Feature","id":"water-breaks-e7765d9a67472e20-1","properties":{"break_date":"1991-10-08T00:00:00.000","break_type":"G","status":"ACTIVE","communityCodes":["BRD"],"mapPoint":[-114.025207,51.0469032]},"geometry":{"type":"Point","coordinates":[-114.025207,51.0469032]}},{"type":"Feature","id":"water-breaks-f48b98758d3dd811-1","properties":{"break_date":"1991-10-01T00:00:00.000","break_type":"B","status":"ACTIVE","communityCodes":["SSD"],"mapPoint":[-114.0778161,51.05582]},"geometry":{"type":"Point","coordinates":[-114.0778161,51.05582]}},{"type":"Feature","id":"water-breaks-e04645f9ce83e8bf-1","properties":{"break_date":"1991-08-01T00:00:00.000","break_type":"A","status":"ACTIVE","communityCodes":["HIL"],"mapPoint":[-114.1024206,51.0533491]},"geometry":{"type":"Point","coordinates":[-114.1024206,51.0533491]}},{"type":"Feature","id":"water-breaks-c676d5562a601a4b-1","properties":{"break_date":"1991-07-01T00:00:00.000","break_type":"E","status":"ACTIVE","communityCodes":["BLN"],"mapPoint":[-114.0607922,51.0433772]},"geometry":{"type":"Point","coordinates":[-114.0607922,51.0433772]}},{"type":"Feature","id":"water-breaks-7f39c64b4760ebd5-1","properties":{"break_date":"1991-06-01T00:00:00.000","break_type":"C","status":"ACTIVE","communityCodes":["HIL"],"mapPoint":[-114.091938,51.0588753]},"geometry":{"type":"Point","coordinates":[-114.091938,51.0588753]}},{"type":"Feature","id":"water-breaks-ecf4b33f386ff3b3-1","properties":{"break_date":"1991-05-01T00:00:00.000","break_type":"E","status":"ACTIVE","communityCodes":["BLN"],"mapPoint":[-114.0926052,51.0441231]},"geometry":{"type":"Point","coordinates":[-114.0926052,51.0441231]}},{"type":"Feature","id":"water-breaks-71dd5d89c7b491b7-1","properties":{"break_date":"1991-04-01T00:00:00.000","break_type":"D","status":"ACTIVE","communityCodes":["SSD"],"mapPoint":[-114.0826521,51.0541561]},"geometry":{"type":"Point","coordinates":[-114.0826521,51.0541561]}},{"type":"Feature","id":"water-breaks-d7acc0782c32db89-1","properties":{"break_date":"1991-03-01T00:00:00.000","break_type":"G","status":"ACTIVE","communityCodes":["BLN"],"mapPoint":[-114.0487282,51.0400341]},"geometry":{"type":"Point","coordinates":[-114.0487282,51.0400341]}},{"type":"Feature","id":"water-breaks-4508ce18027e2988-1","properties":{"break_date":"1991-01-01T00:00:00.000","break_type":"A","status":"RETIRED","communityCodes":["SSD"],"mapPoint":[-114.0731387,51.061121]},"geometry":{"type":"Point","coordinates":[-114.0731387,51.061121]}},{"type":"Feature","id":"water-breaks-611b14ab06dbda0f-1","properties":{"break_date":"1990-12-01T00:00:00.000","break_type":"G","status":"RETIRED","communityCodes":["BRD"],"mapPoint":[-114.0382302,51.058013]},"geometry":{"type":"Point","coordinates":[-114.0382302,51.058013]}},{"type":"Feature","id":"water-breaks-5044c5c14c0ea88b-1","properties":{"break_date":"1990-11-01T00:00:00.000","break_type":"G","status":"ACTIVE","communityCodes":["BLN"],"mapPoint":[-114.0713645,51.0435237]},"geometry":{"type":"Point","coordinates":[-114.0713645,51.0435237]}},{"type":"Feature","id":"water-breaks-d6336637b748f7bd-1","properties":{"break_date":"1990-10-01T00:00:00.000","break_type":"A","status":"ACTIVE","communityCodes":["BLN"],"mapPoint":[-114.0726577,51.0417328]},"geometry":{"type":"Point","coordinates":[-114.0726577,51.0417328]}},{"type":"Feature","id":"water-breaks-24c20de07057eb5a-1","properties":{"break_date":"1990-08-01T00:00:00.000","break_type":"D","status":"ACTIVE","communityCodes":["BLN"],"mapPoint":[-114.0836861,51.0429222]},"geometry":{"type":"Point","coordinates":[-114.0836861,51.0429222]}},{"type":"Feature","id":"water-breaks-4f88e3dc65b54109-1","properties":{"break_date":"1990-08-01T00:00:00.000","break_type":"G","status":"ACTIVE","communityCodes":["BRD"],"mapPoint":[-114.032453,51.0532333]},"geometry":{"type":"Point","coordinates":[-114.032453,51.0532333]}},{"type":"Feature","id":"water-breaks-5c9daf39360af95b-1","properties":{"break_date":"1990-07-01T00:00:00.000","break_type":"D","status":"ACTIVE","communityCodes":["BLN"],"mapPoint":[-114.0834157,51.0429146]},"geometry":{"type":"Point","coordinates":[-114.0834157,51.0429146]}},{"type":"Feature","id":"water-breaks-ea61286664500f64-1","properties":{"break_date":"1990-04-01T00:00:00.000","break_type":"E","status":"ACTIVE","communityCodes":["BLN"],"mapPoint":[-114.0679509,51.0424763]},"geometry":{"type":"Point","coordinates":[-114.0679509,51.0424763]}},{"type":"Feature","id":"water-breaks-5cca13fe52783511-1","properties":{"break_date":"1990-02-01T00:00:00.000","break_type":"G","status":"ACTIVE","communityCodes":["BLN"],"mapPoint":[-114.0807718,51.0438605]},"geometry":{"type":"Point","coordinates":[-114.0807718,51.0438605]}},{"type":"Feature","id":"water-breaks-7f1f8a72670b3243-1","properties":{"break_date":"1990-01-01T00:00:00.000","break_type":"CE","status":"ACTIVE","communityCodes":["HIL"],"mapPoint":[-114.0946945,51.0529416]},"geometry":{"type":"Point","coordinates":[-114.0946945,51.0529416]}},{"type":"Feature","id":"water-breaks-39284bfd4fc312b3-1","properties":{"break_date":"1989-12-01T00:00:00.000","break_type":"AC","status":"RETIRED","communityCodes":["BLN"],"mapPoint":[-114.059912,51.043197]},"geometry":{"type":"Point","coordinates":[-114.059912,51.043197]}},{"type":"Feature","id":"water-breaks-69e549e3e003b35b-1","properties":{"break_date":"1989-12-01T00:00:00.000","break_type":"CG","status":"ACTIVE","communityCodes":["HIL"],"mapPoint":[-114.0874437,51.0557159]},"geometry":{"type":"Point","coordinates":[-114.0874437,51.0557159]}},{"type":"Feature","id":"water-breaks-893841674956af90-1","properties":{"break_date":"1989-11-01T00:00:00.000","break_type":"CG","status":"RETIRED","communityCodes":["BRD"],"mapPoint":[-114.0388114,51.0579956]},"geometry":{"type":"Point","coordinates":[-114.0388114,51.0579956]}},{"type":"Feature","id":"water-breaks-63c7fac632eaf2bd-1","properties":{"break_date":"1989-10-01T00:00:00.000","break_type":"CG","status":"ACTIVE","communityCodes":["HIL"],"mapPoint":[-114.0860374,51.0586675]},"geometry":{"type":"Point","coordinates":[-114.0860374,51.0586675]}},{"type":"Feature","id":"water-breaks-b31210b04336dc09-1","properties":{"break_date":"1989-10-01T00:00:00.000","break_type":"G","status":"ACTIVE","communityCodes":["BLN"],"mapPoint":[-114.0492866,51.0419449]},"geometry":{"type":"Point","coordinates":[-114.0492866,51.0419449]}},{"type":"Feature","id":"water-breaks-40de4ed90324d4a5-1","properties":{"break_date":"1989-10-01T00:00:00.000","break_type":"CD","status":"ACTIVE","communityCodes":["BRD"],"mapPoint":[-114.0416499,51.0547187]},"geometry":{"type":"Point","coordinates":[-114.0416499,51.0547187]}},{"type":"Feature","id":"water-breaks-3cba9b0fe618c092-1","properties":{"break_date":"1989-10-01T00:00:00.000","break_type":"C","status":"RETIRED","communityCodes":["SSD"],"mapPoint":[-114.0730134,51.0608833]},"geometry":{"type":"Point","coordinates":[-114.0730134,51.0608833]}},{"type":"Feature","id":"water-breaks-87653ec27a47fc26-1","properties":{"break_date":"1989-09-01T00:00:00.000","break_type":"CE","status":"ACTIVE","communityCodes":["HIL"],"mapPoint":[-114.101411,51.0535206]},"geometry":{"type":"Point","coordinates":[-114.101411,51.0535206]}},{"type":"Feature","id":"water-breaks-dfc021ba3db2cf0a-1","properties":{"break_date":"1989-09-01T00:00:00.000","break_type":"CE","status":"ACTIVE","communityCodes":["HIL"],"mapPoint":[-114.0860155,51.0571604]},"geometry":{"type":"Point","coordinates":[-114.0860155,51.0571604]}},{"type":"Feature","id":"water-breaks-efb2e08b09aa1ba4-1","properties":{"break_date":"1989-08-01T00:00:00.000","break_type":"C","status":"ACTIVE","communityCodes":["BRD"],"mapPoint":[-114.0336704,51.0523669]},"geometry":{"type":"Point","coordinates":[-114.0336704,51.0523669]}},{"type":"Feature","id":"water-breaks-c9a780fdc9c56ee5-1","properties":{"break_date":"1989-07-01T00:00:00.000","break_type":"C","status":"ACTIVE","communityCodes":["BRD"],"mapPoint":[-114.0309333,51.0523776]},"geometry":{"type":"Point","coordinates":[-114.0309333,51.0523776]}},{"type":"Feature","id":"water-breaks-2ad921ade2391caf-1","properties":{"break_date":"1989-07-01T00:00:00.000","break_type":"CE","status":"ACTIVE","communityCodes":["BRD"],"mapPoint":[-114.0307564,51.0523772]},"geometry":{"type":"Point","coordinates":[-114.0307564,51.0523772]}},{"type":"Feature","id":"water-breaks-7ce3d1886676b0ce-1","properties":{"break_date":"1989-05-01T00:00:00.000","break_type":"CE","status":"ACTIVE","communityCodes":["BLN"],"mapPoint":[-114.0943984,51.0441729]},"geometry":{"type":"Point","coordinates":[-114.0943984,51.0441729]}},{"type":"Feature","id":"water-breaks-b8ef30a42beed316-1","properties":{"break_date":"1989-02-01T00:00:00.000","break_type":"AC","status":"RETIRED","communityCodes":["BLN"],"mapPoint":[-114.0588713,51.0431675]},"geometry":{"type":"Point","coordinates":[-114.0588713,51.0431675]}},{"type":"Feature","id":"water-breaks-d4af5664da833cf2-1","properties":{"break_date":"1989-01-01T00:00:00.000","break_type":"CG","status":"ACTIVE","communityCodes":["BLN"],"mapPoint":[-114.0558766,51.0421342]},"geometry":{"type":"Point","coordinates":[-114.0558766,51.0421342]}},{"type":"Feature","id":"water-breaks-a06a710d50b052e2-1","properties":{"break_date":"1989-01-01T00:00:00.000","break_type":"AC","status":"RETIRED","communityCodes":["BLN"],"mapPoint":[-114.0577519,51.0431358]},"geometry":{"type":"Point","coordinates":[-114.0577519,51.0431358]}},{"type":"Feature","id":"water-breaks-b6a29ae57b83d949-1","properties":{"break_date":"1988-12-01T00:00:00.000","break_type":"CD","status":"RETIRED","communityCodes":["SSD"],"mapPoint":[-114.0704376,51.0580716]},"geometry":{"type":"Point","coordinates":[-114.0704376,51.0580716]}},{"type":"Feature","id":"water-breaks-d18d7e08f6384bbd-1","properties":{"break_date":"1988-12-01T00:00:00.000","break_type":"CE","status":"ACTIVE","communityCodes":["HIL"],"mapPoint":[-114.0947116,51.0591025]},"geometry":{"type":"Point","coordinates":[-114.0947116,51.0591025]}},{"type":"Feature","id":"water-breaks-f56c13f4407d97fa-1","properties":{"break_date":"1988-12-01T00:00:00.000","break_type":"CE","status":"ACTIVE","communityCodes":["HIL"],"mapPoint":[-114.0946941,51.0530361]},"geometry":{"type":"Point","coordinates":[-114.0946941,51.0530361]}},{"type":"Feature","id":"water-breaks-749bbc807b7ceae6-1","properties":{"break_date":"1988-12-01T00:00:00.000","break_type":"CG","status":"ACTIVE","communityCodes":["SSD"],"mapPoint":[-114.071595,51.060306]},"geometry":{"type":"Point","coordinates":[-114.071595,51.060306]}},{"type":"Feature","id":"water-breaks-4406c6316df22b39-1","properties":{"break_date":"1988-12-01T00:00:00.000","break_type":"E","status":"ACTIVE","communityCodes":["BLN"],"mapPoint":[-114.0946568,51.0438164]},"geometry":{"type":"Point","coordinates":[-114.0946568,51.0438164]}},{"type":"Feature","id":"water-breaks-78588cbba332950f-1","properties":{"break_date":"1988-11-01T00:00:00.000","break_type":"AC","status":"RETIRED","communityCodes":["HIL"],"mapPoint":[-114.1003548,51.051203]},"geometry":{"type":"Point","coordinates":[-114.1003548,51.051203]}},{"type":"Feature","id":"water-breaks-73d68bb2ef4b9717-1","properties":{"break_date":"1988-11-01T00:00:00.000","break_type":"E","status":"RETIRED","communityCodes":["BLN"],"mapPoint":[-114.0947058,51.0441815]},"geometry":{"type":"Point","coordinates":[-114.0947058,51.0441815]}},{"type":"Feature","id":"water-breaks-7d9016b3d749963e-1","properties":{"break_date":"1988-10-01T00:00:00.000","break_type":"CE","status":"ACTIVE","communityCodes":["BLN"],"mapPoint":[-114.0887345,51.0440324]},"geometry":{"type":"Point","coordinates":[-114.0887345,51.0440324]}},{"type":"Feature","id":"water-breaks-5e9776ef17d3d465-1","properties":{"break_date":"1988-10-01T00:00:00.000","break_type":"CG","status":"RETIRED","communityCodes":["BLN"],"mapPoint":[-114.0752632,51.0426846]},"geometry":{"type":"Point","coordinates":[-114.0752632,51.0426846]}},{"type":"Feature","id":"water-breaks-a915660578bbc201-1","properties":{"break_date":"1988-10-01T00:00:00.000","break_type":"AC","status":"ACTIVE","communityCodes":["BLN"],"mapPoint":[-114.0502373,51.0419723]},"geometry":{"type":"Point","coordinates":[-114.0502373,51.0419723]}},{"type":"Feature","id":"water-breaks-659e476793002bbf-1","properties":{"break_date":"1988-09-01T00:00:00.000","break_type":"AC","status":"RETIRED","communityCodes":["BLN"],"mapPoint":[-114.0558196,51.0421045]},"geometry":{"type":"Point","coordinates":[-114.0558196,51.0421045]}},{"type":"Feature","id":"water-breaks-4f2882120b6f191f-1","properties":{"break_date":"1988-08-01T00:00:00.000","break_type":"CE","status":"ACTIVE","communityCodes":["SSD"],"mapPoint":[-114.0687861,51.0578935]},"geometry":{"type":"Point","coordinates":[-114.0687861,51.0578935]}},{"type":"Feature","id":"water-breaks-524aabe79384e7af-1","properties":{"break_date":"1988-08-01T00:00:00.000","break_type":"CE","status":"ACTIVE","communityCodes":["SSD"],"mapPoint":[-114.0689719,51.0579441]},"geometry":{"type":"Point","coordinates":[-114.0689719,51.0579441]}},{"type":"Feature","id":"water-breaks-116bde4fd2e1087d-1","properties":{"break_date":"1988-08-01T00:00:00.000","break_type":"CG","status":"RETIRED","communityCodes":["BLN"],"mapPoint":[-114.0587576,51.0421881]},"geometry":{"type":"Point","coordinates":[-114.0587576,51.0421881]}},{"type":"Feature","id":"water-breaks-916fe46e7697d149-1","properties":{"break_date":"1988-08-01T00:00:00.000","break_type":"CD","status":"ACTIVE","communityCodes":["HIL"],"mapPoint":[-114.0874245,51.0545037]},"geometry":{"type":"Point","coordinates":[-114.0874245,51.0545037]}},{"type":"Feature","id":"water-breaks-401bb746b6a529ed-1","properties":{"break_date":"1988-08-01T00:00:00.000","break_type":"CG","status":"RETIRED","communityCodes":["SSD"],"mapPoint":[-114.0744319,51.0607212]},"geometry":{"type":"Point","coordinates":[-114.0744319,51.0607212]}},{"type":"Feature","id":"water-breaks-505271bc8bdc4f61-1","properties":{"break_date":"1988-03-01T00:00:00.000","break_type":"CE","status":"ACTIVE","communityCodes":["SSD"],"mapPoint":[-114.07743,51.056051]},"geometry":{"type":"Point","coordinates":[-114.07743,51.056051]}},{"type":"Feature","id":"water-breaks-4d0226caf71dc64c-1","properties":{"break_date":"1988-02-01T00:00:00.000","break_type":"D","status":"RETIRED","communityCodes":["BLN"],"mapPoint":[-114.056165,51.0430908]},"geometry":{"type":"Point","coordinates":[-114.056165,51.0430908]}},{"type":"Feature","id":"water-breaks-b4e9ef2f6ef4bb74-1","properties":{"break_date":"1988-02-01T00:00:00.000","break_type":"AC","status":"RETIRED","communityCodes":["HIL"],"mapPoint":[-114.1006052,51.0512306]},"geometry":{"type":"Point","coordinates":[-114.1006052,51.0512306]}},{"type":"Feature","id":"water-breaks-cf493cb0a9efcedb-1","properties":{"break_date":"1988-02-01T00:00:00.000","break_type":"CG","status":"ACTIVE","communityCodes":["HIL"],"mapPoint":[-114.0888845,51.0556557]},"geometry":{"type":"Point","coordinates":[-114.0888845,51.0556557]}},{"type":"Feature","id":"water-breaks-dd5e1f724b54a918-1","properties":{"break_date":"1988-01-01T00:00:00.000","break_type":"AC","status":"RETIRED","communityCodes":["BLN"],"mapPoint":[-114.0702838,51.037871]},"geometry":{"type":"Point","coordinates":[-114.0702838,51.037871]}},{"type":"Feature","id":"water-breaks-22ad01e57c5c9a62-1","properties":{"break_date":"1988-01-01T00:00:00.000","break_type":"D","status":"ACTIVE","communityCodes":["BLN"],"mapPoint":[-114.0558415,51.0421331]},"geometry":{"type":"Point","coordinates":[-114.0558415,51.0421331]}},{"type":"Feature","id":"water-breaks-90d9ab0ee6a5afb4-1","properties":{"break_date":"1988-01-01T00:00:00.000","break_type":"AC","status":"RETIRED","communityCodes":["BLN"],"mapPoint":[-114.0598929,51.0384531]},"geometry":{"type":"Point","coordinates":[-114.0598929,51.0384531]}},{"type":"Feature","id":"water-breaks-b29ec09607352a12-1","properties":{"break_date":"1987-12-01T00:00:00.000","break_type":"D","status":"ACTIVE","communityCodes":["SSD"],"mapPoint":[-114.0792068,51.0549871]},"geometry":{"type":"Point","coordinates":[-114.0792068,51.0549871]}},{"type":"Feature","id":"water-breaks-f1b3c6841e8b1242-1","properties":{"break_date":"1987-12-01T00:00:00.000","break_type":"A","status":"RETIRED","communityCodes":["BLN"],"mapPoint":[-114.0568393,51.0431099]},"geometry":{"type":"Point","coordinates":[-114.0568393,51.0431099]}},{"type":"Feature","id":"water-breaks-0cb2549cb5e6188e-1","properties":{"break_date":"1987-12-01T00:00:00.000","break_type":"C","status":"ACTIVE","communityCodes":["BLN"],"mapPoint":[-114.0562472,51.0421445]},"geometry":{"type":"Point","coordinates":[-114.0562472,51.0421445]}},{"type":"Feature","id":"water-breaks-38b273a60fb043fd-1","properties":{"break_date":"1987-12-01T00:00:00.000","break_type":"D","status":"RETIRED","communityCodes":["BLN"],"mapPoint":[-114.0861015,51.0410906]},"geometry":{"type":"Point","coordinates":[-114.0861015,51.0410906]}},{"type":"Feature","id":"water-breaks-af6c4541a239cf63-1","properties":{"break_date":"1987-11-01T00:00:00.000","break_type":"E","status":"ACTIVE","communityCodes":["SSD"],"mapPoint":[-114.0677865,51.0576215]},"geometry":{"type":"Point","coordinates":[-114.0677865,51.0576215]}},{"type":"Feature","id":"water-breaks-56b9a2945a91b596-1","properties":{"break_date":"1987-11-01T00:00:00.000","break_type":"G","status":"ACTIVE","communityCodes":["BLN"],"mapPoint":[-114.0808542,51.0438629]},"geometry":{"type":"Point","coordinates":[-114.0808542,51.0438629]}},{"type":"Feature","id":"water-breaks-39d03c62b99069c0-1","properties":{"break_date":"1987-11-01T00:00:00.000","break_type":"G","status":"RETIRED","communityCodes":["BLN"],"mapPoint":[-114.0605723,51.0394315]},"geometry":{"type":"Point","coordinates":[-114.0605723,51.0394315]}},{"type":"Feature","id":"water-breaks-9b830ce6cb0fb931-1","properties":{"break_date":"1987-11-01T00:00:00.000","break_type":"CD","status":"ACTIVE","communityCodes":["SSD"],"mapPoint":[-114.0767327,51.0601555]},"geometry":{"type":"Point","coordinates":[-114.0767327,51.0601555]}},{"type":"Feature","id":"water-breaks-5c2be9334edaae72-1","properties":{"break_date":"1987-10-01T00:00:00.000","break_type":"C","status":"ACTIVE","communityCodes":["SSD"],"mapPoint":[-114.0757294,51.0570916]},"geometry":{"type":"Point","coordinates":[-114.0757294,51.0570916]}},{"type":"Feature","id":"water-breaks-b8e554051d2c7f7d-1","properties":{"break_date":"1987-10-01T00:00:00.000","break_type":"CD","status":"ACTIVE","communityCodes":["HIL"],"mapPoint":[-114.0873897,51.0526337]},"geometry":{"type":"Point","coordinates":[-114.0873897,51.0526337]}},{"type":"Feature","id":"water-breaks-3cb9654bd6e84ad9-1","properties":{"break_date":"1987-10-01T00:00:00.000","break_type":"CD","status":"RETIRED","communityCodes":["BLN"],"mapPoint":[-114.0742732,51.0426571]},"geometry":{"type":"Point","coordinates":[-114.0742732,51.0426571]}},{"type":"Feature","id":"water-breaks-c2bc5493c1a30d11-1","properties":{"break_date":"1987-09-01T00:00:00.000","break_type":"C","status":"ACTIVE","communityCodes":["BLN"],"mapPoint":[-114.0721275,51.0387975]},"geometry":{"type":"Point","coordinates":[-114.0721275,51.0387975]}},{"type":"Feature","id":"water-breaks-8a53446e2f0b0331-1","properties":{"break_date":"1987-08-01T00:00:00.000","break_type":"CE","status":"ACTIVE","communityCodes":["SSD"],"mapPoint":[-114.0743355,51.0574024]},"geometry":{"type":"Point","coordinates":[-114.0743355,51.0574024]}},{"type":"Feature","id":"water-breaks-944aa2c68a8246e5-1","properties":{"break_date":"1987-08-01T00:00:00.000","break_type":"CE","status":"RETIRED","communityCodes":["HIL"],"mapPoint":[-114.1025372,51.0512005]},"geometry":{"type":"Point","coordinates":[-114.1025372,51.0512005]}},{"type":"Feature","id":"water-breaks-4ec85a3045fd8195-1","properties":{"break_date":"1987-08-01T00:00:00.000","break_type":"CD","status":"ACTIVE","communityCodes":["HIL"],"mapPoint":[-114.08901,51.052317]},"geometry":{"type":"Point","coordinates":[-114.08901,51.052317]}},{"type":"Feature","id":"water-breaks-ddaa63f839302a09-1","properties":{"break_date":"1987-08-01T00:00:00.000","break_type":"AC","status":"RETIRED","communityCodes":["BLN"],"mapPoint":[-114.0656804,51.0422787]},"geometry":{"type":"Point","coordinates":[-114.0656804,51.0422787]}},{"type":"Feature","id":"water-breaks-387b154662e8b0b9-1","properties":{"break_date":"1987-08-01T00:00:00.000","break_type":"CD","status":"ACTIVE","communityCodes":["BLN"],"mapPoint":[-114.0914723,51.0393437]},"geometry":{"type":"Point","coordinates":[-114.0914723,51.0393437]}},{"type":"Feature","id":"water-breaks-633b065592935c7e-1","properties":{"break_date":"1987-07-01T00:00:00.000","break_type":"D","status":"ACTIVE","communityCodes":["HIL"],"mapPoint":[-114.0932766,51.0556538]},"geometry":{"type":"Point","coordinates":[-114.0932766,51.0556538]}},{"type":"Feature","id":"water-breaks-f3f35d2e4f9808c7-1","properties":{"break_date":"1987-07-01T00:00:00.000","break_type":"D","status":"ACTIVE","communityCodes":["SSD"],"mapPoint":[-114.0757312,51.058433]},"geometry":{"type":"Point","coordinates":[-114.0757312,51.058433]}},{"type":"Feature","id":"water-breaks-aa4de47a9346ab4c-1","properties":{"break_date":"1987-07-01T00:00:00.000","break_type":"D","status":"ACTIVE","communityCodes":["SSD"],"mapPoint":[-114.0744292,51.0591489]},"geometry":{"type":"Point","coordinates":[-114.0744292,51.0591489]}},{"type":"Feature","id":"water-breaks-f0a0df1a516d1bd1-1","properties":{"break_date":"1987-06-01T00:00:00.000","break_type":"E","status":"ACTIVE","communityCodes":["SSD"],"mapPoint":[-114.0788832,51.0588106]},"geometry":{"type":"Point","coordinates":[-114.0788832,51.0588106]}},{"type":"Feature","id":"water-breaks-d50b6576363f51d9-1","properties":{"break_date":"1987-04-01T00:00:00.000","break_type":"D","status":"ACTIVE","communityCodes":["BLN"],"mapPoint":[-114.0684712,51.0392575]},"geometry":{"type":"Point","coordinates":[-114.0684712,51.0392575]}},{"type":"Feature","id":"water-breaks-500a48242d903eb5-1","properties":{"break_date":"1987-04-01T00:00:00.000","break_type":"AC","status":"RETIRED","communityCodes":["BLN"],"mapPoint":[-114.0589535,51.0431699]},"geometry":{"type":"Point","coordinates":[-114.0589535,51.0431699]}},{"type":"Feature","id":"water-breaks-efce2ed635128250-1","properties":{"break_date":"1987-02-01T00:00:00.000","break_type":"A","status":"ACTIVE","communityCodes":["HIL"],"mapPoint":[-114.0946981,51.0614771]},"geometry":{"type":"Point","coordinates":[-114.0946981,51.0614771]}},{"type":"Feature","id":"water-breaks-20f43de756761bcc-1","properties":{"break_date":"1986-12-01T00:00:00.000","break_type":"D","status":"ACTIVE","communityCodes":["BLN"],"mapPoint":[-114.0889429,51.0392724]},"geometry":{"type":"Point","coordinates":[-114.0889429,51.0392724]}},{"type":"Feature","id":"water-breaks-f400c851ab2bb834-1","properties":{"break_date":"1986-12-01T00:00:00.000","break_type":"CDG","status":"RETIRED","communityCodes":["HIL"],"mapPoint":[-114.1006053,51.0513046]},"geometry":{"type":"Point","coordinates":[-114.1006053,51.0513046]}},{"type":"Feature","id":"water-breaks-d7b28cf2ac4dc305-1","properties":{"break_date":"1986-12-01T00:00:00.000","break_type":"CD","status":"ACTIVE","communityCodes":["BLN"],"mapPoint":[-114.0891255,51.0385019]},"geometry":{"type":"Point","coordinates":[-114.0891255,51.0385019]}},{"type":"Feature","id":"water-breaks-7bcece7e546bc7f5-1","properties":{"break_date":"1986-12-01T00:00:00.000","break_type":"AC","status":"ACTIVE","communityCodes":["BLN"],"mapPoint":[-114.0909415,51.0422487]},"geometry":{"type":"Point","coordinates":[-114.0909415,51.0422487]}},{"type":"Feature","id":"water-breaks-bd299ed07eb45ff7-1","properties":{"break_date":"1986-12-01T00:00:00.000","break_type":"CD","status":"ACTIVE","communityCodes":["SSD"],"mapPoint":[-114.0808532,51.054001]},"geometry":{"type":"Point","coordinates":[-114.0808532,51.054001]}},{"type":"Feature","id":"water-breaks-fb2810d7c471d3f8-1","properties":{"break_date":"1986-11-01T00:00:00.000","break_type":"G","status":"ACTIVE","communityCodes":["BLN"],"mapPoint":[-114.0782881,51.0399209]},"geometry":{"type":"Point","coordinates":[-114.0782881,51.0399209]}},{"type":"Feature","id":"water-breaks-917c5b435da0aad9-1","properties":{"break_date":"1986-11-01T00:00:00.000","break_type":"C","status":"ACTIVE","communityCodes":["HIL"],"mapPoint":[-114.0963103,51.0536059]},"geometry":{"type":"Point","coordinates":[-114.0963103,51.0536059]}},{"type":"Feature","id":"water-breaks-fab03721ae91d344-1","properties":{"break_date":"1986-11-01T00:00:00.000","break_type":"AC","status":"RETIRED","communityCodes":["BLN"],"mapPoint":[-114.0823862,51.042007]},"geometry":{"type":"Point","coordinates":[-114.0823862,51.042007]}},{"type":"Feature","id":"water-breaks-f81cdd98fda9e4c8-1","properties":{"break_date":"1986-11-01T00:00:00.000","break_type":"CG","status":"RETIRED","communityCodes":["BRD"],"mapPoint":[-114.0482999,51.0523417]},"geometry":{"type":"Point","coordinates":[-114.0482999,51.0523417]}},{"type":"Feature","id":"water-breaks-30e53355c89a6518-1","properties":{"break_date":"1986-11-01T00:00:00.000","break_type":"D","status":"RETIRED","communityCodes":["BLN"],"mapPoint":[-114.0586756,51.0378732]},"geometry":{"type":"Point","coordinates":[-114.0586756,51.0378732]}},{"type":"Feature","id":"water-breaks-496d013760085389-1","properties":{"break_date":"1986-11-01T00:00:00.000","break_type":"B","status":"ACTIVE","communityCodes":["BRD"],"mapPoint":[-114.0429804,51.0542215]},"geometry":{"type":"Point","coordinates":[-114.0429804,51.0542215]}},{"type":"Feature","id":"water-breaks-acb23284172ae7ec-1","properties":{"break_date":"1986-10-01T00:00:00.000","break_type":"C","status":"ACTIVE","communityCodes":["HIL"],"mapPoint":[-114.099627,51.0535225]},"geometry":{"type":"Point","coordinates":[-114.099627,51.0535225]}},{"type":"Feature","id":"water-breaks-7f0eee3eb7efd946-1","properties":{"break_date":"1986-10-01T00:00:00.000","break_type":"A","status":"ACTIVE","communityCodes":["BLN"],"mapPoint":[-114.0627234,51.0423292]},"geometry":{"type":"Point","coordinates":[-114.0627234,51.0423292]}},{"type":"Feature","id":"water-breaks-c7f0888c67062685-1","properties":{"break_date":"1986-09-01T00:00:00.000","break_type":"D","status":"ACTIVE","communityCodes":["HIL"],"mapPoint":[-114.0911638,51.0525527]},"geometry":{"type":"Point","coordinates":[-114.0911638,51.0525527]}},{"type":"Feature","id":"water-breaks-ba40389c1b29505e-1","properties":{"break_date":"1986-09-01T00:00:00.000","break_type":"D","status":"ACTIVE","communityCodes":["HIL"],"mapPoint":[-114.0900086,51.0525502]},"geometry":{"type":"Point","coordinates":[-114.0900086,51.0525502]}},{"type":"Feature","id":"water-breaks-1ff86644e3c47899-1","properties":{"break_date":"1986-08-01T00:00:00.000","break_type":"D","status":"RETIRED","communityCodes":["BLN"],"mapPoint":[-114.0576765,51.041247]},"geometry":{"type":"Point","coordinates":[-114.0576765,51.041247]}},{"type":"Feature","id":"water-breaks-b7b5284b999f9742-1","properties":{"break_date":"1986-08-01T00:00:00.000","break_type":"D","status":"ACTIVE","communityCodes":["HIL"],"mapPoint":[-114.0932924,51.0567429]},"geometry":{"type":"Point","coordinates":[-114.0932924,51.0567429]}},{"type":"Feature","id":"water-breaks-36005a8a63b69b55-1","properties":{"break_date":"1986-08-01T00:00:00.000","break_type":"CD","status":"RETIRED","communityCodes":["BLN"],"mapPoint":[-114.0746363,51.03787]},"geometry":{"type":"Point","coordinates":[-114.0746363,51.03787]}},{"type":"Feature","id":"water-breaks-939201526d938db0-1","properties":{"break_date":"1986-08-01T00:00:00.000","break_type":"D","status":"RETIRED","communityCodes":["BLN"],"mapPoint":[-114.0608529,51.040388]},"geometry":{"type":"Point","coordinates":[-114.0608529,51.040388]}},{"type":"Feature","id":"water-breaks-9b816562b9c885c1-1","properties":{"break_date":"1986-07-01T00:00:00.000","break_type":"E","status":"ACTIVE","communityCodes":["BLN"],"mapPoint":[-114.0505077,51.0391441]},"geometry":{"type":"Point","coordinates":[-114.0505077,51.0391441]}},{"type":"Feature","id":"water-breaks-09e34718557a50b2-1","properties":{"break_date":"1986-07-01T00:00:00.000","break_type":"AC","status":"ACTIVE","communityCodes":["BLN"],"mapPoint":[-114.0752257,51.0418054]},"geometry":{"type":"Point","coordinates":[-114.0752257,51.0418054]}},{"type":"Feature","id":"water-breaks-17d0b2d98bbb2f3c-1","properties":{"break_date":"1986-07-01T00:00:00.000","break_type":"CD","status":"ACTIVE","communityCodes":["BLN"],"mapPoint":[-114.0489409,51.04004]},"geometry":{"type":"Point","coordinates":[-114.0489409,51.04004]}},{"type":"Feature","id":"water-breaks-69b2b619992e4819-1","properties":{"break_date":"1986-07-01T00:00:00.000","break_type":"E","status":"ACTIVE","communityCodes":["HIL"],"mapPoint":[-114.1001363,51.0490705]},"geometry":{"type":"Point","coordinates":[-114.1001363,51.0490705]}},{"type":"Feature","id":"water-breaks-fb5e2635f8ba9631-1","properties":{"break_date":"1986-07-01T00:00:00.000","break_type":"E","status":"ACTIVE","communityCodes":["HIL"],"mapPoint":[-114.0925587,51.0538289]},"geometry":{"type":"Point","coordinates":[-114.0925587,51.0538289]}},{"type":"Feature","id":"water-breaks-c90005f847043c69-1","properties":{"break_date":"1986-06-01T00:00:00.000","break_type":"E","status":"ACTIVE","communityCodes":["BLN"],"mapPoint":[-114.0916717,51.0440971]},"geometry":{"type":"Point","coordinates":[-114.0916717,51.0440971]}},{"type":"Feature","id":"water-breaks-426f0ef2593fb033-1","properties":{"break_date":"1986-06-01T00:00:00.000","break_type":"C","status":"RETIRED","communityCodes":["BLN"],"mapPoint":[-114.0605723,51.0394315]},"geometry":{"type":"Point","coordinates":[-114.0605723,51.0394315]}},{"type":"Feature","id":"water-breaks-0cb42b8748d89f8f-1","properties":{"break_date":"1986-06-01T00:00:00.000","break_type":"E","status":"ACTIVE","communityCodes":["BLN"],"mapPoint":[-114.0914877,51.0431408]},"geometry":{"type":"Point","coordinates":[-114.0914877,51.0431408]}},{"type":"Feature","id":"water-breaks-3375eccbd84b3222-1","properties":{"break_date":"1986-04-01T00:00:00.000","break_type":"CE","status":"ACTIVE","communityCodes":["BLN"],"mapPoint":[-114.0842312,51.0382608]},"geometry":{"type":"Point","coordinates":[-114.0842312,51.0382608]}},{"type":"Feature","id":"water-breaks-fbfc4c745bfc43a4-1","properties":{"break_date":"1986-04-01T00:00:00.000","break_type":"CE","status":"RETIRED","communityCodes":["BLN"],"mapPoint":[-114.0868379,51.039213]},"geometry":{"type":"Point","coordinates":[-114.0868379,51.039213]}},{"type":"Feature","id":"water-breaks-4c7607b695484d85-1","properties":{"break_date":"1986-02-01T00:00:00.000","break_type":"C","status":"RETIRED","communityCodes":["BRD"],"mapPoint":[-114.0380558,51.0580016]},"geometry":{"type":"Point","coordinates":[-114.0380558,51.0580016]}},{"type":"Feature","id":"water-breaks-0daa4cbcd7fa8c4d-1","properties":{"break_date":"1986-02-01T00:00:00.000","break_type":"D","status":"RETIRED","communityCodes":["BLN"],"mapPoint":[-114.0535571,51.0396717]},"geometry":{"type":"Point","coordinates":[-114.0535571,51.0396717]}},{"type":"Feature","id":"water-breaks-a9cf2ce241fe77f0-1","properties":{"break_date":"1986-02-01T00:00:00.000","break_type":"C","status":"ACTIVE","communityCodes":["BLN"],"mapPoint":[-114.0897181,51.0384164]},"geometry":{"type":"Point","coordinates":[-114.0897181,51.0384164]}},{"type":"Feature","id":"water-breaks-560b9c6781b77cab-1","properties":{"break_date":"1986-01-01T00:00:00.000","break_type":"D","status":"RETIRED","communityCodes":["BLN"],"mapPoint":[-114.0613258,51.0384938]},"geometry":{"type":"Point","coordinates":[-114.0613258,51.0384938]}},{"type":"Feature","id":"water-breaks-a018f1495412eda6-1","properties":{"break_date":"1986-01-01T00:00:00.000","break_type":"D","status":"ACTIVE","communityCodes":["BLN"],"mapPoint":[-114.0836043,51.040071]},"geometry":{"type":"Point","coordinates":[-114.0836043,51.040071]}},{"type":"Feature","id":"water-breaks-7496bfb7ac41a899-1","properties":{"break_date":"1985-12-01T00:00:00.000","break_type":"G","status":"RETIRED","communityCodes":["BRD"],"mapPoint":[-114.0390624,51.0579914]},"geometry":{"type":"Point","coordinates":[-114.0390624,51.0579914]}},{"type":"Feature","id":"water-breaks-529ea5910eba7344-1","properties":{"break_date":"1985-12-01T00:00:00.000","break_type":"CG","status":"ACTIVE","communityCodes":["HIL"],"mapPoint":[-114.0946834,51.0519491]},"geometry":{"type":"Point","coordinates":[-114.0946834,51.0519491]}},{"type":"Feature","id":"water-breaks-da04dabf6d28dd8e-1","properties":{"break_date":"1985-12-01T00:00:00.000","break_type":"C","status":"ACTIVE","communityCodes":["BLN"],"mapPoint":[-114.0599006,51.0362474]},"geometry":{"type":"Point","coordinates":[-114.0599006,51.0362474]}},{"type":"Feature","id":"water-breaks-20cd0849351f2ee9-1","properties":{"break_date":"1985-12-01T00:00:00.000","break_type":"CEG","status":"ACTIVE","communityCodes":["SSD"],"mapPoint":[-114.0797079,51.0548537]},"geometry":{"type":"Point","coordinates":[-114.0797079,51.0548537]}},{"type":"Feature","id":"water-breaks-a23bab7cda3a2af4-1","properties":{"break_date":"1985-12-01T00:00:00.000","break_type":"CE","status":"ACTIVE","communityCodes":["BLN"],"mapPoint":[-114.0816181,51.040016]},"geometry":{"type":"Point","coordinates":[-114.0816181,51.040016]}},{"type":"Feature","id":"water-breaks-6912c2882bd1326b-1","properties":{"break_date":"1985-12-01T00:00:00.000","break_type":"D","status":"ACTIVE","communityCodes":["HIL"],"mapPoint":[-114.0947076,51.0580366]},"geometry":{"type":"Point","coordinates":[-114.0947076,51.0580366]}},{"type":"Feature","id":"water-breaks-5fa8601d5a9514f4-1","properties":{"break_date":"1985-11-01T00:00:00.000","break_type":"CE","status":"ACTIVE","communityCodes":["BRD"],"mapPoint":[-114.0443076,51.0537975]},"geometry":{"type":"Point","coordinates":[-114.0443076,51.0537975]}},{"type":"Feature","id":"water-breaks-4acdb4a9e65805ba-1","properties":{"break_date":"1985-11-01T00:00:00.000","break_type":"C","status":"RETIRED","communityCodes":["HIL"],"mapPoint":[-114.0860981,51.0571544]},"geometry":{"type":"Point","coordinates":[-114.0860981,51.0571544]}},{"type":"Feature","id":"water-breaks-b40ad559cee4b475-1","properties":{"break_date":"1985-11-01T00:00:00.000","break_type":"CE","status":"ACTIVE","communityCodes":["BRD"],"mapPoint":[-114.0403201,51.0540577]},"geometry":{"type":"Point","coordinates":[-114.0403201,51.0540577]}},{"type":"Feature","id":"water-breaks-6efa97aa23f499da-1","properties":{"break_date":"1985-11-01T00:00:00.000","break_type":"AC","status":"RETIRED","communityCodes":["BRD"],"mapPoint":[-114.0355172,51.0506818]},"geometry":{"type":"Point","coordinates":[-114.0355172,51.0506818]}},{"type":"Feature","id":"water-breaks-fa1b2b2368dd2c1b-1","properties":{"break_date":"1985-10-01T00:00:00.000","break_type":"B","status":"ACTIVE","communityCodes":["BLN"],"mapPoint":[-114.0683929,51.0424891]},"geometry":{"type":"Point","coordinates":[-114.0683929,51.0424891]}},{"type":"Feature","id":"water-breaks-a4396d8d90160bc4-1","properties":{"break_date":"1985-10-01T00:00:00.000","break_type":"A","status":"ACTIVE","communityCodes":["BRD"],"mapPoint":[-114.0349999,51.0535757]},"geometry":{"type":"Point","coordinates":[-114.0349999,51.0535757]}},{"type":"Feature","id":"water-breaks-f90529cbfde0b0f7-1","properties":{"break_date":"1985-10-01T00:00:00.000","break_type":"D","status":"RETIRED","communityCodes":["HIL"],"mapPoint":[-114.1029144,51.0512]},"geometry":{"type":"Point","coordinates":[-114.1029144,51.0512]}},{"type":"Feature","id":"water-breaks-0cb907ab4a591a34-1","properties":{"break_date":"1985-09-01T00:00:00.000","break_type":"D","status":"ACTIVE","communityCodes":["BLN"],"mapPoint":[-114.072458,51.0388068]},"geometry":{"type":"Point","coordinates":[-114.072458,51.0388068]}},{"type":"Feature","id":"water-breaks-25676a83d01b7fa5-1","properties":{"break_date":"1985-09-01T00:00:00.000","break_type":"CD","status":"RETIRED","communityCodes":["HIL"],"mapPoint":[-114.0946953,51.0637074]},"geometry":{"type":"Point","coordinates":[-114.0946953,51.0637074]}},{"type":"Feature","id":"water-breaks-d2d7d24deb6e22dc-1","properties":{"break_date":"1985-09-01T00:00:00.000","break_type":"D","status":"ACTIVE","communityCodes":["BLN"],"mapPoint":[-114.0741515,51.0388546]},"geometry":{"type":"Point","coordinates":[-114.0741515,51.0388546]}},{"type":"Feature","id":"water-breaks-bd271417a8ab624f-1","properties":{"break_date":"1985-09-01T00:00:00.000","break_type":"D","status":"ACTIVE","communityCodes":["SSD"],"mapPoint":[-114.0804941,51.057628]},"geometry":{"type":"Point","coordinates":[-114.0804941,51.057628]}},{"type":"Feature","id":"water-breaks-7d7812f1d5fd6168-1","properties":{"break_date":"1985-08-01T00:00:00.000","break_type":"D","status":"RETIRED","communityCodes":["BLN"],"mapPoint":[-114.0781643,51.0378692]},"geometry":{"type":"Point","coordinates":[-114.0781643,51.0378692]}},{"type":"Feature","id":"water-breaks-60778cd4ec533bfb-1","properties":{"break_date":"1985-08-01T00:00:00.000","break_type":"D","status":"RETIRED","communityCodes":["BLN"],"mapPoint":[-114.0846815,51.0410505]},"geometry":{"type":"Point","coordinates":[-114.0846815,51.0410505]}},{"type":"Feature","id":"water-breaks-a7738a0df2917ac4-1","properties":{"break_date":"1985-06-01T00:00:00.000","break_type":"D","status":"ACTIVE","communityCodes":["HIL"],"mapPoint":[-114.0898548,51.0525499]},"geometry":{"type":"Point","coordinates":[-114.0898548,51.0525499]}},{"type":"Feature","id":"water-breaks-12f1dee4e4f86c5c-1","properties":{"break_date":"1985-06-01T00:00:00.000","break_type":"CG","status":"RETIRED","communityCodes":["SSD"],"mapPoint":[-114.0705563,51.0580786]},"geometry":{"type":"Point","coordinates":[-114.0705563,51.0580786]}},{"type":"Feature","id":"water-breaks-f169973b41b1e09d-1","properties":{"break_date":"1985-06-01T00:00:00.000","break_type":"D","status":"ACTIVE","communityCodes":["HIL"],"mapPoint":[-114.0947099,51.0586648]},"geometry":{"type":"Point","coordinates":[-114.0947099,51.0586648]}},{"type":"Feature","id":"water-breaks-661a76b74105c07a-1","properties":{"break_date":"1985-05-01T00:00:00.000","break_type":"CG","status":"ACTIVE","communityCodes":["BLN"],"mapPoint":[-114.0589177,51.0412715]},"geometry":{"type":"Point","coordinates":[-114.0589177,51.0412715]}},{"type":"Feature","id":"water-breaks-8b5862b1344c8308-1","properties":{"break_date":"1985-05-01T00:00:00.000","break_type":"D","status":"ACTIVE","communityCodes":["BRD"],"mapPoint":[-114.0486657,51.0518796]},"geometry":{"type":"Point","coordinates":[-114.0486657,51.0518796]}},{"type":"Feature","id":"water-breaks-3aa7dc90ff8e76c3-1","properties":{"break_date":"1985-05-01T00:00:00.000","break_type":"CD","status":"ACTIVE","communityCodes":["BRD"],"mapPoint":[-114.0482985,51.0551433]},"geometry":{"type":"Point","coordinates":[-114.0482985,51.0551433]}},{"type":"Feature","id":"water-breaks-db6dbd6b106479e9-1","properties":{"break_date":"1985-04-01T00:00:00.000","break_type":"D","status":"ACTIVE","communityCodes":["HIL"],"mapPoint":[-114.0925634,51.0525556]},"geometry":{"type":"Point","coordinates":[-114.0925634,51.0525556]}},{"type":"Feature","id":"water-breaks-816d63a33169420f-1","properties":{"break_date":"1985-04-01T00:00:00.000","break_type":"C","status":"ACTIVE","communityCodes":["BRD"],"mapPoint":[-114.0516559,51.0515773]},"geometry":{"type":"Point","coordinates":[-114.0516559,51.0515773]}},{"type":"Feature","id":"water-breaks-c6e4c520caef2a7d-1","properties":{"break_date":"1985-02-01T00:00:00.000","break_type":"A","status":"ACTIVE","communityCodes":["BLN"],"mapPoint":[-114.0776497,51.0418736]},"geometry":{"type":"Point","coordinates":[-114.0776497,51.0418736]}},{"type":"Feature","id":"water-breaks-8db00b167d6a7e6f-1","properties":{"break_date":"1985-01-01T00:00:00.000","break_type":"A","status":"RETIRED","communityCodes":["BLN"],"mapPoint":[-114.0659319,51.042419]},"geometry":{"type":"Point","coordinates":[-114.0659319,51.042419]}},{"type":"Feature","id":"water-breaks-6c32a1f026eb641c-1","properties":{"break_date":"1984-12-01T00:00:00.000","break_type":"A","status":"ACTIVE","communityCodes":["BLN"],"mapPoint":[-114.0744174,51.0389654]},"geometry":{"type":"Point","coordinates":[-114.0744174,51.0389654]}},{"type":"Feature","id":"water-breaks-2ce31331c0cd7f93-1","properties":{"break_date":"1984-11-19T00:00:00.000","break_type":"E","status":"ACTIVE","communityCodes":["HIL"],"mapPoint":[-114.094699,51.0549171]},"geometry":{"type":"Point","coordinates":[-114.094699,51.0549171]}},{"type":"Feature","id":"water-breaks-375a932e4dc7b8db-1","properties":{"break_date":"1984-11-01T00:00:00.000","break_type":"D","status":"ACTIVE","communityCodes":["BLN"],"mapPoint":[-114.0764769,51.0389209]},"geometry":{"type":"Point","coordinates":[-114.0764769,51.0389209]}},{"type":"Feature","id":"water-breaks-3874b5a0891aca63-1","properties":{"break_date":"1984-11-01T00:00:00.000","break_type":"CD","status":"ACTIVE","communityCodes":["BLN"],"mapPoint":[-114.0689635,51.0434549]},"geometry":{"type":"Point","coordinates":[-114.0689635,51.0434549]}},{"type":"Feature","id":"water-breaks-18c8f1da8eb4f8c6-1","properties":{"break_date":"1984-10-01T00:00:00.000","break_type":"A","status":"RETIRED","communityCodes":["HIL"],"mapPoint":[-114.0977746,51.0501818]},"geometry":{"type":"Point","coordinates":[-114.0977746,51.0501818]}},{"type":"Feature","id":"water-breaks-de3a2817427f2a5e-1","properties":{"break_date":"1984-08-01T00:00:00.000","break_type":"E","status":"ACTIVE","communityCodes":["BLN"],"mapPoint":[-114.0889911,51.0440224]},"geometry":{"type":"Point","coordinates":[-114.0889911,51.0440224]}},{"type":"Feature","id":"water-breaks-006eb68c53bad6e7-1","properties":{"break_date":"1984-07-01T00:00:00.000","break_type":"CE","status":"ACTIVE","communityCodes":["BRD"],"mapPoint":[-114.0318631,51.0523802]},"geometry":{"type":"Point","coordinates":[-114.0318631,51.0523802]}},{"type":"Feature","id":"water-breaks-e4ddf45bb5579214-1","properties":{"break_date":"1984-07-01T00:00:00.000","break_type":"D","status":"ACTIVE","communityCodes":["HIL"],"mapPoint":[-114.0977401,51.0556733]},"geometry":{"type":"Point","coordinates":[-114.0977401,51.0556733]}},{"type":"Feature","id":"water-breaks-1e790283ba0c34b5-1","properties":{"break_date":"1984-06-01T00:00:00.000","break_type":"D","status":"ACTIVE","communityCodes":["HIL"],"mapPoint":[-114.0969533,51.0520814]},"geometry":{"type":"Point","coordinates":[-114.0969533,51.0520814]}},{"type":"Feature","id":"water-breaks-b3bddd32a1361470-1","properties":{"break_date":"1984-06-01T00:00:00.000","break_type":"G","status":"RETIRED","communityCodes":["BLN"],"mapPoint":[-114.0588588,51.042191]},"geometry":{"type":"Point","coordinates":[-114.0588588,51.042191]}},{"type":"Feature","id":"water-breaks-d76ca6475266fcaa-1","properties":{"break_date":"1984-05-01T00:00:00.000","break_type":"E","status":"ACTIVE","communityCodes":["HIL"],"mapPoint":[-114.1015668,51.0587274]},"geometry":{"type":"Point","coordinates":[-114.1015668,51.0587274]}},{"type":"Feature","id":"water-breaks-f8141a08a54c8aa7-1","properties":{"break_date":"1984-05-01T00:00:00.000","break_type":"D","status":"RETIRED","communityCodes":["BLN"],"mapPoint":[-114.0817655,51.0419895]},"geometry":{"type":"Point","coordinates":[-114.0817655,51.0419895]}},{"type":"Feature","id":"water-breaks-bf1f4cc4e6094ebc-1","properties":{"break_date":"1984-04-01T00:00:00.000","break_type":"A","status":"RETIRED","communityCodes":["HIL"],"mapPoint":[-114.1007066,51.0512026]},"geometry":{"type":"Point","coordinates":[-114.1007066,51.0512026]}},{"type":"Feature","id":"water-breaks-8aefce13a705d3b8-1","properties":{"break_date":"1984-03-01T00:00:00.000","break_type":"A","status":"ACTIVE","communityCodes":["BLN"],"mapPoint":[-114.065313,51.0433501]},"geometry":{"type":"Point","coordinates":[-114.065313,51.0433501]}},{"type":"Feature","id":"water-breaks-e388de5d529922dc-1","properties":{"break_date":"1984-02-01T00:00:00.000","break_type":"B","status":"ACTIVE","communityCodes":["HIL"],"mapPoint":[-114.1013616,51.0587277]},"geometry":{"type":"Point","coordinates":[-114.1013616,51.0587277]}},{"type":"Feature","id":"water-breaks-822689dd2acd6c87-1","properties":{"break_date":"1984-02-01T00:00:00.000","break_type":"D","status":"ACTIVE","communityCodes":["BLN"],"mapPoint":[-114.0843657,51.0400922]},"geometry":{"type":"Point","coordinates":[-114.0843657,51.0400922]}},{"type":"Feature","id":"water-breaks-212b1545d03ad43f-1","properties":{"break_date":"1984-01-01T00:00:00.000","break_type":"G","status":"ACTIVE","communityCodes":["BLN"],"mapPoint":[-114.0802919,51.0437762]},"geometry":{"type":"Point","coordinates":[-114.0802919,51.0437762]}},{"type":"Feature","id":"water-breaks-fec86f5c1fe16526-1","properties":{"break_date":"1984-01-01T00:00:00.000","break_type":"D","status":"ACTIVE","communityCodes":["BLN"],"mapPoint":[-114.0809688,51.0437952]},"geometry":{"type":"Point","coordinates":[-114.0809688,51.0437952]}},{"type":"Feature","id":"water-breaks-260fd2c448015cf0-1","properties":{"break_date":"1983-12-01T00:00:00.000","break_type":"D","status":"RETIRED","communityCodes":["BLN"],"mapPoint":[-114.0924727,51.0412704]},"geometry":{"type":"Point","coordinates":[-114.0924727,51.0412704]}},{"type":"Feature","id":"water-breaks-a47ff34e51041671-1","properties":{"break_date":"1983-12-01T00:00:00.000","break_type":"D","status":"ACTIVE","communityCodes":["BLN"],"mapPoint":[-114.0759664,51.0418263]},"geometry":{"type":"Point","coordinates":[-114.0759664,51.0418263]}},{"type":"Feature","id":"water-breaks-56adefc55c3053d5-1","properties":{"break_date":"1983-12-01T00:00:00.000","break_type":"D","status":"ACTIVE","communityCodes":["BLN"],"mapPoint":[-114.0847921,51.0401043]},"geometry":{"type":"Point","coordinates":[-114.0847921,51.0401043]}},{"type":"Feature","id":"water-breaks-6a351d8365e85d0a-1","properties":{"break_date":"1983-12-01T00:00:00.000","break_type":"A","status":"RETIRED","communityCodes":["SSD"],"mapPoint":[-114.0707411,51.0580893]},"geometry":{"type":"Point","coordinates":[-114.0707411,51.0580893]}},{"type":"Feature","id":"water-breaks-7fd0c5ee61af6cfd-1","properties":{"break_date":"1983-12-01T00:00:00.000","break_type":"D","status":"ACTIVE","communityCodes":["BLN"],"mapPoint":[-114.085585,51.043925]},"geometry":{"type":"Point","coordinates":[-114.085585,51.043925]}},{"type":"Feature","id":"water-breaks-5cd4a49377214298-1","properties":{"break_date":"1983-12-01T00:00:00.000","break_type":"A","status":"ACTIVE","communityCodes":["BLN"],"mapPoint":[-114.0918168,51.0378653]},"geometry":{"type":"Point","coordinates":[-114.0918168,51.0378653]}},{"type":"Feature","id":"water-breaks-b24cf5ef9edbd553-1","properties":{"break_date":"1983-12-01T00:00:00.000","break_type":"AC","status":"ACTIVE","communityCodes":["BLN"],"mapPoint":[-114.0780054,51.0418837]},"geometry":{"type":"Point","coordinates":[-114.0780054,51.0418837]}},{"type":"Feature","id":"water-breaks-afaa3f7e3f9bdf78-1","properties":{"break_date":"1983-11-01T00:00:00.000","break_type":"BC","status":"ACTIVE","communityCodes":["BLN"],"mapPoint":[-114.0850357,51.0439096]},"geometry":{"type":"Point","coordinates":[-114.0850357,51.0439096]}},{"type":"Feature","id":"water-breaks-552b5dda3f35b800-1","properties":{"break_date":"1983-11-01T00:00:00.000","break_type":"E","status":"RETIRED","communityCodes":["BLN"],"mapPoint":[-114.076547,51.0378696]},"geometry":{"type":"Point","coordinates":[-114.076547,51.0378696]}},{"type":"Feature","id":"water-breaks-3beecf33dfa6ac99-1","properties":{"break_date":"1983-10-19T00:00:00.000","break_type":"E","status":"ACTIVE","communityCodes":["HIL"],"mapPoint":[-114.0947006,51.0555181]},"geometry":{"type":"Point","coordinates":[-114.0947006,51.0555181]}},{"type":"Feature","id":"water-breaks-0285b05865a8ee7a-1","properties":{"break_date":"1983-10-01T00:00:00.000","break_type":"E","status":"ACTIVE","communityCodes":["HIL"],"mapPoint":[-114.1005329,51.0525533]},"geometry":{"type":"Point","coordinates":[-114.1005329,51.0525533]}},{"type":"Feature","id":"water-breaks-17fc7b13b35787ba-1","properties":{"break_date":"1983-10-01T00:00:00.000","break_type":"E","status":"ACTIVE","communityCodes":["BLN"],"mapPoint":[-114.0693975,51.0434674]},"geometry":{"type":"Point","coordinates":[-114.0693975,51.0434674]}},{"type":"Feature","id":"water-breaks-304be6430c2bc74e-1","properties":{"break_date":"1983-09-01T00:00:00.000","break_type":"G","status":"RETIRED","communityCodes":["BLN"],"mapPoint":[-114.0768065,51.0383629]},"geometry":{"type":"Point","coordinates":[-114.0768065,51.0383629]}},{"type":"Feature","id":"water-breaks-4628c79ca60c852c-1","properties":{"break_date":"1983-09-01T00:00:00.000","break_type":"A","status":"ACTIVE","communityCodes":["BRD"],"mapPoint":[-114.0484606,51.055384]},"geometry":{"type":"Point","coordinates":[-114.0484606,51.055384]}},{"type":"Feature","id":"water-breaks-475fa912dc596132-1","properties":{"break_date":"1983-09-01T00:00:00.000","break_type":"D","status":"ACTIVE","communityCodes":["BLN"],"mapPoint":[-114.0520677,51.042025]},"geometry":{"type":"Point","coordinates":[-114.0520677,51.042025]}},{"type":"Feature","id":"water-breaks-ba4884bc1a469126-1","properties":{"break_date":"1983-09-01T00:00:00.000","break_type":"AF","status":"ACTIVE","communityCodes":["BRD"],"mapPoint":[-114.0485321,51.055384]},"geometry":{"type":"Point","coordinates":[-114.0485321,51.055384]}},{"type":"Feature","id":"water-breaks-f7b45fea27b5232e-1","properties":{"break_date":"1983-08-01T00:00:00.000","break_type":"BC","status":"RETIRED","communityCodes":["BRD"],"mapPoint":[-114.0389536,51.057993]},"geometry":{"type":"Point","coordinates":[-114.0389536,51.057993]}},{"type":"Feature","id":"water-breaks-6112794058421939-1","properties":{"break_date":"1983-06-01T00:00:00.000","break_type":"G","status":"ACTIVE","communityCodes":["BLN"],"mapPoint":[-114.0572213,51.0421723]},"geometry":{"type":"Point","coordinates":[-114.0572213,51.0421723]}},{"type":"Feature","id":"water-breaks-4b7b5d27e4dee631-1","properties":{"break_date":"1983-02-01T00:00:00.000","break_type":"E","status":"RETIRED","communityCodes":["HIL"],"mapPoint":[-114.1008984,51.0512024]},"geometry":{"type":"Point","coordinates":[-114.1008984,51.0512024]}},{"type":"Feature","id":"water-breaks-139f2ca78803de7c-1","properties":{"break_date":"1983-02-01T00:00:00.000","break_type":"G","status":"RETIRED","communityCodes":["BRD"],"mapPoint":[-114.0388979,51.0579939]},"geometry":{"type":"Point","coordinates":[-114.0388979,51.0579939]}},{"type":"Feature","id":"water-breaks-98dbe29236455a83-1","properties":{"break_date":"1983-02-01T00:00:00.000","break_type":"A","status":"ACTIVE","communityCodes":["BLN"],"mapPoint":[-114.086185,51.0383165]},"geometry":{"type":"Point","coordinates":[-114.086185,51.0383165]}},{"type":"Feature","id":"water-breaks-897bc209942faa80-1","properties":{"break_date":"1983-02-01T00:00:00.000","break_type":"C","status":"ACTIVE","communityCodes":["BLN"],"mapPoint":[-114.0811269,51.0437997]},"geometry":{"type":"Point","coordinates":[-114.0811269,51.0437997]}},{"type":"Feature","id":"water-breaks-b9f41f65c1a1f05d-1","properties":{"break_date":"1983-01-01T00:00:00.000","break_type":"A","status":"ACTIVE","communityCodes":["BLN"],"mapPoint":[-114.0889809,51.0405318]},"geometry":{"type":"Point","coordinates":[-114.0889809,51.0405318]}},{"type":"Feature","id":"water-breaks-ee6b6aeb7369407c-1","properties":{"break_date":"1983-01-01T00:00:00.000","break_type":"AB","status":"RETIRED","communityCodes":["HIL"],"mapPoint":[-114.1021477,51.0512009]},"geometry":{"type":"Point","coordinates":[-114.1021477,51.0512009]}},{"type":"Feature","id":"water-breaks-e57173ddbba1ea9b-1","properties":{"break_date":"1982-10-01T00:00:00.000","break_type":"D","status":"ACTIVE","communityCodes":["BRD"],"mapPoint":[-114.048582,51.0572757]},"geometry":{"type":"Point","coordinates":[-114.048582,51.0572757]}},{"type":"Feature","id":"water-breaks-78065e27998b1ee2-1","properties":{"break_date":"1982-09-01T00:00:00.000","break_type":"A","status":"ACTIVE","communityCodes":["BRD"],"mapPoint":[-114.0483475,51.0553838]},"geometry":{"type":"Point","coordinates":[-114.0483475,51.0553838]}},{"type":"Feature","id":"water-breaks-d53118e95ce13bca-1","properties":{"break_date":"1982-08-01T00:00:00.000","break_type":"A","status":"ACTIVE","communityCodes":["BLN"],"mapPoint":[-114.0571689,51.0402812]},"geometry":{"type":"Point","coordinates":[-114.0571689,51.0402812]}},{"type":"Feature","id":"water-breaks-db5f581c08e6a0c5-1","properties":{"break_date":"1982-05-01T00:00:00.000","break_type":"D","status":"ACTIVE","communityCodes":["HIL"],"mapPoint":[-114.0859654,51.0535634]},"geometry":{"type":"Point","coordinates":[-114.0859654,51.0535634]}},{"type":"Feature","id":"water-breaks-5a9ca09447cf20f5-1","properties":{"break_date":"1982-05-01T00:00:00.000","break_type":"A","status":"RETIRED","communityCodes":["SSD"],"mapPoint":[-114.0706736,51.0580854]},"geometry":{"type":"Point","coordinates":[-114.0706736,51.0580854]}},{"type":"Feature","id":"water-breaks-75530410d478b5ce-1","properties":{"break_date":"1982-05-01T00:00:00.000","break_type":"D","status":"ACTIVE","communityCodes":["BLN"],"mapPoint":[-114.0587625,51.0372658]},"geometry":{"type":"Point","coordinates":[-114.0587625,51.0372658]}},{"type":"Feature","id":"water-breaks-52124b0fcf64ce75-1","properties":{"break_date":"1982-04-01T00:00:00.000","break_type":"CD","status":"ACTIVE","communityCodes":["BLN"],"mapPoint":[-114.074976,51.0388781]},"geometry":{"type":"Point","coordinates":[-114.074976,51.0388781]}},{"type":"Feature","id":"water-breaks-6a04ceab43e8f58a-1","properties":{"break_date":"1982-04-01T00:00:00.000","break_type":"D","status":"ACTIVE","communityCodes":["BLN"],"mapPoint":[-114.0704435,51.0387499]},"geometry":{"type":"Point","coordinates":[-114.0704435,51.0387499]}},{"type":"Feature","id":"water-breaks-b52c9eb85a6fee00-1","properties":{"break_date":"1982-03-01T00:00:00.000","break_type":"A","status":"ACTIVE","communityCodes":["BRD"],"mapPoint":[-114.0338875,51.0546765]},"geometry":{"type":"Point","coordinates":[-114.0338875,51.0546765]}},{"type":"Feature","id":"water-breaks-f34574dd0543a3b3-1","properties":{"break_date":"1982-03-01T00:00:00.000","break_type":"D","status":"RETIRED","communityCodes":["BLN"],"mapPoint":[-114.0605723,51.0394315]},"geometry":{"type":"Point","coordinates":[-114.0605723,51.0394315]}},{"type":"Feature","id":"water-breaks-2132409875be2f06-1","properties":{"break_date":"1982-03-01T00:00:00.000","break_type":"D","status":"ACTIVE","communityCodes":["BRD"],"mapPoint":[-114.0466326,51.0507797]},"geometry":{"type":"Point","coordinates":[-114.0466326,51.0507797]}},{"type":"Feature","id":"water-breaks-54d5daf9ef7cd183-1","properties":{"break_date":"1982-02-01T00:00:00.000","break_type":"C","status":"ACTIVE","communityCodes":["HIL"],"mapPoint":[-114.0946967,51.0625139]},"geometry":{"type":"Point","coordinates":[-114.0946967,51.0625139]}},{"type":"Feature","id":"water-breaks-4772dc880700a002-1","properties":{"break_date":"1982-02-01T00:00:00.000","break_type":"G","status":"RETIRED","communityCodes":["BLN"],"mapPoint":[-114.0623953,51.0404323]},"geometry":{"type":"Point","coordinates":[-114.0623953,51.0404323]}},{"type":"Feature","id":"water-breaks-29b7030d7a2cc8a7-1","properties":{"break_date":"1982-02-01T00:00:00.000","break_type":"E","status":"RETIRED","communityCodes":["BRD"],"mapPoint":[-114.0482999,51.0524403]},"geometry":{"type":"Point","coordinates":[-114.0482999,51.0524403]}},{"type":"Feature","id":"water-breaks-02051b82182cf327-1","properties":{"break_date":"1982-02-01T00:00:00.000","break_type":"C","status":"ACTIVE","communityCodes":["HIL"],"mapPoint":[-114.0946966,51.0625904]},"geometry":{"type":"Point","coordinates":[-114.0946966,51.0625904]}},{"type":"Feature","id":"water-breaks-386629fd4e1b73d2-1","properties":{"break_date":"1982-01-01T00:00:00.000","break_type":"A","status":"RETIRED","communityCodes":["BRD"],"mapPoint":[-114.0469672,51.0570358]},"geometry":{"type":"Point","coordinates":[-114.0469672,51.0570358]}},{"type":"Feature","id":"water-breaks-9c8b2138ac0f4a3e-1","properties":{"break_date":"1982-01-01T00:00:00.000","break_type":"A","status":"ACTIVE","communityCodes":["BLN"],"mapPoint":[-114.0770757,51.0418575]},"geometry":{"type":"Point","coordinates":[-114.0770757,51.0418575]}},{"type":"Feature","id":"water-breaks-6e7cbd2d4493d921-1","properties":{"break_date":"1981-12-01T00:00:00.000","break_type":"D","status":"RETIRED","communityCodes":["SSD"],"mapPoint":[-114.0714161,51.0581287]},"geometry":{"type":"Point","coordinates":[-114.0714161,51.0581287]}},{"type":"Feature","id":"water-breaks-2bb4df4fe2eff188-1","properties":{"break_date":"1981-12-01T00:00:00.000","break_type":"A","status":"ACTIVE","communityCodes":["BLN"],"mapPoint":[-114.0828241,51.0428981]},"geometry":{"type":"Point","coordinates":[-114.0828241,51.0428981]}},{"type":"Feature","id":"water-breaks-99103da6c00095c0-1","properties":{"break_date":"1981-12-01T00:00:00.000","break_type":"A","status":"ACTIVE","communityCodes":["HIL"],"mapPoint":[-114.0993153,51.0546043]},"geometry":{"type":"Point","coordinates":[-114.0993153,51.0546043]}},{"type":"Feature","id":"water-breaks-f56e38af00059021-1","properties":{"break_date":"1981-11-01T00:00:00.000","break_type":"A","status":"ACTIVE","communityCodes":["HIL"],"mapPoint":[-114.0946982,51.0613494]},"geometry":{"type":"Point","coordinates":[-114.0946982,51.0613494]}},{"type":"Feature","id":"water-breaks-0d3eb5ebb377706d-1","properties":{"break_date":"1981-11-01T00:00:00.000","break_type":"A","status":"RETIRED","communityCodes":["BRD"],"mapPoint":[-114.0516049,51.0568684]},"geometry":{"type":"Point","coordinates":[-114.0516049,51.0568684]}},{"type":"Feature","id":"water-breaks-8b5121bd230008c3-1","properties":{"break_date":"1981-11-01T00:00:00.000","break_type":"A","status":"ACTIVE","communityCodes":["HIL"],"mapPoint":[-114.0993169,51.0553744]},"geometry":{"type":"Point","coordinates":[-114.0993169,51.0553744]}},{"type":"Feature","id":"water-breaks-58a947225141859e-1","properties":{"break_date":"1981-10-01T00:00:00.000","break_type":"A","status":"ACTIVE","communityCodes":["BLN"],"mapPoint":[-114.0578507,51.0421903]},"geometry":{"type":"Point","coordinates":[-114.0578507,51.0421903]}},{"type":"Feature","id":"water-breaks-9257344f39100ad8-1","properties":{"break_date":"1981-10-01T00:00:00.000","break_type":"A","status":"RETIRED","communityCodes":["BLN"],"mapPoint":[-114.076089,51.0378697]},"geometry":{"type":"Point","coordinates":[-114.076089,51.0378697]}},{"type":"Feature","id":"water-breaks-faadfdd4bc5f1713-1","properties":{"break_date":"1981-09-01T00:00:00.000","break_type":"D","status":"RETIRED","communityCodes":["BLN"],"mapPoint":[-114.0866267,51.0383291]},"geometry":{"type":"Point","coordinates":[-114.0866267,51.0383291]}},{"type":"Feature","id":"water-breaks-94e1ec01a4d0086b-1","properties":{"break_date":"1981-08-01T00:00:00.000","break_type":"G","status":"ACTIVE","communityCodes":["BLN"],"mapPoint":[-114.0617401,51.0423012]},"geometry":{"type":"Point","coordinates":[-114.0617401,51.0423012]}},{"type":"Feature","id":"water-breaks-230bc79625093477-1","properties":{"break_date":"1981-08-01T00:00:00.000","break_type":"E","status":"ACTIVE","communityCodes":["HIL"],"mapPoint":[-114.0986625,51.0520799]},"geometry":{"type":"Point","coordinates":[-114.0986625,51.0520799]}},{"type":"Feature","id":"water-breaks-fd9f10200a3c0889-1","properties":{"break_date":"1981-07-01T00:00:00.000","break_type":"D","status":"ACTIVE","communityCodes":["BLN"],"mapPoint":[-114.0828954,51.0391018]},"geometry":{"type":"Point","coordinates":[-114.0828954,51.0391018]}},{"type":"Feature","id":"water-breaks-56657ad855a58b2c-1","properties":{"break_date":"1981-06-01T00:00:00.000","break_type":"E","status":"ACTIVE","communityCodes":["HIL"],"mapPoint":[-114.0918212,51.0533959]},"geometry":{"type":"Point","coordinates":[-114.0918212,51.0533959]}},{"type":"Feature","id":"water-breaks-15b39c87e9b51447-1","properties":{"break_date":"1981-05-01T00:00:00.000","break_type":"C","status":"ACTIVE","communityCodes":["BRD"],"mapPoint":[-114.0508087,51.0532412]},"geometry":{"type":"Point","coordinates":[-114.0508087,51.0532412]}},{"type":"Feature","id":"water-breaks-769d08425115fc68-1","properties":{"break_date":"1981-05-01T00:00:00.000","break_type":"G","status":"ACTIVE","communityCodes":["HIL"],"mapPoint":[-114.0977391,51.0553313]},"geometry":{"type":"Point","coordinates":[-114.0977391,51.0553313]}},{"type":"Feature","id":"water-breaks-891fc776bf990c7c-1","properties":{"break_date":"1981-03-01T00:00:00.000","break_type":"A","status":"RETIRED","communityCodes":["BLN"],"mapPoint":[-114.0603735,51.0384668]},"geometry":{"type":"Point","coordinates":[-114.0603735,51.0384668]}},{"type":"Feature","id":"water-breaks-111803780e800927-1","properties":{"break_date":"1981-02-01T00:00:00.000","break_type":"E","status":"ACTIVE","communityCodes":["BRD"],"mapPoint":[-114.0305388,51.0523766]},"geometry":{"type":"Point","coordinates":[-114.0305388,51.0523766]}},{"type":"Feature","id":"water-breaks-9b46ab4d09885bad-1","properties":{"break_date":"1981-01-01T00:00:00.000","break_type":"D","status":"ACTIVE","communityCodes":["BLN"],"mapPoint":[-114.062801,51.0423314]},"geometry":{"type":"Point","coordinates":[-114.062801,51.0423314]}},{"type":"Feature","id":"water-breaks-5716847b8469f7db-1","properties":{"break_date":"1980-12-01T00:00:00.000","break_type":"AC","status":"RETIRED","communityCodes":["BLN"],"mapPoint":[-114.0509753,51.040739]},"geometry":{"type":"Point","coordinates":[-114.0509753,51.040739]}},{"type":"Feature","id":"water-breaks-084d604bd757dd45-1","properties":{"break_date":"1980-10-01T00:00:00.000","break_type":"CG","status":"RETIRED","communityCodes":["BLN"],"mapPoint":[-114.0589139,51.0421925]},"geometry":{"type":"Point","coordinates":[-114.0589139,51.0421925]}},{"type":"Feature","id":"water-breaks-7ea19b35d5ac1956-1","properties":{"break_date":"1980-08-01T00:00:00.000","break_type":"D","status":"ACTIVE","communityCodes":["HIL"],"mapPoint":[-114.0997702,51.0544194]},"geometry":{"type":"Point","coordinates":[-114.0997702,51.0544194]}},{"type":"Feature","id":"water-breaks-b456435425d0846a-1","properties":{"break_date":"1980-08-01T00:00:00.000","break_type":"E","status":"ACTIVE","communityCodes":["BLN"],"mapPoint":[-114.0946569,51.0440837]},"geometry":{"type":"Point","coordinates":[-114.0946569,51.0440837]}},{"type":"Feature","id":"water-breaks-93355baa12cfacff-1","properties":{"break_date":"1980-07-01T00:00:00.000","break_type":"G","status":"RETIRED","communityCodes":["BRD"],"mapPoint":[-114.0394556,51.0579885]},"geometry":{"type":"Point","coordinates":[-114.0394556,51.0579885]}},{"type":"Feature","id":"water-breaks-cc2160b4dbf0d8b6-1","properties":{"break_date":"1980-06-01T00:00:00.000","break_type":"E","status":"RETIRED","communityCodes":["HIL"],"mapPoint":[-114.0947058,51.0574988]},"geometry":{"type":"Point","coordinates":[-114.0947058,51.0574988]}},{"type":"Feature","id":"water-breaks-0e0028d0b6df5a51-1","properties":{"break_date":"1980-06-01T00:00:00.000","break_type":"G","status":"RETIRED","communityCodes":["BLN"],"mapPoint":[-114.05795,51.0421587]},"geometry":{"type":"Point","coordinates":[-114.05795,51.0421587]}},{"type":"Feature","id":"water-breaks-09094c480a32a51f-1","properties":{"break_date":"1980-06-01T00:00:00.000","break_type":"G","status":"RETIRED","communityCodes":["BLN"],"mapPoint":[-114.0577573,51.0421596]},"geometry":{"type":"Point","coordinates":[-114.0577573,51.0421596]}},{"type":"Feature","id":"water-breaks-7f43cb808550cbe1-1","properties":{"break_date":"1980-04-01T00:00:00.000","break_type":"A","status":"RETIRED","communityCodes":["BLN"],"mapPoint":[-114.0765828,51.0427212]},"geometry":{"type":"Point","coordinates":[-114.0765828,51.0427212]}},{"type":"Feature","id":"water-breaks-1e83afeca3048e09-1","properties":{"break_date":"1980-02-01T00:00:00.000","break_type":"B","status":"RETIRED","communityCodes":["HIL"],"mapPoint":[-114.1015972,51.0512015]},"geometry":{"type":"Point","coordinates":[-114.1015972,51.0512015]}},{"type":"Feature","id":"water-breaks-1c2788bc936c68ea-1","properties":{"break_date":"1980-02-01T00:00:00.000","break_type":"D","status":"ACTIVE","communityCodes":["BLN"],"mapPoint":[-114.0854795,51.0391747]},"geometry":{"type":"Point","coordinates":[-114.0854795,51.0391747]}},{"type":"Feature","id":"water-breaks-8ccbcfa9c7a63f2e-1","properties":{"break_date":"1980-01-01T00:00:00.000","break_type":"F","status":"RETIRED","communityCodes":["SSD"],"mapPoint":[-114.0713036,51.0581221]},"geometry":{"type":"Point","coordinates":[-114.0713036,51.0581221]}},{"type":"Feature","id":"water-breaks-2dc89e4d115039e0-1","properties":{"break_date":"1979-12-19T00:00:00.000","break_type":"D","status":"ACTIVE","communityCodes":["HIL"],"mapPoint":[-114.0947089,51.0583867]},"geometry":{"type":"Point","coordinates":[-114.0947089,51.0583867]}},{"type":"Feature","id":"water-breaks-fbb8bd6e3eb9652c-1","properties":{"break_date":"1979-12-01T00:00:00.000","break_type":"E","status":"ACTIVE","communityCodes":["HIL"],"mapPoint":[-114.0947041,51.0568487]},"geometry":{"type":"Point","coordinates":[-114.0947041,51.0568487]}},{"type":"Feature","id":"water-breaks-022096c928c25445-1","properties":{"break_date":"1979-11-01T00:00:00.000","break_type":"D","status":"ACTIVE","communityCodes":["HIL"],"mapPoint":[-114.0963084,51.0528847]},"geometry":{"type":"Point","coordinates":[-114.0963084,51.0528847]}},{"type":"Feature","id":"water-breaks-9b52bb36f237879d-1","properties":{"break_date":"1979-11-01T00:00:00.000","break_type":"E","status":"ACTIVE","communityCodes":["BLN"],"mapPoint":[-114.0846761,51.0438995]},"geometry":{"type":"Point","coordinates":[-114.0846761,51.0438995]}},{"type":"Feature","id":"water-breaks-c1ec005a826b2fb7-1","properties":{"break_date":"1979-11-01T00:00:00.000","break_type":"A","status":"ACTIVE","communityCodes":["HIL"],"mapPoint":[-114.1004431,51.0544187]},"geometry":{"type":"Point","coordinates":[-114.1004431,51.0544187]}},{"type":"Feature","id":"water-breaks-ac41f8e5d5ef10be-1","properties":{"break_date":"1979-10-01T00:00:00.000","break_type":"E","status":"RETIRED","communityCodes":["SSD"],"mapPoint":[-114.0715087,51.0581341]},"geometry":{"type":"Point","coordinates":[-114.0715087,51.0581341]}},{"type":"Feature","id":"water-breaks-b5dfc5af20bd11ea-1","properties":{"break_date":"1979-03-01T00:00:00.000","break_type":"CD","status":"ACTIVE","communityCodes":["BRD"],"mapPoint":[-114.0424818,51.0507752]},"geometry":{"type":"Point","coordinates":[-114.0424818,51.0507752]}},{"type":"Feature","id":"water-breaks-473e4c9a89a24588-1","properties":{"break_date":"1979-03-01T00:00:00.000","break_type":"A","status":"ACTIVE","communityCodes":["HIL"],"mapPoint":[-114.1024208,51.0534378]},"geometry":{"type":"Point","coordinates":[-114.1024208,51.0534378]}},{"type":"Feature","id":"water-breaks-9a6e3e4ed6e7c076-1","properties":{"break_date":"1979-03-01T00:00:00.000","break_type":"A","status":"ACTIVE","communityCodes":["HIL"],"mapPoint":[-114.0933536,51.0515425]},"geometry":{"type":"Point","coordinates":[-114.0933536,51.0515425]}},{"type":"Feature","id":"water-breaks-6f7986ef0582584b-1","properties":{"break_date":"1978-12-01T00:00:00.000","break_type":"A","status":"RETIRED","communityCodes":["BRD"],"mapPoint":[-114.0350343,51.0480594]},"geometry":{"type":"Point","coordinates":[-114.0350343,51.0480594]}},{"type":"Feature","id":"water-breaks-4e9f9f6238df8c60-1","properties":{"break_date":"1978-11-01T00:00:00.000","break_type":"A","status":"ACTIVE","communityCodes":["BLN"],"mapPoint":[-114.058295,51.0422764]},"geometry":{"type":"Point","coordinates":[-114.058295,51.0422764]}},{"type":"Feature","id":"water-breaks-720d2f683039411b-1","properties":{"break_date":"1978-10-01T00:00:00.000","break_type":"E","status":"ACTIVE","communityCodes":["HIL"],"mapPoint":[-114.0888276,51.052666]},"geometry":{"type":"Point","coordinates":[-114.0888276,51.052666]}},{"type":"Feature","id":"water-breaks-2cc0cc8ec579f50f-1","properties":{"break_date":"1978-09-01T00:00:00.000","break_type":"G","status":"RETIRED","communityCodes":["BLN"],"mapPoint":[-114.0656405,51.0428401]},"geometry":{"type":"Point","coordinates":[-114.0656405,51.0428401]}},{"type":"Feature","id":"water-breaks-3810260e33d1bb28-1","properties":{"break_date":"1978-09-01T00:00:00.000","break_type":"D","status":"ACTIVE","communityCodes":["BLN"],"mapPoint":[-114.068634,51.0386988]},"geometry":{"type":"Point","coordinates":[-114.068634,51.0386988]}},{"type":"Feature","id":"water-breaks-9cded7f8737a02ac-1","properties":{"break_date":"1978-09-01T00:00:00.000","break_type":"D","status":"ACTIVE","communityCodes":["BLN"],"mapPoint":[-114.0692503,51.0387162]},"geometry":{"type":"Point","coordinates":[-114.0692503,51.0387162]}},{"type":"Feature","id":"water-breaks-5ad509a76b8cf54e-1","properties":{"break_date":"1978-08-01T00:00:00.000","break_type":"G","status":"ACTIVE","communityCodes":["BLN"],"mapPoint":[-114.0884666,51.0430562]},"geometry":{"type":"Point","coordinates":[-114.0884666,51.0430562]}},{"type":"Feature","id":"water-breaks-3022c4847a1e1506-1","properties":{"break_date":"1978-08-01T00:00:00.000","break_type":"A","status":"ACTIVE","communityCodes":["BLN"],"mapPoint":[-114.0826812,51.0438434]},"geometry":{"type":"Point","coordinates":[-114.0826812,51.0438434]}},{"type":"Feature","id":"water-breaks-ea9063cff1dee87a-1","properties":{"break_date":"1978-07-01T00:00:00.000","break_type":"E","status":"RETIRED","communityCodes":["HIL"],"mapPoint":[-114.1005157,51.0512028]},"geometry":{"type":"Point","coordinates":[-114.1005157,51.0512028]}},{"type":"Feature","id":"water-breaks-bf4677e2f6eef50b-1","properties":{"break_date":"1978-06-01T00:00:00.000","break_type":"G","status":"ACTIVE","communityCodes":["BLN"],"mapPoint":[-114.0756803,51.0388982]},"geometry":{"type":"Point","coordinates":[-114.0756803,51.0388982]}},{"type":"Feature","id":"water-breaks-c0476f0af9203888-1","properties":{"break_date":"1978-06-01T00:00:00.000","break_type":"CE","status":"ACTIVE","communityCodes":["HIL"],"mapPoint":[-114.1017846,51.0525519]},"geometry":{"type":"Point","coordinates":[-114.1017846,51.0525519]}},{"type":"Feature","id":"water-breaks-b4083f48cec6cb2d-1","properties":{"break_date":"1978-06-01T00:00:00.000","break_type":"F","status":"ACTIVE","communityCodes":["BLN"],"mapPoint":[-114.0716398,51.043694]},"geometry":{"type":"Point","coordinates":[-114.0716398,51.043694]}},{"type":"Feature","id":"water-breaks-656daa7188c84265-1","properties":{"break_date":"1978-06-01T00:00:00.000","break_type":"CG","status":"RETIRED","communityCodes":["BLN"],"mapPoint":[-114.0620965,51.0385157]},"geometry":{"type":"Point","coordinates":[-114.0620965,51.0385157]}},{"type":"Feature","id":"water-breaks-ca689af5eaef3aad-1","properties":{"break_date":"1978-05-01T00:00:00.000","break_type":"G","status":"ACTIVE","communityCodes":["BLN"],"mapPoint":[-114.0587263,51.0432307]},"geometry":{"type":"Point","coordinates":[-114.0587263,51.0432307]}},{"type":"Feature","id":"water-breaks-8e6c55b89f01625d-1","properties":{"break_date":"1978-05-01T00:00:00.000","break_type":"G","status":"RETIRED","communityCodes":["HIL"],"mapPoint":[-114.0918263,51.0595624]},"geometry":{"type":"Point","coordinates":[-114.0918263,51.0595624]}},{"type":"Feature","id":"water-breaks-c06835ca9796b648-1","properties":{"break_date":"1978-04-18T00:00:00.000","break_type":"D","status":"ACTIVE","communityCodes":["BLN"],"mapPoint":[-114.0711937,51.0425709]},"geometry":{"type":"Point","coordinates":[-114.0711937,51.0425709]}},{"type":"Feature","id":"water-breaks-9eac8f25bb22133e-1","properties":{"break_date":"1978-03-01T00:00:00.000","break_type":"D","status":"ACTIVE","communityCodes":["BRD"],"mapPoint":[-114.0429817,51.053369]},"geometry":{"type":"Point","coordinates":[-114.0429817,51.053369]}},{"type":"Feature","id":"water-breaks-0cec05de35017839-1","properties":{"break_date":"1978-03-01T00:00:00.000","break_type":"E","status":"ACTIVE","communityCodes":["BRD"],"mapPoint":[-114.0429813,51.0536232]},"geometry":{"type":"Point","coordinates":[-114.0429813,51.0536232]}},{"type":"Feature","id":"water-breaks-2ea3378d30e1df0d-1","properties":{"break_date":"1978-02-01T00:00:00.000","break_type":"B","status":"RETIRED","communityCodes":["BRD"],"mapPoint":[-114.0400727,51.0579896]},"geometry":{"type":"Point","coordinates":[-114.0400727,51.0579896]}},{"type":"Feature","id":"water-breaks-bfce12617a4b250f-1","properties":{"break_date":"1978-02-01T00:00:00.000","break_type":"A","status":"RETIRED","communityCodes":["BRD"],"mapPoint":[-114.0399661,51.0579893]},"geometry":{"type":"Point","coordinates":[-114.0399661,51.0579893]}},{"type":"Feature","id":"water-breaks-2a270cb3f025b30d-1","properties":{"break_date":"1978-02-01T00:00:00.000","break_type":"B","status":"ACTIVE","communityCodes":["HIL"],"mapPoint":[-114.0859861,51.0550617]},"geometry":{"type":"Point","coordinates":[-114.0859861,51.0550617]}},{"type":"Feature","id":"water-breaks-2dff828388ba4ba5-1","properties":{"break_date":"1978-02-01T00:00:00.000","break_type":"F","status":"RETIRED","communityCodes":["BRD"],"mapPoint":[-114.0469672,51.0570823]},"geometry":{"type":"Point","coordinates":[-114.0469672,51.0570823]}},{"type":"Feature","id":"water-breaks-357af11f7975addd-1","properties":{"break_date":"1978-02-01T00:00:00.000","break_type":"A","status":"RETIRED","communityCodes":["HIL"],"mapPoint":[-114.0986026,51.0512051]},"geometry":{"type":"Point","coordinates":[-114.0986026,51.0512051]}},{"type":"Feature","id":"water-breaks-d1722a648272c9c3-1","properties":{"break_date":"1978-01-01T00:00:00.000","break_type":"A","status":"RETIRED","communityCodes":["BRD"],"mapPoint":[-114.0408491,51.0579916]},"geometry":{"type":"Point","coordinates":[-114.0408491,51.0579916]}},{"type":"Feature","id":"water-breaks-6b50d5860175f0f3-1","properties":{"break_date":"1978-01-01T00:00:00.000","break_type":"A","status":"RETIRED","communityCodes":["BLN"],"mapPoint":[-114.0601065,51.0432026]},"geometry":{"type":"Point","coordinates":[-114.0601065,51.0432026]}},{"type":"Feature","id":"water-breaks-1395327f1fff9f3f-1","properties":{"break_date":"1978-01-01T00:00:00.000","break_type":"ABG","status":"RETIRED","communityCodes":["BLN"],"mapPoint":[-114.0603524,51.0432095]},"geometry":{"type":"Point","coordinates":[-114.0603524,51.0432095]}},{"type":"Feature","id":"water-breaks-695fb21965a04dfb-1","properties":{"break_date":"1977-11-01T00:00:00.000","break_type":"A","status":"ACTIVE","communityCodes":["HIL"],"mapPoint":[-114.1026001,51.0491573]},"geometry":{"type":"Point","coordinates":[-114.1026001,51.0491573]}},{"type":"Feature","id":"water-breaks-a0a11017d8ba4ce7-1","properties":{"break_date":"1977-11-01T00:00:00.000","break_type":"A","status":"RETIRED","communityCodes":["HIL"],"mapPoint":[-114.0993192,51.0564499]},"geometry":{"type":"Point","coordinates":[-114.0993192,51.0564499]}},{"type":"Feature","id":"water-breaks-a61669ef07271381-1","properties":{"break_date":"1977-09-01T00:00:00.000","break_type":"CE","status":"RETIRED","communityCodes":["SSD"],"mapPoint":[-114.0730133,51.0606976]},"geometry":{"type":"Point","coordinates":[-114.0730133,51.0606976]}},{"type":"Feature","id":"water-breaks-026a2f400e16a477-1","properties":{"break_date":"1977-03-01T00:00:00.000","break_type":"AC","status":"RETIRED","communityCodes":["HIL"],"mapPoint":[-114.0981447,51.0512056]},"geometry":{"type":"Point","coordinates":[-114.0981447,51.0512056]}},{"type":"Feature","id":"water-breaks-b0fc47d7a1f2a6a3-1","properties":{"break_date":"1977-03-01T00:00:00.000","break_type":"G","status":"RETIRED","communityCodes":["BRD"],"mapPoint":[-114.0482996,51.0509806]},"geometry":{"type":"Point","coordinates":[-114.0482996,51.0509806]}},{"type":"Feature","id":"water-breaks-b2421179075bce12-1","properties":{"break_date":"1977-02-01T00:00:00.000","break_type":"AC","status":"RETIRED","communityCodes":["BRD"],"mapPoint":[-114.0410031,51.0579919]},"geometry":{"type":"Point","coordinates":[-114.0410031,51.0579919]}},{"type":"Feature","id":"water-breaks-0379ea073fcf2591-1","properties":{"break_date":"1976-11-01T00:00:00.000","break_type":"AC","status":"RETIRED","communityCodes":["BRD"],"mapPoint":[-114.0482997,51.0529363]},"geometry":{"type":"Point","coordinates":[-114.0482997,51.0529363]}},{"type":"Feature","id":"water-breaks-2cc068244b2fe7d7-1","properties":{"break_date":"1976-10-01T00:00:00.000","break_type":"BC","status":"RETIRED","communityCodes":["BRD"],"mapPoint":[-114.0470817,51.0518044]},"geometry":{"type":"Point","coordinates":[-114.0470817,51.0518044]}},{"type":"Feature","id":"water-breaks-a70118d6188b87b4-1","properties":{"break_date":"1976-09-01T00:00:00.000","break_type":"A","status":"RETIRED","communityCodes":["HIL"],"mapPoint":[-114.0979108,51.0512059]},"geometry":{"type":"Point","coordinates":[-114.0979108,51.0512059]}},{"type":"Feature","id":"water-breaks-82baf60e3223a6ae-1","properties":{"break_date":"1976-08-01T00:00:00.000","break_type":"G","status":"RETIRED","communityCodes":["BRD"],"mapPoint":[-114.0429756,51.0573264]},"geometry":{"type":"Point","coordinates":[-114.0429756,51.0573264]}},{"type":"Feature","id":"water-breaks-1b3cc776bbfc19be-1","properties":{"break_date":"1976-05-01T00:00:00.000","break_type":"G","status":"ACTIVE","communityCodes":["BRD"],"mapPoint":[-114.0429759,51.0571596]},"geometry":{"type":"Point","coordinates":[-114.0429759,51.0571596]}},{"type":"Feature","id":"water-breaks-6c38b70120fa61aa-1","properties":{"break_date":"1976-04-01T00:00:00.000","break_type":"BC","status":"RETIRED","communityCodes":["BRD"],"mapPoint":[-114.0482997,51.0528376]},"geometry":{"type":"Point","coordinates":[-114.0482997,51.0528376]}},{"type":"Feature","id":"water-breaks-c8c9b61863f9f9cd-1","properties":{"break_date":"1976-04-01T00:00:00.000","break_type":"CG","status":"RETIRED","communityCodes":["BRD"],"mapPoint":[-114.0407316,51.0579913]},"geometry":{"type":"Point","coordinates":[-114.0407316,51.0579913]}},{"type":"Feature","id":"water-breaks-37e01205826c32b7-1","properties":{"break_date":"1976-03-31T00:00:00.000","break_type":"A","status":"RETIRED","communityCodes":["HIL"],"mapPoint":[-114.1008196,51.0501785]},"geometry":{"type":"Point","coordinates":[-114.1008196,51.0501785]}},{"type":"Feature","id":"water-breaks-e7c86aca53a8fdef-1","properties":{"break_date":"1976-03-01T00:00:00.000","break_type":"A","status":"RETIRED","communityCodes":["HIL"],"mapPoint":[-114.1009903,51.0512022]},"geometry":{"type":"Point","coordinates":[-114.1009903,51.0512022]}},{"type":"Feature","id":"water-breaks-2733aecf08552f50-1","properties":{"break_date":"1976-01-01T00:00:00.000","break_type":"B","status":"ACTIVE","communityCodes":["SSD"],"mapPoint":[-114.0778109,51.0582837]},"geometry":{"type":"Point","coordinates":[-114.0778109,51.0582837]}},{"type":"Feature","id":"water-breaks-46a7f94b4e6a29eb-1","properties":{"break_date":"1976-01-01T00:00:00.000","break_type":"B","status":"RETIRED","communityCodes":["SSD"],"mapPoint":[-114.0796699,51.0571737]},"geometry":{"type":"Point","coordinates":[-114.0796699,51.0571737]}},{"type":"Feature","id":"water-breaks-6c99dea44b96f838-1","properties":{"break_date":"1975-09-01T00:00:00.000","break_type":"G","status":"ACTIVE","communityCodes":["BLN"],"mapPoint":[-114.0705271,51.0387523]},"geometry":{"type":"Point","coordinates":[-114.0705271,51.0387523]}},{"type":"Feature","id":"water-breaks-71a7d44218192567-1","properties":{"break_date":"1975-08-01T00:00:00.000","break_type":"E","status":"RETIRED","communityCodes":["BLN"],"mapPoint":[-114.0718461,51.0378707]},"geometry":{"type":"Point","coordinates":[-114.0718461,51.0378707]}},{"type":"Feature","id":"water-breaks-4a2843222879fc91-1","properties":{"break_date":"1975-06-01T00:00:00.000","break_type":"E","status":"ACTIVE","communityCodes":["BLN"],"mapPoint":[-114.0814891,51.0438556]},"geometry":{"type":"Point","coordinates":[-114.0814891,51.0438556]}},{"type":"Feature","id":"water-breaks-f0516dc008954689-1","properties":{"break_date":"1975-01-01T00:00:00.000","break_type":"A","status":"RETIRED","communityCodes":["HIL"],"mapPoint":[-114.1006052,51.0512027]},"geometry":{"type":"Point","coordinates":[-114.1006052,51.0512027]}},{"type":"Feature","id":"water-breaks-5cbdf1f542eec622-1","properties":{"break_date":"1975-01-01T00:00:00.000","break_type":"A","status":"RETIRED","communityCodes":["BRD"],"mapPoint":[-114.0366412,51.0570415]},"geometry":{"type":"Point","coordinates":[-114.0366412,51.0570415]}},{"type":"Feature","id":"water-breaks-cf558bcb65b5fa70-1","properties":{"break_date":"1974-12-01T00:00:00.000","break_type":"E","status":"ACTIVE","communityCodes":["BLN"],"mapPoint":[-114.0946569,51.0440315]},"geometry":{"type":"Point","coordinates":[-114.0946569,51.0440315]}},{"type":"Feature","id":"water-breaks-3ea232b1dca34845-1","properties":{"break_date":"1974-11-01T00:00:00.000","break_type":"A","status":"RETIRED","communityCodes":["BLN"],"mapPoint":[-114.0586316,51.0431607]},"geometry":{"type":"Point","coordinates":[-114.0586316,51.0431607]}},{"type":"Feature","id":"water-breaks-d75f8170b519cfad-1","properties":{"break_date":"1974-10-01T00:00:00.000","break_type":"A","status":"RETIRED","communityCodes":["BRD"],"mapPoint":[-114.0482996,51.0530899]},"geometry":{"type":"Point","coordinates":[-114.0482996,51.0530899]}},{"type":"Feature","id":"water-breaks-6e2c9518fcb6c371-1","properties":{"break_date":"1974-07-01T00:00:00.000","break_type":"E","status":"ACTIVE","communityCodes":["HIL"],"mapPoint":[-114.0947061,51.0576133]},"geometry":{"type":"Point","coordinates":[-114.0947061,51.0576133]}},{"type":"Feature","id":"water-breaks-47051197536586ed-1","properties":{"break_date":"1974-06-01T00:00:00.000","break_type":"G","status":"RETIRED","communityCodes":["SSD"],"mapPoint":[-114.0744312,51.060442]},"geometry":{"type":"Point","coordinates":[-114.0744312,51.060442]}},{"type":"Feature","id":"water-breaks-5bf334a0fa0bd823-1","properties":{"break_date":"1974-05-01T00:00:00.000","break_type":"E","status":"RETIRED","communityCodes":["HIL"],"mapPoint":[-114.0978774,51.0544213]},"geometry":{"type":"Point","coordinates":[-114.0978774,51.0544213]}},{"type":"Feature","id":"water-breaks-cc78e97efe1f18b4-1","properties":{"break_date":"1974-02-01T00:00:00.000","break_type":"E","status":"ACTIVE","communityCodes":["HIL"],"mapPoint":[-114.0947051,51.0572321]},"geometry":{"type":"Point","coordinates":[-114.0947051,51.0572321]}},{"type":"Feature","id":"water-breaks-9f0eb0e5f298b1c7-1","properties":{"break_date":"1974-02-01T00:00:00.000","break_type":"D","status":"ACTIVE","communityCodes":["BLN"],"mapPoint":[-114.0670643,51.0396102]},"geometry":{"type":"Point","coordinates":[-114.0670643,51.0396102]}},{"type":"Feature","id":"water-breaks-abb1ec567a4197d7-1","properties":{"break_date":"1973-12-01T00:00:00.000","break_type":"DE","status":"ACTIVE","communityCodes":["SSD"],"mapPoint":[-114.0715952,51.0604264]},"geometry":{"type":"Point","coordinates":[-114.0715952,51.0604264]}},{"type":"Feature","id":"water-breaks-7a71a03a9dce2aba-1","properties":{"break_date":"1973-12-01T00:00:00.000","break_type":"A","status":"RETIRED","communityCodes":["BRD"],"mapPoint":[-114.0401752,51.0579899]},"geometry":{"type":"Point","coordinates":[-114.0401752,51.0579899]}},{"type":"Feature","id":"water-breaks-fc6e80324a6d0bb5-1","properties":{"break_date":"1973-11-01T00:00:00.000","break_type":"A","status":"RETIRED","communityCodes":["BRD"],"mapPoint":[-114.0363107,51.0569626]},"geometry":{"type":"Point","coordinates":[-114.0363107,51.0569626]}},{"type":"Feature","id":"water-breaks-869b16bf27efe86a-1","properties":{"break_date":"1973-08-01T00:00:00.000","break_type":"E","status":"RETIRED","communityCodes":["BLN"],"mapPoint":[-114.0771383,51.0378694]},"geometry":{"type":"Point","coordinates":[-114.0771383,51.0378694]}},{"type":"Feature","id":"water-breaks-ec7e2f09e8932592-1","properties":{"break_date":"1973-04-01T00:00:00.000","break_type":"E","status":"ACTIVE","communityCodes":["BRD"],"mapPoint":[-114.0387986,51.054689]},"geometry":{"type":"Point","coordinates":[-114.0387986,51.054689]}},{"type":"Feature","id":"water-breaks-07d295a8b6ffe660-1","properties":{"break_date":"1973-01-01T00:00:00.000","break_type":"A","status":"RETIRED","communityCodes":["BRD"],"mapPoint":[-114.0363112,51.0569627]},"geometry":{"type":"Point","coordinates":[-114.0363112,51.0569627]}},{"type":"Feature","id":"water-breaks-381b571f8d16f595-1","properties":{"break_date":"1972-09-01T00:00:00.000","break_type":"AC","status":"RETIRED","communityCodes":["BRD"],"mapPoint":[-114.0367252,51.0570572]},"geometry":{"type":"Point","coordinates":[-114.0367252,51.0570572]}},{"type":"Feature","id":"water-breaks-eaaf6d8f381e3a84-1","properties":{"break_date":"1972-05-01T00:00:00.000","break_type":"A","status":"ACTIVE","communityCodes":["HIL"],"mapPoint":[-114.0993158,51.0548567]},"geometry":{"type":"Point","coordinates":[-114.0993158,51.0548567]}},{"type":"Feature","id":"water-breaks-b504b818903b7972-1","properties":{"break_date":"1972-04-01T00:00:00.000","break_type":"D","status":"RETIRED","communityCodes":["BLN"],"mapPoint":[-114.0656072,51.0433107]},"geometry":{"type":"Point","coordinates":[-114.0656072,51.0433107]}},{"type":"Feature","id":"water-breaks-ee960f81c5151940-1","properties":{"break_date":"1972-04-01T00:00:00.000","break_type":"BC","status":"ACTIVE","communityCodes":["HIL"],"mapPoint":[-114.0924904,51.0571191]},"geometry":{"type":"Point","coordinates":[-114.0924904,51.0571191]}},{"type":"Feature","id":"water-breaks-f8027ae5d4966161-1","properties":{"break_date":"1972-02-01T00:00:00.000","break_type":"CE","status":"ACTIVE","communityCodes":["SSD"],"mapPoint":[-114.0626346,51.0538932]},"geometry":{"type":"Point","coordinates":[-114.0626346,51.0538932]}},{"type":"Feature","id":"water-breaks-e2825493c2bef58f-1","properties":{"break_date":"1972-02-01T00:00:00.000","break_type":"F","status":"ACTIVE","communityCodes":["BLN"],"mapPoint":[-114.0722936,51.0426021]},"geometry":{"type":"Point","coordinates":[-114.0722936,51.0426021]}},{"type":"Feature","id":"water-breaks-e150e65123b18ad1-1","properties":{"break_date":"1971-10-01T00:00:00.000","break_type":"AC","status":"RETIRED","communityCodes":["HIL"],"mapPoint":[-114.1010796,51.0512021]},"geometry":{"type":"Point","coordinates":[-114.1010796,51.0512021]}},{"type":"Feature","id":"water-breaks-1b9d84f01042f38d-1","properties":{"break_date":"1971-10-01T00:00:00.000","break_type":"AC","status":"RETIRED","communityCodes":["BRD"],"mapPoint":[-114.0361954,51.0569276]},"geometry":{"type":"Point","coordinates":[-114.0361954,51.0569276]}},{"type":"Feature","id":"water-breaks-beb4ca26ef95e095-1","properties":{"break_date":"1971-10-01T00:00:00.000","break_type":"AC","status":"RETIRED","communityCodes":["BRD"],"mapPoint":[-114.0364748,51.0570053]},"geometry":{"type":"Point","coordinates":[-114.0364748,51.0570053]}},{"type":"Feature","id":"water-breaks-b61652b0a47c4b92-1","properties":{"break_date":"1971-09-01T00:00:00.000","break_type":"E","status":"ACTIVE","communityCodes":["SSD"],"mapPoint":[-114.0782445,51.058025]},"geometry":{"type":"Point","coordinates":[-114.0782445,51.058025]}},{"type":"Feature","id":"water-breaks-747c9a12a428ad55-1","properties":{"break_date":"1971-07-01T00:00:00.000","break_type":"EC","status":"RETIRED","communityCodes":["HIL"],"mapPoint":[-114.0949344,51.0512093]},"geometry":{"type":"Point","coordinates":[-114.0949344,51.0512093]}},{"type":"Feature","id":"water-breaks-fcfb0819842b827c-1","properties":{"break_date":"1971-06-01T00:00:00.000","break_type":"CG","status":"ACTIVE","communityCodes":["BRD"],"mapPoint":[-114.042976,51.0570851]},"geometry":{"type":"Point","coordinates":[-114.042976,51.0570851]}},{"type":"Feature","id":"water-breaks-74cf4b4344f6d0f7-1","properties":{"break_date":"1971-04-01T00:00:00.000","break_type":"A","status":"RETIRED","communityCodes":["BRD"],"mapPoint":[-114.0392539,51.0579894]},"geometry":{"type":"Point","coordinates":[-114.0392539,51.0579894]}},{"type":"Feature","id":"water-breaks-bbaea2f38f77cf96-1","properties":{"break_date":"1971-02-01T00:00:00.000","break_type":"G","status":"RETIRED","communityCodes":["BRD"],"mapPoint":[-114.0383512,51.0580085]},"geometry":{"type":"Point","coordinates":[-114.0383512,51.0580085]}},{"type":"Feature","id":"water-breaks-fa392b71235d8dfe-1","properties":{"break_date":"1971-01-01T00:00:00.000","break_type":"AC","status":"ACTIVE","communityCodes":["HIL"],"mapPoint":[-114.0918012,51.057896]},"geometry":{"type":"Point","coordinates":[-114.0918012,51.057896]}},{"type":"Feature","id":"water-breaks-a1513798a7a65d2a-1","properties":{"break_date":"1970-12-01T00:00:00.000","break_type":"A","status":"ACTIVE","communityCodes":["BLN"],"mapPoint":[-114.0613592,51.0432381]},"geometry":{"type":"Point","coordinates":[-114.0613592,51.0432381]}},{"type":"Feature","id":"water-breaks-293daddd5c7ad3e3-1","properties":{"break_date":"1970-12-01T00:00:00.000","break_type":"E","status":"ACTIVE","communityCodes":["SSD"],"mapPoint":[-114.0798389,51.0570725]},"geometry":{"type":"Point","coordinates":[-114.0798389,51.0570725]}},{"type":"Feature","id":"water-breaks-d708c034327acbed-1","properties":{"break_date":"1970-10-01T00:00:00.000","break_type":"E","status":"ACTIVE","communityCodes":["BRD"],"mapPoint":[-114.0258194,51.0520309]},"geometry":{"type":"Point","coordinates":[-114.0258194,51.0520309]}},{"type":"Feature","id":"water-breaks-76f5b80e31b03928-1","properties":{"break_date":"1970-10-01T00:00:00.000","break_type":"E","status":"ACTIVE","communityCodes":["BLN"],"mapPoint":[-114.0817537,51.0400201]},"geometry":{"type":"Point","coordinates":[-114.0817537,51.0400201]}},{"type":"Feature","id":"water-breaks-19aac372e5d15765-1","properties":{"break_date":"1970-07-01T00:00:00.000","break_type":"E","status":"ACTIVE","communityCodes":["BLN"],"mapPoint":[-114.0813792,51.038181]},"geometry":{"type":"Point","coordinates":[-114.0813792,51.038181]}},{"type":"Feature","id":"water-breaks-4f250cee28449f51-1","properties":{"break_date":"1970-04-01T00:00:00.000","break_type":"E","status":"RETIRED","communityCodes":["HIL"],"mapPoint":[-114.0946532,51.0525578]},"geometry":{"type":"Point","coordinates":[-114.0946532,51.0525578]}},{"type":"Feature","id":"water-breaks-2437b77e0cff3489-1","properties":{"break_date":"1970-03-01T00:00:00.000","break_type":"E","status":"ACTIVE","communityCodes":["SSD"],"mapPoint":[-114.0837799,51.0571767]},"geometry":{"type":"Point","coordinates":[-114.0837799,51.0571767]}},{"type":"Feature","id":"water-breaks-75daf2cb7f76b081-1","properties":{"break_date":"1970-03-01T00:00:00.000","break_type":"A","status":"RETIRED","communityCodes":["BRD"],"mapPoint":[-114.0482999,51.0523658]},"geometry":{"type":"Point","coordinates":[-114.0482999,51.0523658]}},{"type":"Feature","id":"water-breaks-f0c17ba85065e3b8-1","properties":{"break_date":"1970-03-01T00:00:00.000","break_type":"A","status":"RETIRED","communityCodes":["BRD"],"mapPoint":[-114.0391142,51.0579907]},"geometry":{"type":"Point","coordinates":[-114.0391142,51.0579907]}},{"type":"Feature","id":"water-breaks-73ad4b95e3c22545-1","properties":{"break_date":"1970-01-01T00:00:00.000","break_type":"A","status":"RETIRED","communityCodes":["HIL"],"mapPoint":[-114.1011621,51.051202]},"geometry":{"type":"Point","coordinates":[-114.1011621,51.051202]}},{"type":"Feature","id":"water-breaks-4ef0b05f01c08dd0-1","properties":{"break_date":"1969-11-01T00:00:00.000","break_type":"AC","status":"RETIRED","communityCodes":["BRD"],"mapPoint":[-114.0390457,51.0579916]},"geometry":{"type":"Point","coordinates":[-114.0390457,51.0579916]}},{"type":"Feature","id":"water-breaks-2e7fb20544376a40-1","properties":{"break_date":"1969-07-01T00:00:00.000","break_type":"E","status":"ACTIVE","communityCodes":["HIL"],"mapPoint":[-114.0917356,51.0539661]},"geometry":{"type":"Point","coordinates":[-114.0917356,51.0539661]}},{"type":"Feature","id":"water-breaks-728044a9f28b269f-1","properties":{"break_date":"1969-04-01T00:00:00.000","break_type":"A","status":"ACTIVE","communityCodes":["BLN"],"mapPoint":[-114.0619604,51.0432551]},"geometry":{"type":"Point","coordinates":[-114.0619604,51.0432551]}},{"type":"Feature","id":"water-breaks-8b8a78c0edbca9d2-1","properties":{"break_date":"1969-04-01T00:00:00.000","break_type":"E","status":"ACTIVE","communityCodes":["BLN"],"mapPoint":[-114.0607754,51.0436093]},"geometry":{"type":"Point","coordinates":[-114.0607754,51.0436093]}},{"type":"Feature","id":"water-breaks-c7fc9cdf3df5e54d-1","properties":{"break_date":"1969-03-01T00:00:00.000","break_type":"B","status":"ACTIVE","communityCodes":["BRD"],"mapPoint":[-114.0330231,51.0523833]},"geometry":{"type":"Point","coordinates":[-114.0330231,51.0523833]}},{"type":"Feature","id":"water-breaks-57ac2638d38f5494-1","properties":{"break_date":"1969-03-01T00:00:00.000","break_type":"A","status":"ACTIVE","communityCodes":["HIL"],"mapPoint":[-114.0995065,51.0535226]},"geometry":{"type":"Point","coordinates":[-114.0995065,51.0535226]}},{"type":"Feature","id":"water-breaks-95d7e7e774e1d167-1","properties":{"break_date":"1969-02-01T00:00:00.000","break_type":"A","status":"RETIRED","communityCodes":["BRD"],"mapPoint":[-114.0516061,51.0568068]},"geometry":{"type":"Point","coordinates":[-114.0516061,51.0568068]}},{"type":"Feature","id":"water-breaks-b1fb3b1531075b7e-1","properties":{"break_date":"1968-12-01T00:00:00.000","break_type":"A","status":"RETIRED","communityCodes":["BRD"],"mapPoint":[-114.0355346,51.056685]},"geometry":{"type":"Point","coordinates":[-114.0355346,51.056685]}},{"type":"Feature","id":"water-breaks-0c328f04ebcca45d-1","properties":{"break_date":"1968-06-01T00:00:00.000","break_type":"B","status":"ACTIVE","communityCodes":["HIL"],"mapPoint":[-114.0942095,51.0588635]},"geometry":{"type":"Point","coordinates":[-114.0942095,51.0588635]}},{"type":"Feature","id":"water-breaks-3c7d42032a7b9747-1","properties":{"break_date":"1967-11-01T00:00:00.000","break_type":"E","status":"RETIRED","communityCodes":["HIL"],"mapPoint":[-114.0993371,51.0512042]},"geometry":{"type":"Point","coordinates":[-114.0993371,51.0512042]}},{"type":"Feature","id":"water-breaks-24a89fde51b969e7-1","properties":{"break_date":"1967-10-01T00:00:00.000","break_type":"E","status":"ACTIVE","communityCodes":["BRD"],"mapPoint":[-114.0508268,51.0561241]},"geometry":{"type":"Point","coordinates":[-114.0508268,51.0561241]}},{"type":"Feature","id":"water-breaks-297d0c0ae3a497ab-1","properties":{"break_date":"1967-10-01T00:00:00.000","break_type":"A","status":"RETIRED","communityCodes":["HIL"],"mapPoint":[-114.1023822,51.0512006]},"geometry":{"type":"Point","coordinates":[-114.1023822,51.0512006]}},{"type":"Feature","id":"water-breaks-be2dfe2d1bba855e-1","properties":{"break_date":"1967-08-01T00:00:00.000","break_type":"D","status":"ACTIVE","communityCodes":["BLN"],"mapPoint":[-114.0741517,51.0413741]},"geometry":{"type":"Point","coordinates":[-114.0741517,51.0413741]}},{"type":"Feature","id":"water-breaks-214e73308873f784-1","properties":{"break_date":"1967-08-01T00:00:00.000","break_type":"D","status":"ACTIVE","communityCodes":["BLN"],"mapPoint":[-114.0486835,51.0419275]},"geometry":{"type":"Point","coordinates":[-114.0486835,51.0419275]}},{"type":"Feature","id":"water-breaks-ff1cf09d77e51dd1-1","properties":{"break_date":"1967-06-01T00:00:00.000","break_type":"A","status":"RETIRED","communityCodes":["BRD"],"mapPoint":[-114.037133,51.057109]},"geometry":{"type":"Point","coordinates":[-114.037133,51.057109]}},{"type":"Feature","id":"water-breaks-067a3ea6f320b818-1","properties":{"break_date":"1967-02-01T00:00:00.000","break_type":"E","status":"ACTIVE","communityCodes":["HIL"],"mapPoint":[-114.0946979,51.0616255]},"geometry":{"type":"Point","coordinates":[-114.0946979,51.0616255]}},{"type":"Feature","id":"water-breaks-02b176fee0ff7803-1","properties":{"break_date":"1966-12-01T00:00:00.000","break_type":"E","status":"RETIRED","communityCodes":["BLN"],"mapPoint":[-114.0772701,51.0378694]},"geometry":{"type":"Point","coordinates":[-114.0772701,51.0378694]}},{"type":"Feature","id":"water-breaks-5333c91d07b71a46-1","properties":{"break_date":"1966-07-01T00:00:00.000","break_type":"E","status":"ACTIVE","communityCodes":["BRD"],"mapPoint":[-114.0326928,51.0523825]},"geometry":{"type":"Point","coordinates":[-114.0326928,51.0523825]}},{"type":"Feature","id":"water-breaks-f8463432ea2bd230-1","properties":{"break_date":"1966-06-01T00:00:00.000","break_type":"E","status":"ACTIVE","communityCodes":["HIL"],"mapPoint":[-114.0946964,51.0526495]},"geometry":{"type":"Point","coordinates":[-114.0946964,51.0526495]}},{"type":"Feature","id":"water-breaks-658be0609b5e2687-1","properties":{"break_date":"1966-05-01T00:00:00.000","break_type":"E","status":"ACTIVE","communityCodes":["HIL"],"mapPoint":[-114.0963257,51.0590146]},"geometry":{"type":"Point","coordinates":[-114.0963257,51.0590146]}},{"type":"Feature","id":"water-breaks-adf448efce91adf8-1","properties":{"break_date":"1966-03-01T00:00:00.000","break_type":"B","status":"ACTIVE","communityCodes":["BLN"],"mapPoint":[-114.0578769,51.0403013]},"geometry":{"type":"Point","coordinates":[-114.0578769,51.0403013]}},{"type":"Feature","id":"water-breaks-982ed50ae35cbb85-1","properties":{"break_date":"1966-03-01T00:00:00.000","break_type":"E","status":"ACTIVE","communityCodes":["HIL"],"mapPoint":[-114.0946959,51.0527183]},"geometry":{"type":"Point","coordinates":[-114.0946959,51.0527183]}},{"type":"Feature","id":"water-breaks-f0fcbd1e1a168a70-1","properties":{"break_date":"1966-01-01T00:00:00.000","break_type":"E","status":"ACTIVE","communityCodes":["BLN"],"mapPoint":[-114.0508055,51.0391526]},"geometry":{"type":"Point","coordinates":[-114.0508055,51.0391526]}},{"type":"Feature","id":"water-breaks-366468647711b6ec-1","properties":{"break_date":"1966-01-01T00:00:00.000","break_type":"E","status":"ACTIVE","communityCodes":["SSD"],"mapPoint":[-114.0632766,51.0545448]},"geometry":{"type":"Point","coordinates":[-114.0632766,51.0545448]}},{"type":"Feature","id":"water-breaks-d111885a2dc81078-1","properties":{"break_date":"1966-01-01T00:00:00.000","break_type":"A","status":"RETIRED","communityCodes":["HIL"],"mapPoint":[-114.0993207,51.0571519]},"geometry":{"type":"Point","coordinates":[-114.0993207,51.0571519]}},{"type":"Feature","id":"water-breaks-134ba12a6883f3de-1","properties":{"break_date":"1965-12-01T00:00:00.000","break_type":"A","status":"RETIRED","communityCodes":["BLN"],"mapPoint":[-114.0775825,51.0389521]},"geometry":{"type":"Point","coordinates":[-114.0775825,51.0389521]}},{"type":"Feature","id":"water-breaks-5abc00860e45b6b1-1","properties":{"break_date":"1965-11-01T00:00:00.000","break_type":"A","status":"RETIRED","communityCodes":["BRD"],"mapPoint":[-114.0360168,51.0568656]},"geometry":{"type":"Point","coordinates":[-114.0360168,51.0568656]}},{"type":"Feature","id":"water-breaks-7cea7c9fe6a13d8d-1","properties":{"break_date":"1965-10-01T00:00:00.000","break_type":"E","status":"RETIRED","communityCodes":["BRD"],"mapPoint":[-114.0365869,51.0570305]},"geometry":{"type":"Point","coordinates":[-114.0365869,51.0570305]}},{"type":"Feature","id":"water-breaks-6650252ac5fa2cc4-1","properties":{"break_date":"1965-10-01T00:00:00.000","break_type":"E","status":"ACTIVE","communityCodes":["SSD"],"mapPoint":[-114.078199,51.0583561]},"geometry":{"type":"Point","coordinates":[-114.078199,51.0583561]}},{"type":"Feature","id":"water-breaks-477d519a39b30fa5-1","properties":{"break_date":"1965-10-01T00:00:00.000","break_type":"E","status":"RETIRED","communityCodes":["BRD"],"mapPoint":[-114.0364316,51.0569947]},"geometry":{"type":"Point","coordinates":[-114.0364316,51.0569947]}},{"type":"Feature","id":"water-breaks-9517b63c41cbed95-1","properties":{"break_date":"1965-07-01T00:00:00.000","break_type":"A","status":"ACTIVE","communityCodes":["BRD"],"mapPoint":[-114.0516561,51.0530089]},"geometry":{"type":"Point","coordinates":[-114.0516561,51.0530089]}},{"type":"Feature","id":"water-breaks-fef828b2295a03d5-1","properties":{"break_date":"1965-07-01T00:00:00.000","break_type":"G","status":"RETIRED","communityCodes":["SSD"],"mapPoint":[-114.0755196,51.0611182]},"geometry":{"type":"Point","coordinates":[-114.0755196,51.0611182]}},{"type":"Feature","id":"water-breaks-78c636189a2d2323-1","properties":{"break_date":"1965-05-01T00:00:00.000","break_type":"E","status":"ACTIVE","communityCodes":["HIL"],"mapPoint":[-114.0947073,51.0579538]},"geometry":{"type":"Point","coordinates":[-114.0947073,51.0579538]}},{"type":"Feature","id":"water-breaks-2f310e3a1126b3ce-1","properties":{"break_date":"1965-04-01T00:00:00.000","break_type":"A","status":"RETIRED","communityCodes":["HIL"],"mapPoint":[-114.1012893,51.0512019]},"geometry":{"type":"Point","coordinates":[-114.1012893,51.0512019]}},{"type":"Feature","id":"water-breaks-4d9a075554c49577-1","properties":{"break_date":"1965-03-01T00:00:00.000","break_type":"E","status":"ACTIVE","communityCodes":["BRD"],"mapPoint":[-114.0257218,51.0521431]},"geometry":{"type":"Point","coordinates":[-114.0257218,51.0521431]}},{"type":"Feature","id":"water-breaks-4eaf3a41bad363c4-1","properties":{"break_date":"1964-12-01T00:00:00.000","break_type":"A","status":"ACTIVE","communityCodes":["BRD"],"mapPoint":[-114.0488105,51.0528232]},"geometry":{"type":"Point","coordinates":[-114.0488105,51.0528232]}},{"type":"Feature","id":"water-breaks-e7a8df1726428fbd-1","properties":{"break_date":"1964-11-01T00:00:00.000","break_type":"A","status":"ACTIVE","communityCodes":["BLN"],"mapPoint":[-114.0643064,51.0385782]},"geometry":{"type":"Point","coordinates":[-114.0643064,51.0385782]}},{"type":"Feature","id":"water-breaks-43ba0706b4f62156-1","properties":{"break_date":"1964-10-01T00:00:00.000","break_type":"A","status":"RETIRED","communityCodes":["HIL"],"mapPoint":[-114.1022241,51.0512008]},"geometry":{"type":"Point","coordinates":[-114.1022241,51.0512008]}},{"type":"Feature","id":"water-breaks-6653c13a47904e4c-1","properties":{"break_date":"1964-05-01T00:00:00.000","break_type":"D","status":"ACTIVE","communityCodes":["BLN"],"mapPoint":[-114.07164,51.0440709]},"geometry":{"type":"Point","coordinates":[-114.07164,51.0440709]}},{"type":"Feature","id":"water-breaks-5e6a6b82bbb4dc2d-1","properties":{"break_date":"1964-02-01T00:00:00.000","break_type":"CG","status":"RETIRED","communityCodes":["SSD"],"mapPoint":[-114.073295,51.0611208]},"geometry":{"type":"Point","coordinates":[-114.073295,51.0611208]}},{"type":"Feature","id":"water-breaks-0ce7dde4759d39e5-1","properties":{"break_date":"1963-12-01T00:00:00.000","break_type":"E","status":"ACTIVE","communityCodes":["HIL"],"mapPoint":[-114.0860414,51.0589315]},"geometry":{"type":"Point","coordinates":[-114.0860414,51.0589315]}},{"type":"Feature","id":"water-breaks-e2bc02e3d14a9a78-1","properties":{"break_date":"1963-06-01T00:00:00.000","break_type":"B","status":"ACTIVE","communityCodes":["BLN"],"mapPoint":[-114.0745459,51.0417862]},"geometry":{"type":"Point","coordinates":[-114.0745459,51.0417862]}},{"type":"Feature","id":"water-breaks-73f89e5b8e75ca88-1","properties":{"break_date":"1963-06-01T00:00:00.000","break_type":"A","status":"RETIRED","communityCodes":["HIL"],"mapPoint":[-114.099321,51.0573148]},"geometry":{"type":"Point","coordinates":[-114.099321,51.0573148]}},{"type":"Feature","id":"water-breaks-eb2f110cc9dbdf7d-1","properties":{"break_date":"1963-05-01T00:00:00.000","break_type":"A","status":"ACTIVE","communityCodes":["HIL"],"mapPoint":[-114.1024219,51.0538767]},"geometry":{"type":"Point","coordinates":[-114.1024219,51.0538767]}},{"type":"Feature","id":"water-breaks-f94e97c91fa2f665-1","properties":{"break_date":"1962-11-01T00:00:00.000","break_type":"E","status":"RETIRED","communityCodes":["BRD"],"mapPoint":[-114.0456368,51.0571667]},"geometry":{"type":"Point","coordinates":[-114.0456368,51.0571667]}},{"type":"Feature","id":"water-breaks-5e29144254d2e903-1","properties":{"break_date":"1961-12-01T00:00:00.000","break_type":"A","status":"ACTIVE","communityCodes":["BRD"],"mapPoint":[-114.0389892,51.0568451]},"geometry":{"type":"Point","coordinates":[-114.0389892,51.0568451]}},{"type":"Feature","id":"water-breaks-44e208ce0202c890-1","properties":{"break_date":"1961-08-01T00:00:00.000","break_type":"A","status":"ACTIVE","communityCodes":["BRD"],"mapPoint":[-114.0492919,51.0528232]},"geometry":{"type":"Point","coordinates":[-114.0492919,51.0528232]}},{"type":"Feature","id":"water-breaks-a7bdfa072e5d314c-1","properties":{"break_date":"1959-12-01T00:00:00.000","break_type":"A","status":"ACTIVE","communityCodes":["BLN"],"mapPoint":[-114.0584494,51.0403175]},"geometry":{"type":"Point","coordinates":[-114.0584494,51.0403175]}},{"type":"Feature","id":"water-breaks-5e32545d79eb9ba2-1","properties":{"break_date":"1959-08-01T00:00:00.000","break_type":"B","status":"ACTIVE","communityCodes":["SSD"],"mapPoint":[-114.0715928,51.0588413]},"geometry":{"type":"Point","coordinates":[-114.0715928,51.0588413]}},{"type":"Feature","id":"water-breaks-2f7bbb8e7f3dface-1","properties":{"break_date":"1957-12-01T00:00:00.000","break_type":"A","status":"RETIRED","communityCodes":["BRD"],"mapPoint":[-114.0385393,51.0580024]},"geometry":{"type":"Point","coordinates":[-114.0385393,51.0580024]}},{"type":"Feature","id":"water-breaks-c82b46ef7a3a0278-1","properties":{"break_date":"1957-06-01T00:00:00.000","break_type":"B","status":"ACTIVE","communityCodes":["BRD"],"mapPoint":[-114.0333363,51.0523842]},"geometry":{"type":"Point","coordinates":[-114.0333363,51.0523842]}},{"type":"Feature","id":"water-breaks-a5d32c93d7ce5efd-1","properties":{"break_date":"1957-03-01T00:00:00.000","break_type":"A","status":"RETIRED","communityCodes":["HIL"],"mapPoint":[-114.0993202,51.0569298]},"geometry":{"type":"Point","coordinates":[-114.0993202,51.0569298]}},{"type":"Feature","id":"water-breaks-28f287c871f3304c-1","properties":{"break_date":"1956-11-01T00:00:00.000","break_type":"A","status":"ACTIVE","communityCodes":["HIL"],"mapPoint":[-114.0920442,51.0588748]},"geometry":{"type":"Point","coordinates":[-114.0920442,51.0588748]}},{"type":"Feature","id":"water-breaks-ecb4dcc09b98e73d-1","properties":{"break_date":"1956-11-01T00:00:00.000","break_type":"A","status":"RETIRED","communityCodes":["HIL"],"mapPoint":[-114.1014268,51.0512017]},"geometry":{"type":"Point","coordinates":[-114.1014268,51.0512017]}},{"type":"Feature","id":"water-breaks-ca3329f8fda4604b-1","properties":{"break_date":"1956-03-01T00:00:00.000","break_type":"E","status":"RETIRED","communityCodes":["BLN"],"mapPoint":[-114.0796777,51.0378688]},"geometry":{"type":"Point","coordinates":[-114.0796777,51.0378688]}}]}